,0,1
1338_canada,0.32972962,0.6702704
173_ile-de-france,0.3297299,0.67027
268_sudan,0.7036842,0.29631582
29838_geowiki-landcover-2017,0.45185375,0.54814625
11053_geowiki-landcover-2017,0.5621702,0.43782982
14551_geowiki-landcover-2017,0.57746345,0.42253658
1826_rwanda-ceo,0.68092614,0.31907383
4826_croplands,0.32973367,0.67026633
3104_geowiki-landcover-2017,0.5621711,0.43782893
1319_mali-helmets-labelling-crops,0.56216866,0.4378313
6618_geowiki-landcover-2017,0.451854,0.548146
4125_geowiki-landcover-2017,0.57807505,0.42192498
673_croplands,0.45185456,0.5481455
3495_geowiki-landcover-2017,0.43382898,0.56617105
16048_geowiki-landcover-2017,0.4518541,0.5481459
5413_canada,0.3297299,0.67027
4471_ile-de-france,0.3297312,0.67026883
5172_geowiki-landcover-2017,0.57746255,0.42253742
18244_geowiki-landcover-2017,0.43382895,0.56617105
1461_tanzania-ceo,0.5780753,0.42192474
12536_geowiki-landcover-2017,0.578075,0.421925
5555_geowiki-landcover-2017,0.57807386,0.42192617
2333_kenya-non-crop,0.68092686,0.31907317
3641_ile-de-france,0.32973504,0.67026496
13137_geowiki-landcover-2017,0.5754683,0.4245317
4872_canada,0.3459408,0.65405923
2318_kenya-non-crop,0.56217134,0.43782872
2306_kenya-non-crop,0.5621712,0.43782878
545_ile-de-france,0.45185518,0.5481448
25792_geowiki-landcover-2017,0.5780741,0.4219259
366_croplands,0.5621712,0.43782878
90_mali,0.5621708,0.4378292
2625_central-asia,0.32973135,0.67026865
2027_central-asia,0.45185277,0.54814726
35327_geowiki-landcover-2017,0.5774628,0.42253718
34574_geowiki-landcover-2017,0.32972977,0.6702702
10897_geowiki-landcover-2017,0.5780747,0.42192537
6470_canada,0.32972988,0.6702701
280_lem-brazil,0.32973042,0.67026955
5738_ile-de-france,0.3297306,0.6702694
401_mali-helmets-labelling-crops,0.5621709,0.43782905
1605_canada,0.4518539,0.5481461
34511_geowiki-landcover-2017,0.4338288,0.56617117
21035_geowiki-landcover-2017,0.32977647,0.67022353
623_rwanda-ceo,0.6809254,0.31907457
1702_tanzania-ceo,0.6943262,0.30567375
8009_geowiki-landcover-2017,0.57807475,0.42192528
3803_central-asia,0.3297298,0.67027014
43_germany,0.45185426,0.5481457
3864_canada,0.32972938,0.6702706
23276_geowiki-landcover-2017,0.45185384,0.5481462
4181_canada,0.4518539,0.5481461
3421_canada,0.45185348,0.54814655
27035_geowiki-landcover-2017,0.45185417,0.54814583
1568_canada,0.32973063,0.67026937
33364_geowiki-landcover-2017,0.32973027,0.6702697
5608_geowiki-landcover-2017,0.44983158,0.5501684
6235_canada,0.32972977,0.67027026
215_tanzania,0.578075,0.42192504
1131_canada,0.45185447,0.54814553
3300_geowiki-landcover-2017,0.5621708,0.43782917
23467_geowiki-landcover-2017,0.57807446,0.42192554
4865_canada,0.3297299,0.67027
13_geowiki-landcover-2017,0.57746154,0.4225385
12240_geowiki-landcover-2017,0.5780746,0.42192543
6066_canada,0.32972935,0.6702707
96_geowiki-landcover-2017,0.5780707,0.42192933
1624_germany,0.44886035,0.55113965
3275_rwanda-ceo,0.6809269,0.31907314
4955_ile-de-france,0.45185477,0.54814523
1348_rwanda-ceo,0.5780746,0.42192543
287_sudan,0.56217116,0.4378288
12749_geowiki-landcover-2017,0.45184222,0.54815775
12961_geowiki-landcover-2017,0.451855,0.548145
3876_canada,0.4518539,0.5481461
24525_geowiki-landcover-2017,0.5656807,0.43431926
5720_geowiki-landcover-2017,0.32973036,0.6702696
8972_geowiki-landcover-2017,0.5621695,0.4378305
2591_central-asia,0.3297305,0.6702695
12143_geowiki-landcover-2017,0.4518544,0.54814565
2611_reunion-france,0.45185572,0.5481443
31574_geowiki-landcover-2017,0.6803525,0.3196475
2628_ile-de-france,0.4518557,0.5481443
3226_central-asia,0.32972988,0.6702701
3811_canada,0.45185328,0.5481467
660_tanzania-rice-ecaas,0.45185655,0.54814345
1240_martinique-france,0.5621709,0.43782905
3631_ile-de-france,0.32973087,0.6702691
3000_central-asia,0.32973123,0.6702688
2427_central-asia,0.3297303,0.6702697
27931_geowiki-landcover-2017,0.45185298,0.54814696
20533_geowiki-landcover-2017,0.5780748,0.42192513
3712_central-asia,0.32972988,0.6702701
1587_kenya-non-crop,0.45235375,0.5476462
1124_canada,0.45185298,0.548147
22_rwanda-ceo,0.57807523,0.4219248
3036_canada,0.5774633,0.4225367
2510_reunion-france,0.57807374,0.42192632
445_mali-helmets-labelling-crops,0.56212527,0.43787476
5143_canada,0.4518542,0.54814583
211_reunion-france,0.45185417,0.54814583
1743_martinique-france,0.5621715,0.43782848
15214_geowiki-landcover-2017,0.56217146,0.43782857
10528_geowiki-landcover-2017,0.45185366,0.54814637
817_croplands,0.578075,0.42192504
15401_geowiki-landcover-2017,0.5621723,0.4378277
33019_geowiki-landcover-2017,0.6809271,0.31907284
1600_rwanda-ceo,0.6809267,0.3190733
254_ethiopia,0.68092763,0.31907237
1630_germany,0.3297302,0.67026985
628_togo,0.56217164,0.43782842
34855_geowiki-landcover-2017,0.3297296,0.67027044
11118_geowiki-landcover-2017,0.6803798,0.3196202
5512_ile-de-france,0.3297307,0.6702693
28051_geowiki-landcover-2017,0.4518547,0.5481453
733_ethiopia,0.5780746,0.42192537
694_germany,0.32972962,0.6702704
19121_geowiki-landcover-2017,0.32972965,0.6702703
2584_geowiki-landcover-2017,0.56217134,0.43782863
20163_geowiki-landcover-2017,0.3304921,0.66950786
4106_geowiki-landcover-2017,0.45185742,0.5481426
30827_geowiki-landcover-2017,0.3297301,0.67026997
2796_central-asia,0.32973045,0.67026955
43_mali-non-crop,0.56217134,0.43782863
1964_martinique-france,0.5621706,0.4378294
3659_geowiki-landcover-2017,0.5621706,0.43782932
29578_geowiki-landcover-2017,0.4518534,0.5481466
380_martinique-france,0.56217426,0.43782577
694_rwanda-ceo,0.6809279,0.3190721
2035_kenya-non-crop,0.56217146,0.43782854
18_croplands,0.43383232,0.56616765
2951_central-asia,0.32973033,0.6702696
1450_canada,0.4518537,0.54814625
8736_geowiki-landcover-2017,0.5780745,0.42192546
32354_geowiki-landcover-2017,0.32972974,0.67027026
415_canada,0.45185417,0.54814583
15817_geowiki-landcover-2017,0.44988343,0.5501166
23327_geowiki-landcover-2017,0.45185375,0.54814625
1795_ile-de-france,0.32972974,0.67027026
531_central-asia,0.32973158,0.6702684
10771_croplands,0.3297342,0.6702658
5754_ile-de-france,0.4518539,0.5481461
2231_central-asia,0.4518271,0.54817283
28683_geowiki-landcover-2017,0.33193457,0.6680654
20045_geowiki-landcover-2017,0.4498318,0.5501682
8846_croplands,0.45185328,0.5481467
7724_geowiki-landcover-2017,0.5621781,0.43782192
4748_geowiki-landcover-2017,0.5621708,0.43782917
1829_geowiki-landcover-2017,0.56217194,0.43782803
13001_geowiki-landcover-2017,0.6809258,0.31907418
24643_geowiki-landcover-2017,0.5173101,0.4826899
26273_geowiki-landcover-2017,0.68092704,0.31907293
1471_central-asia,0.32973063,0.67026937
1590_germany,0.32972962,0.6702704
3903_geowiki-landcover-2017,0.3297297,0.67027026
25662_geowiki-landcover-2017,0.4518737,0.54812634
27071_geowiki-landcover-2017,0.5621695,0.4378305
34622_geowiki-landcover-2017,0.32973096,0.6702691
2181_geowiki-landcover-2017,0.5774673,0.42253268
1001_ile-de-france,0.32973003,0.67026997
34673_geowiki-landcover-2017,0.45185384,0.5481462
1800_canada,0.45184967,0.5481503
25840_geowiki-landcover-2017,0.57807523,0.42192474
3369_rwanda-ceo,0.5780754,0.42192462
32380_geowiki-landcover-2017,0.4518539,0.54814607
1202_central-asia,0.3297313,0.6702687
3871_central-asia,0.3297301,0.67026997
156_canada,0.45185354,0.5481464
988_mali-helmets-labelling-crops,0.43382892,0.56617105
4036_central-asia,0.3297301,0.67026997
24894_geowiki-landcover-2017,0.45185366,0.54814637
30318_geowiki-landcover-2017,0.4492114,0.5507886
1932_canada,0.45185426,0.5481458
12863_croplands,0.32973012,0.67026985
16126_geowiki-landcover-2017,0.5780746,0.42192543
275_tanzania-rice-ecaas,0.5753483,0.4246517
4000_central-asia,0.3297298,0.67027014
863_germany,0.45185435,0.5481457
2068_central-asia,0.32973385,0.6702662
4985_ile-de-france,0.3297302,0.6702698
25265_geowiki-landcover-2017,0.45185447,0.54814553
5798_croplands,0.32973108,0.6702689
14845_geowiki-landcover-2017,0.44983408,0.5501659
766_togo,0.56217104,0.43782896
18898_geowiki-landcover-2017,0.45185396,0.54814607
8958_geowiki-landcover-2017,0.45212293,0.5478771
2224_geowiki-landcover-2017,0.56217045,0.43782955
1142_germany,0.3297303,0.6702697
2138_croplands,0.32973203,0.67026794
1394_reunion-france,0.6943083,0.30569178
1793_central-asia,0.32975897,0.670241
28121_geowiki-landcover-2017,0.4518544,0.5481456
6663_geowiki-landcover-2017,0.3297305,0.6702695
2455_canada,0.4518537,0.5481463
13159_geowiki-landcover-2017,0.4498266,0.5501734
1299_mali-helmets-labelling-crops,0.5621046,0.4378954
9522_croplands,0.32973018,0.67026985
2058_ile-de-france,0.4518526,0.54814744
16484_geowiki-landcover-2017,0.433829,0.566171
3452_rwanda-ceo,0.578075,0.42192504
472_germany,0.32973003,0.67026997
13500_geowiki-landcover-2017,0.56217134,0.43782863
137_reunion-france,0.5780754,0.42192462
1066_central-asia,0.32973033,0.67026967
925_tanzania-ceo,0.57546896,0.42453104
221_tanzania-ceo,0.5774626,0.42253736
220_germany,0.5774515,0.42254844
4163_central-asia,0.3297299,0.67027
240_kenya,0.68092656,0.31907347
14825_geowiki-landcover-2017,0.7795969,0.22040309
2317_tanzania-ceo,0.694245,0.30575496
8_ethiopia,0.5601601,0.43983987
15571_geowiki-landcover-2017,0.3297354,0.6702646
1574_kenya-non-crop,0.45185456,0.5481455
2014_canada,0.45185354,0.5481464
714_germany,0.45185474,0.5481453
5074_canada,0.3297298,0.67027014
43_reunion-france,0.5780753,0.42192465
18674_geowiki-landcover-2017,0.5780757,0.42192426
15436_geowiki-landcover-2017,0.57807523,0.42192477
1965_kenya-non-crop,0.56217086,0.43782914
16608_geowiki-landcover-2017,0.5621706,0.43782935
2129_croplands,0.45185447,0.54814553
6075_geowiki-landcover-2017,0.45185375,0.54814625
979_germany,0.45185354,0.5481464
2774_central-asia,0.329731,0.670269
27506_geowiki-landcover-2017,0.6809223,0.31907773
1340_reunion-france,0.5780738,0.4219262
412_martinique-france,0.5621716,0.43782842
2327_reunion-france,0.45185393,0.54814607
916_ile-de-france,0.3297303,0.6702697
1370_ile-de-france,0.451854,0.548146
1079_mali-helmets-labelling-crops,0.56216943,0.43783054
28106_geowiki-landcover-2017,0.6943269,0.30567315
1132_central-asia,0.32973108,0.67026895
9265_geowiki-landcover-2017,0.4518557,0.54814434
13719_croplands,0.5621697,0.43783036
2185_tanzania-ceo,0.4518582,0.54814184
1185_martinique-france,0.56217146,0.43782848
1050_germany,0.45185417,0.54814583
4297_canada,0.4518544,0.5481456
4172_canada,0.45185348,0.54814655
16422_geowiki-landcover-2017,0.57805246,0.42194754
2532_canada,0.4518544,0.54814553
8053_geowiki-landcover-2017,0.5774642,0.42253578
198_tanzania-rice-ecaas,0.44983605,0.550164
18805_geowiki-landcover-2017,0.5774587,0.42254138
2543_rwanda-ceo,0.6808968,0.31910318
1275_central-asia,0.45185488,0.5481451
5865_ile-de-france,0.45185518,0.5481448
1181_geowiki-landcover-2017,0.5774613,0.42253876
1579_geowiki-landcover-2017,0.5621714,0.4378286
739_germany,0.45185444,0.54814553
627_rwanda-ceo,0.68093026,0.31906974
1895_geowiki-landcover-2017,0.45185384,0.5481462
26902_geowiki-landcover-2017,0.45185462,0.5481454
2167_germany,0.32973057,0.6702695
3510_croplands,0.44920737,0.55079263
30205_geowiki-landcover-2017,0.4518537,0.54814637
7814_canada,0.45185417,0.54814583
4132_geowiki-landcover-2017,0.5780745,0.4219255
29560_geowiki-landcover-2017,0.56217074,0.4378293
147_reunion-france,0.45185027,0.54814976
1895_tanzania-ceo,0.68092734,0.3190727
2126_reunion-france,0.45185447,0.54814553
5839_canada,0.4518534,0.54814655
3817_geowiki-landcover-2017,0.45183152,0.5481685
1558_kenya-non-crop,0.5621708,0.4378292
214_tanzania-ceo,0.44983262,0.5501674
1979_geowiki-landcover-2017,0.4518546,0.5481454
331_tanzania-ceo,0.5780812,0.42191884
4854_canada,0.4518534,0.54814655
1148_tanzania-ceo,0.7796422,0.22035776
838_tanzania-ceo,0.45185483,0.5481452
6763_croplands,0.44983095,0.55016905
31554_geowiki-landcover-2017,0.4518541,0.5481459
5583_ile-de-france,0.32973084,0.6702692
1243_kenya-non-crop,0.5621709,0.43782905
31043_geowiki-landcover-2017,0.32972962,0.6702704
10882_croplands,0.4338276,0.56617236
755_germany,0.3297301,0.67026997
29080_geowiki-landcover-2017,0.45179823,0.5482018
3600_canada,0.45174468,0.5482553
5240_canada,0.45185262,0.5481474
1707_geowiki-landcover-2017,0.32973525,0.6702647
14363_geowiki-landcover-2017,0.45185396,0.54814607
6051_ile-de-france,0.32973057,0.6702695
28204_geowiki-landcover-2017,0.5621714,0.4378286
78_germany,0.32973078,0.6702692
1339_tanzania-ceo,0.68092656,0.31907347
3615_ile-de-france,0.45185527,0.54814476
2389_rwanda-ceo,0.57807446,0.42192557
2238_germany,0.45185435,0.5481457
1309_geowiki-landcover-2017,0.32973024,0.6702697
1157_togo,0.56217164,0.43782833
4533_croplands,0.44921154,0.55078846
1932_kenya-non-crop,0.6803686,0.3196314
2052_germany,0.32973027,0.6702697
1268_kenya-non-crop,0.5601594,0.4398406
18515_geowiki-landcover-2017,0.45185483,0.5481452
19519_geowiki-landcover-2017,0.4518537,0.54814637
27786_geowiki-landcover-2017,0.5780743,0.42192572
5704_ile-de-france,0.32973057,0.6702695
23143_geowiki-landcover-2017,0.45185348,0.54814655
12255_geowiki-landcover-2017,0.45185438,0.54814565
71_germany,0.45185775,0.54814225
4168_central-asia,0.32972994,0.67027
4707_croplands,0.45185357,0.5481464
6568_canada,0.45185384,0.5481461
23561_geowiki-landcover-2017,0.4492116,0.5507884
1444_rwanda-ceo,0.57807446,0.42192554
10143_croplands,0.32973063,0.67026937
1097_germany,0.4492112,0.55078876
4081_central-asia,0.32972977,0.67027026
2745_rwanda-ceo,0.6943267,0.3056733
2478_ile-de-france,0.32973012,0.67026985
33014_geowiki-landcover-2017,0.56217295,0.43782702
59_uganda,0.6809273,0.31907275
15161_geowiki-landcover-2017,0.56217057,0.43782943
1183_kenya-non-crop,0.6809239,0.3190761
5570_ile-de-france,0.3297296,0.67027044
313_kenya-non-crop,0.68092716,0.3190728
8874_geowiki-landcover-2017,0.5780741,0.42192593
78_mali,0.56216335,0.43783668
17763_geowiki-landcover-2017,0.57807386,0.42192617
209_uganda,0.5601593,0.43984064
1651_germany,0.32973033,0.67026967
108_tanzania-ceo,0.70081306,0.29918697
11287_geowiki-landcover-2017,0.5774626,0.42253736
19652_geowiki-landcover-2017,0.45194316,0.54805684
581_canada,0.45185387,0.5481461
3252_central-asia,0.32972988,0.67027014
31395_geowiki-landcover-2017,0.680379,0.319621
13822_croplands,0.45186186,0.5481382
3072_geowiki-landcover-2017,0.5621708,0.43782917
9203_croplands,0.45185325,0.5481468
3403_canada,0.4518539,0.5481461
2982_canada,0.3297297,0.6702703
4566_ile-de-france,0.3297307,0.6702693
1406_central-asia,0.32973096,0.6702691
81_tanzania-ceo,0.5780741,0.42192593
5765_canada,0.32972962,0.6702704
19716_geowiki-landcover-2017,0.56217057,0.43782943
4374_ile-de-france,0.32973057,0.6702695
2194_ile-de-france,0.57746214,0.4225378
1113_ile-de-france,0.45185497,0.548145
5179_central-asia,0.3297302,0.6702698
1453_geowiki-landcover-2017,0.69432676,0.30567327
15991_geowiki-landcover-2017,0.3297296,0.67027044
28460_geowiki-landcover-2017,0.5621709,0.43782902
30571_geowiki-landcover-2017,0.32972997,0.67027
10620_croplands,0.3297317,0.6702683
2510_geowiki-landcover-2017,0.559547,0.44045296
1733_tanzania-ceo,0.68037856,0.31962144
55_lem-brazil,0.57745564,0.42254436
4159_croplands,0.5621459,0.4378541
217_reunion-france,0.32973462,0.6702653
4685_canada,0.45185336,0.5481466
8514_geowiki-landcover-2017,0.56217104,0.43782896
14962_geowiki-landcover-2017,0.5774632,0.42253676
23077_geowiki-landcover-2017,0.6809602,0.31903982
13082_geowiki-landcover-2017,0.57807225,0.42192775
5142_geowiki-landcover-2017,0.56217104,0.437829
29946_geowiki-landcover-2017,0.45185435,0.5481457
3917_central-asia,0.45185444,0.54814553
9564_croplands,0.45185053,0.54814947
5339_ile-de-france,0.32973024,0.6702698
4873_ile-de-france,0.32973072,0.67026925
10126_geowiki-landcover-2017,0.44983163,0.5501684
4466_croplands,0.45185435,0.5481457
27029_geowiki-landcover-2017,0.3298859,0.67011416
194_ile-de-france,0.32973126,0.6702687
283_germany,0.4518539,0.54814607
33797_geowiki-landcover-2017,0.45185435,0.5481457
7008_geowiki-landcover-2017,0.32972988,0.6702701
2028_rwanda-ceo,0.69432646,0.30567354
1284_geowiki-landcover-2017,0.5780759,0.42192417
28515_geowiki-landcover-2017,0.68038213,0.3196179
4757_canada,0.4492112,0.55078876
421_germany,0.3297303,0.6702697
590_ethiopia,0.578075,0.421925
5518_geowiki-landcover-2017,0.45184648,0.5481535
5358_ile-de-france,0.32972994,0.67027
19326_geowiki-landcover-2017,0.57807434,0.4219257
29438_geowiki-landcover-2017,0.4518535,0.5481465
300_togo,0.5621694,0.4378307
15376_geowiki-landcover-2017,0.56217045,0.43782955
15865_geowiki-landcover-2017,0.57807434,0.42192566
814_lem-brazil,0.57746255,0.42253745
24027_geowiki-landcover-2017,0.57808053,0.42191947
4390_geowiki-landcover-2017,0.57807475,0.42192525
1874_rwanda-ceo,0.57807505,0.42192492
4262_ile-de-france,0.32973105,0.67026895
847_croplands,0.5621706,0.43782935
33829_geowiki-landcover-2017,0.45185435,0.5481457
1186_germany,0.32972968,0.6702703
8119_geowiki-landcover-2017,0.45185402,0.548146
3640_ile-de-france,0.32973078,0.6702692
2289_central-asia,0.4518555,0.54814446
32389_geowiki-landcover-2017,0.45185298,0.548147
14124_geowiki-landcover-2017,0.5780747,0.4219253
20070_geowiki-landcover-2017,0.45185393,0.54814607
130_lem-brazil,0.5774621,0.42253792
1289_tanzania-ceo,0.5754691,0.42453092
14689_geowiki-landcover-2017,0.45186827,0.5481317
8338_geowiki-landcover-2017,0.562171,0.43782902
679_reunion-france,0.57807446,0.42192554
4958_canada,0.32972947,0.6702705
26878_geowiki-landcover-2017,0.45400506,0.54599494
5035_canada,0.32972997,0.67027
2598_canada,0.4518541,0.5481459
181_reunion-france,0.57807535,0.42192465
23605_geowiki-landcover-2017,0.45185354,0.5481464
2249_ile-de-france,0.32973385,0.6702662
20297_geowiki-landcover-2017,0.45185402,0.548146
29275_geowiki-landcover-2017,0.57746303,0.422537
682_martinique-france,0.56217104,0.43782896
25362_geowiki-landcover-2017,0.32972953,0.6702705
6605_canada,0.45185405,0.54814595
664_ethiopia,0.6809247,0.31907526
439_tanzania-rice-ecaas,0.5774639,0.42253605
924_martinique-france,0.56217194,0.43782803
165_reunion-france,0.45185384,0.5481462
338_ethiopia,0.68092734,0.31907266
3458_geowiki-landcover-2017,0.56217086,0.4378291
1141_mali-helmets-labelling-crops,0.4338287,0.5661713
13690_geowiki-landcover-2017,0.57807434,0.42192566
5176_canada,0.45185667,0.5481433
566_martinique-france,0.56217146,0.43782857
4379_croplands,0.45185497,0.54814506
8490_croplands,0.4518537,0.54814625
463_tanzania-ceo,0.5621703,0.4378296
6574_geowiki-landcover-2017,0.6943205,0.30567956
3441_geowiki-landcover-2017,0.43451566,0.56548434
17665_geowiki-landcover-2017,0.45185462,0.5481454
2198_croplands,0.57745254,0.42254746
639_togo,0.5621683,0.43783167
3177_canada,0.32972974,0.67027026
324_geowiki-landcover-2017,0.6809271,0.31907293
2899_rwanda-ceo,0.68084866,0.31915134
10501_geowiki-landcover-2017,0.5780761,0.42192394
4713_ile-de-france,0.45185277,0.54814726
22257_geowiki-landcover-2017,0.4518543,0.5481457
29439_geowiki-landcover-2017,0.56217563,0.43782434
100_sudan,0.4338288,0.56617117
2125_reunion-france,0.45185426,0.5481457
1161_mali-helmets-labelling-crops,0.56217086,0.4378291
14965_croplands,0.57807523,0.42192477
29217_geowiki-landcover-2017,0.4518541,0.5481459
12624_geowiki-landcover-2017,0.45185155,0.5481484
21792_geowiki-landcover-2017,0.5621708,0.43782917
6386_geowiki-landcover-2017,0.45185384,0.5481462
7824_canada,0.4518547,0.5481453
2201_rwanda-ceo,0.57807493,0.42192504
4571_central-asia,0.32974565,0.67025435
662_mali-helmets-labelling-crops,0.56217074,0.43782926
2529_geowiki-landcover-2017,0.56217074,0.43782926
3589_ile-de-france,0.32973132,0.6702687
25140_geowiki-landcover-2017,0.6809269,0.31907308
372_canada,0.45185363,0.54814637
2225_central-asia,0.32973373,0.67026633
1663_geowiki-landcover-2017,0.45185536,0.54814464
68_martinique-france,0.5621727,0.4378273
778_ethiopia,0.7796402,0.22035982
1284_kenya-non-crop,0.6809269,0.31907314
646_lem-brazil,0.45185405,0.54814595
31558_geowiki-landcover-2017,0.32973158,0.6702684
14291_geowiki-landcover-2017,0.57807434,0.4219257
1486_croplands,0.32973003,0.67026997
70_kenya-non-crop,0.68092686,0.3190732
33328_geowiki-landcover-2017,0.45185405,0.548146
755_ile-de-france,0.32973117,0.67026883
416_tanzania-rice-ecaas,0.32973135,0.67026865
12600_geowiki-landcover-2017,0.44983366,0.55016637
2432_ile-de-france,0.32973042,0.67026955
2076_ile-de-france,0.4518535,0.5481465
9914_geowiki-landcover-2017,0.45185456,0.5481455
11249_geowiki-landcover-2017,0.5621706,0.43782935
3244_canada,0.45185333,0.54814667
2537_germany,0.32972965,0.6702703
32560_geowiki-landcover-2017,0.4518537,0.54814637
845_tanzania-ceo,0.5774646,0.42253542
4315_central-asia,0.32974166,0.6702584
25760_geowiki-landcover-2017,0.5780745,0.42192551
2556_canada,0.45185393,0.54814607
230_reunion-france,0.45185465,0.54814535
3175_rwanda-ceo,0.4492122,0.5507878
2550_kenya-non-crop,0.5780754,0.42192462
35380_geowiki-landcover-2017,0.45185405,0.548146
1536_martinique-france,0.56217146,0.43782854
315_ile-de-france,0.45185456,0.5481455
2420_ile-de-france,0.3297307,0.6702693
1952_central-asia,0.32973194,0.67026806
3598_rwanda-ceo,0.7796427,0.22035725
777_germany,0.45179,0.54821
3798_geowiki-landcover-2017,0.56217057,0.43782946
1118_geowiki-landcover-2017,0.57807434,0.4219256
1649_kenya-non-crop,0.7796389,0.22036114
2911_croplands,0.329731,0.67026895
9366_croplands,0.45185477,0.54814523
2310_central-asia,0.32973218,0.6702678
2797_canada,0.32973105,0.67026895
4664_geowiki-landcover-2017,0.56217086,0.43782914
157_canada,0.45185402,0.548146
6175_ile-de-france,0.45185357,0.5481464
131_central-asia,0.32972988,0.67027014
3698_canada,0.32972968,0.6702703
5690_geowiki-landcover-2017,0.577463,0.422537
10598_geowiki-landcover-2017,0.5780746,0.42192543
2195_ile-de-france,0.45185548,0.5481445
13846_geowiki-landcover-2017,0.5780741,0.42192584
766_lem-brazil,0.5774632,0.42253676
1617_geowiki-landcover-2017,0.5780767,0.42192322
26767_geowiki-landcover-2017,0.5780745,0.4219255
9098_geowiki-landcover-2017,0.5621705,0.43782946
13745_geowiki-landcover-2017,0.680899,0.31910095
2553_geowiki-landcover-2017,0.5621718,0.43782818
4717_ile-de-france,0.32973027,0.6702697
30936_geowiki-landcover-2017,0.4518537,0.5481463
2272_ile-de-france,0.32972986,0.67027014
26905_geowiki-landcover-2017,0.57746327,0.42253676
1978_geowiki-landcover-2017,0.45185345,0.54814655
3291_rwanda-ceo,0.5780741,0.4219259
94_martinique-france,0.5621706,0.43782932
3851_canada,0.32973003,0.67026997
2741_reunion-france,0.57807046,0.4219295
3728_geowiki-landcover-2017,0.562157,0.43784302
3075_canada,0.5774632,0.42253676
19113_geowiki-landcover-2017,0.578075,0.42192498
24890_geowiki-landcover-2017,0.56214875,0.43785125
1587_rwanda-ceo,0.5780746,0.42192543
4303_canada,0.32972953,0.6702705
469_rwanda-ceo,0.57807523,0.42192477
6880_canada,0.45184803,0.54815197
34287_geowiki-landcover-2017,0.4518534,0.5481466
6774_croplands,0.5780745,0.42192551
658_togo,0.4338284,0.5661716
5804_geowiki-landcover-2017,0.5780731,0.42192695
1416_geowiki-landcover-2017,0.43382844,0.5661715
7527_geowiki-landcover-2017,0.43382844,0.5661715
6289_canada,0.32972965,0.6702703
1180_martinique-france,0.56216913,0.43783084
4420_geowiki-landcover-2017,0.57807446,0.4219256
9390_croplands,0.5621672,0.43783274
15_ile-de-france,0.32973087,0.67026913
35134_geowiki-landcover-2017,0.5780753,0.42192474
4759_ile-de-france,0.4491382,0.55086184
30411_geowiki-landcover-2017,0.45185447,0.54814553
450_togo,0.56215996,0.43784
20025_geowiki-landcover-2017,0.45185405,0.548146
141_mali-helmets-labelling-crops,0.5621705,0.43782946
1223_ile-de-france,0.3297301,0.67026997
6348_canada,0.32972947,0.6702705
29745_geowiki-landcover-2017,0.4518547,0.54814535
8672_geowiki-landcover-2017,0.5780745,0.42192546
1280_tanzania-ceo,0.44983372,0.55016625
1380_croplands,0.5621719,0.43782818
32095_geowiki-landcover-2017,0.45185456,0.5481454
5205_canada,0.45185304,0.54814696
28729_geowiki-landcover-2017,0.45185384,0.5481462
2893_rwanda-ceo,0.6809284,0.31907156
2760_canada,0.4518536,0.5481464
61_mali-helmets-labelling-crops,0.43382853,0.56617147
200_ethiopia,0.5595419,0.44045815
1027_geowiki-landcover-2017,0.57807446,0.42192554
21685_geowiki-landcover-2017,0.5780745,0.4219255
6489_geowiki-landcover-2017,0.45185363,0.54814637
1071_martinique-france,0.56217164,0.43782842
16784_geowiki-landcover-2017,0.6809268,0.31907323
3748_geowiki-landcover-2017,0.5621706,0.4378294
425_togo,0.56162167,0.43837836
3175_canada,0.4518537,0.54814637
271_lem-brazil,0.45185512,0.5481449
1519_rwanda-ceo,0.6943258,0.30567425
2921_canada,0.45185354,0.5481464
31842_geowiki-landcover-2017,0.45185405,0.54814595
23653_geowiki-landcover-2017,0.68092597,0.31907406
16495_geowiki-landcover-2017,0.5621717,0.43782833
27197_geowiki-landcover-2017,0.56216896,0.43783104
3331_ile-de-france,0.4518542,0.54814583
4740_ile-de-france,0.32973117,0.67026883
2289_tanzania-ceo,0.69432616,0.3056738
33830_geowiki-landcover-2017,0.45185393,0.54814607
11753_croplands,0.56215876,0.43784124
3841_canada,0.32972965,0.6702704
1335_geowiki-landcover-2017,0.6943224,0.3056776
2804_rwanda-ceo,0.578074,0.42192602
6150_ile-de-france,0.32973045,0.6702695
4597_ile-de-france,0.45183882,0.54816115
6681_geowiki-landcover-2017,0.57808423,0.42191574
757_kenya-non-crop,0.68092686,0.31907314
1375_mali-helmets-labelling-crops,0.43385804,0.56614196
3_mali-helmets-labelling-crops,0.5621657,0.4378343
5887_ile-de-france,0.3297307,0.6702693
1325_tanzania-ceo,0.5780753,0.42192468
4372_canada,0.32972988,0.67027014
1940_canada,0.4518544,0.5481456
6870_geowiki-landcover-2017,0.4518546,0.5481454
2973_canada,0.4518544,0.54814565
2095_geowiki-landcover-2017,0.5621696,0.4378304
159_togo,0.5621706,0.4378294
29168_geowiki-landcover-2017,0.45185435,0.5481457
30525_geowiki-landcover-2017,0.57746327,0.4225367
19736_geowiki-landcover-2017,0.56217057,0.43782946
778_mali-helmets-labelling-crops,0.43383193,0.56616807
6006_ile-de-france,0.45185333,0.54814667
1931_central-asia,0.3297315,0.6702685
683_central-asia,0.451854,0.548146
1252_togo,0.5621714,0.4378286
22250_geowiki-landcover-2017,0.57746273,0.4225373
872_croplands,0.4518543,0.5481457
6560_canada,0.4518536,0.5481464
2131_germany,0.32973018,0.67026985
4136_central-asia,0.32972997,0.67027
5183_geowiki-landcover-2017,0.45185205,0.548148
1793_martinique-france,0.56217164,0.43782833
4422_central-asia,0.45185038,0.5481496
18279_geowiki-landcover-2017,0.68092674,0.31907326
9821_geowiki-landcover-2017,0.5780746,0.42192543
739_ile-de-france,0.3297305,0.6702695
14548_geowiki-landcover-2017,0.4518544,0.54814553
992_croplands,0.45095268,0.54904735
6986_geowiki-landcover-2017,0.45185527,0.54814476
1687_ile-de-france,0.32973105,0.67026895
2873_rwanda-ceo,0.57806927,0.4219307
2764_reunion-france,0.6943266,0.30567345
12836_croplands,0.32973024,0.6702698
24869_geowiki-landcover-2017,0.56217104,0.43782896
2603_central-asia,0.3297304,0.6702696
2209_rwanda-ceo,0.6809267,0.31907338
33161_geowiki-landcover-2017,0.32972947,0.6702705
27050_geowiki-landcover-2017,0.45185447,0.54814553
14408_geowiki-landcover-2017,0.57807404,0.421926
2539_central-asia,0.3297304,0.6702696
7551_geowiki-landcover-2017,0.5621708,0.43782917
15907_geowiki-landcover-2017,0.56217104,0.43782896
26106_geowiki-landcover-2017,0.4518538,0.5481462
26886_geowiki-landcover-2017,0.32973033,0.67026967
6984_canada,0.45185348,0.54814655
1980_ile-de-france,0.44920936,0.5507906
3066_central-asia,0.4518469,0.5481531
681_canada,0.4518538,0.5481462
5775_canada,0.32972938,0.67027056
3581_ile-de-france,0.32973254,0.67026746
2672_geowiki-landcover-2017,0.5621711,0.43782887
13579_croplands,0.4518544,0.5481456
6667_canada,0.4518541,0.5481459
5001_geowiki-landcover-2017,0.56217104,0.43782896
30286_geowiki-landcover-2017,0.4518537,0.54814625
29793_geowiki-landcover-2017,0.56217104,0.437829
881_rwanda-ceo,0.6809257,0.3190743
6149_ile-de-france,0.33013663,0.6698634
35311_geowiki-landcover-2017,0.45185438,0.54814565
28610_geowiki-landcover-2017,0.4518539,0.5481461
30549_geowiki-landcover-2017,0.45185402,0.548146
147_canada,0.45185435,0.5481457
471_geowiki-landcover-2017,0.5780738,0.4219262
486_ile-de-france,0.32973057,0.6702694
4857_canada,0.45185313,0.5481469
828_ethiopia,0.68092704,0.31907293
3033_canada,0.57746327,0.4225367
26143_geowiki-landcover-2017,0.77959186,0.22040814
16932_geowiki-landcover-2017,0.5780748,0.42192516
33324_geowiki-landcover-2017,0.45185417,0.54814583
3350_canada,0.45185384,0.5481461
16460_geowiki-landcover-2017,0.5621714,0.43782857
7250_geowiki-landcover-2017,0.5780796,0.42192036
29615_geowiki-landcover-2017,0.45185444,0.54814553
5792_canada,0.45185298,0.5481471
20245_geowiki-landcover-2017,0.68092453,0.3190755
53_central-asia,0.32972977,0.67027026
531_ile-de-france,0.45185512,0.54814494
649_martinique-france,0.56217116,0.4378288
30035_geowiki-landcover-2017,0.56217164,0.43782833
20197_geowiki-landcover-2017,0.451854,0.548146
2673_central-asia,0.3297309,0.6702691
5145_ile-de-france,0.45185438,0.54814565
2728_reunion-france,0.4518548,0.5481452
13094_geowiki-landcover-2017,0.57807237,0.4219276
6955_canada,0.4518537,0.5481463
31368_geowiki-landcover-2017,0.43382844,0.5661716
2227_central-asia,0.3297309,0.6702691
2106_rwanda-ceo,0.44983205,0.550168
4584_ile-de-france,0.3297306,0.6702694
1919_reunion-france,0.5774637,0.42253634
683_tanzania-rice-ecaas,0.4517345,0.5482655
17459_geowiki-landcover-2017,0.43382826,0.56617177
1912_kenya-non-crop,0.77963763,0.2203623
2873_canada,0.45185563,0.5481444
11546_croplands,0.32973,0.67027
713_ile-de-france,0.33147645,0.66852355
10662_geowiki-landcover-2017,0.57807446,0.42192557
1784_reunion-france,0.5780741,0.42192593
23_brazil-non-crop,0.4518538,0.5481462
3964_canada,0.3297301,0.67026997
1803_martinique-france,0.56217283,0.4378272
3758_ile-de-france,0.3297303,0.6702697
34691_geowiki-landcover-2017,0.45185426,0.5481457
13510_geowiki-landcover-2017,0.56216145,0.43783855
4892_croplands,0.3297297,0.67027026
21317_geowiki-landcover-2017,0.56217194,0.43782806
1604_kenya-non-crop,0.7796423,0.22035766
7665_geowiki-landcover-2017,0.5763511,0.42364895
14662_geowiki-landcover-2017,0.5621705,0.43782955
1933_geowiki-landcover-2017,0.4338313,0.5661687
26315_geowiki-landcover-2017,0.43382886,0.56617117
20198_geowiki-landcover-2017,0.57807505,0.42192498
779_tanzania-rice-ecaas,0.45185506,0.548145
26993_geowiki-landcover-2017,0.45186806,0.54813194
8647_geowiki-landcover-2017,0.56217086,0.43782914
3847_central-asia,0.32973003,0.67026997
699_mali-helmets-labelling-crops,0.56217086,0.43782914
7850_geowiki-landcover-2017,0.6809257,0.3190743
2338_kenya-non-crop,0.6809267,0.3190733
9201_croplands,0.3297337,0.67026633
1606_ile-de-france,0.45185393,0.54814607
25918_geowiki-landcover-2017,0.5621704,0.43782958
3166_rwanda-ceo,0.680927,0.319073
2327_germany,0.45185408,0.5481459
2161_rwanda-ceo,0.45186934,0.54813063
5198_ile-de-france,0.32973033,0.67026967
1472_central-asia,0.45185477,0.5481453
1272_rwanda-ceo,0.6809268,0.31907323
1469_geowiki-landcover-2017,0.57807535,0.42192465
33465_geowiki-landcover-2017,0.45185408,0.5481459
4861_central-asia,0.32973406,0.6702659
1084_germany,0.45196328,0.54803675
173_kenya-non-crop,0.67959845,0.32040152
532_germany,0.3297634,0.6702366
3890_geowiki-landcover-2017,0.45185435,0.5481457
6451_canada,0.32973,0.67026997
33215_geowiki-landcover-2017,0.4518542,0.54814583
1475_croplands,0.32973018,0.67026985
31322_geowiki-landcover-2017,0.45185447,0.54814553
2607_ile-de-france,0.32972986,0.67027014
249_sudan,0.6786031,0.32139692
1343_reunion-france,0.57807183,0.42192817
13_togo,0.5621709,0.43782905
4515_geowiki-landcover-2017,0.49172288,0.50827706
1332_germany,0.44921136,0.55078864
4463_canada,0.32973024,0.6702698
444_tanzania-rice-ecaas,0.57745343,0.42254654
19523_geowiki-landcover-2017,0.6809164,0.31908354
6_geowiki-landcover-2017,0.57745355,0.42254648
266_kenya,0.68092585,0.31907415
1948_tanzania-ceo,0.45185316,0.54814684
191_germany,0.32973,0.67026997
50_mali-non-crop,0.43382913,0.5661709
15_tanzania-ceo,0.69432586,0.3056742
35109_geowiki-landcover-2017,0.4338412,0.56615883
3822_central-asia,0.32973057,0.6702695
90_mali-non-crop,0.5621709,0.43782905
5964_canada,0.32973164,0.67026836
32763_geowiki-landcover-2017,0.45185405,0.54814595
137_mali-helmets-labelling-crops,0.5621709,0.43782908
7657_canada,0.4518537,0.5481463
1282_reunion-france,0.45190012,0.5480999
987_croplands,0.32973003,0.67026997
32890_geowiki-landcover-2017,0.5621714,0.43782863
856_togo,0.5621708,0.4378292
1485_ile-de-france,0.3297298,0.67027014
29526_geowiki-landcover-2017,0.45185408,0.5481459
5483_canada,0.32972977,0.6702702
424_martinique-france,0.5621712,0.43782878
1543_canada,0.32972974,0.67027026
674_canada,0.45185402,0.548146
5096_canada,0.32973194,0.67026806
6526_canada,0.32973012,0.67026985
2519_germany,0.45185405,0.548146
1058_kenya-non-crop,0.68092626,0.3190737
2410_geowiki-landcover-2017,0.5621708,0.43782917
32451_geowiki-landcover-2017,0.5774625,0.42253748
16945_geowiki-landcover-2017,0.45358488,0.5464151
278_togo,0.4338288,0.5661712
1715_martinique-france,0.68092746,0.31907257
3896_central-asia,0.45185426,0.5481458
6486_geowiki-landcover-2017,0.57746166,0.42253834
1126_mali-helmets-labelling-crops,0.5621705,0.43782955
1773_central-asia,0.32973027,0.6702697
5826_ile-de-france,0.32973033,0.67026967
27799_geowiki-landcover-2017,0.57807326,0.42192674
883_togo,0.5621704,0.43782955
8_kenya,0.68092555,0.31907442
200_tanzania-ceo,0.6943259,0.30567402
3310_canada,0.56195956,0.43804044
13270_geowiki-landcover-2017,0.5621709,0.43782902
715_geowiki-landcover-2017,0.45184866,0.5481514
3062_central-asia,0.32973218,0.6702678
88_kenya,0.6809268,0.31907323
728_tanzania-rice-ecaas,0.45185563,0.5481444
1095_germany,0.32973143,0.67026854
831_geowiki-landcover-2017,0.44921893,0.5507811
23852_geowiki-landcover-2017,0.57807446,0.42192554
4978_canada,0.32972997,0.67027
25208_geowiki-landcover-2017,0.5621708,0.43782923
2232_kenya-non-crop,0.5621711,0.43782893
165_martinique-france,0.56217164,0.43782842
634_ile-de-france,0.3297305,0.6702695
1391_reunion-france,0.69432545,0.30567452
2882_central-asia,0.32973155,0.6702684
1515_martinique-france,0.56217074,0.43782932
7674_canada,0.3297619,0.67023814
1935_rwanda-ceo,0.77964264,0.22035734
951_mali-helmets-labelling-crops,0.4338296,0.5661704
1805_kenya-non-crop,0.7796423,0.22035773
3754_central-asia,0.32973,0.67027
4002_canada,0.45185375,0.54814625
13054_geowiki-landcover-2017,0.5601595,0.4398405
3483_central-asia,0.32972988,0.6702701
358_kenya-non-crop,0.44983312,0.5501669
3524_rwanda-ceo,0.77964264,0.22035734
1438_croplands,0.45185438,0.54814565
2342_ile-de-france,0.3297307,0.6702693
11041_croplands,0.4518556,0.5481444
8668_geowiki-landcover-2017,0.4515797,0.54842025
2367_canada,0.4518536,0.5481464
671_reunion-france,0.57807434,0.4219256
968_reunion-france,0.45185477,0.54814523
192_togo,0.5621712,0.43782875
1982_reunion-france,0.6943264,0.30567357
3413_ile-de-france,0.32973227,0.6702677
9965_geowiki-landcover-2017,0.68036574,0.31963426
22733_geowiki-landcover-2017,0.45185405,0.548146
4503_canada,0.3297301,0.67026997
5520_geowiki-landcover-2017,0.45185354,0.5481464
20450_geowiki-landcover-2017,0.5780747,0.4219253
2756_canada,0.32972988,0.6702701
16303_geowiki-landcover-2017,0.56216997,0.43783
548_germany,0.32973015,0.67026985
106_togo,0.5621696,0.4378304
3101_canada,0.45185405,0.54814595
33852_geowiki-landcover-2017,0.4518538,0.5481462
1042_central-asia,0.44921136,0.55078864
650_tanzania-rice-ecaas,0.32973158,0.6702684
34069_geowiki-landcover-2017,0.45185408,0.5481459
21448_geowiki-landcover-2017,0.69432634,0.30567363
314_sudan,0.56217116,0.43782884
5083_canada,0.32972986,0.67027014
4387_croplands,0.45185465,0.54814535
1986_rwanda-ceo,0.6943266,0.30567342
988_geowiki-landcover-2017,0.5780729,0.42192712
13841_geowiki-landcover-2017,0.6809127,0.31908733
2141_geowiki-landcover-2017,0.5621704,0.4378296
217_croplands,0.3297307,0.6702693
27189_geowiki-landcover-2017,0.4338381,0.5661619
6666_canada,0.45185405,0.548146
401_ile-de-france,0.3297302,0.67026985
666_canada,0.45185375,0.54814625
7298_canada,0.32972953,0.6702705
31425_geowiki-landcover-2017,0.4518547,0.54814535
247_tanzania-ceo,0.4518544,0.5481456
258_kenya-non-crop,0.77964115,0.22035886
10828_geowiki-landcover-2017,0.56217074,0.43782926
231_kenya-non-crop,0.68092746,0.31907254
3024_canada,0.5774633,0.42253664
6755_croplands,0.44983062,0.55016935
100_uganda,0.56015944,0.4398406
723_martinique-france,0.5621706,0.43782932
3140_canada,0.3297301,0.67026997
156_central-asia,0.32973084,0.67026913
21443_geowiki-landcover-2017,0.45185396,0.54814607
6229_canada,0.44922152,0.5507785
6831_geowiki-landcover-2017,0.4518537,0.54814637
4286_canada,0.451854,0.548146
804_reunion-france,0.5780746,0.42192546
32219_geowiki-landcover-2017,0.45185453,0.5481455
1721_rwanda-ceo,0.68092716,0.31907284
397_canada,0.45185354,0.5481464
24581_geowiki-landcover-2017,0.45185435,0.54814565
194_martinique-france,0.56217176,0.43782818
2799_rwanda-ceo,0.69432616,0.3056738
711_germany,0.45185438,0.54814565
785_tanzania-rice-ecaas,0.4518746,0.54812545
234_tanzania-rice-ecaas,0.44982907,0.55017096
2307_tanzania-ceo,0.57746285,0.42253718
30580_geowiki-landcover-2017,0.4518539,0.5481461
6896_geowiki-landcover-2017,0.32972938,0.6702706
867_reunion-france,0.57807505,0.42192498
2304_martinique-france,0.5621722,0.43782783
4140_geowiki-landcover-2017,0.57743317,0.42256686
16912_geowiki-landcover-2017,0.57745534,0.4225447
2078_rwanda-ceo,0.57807493,0.42192504
4426_ile-de-france,0.32972986,0.67027014
34867_geowiki-landcover-2017,0.4518549,0.5481451
9526_croplands,0.32973593,0.67026407
12446_geowiki-landcover-2017,0.45185444,0.54814553
7406_geowiki-landcover-2017,0.32973588,0.6702642
1720_canada,0.32972977,0.67027026
9457_geowiki-landcover-2017,0.5780679,0.4219321
934_kenya-non-crop,0.6809263,0.31907365
29521_geowiki-landcover-2017,0.45185497,0.54814506
2370_reunion-france,0.4518591,0.5481409
305_ethiopia,0.7796409,0.22035912
253_ile-de-france,0.45185435,0.54814565
22209_geowiki-landcover-2017,0.32972983,0.67027014
237_tanzania,0.32973626,0.6702637
862_central-asia,0.32973158,0.6702684
7129_geowiki-landcover-2017,0.5780749,0.42192513
2194_reunion-france,0.57807505,0.4219249
1345_mali-helmets-labelling-crops,0.5621709,0.4378291
5325_geowiki-landcover-2017,0.32972938,0.67027056
824_martinique-france,0.56217206,0.43782791
1032_reunion-france,0.5780748,0.42192522
625_tanzania-rice-ecaas,0.45185465,0.54814535
1712_canada,0.4518535,0.5481465
1082_central-asia,0.32973117,0.67026883
868_central-asia,0.57746226,0.4225377
3504_central-asia,0.32972988,0.6702701
7191_geowiki-landcover-2017,0.44983196,0.55016804
3793_central-asia,0.32973063,0.67026937
857_tanzania-ceo,0.6943246,0.30567542
388_sudan,0.56217057,0.43782943
2440_canada,0.32976,0.67024
2241_ile-de-france,0.57746303,0.42253697
1199_martinique-france,0.5621738,0.4378262
2541_ile-de-france,0.3297301,0.67026997
2106_canada,0.45185384,0.5481462
4437_croplands,0.32973528,0.6702647
12164_geowiki-landcover-2017,0.5780748,0.42192522
7874_geowiki-landcover-2017,0.56217074,0.43782926
3354_central-asia,0.3297298,0.67027014
669_tanzania-rice-ecaas,0.44921392,0.55078614
54_kenya,0.6809262,0.31907377
58_mali-helmets-labelling-crops,0.56216687,0.43783316
10349_geowiki-landcover-2017,0.56217057,0.43782946
1198_mali-helmets-labelling-crops,0.43382874,0.5661712
1186_central-asia,0.32973152,0.6702684
370_reunion-france,0.3297314,0.6702686
34686_geowiki-landcover-2017,0.451854,0.548146
568_martinique-france,0.56217134,0.43782863
1763_martinique-france,0.5621725,0.4378275
27257_geowiki-landcover-2017,0.32973212,0.67026794
4361_canada,0.32974303,0.670257
1162_mali-helmets-labelling-crops,0.4338288,0.5661712
25358_geowiki-landcover-2017,0.45185354,0.5481464
1293_central-asia,0.32973015,0.67026985
817_mali-helmets-labelling-crops,0.4338607,0.56613934
889_ile-de-france,0.32972988,0.6702701
4040_central-asia,0.45185363,0.54814637
32998_geowiki-landcover-2017,0.32973078,0.6702692
2169_reunion-france,0.69432694,0.3056731
841_geowiki-landcover-2017,0.44983372,0.5501663
8870_geowiki-landcover-2017,0.4518557,0.54814434
1042_geowiki-landcover-2017,0.5621702,0.43782976
2664_rwanda-ceo,0.69432664,0.30567333
14537_geowiki-landcover-2017,0.57807153,0.42192844
4327_croplands,0.32973048,0.6702695
1069_mali-helmets-labelling-crops,0.43382913,0.5661709
892_mali-helmets-labelling-crops,0.4338288,0.56617117
1185_rwanda-ceo,0.449832,0.550168
16577_geowiki-landcover-2017,0.5621709,0.4378291
2239_ile-de-france,0.45185477,0.5481453
21115_geowiki-landcover-2017,0.45185456,0.5481455
4913_croplands,0.32972988,0.6702701
3066_ile-de-france,0.3297297,0.67027026
622_ile-de-france,0.32979983,0.6702002
5508_ile-de-france,0.45185834,0.54814166
3328_rwanda-ceo,0.5780746,0.42192546
21612_geowiki-landcover-2017,0.4518537,0.5481463
3651_geowiki-landcover-2017,0.5621712,0.43782875
845_mali-helmets-labelling-crops,0.433829,0.566171
343_croplands,0.4518544,0.5481456
22887_geowiki-landcover-2017,0.45185447,0.54814553
23385_geowiki-landcover-2017,0.45185402,0.548146
684_martinique-france,0.56217116,0.43782887
5723_canada,0.4518539,0.5481461
35014_geowiki-landcover-2017,0.45185244,0.54814756
1359_mali-helmets-labelling-crops,0.5621704,0.43782955
1553_tanzania-ceo,0.5780747,0.42192537
250_geowiki-landcover-2017,0.43394718,0.5660528
30702_geowiki-landcover-2017,0.45185417,0.54814583
586_geowiki-landcover-2017,0.57546914,0.4245309
121_tanzania-ceo,0.5780742,0.42192578
243_ile-de-france,0.45185506,0.548145
23089_geowiki-landcover-2017,0.5621712,0.43782872
12982_geowiki-landcover-2017,0.5621712,0.43782878
5860_canada,0.32972977,0.6702702
13831_croplands,0.3297454,0.67025465
20825_geowiki-landcover-2017,0.4492066,0.5507934
446_ethiopia,0.6809256,0.31907436
227_croplands,0.45180905,0.5481909
2397_ile-de-france,0.3297307,0.6702693
3609_canada,0.33118677,0.6688132
25_ile-de-france,0.3297306,0.6702694
285_geowiki-landcover-2017,0.68038285,0.31961715
1793_germany,0.45185453,0.5481455
5875_ile-de-france,0.32973012,0.67026985
31708_geowiki-landcover-2017,0.43383014,0.56616986
2055_rwanda-ceo,0.6809279,0.3190721
944_kenya-non-crop,0.7796423,0.22035766
195_togo,0.43382874,0.5661713
22033_geowiki-landcover-2017,0.6809282,0.31907183
445_central-asia,0.3297334,0.6702666
3606_ile-de-france,0.45185438,0.54814565
1757_canada,0.45185274,0.54814726
11719_geowiki-landcover-2017,0.5621712,0.43782878
966_central-asia,0.44921136,0.55078864
24272_geowiki-landcover-2017,0.45185685,0.54814315
1289_ile-de-france,0.4518504,0.5481496
26859_geowiki-landcover-2017,0.32973015,0.67026985
29242_geowiki-landcover-2017,0.45185328,0.5481467
1161_rwanda-ceo,0.7796427,0.22035725
4539_central-asia,0.4518535,0.5481465
5459_geowiki-landcover-2017,0.32973093,0.6702691
13465_geowiki-landcover-2017,0.56216633,0.4378337
6130_canada,0.451856,0.54814404
18562_geowiki-landcover-2017,0.56216997,0.43783006
881_germany,0.3297307,0.6702693
206_mali-helmets-labelling-crops,0.43428555,0.5657145
2058_tanzania-ceo,0.6943264,0.30567357
2682_ile-de-france,0.45185405,0.548146
2240_canada,0.32972938,0.6702706
22337_geowiki-landcover-2017,0.5780746,0.42192543
16969_geowiki-landcover-2017,0.5621709,0.43782908
33444_geowiki-landcover-2017,0.32972965,0.6702703
1270_geowiki-landcover-2017,0.32973763,0.67026234
10883_geowiki-landcover-2017,0.4518542,0.54814583
2275_germany,0.5774605,0.42253947
13188_geowiki-landcover-2017,0.68092734,0.31907263
30034_geowiki-landcover-2017,0.56217104,0.43782902
11817_geowiki-landcover-2017,0.57830125,0.42169872
1106_ile-de-france,0.4518532,0.54814684
33591_geowiki-landcover-2017,0.32973045,0.6702695
9382_geowiki-landcover-2017,0.5621706,0.4378294
291_reunion-france,0.4518546,0.5481454
1746_kenya-non-crop,0.77964234,0.22035764
4827_canada,0.45185354,0.5481465
12867_croplands,0.4518547,0.5481453
2028_central-asia,0.32973072,0.67026925
2511_reunion-france,0.57806915,0.4219308
29021_geowiki-landcover-2017,0.4518537,0.54814637
4150_ile-de-france,0.33028352,0.66971654
21684_geowiki-landcover-2017,0.4518537,0.54814637
7614_canada,0.45185328,0.5481467
8858_croplands,0.4518491,0.54815096
927_geowiki-landcover-2017,0.6943256,0.3056744
27937_geowiki-landcover-2017,0.4518536,0.5481464
1775_canada,0.32972965,0.6702703
19229_geowiki-landcover-2017,0.45185405,0.54814595
15924_geowiki-landcover-2017,0.5780745,0.42192546
3893_geowiki-landcover-2017,0.32972965,0.6702703
1863_reunion-france,0.578067,0.42193294
685_togo,0.4338286,0.56617135
477_mali-helmets-labelling-crops,0.5621708,0.4378292
816_martinique-france,0.56217223,0.4378278
2106_central-asia,0.3297301,0.67026997
2800_ile-de-france,0.3297314,0.67026854
21521_geowiki-landcover-2017,0.68092674,0.3190733
891_canada,0.3297296,0.67027044
5774_canada,0.32972944,0.67027056
30918_geowiki-landcover-2017,0.45185345,0.54814655
2397_rwanda-ceo,0.5780741,0.42192593
2239_kenya-non-crop,0.68038255,0.3196174
17512_geowiki-landcover-2017,0.5780741,0.4219259
130_kenya-non-crop,0.6809276,0.31907246
34659_geowiki-landcover-2017,0.45185405,0.54814595
259_rwanda-ceo,0.5780753,0.42192468
26956_geowiki-landcover-2017,0.4518538,0.5481462
27767_geowiki-landcover-2017,0.57807434,0.4219256
14266_geowiki-landcover-2017,0.44980323,0.55019677
185_uganda,0.6809268,0.3190732
3294_central-asia,0.32972988,0.67027014
433_central-asia,0.45185566,0.54814434
919_mali-helmets-labelling-crops,0.56217116,0.43782884
13218_geowiki-landcover-2017,0.68092686,0.3190732
25915_geowiki-landcover-2017,0.45185354,0.5481464
4874_central-asia,0.329731,0.670269
4938_geowiki-landcover-2017,0.56217104,0.43782896
413_mali-helmets-labelling-crops,0.43383437,0.5661656
2575_geowiki-landcover-2017,0.56212837,0.43787166
11681_geowiki-landcover-2017,0.56216675,0.43783325
2619_reunion-france,0.57807463,0.42192537
2135_central-asia,0.4518544,0.54814553
475_togo,0.43382913,0.5661709
446_tanzania-rice-ecaas,0.57746387,0.42253613
33521_geowiki-landcover-2017,0.4518537,0.5481463
1110_mali-helmets-labelling-crops,0.5621703,0.4378297
22052_geowiki-landcover-2017,0.5774634,0.4225366
26779_geowiki-landcover-2017,0.44915026,0.5508498
14550_geowiki-landcover-2017,0.69432664,0.30567333
5795_croplands,0.33004126,0.6699587
2514_kenya-non-crop,0.6809272,0.31907272
7107_canada,0.45185372,0.54814625
337_togo,0.68037903,0.31962097
764_martinique-france,0.5621704,0.43782955
2849_central-asia,0.3297335,0.6702665
1853_central-asia,0.45170125,0.5482988
2457_kenya-non-crop,0.5621707,0.43782932
81_togo,0.56217074,0.4378293
5640_canada,0.32972956,0.6702705
1814_tanzania-ceo,0.32982197,0.670178
312_tanzania-ceo,0.45185667,0.5481433
2453_geowiki-landcover-2017,0.5621708,0.43782923
1225_croplands,0.5621518,0.43784824
906_central-asia,0.45185566,0.54814434
1668_kenya-non-crop,0.5780894,0.4219106
22921_geowiki-landcover-2017,0.6809268,0.31907323
2816_geowiki-landcover-2017,0.68092674,0.3190733
43_croplands,0.57807475,0.42192525
3511_central-asia,0.32972986,0.67027014
26550_geowiki-landcover-2017,0.57705116,0.42294887
739_martinique-france,0.5621701,0.4378299
9466_croplands,0.45185483,0.5481452
5263_geowiki-landcover-2017,0.45185456,0.5481454
23004_geowiki-landcover-2017,0.4518546,0.5481454
10219_geowiki-landcover-2017,0.45185447,0.54814553
147_martinique-france,0.5621712,0.43782872
651_rwanda-ceo,0.5780743,0.4219257
4837_geowiki-landcover-2017,0.69432515,0.30567485
3312_canada,0.5619595,0.43804052
4782_ile-de-france,0.32973212,0.6702679
589_martinique-france,0.5621709,0.4378291
1022_central-asia,0.44921157,0.5507884
2608_kenya-non-crop,0.6809267,0.31907335
2355_geowiki-landcover-2017,0.45185387,0.5481461
1224_mali-helmets-labelling-crops,0.43382967,0.56617033
14250_geowiki-landcover-2017,0.45185375,0.54814625
4517_croplands,0.3297297,0.6702703
7113_canada,0.45185456,0.5481455
5119_central-asia,0.32973033,0.67026967
19722_geowiki-landcover-2017,0.44983178,0.5501682
6220_canada,0.32973,0.67026997
5221_ile-de-france,0.4518541,0.5481459
15350_geowiki-landcover-2017,0.56217074,0.43782926
2744_geowiki-landcover-2017,0.5621709,0.4378291
925_croplands,0.4459923,0.55400777
2009_geowiki-landcover-2017,0.5621655,0.43783447
130_mali,0.562171,0.43782902
1533_central-asia,0.329731,0.670269
30378_geowiki-landcover-2017,0.45185786,0.54814214
667_ethiopia,0.6809269,0.31907314
17501_geowiki-landcover-2017,0.5780742,0.42192584
13392_croplands,0.3297307,0.6702693
1398_tanzania-ceo,0.6943261,0.3056739
2679_ile-de-france,0.32973114,0.6702689
416_tanzania-ceo,0.5780747,0.42192534
2194_croplands,0.44983292,0.5501671
741_geowiki-landcover-2017,0.45200014,0.54799986
3136_ile-de-france,0.32973033,0.67026967
6770_canada,0.45185438,0.54814565
325_geowiki-landcover-2017,0.45185512,0.5481449
23_sudan,0.5595432,0.44045678
12472_croplands,0.32973215,0.6702679
2120_ile-de-france,0.4518534,0.5481466
6193_geowiki-landcover-2017,0.32972953,0.6702705
4176_ile-de-france,0.45184582,0.5481542
1047_central-asia,0.32973033,0.6702696
20853_geowiki-landcover-2017,0.4518558,0.5481442
20800_geowiki-landcover-2017,0.57797396,0.42202607
35700_geowiki-landcover-2017,0.6809267,0.31907335
1369_germany,0.3297305,0.6702695
2144_croplands,0.32972965,0.6702703
154_togo,0.43383017,0.56616986
267_lem-brazil,0.44923717,0.55076283
9471_geowiki-landcover-2017,0.6943204,0.3056796
1534_kenya-non-crop,0.5621709,0.43782905
654_mali-helmets-labelling-crops,0.56217104,0.437829
3765_ile-de-france,0.32973063,0.67026937
10837_geowiki-landcover-2017,0.57746327,0.4225367
1258_kenya-non-crop,0.5780696,0.42193034
2847_ile-de-france,0.451855,0.548145
34089_geowiki-landcover-2017,0.32972944,0.67027056
2170_geowiki-landcover-2017,0.57807523,0.42192477
2652_ile-de-france,0.32973057,0.6702695
1033_mali-helmets-labelling-crops,0.4338343,0.5661656
23837_geowiki-landcover-2017,0.57807636,0.42192367
30561_geowiki-landcover-2017,0.32974756,0.6702525
24292_geowiki-landcover-2017,0.4518537,0.54814637
1235_kenya-non-crop,0.56216884,0.43783116
23971_geowiki-landcover-2017,0.5780746,0.42192546
16327_geowiki-landcover-2017,0.5780746,0.42192546
11601_geowiki-landcover-2017,0.4518547,0.5481453
35364_geowiki-landcover-2017,0.45185393,0.54814607
8180_geowiki-landcover-2017,0.44983768,0.5501623
29887_geowiki-landcover-2017,0.56216824,0.43783176
2034_ile-de-france,0.32973024,0.6702698
12686_geowiki-landcover-2017,0.57546896,0.42453104
5609_ile-de-france,0.3837923,0.6162077
9882_croplands,0.32973143,0.67026854
3507_geowiki-landcover-2017,0.43382984,0.56617016
789_togo,0.5621709,0.43782902
6153_canada,0.45185456,0.5481455
11988_geowiki-landcover-2017,0.4517931,0.54820687
6319_geowiki-landcover-2017,0.5780748,0.42192522
31445_geowiki-landcover-2017,0.45185456,0.5481455
1690_canada,0.4518537,0.54814625
35632_geowiki-landcover-2017,0.4518537,0.54814637
26686_geowiki-landcover-2017,0.32972965,0.6702703
1014_kenya-non-crop,0.7796423,0.22035766
3067_central-asia,0.3297318,0.67026824
777_kenya-non-crop,0.68092704,0.31907293
1082_rwanda-ceo,0.6809269,0.31907305
30_reunion-france,0.57807547,0.42192456
3379_rwanda-ceo,0.5780906,0.42190942
3264_geowiki-landcover-2017,0.56217086,0.43782914
23848_geowiki-landcover-2017,0.45185396,0.54814607
105_reunion-france,0.57807505,0.42192498
4186_geowiki-landcover-2017,0.4518558,0.5481442
17376_geowiki-landcover-2017,0.57807565,0.42192435
12068_geowiki-landcover-2017,0.57807463,0.42192537
33621_geowiki-landcover-2017,0.4518295,0.5481705
13550_geowiki-landcover-2017,0.5780637,0.42193627
4101_ile-de-france,0.4518498,0.54815024
771_croplands,0.45185384,0.5481462
1637_rwanda-ceo,0.6943265,0.30567348
14814_geowiki-landcover-2017,0.5780731,0.4219269
9559_croplands,0.4518516,0.5481484
116_kenya-non-crop,0.6809263,0.31907362
3407_ile-de-france,0.32973287,0.6702671
168_uganda,0.68092686,0.3190732
403_germany,0.3297297,0.6702703
12829_croplands,0.3297313,0.6702687
3249_central-asia,0.32972997,0.67027
22186_geowiki-landcover-2017,0.4518537,0.54814637
5513_canada,0.3297297,0.6702703
5310_geowiki-landcover-2017,0.4518542,0.54814583
3951_ile-de-france,0.3297305,0.6702695
250_mali-helmets-labelling-crops,0.5621709,0.43782902
18953_geowiki-landcover-2017,0.4518524,0.54814756
1674_tanzania-ceo,0.57807505,0.42192492
31205_geowiki-landcover-2017,0.5621704,0.43782958
19148_geowiki-landcover-2017,0.32973227,0.6702677
414_ethiopia,0.56216973,0.4378303
4470_central-asia,0.32973042,0.67026955
32583_geowiki-landcover-2017,0.6803819,0.31961808
4485_canada,0.3297296,0.67027044
6095_geowiki-landcover-2017,0.32972944,0.67027056
5005_geowiki-landcover-2017,0.45185393,0.54814607
1488_mali-helmets-labelling-crops,0.43382943,0.5661705
12588_croplands,0.5621548,0.43784514
35059_geowiki-landcover-2017,0.45185333,0.54814667
9233_geowiki-landcover-2017,0.57807386,0.42192608
10996_geowiki-landcover-2017,0.5780745,0.4219255
25857_geowiki-landcover-2017,0.4518542,0.54814583
1232_central-asia,0.32973063,0.67026937
3993_canada,0.45185384,0.5481462
2465_central-asia,0.3297302,0.67026985
12073_geowiki-landcover-2017,0.577461,0.422539
1790_geowiki-landcover-2017,0.5780718,0.42192823
18950_geowiki-landcover-2017,0.45184752,0.5481525
7139_canada,0.3297299,0.67027
4283_canada,0.451853,0.54814696
189_tanzania-ceo,0.57807386,0.42192617
2443_geowiki-landcover-2017,0.5621706,0.43782932
1095_croplands,0.56216764,0.43783242
1054_central-asia,0.32973126,0.6702688
920_central-asia,0.44921145,0.5507886
2001_ile-de-france,0.3297307,0.6702693
526_tanzania-rice-ecaas,0.45185488,0.5481451
10655_croplands,0.45185477,0.5481453
295_tanzania,0.44983217,0.5501678
5934_canada,0.32973033,0.67026967
9542_geowiki-landcover-2017,0.68092763,0.31907234
1803_ile-de-france,0.32973057,0.6702695
20212_geowiki-landcover-2017,0.45185512,0.54814494
24920_geowiki-landcover-2017,0.5780712,0.42192882
4034_ile-de-france,0.3297315,0.6702685
1618_rwanda-ceo,0.5780742,0.42192578
943_kenya-non-crop,0.7796423,0.22035766
3958_canada,0.4518534,0.54814655
2857_rwanda-ceo,0.68092716,0.3190728
45_kenya-non-crop,0.7796423,0.22035766
3286_central-asia,0.32972983,0.67027014
25023_geowiki-landcover-2017,0.45189008,0.54810995
30860_geowiki-landcover-2017,0.45185435,0.54814565
10159_geowiki-landcover-2017,0.43382823,0.56617177
2926_geowiki-landcover-2017,0.56217104,0.437829
2625_canada,0.32973024,0.6702698
4373_central-asia,0.3297301,0.67026997
1532_martinique-france,0.56217146,0.43782857
32182_geowiki-landcover-2017,0.45185497,0.548145
2244_geowiki-landcover-2017,0.56217074,0.43782932
204_kenya,0.6809263,0.31907368
5649_geowiki-landcover-2017,0.5780742,0.42192578
7405_geowiki-landcover-2017,0.45185474,0.5481453
9_martinique-france,0.5621746,0.4378254
3001_geowiki-landcover-2017,0.56217104,0.437829
1936_central-asia,0.32973057,0.6702695
18842_geowiki-landcover-2017,0.5780748,0.42192516
3970_ile-de-france,0.451854,0.548146
4797_ile-de-france,0.32973078,0.6702692
11536_geowiki-landcover-2017,0.5774739,0.42252612
307_mali-helmets-labelling-crops,0.43382907,0.56617093
2188_reunion-france,0.6943225,0.3056775
4821_central-asia,0.32973105,0.67026895
14101_geowiki-landcover-2017,0.45185402,0.548146
34171_geowiki-landcover-2017,0.32972977,0.67027026
789_kenya-non-crop,0.68092716,0.31907284
3079_rwanda-ceo,0.7796423,0.22035773
1839_central-asia,0.32973045,0.6702695
16_ile-de-france,0.3297304,0.6702696
3965_ile-de-france,0.32973018,0.67026985
7659_canada,0.45185363,0.54814637
363_kenya-non-crop,0.5780753,0.42192465
7019_geowiki-landcover-2017,0.43382874,0.5661713
4341_canada,0.32973036,0.6702696
2047_central-asia,0.329731,0.67026895
6983_croplands,0.449832,0.55016804
9432_geowiki-landcover-2017,0.56217134,0.4378287
2970_canada,0.45185363,0.54814637
24351_geowiki-landcover-2017,0.45185435,0.5481457
323_germany,0.45185542,0.54814464
32176_geowiki-landcover-2017,0.32972974,0.67027026
1789_tanzania-ceo,0.6803823,0.31961763
22601_geowiki-landcover-2017,0.5774628,0.42253718
9436_croplands,0.4518557,0.5481443
32722_geowiki-landcover-2017,0.6809276,0.3190724
2572_central-asia,0.32973108,0.6702689
15408_geowiki-landcover-2017,0.5621712,0.43782878
6012_canada,0.45185283,0.54814714
14079_croplands,0.45100266,0.54899734
21026_geowiki-landcover-2017,0.45188656,0.5481134
33856_geowiki-landcover-2017,0.45186225,0.5481377
3683_geowiki-landcover-2017,0.56217104,0.437829
937_mali-helmets-labelling-crops,0.5621703,0.4378297
2987_canada,0.45185384,0.5481462
16754_geowiki-landcover-2017,0.56217104,0.437829
12301_geowiki-landcover-2017,0.45185483,0.5481452
4786_geowiki-landcover-2017,0.45185414,0.54814583
2380_geowiki-landcover-2017,0.56217134,0.4378287
2685_central-asia,0.3297306,0.6702694
10429_geowiki-landcover-2017,0.45185447,0.54814553
30342_geowiki-landcover-2017,0.5621709,0.43782908
41_kenya-non-crop,0.6809268,0.3190732
299_ile-de-france,0.45185483,0.5481452
2336_tanzania-ceo,0.69432586,0.30567417
2438_rwanda-ceo,0.57807475,0.42192528
923_croplands,0.32972977,0.67027026
2229_rwanda-ceo,0.5780922,0.42190778
7848_canada,0.4518538,0.5481462
650_mali-helmets-labelling-crops,0.43382874,0.5661713
16210_geowiki-landcover-2017,0.4498317,0.5501683
144_uganda,0.680926,0.319074
1389_central-asia,0.32973143,0.67026854
7_mali-helmets-labelling-crops,0.562171,0.43782902
672_tanzania-rice-ecaas,0.45186144,0.54813856
4536_croplands,0.3297345,0.67026544
1892_tanzania-ceo,0.45185426,0.5481457
2225_tanzania-ceo,0.5780753,0.42192474
951_canada,0.3297301,0.6702699
18803_geowiki-landcover-2017,0.5774631,0.42253694
10715_geowiki-landcover-2017,0.45185366,0.54814637
2659_reunion-france,0.4518553,0.5481447
30697_geowiki-landcover-2017,0.5621709,0.43782902
468_rwanda-ceo,0.5780758,0.42192417
17301_geowiki-landcover-2017,0.45185322,0.5481468
5002_central-asia,0.451854,0.548146
32480_geowiki-landcover-2017,0.45185408,0.5481459
16779_geowiki-landcover-2017,0.5621712,0.43782878
12349_geowiki-landcover-2017,0.4518537,0.54814637
3834_central-asia,0.32973447,0.67026556
13152_geowiki-landcover-2017,0.44921234,0.5507877
21333_geowiki-landcover-2017,0.5780752,0.4219249
30201_geowiki-landcover-2017,0.4518411,0.5481589
1468_ile-de-france,0.32973015,0.67026985
5210_central-asia,0.32973,0.67027
15103_geowiki-landcover-2017,0.56217074,0.43782926
29163_geowiki-landcover-2017,0.4518541,0.5481459
3695_central-asia,0.32973194,0.670268
2042_kenya-non-crop,0.5621708,0.43782917
449_tanzania-rice-ecaas,0.57746226,0.4225378
18683_geowiki-landcover-2017,0.562172,0.43782797
29816_geowiki-landcover-2017,0.6809277,0.31907225
111_geowiki-landcover-2017,0.5780749,0.42192513
1144_togo,0.5621714,0.4378286
164_ile-de-france,0.3297346,0.67026544
33522_geowiki-landcover-2017,0.4518542,0.54814583
1026_tanzania-ceo,0.4518541,0.5481459
171_mali-helmets-labelling-crops,0.56217086,0.4378291
16262_geowiki-landcover-2017,0.5780727,0.4219272
5946_geowiki-landcover-2017,0.56011873,0.43988124
5134_geowiki-landcover-2017,0.680909,0.31909105
11402_geowiki-landcover-2017,0.5621706,0.43782932
697_mali-helmets-labelling-crops,0.43383977,0.5661602
12418_geowiki-landcover-2017,0.57807535,0.42192465
3669_central-asia,0.32972986,0.67027014
22506_geowiki-landcover-2017,0.5780741,0.42192593
942_canada,0.3297296,0.67027044
1494_ile-de-france,0.32973045,0.6702695
1812_tanzania-ceo,0.45185426,0.5481457
32955_geowiki-landcover-2017,0.4518539,0.54814607
14284_geowiki-landcover-2017,0.5780745,0.42192551
12491_croplands,0.45185807,0.54814196
16483_geowiki-landcover-2017,0.451856,0.54814404
2389_germany,0.45185012,0.5481498
5479_canada,0.32973024,0.6702697
39_ethiopia,0.56016034,0.4398397
34336_geowiki-landcover-2017,0.45185515,0.5481448
1071_tanzania-ceo,0.32973105,0.67026895
10489_croplands,0.32973266,0.6702674
1316_ile-de-france,0.32973078,0.6702692
141_geowiki-landcover-2017,0.577468,0.42253202
817_togo,0.5621715,0.43782845
18836_geowiki-landcover-2017,0.45184946,0.5481506
4551_ile-de-france,0.45185527,0.54814476
167_ethiopia,0.5601598,0.43984023
1880_rwanda-ceo,0.7796428,0.22035721
3554_rwanda-ceo,0.57546973,0.42453027
1651_tanzania-ceo,0.45185477,0.54814523
3816_geowiki-landcover-2017,0.5621686,0.4378314
1352_croplands,0.43382835,0.5661716
4504_ile-de-france,0.32973033,0.6702696
1224_reunion-france,0.5775119,0.4224881
32664_geowiki-landcover-2017,0.44921133,0.5507887
1614_rwanda-ceo,0.577688,0.42231208
797_ile-de-france,0.32973042,0.67026955
1057_togo,0.43382916,0.5661709
31921_geowiki-landcover-2017,0.45185375,0.54814625
21515_geowiki-landcover-2017,0.68092686,0.31907317
2281_central-asia,0.3297305,0.6702695
871_togo,0.56217086,0.43782914
7678_geowiki-landcover-2017,0.56217074,0.43782926
22903_geowiki-landcover-2017,0.56217074,0.4378293
160_togo,0.5621682,0.43783182
2989_rwanda-ceo,0.57807446,0.42192557
607_ethiopia,0.6943274,0.30567265
12577_croplands,0.5621042,0.43789577
392_central-asia,0.32972977,0.67027026
17167_geowiki-landcover-2017,0.449832,0.550168
7051_geowiki-landcover-2017,0.45185426,0.5481457
32174_geowiki-landcover-2017,0.43382823,0.56617177
1258_tanzania-ceo,0.5774515,0.42254853
91_mali-non-crop,0.5621715,0.43782848
550_mali-helmets-labelling-crops,0.43383095,0.5661691
2224_reunion-france,0.69432634,0.30567366
226_reunion-france,0.4518541,0.5481459
11022_geowiki-landcover-2017,0.5780754,0.4219246
27365_geowiki-landcover-2017,0.5621712,0.43782875
20827_geowiki-landcover-2017,0.5621705,0.43782946
4642_ile-de-france,0.32973087,0.6702691
1075_kenya-non-crop,0.68092614,0.31907386
1112_tanzania-ceo,0.44978377,0.55021626
1361_croplands,0.4338284,0.5661716
458_central-asia,0.45185542,0.54814464
20186_geowiki-landcover-2017,0.32972947,0.6702705
11834_geowiki-landcover-2017,0.45185384,0.5481462
1264_togo,0.56217074,0.4378293
2200_central-asia,0.32973439,0.6702656
1546_germany,0.45185506,0.548145
3411_ile-de-france,0.3297329,0.6702671
1226_central-asia,0.32973126,0.6702687
2317_kenya-non-crop,0.5621708,0.43782917
1602_kenya-non-crop,0.69432694,0.3056731
28124_geowiki-landcover-2017,0.57807475,0.42192525
4622_croplands,0.4518543,0.5481457
1882_ile-de-france,0.32972986,0.67027014
2386_central-asia,0.3297316,0.6702684
30576_geowiki-landcover-2017,0.45185414,0.54814583
537_germany,0.45185396,0.54814607
1040_geowiki-landcover-2017,0.4518565,0.54814357
687_croplands,0.43382987,0.5661701
907_ile-de-france,0.45185456,0.5481454
24362_geowiki-landcover-2017,0.3297298,0.6702702
9629_geowiki-landcover-2017,0.56217086,0.4378291
2539_kenya-non-crop,0.57807386,0.42192617
11926_geowiki-landcover-2017,0.44983184,0.5501681
32409_geowiki-landcover-2017,0.4518537,0.54814625
27612_geowiki-landcover-2017,0.32973033,0.67026967
1073_germany,0.45185393,0.54814607
21518_geowiki-landcover-2017,0.577463,0.422537
13573_croplands,0.451854,0.548146
1869_rwanda-ceo,0.5780754,0.42192462
1363_ile-de-france,0.45185396,0.54814607
102_mali-non-crop,0.5621712,0.43782878
8279_geowiki-landcover-2017,0.5621706,0.4378294
2168_martinique-france,0.56217134,0.43782863
1540_geowiki-landcover-2017,0.5780745,0.4219255
2032_reunion-france,0.45185477,0.5481453
649_tanzania-rice-ecaas,0.32973108,0.6702689
19048_geowiki-landcover-2017,0.45185354,0.5481464
1425_martinique-france,0.56217146,0.43782857
524_croplands,0.4518428,0.54815716
1359_croplands,0.4338282,0.5661718
2231_kenya-non-crop,0.56217104,0.437829
3359_ile-de-france,0.32973152,0.6702684
30771_geowiki-landcover-2017,0.45185363,0.54814637
7668_canada,0.4518534,0.5481466
971_rwanda-ceo,0.57807976,0.4219202
1504_central-asia,0.32973024,0.6702697
2173_ile-de-france,0.45174742,0.5482526
20596_geowiki-landcover-2017,0.45185328,0.5481467
12966_geowiki-landcover-2017,0.57807696,0.42192307
5982_ile-de-france,0.32973084,0.67026913
485_ethiopia,0.680927,0.319073
19371_geowiki-landcover-2017,0.5774631,0.42253694
3177_rwanda-ceo,0.77964187,0.2203581
7025_canada,0.44960076,0.5503992
532_ethiopia,0.57807463,0.42192537
2096_ile-de-france,0.45185414,0.54814583
15152_geowiki-landcover-2017,0.69432616,0.3056738
2407_central-asia,0.3297301,0.67026997
239_kenya,0.6809272,0.31907272
15612_geowiki-landcover-2017,0.4518538,0.5481462
17_brazil-non-crop,0.4518544,0.5481456
1108_togo,0.56217086,0.43782914
28178_geowiki-landcover-2017,0.57807434,0.42192566
30896_geowiki-landcover-2017,0.45185393,0.54814607
12097_geowiki-landcover-2017,0.4518539,0.5481461
27830_geowiki-landcover-2017,0.45185325,0.5481468
3315_ile-de-france,0.32973072,0.67026925
1799_ile-de-france,0.32973105,0.67026895
3207_canada,0.5774628,0.42253724
1527_central-asia,0.32973132,0.6702687
2356_central-asia,0.45185578,0.5481442
5800_canada,0.45182213,0.54817784
91_mali,0.43382844,0.5661716
5534_geowiki-landcover-2017,0.45185325,0.5481468
1754_tanzania-ceo,0.57807595,0.42192408
32021_geowiki-landcover-2017,0.45185483,0.5481452
2210_martinique-france,0.68092483,0.31907517
4030_canada,0.45185384,0.5481461
81_canada,0.45185354,0.5481465
32281_geowiki-landcover-2017,0.45169267,0.5483073
2302_central-asia,0.32973263,0.6702674
735_togo,0.56217134,0.43782863
406_ethiopia,0.56216854,0.4378315
127_geowiki-landcover-2017,0.57801676,0.4219832
30105_geowiki-landcover-2017,0.4518539,0.5481461
588_tanzania-rice-ecaas,0.44921222,0.5507878
5491_ile-de-france,0.45185494,0.54814506
566_reunion-france,0.57807374,0.4219263
350_sudan,0.43382844,0.5661715
4308_ile-de-france,0.45185462,0.54814535
3751_geowiki-landcover-2017,0.56217015,0.43782985
2808_central-asia,0.32973117,0.6702689
1218_togo,0.56217116,0.4378288
2685_rwanda-ceo,0.57807326,0.4219268
28837_geowiki-landcover-2017,0.32972962,0.6702704
1607_ile-de-france,0.57746273,0.42253724
855_kenya-non-crop,0.7796409,0.22035912
2518_canada,0.45185384,0.5481462
1615_central-asia,0.32973087,0.6702691
1958_geowiki-landcover-2017,0.43382958,0.5661704
15789_geowiki-landcover-2017,0.5780746,0.42192546
4730_central-asia,0.32973072,0.67026925
2392_germany,0.45185506,0.548145
22_ethiopia,0.6803428,0.31965724
2232_croplands,0.32973036,0.6702696
3510_rwanda-ceo,0.6809275,0.31907248
927_canada,0.32972953,0.6702705
1937_geowiki-landcover-2017,0.56217074,0.4378293
2046_martinique-france,0.56217146,0.43782857
544_tanzania-ceo,0.5621709,0.43782908
324_lem-brazil,0.577463,0.4225371
1499_ile-de-france,0.32973015,0.67026985
2454_kenya-non-crop,0.5621704,0.4378296
70_kenya,0.5601607,0.4398393
2206_ile-de-france,0.32972962,0.6702704
10876_croplands,0.5621654,0.4378346
490_rwanda-ceo,0.5780748,0.42192522
6161_canada,0.3297298,0.6702702
21002_geowiki-landcover-2017,0.45185375,0.54814625
31826_geowiki-landcover-2017,0.3297298,0.67027014
677_reunion-france,0.5774631,0.4225369
1719_canada,0.3297297,0.6702703
1877_martinique-france,0.56217116,0.4378288
5120_central-asia,0.4518536,0.5481464
9410_geowiki-landcover-2017,0.56217104,0.43782896
1049_ile-de-france,0.32973087,0.67026913
2174_martinique-france,0.56217164,0.43782842
4428_ile-de-france,0.32973045,0.6702695
420_rwanda-ceo,0.5780745,0.42192551
4476_canada,0.32973033,0.67026967
4825_croplands,0.57807297,0.42192703
29801_geowiki-landcover-2017,0.3297299,0.67027
153_sudan,0.5621709,0.43782908
11524_geowiki-landcover-2017,0.5774631,0.42253685
368_rwanda-ceo,0.7796425,0.22035746
1642_kenya-non-crop,0.77964234,0.22035764
2545_ile-de-france,0.32973066,0.6702693
34711_geowiki-landcover-2017,0.3297305,0.6702695
4901_central-asia,0.32973033,0.67026967
422_mali-helmets-labelling-crops,0.5621613,0.43783867
4361_croplands,0.45185405,0.54814595
30637_geowiki-landcover-2017,0.4518536,0.5481464
3847_geowiki-landcover-2017,0.32973284,0.67026716
17386_geowiki-landcover-2017,0.4518542,0.54814583
22492_geowiki-landcover-2017,0.3297298,0.67027014
871_mali-helmets-labelling-crops,0.5621712,0.43782878
6661_canada,0.3297298,0.67027014
527_martinique-france,0.56217307,0.437827
430_geowiki-landcover-2017,0.5774655,0.42253447
395_tanzania-ceo,0.69432634,0.30567366
329_canada,0.45185405,0.54814595
5112_canada,0.4518535,0.5481465
12520_geowiki-landcover-2017,0.5780747,0.42192534
1609_germany,0.32973066,0.6702693
381_croplands,0.45185387,0.5481461
29276_geowiki-landcover-2017,0.32973012,0.67026985
5039_central-asia,0.32973027,0.6702697
9994_croplands,0.5780745,0.42192546
3694_geowiki-landcover-2017,0.56217074,0.43782932
17023_geowiki-landcover-2017,0.5621706,0.43782935
18991_geowiki-landcover-2017,0.4518542,0.54814583
279_kenya,0.6809282,0.31907183
22095_geowiki-landcover-2017,0.45185366,0.54814637
7745_canada,0.43361795,0.56638205
3608_central-asia,0.32972983,0.67027014
1491_ile-de-france,0.32973015,0.67026985
3020_central-asia,0.32973135,0.67026865
1267_germany,0.45185462,0.54814535
281_mali-helmets-labelling-crops,0.43382874,0.5661713
1640_germany,0.3297296,0.67027044
20528_geowiki-landcover-2017,0.578074,0.42192602
4100_canada,0.4518537,0.54814637
3305_geowiki-landcover-2017,0.43493277,0.56506723
486_croplands,0.43382865,0.56617135
2258_martinique-france,0.5621717,0.43782833
35699_geowiki-landcover-2017,0.45185354,0.5481464
21716_geowiki-landcover-2017,0.5780725,0.4219275
12812_croplands,0.45185426,0.5481458
21881_geowiki-landcover-2017,0.45185414,0.54814583
23732_geowiki-landcover-2017,0.57807654,0.42192346
4274_central-asia,0.3297297,0.6702703
6719_croplands,0.5767672,0.4232328
2378_geowiki-landcover-2017,0.45185527,0.54814476
4240_canada,0.32972965,0.6702704
4293_canada,0.45185265,0.5481473
957_kenya-non-crop,0.7796425,0.22035746
1035_reunion-france,0.45185634,0.5481437
720_ile-de-france,0.32973018,0.67026985
586_mali-helmets-labelling-crops,0.43382943,0.56617063
2563_canada,0.45185396,0.54814607
2854_canada,0.4518543,0.5481457
4702_ile-de-france,0.45176333,0.54823667
3349_geowiki-landcover-2017,0.5621706,0.4378294
3180_ile-de-france,0.45185426,0.5481457
568_canada,0.45185396,0.54814607
1625_central-asia,0.32973266,0.6702674
2784_rwanda-ceo,0.5780754,0.42192456
185_ile-de-france,0.32973057,0.6702695
1411_tanzania-ceo,0.57806927,0.42193076
9397_geowiki-landcover-2017,0.5780752,0.4219249
2143_ile-de-france,0.45185483,0.5481452
2006_martinique-france,0.56217146,0.43782857
1447_germany,0.45185572,0.5481443
1263_ile-de-france,0.45185748,0.54814255
29264_geowiki-landcover-2017,0.4518539,0.54814607
7780_geowiki-landcover-2017,0.5621631,0.4378369
471_ile-de-france,0.32973105,0.67026895
710_mali-helmets-labelling-crops,0.5621706,0.4378294
878_germany,0.451854,0.548146
5397_canada,0.45185313,0.5481469
1216_kenya-non-crop,0.68092716,0.31907284
256_tanzania-rice-ecaas,0.32975513,0.6702449
2899_central-asia,0.32973063,0.67026937
24772_geowiki-landcover-2017,0.5621729,0.4378271
483_ethiopia,0.68092734,0.31907263
2280_rwanda-ceo,0.57807624,0.4219238
9348_geowiki-landcover-2017,0.44983187,0.5501681
791_central-asia,0.32973152,0.6702684
16820_geowiki-landcover-2017,0.3297357,0.67026424
7071_geowiki-landcover-2017,0.45185205,0.548148
768_ile-de-france,0.32973033,0.67026967
1707_central-asia,0.3297326,0.6702674
5741_canada,0.32972968,0.6702703
1531_rwanda-ceo,0.6809267,0.31907335
1041_togo,0.5621706,0.43782935
311_canada,0.45185393,0.54814607
7271_geowiki-landcover-2017,0.45185435,0.5481457
214_mali-helmets-labelling-crops,0.43382904,0.56617093
7299_geowiki-landcover-2017,0.56217074,0.43782932
13303_geowiki-landcover-2017,0.5780766,0.4219234
326_kenya-non-crop,0.6809267,0.31907335
3087_croplands,0.44983104,0.550169
3454_central-asia,0.3297312,0.6702688
9230_geowiki-landcover-2017,0.45185435,0.54814565
5058_ile-de-france,0.3297305,0.6702695
1190_ile-de-france,0.45185497,0.548145
14046_croplands,0.4518487,0.5481513
28157_geowiki-landcover-2017,0.3297299,0.67027
4085_ile-de-france,0.4518556,0.5481444
4563_ile-de-france,0.451851,0.548149
3566_rwanda-ceo,0.6809272,0.31907272
1266_rwanda-ceo,0.6809267,0.31907338
1264_kenya-non-crop,0.6809271,0.3190729
28100_geowiki-landcover-2017,0.4518537,0.5481463
431_togo,0.5621708,0.43782917
15359_geowiki-landcover-2017,0.56217086,0.43782914
693_ile-de-france,0.3297317,0.67026836
2350_reunion-france,0.4518549,0.5481451
3448_central-asia,0.32972974,0.67027026
12838_croplands,0.45185456,0.5481455
925_mali-helmets-labelling-crops,0.562171,0.43782902
2157_canada,0.45185387,0.5481461
307_germany,0.45185477,0.54814523
17669_geowiki-landcover-2017,0.45185885,0.5481412
9375_geowiki-landcover-2017,0.57746255,0.42253748
1009_martinique-france,0.5621857,0.4378143
3645_central-asia,0.32972986,0.67027014
1349_reunion-france,0.45185515,0.5481448
403_tanzania-rice-ecaas,0.32973188,0.6702681
30195_geowiki-landcover-2017,0.3297355,0.6702645
6179_ile-de-france,0.45185497,0.548145
25735_geowiki-landcover-2017,0.57807565,0.42192438
59_ile-de-france,0.32973105,0.67026895
7064_canada,0.32972962,0.6702704
34_ile-de-france,0.3297302,0.6702698
4269_canada,0.32972988,0.6702701
1815_tanzania-ceo,0.57746357,0.42253646
3450_canada,0.5774599,0.4225401
1088_martinique-france,0.6803819,0.31961814
4348_canada,0.45185357,0.5481464
1434_kenya-non-crop,0.7796423,0.22035766
932_germany,0.45185423,0.5481458
264_martinique-france,0.5621714,0.43782863
1708_martinique-france,0.6807834,0.3192166
0_ile-de-france,0.32973042,0.67026955
4320_croplands,0.3297299,0.67027
879_kenya-non-crop,0.77964115,0.22035892
7279_canada,0.32972935,0.6702707
924_kenya-non-crop,0.6809258,0.31907418
25770_geowiki-landcover-2017,0.5780746,0.42192546
4776_central-asia,0.3297304,0.6702696
3579_rwanda-ceo,0.6943263,0.30567372
1287_mali-helmets-labelling-crops,0.5621685,0.4378315
3355_central-asia,0.3298047,0.6701953
9697_geowiki-landcover-2017,0.44921124,0.55078876
1439_ile-de-france,0.32973033,0.67026967
1410_kenya-non-crop,0.77964246,0.22035754
5722_ile-de-france,0.32973045,0.6702695
10183_croplands,0.3297331,0.67026687
17280_geowiki-landcover-2017,0.4518539,0.54814607
1973_reunion-france,0.5780746,0.42192546
24796_geowiki-landcover-2017,0.4518547,0.54814535
7608_geowiki-landcover-2017,0.45185396,0.54814607
24418_geowiki-landcover-2017,0.5780747,0.4219253
35369_geowiki-landcover-2017,0.45185405,0.54814595
718_ethiopia,0.68092734,0.31907263
20429_geowiki-landcover-2017,0.44921327,0.5507868
5904_ile-de-france,0.4518547,0.5481453
742_togo,0.56217134,0.43782872
3168_ile-de-france,0.3297347,0.6702653
7502_canada,0.45185313,0.54814684
2382_tanzania-ceo,0.57807034,0.42192966
6455_canada,0.3297296,0.67027044
33537_geowiki-landcover-2017,0.40089077,0.59910923
3855_ile-de-france,0.32973066,0.6702693
662_lem-brazil,0.45185477,0.5481453
1052_kenya-non-crop,0.7796223,0.22037768
11558_geowiki-landcover-2017,0.32973,0.67026997
1769_rwanda-ceo,0.69432646,0.30567354
14722_geowiki-landcover-2017,0.45185384,0.5481461
2063_canada,0.45185038,0.5481496
2661_geowiki-landcover-2017,0.43383035,0.5661696
1247_rwanda-ceo,0.5780755,0.4219245
316_togo,0.56217134,0.4378287
15676_geowiki-landcover-2017,0.45185518,0.5481448
17723_geowiki-landcover-2017,0.32972935,0.6702707
10042_geowiki-landcover-2017,0.5621708,0.4378292
3658_canada,0.32972988,0.6702701
28518_geowiki-landcover-2017,0.4518544,0.54814565
1081_mali-helmets-labelling-crops,0.43382898,0.566171
3511_croplands,0.45185354,0.5481465
2837_rwanda-ceo,0.6943265,0.30567348
4852_central-asia,0.32973027,0.6702697
25299_geowiki-landcover-2017,0.3297296,0.67027044
14890_geowiki-landcover-2017,0.5774618,0.4225382
28786_geowiki-landcover-2017,0.45185328,0.5481467
6952_geowiki-landcover-2017,0.32972947,0.67027056
33477_geowiki-landcover-2017,0.45185584,0.5481442
230_tanzania-ceo,0.577465,0.422535
1920_canada,0.4518536,0.5481464
20574_geowiki-landcover-2017,0.3297306,0.6702694
19764_geowiki-landcover-2017,0.57808137,0.42191863
767_tanzania-ceo,0.5774569,0.42254314
3252_canada,0.45185253,0.5481475
309_kenya-non-crop,0.6809274,0.3190726
194_lem-brazil,0.577426,0.422574
30607_geowiki-landcover-2017,0.5778746,0.4221254
3305_rwanda-ceo,0.68093115,0.31906885
1009_geowiki-landcover-2017,0.5780748,0.42192516
774_croplands,0.32973042,0.67026955
415_reunion-france,0.45185453,0.5481455
172_reunion-france,0.4518759,0.5481241
3474_central-asia,0.3297298,0.67027014
2208_germany,0.45185417,0.54814583
785_canada,0.4518536,0.5481464
12668_geowiki-landcover-2017,0.57807475,0.42192525
14875_geowiki-landcover-2017,0.45185387,0.5481461
485_croplands,0.56215566,0.4378443
11178_geowiki-landcover-2017,0.32972956,0.6702705
14523_geowiki-landcover-2017,0.694326,0.30567396
5999_canada,0.32972947,0.6702705
5156_central-asia,0.3297302,0.6702698
3396_geowiki-landcover-2017,0.56217074,0.43782926
18735_geowiki-landcover-2017,0.56217116,0.4378288
2573_central-asia,0.3297305,0.6702695
30573_geowiki-landcover-2017,0.45185238,0.5481476
136_martinique-france,0.56217104,0.437829
1297_rwanda-ceo,0.57807463,0.42192537
2890_ile-de-france,0.32973096,0.6702691
4018_central-asia,0.45185375,0.54814625
2109_ile-de-france,0.45185533,0.54814464
335_lem-brazil,0.5774633,0.4225367
7489_geowiki-landcover-2017,0.6809268,0.31907323
16423_geowiki-landcover-2017,0.5621709,0.43782905
3026_rwanda-ceo,0.68092614,0.31907383
17302_geowiki-landcover-2017,0.4518539,0.5481461
1489_central-asia,0.32975253,0.67024744
840_geowiki-landcover-2017,0.6943266,0.30567345
488_ile-de-france,0.32973072,0.67026925
2011_ile-de-france,0.32973084,0.67026913
3893_canada,0.45185426,0.5481457
2238_reunion-france,0.5780729,0.4219271
6910_croplands,0.44983143,0.5501686
9599_geowiki-landcover-2017,0.5621709,0.43782905
2169_germany,0.32973027,0.6702697
939_tanzania-ceo,0.4519597,0.5480403
27239_geowiki-landcover-2017,0.45193,0.54807
1796_kenya-non-crop,0.7796423,0.22035773
993_croplands,0.43382913,0.56617093
34_uganda,0.56015944,0.43984056
1707_canada,0.45185372,0.54814625
4904_croplands,0.32973033,0.67026967
513_canada,0.32972962,0.6702704
388_ile-de-france,0.39362684,0.6063732
3899_canada,0.32973015,0.67026985
11363_geowiki-landcover-2017,0.5774621,0.42253795
6582_canada,0.4518547,0.5481453
7475_geowiki-landcover-2017,0.45185423,0.5481458
5385_geowiki-landcover-2017,0.5780748,0.42192522
855_germany,0.32973042,0.67026955
16083_geowiki-landcover-2017,0.4518537,0.5481463
1959_tanzania-ceo,0.6943242,0.30567586
2117_kenya-non-crop,0.7796419,0.22035804
1781_central-asia,0.45185462,0.5481454
8828_geowiki-landcover-2017,0.32982236,0.67017764
144_mali-helmets-labelling-crops,0.43382853,0.56617147
59_kenya,0.6809262,0.31907377
847_ile-de-france,0.32973045,0.6702695
184_geowiki-landcover-2017,0.577463,0.42253706
31605_geowiki-landcover-2017,0.5774633,0.42253667
17860_geowiki-landcover-2017,0.57731164,0.42268834
961_tanzania-ceo,0.5774637,0.42253637
27281_geowiki-landcover-2017,0.57745785,0.42254212
13488_croplands,0.4518537,0.54814625
34639_geowiki-landcover-2017,0.32973194,0.67026806
1258_canada,0.32972974,0.67027026
1779_martinique-france,0.56217146,0.43782857
24620_geowiki-landcover-2017,0.3297329,0.6702671
9895_croplands,0.44921216,0.55078787
1696_kenya-non-crop,0.77964234,0.22035764
12813_croplands,0.45185497,0.548145
1205_kenya-non-crop,0.56016046,0.43983957
103_togo,0.4339507,0.56604934
22446_geowiki-landcover-2017,0.57807535,0.42192465
17913_geowiki-landcover-2017,0.4518541,0.5481459
2696_geowiki-landcover-2017,0.56217074,0.43782932
7124_canada,0.44920966,0.5507903
976_tanzania-ceo,0.5782385,0.4217615
337_kenya-non-crop,0.5780754,0.42192456
4267_ile-de-france,0.3297299,0.67027
403_lem-brazil,0.45185497,0.548145
3756_canada,0.3297301,0.67026997
129_mali,0.5621708,0.4378292
13403_geowiki-landcover-2017,0.5621712,0.43782878
9790_geowiki-landcover-2017,0.57807446,0.42192554
2879_canada,0.45185408,0.5481459
2308_tanzania-ceo,0.6942632,0.3057368
6060_geowiki-landcover-2017,0.56217027,0.43782976
2611_rwanda-ceo,0.6943264,0.30567357
2701_rwanda-ceo,0.6809275,0.3190725
2225_martinique-france,0.5621722,0.43782786
634_lem-brazil,0.45185456,0.5481454
13747_geowiki-landcover-2017,0.56217086,0.43782914
1225_kenya-non-crop,0.7796365,0.22036351
12598_croplands,0.5621548,0.43784514
1853_canada,0.32972962,0.6702704
32282_geowiki-landcover-2017,0.32973036,0.6702696
25328_geowiki-landcover-2017,0.45185196,0.54814804
431_germany,0.4518543,0.5481457
10736_croplands,0.32973433,0.6702657
9398_geowiki-landcover-2017,0.6943268,0.30567315
26835_geowiki-landcover-2017,0.32972932,0.6702707
9611_geowiki-landcover-2017,0.5621705,0.43782946
2188_geowiki-landcover-2017,0.5621711,0.43782887
28685_geowiki-landcover-2017,0.5780745,0.4219255
15549_geowiki-landcover-2017,0.45185474,0.5481453
0_ethiopia,0.5601606,0.43983942
182_tanzania-rice-ecaas,0.4519041,0.54809594
727_geowiki-landcover-2017,0.4518569,0.54814315
33744_geowiki-landcover-2017,0.4518538,0.5481462
1529_martinique-france,0.5621705,0.4378295
32581_geowiki-landcover-2017,0.45185646,0.54814357
6453_canada,0.32973027,0.6702697
963_tanzania-ceo,0.57807446,0.42192557
30671_geowiki-landcover-2017,0.57807374,0.42192632
32057_geowiki-landcover-2017,0.4518541,0.5481459
8333_geowiki-landcover-2017,0.45185348,0.54814655
9480_croplands,0.32974264,0.6702574
5037_geowiki-landcover-2017,0.5782022,0.42179778
2901_rwanda-ceo,0.6809272,0.3190728
2052_martinique-france,0.56217116,0.43782887
12170_geowiki-landcover-2017,0.5780746,0.42192546
5372_geowiki-landcover-2017,0.6803776,0.31962237
298_germany,0.4518542,0.54814583
31529_geowiki-landcover-2017,0.45185682,0.5481432
92_togo,0.5621715,0.43782842
3187_rwanda-ceo,0.67859524,0.32140473
1523_martinique-france,0.56217086,0.43782914
6788_canada,0.3297296,0.67027044
11910_geowiki-landcover-2017,0.5780747,0.4219253
3693_geowiki-landcover-2017,0.56217086,0.4378291
25964_geowiki-landcover-2017,0.56217176,0.43782827
6750_canada,0.45185426,0.5481458
10787_croplands,0.32973152,0.6702684
14459_geowiki-landcover-2017,0.45184416,0.54815584
27569_geowiki-landcover-2017,0.45185375,0.54814625
90_central-asia,0.45185542,0.54814464
3085_croplands,0.57807505,0.42192498
28825_geowiki-landcover-2017,0.5621704,0.43782958
2363_martinique-france,0.5621727,0.4378273
1844_reunion-france,0.45185438,0.54814565
584_ethiopia,0.57807475,0.42192522
423_mali-helmets-labelling-crops,0.5621611,0.43783894
35_sudan,0.55954176,0.4404582
1581_canada,0.4518536,0.5481464
13709_croplands,0.45185527,0.54814476
7531_canada,0.5621704,0.4378296
1031_germany,0.32973024,0.6702698
13114_geowiki-landcover-2017,0.5621719,0.43782815
1833_kenya-non-crop,0.77964234,0.22035764
1746_canada,0.32972965,0.6702704
459_ethiopia,0.68092763,0.31907237
10500_geowiki-landcover-2017,0.32973152,0.6702684
2900_rwanda-ceo,0.7796423,0.22035766
653_tanzania-ceo,0.56216455,0.43783548
561_rwanda-ceo,0.5780748,0.42192522
9562_croplands,0.4518562,0.54814386
28484_geowiki-landcover-2017,0.68092656,0.31907347
5426_canada,0.32972953,0.6702705
710_croplands,0.44985372,0.55014634
22422_geowiki-landcover-2017,0.577463,0.4225371
3919_geowiki-landcover-2017,0.45185384,0.5481462
170_ile-de-france,0.32972968,0.6702703
23332_geowiki-landcover-2017,0.4518541,0.5481459
161_lem-brazil,0.3297307,0.6702693
458_geowiki-landcover-2017,0.5780729,0.42192706
497_germany,0.45185578,0.5481443
4661_geowiki-landcover-2017,0.6809271,0.31907284
2010_ile-de-france,0.32973072,0.67026925
6525_croplands,0.45185405,0.548146
1227_mali-helmets-labelling-crops,0.43382916,0.5661709
2144_central-asia,0.32973182,0.6702681
963_kenya-non-crop,0.7796423,0.22035766
19028_geowiki-landcover-2017,0.5780742,0.4219258
8660_geowiki-landcover-2017,0.45185384,0.5481461
22507_geowiki-landcover-2017,0.45185322,0.5481468
2375_canada,0.45185354,0.5481465
26972_geowiki-landcover-2017,0.57746255,0.42253748
14454_geowiki-landcover-2017,0.57746303,0.42253697
12400_geowiki-landcover-2017,0.5780709,0.42192912
5871_canada,0.3297296,0.67027044
646_rwanda-ceo,0.57807434,0.4219257
9902_geowiki-landcover-2017,0.5780745,0.4219255
23_uganda,0.6809267,0.31907338
20860_geowiki-landcover-2017,0.577463,0.4225371
1110_geowiki-landcover-2017,0.6943202,0.30567977
1996_ile-de-france,0.32972968,0.6702703
770_reunion-france,0.5780735,0.42192656
695_mali-helmets-labelling-crops,0.5621704,0.43782958
11352_geowiki-landcover-2017,0.5621583,0.43784168
1033_reunion-france,0.5780744,0.4219256
1306_tanzania-ceo,0.5780755,0.4219244
1223_kenya-non-crop,0.5621708,0.43782917
5690_ile-de-france,0.32972977,0.67027026
5443_ile-de-france,0.32973027,0.6702697
31870_geowiki-landcover-2017,0.44920608,0.55079395
9114_geowiki-landcover-2017,0.45185053,0.54814947
19145_geowiki-landcover-2017,0.5780746,0.42192543
1432_tanzania-ceo,0.6932669,0.30673307
692_martinique-france,0.56217146,0.43782857
23830_geowiki-landcover-2017,0.45185363,0.54814637
3582_rwanda-ceo,0.6943037,0.30569625
1138_togo,0.56217104,0.437829
2409_reunion-france,0.57807493,0.42192513
369_mali-helmets-labelling-crops,0.43383124,0.5661688
6422_canada,0.45185325,0.5481468
3058_canada,0.57746327,0.4225367
582_ile-de-france,0.45185518,0.5481448
839_rwanda-ceo,0.578067,0.42193294
2220_ile-de-france,0.4518537,0.5481463
5054_canada,0.3297297,0.6702703
807_rwanda-ceo,0.6942141,0.3057859
946_germany,0.45185268,0.54814726
3584_croplands,0.45185053,0.54814947
21429_geowiki-landcover-2017,0.3297299,0.67027
3386_ile-de-france,0.5774626,0.42253733
2027_rwanda-ceo,0.5780702,0.4219298
29071_geowiki-landcover-2017,0.5780753,0.42192474
900_reunion-france,0.4518541,0.5481459
284_tanzania-ceo,0.44921237,0.5507876
1846_reunion-france,0.45185396,0.54814607
131_kenya-non-crop,0.68092686,0.31907317
480_central-asia,0.32973057,0.6702695
1833_rwanda-ceo,0.6809268,0.31907323
30487_geowiki-landcover-2017,0.44921145,0.5507886
3769_canada,0.32972947,0.67027056
29081_geowiki-landcover-2017,0.45185143,0.5481486
8517_geowiki-landcover-2017,0.5780744,0.4219256
1434_martinique-france,0.5621712,0.43782875
13792_geowiki-landcover-2017,0.68092686,0.31907317
1025_martinique-france,0.5629162,0.4370838
5724_ile-de-france,0.32973033,0.67026967
28458_geowiki-landcover-2017,0.5621704,0.4378296
7065_canada,0.3297296,0.67027044
3001_ile-de-france,0.44921133,0.55078864
304_canada,0.45185393,0.54814607
12048_geowiki-landcover-2017,0.45185554,0.54814446
18503_geowiki-landcover-2017,0.57807493,0.42192513
21_sudan,0.5595419,0.44045815
2303_geowiki-landcover-2017,0.4338289,0.56617105
14752_geowiki-landcover-2017,0.7796429,0.22035718
30830_geowiki-landcover-2017,0.45185405,0.54814595
2764_rwanda-ceo,0.5780741,0.42192593
5622_canada,0.32973054,0.6702695
1454_canada,0.45185363,0.54814637
3796_central-asia,0.32972988,0.6702701
46_kenya,0.68092674,0.3190733
4144_ile-de-france,0.45185426,0.5481458
28138_geowiki-landcover-2017,0.56216997,0.43783003
2098_martinique-france,0.5621849,0.43781516
15699_geowiki-landcover-2017,0.5780745,0.42192546
2982_geowiki-landcover-2017,0.68038136,0.31961864
1059_mali-helmets-labelling-crops,0.43383026,0.5661698
98_kenya-non-crop,0.68092656,0.31907347
29411_geowiki-landcover-2017,0.3297297,0.6702703
17872_geowiki-landcover-2017,0.45185402,0.548146
12803_geowiki-landcover-2017,0.5780747,0.42192537
1300_germany,0.3297391,0.6702609
583_mali-helmets-labelling-crops,0.43382928,0.56617075
4640_croplands,0.4518429,0.5481571
2262_kenya-non-crop,0.56217104,0.43782896
8635_geowiki-landcover-2017,0.56217134,0.43782863
1597_tanzania-ceo,0.6943262,0.30567378
1112_martinique-france,0.56217164,0.43782833
1423_mali-helmets-labelling-crops,0.56216896,0.437831
19335_geowiki-landcover-2017,0.45185566,0.54814434
8004_geowiki-landcover-2017,0.4518557,0.54814434
4686_central-asia,0.32972997,0.67027
5797_croplands,0.32973075,0.67026925
546_tanzania-ceo,0.5780741,0.42192593
4710_canada,0.32972988,0.6702701
1840_rwanda-ceo,0.6943268,0.30567315
3892_canada,0.4518544,0.54814553
31819_geowiki-landcover-2017,0.32973322,0.6702668
5148_geowiki-landcover-2017,0.5780736,0.4219264
545_tanzania-rice-ecaas,0.57746273,0.42253733
10217_croplands,0.32973164,0.67026836
33633_geowiki-landcover-2017,0.57746273,0.4225373
2216_reunion-france,0.45185447,0.54814553
7684_canada,0.45185384,0.5481461
31649_geowiki-landcover-2017,0.6805571,0.3194429
23936_geowiki-landcover-2017,0.680927,0.319073
16426_geowiki-landcover-2017,0.4338288,0.56617117
1034_rwanda-ceo,0.7796428,0.22035718
1_ile-de-france,0.3297304,0.6702696
921_mali-helmets-labelling-crops,0.43484032,0.56515974
5798_ile-de-france,0.3297299,0.67027
485_ile-de-france,0.32973716,0.6702628
485_kenya-non-crop,0.5601596,0.43984038
36_togo,0.5621712,0.43782878
1690_ile-de-france,0.32973015,0.67026985
1948_canada,0.45185426,0.5481457
2133_central-asia,0.32973126,0.6702687
1712_tanzania-ceo,0.6943268,0.30567315
4209_ile-de-france,0.3297304,0.6702696
188_sudan,0.4338285,0.56617147
22000_geowiki-landcover-2017,0.56217164,0.43782842
1820_tanzania-ceo,0.57746214,0.4225379
10756_croplands,0.32973275,0.6702673
1359_germany,0.45185375,0.54814625
627_tanzania-rice-ecaas,0.45185456,0.5481455
1675_germany,0.32973155,0.6702684
6405_geowiki-landcover-2017,0.4518534,0.5481466
1662_kenya-non-crop,0.6809221,0.3190779
4736_central-asia,0.45185333,0.5481467
3306_ile-de-france,0.3297306,0.6702694
3624_geowiki-landcover-2017,0.5621712,0.43782878
16049_geowiki-landcover-2017,0.32972947,0.67027056
4933_ile-de-france,0.32973024,0.6702698
1003_ile-de-france,0.3297332,0.6702668
3874_ile-de-france,0.57746273,0.4225373
24236_geowiki-landcover-2017,0.57807463,0.42192537
3865_canada,0.3297297,0.6702703
1513_croplands,0.45185408,0.5481459
29251_geowiki-landcover-2017,0.44921386,0.55078614
246_tanzania-rice-ecaas,0.57643735,0.42356268
1734_geowiki-landcover-2017,0.57807523,0.4219248
1921_geowiki-landcover-2017,0.5621695,0.43783045
25647_geowiki-landcover-2017,0.45183283,0.54816717
7621_canada,0.32972944,0.67027056
5866_ile-de-france,0.32973057,0.6702694
1126_reunion-france,0.694326,0.30567396
33655_geowiki-landcover-2017,0.4518538,0.5481462
1758_martinique-france,0.5621717,0.43782827
2296_reunion-france,0.5780752,0.42192483
6029_ile-de-france,0.3297307,0.6702693
29112_geowiki-landcover-2017,0.45185456,0.5481455
5897_geowiki-landcover-2017,0.6809279,0.31907216
2210_kenya-non-crop,0.56217074,0.43782926
2508_germany,0.32973033,0.67026967
25281_geowiki-landcover-2017,0.45185772,0.54814225
29493_geowiki-landcover-2017,0.5780748,0.42192522
21900_geowiki-landcover-2017,0.45185322,0.5481468
242_rwanda-ceo,0.779642,0.220358
397_sudan,0.5621706,0.4378294
25812_geowiki-landcover-2017,0.5780749,0.42192513
33649_geowiki-landcover-2017,0.45184988,0.5481501
1856_geowiki-landcover-2017,0.5621698,0.43783024
2916_geowiki-landcover-2017,0.5621708,0.43782917
2154_kenya-non-crop,0.77964234,0.22035764
150_ile-de-france,0.32973292,0.6702671
572_lem-brazil,0.45185447,0.54814553
366_tanzania-rice-ecaas,0.32973528,0.6702647
1987_germany,0.32973063,0.67026937
923_rwanda-ceo,0.578075,0.42192498
6689_canada,0.4518535,0.5481465
983_togo,0.43382874,0.5661713
18825_geowiki-landcover-2017,0.32973105,0.67026895
676_ile-de-france,0.32973042,0.67026955
1851_germany,0.32973024,0.6702698
1470_ile-de-france,0.32973036,0.6702696
224_tanzania,0.4518594,0.5481406
6234_canada,0.45185363,0.54814637
3285_central-asia,0.3297299,0.67027
6934_canada,0.32973084,0.6702692
5392_geowiki-landcover-2017,0.4518537,0.54814637
11657_geowiki-landcover-2017,0.57807386,0.42192617
2099_canada,0.451854,0.548146
10811_croplands,0.32973155,0.6702684
2846_canada,0.4518539,0.54814607
1104_ile-de-france,0.45185465,0.54814535
3559_central-asia,0.32973,0.67027
858_martinique-france,0.6809261,0.31907395
7558_geowiki-landcover-2017,0.5595419,0.4404581
4367_canada,0.3297299,0.67027
1736_central-asia,0.32973105,0.67026895
20372_geowiki-landcover-2017,0.5780752,0.42192486
3323_rwanda-ceo,0.578075,0.42192498
2176_geowiki-landcover-2017,0.4518603,0.5481397
2406_martinique-france,0.5621712,0.43782875
3985_geowiki-landcover-2017,0.32973754,0.67026246
2862_rwanda-ceo,0.6808606,0.31913945
4488_ile-de-france,0.32973087,0.67026913
7005_geowiki-landcover-2017,0.5621703,0.4378297
35163_geowiki-landcover-2017,0.6808899,0.3191101
30494_geowiki-landcover-2017,0.3297295,0.67027056
1344_canada,0.44921127,0.5507887
11925_geowiki-landcover-2017,0.45186028,0.5481397
3763_canada,0.3297299,0.67027
1132_reunion-france,0.6943268,0.30567315
856_central-asia,0.3297297,0.67027026
306_croplands,0.32972938,0.6702706
795_rwanda-ceo,0.6740434,0.32595658
818_lem-brazil,0.4518658,0.5481342
3451_canada,0.57798225,0.4220177
25924_geowiki-landcover-2017,0.5601596,0.43984038
18_germany,0.3297306,0.6702694
576_ile-de-france,0.4518547,0.5481453
873_kenya-non-crop,0.7796418,0.22035822
84_ethiopia,0.5601595,0.43984047
8762_geowiki-landcover-2017,0.68037736,0.31962264
890_kenya-non-crop,0.7796423,0.22035766
3207_rwanda-ceo,0.6942141,0.3057859
22757_geowiki-landcover-2017,0.32973045,0.6702695
228_kenya,0.6809264,0.31907362
1149_kenya-non-crop,0.77964145,0.22035858
14249_geowiki-landcover-2017,0.44983092,0.55016905
2188_central-asia,0.32973304,0.6702669
3449_ile-de-france,0.4518541,0.5481459
551_rwanda-ceo,0.5780754,0.42192462
6869_croplands,0.4498318,0.5501682
1166_canada,0.45185405,0.54814595
263_geowiki-landcover-2017,0.69431096,0.30568907
2648_ile-de-france,0.3297302,0.6702698
159_martinique-france,0.56217164,0.43782833
5304_canada,0.45184797,0.548152
21863_geowiki-landcover-2017,0.5780771,0.42192298
2221_croplands,0.32973057,0.6702695
3273_ile-de-france,0.329731,0.670269
165_canada,0.4518542,0.54814583
3029_ile-de-france,0.32973126,0.6702688
35472_geowiki-landcover-2017,0.45185408,0.5481459
3064_canada,0.4518652,0.5481348
33393_geowiki-landcover-2017,0.45185414,0.54814583
30763_geowiki-landcover-2017,0.45185396,0.54814607
3203_rwanda-ceo,0.57807505,0.42192498
2777_central-asia,0.32973152,0.6702684
4718_canada,0.32973292,0.6702671
3119_ile-de-france,0.32973132,0.67026865
4635_canada,0.45185423,0.5481458
2930_central-asia,0.32973137,0.6702686
1628_central-asia,0.3297317,0.67026836
264_geowiki-landcover-2017,0.5780748,0.42192513
13667_geowiki-landcover-2017,0.56217074,0.43782926
12662_geowiki-landcover-2017,0.57807493,0.4219251
667_canada,0.45185375,0.54814625
80_uganda,0.6809263,0.31907365
4789_geowiki-landcover-2017,0.45185447,0.54814553
20124_geowiki-landcover-2017,0.45185366,0.54814637
10582_geowiki-landcover-2017,0.451854,0.548146
23966_geowiki-landcover-2017,0.56217086,0.4378291
321_germany,0.4518541,0.5481459
3162_rwanda-ceo,0.680927,0.31907296
7942_canada,0.32972965,0.6702704
2765_geowiki-landcover-2017,0.56217086,0.43782914
4317_geowiki-landcover-2017,0.56078106,0.43921897
17303_geowiki-landcover-2017,0.44983163,0.55016834
6806_canada,0.4518529,0.54814714
2513_kenya-non-crop,0.6809252,0.3190748
26440_geowiki-landcover-2017,0.32975563,0.6702444
2299_kenya-non-crop,0.56217116,0.43782887
2652_rwanda-ceo,0.7735025,0.22649746
4673_croplands,0.32973057,0.6702694
1764_ile-de-france,0.32973027,0.6702697
10827_geowiki-landcover-2017,0.6943268,0.30567324
3227_rwanda-ceo,0.5780702,0.4219298
6624_geowiki-landcover-2017,0.44983184,0.55016816
6031_geowiki-landcover-2017,0.45185453,0.5481455
1469_croplands,0.45185405,0.548146
535_kenya-non-crop,0.6809268,0.3190732
5727_canada,0.32973,0.67027
2212_canada,0.4518539,0.5481461
2142_central-asia,0.45185328,0.5481467
5584_geowiki-landcover-2017,0.56209487,0.43790516
7254_geowiki-landcover-2017,0.5780748,0.42192516
7349_canada,0.32973045,0.67026955
14422_geowiki-landcover-2017,0.5780742,0.42192578
1290_central-asia,0.32973063,0.67026937
359_reunion-france,0.45185393,0.54814607
14062_geowiki-landcover-2017,0.4518544,0.5481456
1294_canada,0.32972962,0.6702704
6768_croplands,0.57807505,0.4219249
1393_reunion-france,0.6943259,0.30567402
2187_germany,0.45185456,0.5481454
373_reunion-france,0.45185345,0.54814655
5587_ile-de-france,0.3297306,0.6702694
6870_canada,0.32973078,0.6702692
39_martinique-france,0.5621712,0.43782878
17440_geowiki-landcover-2017,0.4518539,0.54814607
3122_geowiki-landcover-2017,0.56217086,0.4378291
9038_geowiki-landcover-2017,0.5621699,0.4378301
96_mali-non-crop,0.5621714,0.43782863
745_ile-de-france,0.32973072,0.67026925
7454_canada,0.45185196,0.54814804
22498_geowiki-landcover-2017,0.4518539,0.54814607
12705_geowiki-landcover-2017,0.5780746,0.42192546
1099_martinique-france,0.56217146,0.43782857
5583_canada,0.4518533,0.5481467
3580_canada,0.32972962,0.6702704
2464_geowiki-landcover-2017,0.5621706,0.43782932
26829_geowiki-landcover-2017,0.4518179,0.5481821
828_central-asia,0.45185336,0.5481466
1188_ile-de-france,0.45185477,0.54814523
4548_croplands,0.32972986,0.67027014
7698_geowiki-landcover-2017,0.45185387,0.5481461
2588_croplands,0.4492116,0.5507884
805_ile-de-france,0.3297317,0.67026836
638_canada,0.32972947,0.67027056
2396_reunion-france,0.4518587,0.54814124
741_kenya-non-crop,0.68092674,0.3190733
26323_geowiki-landcover-2017,0.451854,0.548146
27804_geowiki-landcover-2017,0.5780747,0.4219253
2326_ile-de-france,0.32972962,0.6702704
330_lem-brazil,0.32972997,0.67027
174_reunion-france,0.57807547,0.42192453
4258_geowiki-landcover-2017,0.45185402,0.548146
11617_geowiki-landcover-2017,0.56217104,0.43782902
5520_ile-de-france,0.3297299,0.67027
30773_geowiki-landcover-2017,0.57746255,0.42253742
2021_canada,0.4518537,0.5481463
5646_geowiki-landcover-2017,0.43382853,0.56617147
2022_martinique-france,0.56217176,0.43782827
6700_geowiki-landcover-2017,0.45185518,0.5481448
67_canada,0.45185336,0.5481466
5410_ile-de-france,0.32973003,0.67026997
6746_canada,0.4518544,0.5481456
2616_ile-de-france,0.32973096,0.6702691
14_mali-non-crop,0.5621715,0.43782845
518_rwanda-ceo,0.578075,0.42192498
8585_geowiki-landcover-2017,0.451854,0.548146
14563_geowiki-landcover-2017,0.45185456,0.5481455
14270_geowiki-landcover-2017,0.5780747,0.4219253
7259_canada,0.32972947,0.67027056
1851_kenya-non-crop,0.779396,0.22060397
2445_ile-de-france,0.32973033,0.67026967
379_mali-helmets-labelling-crops,0.5621708,0.43782917
31_sudan,0.5595419,0.4404581
105_kenya-non-crop,0.68092567,0.3190743
845_germany,0.32973024,0.6702697
3493_ile-de-france,0.32973078,0.6702692
5126_central-asia,0.32972965,0.6702703
1649_ile-de-france,0.3297306,0.6702694
15911_geowiki-landcover-2017,0.4518547,0.54814535
1214_ile-de-france,0.4518542,0.54814583
5342_ile-de-france,0.32973024,0.6702698
45_sudan,0.5621712,0.43782878
372_tanzania-rice-ecaas,0.32973602,0.67026395
784_canada,0.45185375,0.54814625
6492_canada,0.44920048,0.55079955
2378_reunion-france,0.4518547,0.5481453
402_geowiki-landcover-2017,0.5780753,0.42192465
2236_geowiki-landcover-2017,0.56217206,0.43782791
22417_geowiki-landcover-2017,0.45185328,0.5481467
7691_geowiki-landcover-2017,0.43382904,0.566171
32992_geowiki-landcover-2017,0.5774628,0.42253718
3077_central-asia,0.32973135,0.67026865
4413_ile-de-france,0.32973093,0.6702691
5566_ile-de-france,0.45185098,0.54814905
18733_geowiki-landcover-2017,0.45185354,0.5481465
3172_canada,0.32972938,0.67027056
552_tanzania-rice-ecaas,0.45185518,0.5481448
5252_geowiki-landcover-2017,0.57718164,0.4228184
6596_canada,0.45185354,0.5481464
35554_geowiki-landcover-2017,0.5621695,0.43783054
378_rwanda-ceo,0.7796426,0.22035745
549_central-asia,0.32973143,0.67026854
734_central-asia,0.32973117,0.67026883
1226_rwanda-ceo,0.7796428,0.22035722
2240_ile-de-france,0.45185462,0.5481454
9494_croplands,0.45185384,0.5481462
31454_geowiki-landcover-2017,0.6943258,0.3056742
2122_croplands,0.3297303,0.6702697
993_germany,0.45185393,0.54814607
1935_reunion-france,0.5780716,0.4219284
251_martinique-france,0.5621719,0.43782818
1684_rwanda-ceo,0.6809269,0.31907302
4559_central-asia,0.32972988,0.6702701
6039_ile-de-france,0.32973334,0.6702666
3650_central-asia,0.32972983,0.67027014
1745_tanzania-ceo,0.5780743,0.42192572
380_reunion-france,0.4518537,0.54814625
2163_germany,0.45185494,0.54814506
4084_central-asia,0.32972962,0.6702704
1624_central-asia,0.32973173,0.67026824
7880_canada,0.45185298,0.54814696
1174_togo,0.56218314,0.4378169
2081_martinique-france,0.5621717,0.43782833
24425_geowiki-landcover-2017,0.45188776,0.5481123
30424_geowiki-landcover-2017,0.4518476,0.5481524
29864_geowiki-landcover-2017,0.6943264,0.30567357
16831_geowiki-landcover-2017,0.3297315,0.6702685
186_martinique-france,0.56217116,0.43782887
745_geowiki-landcover-2017,0.5621708,0.4378292
8502_croplands,0.45185298,0.5481471
689_kenya-non-crop,0.6809263,0.31907362
3788_ile-de-france,0.32973197,0.670268
204_uganda,0.5780753,0.42192474
10490_croplands,0.32973292,0.67026705
14837_geowiki-landcover-2017,0.5780678,0.42193222
33222_geowiki-landcover-2017,0.451854,0.548146
191_ile-de-france,0.32973024,0.6702697
20298_geowiki-landcover-2017,0.45185396,0.54814607
4703_geowiki-landcover-2017,0.57546854,0.42453146
467_lem-brazil,0.45185375,0.54814625
9716_geowiki-landcover-2017,0.5621708,0.43782917
2246_central-asia,0.32973117,0.6702689
1530_rwanda-ceo,0.5780748,0.42192522
2645_rwanda-ceo,0.69432676,0.30567327
7387_geowiki-landcover-2017,0.44920263,0.55079734
882_martinique-france,0.56217146,0.43782857
1371_rwanda-ceo,0.69432676,0.3056732
2101_ile-de-france,0.4518551,0.54814494
23394_geowiki-landcover-2017,0.57807463,0.42192537
10586_croplands,0.32973474,0.67026526
1508_canada,0.32972947,0.67027056
93_tanzania,0.4498322,0.55016774
3771_geowiki-landcover-2017,0.56217146,0.43782857
21084_geowiki-landcover-2017,0.5774621,0.42253792
1311_rwanda-ceo,0.5780745,0.42192551
665_mali-helmets-labelling-crops,0.43384692,0.56615305
202_togo,0.56217104,0.43782896
6183_canada,0.45185384,0.5481462
535_togo,0.56217366,0.4378263
1795_central-asia,0.3297313,0.6702687
35310_geowiki-landcover-2017,0.32972965,0.6702704
2016_germany,0.32972974,0.67027026
2562_central-asia,0.329731,0.670269
12441_geowiki-landcover-2017,0.45185435,0.5481457
1649_germany,0.45185512,0.5481449
370_canada,0.451854,0.548146
10660_croplands,0.32973322,0.6702668
1316_martinique-france,0.56217134,0.4378287
477_rwanda-ceo,0.6809269,0.31907302
4257_geowiki-landcover-2017,0.68092656,0.31907347
1464_geowiki-landcover-2017,0.5774654,0.42253456
361_kenya-non-crop,0.44983247,0.55016756
9807_geowiki-landcover-2017,0.57806325,0.42193672
1750_kenya-non-crop,0.77964234,0.22035764
34689_geowiki-landcover-2017,0.45185405,0.548146
11391_geowiki-landcover-2017,0.45185438,0.54814565
25322_geowiki-landcover-2017,0.4518537,0.54814637
418_croplands,0.5621719,0.43782812
21445_geowiki-landcover-2017,0.5774631,0.42253688
11550_geowiki-landcover-2017,0.68092614,0.31907392
1269_geowiki-landcover-2017,0.4498327,0.55016726
30906_geowiki-landcover-2017,0.5780746,0.42192546
25372_geowiki-landcover-2017,0.45185384,0.5481461
33918_geowiki-landcover-2017,0.3297297,0.6702703
27425_geowiki-landcover-2017,0.5621702,0.43782985
218_mali-helmets-labelling-crops,0.4338286,0.56617135
821_geowiki-landcover-2017,0.56217104,0.43782902
29347_geowiki-landcover-2017,0.45185393,0.54814607
17029_geowiki-landcover-2017,0.6942874,0.30571258
16183_geowiki-landcover-2017,0.57746327,0.42253673
858_germany,0.3297302,0.67026985
6759_geowiki-landcover-2017,0.45185414,0.54814583
4576_ile-de-france,0.3297314,0.67026854
12596_croplands,0.5621558,0.4378442
22614_geowiki-landcover-2017,0.32973304,0.6702669
811_kenya-non-crop,0.68093574,0.31906426
3774_canada,0.32972944,0.67027056
31312_geowiki-landcover-2017,0.32973,0.67026997
2926_rwanda-ceo,0.57820016,0.42179987
18114_geowiki-landcover-2017,0.45185414,0.54814583
1165_mali-helmets-labelling-crops,0.43382904,0.566171
20482_geowiki-landcover-2017,0.45185554,0.54814446
24969_geowiki-landcover-2017,0.4518538,0.5481462
17418_geowiki-landcover-2017,0.5780741,0.42192584
238_central-asia,0.3297306,0.6702694
23358_geowiki-landcover-2017,0.45185462,0.54814535
280_togo,0.43383163,0.56616837
33273_geowiki-landcover-2017,0.32972977,0.67027026
4608_canada,0.32972938,0.67027056
640_kenya-non-crop,0.68092525,0.3190748
19105_geowiki-landcover-2017,0.4518537,0.54814625
14542_geowiki-landcover-2017,0.4518534,0.54814655
283_ethiopia,0.6809269,0.31907308
6974_geowiki-landcover-2017,0.32973084,0.6702692
4493_croplands,0.3297301,0.6702699
29557_geowiki-landcover-2017,0.32972956,0.6702705
13055_geowiki-landcover-2017,0.57807857,0.4219214
13195_geowiki-landcover-2017,0.68038166,0.31961834
31403_geowiki-landcover-2017,0.43390918,0.5660908
21395_geowiki-landcover-2017,0.56217116,0.43782887
481_croplands,0.43382865,0.5661713
10090_geowiki-landcover-2017,0.5621699,0.4378301
12485_geowiki-landcover-2017,0.5779764,0.4220236
30790_geowiki-landcover-2017,0.3297312,0.67026883
15937_geowiki-landcover-2017,0.5780758,0.42192417
2140_rwanda-ceo,0.68092626,0.3190737
6569_canada,0.32973143,0.67026854
31025_geowiki-landcover-2017,0.3297332,0.6702668
1462_mali-helmets-labelling-crops,0.4338288,0.56617117
2762_ile-de-france,0.4518536,0.5481464
4562_ile-de-france,0.3297303,0.6702697
6744_croplands,0.44983163,0.5501684
17643_geowiki-landcover-2017,0.45186406,0.54813594
35501_geowiki-landcover-2017,0.45185357,0.5481464
371_tanzania-rice-ecaas,0.32979077,0.6702092
4_canada,0.45185384,0.5481462
3570_geowiki-landcover-2017,0.5621708,0.43782917
2037_rwanda-ceo,0.6808716,0.31912842
4160_central-asia,0.32973018,0.67026985
567_rwanda-ceo,0.68092704,0.31907293
309_croplands,0.32972932,0.6702707
1390_central-asia,0.4518544,0.54814565
1095_mali-helmets-labelling-crops,0.43383014,0.56616986
3860_geowiki-landcover-2017,0.32982948,0.6701705
21310_geowiki-landcover-2017,0.57806605,0.4219339
548_lem-brazil,0.451854,0.548146
206_tanzania-ceo,0.451857,0.548143
10602_geowiki-landcover-2017,0.5780746,0.42192546
2329_germany,0.45185408,0.5481459
2248_germany,0.45185542,0.54814464
4764_central-asia,0.32973063,0.67026937
2818_rwanda-ceo,0.5780742,0.42192578
4658_croplands,0.45183912,0.5481609
4883_central-asia,0.32973018,0.67026985
25338_geowiki-landcover-2017,0.57807577,0.4219242
1981_germany,0.32973045,0.67026955
2038_rwanda-ceo,0.578075,0.421925
807_kenya-non-crop,0.7796399,0.22036007
2732_geowiki-landcover-2017,0.5621703,0.4378296
1746_tanzania-ceo,0.69432616,0.3056738
10708_croplands,0.32973114,0.6702689
25473_geowiki-landcover-2017,0.4518539,0.5481461
398_togo,0.43382862,0.56617135
932_ile-de-france,0.4518538,0.5481462
2919_geowiki-landcover-2017,0.56217074,0.4378293
3088_ile-de-france,0.32973042,0.67026955
30808_geowiki-landcover-2017,0.45185426,0.5481458
15063_geowiki-landcover-2017,0.5847842,0.41521582
392_geowiki-landcover-2017,0.68092716,0.31907284
9220_geowiki-landcover-2017,0.5780754,0.42192462
567_mali-helmets-labelling-crops,0.5621708,0.4378292
1920_rwanda-ceo,0.69430006,0.30569994
1977_canada,0.4518542,0.54814583
3065_ile-de-france,0.32972962,0.6702704
3209_rwanda-ceo,0.68092585,0.31907415
75_lem-brazil,0.45185542,0.5481446
2035_canada,0.45185444,0.54814553
24396_geowiki-landcover-2017,0.5780752,0.42192486
2115_martinique-france,0.56217295,0.43782705
1770_germany,0.32973084,0.67026913
34790_geowiki-landcover-2017,0.45185328,0.5481467
13844_croplands,0.329736,0.670264
2056_kenya-non-crop,0.5621708,0.43782917
1069_rwanda-ceo,0.5780753,0.42192474
30535_geowiki-landcover-2017,0.45185363,0.54814637
1048_kenya-non-crop,0.7796419,0.22035804
4773_ile-de-france,0.32973012,0.67026985
2475_central-asia,0.3297307,0.6702693
3234_geowiki-landcover-2017,0.562172,0.437828
1928_central-asia,0.32973063,0.67026937
4488_croplands,0.44921124,0.55078876
12824_croplands,0.32973024,0.6702698
2_tanzania-rice-ecaas,0.4497795,0.5502205
478_tanzania-rice-ecaas,0.44921634,0.55078363
6332_geowiki-landcover-2017,0.45185354,0.5481464
2261_germany,0.32972965,0.6702703
6033_canada,0.3297301,0.6702699
7787_geowiki-landcover-2017,0.32973957,0.6702604
1241_tanzania-ceo,0.57810736,0.42189264
957_tanzania-ceo,0.45185435,0.54814565
9268_geowiki-landcover-2017,0.56217164,0.43782842
477_tanzania-ceo,0.6943257,0.30567434
258_togo,0.43382898,0.56617105
22122_geowiki-landcover-2017,0.45185506,0.548145
7244_canada,0.32972944,0.67027056
33105_geowiki-landcover-2017,0.45184553,0.54815453
33950_geowiki-landcover-2017,0.44921145,0.5507886
706_kenya-non-crop,0.6809255,0.31907448
2496_canada,0.4518538,0.5481462
7736_canada,0.3297366,0.6702634
11362_geowiki-landcover-2017,0.68092674,0.3190733
20963_geowiki-landcover-2017,0.4518544,0.5481456
22234_geowiki-landcover-2017,0.45185366,0.54814637
6084_canada,0.32973072,0.67026925
1031_ile-de-france,0.4518537,0.54814637
2676_ile-de-france,0.45185155,0.5481484
82_ile-de-france,0.32973057,0.6702695
8890_geowiki-landcover-2017,0.56217027,0.43782973
3004_ile-de-france,0.32973102,0.67026895
6233_geowiki-landcover-2017,0.5774582,0.42254186
35783_geowiki-landcover-2017,0.43382865,0.56617135
570_ile-de-france,0.45185384,0.5481462
4727_geowiki-landcover-2017,0.5621712,0.43782875
4066_geowiki-landcover-2017,0.5754227,0.42457724
262_kenya,0.6809269,0.31907302
25785_geowiki-landcover-2017,0.5780746,0.42192543
668_lem-brazil,0.57746285,0.42253715
130_martinique-france,0.5621722,0.43782786
2119_rwanda-ceo,0.67860323,0.32139674
3658_ile-de-france,0.4518546,0.5481454
599_kenya-non-crop,0.68090755,0.31909248
6606_canada,0.3297305,0.6702695
1783_germany,0.45185474,0.5481453
2363_germany,0.45185396,0.54814607
25532_geowiki-landcover-2017,0.4518544,0.54814565
887_kenya-non-crop,0.77964145,0.22035854
3634_central-asia,0.4518543,0.5481457
263_germany,0.45185536,0.54814464
4683_central-asia,0.45185447,0.54814553
3670_canada,0.32973027,0.6702697
1197_canada,0.45185354,0.5481464
758_tanzania-rice-ecaas,0.44921124,0.5507887
1925_rwanda-ceo,0.5780747,0.42192537
3324_rwanda-ceo,0.77964246,0.22035761
277_croplands,0.44921076,0.55078924
12325_geowiki-landcover-2017,0.45190936,0.54809064
3393_canada,0.4518534,0.5481466
204_mali-helmets-labelling-crops,0.56215143,0.4378486
1921_reunion-france,0.5779969,0.42200306
32519_geowiki-landcover-2017,0.45185453,0.5481455
28_martinique-france,0.4338298,0.5661702
25214_geowiki-landcover-2017,0.3297299,0.67027
4899_ile-de-france,0.45185366,0.54814637
1154_rwanda-ceo,0.57546973,0.42453027
6705_canada,0.4518546,0.5481454
528_croplands,0.56216884,0.43783116
24851_geowiki-landcover-2017,0.5621706,0.43782932
2419_central-asia,0.4518246,0.54817545
7040_geowiki-landcover-2017,0.45185387,0.5481461
3226_geowiki-landcover-2017,0.5621708,0.43782917
3110_ile-de-france,0.3297305,0.6702695
17580_geowiki-landcover-2017,0.5774588,0.42254123
2534_kenya-non-crop,0.68092734,0.3190727
2703_rwanda-ceo,0.5780741,0.42192593
4375_ile-de-france,0.32973042,0.67026955
587_lem-brazil,0.4518539,0.5481461
1106_tanzania-ceo,0.57807446,0.42192554
485_tanzania-ceo,0.5780754,0.42192465
706_martinique-france,0.56217146,0.43782857
5023_canada,0.32972977,0.67027026
24989_geowiki-landcover-2017,0.45185956,0.54814047
29205_geowiki-landcover-2017,0.44919556,0.55080444
1136_tanzania-ceo,0.5782223,0.42177776
17637_geowiki-landcover-2017,0.45185366,0.54814637
25859_geowiki-landcover-2017,0.694325,0.305675
34812_geowiki-landcover-2017,0.45185483,0.5481452
630_germany,0.45185548,0.5481445
394_tanzania-ceo,0.7796417,0.22035834
31350_geowiki-landcover-2017,0.4338328,0.56616724
15261_geowiki-landcover-2017,0.562172,0.43782797
643_geowiki-landcover-2017,0.5774631,0.4225369
1282_mali-helmets-labelling-crops,0.5621707,0.43782932
937_central-asia,0.4492114,0.5507886
5201_ile-de-france,0.32973108,0.6702689
35810_geowiki-landcover-2017,0.57807475,0.42192528
941_togo,0.5621549,0.43784514
4292_canada,0.45185387,0.5481461
3998_central-asia,0.451854,0.548146
1138_martinique-france,0.56217176,0.43782827
2845_rwanda-ceo,0.6809275,0.3190725
21937_geowiki-landcover-2017,0.56217116,0.4378288
592_mali-helmets-labelling-crops,0.43382865,0.56617135
3308_ile-de-france,0.32973084,0.6702692
10721_croplands,0.45185524,0.54814476
3580_geowiki-landcover-2017,0.5621712,0.43782878
1425_kenya-non-crop,0.45185935,0.54814065
572_martinique-france,0.5621707,0.43782932
678_reunion-france,0.69431764,0.30568233
9059_geowiki-landcover-2017,0.44982934,0.55017066
34034_geowiki-landcover-2017,0.4518551,0.54814494
1479_rwanda-ceo,0.6809269,0.31907308
3645_canada,0.32972956,0.6702705
19945_geowiki-landcover-2017,0.45185405,0.548146
29383_geowiki-landcover-2017,0.45185396,0.54814607
3416_rwanda-ceo,0.5780752,0.4219249
21140_geowiki-landcover-2017,0.4518329,0.5481671
4975_ile-de-france,0.32972965,0.6702703
2292_ile-de-france,0.4492119,0.55078816
31131_geowiki-landcover-2017,0.5621717,0.4378283
3199_canada,0.3297299,0.67027
2770_canada,0.32973024,0.6702698
29092_geowiki-landcover-2017,0.5774616,0.4225384
7315_geowiki-landcover-2017,0.45185435,0.54814565
12984_geowiki-landcover-2017,0.43383324,0.56616676
1146_central-asia,0.3297301,0.67026997
458_tanzania-ceo,0.6943261,0.30567387
2228_croplands,0.4518539,0.54814607
2205_ile-de-france,0.32973057,0.6702695
11833_geowiki-landcover-2017,0.56217223,0.43782777
2195_canada,0.45185456,0.5481455
639_mali-helmets-labelling-crops,0.43383485,0.5661651
600_kenya-non-crop,0.6809269,0.3190731
28377_geowiki-landcover-2017,0.6809264,0.3190736
1665_ile-de-france,0.32973206,0.67026794
10485_croplands,0.451854,0.548146
34752_geowiki-landcover-2017,0.5774628,0.42253724
336_tanzania-rice-ecaas,0.32973924,0.6702607
739_reunion-france,0.6943249,0.3056751
2156_rwanda-ceo,0.57807374,0.42192626
12609_geowiki-landcover-2017,0.578063,0.42193696
33948_geowiki-landcover-2017,0.45185423,0.5481458
1276_kenya-non-crop,0.6943377,0.30566227
2782_ile-de-france,0.32973063,0.67026937
6993_geowiki-landcover-2017,0.3297307,0.6702693
616_mali-helmets-labelling-crops,0.4338286,0.5661714
4388_central-asia,0.32973015,0.67026985
2158_central-asia,0.45128828,0.5487117
1584_geowiki-landcover-2017,0.5621709,0.43782905
3468_canada,0.45185456,0.5481455
30125_geowiki-landcover-2017,0.3297297,0.6702703
2246_kenya-non-crop,0.56217104,0.43782896
32467_geowiki-landcover-2017,0.3297295,0.67027056
462_croplands,0.5621704,0.4378296
5834_croplands,0.45185354,0.5481464
14956_croplands,0.45185485,0.5481451
62_tanzania-rice-ecaas,0.34408447,0.65591556
6129_ile-de-france,0.32973063,0.67026937
34980_geowiki-landcover-2017,0.562171,0.43782902
5563_canada,0.32972944,0.67027056
3539_ile-de-france,0.32973158,0.6702684
32941_geowiki-landcover-2017,0.56217074,0.43782926
26571_geowiki-landcover-2017,0.45185372,0.54814625
3318_central-asia,0.32972988,0.6702701
9675_geowiki-landcover-2017,0.5780749,0.42192513
328_ethiopia,0.5601607,0.4398393
1064_croplands,0.3297306,0.6702694
28986_geowiki-landcover-2017,0.45185435,0.5481457
3765_central-asia,0.3297299,0.67027
26015_geowiki-landcover-2017,0.43382835,0.5661716
7833_geowiki-landcover-2017,0.56217027,0.43782976
2216_central-asia,0.3297324,0.6702676
33958_geowiki-landcover-2017,0.45185542,0.5481446
314_mali-helmets-labelling-crops,0.43382883,0.56617117
2650_geowiki-landcover-2017,0.5621722,0.43782783
307_kenya-non-crop,0.68092686,0.31907317
788_croplands,0.45185226,0.5481477
399_germany,0.32972968,0.6702703
3625_geowiki-landcover-2017,0.56217074,0.4378293
12882_geowiki-landcover-2017,0.56187207,0.438128
12270_geowiki-landcover-2017,0.4518537,0.54814625
13418_geowiki-landcover-2017,0.56217086,0.4378291
5196_ile-de-france,0.32973075,0.6702693
15946_geowiki-landcover-2017,0.5780743,0.42192575
612_ile-de-france,0.3297305,0.6702695
3312_ile-de-france,0.32973278,0.6702673
15259_geowiki-landcover-2017,0.5780745,0.42192551
3205_ile-de-france,0.3297307,0.6702693
33920_geowiki-landcover-2017,0.32972947,0.6702705
9523_croplands,0.44921154,0.5507884
6868_canada,0.32973105,0.67026895
15905_geowiki-landcover-2017,0.5780743,0.4219257
5640_geowiki-landcover-2017,0.5780736,0.4219264
5198_canada,0.32972944,0.67027056
596_tanzania-ceo,0.69432634,0.3056736
4265_geowiki-landcover-2017,0.44983143,0.5501686
6039_canada,0.32972938,0.6702706
11650_croplands,0.43382874,0.5661712
1645_kenya-non-crop,0.779641,0.22035906
1440_rwanda-ceo,0.5780747,0.42192537
248_tanzania,0.45185915,0.5481409
5452_ile-de-france,0.32972988,0.6702701
3304_rwanda-ceo,0.5780745,0.42192546
431_central-asia,0.32973084,0.6702692
625_ile-de-france,0.32973033,0.67026967
1475_ile-de-france,0.32973057,0.6702695
127_tanzania,0.5780752,0.42192486
5912_canada,0.32973036,0.6702696
34468_geowiki-landcover-2017,0.5780753,0.42192465
14734_geowiki-landcover-2017,0.56216997,0.43783003
2956_ile-de-france,0.3297303,0.6702697
15199_geowiki-landcover-2017,0.68092614,0.31907383
1955_martinique-france,0.56217116,0.43782887
111_reunion-france,0.5780753,0.42192474
2044_ile-de-france,0.32973045,0.6702695
267_togo,0.4338294,0.56617063
22149_geowiki-landcover-2017,0.45185417,0.54814583
222_tanzania-rice-ecaas,0.32976228,0.6702377
1372_martinique-france,0.5621714,0.43782857
20269_geowiki-landcover-2017,0.59772563,0.40227437
27939_geowiki-landcover-2017,0.5780746,0.42192543
873_geowiki-landcover-2017,0.5780748,0.42192513
20893_geowiki-landcover-2017,0.5623308,0.43766922
1937_kenya-non-crop,0.55954206,0.44045794
290_tanzania,0.57807153,0.42192847
5480_ile-de-france,0.45185181,0.5481482
720_germany,0.32973024,0.6702697
27025_geowiki-landcover-2017,0.5780748,0.42192513
2309_canada,0.451854,0.548146
266_mali-helmets-labelling-crops,0.43382874,0.5661712
2429_reunion-france,0.45185438,0.54814565
1643_canada,0.45185137,0.54814863
1101_geowiki-landcover-2017,0.45185348,0.54814655
1890_reunion-france,0.57807446,0.42192554
31745_geowiki-landcover-2017,0.4518544,0.54814565
33200_geowiki-landcover-2017,0.32976344,0.6702365
2087_reunion-france,0.6942335,0.30576652
48_ethiopia,0.56016016,0.43983987
801_germany,0.32973024,0.6702698
3733_central-asia,0.4518541,0.5481459
54_canada,0.44921514,0.5507849
6_kenya-non-crop,0.68092716,0.3190728
34899_geowiki-landcover-2017,0.45185426,0.5481457
7037_canada,0.32972935,0.6702707
30460_geowiki-landcover-2017,0.45185345,0.54814655
4066_central-asia,0.3297302,0.6702698
217_tanzania-rice-ecaas,0.44983032,0.5501697
589_canada,0.3300275,0.66997254
876_tanzania-ceo,0.5780713,0.42192867
26555_geowiki-landcover-2017,0.45185405,0.548146
2214_tanzania-ceo,0.57746327,0.42253676
1143_rwanda-ceo,0.68092686,0.31907317
2087_rwanda-ceo,0.6809164,0.31908354
2636_kenya-non-crop,0.7796422,0.22035776
160_lem-brazil,0.45185384,0.5481462
12468_geowiki-landcover-2017,0.5780749,0.42192513
111_kenya,0.6809262,0.31907383
6611_canada,0.4518546,0.5481454
3272_ile-de-france,0.32973206,0.67026794
26370_geowiki-landcover-2017,0.5621708,0.43782917
2604_canada,0.3297297,0.6702703
17985_geowiki-landcover-2017,0.5621714,0.43782863
4661_central-asia,0.4518544,0.54814565
7827_canada,0.45185462,0.54814535
2258_tanzania-ceo,0.6943261,0.30567393
7695_canada,0.45185447,0.54814553
12848_croplands,0.4518539,0.54814607
4045_canada,0.45185408,0.5481459
29805_geowiki-landcover-2017,0.45185387,0.5481461
13539_croplands,0.4517061,0.5482939
6497_canada,0.3297306,0.6702694
6917_canada,0.32972965,0.6702704
25097_geowiki-landcover-2017,0.4808178,0.5191822
5343_ile-de-france,0.32972997,0.67027
484_ethiopia,0.77952904,0.22047092
1910_reunion-france,0.45185623,0.54814374
122_central-asia,0.3297312,0.6702688
2611_geowiki-landcover-2017,0.5621708,0.4378292
2351_geowiki-landcover-2017,0.5621789,0.43782112
18696_geowiki-landcover-2017,0.32972997,0.67027
6731_croplands,0.57807446,0.42192554
3490_ile-de-france,0.32973012,0.6702699
1122_rwanda-ceo,0.6809269,0.31907308
65_tanzania-ceo,0.578074,0.42192602
2569_central-asia,0.32973078,0.6702692
5189_geowiki-landcover-2017,0.45185423,0.5481458
20489_geowiki-landcover-2017,0.5774628,0.42253724
6009_geowiki-landcover-2017,0.44983152,0.55016845
47_germany,0.4518553,0.5481447
2187_rwanda-ceo,0.68092746,0.31907254
3054_ile-de-france,0.32973033,0.67026967
2453_kenya-non-crop,0.56217086,0.43782914
10806_croplands,0.4518541,0.5481459
27405_geowiki-landcover-2017,0.562171,0.43782902
2917_canada,0.32972947,0.6702705
362_ile-de-france,0.45185208,0.5481479
13412_geowiki-landcover-2017,0.45185518,0.5481448
735_rwanda-ceo,0.77964264,0.22035734
5010_canada,0.32972974,0.67027026
31070_geowiki-landcover-2017,0.45185354,0.5481464
9483_croplands,0.3297523,0.6702477
10417_geowiki-landcover-2017,0.4498315,0.5501686
1455_rwanda-ceo,0.5780754,0.42192456
3036_rwanda-ceo,0.5780861,0.42191395
1476_central-asia,0.3297306,0.6702694
23762_geowiki-landcover-2017,0.4518549,0.5481451
222_croplands,0.45185333,0.54814667
20133_geowiki-landcover-2017,0.45187265,0.54812735
1872_germany,0.32972986,0.67027014
387_tanzania-ceo,0.4518542,0.54814583
11843_geowiki-landcover-2017,0.4518542,0.54814583
1561_rwanda-ceo,0.44983712,0.5501629
31068_geowiki-landcover-2017,0.32973194,0.670268
14935_croplands,0.3297303,0.6702697
5323_geowiki-landcover-2017,0.45185384,0.5481462
807_ethiopia,0.5621704,0.4378296
22698_geowiki-landcover-2017,0.5780786,0.42192137
10740_croplands,0.4518519,0.5481481
1681_tanzania-ceo,0.57807475,0.42192525
2654_kenya-non-crop,0.6809265,0.31907353
541_lem-brazil,0.45185465,0.54814535
384_ethiopia,0.68092996,0.31907004
62_kenya-non-crop,0.77964234,0.22035764
2868_croplands,0.32973036,0.6702696
414_croplands,0.451861,0.54813904
1496_croplands,0.32973105,0.67026895
2956_geowiki-landcover-2017,0.5621706,0.43782932
74_canada,0.4518539,0.5481461
7371_geowiki-landcover-2017,0.45185387,0.5481461
80_ile-de-france,0.32973093,0.6702691
3543_central-asia,0.3297298,0.67027014
20875_geowiki-landcover-2017,0.68092394,0.31907606
3971_ile-de-france,0.32973057,0.6702695
14590_geowiki-landcover-2017,0.57807475,0.42192528
4160_geowiki-landcover-2017,0.5780748,0.42192516
11407_geowiki-landcover-2017,0.45185375,0.54814625
5781_ile-de-france,0.32973057,0.6702695
31_togo,0.5621714,0.43782863
1834_rwanda-ceo,0.6943248,0.3056752
274_croplands,0.5621715,0.43782848
118_lem-brazil,0.45187518,0.5481248
13167_geowiki-landcover-2017,0.5621705,0.43782946
11568_croplands,0.45185584,0.54814416
1084_ile-de-france,0.45185453,0.5481455
11649_geowiki-landcover-2017,0.57807434,0.42192566
1342_rwanda-ceo,0.68092734,0.31907272
10_mali,0.43382865,0.56617135
2036_canada,0.45185453,0.5481455
5016_canada,0.3297297,0.6702703
32073_geowiki-landcover-2017,0.32973015,0.67026985
851_martinique-france,0.56217146,0.43782854
13299_geowiki-landcover-2017,0.5621713,0.43782872
28105_geowiki-landcover-2017,0.45185357,0.5481464
31910_geowiki-landcover-2017,0.45185402,0.548146
5442_canada,0.32972997,0.67027
671_croplands,0.5621713,0.43782872
1090_kenya-non-crop,0.56016755,0.4398324
1313_croplands,0.4338285,0.5661715
13393_geowiki-landcover-2017,0.5621698,0.43783015
3902_canada,0.32973033,0.6702696
245_tanzania-rice-ecaas,0.5754065,0.4245935
1079_togo,0.6809266,0.3190734
22693_geowiki-landcover-2017,0.6809268,0.31907323
851_germany,0.32973024,0.6702697
7497_geowiki-landcover-2017,0.4518537,0.5481463
32542_geowiki-landcover-2017,0.32972962,0.6702704
26536_geowiki-landcover-2017,0.45185354,0.5481465
949_germany,0.45185456,0.5481454
16714_geowiki-landcover-2017,0.5621708,0.43782917
32150_geowiki-landcover-2017,0.3297297,0.6702703
23459_geowiki-landcover-2017,0.5774631,0.42253688
4545_central-asia,0.3297299,0.67027
46_ile-de-france,0.3297314,0.6702686
11119_geowiki-landcover-2017,0.5780753,0.42192474
3833_geowiki-landcover-2017,0.6943205,0.30567953
6007_canada,0.32972938,0.6702706
14899_geowiki-landcover-2017,0.5780753,0.42192474
9387_geowiki-landcover-2017,0.6808866,0.3191133
25593_geowiki-landcover-2017,0.44983163,0.5501684
1358_central-asia,0.4518324,0.5481675
521_croplands,0.32974938,0.67025065
6122_geowiki-landcover-2017,0.32973132,0.6702687
3450_rwanda-ceo,0.578074,0.42192602
6983_canada,0.45185354,0.5481464
6886_geowiki-landcover-2017,0.4518542,0.54814583
2033_ile-de-france,0.32973072,0.67026925
2379_martinique-france,0.56217295,0.437827
3491_rwanda-ceo,0.44983163,0.55016834
7889_geowiki-landcover-2017,0.56217027,0.43782976
185_sudan,0.5621706,0.43782935
34267_geowiki-landcover-2017,0.5780754,0.4219246
1319_ile-de-france,0.45185322,0.5481468
5517_ile-de-france,0.45185313,0.5481469
855_togo,0.56217074,0.43782932
1223_germany,0.45185497,0.54814506
2593_central-asia,0.3297309,0.6702691
2582_rwanda-ceo,0.68092716,0.3190728
4272_canada,0.4518541,0.5481459
2591_rwanda-ceo,0.6809541,0.3190459
3277_geowiki-landcover-2017,0.5621704,0.4378296
626_geowiki-landcover-2017,0.45185986,0.54814017
1219_reunion-france,0.5780747,0.42192534
5_tanzania-ceo,0.5780734,0.42192662
34674_geowiki-landcover-2017,0.45185435,0.5481457
708_reunion-france,0.5755811,0.42441893
2012_central-asia,0.32973042,0.67026955
34068_geowiki-landcover-2017,0.45185456,0.5481454
675_mali-helmets-labelling-crops,0.56217116,0.43782887
25572_geowiki-landcover-2017,0.6943268,0.30567315
27001_geowiki-landcover-2017,0.5780752,0.42192486
637_tanzania-rice-ecaas,0.4518565,0.5481435
3316_geowiki-landcover-2017,0.56217176,0.43782827
3227_geowiki-landcover-2017,0.5621708,0.43782917
1780_ile-de-france,0.3297307,0.6702693
2592_geowiki-landcover-2017,0.5621706,0.4378294
3653_canada,0.3297301,0.67026997
1846_germany,0.3297306,0.6702694
21195_geowiki-landcover-2017,0.4518533,0.5481467
1109_germany,0.45185453,0.5481455
2548_reunion-france,0.5780611,0.4219389
5670_ile-de-france,0.32973188,0.6702681
1828_geowiki-landcover-2017,0.56217134,0.43782872
18218_geowiki-landcover-2017,0.43382812,0.5661719
778_tanzania-ceo,0.7796417,0.22035824
7407_geowiki-landcover-2017,0.32972962,0.6702704
645_germany,0.45185536,0.54814464
1905_central-asia,0.32973003,0.67026997
11384_croplands,0.43382737,0.56617266
2318_reunion-france,0.45185548,0.5481445
4408_central-asia,0.3297304,0.6702696
5315_ile-de-france,0.32972988,0.6702701
1249_kenya-non-crop,0.5621707,0.43782932
19309_geowiki-landcover-2017,0.5780744,0.4219256
2379_reunion-france,0.4518547,0.5481453
3311_ile-de-france,0.32972988,0.67027014
33214_geowiki-landcover-2017,0.32973,0.67027
1913_geowiki-landcover-2017,0.5621709,0.4378291
314_canada,0.45185348,0.54814655
4903_croplands,0.32972986,0.67027014
3633_central-asia,0.32972986,0.67027014
5345_geowiki-landcover-2017,0.56217104,0.43782896
2856_ile-de-france,0.4518544,0.54814553
29263_geowiki-landcover-2017,0.32972986,0.67027014
1158_ile-de-france,0.4518546,0.5481454
287_rwanda-ceo,0.5780776,0.4219224
701_tanzania-rice-ecaas,0.4518542,0.54814583
4599_canada,0.45183957,0.54816043
51_canada,0.32973975,0.6702602
6388_canada,0.45185345,0.54814655
714_martinique-france,0.56217074,0.43782932
9110_geowiki-landcover-2017,0.45185426,0.5481457
2126_kenya-non-crop,0.77964246,0.22035761
12411_geowiki-landcover-2017,0.45185372,0.54814625
1509_croplands,0.32973033,0.67026967
12683_geowiki-landcover-2017,0.45185375,0.54814625
4518_canada,0.32972965,0.6702703
1919_central-asia,0.32973197,0.670268
3530_central-asia,0.32972962,0.6702704
882_canada,0.3297297,0.6702703
3340_geowiki-landcover-2017,0.56217116,0.43782887
342_mali-helmets-labelling-crops,0.56216997,0.43783
11990_geowiki-landcover-2017,0.5780745,0.42192551
1778_rwanda-ceo,0.69432133,0.30567867
4141_ile-de-france,0.3297919,0.67020816
1327_germany,0.45185506,0.54814494
21465_geowiki-landcover-2017,0.5774617,0.42253828
2316_germany,0.32972953,0.6702705
3328_central-asia,0.3297297,0.67027026
29240_geowiki-landcover-2017,0.5774627,0.42253733
26672_geowiki-landcover-2017,0.45185423,0.5481458
904_kenya-non-crop,0.68092704,0.31907293
30236_geowiki-landcover-2017,0.32972947,0.6702705
6941_geowiki-landcover-2017,0.5780754,0.4219246
659_canada,0.4518539,0.54814607
29482_geowiki-landcover-2017,0.32972986,0.67027014
635_reunion-france,0.5780743,0.4219257
7569_geowiki-landcover-2017,0.4518567,0.54814327
2633_central-asia,0.3297303,0.6702697
12558_geowiki-landcover-2017,0.449832,0.55016804
6431_geowiki-landcover-2017,0.32972953,0.6702705
7846_canada,0.45185333,0.5481467
1110_rwanda-ceo,0.6809275,0.31907248
7483_canada,0.45185298,0.548147
1583_reunion-france,0.451853,0.54814696
562_canada,0.45185393,0.54814607
16482_geowiki-landcover-2017,0.68092763,0.31907237
293_ile-de-france,0.4518544,0.5481456
863_rwanda-ceo,0.77964216,0.22035785
11725_geowiki-landcover-2017,0.45185438,0.54814565
4718_ile-de-france,0.3297298,0.6702702
141_mali-non-crop,0.4338298,0.5661702
474_lem-brazil,0.57744753,0.42255244
215_kenya,0.68092704,0.31907293
6778_canada,0.32972983,0.67027014
9551_geowiki-landcover-2017,0.57764935,0.42235067
2411_kenya-non-crop,0.5621709,0.43782902
4297_ile-de-france,0.329731,0.67026895
7218_geowiki-landcover-2017,0.4338264,0.5661736
2104_ile-de-france,0.451856,0.54814404
2349_geowiki-landcover-2017,0.6809259,0.3190741
617_germany,0.3297299,0.67027
32469_geowiki-landcover-2017,0.32973033,0.6702696
11247_geowiki-landcover-2017,0.6943292,0.30567077
476_kenya-non-crop,0.5780694,0.42193064
20698_geowiki-landcover-2017,0.5621712,0.43782878
4987_geowiki-landcover-2017,0.43382862,0.56617135
6692_canada,0.4518538,0.5481462
10751_geowiki-landcover-2017,0.32973257,0.67026746
1807_tanzania-ceo,0.69432527,0.30567476
352_germany,0.45185372,0.54814625
2961_ile-de-france,0.32973105,0.67026895
31016_geowiki-landcover-2017,0.32973117,0.67026883
21869_geowiki-landcover-2017,0.4518546,0.5481454
8881_geowiki-landcover-2017,0.5780746,0.42192543
3417_rwanda-ceo,0.6943264,0.3056736
24583_geowiki-landcover-2017,0.451854,0.548146
287_martinique-france,0.5621732,0.43782678
2434_kenya-non-crop,0.5621704,0.4378296
28939_geowiki-landcover-2017,0.32972956,0.6702705
32153_geowiki-landcover-2017,0.45185396,0.54814607
7394_geowiki-landcover-2017,0.56217116,0.43782887
6452_geowiki-landcover-2017,0.45185417,0.54814583
1467_kenya-non-crop,0.69432694,0.30567306
821_lem-brazil,0.45185512,0.5481448
480_reunion-france,0.45185447,0.54814553
2077_germany,0.32973063,0.67026937
2813_ile-de-france,0.32973033,0.67026967
1123_martinique-france,0.56217116,0.43782887
2379_kenya-non-crop,0.56217104,0.43782902
3702_canada,0.32972977,0.67027026
16804_geowiki-landcover-2017,0.56217104,0.43782896
1957_tanzania-ceo,0.69432604,0.30567393
18919_geowiki-landcover-2017,0.6809258,0.31907424
644_geowiki-landcover-2017,0.57807213,0.42192787
2582_central-asia,0.45185456,0.5481455
30122_geowiki-landcover-2017,0.4518546,0.5481454
22873_geowiki-landcover-2017,0.77959126,0.22040874
2962_ile-de-france,0.451854,0.548146
2931_central-asia,0.32973087,0.6702691
180_kenya-non-crop,0.6809273,0.31907275
6487_geowiki-landcover-2017,0.45185384,0.5481462
21394_geowiki-landcover-2017,0.5780745,0.4219255
187_ile-de-france,0.32972962,0.6702704
3242_ile-de-france,0.3297299,0.67027
9642_geowiki-landcover-2017,0.56217104,0.43782902
1870_rwanda-ceo,0.57807547,0.4219245
8276_geowiki-landcover-2017,0.5774627,0.42253733
30064_geowiki-landcover-2017,0.45185405,0.548146
100_kenya,0.6809256,0.3190744
21910_geowiki-landcover-2017,0.4518538,0.5481462
3463_central-asia,0.32972983,0.67027014
3949_canada,0.45184243,0.5481576
3507_central-asia,0.32972986,0.67027014
5201_canada,0.32972944,0.67027056
631_rwanda-ceo,0.57808375,0.42191628
278_lem-brazil,0.3297323,0.6702677
2974_central-asia,0.32973135,0.67026865
57_kenya,0.68091834,0.3190817
3017_canada,0.5774633,0.42253667
212_togo,0.4338289,0.56617105
1442_canada,0.45185354,0.5481465
675_germany,0.45185462,0.5481454
4832_ile-de-france,0.57746214,0.4225378
3380_geowiki-landcover-2017,0.562171,0.43782902
371_lem-brazil,0.32973042,0.67026955
754_tanzania-rice-ecaas,0.3297305,0.6702695
615_ile-de-france,0.32973033,0.6702696
16573_geowiki-landcover-2017,0.5621704,0.4378296
2202_ile-de-france,0.45185357,0.5481464
17266_geowiki-landcover-2017,0.5621709,0.43782902
5472_canada,0.3297303,0.6702697
3090_geowiki-landcover-2017,0.5621524,0.43784755
14072_croplands,0.3297386,0.6702614
4368_croplands,0.451854,0.548146
1146_canada,0.4518539,0.5481461
93_germany,0.3297306,0.6702694
33084_geowiki-landcover-2017,0.56217074,0.43782926
345_togo,0.43412113,0.5658788
19887_geowiki-landcover-2017,0.45185205,0.548148
24353_geowiki-landcover-2017,0.45185423,0.5481458
127_uganda,0.56016034,0.43983972
1006_croplands,0.45185414,0.54814583
14150_geowiki-landcover-2017,0.4518547,0.54814535
2206_central-asia,0.3297317,0.6702683
23451_geowiki-landcover-2017,0.5780672,0.42193285
3902_ile-de-france,0.45185402,0.548146
1096_rwanda-ceo,0.57805395,0.42194608
4049_canada,0.45185372,0.54814625
328_tanzania,0.57807523,0.4219248
542_mali-helmets-labelling-crops,0.5621601,0.43783996
5439_canada,0.3297299,0.67027
1032_central-asia,0.44921157,0.5507884
29669_geowiki-landcover-2017,0.5621707,0.43782932
35577_geowiki-landcover-2017,0.5621712,0.43782878
1334_central-asia,0.3297306,0.6702694
358_rwanda-ceo,0.7796403,0.22035967
26443_geowiki-landcover-2017,0.4518542,0.54814583
34423_geowiki-landcover-2017,0.57807523,0.4219248
7_sudan,0.56217176,0.43782827
3366_ile-de-france,0.32973173,0.6702683
292_canada,0.32973,0.67026997
433_togo,0.5621702,0.43782976
2749_ile-de-france,0.45185477,0.54814523
24244_geowiki-landcover-2017,0.45185435,0.54814565
10088_croplands,0.3297497,0.6702503
25549_geowiki-landcover-2017,0.5780748,0.42192513
543_germany,0.32973096,0.6702691
104_mali-helmets-labelling-crops,0.43382958,0.56617045
34604_geowiki-landcover-2017,0.3297306,0.6702694
18667_geowiki-landcover-2017,0.45185387,0.5481461
399_togo,0.43382865,0.56617135
3162_ile-de-france,0.32973313,0.67026687
323_geowiki-landcover-2017,0.45185706,0.54814297
7842_geowiki-landcover-2017,0.56217057,0.43782943
1673_canada,0.32972974,0.67027026
39_togo,0.5621705,0.43782946
1713_rwanda-ceo,0.44983232,0.5501677
28824_geowiki-landcover-2017,0.32979482,0.6702052
529_mali-helmets-labelling-crops,0.56217116,0.4378288
3299_canada,0.6943266,0.30567345
532_rwanda-ceo,0.57807523,0.42192477
28639_geowiki-landcover-2017,0.56217074,0.43782932
1549_kenya-non-crop,0.68038136,0.31961864
1824_ile-de-france,0.32973036,0.6702696
6855_croplands,0.4498317,0.5501683
4560_croplands,0.4458254,0.55417466
541_croplands,0.45185426,0.5481457
15345_geowiki-landcover-2017,0.68092763,0.3190723
15188_geowiki-landcover-2017,0.5774622,0.4225378
699_geowiki-landcover-2017,0.5774632,0.42253682
3256_rwanda-ceo,0.5780742,0.42192578
12_reunion-france,0.57807446,0.42192557
26_germany,0.45185414,0.54814583
57_kenya-non-crop,0.6809263,0.3190737
2168_tanzania-ceo,0.5781634,0.42183667
1895_rwanda-ceo,0.5780748,0.42192513
2327_canada,0.45185348,0.54814655
4791_ile-de-france,0.32972962,0.6702704
211_martinique-france,0.5621717,0.4378283
19895_geowiki-landcover-2017,0.45185557,0.5481444
15691_geowiki-landcover-2017,0.6803793,0.3196207
1979_canada,0.45185423,0.5481458
4935_geowiki-landcover-2017,0.44983205,0.550168
814_canada,0.45185354,0.5481464
3612_central-asia,0.32972988,0.6702701
5921_canada,0.45184997,0.54815
10802_croplands,0.32973084,0.67026913
1973_germany,0.3297317,0.67026836
29561_geowiki-landcover-2017,0.32973304,0.6702669
5687_ile-de-france,0.32973075,0.67026925
4481_geowiki-landcover-2017,0.5780751,0.4219249
4631_central-asia,0.32972974,0.67027026
13323_geowiki-landcover-2017,0.4518539,0.54814607
1465_rwanda-ceo,0.57808214,0.4219178
26912_geowiki-landcover-2017,0.44983166,0.55016834
34349_geowiki-landcover-2017,0.43382835,0.5661716
2695_geowiki-landcover-2017,0.56217116,0.43782887
25968_geowiki-landcover-2017,0.5780752,0.42192486
29271_geowiki-landcover-2017,0.32973075,0.67026925
2124_reunion-france,0.4518547,0.54814535
18366_geowiki-landcover-2017,0.4518532,0.54814684
4989_canada,0.4518216,0.54817843
2042_canada,0.4518536,0.5481464
16323_geowiki-landcover-2017,0.56217146,0.43782857
770_mali-helmets-labelling-crops,0.5621711,0.43782887
252_germany,0.45185348,0.54814655
10370_geowiki-landcover-2017,0.57746273,0.42253724
349_tanzania,0.5780736,0.42192632
4866_canada,0.3297345,0.67026544
2235_canada,0.32972977,0.67027026
4950_ile-de-france,0.32972997,0.67027
34463_geowiki-landcover-2017,0.5621708,0.43782917
25462_geowiki-landcover-2017,0.45185426,0.5481457
45_croplands,0.6943268,0.30567324
15322_geowiki-landcover-2017,0.4518542,0.54814583
5512_canada,0.32972988,0.6702701
20319_geowiki-landcover-2017,0.4518539,0.54814607
509_germany,0.3297307,0.6702693
2225_rwanda-ceo,0.5780746,0.42192546
407_sudan,0.56216055,0.43783948
2885_rwanda-ceo,0.7796404,0.22035956
2141_reunion-france,0.45185405,0.54814595
851_croplands,0.32972974,0.67027026
4071_ile-de-france,0.32973439,0.6702656
20541_geowiki-landcover-2017,0.5621183,0.43788168
1655_kenya-non-crop,0.68092316,0.3190768
5134_ile-de-france,0.45185423,0.5481458
814_tanzania-ceo,0.5774419,0.4225581
6504_geowiki-landcover-2017,0.45185393,0.54814607
23068_geowiki-landcover-2017,0.5621704,0.43782958
2463_rwanda-ceo,0.6943267,0.3056733
5119_canada,0.32972983,0.67027014
29032_geowiki-landcover-2017,0.4518547,0.5481453
2960_canada,0.45185322,0.5481468
12700_geowiki-landcover-2017,0.4518542,0.54814583
23881_geowiki-landcover-2017,0.68092686,0.31907314
136_canada,0.45185396,0.54814607
190_ethiopia,0.5601597,0.43984032
23836_geowiki-landcover-2017,0.6809273,0.31907272
26679_geowiki-landcover-2017,0.45185298,0.548147
14638_geowiki-landcover-2017,0.5621714,0.4378286
1257_kenya-non-crop,0.7796423,0.22035773
820_canada,0.3297296,0.67027044
6351_geowiki-landcover-2017,0.4518512,0.5481488
11557_geowiki-landcover-2017,0.4518533,0.5481467
2260_ile-de-france,0.32973105,0.67026895
2726_canada,0.32972944,0.67027056
34298_geowiki-landcover-2017,0.4518544,0.54814553
194_germany,0.32972997,0.67027
31067_geowiki-landcover-2017,0.45185313,0.5481469
34052_geowiki-landcover-2017,0.4518543,0.5481457
30350_geowiki-landcover-2017,0.44983882,0.5501612
2429_geowiki-landcover-2017,0.56217104,0.43782896
9916_geowiki-landcover-2017,0.45185447,0.54814553
31854_geowiki-landcover-2017,0.45185375,0.54814625
1278_kenya-non-crop,0.6809262,0.31907377
4513_canada,0.3297298,0.6702702
990_kenya-non-crop,0.7796423,0.22035766
1327_martinique-france,0.56217074,0.4378293
1043_togo,0.5621719,0.43782815
4406_croplands,0.45185405,0.548146
1688_ile-de-france,0.32973173,0.67026824
739_rwanda-ceo,0.57807434,0.42192566
626_canada,0.4518537,0.54814637
5177_canada,0.32973117,0.6702689
35534_geowiki-landcover-2017,0.4518553,0.5481447
6799_croplands,0.44983074,0.5501693
14593_geowiki-landcover-2017,0.68092537,0.31907457
4345_croplands,0.3297302,0.6702698
2124_rwanda-ceo,0.77964246,0.22035761
2922_geowiki-landcover-2017,0.56217164,0.43782833
32374_geowiki-landcover-2017,0.45185387,0.5481461
3133_rwanda-ceo,0.5780717,0.42192832
4896_ile-de-france,0.32973105,0.67026895
98_lem-brazil,0.45185333,0.5481467
10800_geowiki-landcover-2017,0.45185348,0.54814655
1332_mali-helmets-labelling-crops,0.43382874,0.5661712
394_lem-brazil,0.45185477,0.54814523
5918_canada,0.45185426,0.5481457
1034_togo,0.56217164,0.43782833
290_lem-brazil,0.32973093,0.6702691
3770_geowiki-landcover-2017,0.56217116,0.4378288
2423_ile-de-france,0.32973042,0.67026955
417_mali-helmets-labelling-crops,0.5621693,0.4378307
716_martinique-france,0.56217086,0.4378291
2130_germany,0.3297315,0.6702685
30873_geowiki-landcover-2017,0.32972965,0.6702703
578_martinique-france,0.56217206,0.43782791
960_germany,0.32973078,0.6702692
18573_geowiki-landcover-2017,0.5621704,0.4378296
34825_geowiki-landcover-2017,0.451854,0.548146
14445_geowiki-landcover-2017,0.5780744,0.4219256
13295_geowiki-landcover-2017,0.694327,0.30567303
6281_geowiki-landcover-2017,0.45185393,0.54814607
679_central-asia,0.32973024,0.6702697
1894_reunion-france,0.5780746,0.42192543
1531_central-asia,0.32973117,0.6702689
231_tanzania-rice-ecaas,0.44982684,0.55017316
1855_kenya-non-crop,0.7796297,0.22037034
13096_geowiki-landcover-2017,0.56217116,0.43782887
21071_geowiki-landcover-2017,0.57746273,0.42253724
6241_geowiki-landcover-2017,0.32972988,0.6702701
1644_croplands,0.45185414,0.54814583
5898_ile-de-france,0.45185512,0.5481449
20454_geowiki-landcover-2017,0.45185405,0.54814595
1938_ile-de-france,0.32972988,0.6702701
3443_canada,0.45185384,0.5481462
32006_geowiki-landcover-2017,0.4518544,0.54814553
6051_geowiki-landcover-2017,0.56217206,0.43782791
11625_geowiki-landcover-2017,0.56217057,0.43782943
583_ile-de-france,0.4518539,0.5481461
1489_kenya-non-crop,0.7796392,0.22036083
1895_germany,0.3297307,0.6702693
343_ile-de-france,0.45185426,0.5481457
5019_canada,0.32972953,0.6702705
5242_geowiki-landcover-2017,0.45185387,0.5481461
23240_geowiki-landcover-2017,0.45185927,0.54814076
1321_mali-helmets-labelling-crops,0.43382886,0.56617117
7540_geowiki-landcover-2017,0.45185456,0.5481455
6444_geowiki-landcover-2017,0.3297305,0.6702695
7925_canada,0.45183894,0.5481611
4707_ile-de-france,0.32973114,0.6702689
24955_geowiki-landcover-2017,0.45185462,0.54814535
32302_geowiki-landcover-2017,0.45185483,0.5481452
252_togo,0.5621703,0.4378297
15447_geowiki-landcover-2017,0.6943264,0.30567357
19908_geowiki-landcover-2017,0.4518539,0.54814607
504_ethiopia,0.5780767,0.42192325
32894_geowiki-landcover-2017,0.56217074,0.43782926
926_germany,0.45185405,0.548146
27748_geowiki-landcover-2017,0.5774633,0.42253664
843_togo,0.56217104,0.43782896
476_germany,0.4518547,0.5481453
2057_kenya-non-crop,0.5621712,0.43782878
4019_canada,0.45185417,0.54814583
32563_geowiki-landcover-2017,0.32973033,0.67026967
1561_central-asia,0.45185325,0.5481468
4972_central-asia,0.32973143,0.67026854
23486_geowiki-landcover-2017,0.578075,0.42192498
24373_geowiki-landcover-2017,0.5780738,0.42192617
2365_germany,0.32973045,0.6702695
5019_central-asia,0.4518529,0.54814714
277_central-asia,0.3297303,0.6702697
4668_croplands,0.45185262,0.54814744
1296_rwanda-ceo,0.6943261,0.3056739
1581_tanzania-ceo,0.575469,0.42453104
17311_geowiki-landcover-2017,0.6943259,0.30567414
671_canada,0.4518539,0.54814607
9545_croplands,0.3297303,0.6702697
1649_central-asia,0.32973135,0.67026865
15046_geowiki-landcover-2017,0.57388574,0.4261143
1132_togo,0.56217045,0.43782955
2380_tanzania-ceo,0.5774599,0.4225401
3831_canada,0.32972997,0.67027
10833_geowiki-landcover-2017,0.5621698,0.43783024
3384_central-asia,0.32972965,0.6702703
265_togo,0.5621712,0.43782878
1992_rwanda-ceo,0.68092686,0.31907317
1833_canada,0.329731,0.67026895
2612_rwanda-ceo,0.6943265,0.30567348
13707_croplands,0.45185405,0.54814595
265_lem-brazil,0.45185512,0.5481449
1399_tanzania-ceo,0.6809269,0.31907308
12950_geowiki-landcover-2017,0.56217074,0.43782926
30897_geowiki-landcover-2017,0.32972977,0.67027026
11269_geowiki-landcover-2017,0.5780745,0.42192551
196_geowiki-landcover-2017,0.45191115,0.54808885
376_martinique-france,0.5621705,0.4378295
3956_central-asia,0.45185417,0.54814583
5834_ile-de-france,0.5774628,0.42253718
2128_ile-de-france,0.4518496,0.5481504
1379_geowiki-landcover-2017,0.6943262,0.30567372
563_ethiopia,0.57546943,0.42453054
43_kenya-non-crop,0.68092686,0.3190732
1104_geowiki-landcover-2017,0.4518548,0.5481452
1928_geowiki-landcover-2017,0.56216943,0.4378306
78_togo,0.5621709,0.4378291
356_ethiopia,0.6809267,0.3190733
19359_geowiki-landcover-2017,0.329731,0.670269
3072_croplands,0.4498322,0.55016774
3927_central-asia,0.45185414,0.54814583
255_togo,0.43382874,0.5661712
291_tanzania-rice-ecaas,0.3297397,0.6702603
3032_geowiki-landcover-2017,0.5621712,0.43782875
2036_martinique-france,0.56217223,0.43782777
10622_croplands,0.32973194,0.67026806
1999_tanzania-ceo,0.5774626,0.42253733
961_kenya-non-crop,0.7796423,0.22035766
719_kenya-non-crop,0.68092686,0.31907317
30270_geowiki-landcover-2017,0.56217074,0.43782926
492_rwanda-ceo,0.6809265,0.31907353
26375_geowiki-landcover-2017,0.5621693,0.43783072
4867_canada,0.4518082,0.5481918
415_sudan,0.5621708,0.43782923
21371_geowiki-landcover-2017,0.45185366,0.54814637
7020_geowiki-landcover-2017,0.4518559,0.5481441
26145_geowiki-landcover-2017,0.68092644,0.31907353
2155_central-asia,0.32973108,0.67026895
1085_germany,0.4492114,0.5507886
3201_rwanda-ceo,0.68038255,0.3196174
3231_ile-de-france,0.44914454,0.55085546
958_mali-helmets-labelling-crops,0.56217104,0.437829
12415_geowiki-landcover-2017,0.44984245,0.55015755
2795_canada,0.32973725,0.67026275
4571_ile-de-france,0.32973275,0.6702673
2392_tanzania-ceo,0.5774629,0.4225371
2280_reunion-france,0.57807463,0.42192537
2081_ile-de-france,0.32973132,0.6702687
20664_geowiki-landcover-2017,0.6809272,0.31907272
1477_central-asia,0.32973117,0.67026883
3659_croplands,0.32973877,0.6702612
12252_geowiki-landcover-2017,0.45185375,0.54814625
22561_geowiki-landcover-2017,0.56016076,0.43983924
4944_ile-de-france,0.32973018,0.67026985
3790_canada,0.32972962,0.6702704
16675_geowiki-landcover-2017,0.5621719,0.43782815
925_germany,0.57746315,0.42253685
24618_geowiki-landcover-2017,0.4518541,0.5481459
33659_geowiki-landcover-2017,0.32972977,0.67027026
193_canada,0.4518542,0.54814583
22586_geowiki-landcover-2017,0.5780745,0.42192551
32971_geowiki-landcover-2017,0.5621713,0.43782872
4711_croplands,0.3297299,0.67027
405_kenya-non-crop,0.5601596,0.4398404
17487_geowiki-landcover-2017,0.4518544,0.54814565
2434_reunion-france,0.45185506,0.54814494
13964_geowiki-landcover-2017,0.4518548,0.5481452
13905_geowiki-landcover-2017,0.57807446,0.42192554
345_rwanda-ceo,0.6943267,0.3056733
609_tanzania-rice-ecaas,0.45185563,0.5481444
1911_central-asia,0.32973057,0.6702694
30968_geowiki-landcover-2017,0.45185366,0.54814637
27204_geowiki-landcover-2017,0.56216866,0.43783134
5823_croplands,0.4517755,0.5482245
29942_geowiki-landcover-2017,0.45181265,0.5481873
13163_geowiki-landcover-2017,0.5780748,0.42192522
3093_rwanda-ceo,0.6943268,0.30567324
1947_ile-de-france,0.45181915,0.5481808
1767_martinique-france,0.5621706,0.43782935
1317_kenya-non-crop,0.5780724,0.42192754
819_kenya-non-crop,0.68092656,0.31907344
3429_geowiki-landcover-2017,0.43382865,0.56617135
2511_rwanda-ceo,0.5780745,0.42192551
41_reunion-france,0.57807446,0.4219256
21976_geowiki-landcover-2017,0.5621308,0.43786922
26410_geowiki-landcover-2017,0.5774577,0.42254233
5715_geowiki-landcover-2017,0.4518534,0.54814655
1503_reunion-france,0.4518558,0.5481442
33980_geowiki-landcover-2017,0.32972997,0.67027
1913_central-asia,0.45174378,0.54825616
13339_geowiki-landcover-2017,0.4518543,0.5481457
1408_croplands,0.4518543,0.5481457
33498_geowiki-landcover-2017,0.5774628,0.42253718
29654_geowiki-landcover-2017,0.451854,0.548146
26568_geowiki-landcover-2017,0.45188206,0.548118
1708_central-asia,0.32973096,0.6702691
4802_canada,0.32973063,0.67026937
907_rwanda-ceo,0.6943269,0.30567315
990_canada,0.32972953,0.6702705
465_martinique-france,0.5621721,0.4378279
3424_rwanda-ceo,0.57807446,0.42192557
5401_ile-de-france,0.3297299,0.67027
1177_togo,0.5621715,0.43782842
142_uganda,0.6809261,0.31907392
805_lem-brazil,0.44921362,0.5507863
399_ile-de-france,0.45185354,0.5481465
1093_ile-de-france,0.4518544,0.54814565
4890_croplands,0.3297301,0.6702699
5796_ile-de-france,0.32973024,0.6702698
138_uganda,0.68092376,0.31907627
3042_geowiki-landcover-2017,0.4338288,0.5661712
4595_croplands,0.45185217,0.54814786
2473_ile-de-france,0.32973057,0.6702695
1880_martinique-france,0.56217104,0.43782902
306_rwanda-ceo,0.6809272,0.3190728
4344_ile-de-france,0.45185465,0.54814535
32557_geowiki-landcover-2017,0.32972938,0.6702706
22242_geowiki-landcover-2017,0.45185584,0.5481441
35044_geowiki-landcover-2017,0.578061,0.421939
15107_geowiki-landcover-2017,0.45183596,0.548164
19928_geowiki-landcover-2017,0.45185402,0.548146
30715_geowiki-landcover-2017,0.45185462,0.54814535
2784_central-asia,0.329732,0.670268
2056_germany,0.45184582,0.5481542
4315_ile-de-france,0.32973075,0.67026925
1247_canada,0.32972953,0.6702705
121_central-asia,0.32973266,0.6702674
1663_rwanda-ceo,0.69432455,0.30567545
745_croplands,0.44921115,0.5507889
19618_geowiki-landcover-2017,0.6943267,0.30567327
31024_geowiki-landcover-2017,0.32972947,0.6702705
10760_croplands,0.4518534,0.5481466
4906_central-asia,0.3297306,0.6702694
1923_tanzania-ceo,0.6803806,0.31961945
965_togo,0.56217104,0.437829
4653_central-asia,0.32973033,0.67026967
1734_rwanda-ceo,0.57807386,0.42192608
34552_geowiki-landcover-2017,0.32972974,0.67027026
1940_germany,0.32973075,0.67026925
731_mali-helmets-labelling-crops,0.4338285,0.56617147
31849_geowiki-landcover-2017,0.3297298,0.6702702
22608_geowiki-landcover-2017,0.6943268,0.30567324
6_canada,0.4518529,0.54814714
436_ile-de-france,0.32973033,0.67026967
17727_geowiki-landcover-2017,0.45185325,0.5481468
1056_central-asia,0.3297304,0.6702696
3540_central-asia,0.3297297,0.6702703
5369_ile-de-france,0.32973152,0.6702684
5236_geowiki-landcover-2017,0.45185393,0.54814607
7979_geowiki-landcover-2017,0.5780747,0.4219253
58_ethiopia,0.6809256,0.3190744
8272_geowiki-landcover-2017,0.4518537,0.54814637
24747_geowiki-landcover-2017,0.5780742,0.42192584
2662_ile-de-france,0.32973143,0.67026854
31811_geowiki-landcover-2017,0.45185462,0.54814535
1562_central-asia,0.32973212,0.67026794
22225_geowiki-landcover-2017,0.3297298,0.67027014
1957_geowiki-landcover-2017,0.6809274,0.3190726
259_canada,0.4518537,0.54814637
1296_geowiki-landcover-2017,0.45186722,0.5481327
220_ile-de-france,0.45185426,0.5481458
928_tanzania-ceo,0.57746273,0.4225373
459_croplands,0.32972997,0.67027
9162_geowiki-landcover-2017,0.6809269,0.31907302
6076_ile-de-france,0.3297302,0.6702698
4469_central-asia,0.45185426,0.5481458
18008_geowiki-landcover-2017,0.5774638,0.42253622
804_croplands,0.5621706,0.43782932
30591_geowiki-landcover-2017,0.45185518,0.5481448
2202_geowiki-landcover-2017,0.4518547,0.54814535
6685_canada,0.32973003,0.67026997
10336_geowiki-landcover-2017,0.5621705,0.43782946
1756_rwanda-ceo,0.5780714,0.42192858
19949_geowiki-landcover-2017,0.45187142,0.5481286
2350_martinique-france,0.5621728,0.43782726
1010_germany,0.3297304,0.6702696
23487_geowiki-landcover-2017,0.45185393,0.54814607
2171_reunion-france,0.4518551,0.54814494
5460_ile-de-france,0.32973096,0.6702691
27760_geowiki-landcover-2017,0.57807446,0.42192554
13783_geowiki-landcover-2017,0.57746273,0.42253733
1716_canada,0.45185345,0.54814655
591_croplands,0.57807463,0.42192537
86_lem-brazil,0.45185497,0.54814506
818_mali-helmets-labelling-crops,0.4338288,0.56617117
1752_kenya-non-crop,0.77964234,0.22035764
418_geowiki-landcover-2017,0.5621714,0.43782863
31019_geowiki-landcover-2017,0.32973036,0.6702696
678_geowiki-landcover-2017,0.4497894,0.5502106
4260_croplands,0.32973,0.67026997
2394_geowiki-landcover-2017,0.45185506,0.548145
23368_geowiki-landcover-2017,0.3297773,0.6702227
1144_reunion-france,0.45185545,0.5481446
2355_germany,0.45178047,0.5482195
1194_tanzania-ceo,0.45185456,0.5481454
29693_geowiki-landcover-2017,0.562171,0.43782902
444_martinique-france,0.5621706,0.43782932
2303_canada,0.45185384,0.5481461
12772_geowiki-landcover-2017,0.56217116,0.43782887
29018_geowiki-landcover-2017,0.45185387,0.5481461
2182_rwanda-ceo,0.57807505,0.4219249
4035_ile-de-france,0.44921067,0.55078936
785_kenya-non-crop,0.6809269,0.31907308
5433_ile-de-france,0.32973078,0.6702692
14923_croplands,0.4518541,0.5481459
6507_canada,0.32972994,0.67027
33325_geowiki-landcover-2017,0.45185524,0.54814476
447_martinique-france,0.56217027,0.4378297
3833_canada,0.32972988,0.67027014
35186_geowiki-landcover-2017,0.45185456,0.5481454
2701_canada,0.45185384,0.5481461
6187_geowiki-landcover-2017,0.4518544,0.54814565
1774_reunion-france,0.57743746,0.4225626
4788_geowiki-landcover-2017,0.56192535,0.43807462
20373_geowiki-landcover-2017,0.32972977,0.6702702
784_rwanda-ceo,0.69432604,0.30567393
5702_ile-de-france,0.451854,0.548146
32103_geowiki-landcover-2017,0.45185393,0.54814607
2201_croplands,0.45182547,0.54817456
8645_geowiki-landcover-2017,0.56217027,0.4378297
194_mali-helmets-labelling-crops,0.56217104,0.437829
4743_canada,0.32972986,0.67027014
20292_geowiki-landcover-2017,0.45185357,0.5481464
9020_croplands,0.4518534,0.54814655
88_canada,0.45185354,0.5481465
4306_canada,0.32972935,0.6702707
9890_croplands,0.32973108,0.67026895
7684_geowiki-landcover-2017,0.45185462,0.5481454
498_central-asia,0.3297304,0.6702696
239_germany,0.45185483,0.5481452
6063_croplands,0.32973024,0.6702698
27955_geowiki-landcover-2017,0.5780748,0.42192516
2480_geowiki-landcover-2017,0.5621714,0.4378286
608_croplands,0.32972947,0.67027056
632_kenya-non-crop,0.6809265,0.31907347
30537_geowiki-landcover-2017,0.45185453,0.5481455
287_mali-helmets-labelling-crops,0.5621711,0.43782887
6353_geowiki-landcover-2017,0.4518541,0.5481459
1453_canada,0.4518539,0.5481461
1565_geowiki-landcover-2017,0.57807475,0.42192525
3269_central-asia,0.45182958,0.5481704
1554_rwanda-ceo,0.68092763,0.3190724
3520_geowiki-landcover-2017,0.562171,0.43782902
763_tanzania-rice-ecaas,0.5774633,0.4225367
4827_geowiki-landcover-2017,0.5780747,0.4219253
22537_geowiki-landcover-2017,0.4518551,0.54814494
768_tanzania-ceo,0.32973167,0.67026836
4785_central-asia,0.4518546,0.5481454
872_reunion-france,0.44983295,0.5501671
2865_central-asia,0.32973087,0.67026913
3156_ile-de-france,0.32973027,0.6702697
5585_geowiki-landcover-2017,0.5780745,0.42192546
35825_geowiki-landcover-2017,0.4338287,0.5661713
53_mali-helmets-labelling-crops,0.4338303,0.5661697
13951_geowiki-landcover-2017,0.45185426,0.5481457
80_geowiki-landcover-2017,0.5780747,0.4219253
1714_canada,0.4518541,0.5481459
28014_geowiki-landcover-2017,0.694325,0.30567497
1086_germany,0.4492425,0.55075747
3584_rwanda-ceo,0.5780764,0.4219236
2598_central-asia,0.45185456,0.5481455
8360_geowiki-landcover-2017,0.56217134,0.43782872
4606_canada,0.32972935,0.6702707
25598_geowiki-landcover-2017,0.45185423,0.5481458
2844_rwanda-ceo,0.6809272,0.31907275
2074_ile-de-france,0.45185336,0.5481466
2775_canada,0.32973728,0.6702627
4257_central-asia,0.32972977,0.67027026
4888_central-asia,0.4518492,0.54815084
1138_central-asia,0.32972965,0.6702703
3691_ile-de-france,0.32973087,0.67026913
5166_central-asia,0.32972974,0.67027026
276_central-asia,0.45185336,0.5481466
7160_geowiki-landcover-2017,0.5621709,0.43782902
11_tanzania,0.6940537,0.30594632
1280_rwanda-ceo,0.68092716,0.31907284
24347_geowiki-landcover-2017,0.45185396,0.54814607
1490_rwanda-ceo,0.77958554,0.22041446
2182_central-asia,0.45185256,0.54814744
2363_tanzania-ceo,0.6943253,0.30567467
17785_geowiki-landcover-2017,0.57746255,0.42253742
1950_geowiki-landcover-2017,0.451854,0.548146
1381_ile-de-france,0.45184696,0.5481531
23784_geowiki-landcover-2017,0.577463,0.422537
4420_ile-de-france,0.3297302,0.6702698
6996_geowiki-landcover-2017,0.45185336,0.5481466
249_germany,0.32973063,0.67026937
28216_geowiki-landcover-2017,0.578035,0.421965
2657_ile-de-france,0.32972986,0.67027014
8611_geowiki-landcover-2017,0.57807446,0.42192557
1369_tanzania-ceo,0.6809269,0.31907308
4279_ile-de-france,0.32973045,0.6702695
3282_canada,0.5780743,0.42192575
2067_germany,0.4518219,0.5481781
325_martinique-france,0.56217146,0.43782848
33204_geowiki-landcover-2017,0.32972965,0.6702704
3318_ile-de-france,0.32973066,0.6702693
909_ile-de-france,0.32973126,0.6702688
14558_geowiki-landcover-2017,0.5780743,0.4219257
1939_canada,0.4518543,0.5481457
3911_central-asia,0.45185402,0.548146
1558_rwanda-ceo,0.7796403,0.22035967
3729_canada,0.32972988,0.6702701
1871_kenya-non-crop,0.7796294,0.22037064
457_mali-helmets-labelling-crops,0.56186575,0.43813425
21923_geowiki-landcover-2017,0.5621702,0.43782982
330_rwanda-ceo,0.5780748,0.42192522
5770_canada,0.32972938,0.67027056
1000_germany,0.4492111,0.55078894
19010_geowiki-landcover-2017,0.4518791,0.5481209
98_tanzania,0.57807505,0.42192498
176_lem-brazil,0.57745117,0.42254886
538_togo,0.56217146,0.43782848
4415_croplands,0.32973075,0.6702693
8132_geowiki-landcover-2017,0.44983137,0.55016863
22199_geowiki-landcover-2017,0.45185706,0.54814297
3445_central-asia,0.32972988,0.6702701
931_rwanda-ceo,0.68092746,0.31907254
323_central-asia,0.32973045,0.6702695
5121_geowiki-landcover-2017,0.6943268,0.30567324
3193_geowiki-landcover-2017,0.56217134,0.43782863
12533_croplands,0.56215787,0.43784213
9_geowiki-landcover-2017,0.5774631,0.42253694
547_germany,0.45184317,0.54815686
801_geowiki-landcover-2017,0.77964264,0.22035733
1281_germany,0.45185506,0.548145
7093_canada,0.45185393,0.54814607
7834_geowiki-landcover-2017,0.45185462,0.5481454
1392_geowiki-landcover-2017,0.6809271,0.31907284
12203_geowiki-landcover-2017,0.5780752,0.4219248
28_uganda,0.56186575,0.43813428
2482_reunion-france,0.57807535,0.42192465
9192_geowiki-landcover-2017,0.6809275,0.3190725
118_mali-helmets-labelling-crops,0.56217104,0.43782896
6145_ile-de-france,0.32973057,0.6702694
23520_geowiki-landcover-2017,0.3297293,0.6702707
2339_rwanda-ceo,0.5780742,0.42192584
5936_ile-de-france,0.45185477,0.5481453
1952_rwanda-ceo,0.5780769,0.4219231
6121_ile-de-france,0.40420333,0.59579664
469_reunion-france,0.57807493,0.42192513
23214_geowiki-landcover-2017,0.4518531,0.5481469
32650_geowiki-landcover-2017,0.45185363,0.54814637
27448_geowiki-landcover-2017,0.56217176,0.43782827
7490_geowiki-landcover-2017,0.5621708,0.43782923
30415_geowiki-landcover-2017,0.32972944,0.67027056
3426_central-asia,0.32972965,0.6702704
46_germany,0.45185396,0.54814607
3308_central-asia,0.32972997,0.67027
2483_ile-de-france,0.32972988,0.6702701
20085_geowiki-landcover-2017,0.45185426,0.5481458
20224_geowiki-landcover-2017,0.45183474,0.54816526
7204_geowiki-landcover-2017,0.4518542,0.54814583
17094_geowiki-landcover-2017,0.6808878,0.3191122
27151_geowiki-landcover-2017,0.5774629,0.4225371
20131_geowiki-landcover-2017,0.5780746,0.42192543
26507_geowiki-landcover-2017,0.4518537,0.54814637
6258_canada,0.32972953,0.6702705
1273_rwanda-ceo,0.5780748,0.42192522
861_ile-de-france,0.32973012,0.67026985
9377_croplands,0.433744,0.566256
17953_geowiki-landcover-2017,0.45185456,0.5481454
31488_geowiki-landcover-2017,0.6809274,0.3190726
617_rwanda-ceo,0.5780748,0.42192516
1040_rwanda-ceo,0.68092525,0.31907478
2246_canada,0.32972953,0.6702705
19314_geowiki-landcover-2017,0.32974264,0.67025733
361_ethiopia,0.6809275,0.31907248
6056_ile-de-france,0.451856,0.548144
10199_croplands,0.32973415,0.67026585
28074_geowiki-landcover-2017,0.45185524,0.54814476
2305_central-asia,0.3297318,0.67026824
4192_geowiki-landcover-2017,0.4521521,0.5478479
86_tanzania-rice-ecaas,0.57805294,0.42194703
35435_geowiki-landcover-2017,0.44921166,0.55078834
20557_geowiki-landcover-2017,0.4518537,0.54814637
2928_central-asia,0.4518541,0.5481459
2276_reunion-france,0.45185483,0.5481452
735_lem-brazil,0.4518528,0.5481472
5985_geowiki-landcover-2017,0.45185393,0.54814607
10151_croplands,0.3297312,0.67026883
2178_martinique-france,0.5621713,0.43782872
519_tanzania-ceo,0.4518541,0.5481459
16915_geowiki-landcover-2017,0.68092734,0.31907266
2483_rwanda-ceo,0.578074,0.42192602
22859_geowiki-landcover-2017,0.5621712,0.43782878
1623_ile-de-france,0.32973015,0.67026985
2255_ile-de-france,0.32973093,0.6702691
14779_croplands,0.56217,0.43782994
26146_geowiki-landcover-2017,0.6809223,0.31907764
2592_ile-de-france,0.32973325,0.67026675
3173_canada,0.32972938,0.6702706
397_tanzania-ceo,0.779642,0.22035795
502_ethiopia,0.57807565,0.42192438
5522_geowiki-landcover-2017,0.45185536,0.54814464
584_germany,0.3297305,0.6702695
1936_geowiki-landcover-2017,0.5621688,0.43783128
6087_canada,0.4338284,0.5661716
1232_germany,0.5774632,0.42253676
16415_geowiki-landcover-2017,0.68038154,0.3196184
33684_geowiki-landcover-2017,0.57745844,0.42254162
1832_central-asia,0.451855,0.548145
216_kenya-non-crop,0.6809274,0.3190726
29156_geowiki-landcover-2017,0.45185366,0.54814637
59_rwanda-ceo,0.4498318,0.5501682
4313_ile-de-france,0.45185474,0.5481453
710_martinique-france,0.56217104,0.43782896
2082_tanzania-ceo,0.57746166,0.42253837
26251_geowiki-landcover-2017,0.5621712,0.43782872
13840_croplands,0.45185834,0.54814166
1031_mali-helmets-labelling-crops,0.43382907,0.56617093
32298_geowiki-landcover-2017,0.32973042,0.67026955
12619_croplands,0.56212467,0.43787536
5854_geowiki-landcover-2017,0.45185444,0.54814553
25610_geowiki-landcover-2017,0.44983155,0.55016845
1195_rwanda-ceo,0.680922,0.319078
2042_germany,0.45185426,0.5481457
1059_martinique-france,0.5621717,0.43782833
29009_geowiki-landcover-2017,0.578075,0.42192504
12457_croplands,0.5621699,0.4378301
5295_canada,0.32973,0.67026997
870_reunion-france,0.57807505,0.42192492
1401_geowiki-landcover-2017,0.45185485,0.5481451
680_central-asia,0.32973057,0.6702695
3_kenya-non-crop,0.6809271,0.31907293
24_togo,0.5621706,0.4378294
805_kenya-non-crop,0.7796412,0.22035877
4774_ile-de-france,0.32972977,0.6702702
1136_kenya-non-crop,0.77964187,0.2203582
38_kenya,0.68092465,0.31907532
13881_croplands,0.32973427,0.6702658
11382_geowiki-landcover-2017,0.45186546,0.5481345
4280_geowiki-landcover-2017,0.44983178,0.5501682
831_tanzania-ceo,0.69432634,0.30567363
8824_geowiki-landcover-2017,0.57807505,0.42192492
2610_canada,0.32972974,0.67027026
21_ile-de-france,0.32973105,0.67026895
6468_canada,0.32972974,0.67027026
7660_canada,0.45185384,0.5481462
1879_ile-de-france,0.32972962,0.6702704
610_ethiopia,0.57547027,0.4245298
18901_geowiki-landcover-2017,0.57746273,0.42253724
19243_geowiki-landcover-2017,0.45185447,0.54814553
3244_central-asia,0.3297299,0.67027
5523_ile-de-france,0.4518539,0.54814607
23524_geowiki-landcover-2017,0.45185855,0.5481414
25507_geowiki-landcover-2017,0.45185542,0.5481446
1976_central-asia,0.329732,0.670268
12112_geowiki-landcover-2017,0.45184955,0.5481505
637_mali-helmets-labelling-crops,0.43382865,0.56617135
929_tanzania-ceo,0.5754685,0.42453152
1978_reunion-france,0.6943257,0.30567437
2870_ile-de-france,0.4518547,0.5481453
16146_geowiki-landcover-2017,0.56216824,0.43783173
4774_central-asia,0.4518548,0.5481452
10170_croplands,0.32973114,0.6702689
9991_croplands,0.32973126,0.6702687
1531_croplands,0.44983155,0.55016845
3371_canada,0.45185456,0.5481455
6269_geowiki-landcover-2017,0.45185384,0.5481462
795_germany,0.44921133,0.55078864
2235_martinique-france,0.5621715,0.43782848
38_tanzania,0.5780745,0.42192546
1329_martinique-france,0.56200737,0.43799263
5533_geowiki-landcover-2017,0.45185438,0.54814565
84_tanzania-ceo,0.69432634,0.3056736
24092_geowiki-landcover-2017,0.56217074,0.43782926
284_germany,0.3297307,0.6702693
13833_geowiki-landcover-2017,0.5780742,0.4219258
7121_canada,0.3297295,0.67027056
867_tanzania-ceo,0.5621701,0.43782985
993_mali-helmets-labelling-crops,0.43382984,0.56617016
4282_geowiki-landcover-2017,0.68092716,0.3190728
10652_croplands,0.4518516,0.5481484
2202_canada,0.45185396,0.54814607
15588_geowiki-landcover-2017,0.45185354,0.5481464
251_lem-brazil,0.57746255,0.42253745
818_tanzania-ceo,0.57746357,0.42253646
6894_croplands,0.5780736,0.4219264
5666_canada,0.32973826,0.67026174
47_kenya-non-crop,0.6809782,0.31902182
175_martinique-france,0.5621704,0.4378296
49_croplands,0.5780739,0.42192608
3836_canada,0.32973245,0.6702675
6727_canada,0.3297307,0.6702693
14891_geowiki-landcover-2017,0.57746714,0.42253286
776_reunion-france,0.45185706,0.54814297
5546_canada,0.32972947,0.67027056
632_canada,0.3297296,0.67027044
5796_croplands,0.45185426,0.5481458
2430_central-asia,0.45185456,0.5481455
10267_geowiki-landcover-2017,0.6803814,0.3196186
347_sudan,0.5621856,0.4378144
115_tanzania-rice-ecaas,0.44982702,0.5501729
21786_geowiki-landcover-2017,0.5621709,0.43782905
1656_canada,0.32972953,0.6702705
203_martinique-france,0.56217116,0.43782887
1841_tanzania-ceo,0.5780745,0.4219255
2633_canada,0.32973024,0.6702698
7520_geowiki-landcover-2017,0.4338286,0.56617135
31092_geowiki-landcover-2017,0.45185435,0.5481457
487_tanzania-ceo,0.45185354,0.5481464
88_tanzania-ceo,0.45185372,0.54814625
2239_martinique-france,0.5621715,0.43782848
12866_croplands,0.32973287,0.6702671
25074_geowiki-landcover-2017,0.4518539,0.5481461
501_geowiki-landcover-2017,0.5780736,0.4219264
4742_geowiki-landcover-2017,0.68092644,0.3190736
17238_geowiki-landcover-2017,0.6809267,0.3190733
2291_germany,0.32972977,0.67027026
18345_geowiki-landcover-2017,0.45185512,0.5481449
44_mali-non-crop,0.56217,0.43782997
2911_ile-de-france,0.4517762,0.5482238
21089_geowiki-landcover-2017,0.4518548,0.5481452
1760_ile-de-france,0.3297305,0.6702695
2014_ile-de-france,0.3297306,0.6702694
3276_rwanda-ceo,0.5780748,0.42192522
2751_central-asia,0.32973093,0.6702691
33422_geowiki-landcover-2017,0.32972974,0.67027026
9817_geowiki-landcover-2017,0.43380985,0.5661901
198_canada,0.4518535,0.5481465
16974_geowiki-landcover-2017,0.45185506,0.54814494
1645_rwanda-ceo,0.6809275,0.3190725
3786_ile-de-france,0.45185426,0.5481457
2657_central-asia,0.32973257,0.67026746
21015_geowiki-landcover-2017,0.45185387,0.5481461
181_kenya-non-crop,0.68092763,0.31907234
9303_geowiki-landcover-2017,0.6943263,0.3056737
4356_central-asia,0.32973042,0.67026955
981_canada,0.3297297,0.6702703
347_mali-helmets-labelling-crops,0.43382972,0.5661702
1085_croplands,0.5621671,0.43783292
31201_geowiki-landcover-2017,0.4518544,0.54814553
676_lem-brazil,0.4518549,0.5481451
23265_geowiki-landcover-2017,0.4498313,0.5501687
13587_geowiki-landcover-2017,0.451854,0.548146
2900_canada,0.45185375,0.54814625
29788_geowiki-landcover-2017,0.57859665,0.42140332
35667_geowiki-landcover-2017,0.57807463,0.42192537
1507_tanzania-ceo,0.57746303,0.42253694
602_geowiki-landcover-2017,0.32973844,0.67026156
9486_geowiki-landcover-2017,0.69432986,0.3056701
3245_rwanda-ceo,0.6943265,0.30567348
399_lem-brazil,0.45185494,0.54814506
4397_canada,0.32972997,0.67027
15382_geowiki-landcover-2017,0.45185444,0.54814553
674_mali-helmets-labelling-crops,0.5621705,0.4378295
13064_croplands,0.44983205,0.550168
64_canada,0.57746255,0.42253742
17142_geowiki-landcover-2017,0.5621706,0.43782932
2013_reunion-france,0.45185396,0.54814607
5191_central-asia,0.3297348,0.6702652
3538_rwanda-ceo,0.68092734,0.31907266
27380_geowiki-landcover-2017,0.56217057,0.43782943
4929_ile-de-france,0.44919947,0.5508005
6838_canada,0.32973695,0.6702631
10394_geowiki-landcover-2017,0.45185396,0.54814607
570_central-asia,0.32972997,0.67027
1343_rwanda-ceo,0.6808968,0.31910318
22162_geowiki-landcover-2017,0.3297297,0.67027026
13387_croplands,0.451854,0.548146
1761_canada,0.32972956,0.6702705
31377_geowiki-landcover-2017,0.4518534,0.5481466
4379_central-asia,0.32973033,0.67026967
1203_ile-de-france,0.45185518,0.5481448
12251_geowiki-landcover-2017,0.5780743,0.42192572
2774_canada,0.32972986,0.67027014
19604_geowiki-landcover-2017,0.68038213,0.31961793
2440_central-asia,0.32973197,0.670268
12809_croplands,0.4518537,0.5481463
1765_tanzania-ceo,0.6943255,0.3056745
20440_geowiki-landcover-2017,0.45185393,0.54814607
1562_tanzania-ceo,0.5774628,0.42253718
5469_canada,0.32973042,0.67026955
3277_canada,0.57807493,0.42192513
3095_croplands,0.32973653,0.67026347
18474_geowiki-landcover-2017,0.451855,0.548145
2504_central-asia,0.32973295,0.67026705
8977_geowiki-landcover-2017,0.45185497,0.548145
936_kenya-non-crop,0.7796427,0.22035733
10076_geowiki-landcover-2017,0.56217104,0.437829
1669_kenya-non-crop,0.57809055,0.4219095
1044_martinique-france,0.5621714,0.43782857
1906_ile-de-france,0.32973,0.67026997
2142_croplands,0.45185384,0.5481462
5988_canada,0.3297307,0.6702693
10118_geowiki-landcover-2017,0.56217045,0.43782955
986_martinique-france,0.5621715,0.43782842
3112_ile-de-france,0.45185506,0.548145
543_ile-de-france,0.3300666,0.6699334
1244_rwanda-ceo,0.6943259,0.30567402
501_croplands,0.43382874,0.5661712
2429_canada,0.45185375,0.54814625
22825_geowiki-landcover-2017,0.45185325,0.5481468
1298_mali-helmets-labelling-crops,0.5621714,0.43782863
1368_tanzania-ceo,0.56217074,0.43782926
4217_canada,0.32973078,0.6702692
4075_canada,0.32972986,0.67027014
33936_geowiki-landcover-2017,0.32972974,0.67027026
5480_canada,0.3297298,0.6702702
30908_geowiki-landcover-2017,0.45185462,0.54814535
8749_geowiki-landcover-2017,0.5780754,0.4219246
1772_central-asia,0.4518544,0.5481456
8091_geowiki-landcover-2017,0.5621705,0.4378295
6329_geowiki-landcover-2017,0.4518537,0.54814637
16874_geowiki-landcover-2017,0.5621708,0.43782917
66_rwanda-ceo,0.6809267,0.31907338
1788_kenya-non-crop,0.77964234,0.22035766
1448_geowiki-landcover-2017,0.5780752,0.42192486
1046_rwanda-ceo,0.6943268,0.30567324
6787_canada,0.32972953,0.6702705
4116_ile-de-france,0.3297299,0.67027
16991_geowiki-landcover-2017,0.45201275,0.5479872
1084_central-asia,0.32973084,0.67026913
2934_geowiki-landcover-2017,0.5621704,0.4378296
393_mali-helmets-labelling-crops,0.56217074,0.43782926
6438_canada,0.32972974,0.67027026
1134_togo,0.5621713,0.43782872
40_zimbabwe,0.32973072,0.67026925
3343_ile-de-france,0.4518494,0.5481506
34793_geowiki-landcover-2017,0.45185393,0.54814607
347_croplands,0.32973692,0.6702631
209_canada,0.45185438,0.54814565
4883_croplands,0.32973018,0.67026985
812_rwanda-ceo,0.6809268,0.3190732
6731_canada,0.45185444,0.54814553
1932_rwanda-ceo,0.44983163,0.55016834
826_rwanda-ceo,0.68092763,0.31907234
6738_croplands,0.5780746,0.42192546
1840_reunion-france,0.45186982,0.5481302
7_reunion-france,0.5780754,0.42192465
1891_kenya-non-crop,0.7796372,0.22036275
721_reunion-france,0.6943265,0.30567348
5884_ile-de-france,0.32973045,0.67026955
418_kenya-non-crop,0.6809267,0.31907338
2786_canada,0.451854,0.548146
2627_central-asia,0.45185542,0.5481446
3892_central-asia,0.45185435,0.5481457
18082_geowiki-landcover-2017,0.45185387,0.5481461
1272_central-asia,0.32973126,0.6702687
17864_geowiki-landcover-2017,0.6943258,0.30567425
6859_geowiki-landcover-2017,0.3297306,0.6702694
525_croplands,0.4518534,0.5481466
690_central-asia,0.32972988,0.6702701
23750_geowiki-landcover-2017,0.4518543,0.5481457
1870_kenya-non-crop,0.7786994,0.22130056
4057_central-asia,0.3297297,0.67027026
931_kenya-non-crop,0.680927,0.31907305
3541_geowiki-landcover-2017,0.56217104,0.43782902
44_togo,0.4338293,0.5661707
125_tanzania-ceo,0.57807446,0.42192554
2500_canada,0.45185408,0.5481459
431_canada,0.4518537,0.5481463
16207_geowiki-landcover-2017,0.5621711,0.43782893
2546_rwanda-ceo,0.68092686,0.31907314
28215_geowiki-landcover-2017,0.5780753,0.42192465
1597_canada,0.45185336,0.5481466
18875_geowiki-landcover-2017,0.4518538,0.5481462
6629_canada,0.45185426,0.5481457
6462_canada,0.3297445,0.67025554
1021_rwanda-ceo,0.57806253,0.42193747
17800_geowiki-landcover-2017,0.32973117,0.6702689
4778_central-asia,0.32973033,0.67026967
1007_geowiki-landcover-2017,0.5780734,0.42192656
5875_canada,0.3297297,0.6702703
135_mali-helmets-labelling-crops,0.56216663,0.4378333
16_geowiki-landcover-2017,0.45185405,0.54814595
32113_geowiki-landcover-2017,0.45185456,0.5481455
23904_geowiki-landcover-2017,0.69432396,0.305676
1950_central-asia,0.32973158,0.6702684
3629_geowiki-landcover-2017,0.56217116,0.43782887
2320_ile-de-france,0.32973096,0.670269
12573_geowiki-landcover-2017,0.32972956,0.6702705
5392_ile-de-france,0.3297301,0.6702699
3418_rwanda-ceo,0.6809377,0.3190623
3625_canada,0.32972997,0.67027
3140_geowiki-landcover-2017,0.5621713,0.43782872
4842_canada,0.32972965,0.6702703
2454_germany,0.3297299,0.67027
30822_geowiki-landcover-2017,0.5780748,0.42192513
4536_geowiki-landcover-2017,0.5604098,0.4395902
6465_croplands,0.45023707,0.5497629
7759_canada,0.45194337,0.54805666
11621_croplands,0.43382812,0.5661719
19021_geowiki-landcover-2017,0.5780746,0.42192546
2654_central-asia,0.32973194,0.67026806
1409_mali-helmets-labelling-crops,0.43382892,0.56617105
6475_canada,0.32972953,0.6702705
770_canada,0.4518534,0.54814655
6366_geowiki-landcover-2017,0.45185295,0.5481471
4301_ile-de-france,0.45185488,0.5481451
6352_geowiki-landcover-2017,0.45185456,0.5481454
7096_geowiki-landcover-2017,0.69216514,0.3078349
742_tanzania-rice-ecaas,0.44921345,0.55078655
6974_croplands,0.4498315,0.5501686
25703_geowiki-landcover-2017,0.44920915,0.5507908
1203_togo,0.56217164,0.43782833
22471_geowiki-landcover-2017,0.5780748,0.42192522
30353_geowiki-landcover-2017,0.451854,0.548146
3387_rwanda-ceo,0.68092746,0.31907254
23215_geowiki-landcover-2017,0.57807434,0.4219256
353_lem-brazil,0.45185462,0.54814535
221_rwanda-ceo,0.6809231,0.31907687
30173_geowiki-landcover-2017,0.4518537,0.54814625
2687_kenya-non-crop,0.69432646,0.30567354
3837_geowiki-landcover-2017,0.4518532,0.54814684
5763_canada,0.3297307,0.6702693
407_rwanda-ceo,0.6809171,0.3190829
2087_martinique-france,0.562172,0.437828
129_tanzania,0.57807505,0.42192498
7047_geowiki-landcover-2017,0.45185465,0.54814535
8495_croplands,0.45185363,0.54814637
24884_geowiki-landcover-2017,0.45185348,0.54814655
3663_ile-de-france,0.4518544,0.54814565
1302_mali-helmets-labelling-crops,0.43382898,0.56617105
2044_kenya-non-crop,0.56217086,0.43782914
2246_rwanda-ceo,0.6943268,0.30567324
144_lem-brazil,0.4518539,0.54814607
5197_ile-de-france,0.32973024,0.6702698
1401_mali-helmets-labelling-crops,0.43382862,0.56617135
84_lem-brazil,0.32973063,0.67026937
874_reunion-france,0.5754685,0.42453152
28706_geowiki-landcover-2017,0.32972938,0.67027056
9774_geowiki-landcover-2017,0.56217533,0.4378247
2134_martinique-france,0.5621709,0.43782905
14696_croplands,0.32973015,0.67026985
32178_geowiki-landcover-2017,0.45185387,0.5481461
3436_rwanda-ceo,0.680927,0.319073
1330_rwanda-ceo,0.6809269,0.31907308
9008_croplands,0.45183247,0.5481675
23846_geowiki-landcover-2017,0.68038255,0.31961742
10442_geowiki-landcover-2017,0.45185328,0.5481467
1411_canada,0.45185396,0.54814607
677_canada,0.3297296,0.67027044
25830_geowiki-landcover-2017,0.3297307,0.6702693
13721_croplands,0.32974693,0.67025304
2489_germany,0.4518543,0.5481457
4898_croplands,0.4518583,0.54814166
8443_geowiki-landcover-2017,0.56217086,0.4378291
22609_geowiki-landcover-2017,0.45185483,0.5481452
45_germany,0.3297312,0.67026883
9882_geowiki-landcover-2017,0.68090785,0.31909218
5415_geowiki-landcover-2017,0.57807434,0.4219257
2905_canada,0.45185068,0.5481493
18438_geowiki-landcover-2017,0.5621708,0.4378292
1887_central-asia,0.3297306,0.6702694
673_mali-helmets-labelling-crops,0.43382886,0.56617117
198_croplands,0.45185328,0.5481467
1489_rwanda-ceo,0.6943261,0.30567387
3804_ile-de-france,0.32973045,0.6702695
3464_geowiki-landcover-2017,0.5621706,0.43782935
1451_croplands,0.32975718,0.67024285
720_lem-brazil,0.45185414,0.54814583
1910_martinique-france,0.56217223,0.43782777
14973_croplands,0.45185483,0.5481452
4926_central-asia,0.32973123,0.6702688
15759_geowiki-landcover-2017,0.578075,0.421925
632_togo,0.5621712,0.43782875
5033_canada,0.32973003,0.67026997
2259_reunion-france,0.32973048,0.6702695
943_reunion-france,0.45185462,0.54814535
10491_geowiki-landcover-2017,0.4518547,0.54814535
577_reunion-france,0.69432473,0.30567524
2459_ile-de-france,0.32973033,0.67026967
1001_martinique-france,0.5621721,0.4378279
958_ile-de-france,0.32973057,0.6702694
3939_geowiki-landcover-2017,0.32972965,0.6702703
776_kenya-non-crop,0.56015986,0.43984017
261_central-asia,0.3297333,0.67026675
83_tanzania-ceo,0.57766783,0.42233214
26630_geowiki-landcover-2017,0.4518544,0.54814565
2270_ile-de-france,0.32973093,0.6702691
6317_geowiki-landcover-2017,0.5780742,0.42192578
511_geowiki-landcover-2017,0.4518942,0.5481058
2409_central-asia,0.45185453,0.5481455
28163_geowiki-landcover-2017,0.4338255,0.5661745
4509_ile-de-france,0.4492058,0.55079424
4095_canada,0.3297296,0.67027044
999_geowiki-landcover-2017,0.5775211,0.4224789
6013_canada,0.4518533,0.5481467
2594_rwanda-ceo,0.69432485,0.30567512
1874_central-asia,0.3297303,0.6702697
17135_geowiki-landcover-2017,0.5780746,0.42192546
1488_geowiki-landcover-2017,0.5780719,0.42192808
3324_central-asia,0.4518537,0.5481463
6028_ile-de-france,0.32973224,0.67026776
31671_geowiki-landcover-2017,0.5621706,0.43782932
4306_central-asia,0.45182613,0.54817384
12150_geowiki-landcover-2017,0.45185444,0.54814553
11267_geowiki-landcover-2017,0.56217116,0.4378288
288_geowiki-landcover-2017,0.578075,0.42192498
1679_geowiki-landcover-2017,0.45190755,0.5480924
13026_geowiki-landcover-2017,0.5780766,0.42192343
65_tanzania-rice-ecaas,0.33049187,0.6695081
3919_central-asia,0.45185453,0.5481455
11423_geowiki-landcover-2017,0.6809272,0.3190728
889_rwanda-ceo,0.5780748,0.42192522
1914_reunion-france,0.694327,0.30567303
2885_central-asia,0.32973087,0.67026913
6351_canada,0.45185247,0.5481475
3594_canada,0.32972994,0.67027
1780_canada,0.4518512,0.5481489
6323_canada,0.32972938,0.67027056
2351_central-asia,0.45184883,0.54815114
668_ile-de-france,0.32973072,0.67026925
1228_germany,0.3297303,0.6702697
888_mali-helmets-labelling-crops,0.56217104,0.43782896
17078_geowiki-landcover-2017,0.6809269,0.31907302
352_kenya-non-crop,0.5780754,0.4219246
376_germany,0.4518549,0.5481451
23876_geowiki-landcover-2017,0.56217164,0.43782842
2183_geowiki-landcover-2017,0.45185462,0.54814535
614_germany,0.4518542,0.54814583
1366_germany,0.3297301,0.67026997
669_reunion-france,0.57807505,0.42192498
3778_canada,0.32972953,0.6702705
113_reunion-france,0.57807523,0.42192477
14699_geowiki-landcover-2017,0.6803789,0.31962112
3889_canada,0.32973024,0.6702697
10631_croplands,0.45185584,0.5481441
2116_kenya-non-crop,0.7796423,0.22035773
297_germany,0.32973066,0.6702693
3350_geowiki-landcover-2017,0.4338289,0.56617117
7744_geowiki-landcover-2017,0.45185366,0.54814637
4170_canada,0.32973084,0.6702692
3825_central-asia,0.3297302,0.67026985
1426_croplands,0.32973075,0.67026925
686_croplands,0.44983184,0.55016816
318_reunion-france,0.4518551,0.54814494
4762_ile-de-france,0.32973045,0.6702695
23863_geowiki-landcover-2017,0.4518539,0.5481461
866_central-asia,0.32973012,0.67026985
3641_geowiki-landcover-2017,0.56217104,0.43782896
10212_croplands,0.45185447,0.54814553
429_lem-brazil,0.577463,0.42253706
1975_tanzania-ceo,0.694326,0.30567405
17041_geowiki-landcover-2017,0.5621705,0.43782955
1779_tanzania-ceo,0.5780741,0.4219259
2724_canada,0.45185375,0.54814625
1427_tanzania-ceo,0.69432634,0.30567366
5106_ile-de-france,0.45185333,0.54814667
2230_reunion-france,0.4518544,0.54814553
12518_geowiki-landcover-2017,0.44983196,0.55016804
8377_geowiki-landcover-2017,0.4518547,0.5481453
194_reunion-france,0.57807434,0.4219257
2975_geowiki-landcover-2017,0.56217104,0.43782896
4466_ile-de-france,0.32973018,0.67026985
35216_geowiki-landcover-2017,0.3297297,0.6702703
3795_geowiki-landcover-2017,0.56217116,0.43782884
262_ethiopia,0.6809264,0.3190736
12493_croplands,0.4518573,0.5481427
5265_geowiki-landcover-2017,0.5780748,0.42192513
1377_kenya-non-crop,0.6809273,0.31907275
871_reunion-france,0.44983235,0.5501676
1683_kenya-non-crop,0.77964234,0.22035764
19964_geowiki-landcover-2017,0.32973292,0.67026705
13895_croplands,0.45185384,0.5481461
24412_geowiki-landcover-2017,0.4518539,0.54814607
2096_central-asia,0.4518543,0.5481457
34820_geowiki-landcover-2017,0.45185408,0.5481459
831_lem-brazil,0.5774616,0.42253843
141_tanzania-ceo,0.5780746,0.42192543
10071_croplands,0.45185465,0.54814535
1263_mali-helmets-labelling-crops,0.43383294,0.5661671
729_germany,0.45185387,0.5481461
990_geowiki-landcover-2017,0.5780747,0.4219253
477_germany,0.45185348,0.54814655
6693_canada,0.45185086,0.5481491
2516_ile-de-france,0.32973027,0.6702697
20902_geowiki-landcover-2017,0.57807493,0.42192504
28691_geowiki-landcover-2017,0.45185316,0.54814684
20787_geowiki-landcover-2017,0.6809257,0.31907424
32899_geowiki-landcover-2017,0.6943269,0.30567312
3278_rwanda-ceo,0.57807493,0.42192504
3401_central-asia,0.3297298,0.6702702
2220_germany,0.4518544,0.54814565
2199_central-asia,0.3297317,0.6702683
1271_central-asia,0.4518412,0.5481588
915_kenya-non-crop,0.68092644,0.3190736
121_mali-non-crop,0.56217116,0.43782884
12312_geowiki-landcover-2017,0.578075,0.42192504
5790_ile-de-france,0.3297302,0.6702698
1630_reunion-france,0.6943258,0.30567425
4459_canada,0.4516352,0.54836476
1065_togo,0.5621715,0.43782845
293_sudan,0.56217134,0.43782872
35350_geowiki-landcover-2017,0.4518539,0.54814607
2180_rwanda-ceo,0.578097,0.421903
2216_kenya-non-crop,0.56217027,0.43782973
24489_geowiki-landcover-2017,0.451854,0.548146
9401_croplands,0.4518634,0.5481366
7753_canada,0.32973254,0.67026746
18796_geowiki-landcover-2017,0.45185295,0.5481471
5924_ile-de-france,0.45185447,0.54814553
8689_geowiki-landcover-2017,0.45185384,0.5481462
1559_canada,0.45185405,0.548146
1742_ile-de-france,0.3297302,0.6702698
1231_central-asia,0.32973036,0.6702696
3179_ile-de-france,0.4518551,0.54814494
23974_geowiki-landcover-2017,0.4523823,0.54761773
397_ile-de-france,0.45185477,0.54814523
13052_geowiki-landcover-2017,0.56217086,0.43782914
3085_canada,0.45185396,0.54814607
1918_germany,0.45185417,0.54814583
7883_canada,0.4518536,0.5481464
25663_geowiki-landcover-2017,0.32972956,0.6702705
1516_geowiki-landcover-2017,0.6809232,0.31907675
2607_rwanda-ceo,0.5780734,0.42192656
3996_central-asia,0.32972968,0.6702703
1959_martinique-france,0.56217104,0.43782896
1355_germany,0.3297305,0.6702695
24978_geowiki-landcover-2017,0.45185283,0.54814714
929_central-asia,0.44921097,0.550789
101_geowiki-landcover-2017,0.578075,0.42192498
141_ethiopia,0.67860025,0.32139975
14603_geowiki-landcover-2017,0.56217027,0.4378297
10878_geowiki-landcover-2017,0.4518534,0.54814655
4399_canada,0.3297295,0.67027056
1769_tanzania-ceo,0.57746416,0.4225359
1583_rwanda-ceo,0.5601605,0.43983942
12535_croplands,0.56216383,0.43783617
303_martinique-france,0.5621707,0.43782932
1428_canada,0.45186564,0.5481343
10021_croplands,0.4520305,0.5479695
1475_rwanda-ceo,0.6943269,0.30567315
673_tanzania-rice-ecaas,0.3297306,0.6702694
4797_central-asia,0.3297301,0.6702699
864_central-asia,0.32973185,0.6702682
20920_geowiki-landcover-2017,0.57744706,0.4225529
1720_germany,0.32973018,0.67026985
1549_ile-de-france,0.4518546,0.5481454
7053_geowiki-landcover-2017,0.45185462,0.54814535
16021_geowiki-landcover-2017,0.5780746,0.42192543
14299_geowiki-landcover-2017,0.5780745,0.42192551
30225_geowiki-landcover-2017,0.4518534,0.54814655
598_tanzania-rice-ecaas,0.4518344,0.5481656
10_rwanda-ceo,0.57807446,0.42192557
840_germany,0.32974494,0.67025506
1752_geowiki-landcover-2017,0.45185322,0.5481468
2768_canada,0.3297307,0.6702693
14677_geowiki-landcover-2017,0.5621717,0.4378283
3235_central-asia,0.4518524,0.5481476
2177_kenya-non-crop,0.6803822,0.31961784
22606_geowiki-landcover-2017,0.45185557,0.5481444
596_rwanda-ceo,0.77963954,0.22036044
1430_canada,0.45185456,0.5481454
1126_kenya-non-crop,0.7796416,0.22035839
16737_geowiki-landcover-2017,0.4518615,0.5481385
906_germany,0.32973033,0.67026967
2938_central-asia,0.3297299,0.67027
3317_ile-de-france,0.32973033,0.67026967
19180_geowiki-landcover-2017,0.5780743,0.42192572
581_tanzania-ceo,0.69432163,0.3056784
65_uganda,0.6809268,0.31907323
353_martinique-france,0.5621714,0.4378286
26_sudan,0.5595419,0.4404581
12617_geowiki-landcover-2017,0.5621709,0.43782908
19064_geowiki-landcover-2017,0.32972988,0.67027014
6149_geowiki-landcover-2017,0.6809266,0.31907338
35439_geowiki-landcover-2017,0.5621711,0.43782893
8587_geowiki-landcover-2017,0.5780736,0.42192638
701_ile-de-france,0.32973418,0.67026585
318_kenya,0.56016046,0.4398395
10217_geowiki-landcover-2017,0.6803821,0.31961796
8951_geowiki-landcover-2017,0.45185426,0.5481457
1399_central-asia,0.32973072,0.67026925
12840_geowiki-landcover-2017,0.5621704,0.43782958
4795_central-asia,0.32973036,0.6702696
1822_central-asia,0.45184,0.54815996
1218_mali-helmets-labelling-crops,0.56217194,0.43782803
654_croplands,0.3297315,0.6702685
782_central-asia,0.45185426,0.5481457
24293_geowiki-landcover-2017,0.45185405,0.548146
860_geowiki-landcover-2017,0.5754708,0.42452922
119_geowiki-landcover-2017,0.5780743,0.42192572
4668_ile-de-france,0.45185423,0.5481458
4543_croplands,0.32972997,0.67027
5355_geowiki-landcover-2017,0.4518534,0.5481466
7918_canada,0.4518525,0.5481475
165_tanzania-ceo,0.5780754,0.4219246
593_togo,0.43382892,0.56617105
518_ile-de-france,0.3297321,0.67026794
2147_geowiki-landcover-2017,0.5621709,0.43782908
23799_geowiki-landcover-2017,0.32972988,0.6702701
970_mali-helmets-labelling-crops,0.4338288,0.5661712
4646_ile-de-france,0.3297299,0.67027
1556_tanzania-ceo,0.4518536,0.5481464
4896_central-asia,0.3297369,0.6702632
4211_geowiki-landcover-2017,0.5780741,0.42192593
1124_togo,0.5621706,0.43782935
10287_croplands,0.32973072,0.67026925
4806_geowiki-landcover-2017,0.4518546,0.5481454
2573_kenya-non-crop,0.5780757,0.4219243
1606_rwanda-ceo,0.6943266,0.3056734
849_togo,0.43382925,0.56617075
8233_croplands,0.3297303,0.6702697
14787_geowiki-landcover-2017,0.4498325,0.55016756
28834_geowiki-landcover-2017,0.4518542,0.54814583
7588_canada,0.32972965,0.6702703
8225_geowiki-landcover-2017,0.45185384,0.5481462
2796_ile-de-france,0.32973033,0.67026967
26153_geowiki-landcover-2017,0.57806575,0.42193428
2133_rwanda-ceo,0.69389516,0.30610484
7299_canada,0.32972944,0.67027056
4070_central-asia,0.32972977,0.67027026
5073_central-asia,0.45185125,0.54814875
535_ile-de-france,0.32973158,0.6702684
5875_croplands,0.45184845,0.54815155
25346_geowiki-landcover-2017,0.451854,0.548146
3428_central-asia,0.32972965,0.6702703
951_croplands,0.4338288,0.56617117
3083_geowiki-landcover-2017,0.5621706,0.43782932
4150_croplands,0.5621628,0.43783718
2462_ile-de-france,0.32973036,0.6702696
13886_geowiki-landcover-2017,0.43382886,0.56617117
3986_canada,0.45185387,0.5481461
4227_ile-de-france,0.3297301,0.6702699
14208_geowiki-landcover-2017,0.451854,0.548146
1170_martinique-france,0.5621708,0.43782923
1952_geowiki-landcover-2017,0.4519889,0.54801106
1529_ile-de-france,0.45185465,0.54814535
7571_canada,0.45185393,0.54814607
954_germany,0.577463,0.422537
2558_reunion-france,0.57746285,0.42253715
453_germany,0.45185405,0.54814595
4688_croplands,0.32973024,0.6702697
690_lem-brazil,0.5774632,0.42253685
2681_kenya-non-crop,0.5780748,0.42192522
3153_geowiki-landcover-2017,0.5621691,0.4378309
15201_geowiki-landcover-2017,0.6809261,0.31907395
10795_croplands,0.4518557,0.5481443
17214_geowiki-landcover-2017,0.4518537,0.5481463
25045_geowiki-landcover-2017,0.44983137,0.55016863
1976_canada,0.45185435,0.5481457
129_canada,0.45185223,0.5481478
4469_geowiki-landcover-2017,0.5780741,0.4219259
15451_geowiki-landcover-2017,0.5621722,0.43782783
12025_geowiki-landcover-2017,0.45187134,0.54812866
382_germany,0.4518532,0.5481468
191_uganda,0.6809263,0.31907362
32035_geowiki-landcover-2017,0.43576148,0.56423855
392_ile-de-france,0.4518543,0.5481457
374_mali-helmets-labelling-crops,0.5621709,0.43782905
2687_canada,0.32972968,0.6702703
613_croplands,0.43382967,0.56617033
8076_geowiki-landcover-2017,0.6943269,0.30567312
4600_canada,0.45185363,0.54814637
7334_canada,0.44921127,0.5507887
1393_mali-helmets-labelling-crops,0.5621709,0.43782902
1635_ile-de-france,0.32973063,0.67026937
2355_tanzania-ceo,0.578074,0.42192602
89_ethiopia,0.5601611,0.4398389
837_central-asia,0.32973042,0.67026955
1909_canada,0.4518541,0.5481459
33613_geowiki-landcover-2017,0.45185405,0.548146
1655_central-asia,0.32973227,0.6702677
3060_geowiki-landcover-2017,0.56217086,0.4378291
3642_canada,0.32972944,0.67027056
26307_geowiki-landcover-2017,0.56217146,0.43782857
1431_canada,0.45185393,0.54814607
2305_martinique-france,0.56217104,0.43782902
3700_ile-de-france,0.32973057,0.6702694
416_sudan,0.56217074,0.43782926
447_central-asia,0.3297307,0.6702693
8686_geowiki-landcover-2017,0.5777026,0.4222974
3043_geowiki-landcover-2017,0.5621711,0.43782887
16499_geowiki-landcover-2017,0.6943241,0.3056759
2201_tanzania-ceo,0.44983265,0.5501674
28049_geowiki-landcover-2017,0.45185396,0.54814607
25980_geowiki-landcover-2017,0.5621706,0.4378294
8999_croplands,0.32972947,0.6702705
15543_geowiki-landcover-2017,0.57807434,0.4219257
263_tanzania-rice-ecaas,0.574898,0.42510197
3046_canada,0.57746327,0.4225367
21482_geowiki-landcover-2017,0.4518539,0.54814607
8754_geowiki-landcover-2017,0.44982973,0.5501703
348_canada,0.45185405,0.54814595
340_tanzania-rice-ecaas,0.32973993,0.6702601
13173_geowiki-landcover-2017,0.56217104,0.43782896
202_uganda,0.5601872,0.43981272
826_tanzania-ceo,0.69432586,0.3056742
893_ile-de-france,0.3297301,0.6702699
32657_geowiki-landcover-2017,0.45185462,0.54814535
4926_geowiki-landcover-2017,0.5774631,0.4225369
22754_geowiki-landcover-2017,0.5780656,0.42193443
7237_geowiki-landcover-2017,0.57807434,0.4219256
3362_ile-de-france,0.4518521,0.54814786
8191_geowiki-landcover-2017,0.5780843,0.42191574
2311_kenya-non-crop,0.56217104,0.43782896
2750_ile-de-france,0.4518547,0.54814535
619_tanzania-ceo,0.44983214,0.5501679
15429_geowiki-landcover-2017,0.56217146,0.43782854
4034_central-asia,0.3297301,0.67026997
34746_geowiki-landcover-2017,0.32973164,0.67026836
3474_rwanda-ceo,0.6943265,0.30567345
3099_ile-de-france,0.3297302,0.6702698
1716_central-asia,0.45185456,0.5481455
564_central-asia,0.32972988,0.6702701
1249_germany,0.4518529,0.54814714
14047_croplands,0.4518734,0.54812664
5022_ile-de-france,0.32973105,0.67026895
29428_geowiki-landcover-2017,0.3297297,0.6702703
2275_ile-de-france,0.32973024,0.6702698
958_rwanda-ceo,0.5780729,0.42192712
31137_geowiki-landcover-2017,0.3297315,0.6702685
5978_ile-de-france,0.32972997,0.67027
4616_canada,0.32972944,0.67027056
179_tanzania-ceo,0.5780746,0.42192546
20248_geowiki-landcover-2017,0.32972988,0.67027014
512_ethiopia,0.6809201,0.31907982
27973_geowiki-landcover-2017,0.5774626,0.42253736
2758_canada,0.3297298,0.67027014
17116_geowiki-landcover-2017,0.5621703,0.4378297
7432_croplands,0.45185798,0.54814196
1258_martinique-france,0.5621709,0.43782908
1198_kenya-non-crop,0.68092763,0.31907237
21512_geowiki-landcover-2017,0.57807434,0.4219256
22542_geowiki-landcover-2017,0.45226285,0.5477371
2643_croplands,0.4512632,0.5487368
8496_geowiki-landcover-2017,0.68038195,0.31961802
15779_geowiki-landcover-2017,0.5754705,0.42452946
8651_geowiki-landcover-2017,0.56217176,0.43782827
9799_geowiki-landcover-2017,0.45185533,0.54814464
3247_geowiki-landcover-2017,0.5621706,0.4378294
1473_martinique-france,0.5621715,0.43782845
2413_martinique-france,0.5621706,0.4378294
2288_germany,0.45185405,0.548146
11429_geowiki-landcover-2017,0.57807505,0.4219249
35640_geowiki-landcover-2017,0.5621715,0.43782848
3519_geowiki-landcover-2017,0.5621424,0.4378576
170_uganda,0.680927,0.319073
965_kenya-non-crop,0.7796423,0.22035766
25488_geowiki-landcover-2017,0.45185402,0.548146
2487_geowiki-landcover-2017,0.5621707,0.43782932
8430_geowiki-landcover-2017,0.45185405,0.548146
587_rwanda-ceo,0.5780746,0.42192543
2144_canada,0.45185456,0.5481455
3637_ile-de-france,0.45185483,0.5481452
4490_canada,0.32972935,0.6702707
309_tanzania,0.5780754,0.42192462
31034_geowiki-landcover-2017,0.32972988,0.6702701
2765_reunion-france,0.6943112,0.30568877
895_canada,0.3297303,0.6702697
13625_geowiki-landcover-2017,0.5621714,0.43782863
2278_rwanda-ceo,0.6943261,0.30567387
2969_ile-de-france,0.3297305,0.6702695
68_central-asia,0.45185512,0.5481448
474_togo,0.56217086,0.4378291
3570_central-asia,0.33076385,0.6692362
2191_reunion-france,0.45185518,0.5481448
3145_canada,0.32972977,0.67027026
1189_germany,0.3297298,0.6702702
1656_germany,0.45185384,0.5481462
4584_geowiki-landcover-2017,0.32972953,0.6702705
2153_tanzania-ceo,0.5780747,0.4219253
6050_geowiki-landcover-2017,0.56217074,0.43782932
17174_geowiki-landcover-2017,0.4518536,0.5481464
2098_geowiki-landcover-2017,0.56217074,0.4378293
13601_geowiki-landcover-2017,0.6808181,0.31918192
11686_geowiki-landcover-2017,0.4518601,0.54813987
197_ile-de-france,0.3297302,0.6702698
2736_reunion-france,0.6943258,0.3056742
4981_canada,0.4518536,0.5481464
1238_ile-de-france,0.329731,0.67026895
270_germany,0.45185483,0.5481452
1323_kenya-non-crop,0.4518544,0.54814553
30682_geowiki-landcover-2017,0.4518541,0.5481459
3_tanzania-rice-ecaas,0.44980884,0.55019116
3032_central-asia,0.32973057,0.6702695
938_togo,0.56217086,0.4378291
28_croplands,0.5595417,0.44045824
2091_croplands,0.32973105,0.67026895
10533_croplands,0.32973304,0.6702669
15251_geowiki-landcover-2017,0.56217104,0.43782902
558_croplands,0.43382874,0.5661713
11334_geowiki-landcover-2017,0.5780743,0.42192572
1480_croplands,0.45185268,0.5481473
14536_geowiki-landcover-2017,0.56217074,0.4378293
4581_croplands,0.4518537,0.5481463
2478_geowiki-landcover-2017,0.5621706,0.43782935
28556_geowiki-landcover-2017,0.45185384,0.5481461
6138_canada,0.4518548,0.5481452
35721_geowiki-landcover-2017,0.32973018,0.67026985
1470_germany,0.45185494,0.54814506
1383_canada,0.3297298,0.6702702
20854_geowiki-landcover-2017,0.4518544,0.54814565
26459_geowiki-landcover-2017,0.4518537,0.54814637
18324_geowiki-landcover-2017,0.57807463,0.42192537
2178_kenya-non-crop,0.56217057,0.43782946
30097_geowiki-landcover-2017,0.562178,0.43782195
34778_geowiki-landcover-2017,0.45185372,0.54814625
1395_canada,0.32973728,0.6702627
29685_geowiki-landcover-2017,0.4518536,0.5481464
985_reunion-france,0.45185483,0.5481452
2494_canada,0.45185354,0.5481465
4024_canada,0.45185336,0.5481466
2682_rwanda-ceo,0.68092686,0.31907317
32177_geowiki-landcover-2017,0.5621712,0.43782878
8123_geowiki-landcover-2017,0.56217116,0.43782887
20896_geowiki-landcover-2017,0.68092674,0.3190733
1570_central-asia,0.3297318,0.67026824
2592_croplands,0.4518534,0.5481466
2498_kenya-non-crop,0.6809269,0.31907308
1003_kenya-non-crop,0.6809282,0.31907183
26907_geowiki-landcover-2017,0.6943269,0.30567312
233_ile-de-france,0.32973102,0.67026895
323_rwanda-ceo,0.6809269,0.31907305
3965_geowiki-landcover-2017,0.5781796,0.42182043
5160_geowiki-landcover-2017,0.4518587,0.54814124
751_ethiopia,0.6809277,0.31907228
2040_martinique-france,0.5621717,0.43782827
12197_geowiki-landcover-2017,0.5780748,0.42192522
2398_tanzania-ceo,0.6943246,0.30567533
2824_ile-de-france,0.4518544,0.5481456
20144_geowiki-landcover-2017,0.5780749,0.42192513
13820_croplands,0.38044846,0.61955154
133_canada,0.45185408,0.5481459
151_lem-brazil,0.45185462,0.5481454
4526_croplands,0.32973012,0.6702699
2118_croplands,0.45185447,0.54814553
96_uganda,0.6809195,0.31908047
3938_central-asia,0.3297297,0.6702703
3995_ile-de-france,0.32973117,0.6702689
58_uganda,0.6809269,0.31907314
17043_geowiki-landcover-2017,0.44922224,0.55077773
1073_mali-helmets-labelling-crops,0.56216735,0.43783265
2352_reunion-france,0.45185497,0.54814506
715_lem-brazil,0.57746315,0.42253685
3877_central-asia,0.32972988,0.67027014
7611_canada,0.45185328,0.5481467
922_rwanda-ceo,0.4498317,0.5501683
115_croplands,0.5621699,0.43783015
2624_canada,0.3297296,0.67027044
31181_geowiki-landcover-2017,0.4518537,0.54814625
5245_geowiki-landcover-2017,0.57807446,0.42192557
2406_ile-de-france,0.3297314,0.67026854
6550_canada,0.4518516,0.5481484
35519_geowiki-landcover-2017,0.57746285,0.4225371
1853_geowiki-landcover-2017,0.45185462,0.5481454
7349_geowiki-landcover-2017,0.4518537,0.5481463
1496_kenya-non-crop,0.77964145,0.22035863
19878_geowiki-landcover-2017,0.45185384,0.5481461
26822_geowiki-landcover-2017,0.45185363,0.54814637
6124_ile-de-france,0.32973105,0.67026895
164_mali-helmets-labelling-crops,0.43382865,0.56617135
5077_canada,0.32973018,0.67026985
1563_ile-de-france,0.45185325,0.5481468
11_mali-non-crop,0.6803816,0.3196184
2291_rwanda-ceo,0.44983163,0.55016834
7026_canada,0.5754693,0.4245307
6132_canada,0.45185462,0.54814535
32228_geowiki-landcover-2017,0.45185265,0.5481473
80_mali,0.4338285,0.56617147
1692_tanzania-ceo,0.69430566,0.3056943
4020_ile-de-france,0.32972988,0.6702701
1172_kenya-non-crop,0.7796386,0.22036138
35_uganda,0.6809266,0.31907338
4351_canada,0.45185456,0.5481454
5890_ile-de-france,0.32972965,0.6702704
759_tanzania-ceo,0.57745606,0.4225439
1453_reunion-france,0.5774627,0.42253733
33081_geowiki-landcover-2017,0.45185438,0.54814565
28617_geowiki-landcover-2017,0.45185402,0.548146
415_tanzania-rice-ecaas,0.44924244,0.5507575
2050_kenya-non-crop,0.5621708,0.43782917
1166_tanzania-ceo,0.57805586,0.4219441
3275_geowiki-landcover-2017,0.5621716,0.43782842
23741_geowiki-landcover-2017,0.4338285,0.5661715
208_canada,0.4518539,0.54814607
2268_reunion-france,0.6943259,0.30567408
4116_croplands,0.56216854,0.43783146
5845_canada,0.32972938,0.6702706
6030_geowiki-landcover-2017,0.4518541,0.5481459
15661_geowiki-landcover-2017,0.5780753,0.42192474
386_ile-de-france,0.45185497,0.54814506
27049_geowiki-landcover-2017,0.5621706,0.4378294
409_mali-helmets-labelling-crops,0.56215626,0.4378437
2320_central-asia,0.3297314,0.6702686
30882_geowiki-landcover-2017,0.32973087,0.67026913
21166_geowiki-landcover-2017,0.45185363,0.54814637
2369_kenya-non-crop,0.56217074,0.43782926
606_mali-helmets-labelling-crops,0.43382853,0.56617147
4353_central-asia,0.32973388,0.6702661
682_rwanda-ceo,0.7796427,0.22035725
593_kenya-non-crop,0.68092746,0.31907254
25363_geowiki-landcover-2017,0.45185533,0.54814464
1700_canada,0.45185384,0.5481461
1520_germany,0.57746106,0.4225389
3334_geowiki-landcover-2017,0.56217104,0.43782896
962_mali-helmets-labelling-crops,0.56217116,0.43782884
697_kenya-non-crop,0.68092614,0.31907383
745_mali-helmets-labelling-crops,0.4338289,0.56617105
800_croplands,0.3297301,0.67026997
34881_geowiki-landcover-2017,0.32972988,0.6702701
46_geowiki-landcover-2017,0.57746375,0.42253622
28839_geowiki-landcover-2017,0.5621714,0.4378286
2757_canada,0.45185372,0.54814625
1441_canada,0.57745683,0.42254314
3889_ile-de-france,0.3297305,0.6702695
263_reunion-france,0.45185456,0.5481455
28016_geowiki-landcover-2017,0.57807463,0.42192537
792_tanzania-ceo,0.32973,0.67026997
2323_germany,0.32973027,0.6702697
3454_ile-de-france,0.45185485,0.5481451
827_reunion-france,0.5780742,0.42192578
24957_geowiki-landcover-2017,0.4518543,0.5481457
27586_geowiki-landcover-2017,0.32975698,0.670243
2682_central-asia,0.32973212,0.6702679
32024_geowiki-landcover-2017,0.45185426,0.5481457
4516_central-asia,0.45185384,0.5481462
3311_central-asia,0.4518508,0.5481492
3546_rwanda-ceo,0.6943254,0.3056746
7457_canada,0.4518535,0.5481465
12226_geowiki-landcover-2017,0.57807446,0.42192554
8511_geowiki-landcover-2017,0.45185533,0.5481447
7444_croplands,0.32974166,0.6702584
30473_geowiki-landcover-2017,0.4518547,0.5481453
530_tanzania-rice-ecaas,0.5774636,0.42253637
2493_rwanda-ceo,0.68092734,0.31907272
1236_kenya-non-crop,0.5621712,0.43782878
31393_geowiki-landcover-2017,0.56217134,0.43782872
752_geowiki-landcover-2017,0.57807505,0.42192492
864_martinique-france,0.5621715,0.43782845
1858_tanzania-ceo,0.6943068,0.3056932
7501_geowiki-landcover-2017,0.57807505,0.4219249
2626_ile-de-france,0.32973105,0.67026895
593_ethiopia,0.44983244,0.55016756
6424_geowiki-landcover-2017,0.5780756,0.4219244
636_togo,0.56217146,0.43782857
7766_geowiki-landcover-2017,0.45185405,0.548146
7820_geowiki-landcover-2017,0.5621705,0.43782946
83_rwanda-ceo,0.578074,0.42192602
27968_geowiki-landcover-2017,0.451854,0.548146
296_mali-helmets-labelling-crops,0.5621709,0.43782905
393_lem-brazil,0.3297305,0.6702695
21470_geowiki-landcover-2017,0.45185465,0.54814535
7610_canada,0.45185438,0.54814565
23390_geowiki-landcover-2017,0.5780747,0.42192534
685_tanzania-rice-ecaas,0.57746524,0.42253473
12446_croplands,0.5621706,0.43782932
96_croplands,0.5621715,0.43782848
2687_central-asia,0.32973567,0.6702643
17278_geowiki-landcover-2017,0.45185328,0.5481467
2221_rwanda-ceo,0.57806253,0.42193747
2534_ile-de-france,0.32973012,0.67026985
8734_geowiki-landcover-2017,0.5780747,0.4219253
3107_central-asia,0.32973224,0.6702678
27352_geowiki-landcover-2017,0.56217086,0.4378291
49_mali-helmets-labelling-crops,0.5621711,0.43782893
21198_geowiki-landcover-2017,0.45184928,0.5481507
53_uganda,0.6809261,0.31907395
1011_togo,0.4338285,0.56617147
6746_croplands,0.44983163,0.5501684
2490_kenya-non-crop,0.68086797,0.31913206
7028_canada,0.5780754,0.42192462
1701_canada,0.45185348,0.54814655
10095_croplands,0.32974982,0.6702501
4058_central-asia,0.32972962,0.6702704
2076_canada,0.45185354,0.5481464
32363_geowiki-landcover-2017,0.4518541,0.5481459
329_mali-helmets-labelling-crops,0.5621556,0.4378444
68_ethiopia,0.5601601,0.43983993
2046_tanzania-ceo,0.5621706,0.4378294
6265_geowiki-landcover-2017,0.57746303,0.422537
22494_geowiki-landcover-2017,0.32975283,0.67024714
5685_geowiki-landcover-2017,0.4518538,0.5481462
3030_ile-de-france,0.32973096,0.6702691
26128_geowiki-landcover-2017,0.56221336,0.4377866
33967_geowiki-landcover-2017,0.3297305,0.6702695
568_tanzania-rice-ecaas,0.32973042,0.67026955
35121_geowiki-landcover-2017,0.45185453,0.5481455
248_ile-de-france,0.4518547,0.5481453
30_tanzania,0.5780745,0.4219255
25132_geowiki-landcover-2017,0.45185685,0.54814315
29530_geowiki-landcover-2017,0.56217015,0.43782985
2359_central-asia,0.32973084,0.6702692
29_germany,0.32973024,0.6702697
435_lem-brazil,0.5774633,0.4225366
3265_rwanda-ceo,0.6943264,0.30567357
3657_croplands,0.44979534,0.5502047
779_tanzania-ceo,0.5621694,0.43783063
6775_canada,0.32973137,0.6702686
483_ile-de-france,0.32973075,0.67026925
3983_central-asia,0.4518542,0.54814583
1479_mali-helmets-labelling-crops,0.43382904,0.566171
14921_croplands,0.3297301,0.6702699
32337_geowiki-landcover-2017,0.32972977,0.67027026
10371_geowiki-landcover-2017,0.5780319,0.4219681
1821_tanzania-ceo,0.5774608,0.42253914
3463_ile-de-france,0.32973212,0.6702679
18834_geowiki-landcover-2017,0.451854,0.548146
5101_geowiki-landcover-2017,0.5621712,0.43782878
6393_canada,0.45185226,0.5481477
2718_canada,0.32972986,0.67027014
12907_geowiki-landcover-2017,0.45185375,0.54814625
350_togo,0.5621714,0.43782857
3212_geowiki-landcover-2017,0.5621709,0.43782905
1681_central-asia,0.3297334,0.6702666
3111_geowiki-landcover-2017,0.5621708,0.43782917
2349_kenya-non-crop,0.68092674,0.3190733
1758_geowiki-landcover-2017,0.45185477,0.54814523
2142_martinique-france,0.56217164,0.43782842
23632_geowiki-landcover-2017,0.3297305,0.6702695
5271_geowiki-landcover-2017,0.4518544,0.5481456
3513_ile-de-france,0.32972997,0.67027
181_tanzania,0.57807505,0.4219249
19910_geowiki-landcover-2017,0.3297301,0.6702699
1923_canada,0.451854,0.548146
976_martinique-france,0.56217057,0.43782943
110_uganda,0.56016093,0.43983904
7322_canada,0.44921124,0.55078876
3128_geowiki-landcover-2017,0.5621715,0.43782845
24736_geowiki-landcover-2017,0.45185447,0.54814553
7909_geowiki-landcover-2017,0.69432646,0.30567354
2338_geowiki-landcover-2017,0.56216985,0.43783015
30408_geowiki-landcover-2017,0.32973012,0.67026985
188_lem-brazil,0.45185453,0.5481455
1990_martinique-france,0.68092054,0.31907946
1092_rwanda-ceo,0.6943253,0.30567467
4897_canada,0.32972944,0.67027056
191_croplands,0.32972962,0.6702704
671_ethiopia,0.6809275,0.3190725
1947_kenya-non-crop,0.4338282,0.5661718
1633_tanzania-ceo,0.6943251,0.3056749
2939_rwanda-ceo,0.77964264,0.22035734
2289_ile-de-france,0.3297298,0.67027014
4067_central-asia,0.32972965,0.6702703
28177_geowiki-landcover-2017,0.451854,0.548146
5282_canada,0.3297305,0.6702695
420_tanzania-rice-ecaas,0.45185706,0.54814297
15388_geowiki-landcover-2017,0.5780727,0.42192724
354_tanzania-ceo,0.5780754,0.4219246
40_sudan,0.5621705,0.4378295
1496_mali-helmets-labelling-crops,0.43382952,0.56617045
499_rwanda-ceo,0.68084866,0.31915134
2153_ile-de-france,0.3297301,0.6702699
6437_canada,0.32973,0.67027
1883_geowiki-landcover-2017,0.56216544,0.43783456
818_ethiopia,0.7796078,0.22039223
23320_geowiki-landcover-2017,0.45185426,0.5481457
445_lem-brazil,0.32973126,0.6702687
633_togo,0.5621715,0.43782845
1305_canada,0.32973462,0.6702653
2053_rwanda-ceo,0.5780745,0.4219255
1619_geowiki-landcover-2017,0.5780748,0.42192522
19383_geowiki-landcover-2017,0.32972988,0.6702701
990_central-asia,0.4492117,0.55078834
6601_canada,0.4518547,0.5481453
12978_croplands,0.44921154,0.5507884
1156_kenya-non-crop,0.6809342,0.31906587
5927_ile-de-france,0.32973018,0.67026985
359_martinique-france,0.56217104,0.43782902
449_germany,0.45185578,0.5481442
667_martinique-france,0.5621709,0.43782905
23456_geowiki-landcover-2017,0.45185375,0.54814625
460_germany,0.45185483,0.5481452
3081_central-asia,0.3297307,0.6702693
1913_rwanda-ceo,0.7796426,0.2203574
428_martinique-france,0.56217086,0.4378291
2587_geowiki-landcover-2017,0.4338297,0.56617033
3563_rwanda-ceo,0.5780746,0.42192546
458_reunion-france,0.57807493,0.42192504
11647_croplands,0.4518557,0.5481443
4230_ile-de-france,0.32973123,0.6702688
1476_kenya-non-crop,0.68038136,0.3196187
5053_geowiki-landcover-2017,0.5780735,0.42192653
640_tanzania-rice-ecaas,0.45185542,0.54814464
4967_central-asia,0.32973078,0.6702692
4710_croplands,0.45185426,0.5481457
8398_geowiki-landcover-2017,0.4518537,0.5481463
1873_germany,0.45185423,0.5481458
1862_central-asia,0.45185587,0.5481441
2521_ile-de-france,0.32972988,0.67027014
32465_geowiki-landcover-2017,0.45185465,0.54814535
30911_geowiki-landcover-2017,0.45185348,0.54814655
4119_central-asia,0.32972983,0.67027014
1264_mali-helmets-labelling-crops,0.5621708,0.43782917
2124_geowiki-landcover-2017,0.5621695,0.43783054
17_tanzania-ceo,0.5754693,0.42453068
2417_geowiki-landcover-2017,0.6809272,0.3190728
149_ethiopia,0.5601594,0.4398406
2135_tanzania-ceo,0.5754836,0.42451635
413_rwanda-ceo,0.7796428,0.22035718
17633_geowiki-landcover-2017,0.4518619,0.5481381
5310_canada,0.45185387,0.5481461
27_sudan,0.559542,0.44045794
377_martinique-france,0.56217164,0.43782842
21666_geowiki-landcover-2017,0.4518523,0.5481477
6760_canada,0.45185474,0.5481453
4734_ile-de-france,0.32973045,0.67026955
7048_canada,0.4518531,0.5481469
1873_geowiki-landcover-2017,0.43382883,0.56617117
22131_geowiki-landcover-2017,0.45185384,0.5481461
646_kenya-non-crop,0.6809267,0.31907338
1975_canada,0.32973194,0.67026806
11671_geowiki-landcover-2017,0.6809269,0.3190731
16857_geowiki-landcover-2017,0.577462,0.42253795
185_togo,0.5621715,0.43782842
1072_germany,0.57746303,0.42253697
28253_geowiki-landcover-2017,0.45185384,0.5481462
545_geowiki-landcover-2017,0.60874903,0.391251
2068_martinique-france,0.5621715,0.43782842
2532_central-asia,0.32973078,0.6702692
11012_geowiki-landcover-2017,0.5780742,0.42192584
1392_rwanda-ceo,0.6809267,0.31907338
865_tanzania-ceo,0.6943259,0.30567405
27970_geowiki-landcover-2017,0.5780752,0.42192483
600_canada,0.3297296,0.67027044
4316_croplands,0.32973942,0.67026055
141_germany,0.3297297,0.6702703
2321_germany,0.4518542,0.54814583
16636_geowiki-landcover-2017,0.45185125,0.54814875
285_tanzania-ceo,0.5780746,0.42192543
963_germany,0.45185572,0.5481443
620_lem-brazil,0.4518544,0.54814565
245_rwanda-ceo,0.69432676,0.30567327
4561_central-asia,0.4459799,0.5540201
31807_geowiki-landcover-2017,0.32973057,0.6702694
560_martinique-france,0.56217194,0.43782803
1158_germany,0.45185477,0.54814523
1634_geowiki-landcover-2017,0.57745826,0.4225417
12003_geowiki-landcover-2017,0.57807434,0.42192566
438_ethiopia,0.6809228,0.31907725
29055_geowiki-landcover-2017,0.4518547,0.5481453
2351_reunion-france,0.45185518,0.5481448
165_sudan,0.5621714,0.4378286
1354_reunion-france,0.45185477,0.5481453
1356_ile-de-france,0.32973117,0.67026883
13281_geowiki-landcover-2017,0.5621711,0.43782887
244_tanzania-ceo,0.68092734,0.31907266
3707_ile-de-france,0.32973108,0.6702689
1724_kenya-non-crop,0.77964234,0.22035764
233_reunion-france,0.4518537,0.54814625
19739_geowiki-landcover-2017,0.5780778,0.42192218
20137_geowiki-landcover-2017,0.57807225,0.42192772
303_croplands,0.45186093,0.5481391
13578_croplands,0.45185405,0.548146
175_germany,0.4518553,0.5481447
6314_geowiki-landcover-2017,0.451854,0.548146
10_uganda,0.68092734,0.3190727
1036_mali-helmets-labelling-crops,0.43392685,0.5660732
34236_geowiki-landcover-2017,0.4518539,0.54814607
2060_central-asia,0.32973158,0.6702684
35456_geowiki-landcover-2017,0.57807404,0.42192596
3212_rwanda-ceo,0.6809268,0.3190732
1938_reunion-france,0.5775616,0.4224384
1750_germany,0.45185444,0.54814553
3448_geowiki-landcover-2017,0.56217086,0.43782914
1068_tanzania-ceo,0.57807493,0.42192504
26_uganda,0.6809269,0.31907308
2993_rwanda-ceo,0.68037856,0.31962138
27526_geowiki-landcover-2017,0.56217134,0.43782872
1242_mali-helmets-labelling-crops,0.56216604,0.43783396
118_reunion-france,0.5780752,0.42192486
26874_geowiki-landcover-2017,0.45185348,0.54814655
2383_rwanda-ceo,0.6943268,0.30567318
27260_geowiki-landcover-2017,0.5621685,0.43783152
1104_martinique-france,0.5621719,0.43782815
2878_croplands,0.44912162,0.5508784
35300_geowiki-landcover-2017,0.4518544,0.5481456
157_central-asia,0.32973173,0.6702683
4063_central-asia,0.45185283,0.5481472
1572_kenya-non-crop,0.4518556,0.5481444
481_kenya-non-crop,0.68092686,0.3190732
28251_geowiki-landcover-2017,0.5780748,0.42192522
17308_geowiki-landcover-2017,0.45185497,0.548145
2152_central-asia,0.32973248,0.6702675
3626_canada,0.3297299,0.67027
4332_geowiki-landcover-2017,0.32972953,0.6702705
92_uganda,0.5601593,0.4398407
6119_ile-de-france,0.45185322,0.5481468
611_ethiopia,0.6809262,0.31907383
24439_geowiki-landcover-2017,0.5780747,0.4219253
1947_canada,0.451854,0.548146
2619_ile-de-france,0.451817,0.54818296
948_mali-helmets-labelling-crops,0.5621709,0.43782902
6295_geowiki-landcover-2017,0.451854,0.548146
2744_rwanda-ceo,0.68092704,0.31907293
12090_geowiki-landcover-2017,0.57807666,0.42192334
7283_canada,0.32975754,0.6702424
0_zimbabwe,0.57807505,0.42192492
3211_geowiki-landcover-2017,0.56217134,0.43782872
1280_ile-de-france,0.4518542,0.54814583
1272_togo,0.56217235,0.4378276
7310_canada,0.32972988,0.67027014
5172_ile-de-france,0.45185506,0.548145
15168_geowiki-landcover-2017,0.5621715,0.43782842
8236_geowiki-landcover-2017,0.5621715,0.43782848
4389_canada,0.451854,0.548146
2668_kenya-non-crop,0.6809269,0.31907314
668_rwanda-ceo,0.68091905,0.31908095
992_geowiki-landcover-2017,0.6943268,0.30567324
17611_geowiki-landcover-2017,0.45185474,0.5481453
27273_geowiki-landcover-2017,0.4518544,0.5481456
5281_canada,0.32973045,0.67026955
2238_croplands,0.4518534,0.5481466
4866_geowiki-landcover-2017,0.68092024,0.31907976
735_mali-helmets-labelling-crops,0.5621708,0.43782917
23972_geowiki-landcover-2017,0.449832,0.550168
5676_canada,0.4518537,0.54814637
18887_geowiki-landcover-2017,0.4518553,0.5481447
6212_canada,0.32973108,0.67026895
21969_geowiki-landcover-2017,0.32973173,0.67026824
9899_croplands,0.3297338,0.6702662
598_mali-helmets-labelling-crops,0.5619023,0.43809775
267_rwanda-ceo,0.5780749,0.42192513
657_germany,0.577463,0.422537
1201_central-asia,0.32973185,0.6702682
3574_canada,0.32972965,0.6702703
35106_geowiki-landcover-2017,0.4518517,0.54814833
13424_geowiki-landcover-2017,0.5621715,0.43782848
7011_geowiki-landcover-2017,0.57745755,0.42254242
10223_geowiki-landcover-2017,0.56216884,0.43783116
5837_ile-de-france,0.32973012,0.67026985
6672_canada,0.4518539,0.54814607
1169_central-asia,0.3297352,0.6702648
4345_ile-de-france,0.45185456,0.5481455
12570_croplands,0.56210446,0.43789548
6571_canada,0.45185435,0.5481457
864_reunion-france,0.57807213,0.42192784
26432_geowiki-landcover-2017,0.4518544,0.54814553
355_rwanda-ceo,0.6809271,0.31907284
593_lem-brazil,0.5774623,0.42253765
123_uganda,0.6809267,0.31907338
9531_croplands,0.4518548,0.5481452
359_kenya-non-crop,0.57807547,0.42192456
13814_croplands,0.32974544,0.6702546
2613_rwanda-ceo,0.7796429,0.22035715
410_ile-de-france,0.32973105,0.67026895
1313_canada,0.3297296,0.67027044
5854_ile-de-france,0.32973078,0.6702692
20612_geowiki-landcover-2017,0.5621705,0.4378295
13784_geowiki-landcover-2017,0.45185384,0.5481461
13494_croplands,0.45185456,0.5481455
47_rwanda-ceo,0.5780755,0.4219245
1483_reunion-france,0.4518547,0.5481453
1384_canada,0.32973102,0.67026895
64_togo,0.56162906,0.43837094
262_tanzania,0.7796425,0.22035746
145_tanzania,0.57807475,0.42192522
2286_central-asia,0.32973018,0.67026985
693_lem-brazil,0.5774625,0.42253754
10812_geowiki-landcover-2017,0.57807475,0.42192522
12570_geowiki-landcover-2017,0.32973027,0.6702697
271_geowiki-landcover-2017,0.5780739,0.42192608
11109_geowiki-landcover-2017,0.68037826,0.31962177
33939_geowiki-landcover-2017,0.45185474,0.5481453
5448_canada,0.45185414,0.54814583
1572_rwanda-ceo,0.6942768,0.3057232
8261_geowiki-landcover-2017,0.43382347,0.5661765
1711_ile-de-france,0.3297307,0.6702693
559_canada,0.451854,0.548146
4575_canada,0.3297298,0.67027014
2001_germany,0.32972953,0.6702705
11317_geowiki-landcover-2017,0.57805556,0.4219444
8852_croplands,0.45185265,0.5481473
99_togo,0.5621713,0.43782872
15762_geowiki-landcover-2017,0.5780747,0.42192534
22685_geowiki-landcover-2017,0.4518537,0.5481463
5494_geowiki-landcover-2017,0.56217015,0.43782985
1462_central-asia,0.32973057,0.6702694
1022_tanzania-ceo,0.45190075,0.5480992
2692_rwanda-ceo,0.44983312,0.5501669
2368_tanzania-ceo,0.45185485,0.5481451
14830_geowiki-landcover-2017,0.5621705,0.4378295
1126_togo,0.5621708,0.43782917
116_mali-non-crop,0.56217057,0.43782946
674_reunion-france,0.69432694,0.30567306
9385_geowiki-landcover-2017,0.449832,0.550168
1257_croplands,0.43383476,0.5661652
5964_ile-de-france,0.4518547,0.54814535
15223_geowiki-landcover-2017,0.56217176,0.43782824
18970_geowiki-landcover-2017,0.6943268,0.30567324
2502_germany,0.4491977,0.5508023
713_croplands,0.43382874,0.5661713
450_kenya-non-crop,0.694327,0.305673
8628_geowiki-landcover-2017,0.5780736,0.42192632
3443_rwanda-ceo,0.57807446,0.42192557
24593_geowiki-landcover-2017,0.45185363,0.54814637
865_canada,0.32973203,0.67026794
3455_rwanda-ceo,0.5780747,0.42192534
30248_geowiki-landcover-2017,0.56217134,0.43782872
1274_canada,0.3297296,0.67027044
34982_geowiki-landcover-2017,0.4518541,0.5481459
7448_geowiki-landcover-2017,0.4518547,0.5481453
7258_geowiki-landcover-2017,0.45185357,0.5481464
1521_geowiki-landcover-2017,0.5622288,0.43777123
24317_geowiki-landcover-2017,0.44983208,0.5501679
7003_geowiki-landcover-2017,0.32973042,0.67026955
11326_geowiki-landcover-2017,0.56217134,0.43782863
6827_geowiki-landcover-2017,0.5621714,0.43782857
22309_geowiki-landcover-2017,0.56216896,0.43783098
9997_croplands,0.45186013,0.54813987
1158_kenya-non-crop,0.7796417,0.22035824
3868_central-asia,0.32973003,0.67026997
4956_central-asia,0.3297306,0.6702694
34596_geowiki-landcover-2017,0.32972974,0.67027026
322_lem-brazil,0.5774626,0.4225374
1023_togo,0.5621717,0.4378283
8577_geowiki-landcover-2017,0.5780747,0.42192537
5164_central-asia,0.32973307,0.67026687
13558_geowiki-landcover-2017,0.5780747,0.4219253
28880_geowiki-landcover-2017,0.43382818,0.5661718
5944_geowiki-landcover-2017,0.45185405,0.548146
35182_geowiki-landcover-2017,0.45185426,0.5481457
3697_central-asia,0.32972988,0.6702701
3289_ile-de-france,0.329731,0.67026895
1977_rwanda-ceo,0.77964187,0.2203581
16_canada,0.45184803,0.548152
1516_canada,0.32972953,0.6702705
769_martinique-france,0.5621715,0.43782848
3398_ile-de-france,0.3297304,0.6702696
6121_canada,0.45182016,0.54817986
1001_germany,0.45185465,0.54814535
9560_croplands,0.32976234,0.67023766
400_tanzania-ceo,0.57746214,0.4225379
30986_geowiki-landcover-2017,0.44920465,0.5507954
33045_geowiki-landcover-2017,0.68038183,0.31961817
25724_geowiki-landcover-2017,0.45185298,0.548147
43_zimbabwe,0.4498321,0.5501679
3842_croplands,0.5621585,0.43784145
11295_croplands,0.44983095,0.55016905
5102_geowiki-landcover-2017,0.56217104,0.43782896
2191_rwanda-ceo,0.44983265,0.5501674
3837_ile-de-france,0.45185333,0.54814667
2617_central-asia,0.451855,0.548145
19610_geowiki-landcover-2017,0.5621712,0.43782875
26817_geowiki-landcover-2017,0.57807547,0.42192453
45_togo,0.4338288,0.5661712
1445_tanzania-ceo,0.57807434,0.4219256
383_kenya-non-crop,0.6809275,0.3190725
1283_canada,0.32972977,0.67027026
4581_ile-de-france,0.32972997,0.67027
28961_geowiki-landcover-2017,0.45185426,0.5481457
19264_geowiki-landcover-2017,0.5780474,0.4219526
2238_geowiki-landcover-2017,0.68091154,0.31908843
25868_geowiki-landcover-2017,0.5621697,0.43783036
860_ile-de-france,0.32973033,0.67026967
9029_croplands,0.32972953,0.6702705
9536_croplands,0.45185393,0.54814607
5443_canada,0.3297299,0.67027
6933_canada,0.45185354,0.5481464
33922_geowiki-landcover-2017,0.45185405,0.54814595
23780_geowiki-landcover-2017,0.5780743,0.42192575
1662_reunion-france,0.57807374,0.42192626
4428_croplands,0.45185462,0.54814535
2710_reunion-france,0.451962,0.548038
151_tanzania-ceo,0.69432557,0.3056744
2925_ile-de-france,0.32973084,0.67026913
30957_geowiki-landcover-2017,0.44921175,0.5507883
148_tanzania,0.57807505,0.4219249
22611_geowiki-landcover-2017,0.6809266,0.31907338
12000_geowiki-landcover-2017,0.43383023,0.5661698
1013_tanzania-ceo,0.57807434,0.4219257
18746_geowiki-landcover-2017,0.45185435,0.54814565
10298_geowiki-landcover-2017,0.43429932,0.5657007
108_germany,0.32972988,0.67027014
4016_central-asia,0.3297299,0.67027
19921_geowiki-landcover-2017,0.5780738,0.42192617
3825_canada,0.32973394,0.6702661
326_rwanda-ceo,0.68092716,0.31907284
3750_geowiki-landcover-2017,0.562171,0.43782902
4520_canada,0.3297297,0.6702703
223_central-asia,0.32972986,0.67027014
600_mali-helmets-labelling-crops,0.5621708,0.4378292
12794_geowiki-landcover-2017,0.45185408,0.5481459
9167_geowiki-landcover-2017,0.57807595,0.42192405
487_central-asia,0.32973003,0.67026997
2070_tanzania-ceo,0.5780753,0.42192474
18006_geowiki-landcover-2017,0.45187187,0.5481281
26302_geowiki-landcover-2017,0.5621712,0.43782872
177_reunion-france,0.694326,0.30567396
17411_geowiki-landcover-2017,0.3297343,0.67026573
8947_geowiki-landcover-2017,0.57546675,0.4245332
2409_germany,0.44920778,0.5507923
13437_geowiki-landcover-2017,0.68092686,0.31907314
28063_geowiki-landcover-2017,0.4498333,0.5501667
1399_rwanda-ceo,0.44983646,0.5501635
5083_geowiki-landcover-2017,0.449832,0.55016804
1316_geowiki-landcover-2017,0.44987956,0.5501204
71_martinique-france,0.56216925,0.43783075
25059_geowiki-landcover-2017,0.5774639,0.42253605
2245_germany,0.32973924,0.6702608
1484_kenya-non-crop,0.68040335,0.31959662
2313_central-asia,0.451854,0.548146
9969_geowiki-landcover-2017,0.5621712,0.43782872
31239_geowiki-landcover-2017,0.57746625,0.42253375
1831_rwanda-ceo,0.57808375,0.42191628
4645_canada,0.45183474,0.54816526
2641_central-asia,0.3297315,0.6702685
30524_geowiki-landcover-2017,0.5780745,0.4219255
9597_geowiki-landcover-2017,0.5780747,0.4219253
4922_ile-de-france,0.32973078,0.6702692
1219_germany,0.32973045,0.67026955
2979_geowiki-landcover-2017,0.43382934,0.5661707
1811_central-asia,0.32973295,0.67026705
910_tanzania-ceo,0.5780755,0.4219245
29618_geowiki-landcover-2017,0.42977315,0.57022685
14154_geowiki-landcover-2017,0.45185515,0.5481448
2262_martinique-france,0.5621717,0.43782833
867_martinique-france,0.5621715,0.43782848
33556_geowiki-landcover-2017,0.32972953,0.6702705
1477_geowiki-landcover-2017,0.5621701,0.4378299
231_reunion-france,0.577463,0.422537
28148_geowiki-landcover-2017,0.3297318,0.6702682
6686_canada,0.45185333,0.54814667
378_ile-de-france,0.45185462,0.54814535
34987_geowiki-landcover-2017,0.4518517,0.5481483
7173_canada,0.32973373,0.67026633
3758_central-asia,0.3297307,0.6702693
22562_geowiki-landcover-2017,0.562158,0.43784204
3256_canada,0.4518535,0.5481465
2615_ile-de-france,0.32973224,0.6702678
9422_croplands,0.3297488,0.6702512
2027_kenya-non-crop,0.56217164,0.43782842
10174_geowiki-landcover-2017,0.67629397,0.32370603
22531_geowiki-landcover-2017,0.578073,0.421927
6965_canada,0.45185372,0.54814625
2737_rwanda-ceo,0.68092763,0.31907237
9999_croplands,0.32973808,0.6702619
34921_geowiki-landcover-2017,0.45185333,0.54814667
392_martinique-france,0.680382,0.31961802
66_kenya,0.6809265,0.31907353
1006_reunion-france,0.45185488,0.5481451
18328_geowiki-landcover-2017,0.56015897,0.43984103
1016_germany,0.32972997,0.67027
443_reunion-france,0.4518542,0.54814583
4068_canada,0.45185354,0.5481464
829_ethiopia,0.68092734,0.31907272
19370_geowiki-landcover-2017,0.43382797,0.566172
495_mali-helmets-labelling-crops,0.56217116,0.4378288
34013_geowiki-landcover-2017,0.32972965,0.6702704
14755_geowiki-landcover-2017,0.45185453,0.5481455
19271_geowiki-landcover-2017,0.32972965,0.6702703
34854_geowiki-landcover-2017,0.45185518,0.5481448
1733_canada,0.32972965,0.6702704
220_martinique-france,0.6809275,0.31907248
1164_togo,0.56217915,0.43782088
5152_ile-de-france,0.3297319,0.6702681
5403_ile-de-france,0.3297299,0.67027
266_kenya-non-crop,0.68092597,0.31907406
2393_kenya-non-crop,0.43382838,0.5661716
5379_ile-de-france,0.32972988,0.67027014
5677_ile-de-france,0.32973054,0.6702695
2391_tanzania-ceo,0.5621147,0.43788525
349_sudan,0.6803821,0.31961793
1331_canada,0.32972968,0.6702703
26424_geowiki-landcover-2017,0.45185456,0.5481455
3055_rwanda-ceo,0.57807386,0.42192617
1729_croplands,0.45185873,0.54814124
21069_geowiki-landcover-2017,0.45185283,0.54814714
981_central-asia,0.44921196,0.55078804
524_tanzania-rice-ecaas,0.329733,0.6702669
2924_canada,0.45185345,0.54814655
2306_reunion-france,0.5780745,0.42192551
116_martinique-france,0.5621716,0.43782842
2215_germany,0.4518544,0.54814565
32716_geowiki-landcover-2017,0.680928,0.31907198
13237_geowiki-landcover-2017,0.43381613,0.56618387
4152_central-asia,0.32972997,0.67027
26748_geowiki-landcover-2017,0.4518544,0.54814553
801_kenya-non-crop,0.68092597,0.31907406
9216_croplands,0.3297639,0.6702361
1878_germany,0.3297301,0.67026997
761_kenya-non-crop,0.6809275,0.3190725
584_rwanda-ceo,0.68092734,0.3190727
2164_tanzania-ceo,0.6943204,0.30567965
298_rwanda-ceo,0.68092734,0.31907266
533_croplands,0.5774635,0.42253646
2083_martinique-france,0.5621714,0.43782863
314_croplands,0.3297303,0.6702697
202_sudan,0.43382946,0.5661705
2631_central-asia,0.45185512,0.5481449
40_ethiopia,0.5601594,0.4398406
4904_central-asia,0.32975432,0.6702457
5657_ile-de-france,0.32973057,0.6702694
1410_martinique-france,0.5621709,0.43782908
10_canada,0.4518525,0.5481475
27627_geowiki-landcover-2017,0.45185414,0.54814583
2398_kenya-non-crop,0.4338289,0.56617105
4789_ile-de-france,0.3297305,0.6702695
1105_ile-de-france,0.45185483,0.5481452
2444_kenya-non-crop,0.5621708,0.43782917
2315_kenya-non-crop,0.5621711,0.43782887
1194_ile-de-france,0.3297348,0.6702652
1181_togo,0.56217146,0.43782848
13796_geowiki-landcover-2017,0.45185372,0.54814625
420_reunion-france,0.5774644,0.42253563
6424_canada,0.45185363,0.54814637
306_canada,0.45185181,0.54814816
6188_geowiki-landcover-2017,0.61509025,0.38490972
26958_geowiki-landcover-2017,0.45185447,0.54814553
2129_martinique-france,0.56217146,0.43782857
1286_central-asia,0.3297317,0.67026836
2351_canada,0.4518537,0.5481463
25930_geowiki-landcover-2017,0.5780749,0.42192513
22952_geowiki-landcover-2017,0.5621702,0.43782976
726_central-asia,0.5774623,0.42253765
29579_geowiki-landcover-2017,0.577462,0.42253795
1904_geowiki-landcover-2017,0.56216973,0.4378303
660_ile-de-france,0.32973167,0.67026836
10902_geowiki-landcover-2017,0.32973462,0.6702653
1161_togo,0.5628216,0.4371783
667_mali-helmets-labelling-crops,0.5621698,0.43783015
4812_canada,0.32972944,0.67027056
7616_canada,0.45185384,0.5481462
1328_ile-de-france,0.32973117,0.67026883
7666_canada,0.45185387,0.5481461
136_sudan,0.56217086,0.43782914
14654_geowiki-landcover-2017,0.56217146,0.43782848
24401_geowiki-landcover-2017,0.57807386,0.42192614
25292_geowiki-landcover-2017,0.45185396,0.54814607
30530_geowiki-landcover-2017,0.45159578,0.5484042
1339_ile-de-france,0.45185435,0.5481457
7112_canada,0.45185155,0.5481484
32633_geowiki-landcover-2017,0.4518544,0.54814553
1507_germany,0.3297302,0.6702698
729_canada,0.45184365,0.5481564
338_martinique-france,0.56217307,0.437827
613_reunion-france,0.5780677,0.4219323
4730_canada,0.32973447,0.6702655
15570_geowiki-landcover-2017,0.32973024,0.6702697
6136_ile-de-france,0.32973033,0.67026967
1169_martinique-france,0.562171,0.43782902
1123_reunion-france,0.4518548,0.5481452
1133_togo,0.43382993,0.5661701
2621_ile-de-france,0.3297315,0.6702685
949_kenya-non-crop,0.7796423,0.22035766
144_ethiopia,0.56015944,0.43984056
30954_geowiki-landcover-2017,0.32972938,0.67027056
15596_geowiki-landcover-2017,0.57807475,0.42192525
1709_ile-de-france,0.32973084,0.6702692
1479_central-asia,0.32973015,0.67026985
1856_central-asia,0.3297307,0.6702693
242_tanzania,0.45185903,0.54814094
2761_ile-de-france,0.3297301,0.67026997
19413_geowiki-landcover-2017,0.45185384,0.5481461
256_tanzania-ceo,0.6809269,0.31907314
4230_canada,0.32973033,0.67026967
24429_geowiki-landcover-2017,0.577351,0.4226491
360_mali-helmets-labelling-crops,0.56217057,0.43782943
4790_ile-de-france,0.3297309,0.6702691
111_lem-brazil,0.32973075,0.67026925
742_lem-brazil,0.577462,0.42253795
2639_rwanda-ceo,0.6809275,0.31907248
7784_geowiki-landcover-2017,0.5621717,0.43782833
7764_geowiki-landcover-2017,0.57807225,0.42192772
83_canada,0.32973063,0.67026937
1420_central-asia,0.32973257,0.67026746
2419_germany,0.4518544,0.54814565
25644_geowiki-landcover-2017,0.5780747,0.42192537
5762_canada,0.32972953,0.6702705
2082_reunion-france,0.57746285,0.42253715
18351_geowiki-landcover-2017,0.45185384,0.5481462
1253_croplands,0.56217027,0.43782976
10580_croplands,0.3297358,0.67026424
29143_geowiki-landcover-2017,0.45185384,0.5481462
355_croplands,0.4518535,0.5481465
1349_central-asia,0.4518547,0.5481453
4913_geowiki-landcover-2017,0.4498315,0.5501686
30969_geowiki-landcover-2017,0.45185426,0.5481458
773_ile-de-france,0.33113816,0.66886187
1860_reunion-france,0.6943247,0.3056753
27832_geowiki-landcover-2017,0.45185807,0.54814196
30934_geowiki-landcover-2017,0.45185405,0.548146
11717_geowiki-landcover-2017,0.3297323,0.6702677
21752_geowiki-landcover-2017,0.6803816,0.31961837
561_tanzania-ceo,0.57807505,0.42192492
13878_croplands,0.45186222,0.54813784
2754_central-asia,0.3297303,0.6702697
12757_geowiki-landcover-2017,0.68092734,0.3190727
23672_geowiki-landcover-2017,0.5780752,0.42192483
4275_ile-de-france,0.32973063,0.67026937
103_tanzania-ceo,0.5780747,0.42192534
14947_croplands,0.32973033,0.67026967
22054_geowiki-landcover-2017,0.57746273,0.42253733
24901_geowiki-landcover-2017,0.5780742,0.42192578
559_geowiki-landcover-2017,0.6050955,0.3949045
1891_central-asia,0.4518547,0.5481453
26632_geowiki-landcover-2017,0.45185423,0.5481458
24680_geowiki-landcover-2017,0.57807434,0.42192566
4564_canada,0.3298285,0.6701715
6207_canada,0.32973003,0.67026997
1854_martinique-france,0.5621705,0.43782946
3923_geowiki-landcover-2017,0.5780754,0.4219246
1644_central-asia,0.32973334,0.6702667
3742_croplands,0.45185456,0.5481455
1002_kenya-non-crop,0.7796426,0.22035745
27133_geowiki-landcover-2017,0.68036914,0.31963083
6932_geowiki-landcover-2017,0.57807535,0.42192465
4432_ile-de-france,0.3297305,0.6702695
3477_central-asia,0.45185384,0.5481462
1124_rwanda-ceo,0.77964264,0.22035734
2399_kenya-non-crop,0.43382865,0.56617135
27862_geowiki-landcover-2017,0.32973024,0.6702698
21958_geowiki-landcover-2017,0.56217,0.43782994
2808_ile-de-france,0.32973033,0.67026967
3628_canada,0.3297305,0.6702695
7859_canada,0.45185336,0.5481466
17564_geowiki-landcover-2017,0.45185357,0.5481464
4398_central-asia,0.3297298,0.67027014
117_kenya,0.6809261,0.31907395
3703_geowiki-landcover-2017,0.56217116,0.43782887
20193_geowiki-landcover-2017,0.5780747,0.4219253
1116_togo,0.43382853,0.56617147
227_rwanda-ceo,0.5780754,0.42192456
34618_geowiki-landcover-2017,0.32972965,0.6702704
22109_geowiki-landcover-2017,0.4518541,0.5481459
2976_geowiki-landcover-2017,0.56217074,0.4378293
43_martinique-france,0.43384212,0.5661579
3485_croplands,0.4518538,0.5481462
4118_croplands,0.56216866,0.4378313
6061_ile-de-france,0.32973096,0.6702691
365_martinique-france,0.6809269,0.31907308
33699_geowiki-landcover-2017,0.4518537,0.5481463
791_mali-helmets-labelling-crops,0.43382895,0.56617105
1150_canada,0.451854,0.548146
6630_canada,0.32972988,0.6702701
564_reunion-france,0.5780747,0.4219253
16653_geowiki-landcover-2017,0.4518534,0.5481466
1127_canada,0.45185232,0.5481477
34803_geowiki-landcover-2017,0.45185372,0.54814625
13572_croplands,0.3297298,0.67027014
31211_geowiki-landcover-2017,0.5621706,0.4378294
199_tanzania-rice-ecaas,0.32975194,0.67024803
167_geowiki-landcover-2017,0.45185444,0.54814553
1051_croplands,0.32972968,0.6702703
725_tanzania-rice-ecaas,0.45185548,0.5481446
4063_canada,0.45185384,0.5481462
286_martinique-france,0.56217146,0.43782857
4335_canada,0.3297298,0.67027014
4211_ile-de-france,0.32973313,0.67026687
689_reunion-france,0.5780753,0.42192474
5958_geowiki-landcover-2017,0.3297309,0.6702691
4411_ile-de-france,0.3297302,0.67026985
19649_geowiki-landcover-2017,0.451854,0.548146
3191_geowiki-landcover-2017,0.56217116,0.43782884
7096_canada,0.45185483,0.5481452
456_germany,0.45185512,0.5481449
1020_togo,0.56217134,0.43782872
131_rwanda-ceo,0.5780754,0.4219246
1372_ile-de-france,0.3297305,0.6702695
1032_tanzania-ceo,0.6943262,0.30567375
9213_croplands,0.45185435,0.5481457
25787_geowiki-landcover-2017,0.45185477,0.5481453
642_croplands,0.32972988,0.6702701
523_rwanda-ceo,0.69432694,0.3056731
10353_geowiki-landcover-2017,0.6809271,0.31907293
14876_geowiki-landcover-2017,0.5780747,0.4219253
28979_geowiki-landcover-2017,0.45185527,0.54814476
1488_rwanda-ceo,0.68092716,0.31907284
71_ethiopia,0.68092656,0.31907347
20416_geowiki-landcover-2017,0.5774292,0.42257082
1604_rwanda-ceo,0.578074,0.42192602
658_kenya-non-crop,0.5601596,0.43984038
500_lem-brazil,0.45185155,0.5481484
14559_geowiki-landcover-2017,0.57807386,0.42192617
26756_geowiki-landcover-2017,0.5780733,0.42192668
23199_geowiki-landcover-2017,0.45185626,0.54814374
230_ethiopia,0.5595419,0.4404581
19720_geowiki-landcover-2017,0.56217206,0.43782797
1598_central-asia,0.32973105,0.67026895
3973_canada,0.4518539,0.5481461
19852_geowiki-landcover-2017,0.5780752,0.4219249
3480_croplands,0.32973993,0.67026
32236_geowiki-landcover-2017,0.5780747,0.4219253
6973_croplands,0.44983178,0.5501682
6531_canada,0.32973582,0.67026424
24777_geowiki-landcover-2017,0.56217146,0.43782854
1105_martinique-france,0.56217146,0.43782857
1713_martinique-france,0.56217194,0.43782803
9831_geowiki-landcover-2017,0.4498317,0.5501683
630_central-asia,0.3297314,0.67026854
493_croplands,0.5621714,0.43782863
32588_geowiki-landcover-2017,0.5621261,0.43787393
1568_ile-de-france,0.4518539,0.54814607
7825_canada,0.45185417,0.54814583
892_canada,0.32972953,0.6702705
76_lem-brazil,0.32973233,0.67026764
14040_croplands,0.32973337,0.6702666
648_mali-helmets-labelling-crops,0.56217,0.43782994
2315_canada,0.32973033,0.67026967
163_central-asia,0.32973158,0.6702684
735_ile-de-france,0.32973063,0.67026937
1086_croplands,0.56202614,0.4379739
179_uganda,0.56016433,0.4398356
463_tanzania-rice-ecaas,0.449227,0.55077296
13435_geowiki-landcover-2017,0.4518512,0.5481488
21728_geowiki-landcover-2017,0.45185527,0.54814476
1367_germany,0.32973084,0.67026913
29852_geowiki-landcover-2017,0.43382862,0.56617135
57_ethiopia,0.6786029,0.32139707
6086_ile-de-france,0.32972977,0.67027026
490_mali-helmets-labelling-crops,0.5621711,0.43782887
1341_germany,0.45185497,0.548145
1751_rwanda-ceo,0.5780754,0.42192462
19549_geowiki-landcover-2017,0.680926,0.319074
15032_geowiki-landcover-2017,0.56217104,0.43782902
2261_geowiki-landcover-2017,0.68092656,0.31907347
706_tanzania-ceo,0.45185465,0.54814535
1626_canada,0.32972947,0.67027056
526_reunion-france,0.4498317,0.5501683
1514_central-asia,0.3297303,0.6702697
27943_geowiki-landcover-2017,0.6918099,0.30819008
65_ethiopia,0.5601595,0.43984047
3356_ile-de-france,0.45185447,0.54814553
1092_central-asia,0.45176247,0.54823756
4157_ile-de-france,0.33739775,0.66260225
1951_germany,0.45185477,0.54814523
28555_geowiki-landcover-2017,0.5621715,0.43782848
22555_geowiki-landcover-2017,0.5780748,0.42192522
296_central-asia,0.45185527,0.54814476
2194_germany,0.45185328,0.5481467
124_togo,0.5621659,0.43783414
2363_ile-de-france,0.32973027,0.6702697
1304_rwanda-ceo,0.5780747,0.4219253
665_kenya-non-crop,0.6809256,0.3190744
4435_central-asia,0.32972988,0.6702701
14572_croplands,0.43382686,0.56617314
3944_canada,0.32972938,0.6702706
51_lem-brazil,0.451854,0.548146
13692_geowiki-landcover-2017,0.45185444,0.54814553
2751_reunion-france,0.45185527,0.54814476
22243_geowiki-landcover-2017,0.32973686,0.6702632
4118_central-asia,0.32972997,0.67027
2784_ile-de-france,0.45185313,0.54814684
588_central-asia,0.32973185,0.6702682
350_rwanda-ceo,0.4498563,0.55014366
12762_geowiki-landcover-2017,0.4518534,0.54814655
69_central-asia,0.45185232,0.5481477
5552_geowiki-landcover-2017,0.45185712,0.54814285
580_rwanda-ceo,0.578075,0.42192498
5477_ile-de-france,0.32973105,0.67026895
135_tanzania-rice-ecaas,0.3297572,0.6702428
839_geowiki-landcover-2017,0.5780674,0.42193258
4619_geowiki-landcover-2017,0.57807356,0.42192644
1417_reunion-france,0.5774616,0.4225384
22758_geowiki-landcover-2017,0.6809269,0.31907302
2318_martinique-france,0.5621712,0.43782872
301_rwanda-ceo,0.6809275,0.3190725
21_brazil-non-crop,0.57746273,0.42253724
3577_rwanda-ceo,0.6786284,0.32137167
22831_geowiki-landcover-2017,0.56217074,0.43782926
2611_central-asia,0.32973042,0.67026955
322_reunion-france,0.32973057,0.6702695
25977_geowiki-landcover-2017,0.45185256,0.54814744
29119_geowiki-landcover-2017,0.329735,0.670265
15909_geowiki-landcover-2017,0.5780766,0.42192346
1706_tanzania-ceo,0.57746357,0.4225364
2493_canada,0.45185313,0.5481469
2247_central-asia,0.32973078,0.6702692
1801_kenya-non-crop,0.7796423,0.22035773
4888_canada,0.32973754,0.67026246
894_geowiki-landcover-2017,0.57546914,0.4245309
6279_geowiki-landcover-2017,0.45185405,0.548146
515_martinique-france,0.5621708,0.4378292
1325_canada,0.32972962,0.6702704
2769_reunion-france,0.6943243,0.30567572
31650_geowiki-landcover-2017,0.5780708,0.4219292
911_martinique-france,0.56217146,0.43782854
13315_geowiki-landcover-2017,0.5621706,0.43782932
2163_ile-de-france,0.45185402,0.548146
3031_canada,0.5773881,0.4226119
16410_geowiki-landcover-2017,0.68092626,0.3190737
658_lem-brazil,0.5774633,0.4225366
804_canada,0.3297297,0.6702703
2295_tanzania-ceo,0.5780751,0.4219249
1850_ile-de-france,0.3297307,0.6702693
3486_central-asia,0.32974213,0.67025787
50_geowiki-landcover-2017,0.45185447,0.54814553
4166_croplands,0.43382445,0.5661755
429_germany,0.3297296,0.67027044
1859_canada,0.32972977,0.67027026
647_ile-de-france,0.32973105,0.67026895
19200_geowiki-landcover-2017,0.57746243,0.42253757
14967_geowiki-landcover-2017,0.45185757,0.54814243
719_tanzania-ceo,0.5780786,0.42192137
4912_ile-de-france,0.32973087,0.6702691
13786_geowiki-landcover-2017,0.45185396,0.54814607
20579_geowiki-landcover-2017,0.5780747,0.42192534
95_lem-brazil,0.57746315,0.42253685
2319_germany,0.45185405,0.54814595
2606_ile-de-france,0.45185652,0.5481435
1850_reunion-france,0.4518544,0.5481456
21247_geowiki-landcover-2017,0.56217057,0.43782943
6846_canada,0.32973433,0.6702657
3648_central-asia,0.45185408,0.5481459
4102_ile-de-france,0.3319245,0.6680755
318_geowiki-landcover-2017,0.5621706,0.43782932
34849_geowiki-landcover-2017,0.45185372,0.54814625
22809_geowiki-landcover-2017,0.45185414,0.54814583
3408_canada,0.45185408,0.5481459
9936_croplands,0.57807267,0.4219273
461_mali-helmets-labelling-crops,0.56217116,0.43782887
145_togo,0.56217015,0.43782985
28264_geowiki-landcover-2017,0.68092656,0.31907344
1328_martinique-france,0.56217116,0.43782887
762_ile-de-france,0.32972965,0.6702704
13669_geowiki-landcover-2017,0.6809268,0.3190732
2099_ile-de-france,0.45185578,0.5481442
1774_central-asia,0.32973033,0.67026967
13989_geowiki-landcover-2017,0.5774025,0.4225976
3239_rwanda-ceo,0.578067,0.42193294
33403_geowiki-landcover-2017,0.45185393,0.54814607
13688_geowiki-landcover-2017,0.5621705,0.43782946
2072_rwanda-ceo,0.6809273,0.31907275
5780_canada,0.3297299,0.67027
1930_germany,0.4518542,0.54814583
2713_canada,0.32974246,0.6702575
32413_geowiki-landcover-2017,0.32972947,0.6702705
45_kenya,0.6809232,0.31907675
7137_geowiki-landcover-2017,0.5621712,0.43782878
2503_geowiki-landcover-2017,0.68091494,0.31908503
10738_croplands,0.3297362,0.67026377
1905_germany,0.45185474,0.5481453
22173_geowiki-landcover-2017,0.5780746,0.42192543
457_martinique-france,0.5621708,0.43782923
1142_ile-de-france,0.45185485,0.5481451
6160_geowiki-landcover-2017,0.32973087,0.67026913
5970_geowiki-landcover-2017,0.45185396,0.54814607
5355_ile-de-france,0.3297305,0.6702695
1449_geowiki-landcover-2017,0.4519216,0.54807836
340_ile-de-france,0.45185298,0.548147
111_germany,0.32973057,0.6702694
455_tanzania-rice-ecaas,0.44921255,0.55078745
29570_geowiki-landcover-2017,0.45185423,0.5481458
1992_tanzania-ceo,0.57746315,0.42253685
3435_geowiki-landcover-2017,0.43382874,0.5661712
33052_geowiki-landcover-2017,0.4338283,0.5661717
1098_germany,0.32973278,0.6702672
3242_rwanda-ceo,0.5780749,0.42192513
9285_geowiki-landcover-2017,0.4518539,0.5481461
25783_geowiki-landcover-2017,0.45185375,0.54814625
9473_croplands,0.32973215,0.6702679
509_rwanda-ceo,0.5780741,0.42192584
19050_geowiki-landcover-2017,0.45185527,0.54814476
1081_germany,0.5774631,0.42253685
2253_ile-de-france,0.44918337,0.55081666
802_ethiopia,0.6803821,0.31961793
5816_canada,0.32972988,0.67027014
1554_ile-de-france,0.45185483,0.5481452
137_ile-de-france,0.32973087,0.6702691
2249_kenya-non-crop,0.5621715,0.43782848
174_kenya,0.68092686,0.31907314
125_mali,0.4338285,0.56617147
4039_central-asia,0.3297299,0.67027
662_kenya-non-crop,0.6809265,0.31907347
11610_geowiki-landcover-2017,0.44985062,0.5501494
32059_geowiki-landcover-2017,0.45185548,0.5481445
3180_rwanda-ceo,0.57807434,0.4219257
1739_kenya-non-crop,0.77964234,0.22035764
567_croplands,0.57746226,0.4225377
35356_geowiki-landcover-2017,0.32993147,0.6700685
2440_ile-de-france,0.3297307,0.6702693
643_reunion-france,0.69432676,0.30567327
2485_central-asia,0.3297305,0.6702695
6042_canada,0.45185354,0.5481464
21377_geowiki-landcover-2017,0.45185483,0.5481452
2444_canada,0.45185405,0.548146
20960_geowiki-landcover-2017,0.577463,0.4225371
6182_canada,0.3297299,0.67027
4631_canada,0.3297297,0.6702703
1889_canada,0.45185247,0.5481475
266_tanzania,0.5780745,0.42192551
29768_geowiki-landcover-2017,0.43382812,0.5661719
1020_tanzania-ceo,0.5774628,0.42253718
2329_reunion-france,0.45185465,0.54814535
35036_geowiki-landcover-2017,0.3297299,0.67027
30875_geowiki-landcover-2017,0.44921073,0.55078924
2472_ile-de-france,0.32973024,0.6702698
8538_geowiki-landcover-2017,0.56217027,0.4378297
4618_canada,0.45185366,0.54814637
2348_reunion-france,0.4518556,0.5481444
1744_kenya-non-crop,0.77964234,0.22035766
4619_central-asia,0.3297299,0.67027
127_germany,0.3297298,0.6702702
2438_canada,0.5774576,0.42254242
4499_canada,0.32972935,0.6702707
254_togo,0.43382865,0.56617135
5823_geowiki-landcover-2017,0.5621708,0.4378292
1903_germany,0.32972965,0.6702703
32846_geowiki-landcover-2017,0.5774649,0.4225351
768_mali-helmets-labelling-crops,0.5621715,0.43782842
25819_geowiki-landcover-2017,0.45185405,0.54814595
3144_geowiki-landcover-2017,0.56217027,0.43782973
2077_martinique-france,0.56217146,0.43782848
23391_geowiki-landcover-2017,0.45185405,0.54814595
2385_germany,0.32973012,0.6702699
1376_martinique-france,0.5621712,0.43782878
1348_tanzania-ceo,0.6943268,0.30567324
15135_geowiki-landcover-2017,0.5621655,0.43783447
582_rwanda-ceo,0.6943263,0.30567372
1110_togo,0.5621708,0.43782917
31084_geowiki-landcover-2017,0.5780757,0.4219243
5031_geowiki-landcover-2017,0.5601599,0.43984008
18062_geowiki-landcover-2017,0.32973072,0.67026925
6340_geowiki-landcover-2017,0.45185494,0.54814506
14_zimbabwe,0.44983184,0.5501682
1419_rwanda-ceo,0.7796406,0.22035936
11240_geowiki-landcover-2017,0.43382913,0.5661709
2364_germany,0.57746273,0.4225373
1989_central-asia,0.32973105,0.67026895
758_croplands,0.32973373,0.6702663
464_mali-helmets-labelling-crops,0.43382865,0.56617135
267_kenya,0.56015944,0.4398406
4524_ile-de-france,0.32973084,0.67026913
5894_ile-de-france,0.329731,0.670269
1091_germany,0.3297297,0.6702703
30661_geowiki-landcover-2017,0.32972956,0.6702705
133_rwanda-ceo,0.5780746,0.42192546
6750_croplands,0.4498315,0.5501686
11658_geowiki-landcover-2017,0.4518539,0.54814607
1342_kenya-non-crop,0.77964216,0.22035785
373_ethiopia,0.6809271,0.3190729
1827_central-asia,0.4518443,0.54815567
23840_geowiki-landcover-2017,0.4518578,0.5481422
25578_geowiki-landcover-2017,0.45185384,0.5481461
19_zimbabwe,0.5780746,0.42192537
33769_geowiki-landcover-2017,0.45185426,0.5481457
155_lem-brazil,0.32973167,0.67026836
2013_martinique-france,0.56217164,0.43782833
1681_germany,0.45185414,0.54814583
2070_ile-de-france,0.45185217,0.54814786
2377_ile-de-france,0.32973033,0.67026967
71_mali,0.5621712,0.43782878
1111_rwanda-ceo,0.5780746,0.42192546
1890_martinique-france,0.5621713,0.43782872
27330_geowiki-landcover-2017,0.56217086,0.4378291
1859_ile-de-france,0.32973045,0.6702695
88_reunion-france,0.578075,0.42192498
5055_central-asia,0.32973108,0.67026895
214_rwanda-ceo,0.44983274,0.55016726
33867_geowiki-landcover-2017,0.32973,0.67027
956_croplands,0.4518514,0.5481486
2373_central-asia,0.3297318,0.67026824
20082_geowiki-landcover-2017,0.45185396,0.54814607
193_togo,0.56217104,0.43782902
1807_reunion-france,0.4518544,0.54814553
1385_mali-helmets-labelling-crops,0.43382913,0.5661709
13528_geowiki-landcover-2017,0.5621706,0.4378294
94_central-asia,0.32974538,0.67025465
4449_central-asia,0.32972974,0.67027026
25014_geowiki-landcover-2017,0.32975522,0.67024475
23650_geowiki-landcover-2017,0.57807696,0.42192307
3083_croplands,0.44983143,0.5501686
3189_geowiki-landcover-2017,0.56217086,0.43782914
29877_geowiki-landcover-2017,0.32976735,0.67023265
6840_geowiki-landcover-2017,0.55954164,0.4404584
73_geowiki-landcover-2017,0.45185426,0.5481458
752_ethiopia,0.6809263,0.31907362
2566_central-asia,0.32973087,0.67026913
3367_canada,0.4518542,0.54814583
28557_geowiki-landcover-2017,0.56217104,0.43782896
236_martinique-france,0.56217164,0.43782842
1534_rwanda-ceo,0.4498345,0.55016553
14065_croplands,0.45185354,0.5481464
5108_canada,0.451854,0.548146
5637_ile-de-france,0.3297317,0.6702683
384_rwanda-ceo,0.5780754,0.42192456
4610_ile-de-france,0.45185456,0.5481455
860_kenya-non-crop,0.77964133,0.22035863
2860_canada,0.5621704,0.4378296
1364_canada,0.4518534,0.54814655
4868_canada,0.32973018,0.67026985
3449_geowiki-landcover-2017,0.56217074,0.43782926
5384_geowiki-landcover-2017,0.6809272,0.3190728
6723_geowiki-landcover-2017,0.5621711,0.43782887
1096_croplands,0.43383202,0.56616795
958_germany,0.45185384,0.5481461
412_canada,0.4518542,0.54814583
3260_ile-de-france,0.32973084,0.6702692
21747_geowiki-landcover-2017,0.56217074,0.43782932
8656_geowiki-landcover-2017,0.32974115,0.6702589
8144_geowiki-landcover-2017,0.44983166,0.55016834
2357_germany,0.45185414,0.54814583
1008_germany,0.45185483,0.5481452
1077_croplands,0.56216645,0.43783355
4952_central-asia,0.32973063,0.67026937
4293_central-asia,0.4518542,0.54814583
2907_central-asia,0.32973087,0.67026913
72_mali-helmets-labelling-crops,0.43382928,0.56617075
404_mali-helmets-labelling-crops,0.43382847,0.5661715
614_canada,0.4518539,0.54814607
158_martinique-france,0.56217116,0.43782887
27863_geowiki-landcover-2017,0.45185375,0.54814625
834_ile-de-france,0.45185485,0.5481451
33191_geowiki-landcover-2017,0.5780731,0.42192692
1337_rwanda-ceo,0.5780751,0.4219249
1495_canada,0.5774629,0.4225371
4679_central-asia,0.32972974,0.67027026
474_germany,0.45185444,0.54814553
1894_geowiki-landcover-2017,0.5621709,0.43782908
666_croplands,0.43383223,0.5661678
10188_croplands,0.32973135,0.67026865
6385_canada,0.45185313,0.5481469
16759_geowiki-landcover-2017,0.6809263,0.31907362
35745_geowiki-landcover-2017,0.451854,0.548146
13752_croplands,0.32973105,0.67026895
3075_central-asia,0.32973048,0.6702695
371_kenya-non-crop,0.77963626,0.22036375
25558_geowiki-landcover-2017,0.45185375,0.54814625
2402_germany,0.32973033,0.67026967
28670_geowiki-landcover-2017,0.45185354,0.5481465
193_tanzania-rice-ecaas,0.5754644,0.42453554
4505_ile-de-france,0.5774589,0.4225411
444_canada,0.45185372,0.54814625
119_kenya,0.6809256,0.31907436
99_central-asia,0.45185435,0.5481457
1176_kenya-non-crop,0.6809263,0.31907365
1993_germany,0.32973015,0.67026985
8140_geowiki-landcover-2017,0.57807386,0.42192617
1097_central-asia,0.32973075,0.67026925
8218_geowiki-landcover-2017,0.5621725,0.43782753
2360_tanzania-ceo,0.68038225,0.31961778
5031_central-asia,0.3297302,0.6702698
31033_geowiki-landcover-2017,0.45185477,0.5481453
2233_martinique-france,0.6809277,0.31907228
1586_canada,0.32977918,0.6702208
33115_geowiki-landcover-2017,0.56217104,0.43782896
239_rwanda-ceo,0.6809275,0.31907248
3799_ile-de-france,0.32973057,0.6702695
12622_croplands,0.5619472,0.4380528
7704_geowiki-landcover-2017,0.45185456,0.5481455
694_tanzania-ceo,0.69432646,0.30567348
2563_reunion-france,0.45185554,0.54814446
54_central-asia,0.45185384,0.5481461
3476_ile-de-france,0.32973158,0.6702684
16424_geowiki-landcover-2017,0.5780725,0.42192748
1038_germany,0.4529809,0.5470191
20810_geowiki-landcover-2017,0.45185414,0.54814583
853_martinique-france,0.5621723,0.43782768
1906_germany,0.4518549,0.5481451
106_sudan,0.43382913,0.5661709
2237_reunion-france,0.57807475,0.42192528
4572_croplands,0.4518494,0.5481506
26752_geowiki-landcover-2017,0.45185462,0.54814535
9111_geowiki-landcover-2017,0.5780755,0.4219245
1352_rwanda-ceo,0.4498358,0.55016416
6194_geowiki-landcover-2017,0.5621703,0.4378297
34209_geowiki-landcover-2017,0.4518535,0.5481465
453_martinique-france,0.56217307,0.4378269
703_central-asia,0.32973027,0.6702697
3139_rwanda-ceo,0.57807434,0.42192566
27634_geowiki-landcover-2017,0.577463,0.4225371
4011_ile-de-france,0.32973033,0.67026967
423_rwanda-ceo,0.6809271,0.3190729
2688_geowiki-landcover-2017,0.5621709,0.43782908
3813_ile-de-france,0.45185363,0.54814637
13671_geowiki-landcover-2017,0.5621725,0.4378276
2346_martinique-france,0.56217116,0.43782887
1645_ile-de-france,0.32973033,0.67026967
2086_reunion-france,0.45185396,0.54814607
958_geowiki-landcover-2017,0.4518534,0.54814655
11331_geowiki-landcover-2017,0.44922358,0.5507764
2755_geowiki-landcover-2017,0.56216997,0.43783
4895_ile-de-france,0.3297417,0.6702583
5193_canada,0.3297296,0.67027044
589_ile-de-france,0.45185483,0.5481452
12633_croplands,0.5621661,0.4378339
2228_reunion-france,0.45185483,0.5481452
578_tanzania-rice-ecaas,0.4518585,0.5481415
12656_geowiki-landcover-2017,0.45185387,0.5481461
614_ethiopia,0.6809274,0.3190726
28854_geowiki-landcover-2017,0.57807493,0.42192504
1991_tanzania-ceo,0.6943263,0.30567372
1499_martinique-france,0.562172,0.43782797
1885_central-asia,0.4518544,0.5481456
1826_kenya-non-crop,0.77964234,0.22035764
29724_geowiki-landcover-2017,0.56214577,0.4378542
10255_geowiki-landcover-2017,0.5780748,0.42192513
9053_geowiki-landcover-2017,0.45185554,0.54814446
2791_central-asia,0.3297467,0.67025334
975_croplands,0.5621704,0.43782955
1138_mali-helmets-labelling-crops,0.5621688,0.43783122
1925_ile-de-france,0.3297301,0.6702699
17194_geowiki-landcover-2017,0.68037945,0.31962058
3919_ile-de-france,0.32973027,0.6702697
2734_ile-de-france,0.3297303,0.6702697
26124_geowiki-landcover-2017,0.45185596,0.54814404
124_tanzania-ceo,0.6943257,0.30567434
2770_ile-de-france,0.32973635,0.6702637
4149_central-asia,0.32972997,0.67027
94_germany,0.5774616,0.4225384
23657_geowiki-landcover-2017,0.56217116,0.43782887
1058_ile-de-france,0.45185238,0.5481476
3851_geowiki-landcover-2017,0.57667667,0.42332333
6718_canada,0.45176822,0.54823184
10051_croplands,0.32973346,0.67026657
2969_rwanda-ceo,0.69432646,0.30567354
1323_central-asia,0.3297343,0.67026573
2331_reunion-france,0.45185465,0.54814535
727_kenya-non-crop,0.6809268,0.31907323
5358_geowiki-landcover-2017,0.45185384,0.5481462
32540_geowiki-landcover-2017,0.4518546,0.5481454
710_kenya-non-crop,0.68092,0.31908
128_mali-helmets-labelling-crops,0.56217057,0.43782943
1400_canada,0.45185506,0.548145
4969_canada,0.32972962,0.6702704
6729_croplands,0.4498317,0.5501683
8339_geowiki-landcover-2017,0.45185557,0.5481444
2088_reunion-france,0.45185477,0.54814523
186_geowiki-landcover-2017,0.5780711,0.42192888
1565_rwanda-ceo,0.6943268,0.30567315
18475_geowiki-landcover-2017,0.56217134,0.43782872
26827_geowiki-landcover-2017,0.5780742,0.42192578
7647_geowiki-landcover-2017,0.3297296,0.67027044
29672_geowiki-landcover-2017,0.562159,0.437841
2115_reunion-france,0.45185563,0.5481444
11291_geowiki-landcover-2017,0.6803812,0.31961885
767_reunion-france,0.3297334,0.6702666
1571_central-asia,0.3298309,0.6701691
6082_canada,0.3297314,0.67026854
194_central-asia,0.45185515,0.5481448
11223_geowiki-landcover-2017,0.5780748,0.42192516
16371_geowiki-landcover-2017,0.56015325,0.43984675
2406_kenya-non-crop,0.56217074,0.43782932
1739_reunion-france,0.45185456,0.5481454
5494_canada,0.32972977,0.67027026
15_mali-non-crop,0.56217086,0.4378291
526_germany,0.4518539,0.54814607
18373_geowiki-landcover-2017,0.44983202,0.550168
13017_geowiki-landcover-2017,0.5621865,0.4378135
5268_ile-de-france,0.5774633,0.42253667
712_tanzania-rice-ecaas,0.45185512,0.5481448
1664_tanzania-ceo,0.45185515,0.5481448
20463_geowiki-landcover-2017,0.57746327,0.42253673
2292_geowiki-landcover-2017,0.56217223,0.4378278
827_ethiopia,0.7796427,0.22035733
34523_geowiki-landcover-2017,0.45185384,0.5481462
1371_reunion-france,0.45185387,0.5481461
16_germany,0.32973093,0.6702691
3972_geowiki-landcover-2017,0.32973003,0.67026997
171_kenya-non-crop,0.6795981,0.32040197
6713_canada,0.45185384,0.5481462
346_sudan,0.4338282,0.5661718
3407_geowiki-landcover-2017,0.5621712,0.43782878
5518_ile-de-france,0.32973063,0.67026937
3465_canada,0.45185557,0.5481444
717_tanzania-ceo,0.68092686,0.31907314
5844_canada,0.32972935,0.6702707
10496_croplands,0.32973164,0.67026836
33239_geowiki-landcover-2017,0.32972977,0.67027026
4321_croplands,0.3297301,0.6702699
1453_tanzania-ceo,0.578074,0.42192602
1416_croplands,0.32973018,0.67026985
26917_geowiki-landcover-2017,0.45185438,0.54814565
3368_central-asia,0.32972965,0.6702703
600_germany,0.45185426,0.5481457
12274_geowiki-landcover-2017,0.5780746,0.42192543
1699_central-asia,0.32973042,0.67026955
5468_canada,0.3297303,0.6702697
4134_ile-de-france,0.45185354,0.5481465
32152_geowiki-landcover-2017,0.32972986,0.67027014
1084_martinique-france,0.5621715,0.43782848
31988_geowiki-landcover-2017,0.45185438,0.54814565
22656_geowiki-landcover-2017,0.5780294,0.42197058
1453_martinique-france,0.56217164,0.43782833
376_mali-helmets-labelling-crops,0.5621709,0.43782905
166_togo,0.43384126,0.5661588
1606_geowiki-landcover-2017,0.4518557,0.5481443
7791_canada,0.32973257,0.67026746
3351_geowiki-landcover-2017,0.5595414,0.44045854
5130_ile-de-france,0.32973045,0.67026955
14736_croplands,0.451856,0.548144
10612_croplands,0.3297372,0.6702628
1778_martinique-france,0.56217134,0.43782872
4265_central-asia,0.32972974,0.67027026
5115_ile-de-france,0.3297295,0.67027056
2985_ile-de-france,0.32973024,0.6702698
6566_canada,0.32972962,0.6702704
30030_geowiki-landcover-2017,0.44983178,0.5501682
6238_geowiki-landcover-2017,0.4518539,0.54814607
1384_ile-de-france,0.45185494,0.54814506
15796_geowiki-landcover-2017,0.44983494,0.55016506
1321_ile-de-france,0.4518556,0.5481444
6997_geowiki-landcover-2017,0.45185414,0.54814583
29_togo,0.5621469,0.43785313
4026_canada,0.45185402,0.548146
3168_geowiki-landcover-2017,0.5621717,0.43782833
7215_geowiki-landcover-2017,0.32972977,0.67027026
246_tanzania-ceo,0.5774633,0.42253664
15035_geowiki-landcover-2017,0.56217057,0.43782943
5946_ile-de-france,0.32973173,0.6702683
5633_ile-de-france,0.32973096,0.670269
130_germany,0.32973024,0.6702698
336_ile-de-france,0.45185375,0.54814625
1624_ile-de-france,0.45185396,0.54814607
984_rwanda-ceo,0.5780746,0.42192543
60_martinique-france,0.56217086,0.43782914
5819_ile-de-france,0.45184436,0.5481556
33458_geowiki-landcover-2017,0.45184568,0.5481543
97_geowiki-landcover-2017,0.6943221,0.30567786
12265_geowiki-landcover-2017,0.45185357,0.5481464
30000_geowiki-landcover-2017,0.45185393,0.54814607
2032_geowiki-landcover-2017,0.56217146,0.43782857
3237_ile-de-france,0.32972997,0.67027
35225_geowiki-landcover-2017,0.3297297,0.67027026
4971_canada,0.3297297,0.6702703
2404_canada,0.4518537,0.54814625
8418_geowiki-landcover-2017,0.56217074,0.43782926
9292_geowiki-landcover-2017,0.57807505,0.42192498
31647_geowiki-landcover-2017,0.43382895,0.56617105
210_ethiopia,0.5595419,0.4404581
16324_geowiki-landcover-2017,0.56217134,0.43782872
31997_geowiki-landcover-2017,0.45185497,0.548145
1162_rwanda-ceo,0.68092686,0.31907314
613_canada,0.45185408,0.5481459
20720_geowiki-landcover-2017,0.57806,0.42194003
1929_kenya-non-crop,0.56217146,0.43782857
779_mali-helmets-labelling-crops,0.5621712,0.43782878
646_tanzania-ceo,0.5774595,0.42254046
844_central-asia,0.4518516,0.5481484
35427_geowiki-landcover-2017,0.5621715,0.43782842
53_tanzania-ceo,0.57746327,0.42253676
33653_geowiki-landcover-2017,0.32972977,0.6702702
35024_geowiki-landcover-2017,0.5621711,0.43782887
28716_geowiki-landcover-2017,0.32972994,0.67027
26811_geowiki-landcover-2017,0.45185408,0.5481459
22573_geowiki-landcover-2017,0.5780747,0.4219253
1847_rwanda-ceo,0.5780743,0.42192572
65_martinique-france,0.562179,0.43782097
6313_canada,0.3297301,0.6702699
3740_ile-de-france,0.32973075,0.6702693
362_tanzania-rice-ecaas,0.3297478,0.67025214
4064_canada,0.45185384,0.5481462
2357_canada,0.45185354,0.5481464
4152_ile-de-france,0.45185527,0.54814476
26848_geowiki-landcover-2017,0.451856,0.54814404
7478_geowiki-landcover-2017,0.3297299,0.67027
412_tanzania-rice-ecaas,0.45185506,0.548145
1775_ile-de-france,0.32976136,0.6702387
6926_canada,0.32972997,0.67027
1020_mali-helmets-labelling-crops,0.56210643,0.4378936
7631_canada,0.45185384,0.5481462
30657_geowiki-landcover-2017,0.4518543,0.5481457
276_togo,0.5621707,0.43782932
30645_geowiki-landcover-2017,0.3297305,0.6702695
220_mali-helmets-labelling-crops,0.43419534,0.5658046
1570_germany,0.32973018,0.67026985
47_tanzania-ceo,0.5780743,0.42192572
20630_geowiki-landcover-2017,0.45188147,0.54811853
19203_geowiki-landcover-2017,0.5780747,0.4219253
10842_croplands,0.32973143,0.67026854
47_reunion-france,0.578075,0.421925
135_geowiki-landcover-2017,0.45185533,0.54814464
4973_ile-de-france,0.32973012,0.67026985
1793_canada,0.3297296,0.67027044
1605_rwanda-ceo,0.68092644,0.3190736
13277_geowiki-landcover-2017,0.6943202,0.30567977
34533_geowiki-landcover-2017,0.45185384,0.5481461
2538_canada,0.4518542,0.54814583
2641_reunion-france,0.5774626,0.42253736
3628_ile-de-france,0.4518541,0.5481459
5501_canada,0.32972997,0.67027
2374_ile-de-france,0.32973084,0.6702692
2493_germany,0.32973018,0.67026985
16966_geowiki-landcover-2017,0.45185384,0.5481462
31419_geowiki-landcover-2017,0.5621699,0.43783006
25327_geowiki-landcover-2017,0.45185417,0.54814583
24835_geowiki-landcover-2017,0.5621718,0.43782818
4593_ile-de-france,0.32973114,0.6702689
4510_ile-de-france,0.32973024,0.6702698
27222_geowiki-landcover-2017,0.5780388,0.42196116
543_ethiopia,0.4498322,0.55016774
1003_central-asia,0.44921154,0.5507884
996_mali-helmets-labelling-crops,0.43382874,0.5661713
1382_croplands,0.56213546,0.43786457
111_croplands,0.5621709,0.43782902
14145_croplands,0.32973093,0.6702691
3621_central-asia,0.32972988,0.6702701
4649_ile-de-france,0.4518542,0.54814583
4732_geowiki-landcover-2017,0.562136,0.43786398
27242_geowiki-landcover-2017,0.5621717,0.4378283
615_croplands,0.5774621,0.42253792
3455_ile-de-france,0.32973084,0.6702692
4303_croplands,0.32973018,0.67026985
902_germany,0.32973117,0.67026883
26911_geowiki-landcover-2017,0.5780746,0.42192537
32427_geowiki-landcover-2017,0.32973024,0.6702698
1425_central-asia,0.32973018,0.67026985
10_brazil-non-crop,0.4518539,0.54814607
2509_reunion-france,0.5780741,0.42192593
8251_geowiki-landcover-2017,0.56217086,0.43782914
612_tanzania-ceo,0.6943269,0.30567312
12632_croplands,0.56216586,0.43783414
2403_martinique-france,0.5621709,0.43782902
3835_ile-de-france,0.45185304,0.54814696
2331_germany,0.45185405,0.54814595
799_reunion-france,0.5780753,0.42192468
672_rwanda-ceo,0.4498318,0.5501682
5313_geowiki-landcover-2017,0.4518536,0.5481464
11013_geowiki-landcover-2017,0.6809271,0.3190729
280_mali-helmets-labelling-crops,0.4338287,0.5661713
3299_central-asia,0.3297297,0.6702703
2717_reunion-france,0.5780731,0.4219269
4122_croplands,0.56216943,0.43783054
1287_germany,0.4518549,0.5481451
6524_geowiki-landcover-2017,0.6809265,0.31907347
33635_geowiki-landcover-2017,0.56217116,0.43782887
504_rwanda-ceo,0.4498354,0.55016464
1747_rwanda-ceo,0.77964026,0.2203597
69_mali-non-crop,0.56217116,0.43782887
1677_martinique-france,0.56217104,0.43782896
3846_ile-de-france,0.32973033,0.67026967
1336_canada,0.32972962,0.6702704
1468_kenya-non-crop,0.69432694,0.3056731
33891_geowiki-landcover-2017,0.4518536,0.5481464
28426_geowiki-landcover-2017,0.56216985,0.43783015
3946_canada,0.32972947,0.6702705
15839_geowiki-landcover-2017,0.45185387,0.5481461
10166_croplands,0.45185414,0.54814583
6893_geowiki-landcover-2017,0.32972977,0.67027026
1827_germany,0.4518534,0.5481466
2510_germany,0.45185542,0.54814464
17686_geowiki-landcover-2017,0.5780751,0.4219249
28322_geowiki-landcover-2017,0.5621751,0.43782488
2514_central-asia,0.32973224,0.6702678
35587_geowiki-landcover-2017,0.4338288,0.5661712
27163_geowiki-landcover-2017,0.57807314,0.4219268
9156_croplands,0.45185375,0.54814625
2093_germany,0.32973072,0.67026925
4556_central-asia,0.32972977,0.67027026
2438_reunion-france,0.5780429,0.42195708
366_reunion-france,0.4518542,0.54814583
1729_ile-de-france,0.3297306,0.6702694
3639_croplands,0.5780689,0.42193103
11627_croplands,0.5621704,0.43782955
1942_ile-de-france,0.32972988,0.6702701
29197_geowiki-landcover-2017,0.32972962,0.6702704
7680_canada,0.4518537,0.5481463
19579_geowiki-landcover-2017,0.5621712,0.43782878
23973_geowiki-landcover-2017,0.562172,0.43782803
882_germany,0.45184588,0.5481542
229_tanzania-rice-ecaas,0.32976365,0.67023635
10082_croplands,0.3297368,0.6702632
13702_croplands,0.32977968,0.6702204
764_ethiopia,0.7796429,0.22035718
14227_geowiki-landcover-2017,0.6943243,0.3056757
5375_canada,0.4518541,0.5481459
1210_germany,0.32973024,0.6702698
1518_canada,0.3297298,0.67027014
12759_geowiki-landcover-2017,0.44983324,0.5501667
18030_geowiki-landcover-2017,0.45185333,0.5481467
214_reunion-france,0.451854,0.548146
10084_croplands,0.32980326,0.6701967
486_reunion-france,0.45185462,0.54814535
1283_central-asia,0.32973087,0.67026913
939_canada,0.3297305,0.6702695
1206_canada,0.3297301,0.67026997
4109_ile-de-france,0.45185143,0.5481486
2073_geowiki-landcover-2017,0.57807493,0.42192513
4276_ile-de-france,0.45185176,0.5481483
270_croplands,0.4518546,0.5481454
1856_martinique-france,0.5621704,0.43782955
4517_geowiki-landcover-2017,0.5621703,0.4378297
1481_canada,0.57746273,0.42253724
362_mali-helmets-labelling-crops,0.5621705,0.4378295
18568_geowiki-landcover-2017,0.5774632,0.42253682
2454_central-asia,0.329732,0.670268
979_geowiki-landcover-2017,0.4518551,0.54814494
3597_ile-de-france,0.32973093,0.6702691
1708_ile-de-france,0.32973096,0.6702691
4023_canada,0.45184737,0.5481526
2132_canada,0.32972968,0.6702703
5599_ile-de-france,0.45186275,0.54813725
29248_geowiki-landcover-2017,0.45185354,0.5481464
24245_geowiki-landcover-2017,0.45185354,0.5481464
1013_rwanda-ceo,0.77964264,0.22035733
5180_canada,0.32973236,0.67026764
1524_reunion-france,0.4518576,0.54814243
647_rwanda-ceo,0.5780743,0.42192572
2263_tanzania-ceo,0.6943258,0.30567423
1605_germany,0.32973063,0.67026937
155_tanzania,0.6943259,0.30567402
6092_ile-de-france,0.32973012,0.67026985
3148_geowiki-landcover-2017,0.5621723,0.43782774
19699_geowiki-landcover-2017,0.5621704,0.43782955
22385_geowiki-landcover-2017,0.45185322,0.5481468
9445_croplands,0.4518557,0.54814434
1239_tanzania-ceo,0.578075,0.42192504
2066_croplands,0.45185563,0.5481444
3562_rwanda-ceo,0.68092686,0.31907314
29573_geowiki-landcover-2017,0.45185366,0.54814637
19732_geowiki-landcover-2017,0.5780741,0.42192593
2110_martinique-france,0.5621712,0.43782878
2226_croplands,0.32972986,0.67027014
2754_rwanda-ceo,0.68092763,0.3190724
1330_mali-helmets-labelling-crops,0.4338292,0.5661708
2511_germany,0.451854,0.548146
2091_ile-de-france,0.45185438,0.54814565
698_tanzania-rice-ecaas,0.451855,0.548145
28777_geowiki-landcover-2017,0.4518533,0.5481467
14959_croplands,0.32973033,0.67026967
1289_central-asia,0.3297315,0.6702685
120_sudan,0.56216913,0.43783087
30547_geowiki-landcover-2017,0.433829,0.566171
2565_central-asia,0.32973075,0.6702693
5006_ile-de-france,0.3297312,0.6702688
1336_kenya-non-crop,0.56062406,0.43937597
4555_canada,0.32973018,0.67026985
124_mali-non-crop,0.5621709,0.43782908
4945_central-asia,0.32972962,0.6702704
1862_ile-de-france,0.32973075,0.67026925
721_rwanda-ceo,0.57807434,0.4219256
815_canada,0.4518537,0.54814637
20469_geowiki-landcover-2017,0.45185265,0.5481473
13495_geowiki-landcover-2017,0.56217146,0.43782848
715_martinique-france,0.56217104,0.43782902
5322_ile-de-france,0.44921097,0.550789
33212_geowiki-landcover-2017,0.57746285,0.42253712
26494_geowiki-landcover-2017,0.4518603,0.5481397
382_tanzania-rice-ecaas,0.32973623,0.6702637
287_ethiopia,0.6809272,0.3190728
6074_geowiki-landcover-2017,0.45185962,0.54814035
3064_central-asia,0.32973072,0.67026925
12246_geowiki-landcover-2017,0.4518533,0.5481467
15529_geowiki-landcover-2017,0.44983152,0.55016845
2703_central-asia,0.3297316,0.6702684
1857_martinique-france,0.5621796,0.43782035
2103_canada,0.32973003,0.67026997
1054_ile-de-france,0.577286,0.42271397
25332_geowiki-landcover-2017,0.45185506,0.548145
11412_geowiki-landcover-2017,0.5621706,0.43782932
1513_ile-de-france,0.3297299,0.67027
83_mali-non-crop,0.5621713,0.43782872
5175_geowiki-landcover-2017,0.57807505,0.42192492
13657_geowiki-landcover-2017,0.6809269,0.31907314
2536_reunion-france,0.45185554,0.54814446
3762_geowiki-landcover-2017,0.56217104,0.437829
24553_geowiki-landcover-2017,0.451854,0.548146
454_martinique-france,0.56217086,0.4378291
4415_ile-de-france,0.32973075,0.67026925
1869_ile-de-france,0.32973003,0.67026997
19613_geowiki-landcover-2017,0.45185333,0.5481467
1076_central-asia,0.3297302,0.6702698
1832_canada,0.32972977,0.67027026
5502_geowiki-landcover-2017,0.57807356,0.42192644
3708_canada,0.32972983,0.67027014
77_kenya-non-crop,0.6809263,0.31907365
2058_geowiki-landcover-2017,0.5621709,0.43782908
24392_geowiki-landcover-2017,0.6943268,0.30567315
787_martinique-france,0.56217206,0.43782797
27768_geowiki-landcover-2017,0.45185632,0.5481437
2269_germany,0.45185438,0.54814565
337_ethiopia,0.6809268,0.3190732
16862_geowiki-landcover-2017,0.5621709,0.43782908
1511_geowiki-landcover-2017,0.5621708,0.4378292
2182_ile-de-france,0.45185527,0.5481447
12742_geowiki-landcover-2017,0.5780745,0.42192551
19231_geowiki-landcover-2017,0.45185435,0.54814565
48_tanzania-ceo,0.4498328,0.55016726
34436_geowiki-landcover-2017,0.44983175,0.5501683
2538_geowiki-landcover-2017,0.5621717,0.43782827
705_ile-de-france,0.32973018,0.67026985
959_ile-de-france,0.329731,0.670269
1060_geowiki-landcover-2017,0.68092656,0.3190734
923_central-asia,0.44921154,0.5507884
15_tanzania,0.4498344,0.5501656
1036_reunion-france,0.4518547,0.54814535
33675_geowiki-landcover-2017,0.45185348,0.54814655
12573_croplands,0.43376225,0.56623775
32_mali-non-crop,0.56216836,0.43783164
354_martinique-france,0.56217223,0.4378278
3822_geowiki-landcover-2017,0.5774682,0.42253175
3564_ile-de-france,0.32973024,0.6702698
1144_mali-helmets-labelling-crops,0.43382895,0.56617105
9230_croplands,0.4518505,0.54814947
982_central-asia,0.5774303,0.4225697
1393_ile-de-france,0.45185533,0.54814464
4644_croplands,0.45185453,0.5481455
28150_geowiki-landcover-2017,0.43384472,0.5661553
941_reunion-france,0.45185605,0.548144
452_rwanda-ceo,0.5780745,0.42192546
3160_canada,0.3297299,0.67027
14245_geowiki-landcover-2017,0.32973003,0.67026997
320_canada,0.4518542,0.54814583
1962_tanzania-ceo,0.4518538,0.5481462
997_kenya-non-crop,0.7796423,0.22035766
10630_croplands,0.32973287,0.6702671
9452_geowiki-landcover-2017,0.57807446,0.42192554
13606_croplands,0.45185465,0.54814535
29407_geowiki-landcover-2017,0.57806915,0.42193082
1225_ile-de-france,0.45020837,0.54979163
284_mali-helmets-labelling-crops,0.43382874,0.5661713
19914_geowiki-landcover-2017,0.32973352,0.6702665
2301_germany,0.45185477,0.54814523
24827_geowiki-landcover-2017,0.680829,0.31917107
32642_geowiki-landcover-2017,0.45185456,0.5481454
259_germany,0.45185483,0.5481452
20038_geowiki-landcover-2017,0.32973057,0.6702694
3616_ile-de-france,0.45183963,0.5481604
14104_geowiki-landcover-2017,0.4518537,0.54814637
4120_ile-de-france,0.4518542,0.54814583
3527_central-asia,0.3297297,0.6702703
2409_rwanda-ceo,0.57807434,0.4219256
9707_geowiki-landcover-2017,0.6943107,0.3056893
17696_geowiki-landcover-2017,0.68092597,0.31907406
22063_geowiki-landcover-2017,0.4518535,0.5481465
10249_geowiki-landcover-2017,0.4492169,0.5507831
499_germany,0.45185462,0.54814535
14179_geowiki-landcover-2017,0.56217045,0.43782955
1845_reunion-france,0.45185474,0.5481453
4955_geowiki-landcover-2017,0.57733107,0.4226689
1547_central-asia,0.32973114,0.6702689
24937_geowiki-landcover-2017,0.45185313,0.5481469
31792_geowiki-landcover-2017,0.44921556,0.55078447
31_mali,0.56217104,0.437829
6168_geowiki-landcover-2017,0.32973,0.67027
3267_ile-de-france,0.32973042,0.67026955
5476_ile-de-france,0.32972988,0.67027014
2082_kenya-non-crop,0.6809259,0.31907406
1532_central-asia,0.32973087,0.6702691
4391_ile-de-france,0.32973033,0.67026967
34972_geowiki-landcover-2017,0.32973084,0.6702692
2509_ile-de-france,0.45013586,0.5498641
8596_geowiki-landcover-2017,0.69432634,0.30567366
4522_central-asia,0.32972997,0.67027
2347_martinique-france,0.56217146,0.43782857
862_rwanda-ceo,0.5780762,0.42192385
527_central-asia,0.32973027,0.6702697
8982_geowiki-landcover-2017,0.5780741,0.42192593
15045_geowiki-landcover-2017,0.56217146,0.43782857
472_kenya-non-crop,0.57807523,0.4219248
24382_geowiki-landcover-2017,0.57807505,0.42192498
1506_kenya-non-crop,0.6809253,0.31907472
19975_geowiki-landcover-2017,0.4518541,0.5481459
3290_rwanda-ceo,0.69432694,0.30567306
8328_geowiki-landcover-2017,0.4518541,0.5481459
3784_ile-de-france,0.45185465,0.54814535
2214_canada,0.32972988,0.6702701
5384_ile-de-france,0.32973033,0.67026967
22449_geowiki-landcover-2017,0.45185524,0.54814476
1162_ile-de-france,0.4518549,0.5481451
30693_geowiki-landcover-2017,0.57746285,0.42253715
2481_reunion-france,0.57807386,0.42192614
1983_kenya-non-crop,0.56217086,0.43782914
30711_geowiki-landcover-2017,0.45185423,0.5481458
2375_germany,0.32973033,0.67026967
2121_canada,0.451854,0.548146
4024_geowiki-landcover-2017,0.3297302,0.67026985
850_kenya-non-crop,0.77964157,0.22035846
817_geowiki-landcover-2017,0.45185587,0.5481441
12287_geowiki-landcover-2017,0.4518539,0.54814607
19162_geowiki-landcover-2017,0.45185506,0.548145
16069_geowiki-landcover-2017,0.57807446,0.42192554
449_kenya-non-crop,0.5780759,0.4219241
2125_canada,0.45185426,0.5481457
3911_ile-de-france,0.32973,0.67027
5997_geowiki-landcover-2017,0.5621702,0.43782985
1601_geowiki-landcover-2017,0.5780727,0.42192724
15475_geowiki-landcover-2017,0.45186663,0.5481334
518_tanzania-rice-ecaas,0.44961014,0.5503899
2623_kenya-non-crop,0.6804034,0.31959662
1260_geowiki-landcover-2017,0.44983244,0.55016756
1329_tanzania-ceo,0.5780755,0.42192444
411_sudan,0.562145,0.437855
10844_croplands,0.32973132,0.6702687
2453_reunion-france,0.45187232,0.5481277
1676_kenya-non-crop,0.77964234,0.22035764
478_ethiopia,0.680927,0.319073
2243_croplands,0.3297296,0.67027044
5080_canada,0.32972988,0.67027014
4177_central-asia,0.32972986,0.67027014
759_ethiopia,0.678603,0.32139695
534_martinique-france,0.5621713,0.43782872
33642_geowiki-landcover-2017,0.4492114,0.55078864
1997_kenya-non-crop,0.56217086,0.4378291
22995_geowiki-landcover-2017,0.56217116,0.43782887
28428_geowiki-landcover-2017,0.68092585,0.31907415
11769_geowiki-landcover-2017,0.5621696,0.43783042
1116_rwanda-ceo,0.5782007,0.4217993
12528_croplands,0.5621659,0.43783414
1034_central-asia,0.44921154,0.55078846
29210_geowiki-landcover-2017,0.32972974,0.67027026
2147_ile-de-france,0.3297302,0.6702698
1205_central-asia,0.329731,0.67026895
26236_geowiki-landcover-2017,0.45461974,0.5453803
524_mali-helmets-labelling-crops,0.5621712,0.43782878
1798_geowiki-landcover-2017,0.45185396,0.54814607
593_mali-helmets-labelling-crops,0.5616521,0.43834788
2176_rwanda-ceo,0.4498323,0.55016774
544_canada,0.4518539,0.5481461
3257_central-asia,0.3297299,0.67027
3697_canada,0.32972968,0.6702703
8576_geowiki-landcover-2017,0.57807463,0.42192537
35189_geowiki-landcover-2017,0.32973135,0.67026865
147_central-asia,0.32973105,0.67026895
1419_germany,0.45185426,0.5481457
17894_geowiki-landcover-2017,0.45185405,0.54814595
763_canada,0.4518538,0.5481462
4439_croplands,0.3297301,0.67026997
7089_geowiki-landcover-2017,0.5621709,0.43782908
4787_canada,0.32972997,0.67027
391_rwanda-ceo,0.69432515,0.30567485
5922_canada,0.45184967,0.5481503
537_mali-helmets-labelling-crops,0.5621708,0.43782923
1479_martinique-france,0.56217194,0.43782803
2660_central-asia,0.3297307,0.6702693
24756_geowiki-landcover-2017,0.45185634,0.5481437
12576_croplands,0.32978204,0.67021793
782_geowiki-landcover-2017,0.32973012,0.67026985
27_ethiopia,0.5601798,0.4398201
3019_geowiki-landcover-2017,0.5621715,0.43782848
4240_central-asia,0.3297298,0.67027014
520_tanzania-rice-ecaas,0.5774655,0.42253453
23850_geowiki-landcover-2017,0.56217027,0.4378297
1024_central-asia,0.44921157,0.5507884
10121_croplands,0.32973224,0.67026776
3753_canada,0.32972974,0.67027026
5478_canada,0.32973,0.67027
11529_geowiki-landcover-2017,0.5621709,0.43782908
5843_ile-de-france,0.577456,0.422544
1682_central-asia,0.3297335,0.6702665
6494_geowiki-landcover-2017,0.5774635,0.42253646
6245_canada,0.45185035,0.54814965
6498_geowiki-landcover-2017,0.45185366,0.54814637
3642_geowiki-landcover-2017,0.56217074,0.43782926
2988_rwanda-ceo,0.44983384,0.5501662
10098_croplands,0.32973754,0.67026246
1160_germany,0.45185545,0.5481446
1477_mali-helmets-labelling-crops,0.43382877,0.5661712
104_lem-brazil,0.57746327,0.4225367
2354_canada,0.4518536,0.5481464
3006_canada,0.57746255,0.42253742
870_mali-helmets-labelling-crops,0.4338288,0.5661712
290_ethiopia,0.68092763,0.31907237
1472_croplands,0.32973042,0.67026955
21478_geowiki-landcover-2017,0.44983235,0.5501676
255_geowiki-landcover-2017,0.5774694,0.42253056
1152_ile-de-france,0.32975492,0.6702451
303_tanzania-ceo,0.45185384,0.5481461
506_canada,0.45185384,0.5481462
2806_ile-de-france,0.32973087,0.67026913
26959_geowiki-landcover-2017,0.5780727,0.42192727
3423_rwanda-ceo,0.5780757,0.42192426
804_mali-helmets-labelling-crops,0.43382895,0.56617105
25451_geowiki-landcover-2017,0.57744896,0.422551
18622_geowiki-landcover-2017,0.68092644,0.3190736
3794_central-asia,0.32972986,0.67027014
12838_geowiki-landcover-2017,0.5621708,0.43782923
3571_canada,0.3297296,0.67027044
20608_geowiki-landcover-2017,0.5621709,0.43782902
10274_geowiki-landcover-2017,0.57807374,0.42192626
25822_geowiki-landcover-2017,0.32973236,0.6702676
153_mali-helmets-labelling-crops,0.56217074,0.4378293
4427_geowiki-landcover-2017,0.45185325,0.5481468
27781_geowiki-landcover-2017,0.5780037,0.42199627
1975_ile-de-france,0.32972997,0.67027
20187_geowiki-landcover-2017,0.5774651,0.42253494
2406_geowiki-landcover-2017,0.5621715,0.43782842
17325_geowiki-landcover-2017,0.32973114,0.6702689
5158_canada,0.45185372,0.54814625
160_reunion-france,0.4518544,0.54814553
920_mali-helmets-labelling-crops,0.43382874,0.5661713
288_canada,0.32973212,0.6702679
115_canada,0.45185375,0.54814625
2152_canada,0.45185456,0.5481455
3469_ile-de-france,0.32973105,0.67026895
2757_central-asia,0.32973,0.67026997
2196_reunion-france,0.5780748,0.42192522
33801_geowiki-landcover-2017,0.5780745,0.42192546
22442_geowiki-landcover-2017,0.5621712,0.43782872
3965_canada,0.45185098,0.54814905
25641_geowiki-landcover-2017,0.4518531,0.5481469
9002_croplands,0.45185444,0.54814553
17875_geowiki-landcover-2017,0.4518544,0.54814565
5809_geowiki-landcover-2017,0.5780712,0.42192882
3392_geowiki-landcover-2017,0.5620377,0.43796235
7681_geowiki-landcover-2017,0.45185345,0.54814655
6331_geowiki-landcover-2017,0.451854,0.548146
8551_geowiki-landcover-2017,0.5774386,0.4225614
282_central-asia,0.32973024,0.6702698
21536_geowiki-landcover-2017,0.32972997,0.67027
4952_ile-de-france,0.329731,0.67026895
1941_germany,0.32973015,0.67026985
22729_geowiki-landcover-2017,0.45185402,0.548146
785_germany,0.3297303,0.6702697
2230_kenya-non-crop,0.5621705,0.4378295
99_mali,0.5621709,0.43782908
21973_geowiki-landcover-2017,0.32973072,0.67026925
679_mali-helmets-labelling-crops,0.5621702,0.43782976
1277_rwanda-ceo,0.6943268,0.30567315
1824_germany,0.32973066,0.6702693
1722_ile-de-france,0.32973033,0.67026967
32541_geowiki-landcover-2017,0.45185435,0.5481457
1518_central-asia,0.32973063,0.67026937
3424_ile-de-france,0.4518541,0.5481459
27606_geowiki-landcover-2017,0.45185396,0.54814607
1017_kenya-non-crop,0.77964246,0.22035754
30892_geowiki-landcover-2017,0.45185313,0.5481469
14302_geowiki-landcover-2017,0.68092406,0.3190759
13147_geowiki-landcover-2017,0.57746327,0.42253673
5216_ile-de-france,0.44866002,0.55134
5233_central-asia,0.3297301,0.67026997
25_mali-helmets-labelling-crops,0.56217116,0.43782887
32773_geowiki-landcover-2017,0.56217104,0.43782902
1956_kenya-non-crop,0.5621711,0.43782893
3335_geowiki-landcover-2017,0.43382943,0.56617063
29765_geowiki-landcover-2017,0.56217074,0.43782926
2312_ile-de-france,0.32973093,0.6702691
714_canada,0.4518539,0.54814607
478_togo,0.5621704,0.43782958
1911_ile-de-france,0.32973248,0.67026746
23325_geowiki-landcover-2017,0.45185405,0.54814595
9069_geowiki-landcover-2017,0.68089736,0.31910262
5582_canada,0.32972938,0.67027056
189_mali-helmets-labelling-crops,0.5621704,0.4378296
1775_kenya-non-crop,0.77964234,0.22035766
2374_germany,0.44921198,0.550788
1984_central-asia,0.32973218,0.6702678
21595_geowiki-landcover-2017,0.45185447,0.54814553
1580_canada,0.45185384,0.5481461
26362_geowiki-landcover-2017,0.451859,0.54814106
27696_geowiki-landcover-2017,0.4518541,0.5481459
2963_canada,0.45185313,0.5481469
24408_geowiki-landcover-2017,0.45185357,0.5481464
706_tanzania-rice-ecaas,0.45185542,0.5481446
25278_geowiki-landcover-2017,0.45185497,0.54814506
161_central-asia,0.32973,0.67027
731_tanzania-ceo,0.69432616,0.3056738
10327_geowiki-landcover-2017,0.5621726,0.43782744
18855_geowiki-landcover-2017,0.45185366,0.54814637
1247_geowiki-landcover-2017,0.5621714,0.4378286
3363_canada,0.4518537,0.54814637
21567_geowiki-landcover-2017,0.44921166,0.55078834
424_ile-de-france,0.32973045,0.6702695
9658_geowiki-landcover-2017,0.4518544,0.54814565
7956_geowiki-landcover-2017,0.5621697,0.43783036
233_rwanda-ceo,0.5780754,0.42192465
1041_kenya-non-crop,0.6809263,0.31907368
420_geowiki-landcover-2017,0.4518538,0.5481462
12669_geowiki-landcover-2017,0.5780733,0.4219267
22617_geowiki-landcover-2017,0.56217045,0.43782955
35826_geowiki-landcover-2017,0.5621711,0.43782887
768_canada,0.45185366,0.54814637
413_canada,0.4518538,0.5481462
3031_rwanda-ceo,0.57808375,0.42191628
5065_central-asia,0.45185328,0.5481467
7062_canada,0.3297298,0.67027014
1908_canada,0.45184636,0.54815364
6717_geowiki-landcover-2017,0.4518562,0.54814386
53_tanzania-rice-ecaas,0.4307044,0.5692956
24519_geowiki-landcover-2017,0.3297301,0.6702699
3335_ile-de-france,0.45185414,0.54814583
195_tanzania-rice-ecaas,0.44980037,0.55019957
6748_croplands,0.44983098,0.550169
4439_central-asia,0.4492112,0.55078876
3406_canada,0.4518544,0.5481456
2957_rwanda-ceo,0.69432706,0.305673
1073_croplands,0.56214714,0.43785286
24720_geowiki-landcover-2017,0.33073223,0.6692678
12620_geowiki-landcover-2017,0.32972994,0.67027
5850_canada,0.45185387,0.5481461
26022_geowiki-landcover-2017,0.5774626,0.4225374
543_canada,0.45185384,0.5481461
1003_martinique-france,0.5621725,0.43782756
1055_togo,0.5621702,0.43782982
100_kenya-non-crop,0.68092537,0.31907466
6100_canada,0.32972988,0.6702701
2108_reunion-france,0.451854,0.548146
31672_geowiki-landcover-2017,0.5621676,0.43783242
3388_canada,0.4518534,0.5481466
13820_geowiki-landcover-2017,0.5780752,0.4219249
4808_central-asia,0.45185354,0.5481464
1438_canada,0.577463,0.4225371
53_sudan,0.6803814,0.3196186
32911_geowiki-landcover-2017,0.56217116,0.43782887
649_canada,0.45185375,0.54814625
404_lem-brazil,0.45185494,0.54814506
6856_geowiki-landcover-2017,0.5621709,0.43782902
7709_geowiki-landcover-2017,0.6809241,0.31907582
1548_central-asia,0.329731,0.670269
33670_geowiki-landcover-2017,0.45185477,0.54814523
1424_canada,0.5774631,0.42253688
4717_croplands,0.45185387,0.5481461
609_germany,0.45185533,0.54814464
583_lem-brazil,0.32973057,0.6702694
4463_ile-de-france,0.329731,0.670269
1327_kenya-non-crop,0.6809268,0.31907323
2651_central-asia,0.32973072,0.67026925
445_kenya-non-crop,0.5780753,0.42192468
1416_rwanda-ceo,0.6809267,0.3190733
28724_geowiki-landcover-2017,0.32973018,0.67026985
13410_croplands,0.32973212,0.67026794
29593_geowiki-landcover-2017,0.5780745,0.4219255
1243_central-asia,0.32973117,0.67026883
2817_central-asia,0.32973075,0.67026925
1684_reunion-france,0.45185497,0.548145
2199_reunion-france,0.6943268,0.30567324
3330_ile-de-france,0.32973033,0.6702696
5248_canada,0.45185354,0.5481464
22068_geowiki-landcover-2017,0.45185423,0.5481458
1870_tanzania-ceo,0.69432634,0.30567366
32537_geowiki-landcover-2017,0.3297452,0.6702548
5477_geowiki-landcover-2017,0.45185384,0.5481461
21499_geowiki-landcover-2017,0.5780748,0.42192516
705_central-asia,0.32973212,0.6702679
4661_canada,0.45185363,0.54814637
13581_croplands,0.32973078,0.6702692
2386_germany,0.3297301,0.67026997
1266_germany,0.45185462,0.5481454
13827_croplands,0.3297472,0.6702528
25355_geowiki-landcover-2017,0.45185444,0.54814553
32833_geowiki-landcover-2017,0.45185453,0.5481455
20190_geowiki-landcover-2017,0.5780745,0.42192546
2809_geowiki-landcover-2017,0.43382823,0.56617177
1522_germany,0.3297301,0.67026997
995_kenya-non-crop,0.68092585,0.31907415
27131_geowiki-landcover-2017,0.68092686,0.3190732
2529_rwanda-ceo,0.57807493,0.42192513
317_reunion-france,0.45185375,0.54814625
31567_geowiki-landcover-2017,0.45185426,0.5481458
1463_rwanda-ceo,0.56016016,0.4398398
3839_central-asia,0.45185316,0.54814684
371_sudan,0.56217146,0.43782854
369_sudan,0.5621712,0.43782878
3445_canada,0.32973203,0.67026794
6873_canada,0.32973105,0.67026895
851_central-asia,0.45174322,0.54825675
425_central-asia,0.3297314,0.6702686
18829_geowiki-landcover-2017,0.4518503,0.5481497
6803_geowiki-landcover-2017,0.32972988,0.67027014
899_rwanda-ceo,0.5780747,0.42192534
1439_martinique-france,0.6807982,0.31920183
19578_geowiki-landcover-2017,0.562171,0.43782902
985_martinique-france,0.56217134,0.43782872
18550_geowiki-landcover-2017,0.578075,0.42192498
1162_kenya-non-crop,0.7796419,0.22035809
3618_canada,0.3297297,0.67027026
19714_geowiki-landcover-2017,0.4519224,0.54807764
10162_geowiki-landcover-2017,0.44983143,0.5501686
46_zimbabwe,0.5780705,0.42192945
1509_canada,0.45185426,0.5481458
629_martinique-france,0.5621716,0.43782842
2186_geowiki-landcover-2017,0.4518544,0.5481456
95_mali-helmets-labelling-crops,0.5621709,0.43782908
7195_geowiki-landcover-2017,0.56217,0.43783
30925_geowiki-landcover-2017,0.45185107,0.54814893
21545_geowiki-landcover-2017,0.56217146,0.43782848
906_geowiki-landcover-2017,0.451857,0.54814297
100_reunion-france,0.5781064,0.42189357
121_geowiki-landcover-2017,0.5774632,0.42253685
13975_croplands,0.32973152,0.6702684
2645_central-asia,0.3297312,0.6702688
3516_ile-de-france,0.32973123,0.6702688
1478_mali-helmets-labelling-crops,0.4338317,0.5661683
1544_germany,0.4518547,0.54814535
1310_mali-helmets-labelling-crops,0.43382892,0.56617105
24496_geowiki-landcover-2017,0.45185372,0.54814625
563_togo,0.5621169,0.43788305
1251_martinique-france,0.56217134,0.4378287
18457_geowiki-landcover-2017,0.4498315,0.5501686
1672_geowiki-landcover-2017,0.577463,0.4225371
5762_geowiki-landcover-2017,0.5774632,0.42253685
18120_geowiki-landcover-2017,0.45186168,0.5481383
2449_germany,0.4518546,0.5481454
1218_rwanda-ceo,0.6865927,0.31340727
5987_canada,0.32972962,0.6702704
1691_central-asia,0.32974264,0.6702574
455_germany,0.32973015,0.67026985
35_ile-de-france,0.32973048,0.6702695
31462_geowiki-landcover-2017,0.5774631,0.42253694
97_ile-de-france,0.3297307,0.6702693
30836_geowiki-landcover-2017,0.3297312,0.6702688
34877_geowiki-landcover-2017,0.45185384,0.5481462
176_canada,0.45185402,0.548146
158_rwanda-ceo,0.6809273,0.31907275
2393_canada,0.45185333,0.5481467
5691_geowiki-landcover-2017,0.4518524,0.54814756
267_germany,0.45185554,0.54814446
6644_canada,0.45185435,0.5481457
612_ethiopia,0.68092686,0.3190732
1999_germany,0.32973528,0.6702647
3587_central-asia,0.32972994,0.67027
1428_ile-de-france,0.32973024,0.6702698
15573_geowiki-landcover-2017,0.45185363,0.54814637
13665_geowiki-landcover-2017,0.5780753,0.42192474
17926_geowiki-landcover-2017,0.449392,0.55060804
35692_geowiki-landcover-2017,0.57808256,0.42191744
738_central-asia,0.3297318,0.6702682
2880_geowiki-landcover-2017,0.5621711,0.43782887
2622_rwanda-ceo,0.6943265,0.30567348
24923_geowiki-landcover-2017,0.45185125,0.5481487
22965_geowiki-landcover-2017,0.56217074,0.43782926
32804_geowiki-landcover-2017,0.56217074,0.43782926
5369_geowiki-landcover-2017,0.32973012,0.67026985
3917_geowiki-landcover-2017,0.3297297,0.6702703
1494_rwanda-ceo,0.57807446,0.42192554
203_canada,0.4518541,0.5481459
1119_togo,0.5621711,0.43782893
1057_kenya-non-crop,0.77964205,0.22035792
35049_geowiki-landcover-2017,0.4518534,0.5481466
978_togo,0.5621706,0.4378294
24768_geowiki-landcover-2017,0.45185727,0.5481427
31505_geowiki-landcover-2017,0.4518441,0.5481559
1843_geowiki-landcover-2017,0.5621723,0.43782774
1412_martinique-france,0.5621837,0.43781632
14037_croplands,0.32974648,0.6702536
1536_kenya-non-crop,0.5621707,0.43782932
3183_rwanda-ceo,0.5780745,0.42192546
3074_croplands,0.44983473,0.5501653
1644_tanzania-ceo,0.6943254,0.3056746
146_uganda,0.68092656,0.3190734
12594_geowiki-landcover-2017,0.45208356,0.5479165
2175_reunion-france,0.4518546,0.5481454
673_reunion-france,0.57807493,0.42192504
3462_rwanda-ceo,0.5780748,0.42192522
5295_ile-de-france,0.45185333,0.54814667
22179_geowiki-landcover-2017,0.4518539,0.54814607
3309_ile-de-france,0.3297302,0.6702698
1192_rwanda-ceo,0.5780757,0.42192432
10504_geowiki-landcover-2017,0.69183445,0.30816558
1640_martinique-france,0.5621709,0.43782905
830_mali-helmets-labelling-crops,0.4338288,0.5661712
1592_reunion-france,0.5780753,0.42192474
7796_geowiki-landcover-2017,0.45185444,0.54814553
1653_kenya-non-crop,0.7796383,0.2203617
357_tanzania-rice-ecaas,0.4518652,0.5481348
35433_geowiki-landcover-2017,0.45185357,0.5481464
1745_canada,0.32973003,0.67026997
31725_geowiki-landcover-2017,0.45185462,0.5481454
4301_central-asia,0.3297299,0.67027
33632_geowiki-landcover-2017,0.5780736,0.42192632
2269_tanzania-ceo,0.6943236,0.30567646
1076_martinique-france,0.56217253,0.4378275
414_sudan,0.56217074,0.43782926
4854_ile-de-france,0.32973084,0.67026913
20982_geowiki-landcover-2017,0.4518539,0.54814607
673_kenya-non-crop,0.68092614,0.31907386
692_geowiki-landcover-2017,0.6943226,0.3056774
1774_ile-de-france,0.45185456,0.5481455
1856_rwanda-ceo,0.578075,0.421925
806_ethiopia,0.55954176,0.44045824
1921_rwanda-ceo,0.57807434,0.4219256
889_togo,0.43382972,0.5661703
3154_geowiki-landcover-2017,0.5621712,0.43782878
2661_kenya-non-crop,0.7796429,0.22035715
1949_kenya-non-crop,0.5621712,0.43782875
5908_ile-de-france,0.45185447,0.54814553
24515_geowiki-landcover-2017,0.45185068,0.5481493
4117_ile-de-france,0.45185456,0.5481454
19374_geowiki-landcover-2017,0.4518538,0.5481462
12564_croplands,0.56216,0.43783996
5323_canada,0.45175916,0.54824084
5666_ile-de-france,0.32973003,0.67026997
1660_reunion-france,0.4518539,0.5481461
25084_geowiki-landcover-2017,0.5621686,0.43783143
1678_tanzania-ceo,0.57746357,0.42253643
30040_geowiki-landcover-2017,0.451854,0.548146
240_tanzania-rice-ecaas,0.45189723,0.54810274
497_lem-brazil,0.32973072,0.67026925
16091_geowiki-landcover-2017,0.45185253,0.5481475
1436_geowiki-landcover-2017,0.5754691,0.4245309
1055_germany,0.451854,0.548146
5646_canada,0.32979438,0.67020565
572_togo,0.43382907,0.56617093
33827_geowiki-landcover-2017,0.4518342,0.5481658
1502_geowiki-landcover-2017,0.56217057,0.43782946
31905_geowiki-landcover-2017,0.45185405,0.54814595
1146_martinique-france,0.5621716,0.43782842
30_kenya,0.6809269,0.31907308
193_croplands,0.45185357,0.5481464
1347_germany,0.45185345,0.54814655
1025_rwanda-ceo,0.5780746,0.42192546
2669_geowiki-landcover-2017,0.5621708,0.43782923
64_mali,0.5621709,0.4378291
3368_ile-de-france,0.32973212,0.67026794
522_togo,0.43382934,0.56617063
1560_reunion-france,0.45185602,0.548144
936_croplands,0.43382877,0.5661712
3265_geowiki-landcover-2017,0.43382967,0.56617033
1119_mali-helmets-labelling-crops,0.5621697,0.43783033
5545_canada,0.32973135,0.67026865
487_martinique-france,0.56217104,0.43782896
3575_rwanda-ceo,0.6809275,0.3190725
27167_geowiki-landcover-2017,0.44983307,0.55016696
450_ile-de-france,0.3297312,0.6702688
1421_rwanda-ceo,0.6809231,0.31907687
2342_central-asia,0.32973036,0.6702696
8880_geowiki-landcover-2017,0.45185313,0.5481469
3915_central-asia,0.4518541,0.5481459
34216_geowiki-landcover-2017,0.5621704,0.43782955
318_rwanda-ceo,0.57807535,0.42192465
3752_central-asia,0.45185426,0.5481458
26042_geowiki-landcover-2017,0.5621706,0.4378294
971_kenya-non-crop,0.779642,0.22035797
250_ethiopia,0.68092734,0.3190727
18170_geowiki-landcover-2017,0.680382,0.31961802
1329_reunion-france,0.57746226,0.4225377
7576_geowiki-landcover-2017,0.4498328,0.5501672
1212_central-asia,0.45185488,0.5481451
25971_geowiki-landcover-2017,0.45185354,0.5481464
5914_ile-de-france,0.45185134,0.5481487
10235_geowiki-landcover-2017,0.3297416,0.6702584
4695_central-asia,0.32973027,0.6702697
1187_germany,0.4518541,0.5481459
8664_geowiki-landcover-2017,0.45185354,0.5481464
1292_canada,0.32972977,0.67027026
26556_geowiki-landcover-2017,0.45188305,0.548117
1164_germany,0.4518544,0.54814553
2420_canada,0.4518539,0.5481461
4221_canada,0.45185435,0.54814565
1878_ile-de-france,0.3297303,0.6702697
1600_central-asia,0.32973114,0.6702689
2334_tanzania-ceo,0.4518542,0.54814583
4511_geowiki-landcover-2017,0.5621711,0.43782887
1153_rwanda-ceo,0.57807523,0.42192474
3332_canada,0.45184553,0.54815453
1907_kenya-non-crop,0.7796332,0.22036679
11485_geowiki-landcover-2017,0.57746094,0.422539
592_lem-brazil,0.45185483,0.5481452
478_germany,0.4518544,0.54814553
2389_kenya-non-crop,0.5621709,0.43782908
4755_central-asia,0.45185447,0.54814553
6899_croplands,0.44983178,0.5501682
69_ile-de-france,0.32973042,0.67026955
5542_ile-de-france,0.32973072,0.67026925
5793_canada,0.3297529,0.6702471
2172_reunion-france,0.45185453,0.5481455
33157_geowiki-landcover-2017,0.32972968,0.6702703
1975_rwanda-ceo,0.4492122,0.5507878
4277_ile-de-france,0.32973325,0.67026675
14011_geowiki-landcover-2017,0.57807505,0.42192498
3624_ile-de-france,0.32973498,0.670265
22627_geowiki-landcover-2017,0.56217074,0.43782932
571_martinique-france,0.680928,0.31907204
134_uganda,0.5601591,0.4398409
18420_geowiki-landcover-2017,0.5780075,0.42199248
26921_geowiki-landcover-2017,0.45186222,0.5481378
1469_tanzania-ceo,0.57746345,0.42253658
9200_croplands,0.32973018,0.67026985
21480_geowiki-landcover-2017,0.578074,0.42192602
471_mali-helmets-labelling-crops,0.56217104,0.43782896
2193_reunion-france,0.4518539,0.5481461
3932_canada,0.4518336,0.5481664
1037_ile-de-france,0.57746303,0.42253694
17790_geowiki-landcover-2017,0.44983178,0.5501682
4613_central-asia,0.32972986,0.67027014
3828_ile-de-france,0.44921017,0.5507899
4527_geowiki-landcover-2017,0.68092704,0.31907293
33445_geowiki-landcover-2017,0.32973033,0.6702696
1087_rwanda-ceo,0.5780767,0.42192322
2747_geowiki-landcover-2017,0.5621705,0.43782946
591_rwanda-ceo,0.6809175,0.31908253
5341_ile-de-france,0.32972983,0.67027014
2088_central-asia,0.32973135,0.67026865
701_kenya-non-crop,0.68092614,0.31907383
1336_central-asia,0.32973108,0.67026895
2411_rwanda-ceo,0.57807386,0.42192608
15742_geowiki-landcover-2017,0.45185363,0.54814637
2634_ile-de-france,0.45185483,0.5481452
25312_geowiki-landcover-2017,0.451854,0.548146
25043_geowiki-landcover-2017,0.4518539,0.54814607
13226_geowiki-landcover-2017,0.5621548,0.4378452
2505_geowiki-landcover-2017,0.6809274,0.31907263
235_reunion-france,0.45185402,0.548146
2136_martinique-france,0.56217146,0.43782857
4000_geowiki-landcover-2017,0.45185408,0.5481459
12463_croplands,0.56216985,0.43783015
20053_geowiki-landcover-2017,0.4518571,0.5481429
2199_germany,0.32973075,0.67026925
4865_ile-de-france,0.45182455,0.54817545
16255_geowiki-landcover-2017,0.32973465,0.6702653
886_togo,0.43382958,0.5661704
1632_martinique-france,0.5621722,0.43782783
33158_geowiki-landcover-2017,0.4518532,0.54814684
6725_canada,0.45185423,0.5481458
2401_geowiki-landcover-2017,0.5780742,0.42192584
1132_germany,0.4518548,0.5481452
7319_canada,0.32972965,0.6702703
7575_geowiki-landcover-2017,0.32972977,0.6702702
117_mali-helmets-labelling-crops,0.56217086,0.43782914
135_togo,0.5621711,0.43782887
32192_geowiki-landcover-2017,0.32972956,0.6702705
1412_croplands,0.45185298,0.54814696
568_germany,0.5774589,0.42254105
1471_reunion-france,0.57807505,0.4219249
183_canada,0.45185405,0.548146
1500_canada,0.45185384,0.5481461
14038_croplands,0.32980517,0.67019486
34300_geowiki-landcover-2017,0.43382883,0.56617117
63_mali,0.5621707,0.43782932
7375_canada,0.45185426,0.5481457
935_rwanda-ceo,0.68092746,0.31907257
27364_geowiki-landcover-2017,0.57543147,0.42456847
34706_geowiki-landcover-2017,0.57746327,0.42253673
34405_geowiki-landcover-2017,0.43382862,0.56617135
16526_geowiki-landcover-2017,0.562171,0.43782902
18_mali-non-crop,0.56217045,0.43782955
10624_croplands,0.329734,0.67026603
2299_germany,0.45185354,0.5481464
458_ethiopia,0.68092644,0.3190735
10606_croplands,0.32974115,0.6702588
44_ethiopia,0.5601593,0.4398406
926_rwanda-ceo,0.68092614,0.31907383
404_tanzania-rice-ecaas,0.32973108,0.6702689
17482_geowiki-landcover-2017,0.57807446,0.42192557
1139_rwanda-ceo,0.5780742,0.42192584
13954_geowiki-landcover-2017,0.57746327,0.42253676
4138_central-asia,0.4518542,0.54814583
2254_reunion-france,0.5780748,0.42192513
3270_canada,0.4518537,0.54814637
1928_germany,0.45185426,0.5481458
5581_canada,0.32972947,0.6702705
14216_geowiki-landcover-2017,0.5780751,0.4219249
27763_geowiki-landcover-2017,0.45185384,0.5481462
292_tanzania-ceo,0.44983235,0.5501677
1275_ile-de-france,0.32972994,0.67027
819_tanzania-ceo,0.45185408,0.5481459
765_ile-de-france,0.32973096,0.6702691
18374_geowiki-landcover-2017,0.680927,0.31907305
1195_togo,0.43382946,0.5661705
680_ethiopia,0.5621702,0.43782976
688_germany,0.45185435,0.5481457
1800_kenya-non-crop,0.7796423,0.22035766
291_ethiopia,0.68092656,0.31907347
2925_rwanda-ceo,0.57807577,0.42192426
20685_geowiki-landcover-2017,0.5601517,0.43984833
9067_geowiki-landcover-2017,0.56217074,0.43782932
4119_geowiki-landcover-2017,0.5780746,0.42192546
2725_central-asia,0.32973313,0.67026687
2516_rwanda-ceo,0.77964014,0.2203599
5297_canada,0.32973042,0.67026955
741_ile-de-france,0.3297315,0.67026854
1904_ile-de-france,0.4518559,0.5481441
2402_kenya-non-crop,0.562171,0.43782902
31957_geowiki-landcover-2017,0.45185354,0.5481465
2095_germany,0.45185545,0.5481446
416_central-asia,0.3297312,0.6702688
927_mali-helmets-labelling-crops,0.43382865,0.5661713
27313_geowiki-landcover-2017,0.4518541,0.5481459
1697_canada,0.32972965,0.6702704
2959_canada,0.45124087,0.5487591
1080_martinique-france,0.5621715,0.43782842
1395_mali-helmets-labelling-crops,0.43382886,0.56617117
15_martinique-france,0.56217116,0.43782887
1165_martinique-france,0.56217146,0.43782857
34952_geowiki-landcover-2017,0.4518542,0.54814583
5838_geowiki-landcover-2017,0.45185375,0.54814625
3778_ile-de-france,0.32973033,0.6702696
57_geowiki-landcover-2017,0.57746303,0.42253697
6632_geowiki-landcover-2017,0.4518549,0.5481451
23057_geowiki-landcover-2017,0.68092686,0.31907317
11965_croplands,0.45220068,0.54779935
7943_geowiki-landcover-2017,0.5621705,0.43782955
20513_geowiki-landcover-2017,0.577462,0.42253795
13765_geowiki-landcover-2017,0.7796422,0.22035778
7886_geowiki-landcover-2017,0.6943169,0.30568308
1163_tanzania-ceo,0.6943265,0.30567348
1236_mali-helmets-labelling-crops,0.4338293,0.5661707
5341_canada,0.4518538,0.5481462
649_germany,0.4518563,0.54814374
13989_croplands,0.32974583,0.6702542
1404_canada,0.4518541,0.5481459
29043_geowiki-landcover-2017,0.45185348,0.54814655
5759_canada,0.4518535,0.5481465
897_germany,0.32972988,0.67027014
7_tanzania-rice-ecaas,0.44967905,0.550321
1546_geowiki-landcover-2017,0.6809276,0.31907246
18808_geowiki-landcover-2017,0.5621709,0.43782902
3513_rwanda-ceo,0.57807523,0.42192477
11946_geowiki-landcover-2017,0.5621716,0.43782842
1429_central-asia,0.45185104,0.54814893
1948_germany,0.329731,0.670269
22902_geowiki-landcover-2017,0.6809269,0.31907314
214_kenya-non-crop,0.6809274,0.31907263
2586_central-asia,0.32973087,0.6702691
30001_geowiki-landcover-2017,0.57807475,0.42192522
22810_geowiki-landcover-2017,0.56217,0.43783
1559_tanzania-ceo,0.4518576,0.54814243
150_lem-brazil,0.57746184,0.42253813
6542_canada,0.45185313,0.54814684
4444_central-asia,0.32973158,0.6702684
1713_reunion-france,0.45185497,0.548145
907_reunion-france,0.57746154,0.4225385
23007_geowiki-landcover-2017,0.56217295,0.43782702
346_togo,0.4338389,0.56616104
321_geowiki-landcover-2017,0.57807374,0.4219263
2980_canada,0.32972944,0.67027056
5194_canada,0.32972935,0.6702706
1781_germany,0.45185375,0.54814625
26_ile-de-france,0.32973063,0.67026937
797_mali-helmets-labelling-crops,0.4338349,0.5661651
2549_canada,0.45185384,0.5481461
2907_geowiki-landcover-2017,0.56217074,0.4378293
1944_reunion-france,0.5780741,0.42192593
9109_geowiki-landcover-2017,0.45185414,0.54814583
22625_geowiki-landcover-2017,0.4518535,0.5481465
6488_canada,0.45185408,0.5481459
4615_canada,0.32972932,0.6702707
1101_canada,0.4355324,0.56446767
4294_central-asia,0.32972988,0.6702701
23414_geowiki-landcover-2017,0.5774612,0.42253876
34443_geowiki-landcover-2017,0.56217104,0.43782896
3312_geowiki-landcover-2017,0.5621701,0.4378299
2498_central-asia,0.3297309,0.6702691
6021_canada,0.4518539,0.5481461
301_tanzania,0.44983226,0.55016774
14369_geowiki-landcover-2017,0.4338285,0.56617147
711_ethiopia,0.5622345,0.43776542
34996_geowiki-landcover-2017,0.43382886,0.56617117
29023_geowiki-landcover-2017,0.43382934,0.56617063
779_rwanda-ceo,0.57807213,0.42192784
13876_croplands,0.32973424,0.6702658
7620_geowiki-landcover-2017,0.5621706,0.4378294
7470_canada,0.4518533,0.5481467
17379_geowiki-landcover-2017,0.5780717,0.42192826
3332_ile-de-france,0.32973012,0.67026985
663_kenya-non-crop,0.68092567,0.3190743
11644_croplands,0.32973394,0.67026603
15360_geowiki-landcover-2017,0.57807696,0.42192307
29_geowiki-landcover-2017,0.5780753,0.42192465
4047_central-asia,0.32972977,0.6702702
21245_geowiki-landcover-2017,0.5621699,0.43783006
812_mali-helmets-labelling-crops,0.43382898,0.566171
29346_geowiki-landcover-2017,0.56217116,0.43782887
9431_croplands,0.329731,0.670269
21011_geowiki-landcover-2017,0.5780743,0.42192575
352_sudan,0.43382913,0.5661709
19295_geowiki-landcover-2017,0.45185181,0.5481482
1418_mali-helmets-labelling-crops,0.56217116,0.43782887
930_mali-helmets-labelling-crops,0.43382865,0.5661713
5136_geowiki-landcover-2017,0.45185462,0.54814535
896_mali-helmets-labelling-crops,0.43382865,0.5661713
15933_geowiki-landcover-2017,0.5780746,0.42192537
2067_rwanda-ceo,0.6808608,0.31913918
10208_croplands,0.45186886,0.54813117
1153_central-asia,0.3297307,0.6702693
1009_ile-de-france,0.32973126,0.6702687
26572_geowiki-landcover-2017,0.57807434,0.42192566
1764_tanzania-ceo,0.5780753,0.42192468
9973_croplands,0.44982922,0.5501708
263_kenya-non-crop,0.77964145,0.22035854
5328_canada,0.4518521,0.54814786
13748_geowiki-landcover-2017,0.57807386,0.42192617
5792_geowiki-landcover-2017,0.5780643,0.42193565
1709_canada,0.3297379,0.6702621
7397_geowiki-landcover-2017,0.5621703,0.4378297
3713_central-asia,0.32972986,0.67027014
5_canada,0.45185387,0.5481461
464_tanzania-rice-ecaas,0.44921285,0.55078715
4265_canada,0.3297297,0.6702703
26058_geowiki-landcover-2017,0.45185426,0.5481458
1418_tanzania-ceo,0.4498317,0.5501683
9178_croplands,0.32973033,0.67026967
2221_central-asia,0.32973278,0.6702673
318_togo,0.56217134,0.43782872
7783_geowiki-landcover-2017,0.43382818,0.5661718
1868_geowiki-landcover-2017,0.57744914,0.42255086
1463_canada,0.45185807,0.54814196
2349_rwanda-ceo,0.57807386,0.42192617
27293_geowiki-landcover-2017,0.5780761,0.42192385
20637_geowiki-landcover-2017,0.32973015,0.67026985
2332_rwanda-ceo,0.5780746,0.42192543
2330_central-asia,0.45185462,0.54814535
27075_geowiki-landcover-2017,0.56217116,0.4378288
68_rwanda-ceo,0.68092746,0.31907254
10163_geowiki-landcover-2017,0.5621704,0.4378296
878_central-asia,0.44864047,0.55135953
6466_croplands,0.44983074,0.5501693
25469_geowiki-landcover-2017,0.45185435,0.5481457
834_reunion-france,0.57807505,0.42192492
32677_geowiki-landcover-2017,0.45185414,0.54814583
1749_ile-de-france,0.32973093,0.6702691
3231_rwanda-ceo,0.68092686,0.31907317
419_croplands,0.45185384,0.5481462
23034_geowiki-landcover-2017,0.5621709,0.43782908
143_germany,0.45185438,0.54814565
1451_geowiki-landcover-2017,0.4518558,0.5481442
839_reunion-france,0.45185435,0.54814565
13825_geowiki-landcover-2017,0.57807475,0.42192522
1629_tanzania-ceo,0.6943264,0.30567357
14648_geowiki-landcover-2017,0.5621705,0.43782946
685_reunion-france,0.5780752,0.4219248
6112_geowiki-landcover-2017,0.45185727,0.54814273
227_sudan,0.56217057,0.43782943
137_uganda,0.6809271,0.3190729
999_ile-de-france,0.45185354,0.5481465
1958_canada,0.45185426,0.5481458
21088_geowiki-landcover-2017,0.5780708,0.42192915
2456_germany,0.45185384,0.5481462
18362_geowiki-landcover-2017,0.45185372,0.54814625
5381_geowiki-landcover-2017,0.3297299,0.67027
5094_canada,0.32973132,0.6702687
17561_geowiki-landcover-2017,0.4518543,0.5481457
1409_ile-de-france,0.45185506,0.548145
805_rwanda-ceo,0.7796427,0.22035733
5838_canada,0.45185426,0.5481457
17370_geowiki-landcover-2017,0.45185512,0.5481449
31265_geowiki-landcover-2017,0.5621705,0.4378295
1042_martinique-france,0.56217146,0.43782857
3189_ile-de-france,0.3297302,0.67026985
27481_geowiki-landcover-2017,0.6808563,0.31914377
1746_martinique-france,0.56217134,0.43782872
10581_geowiki-landcover-2017,0.4518539,0.54814607
34643_geowiki-landcover-2017,0.32972947,0.67027056
7118_geowiki-landcover-2017,0.5621714,0.4378286
1892_kenya-non-crop,0.77963763,0.22036235
35491_geowiki-landcover-2017,0.45185536,0.54814464
7904_canada,0.4518537,0.54814625
19671_geowiki-landcover-2017,0.45185456,0.5481454
13069_geowiki-landcover-2017,0.5621709,0.43782902
10601_croplands,0.4518559,0.5481441
2211_reunion-france,0.57746273,0.42253724
274_germany,0.32973015,0.67026985
3981_canada,0.45185363,0.54814637
2823_canada,0.4518539,0.54814607
14430_geowiki-landcover-2017,0.45185384,0.5481461
3746_ile-de-france,0.32973137,0.6702686
14_germany,0.32973084,0.67026913
9680_geowiki-landcover-2017,0.45186064,0.5481394
2540_geowiki-landcover-2017,0.5621704,0.4378296
4847_ile-de-france,0.3297297,0.67027026
346_mali-helmets-labelling-crops,0.43383226,0.5661677
2187_martinique-france,0.68092376,0.31907627
445_germany,0.32973027,0.6702697
33431_geowiki-landcover-2017,0.45185363,0.54814637
4981_central-asia,0.32972965,0.6702704
6086_canada,0.3297307,0.6702693
4348_croplands,0.32973063,0.67026937
14880_geowiki-landcover-2017,0.45185402,0.548146
18822_geowiki-landcover-2017,0.45185414,0.54814583
1774_canada,0.32972988,0.6702701
5714_ile-de-france,0.32973006,0.67026997
2388_ile-de-france,0.32973123,0.6702688
5756_canada,0.45185187,0.54814816
1482_central-asia,0.32973084,0.67026913
4736_geowiki-landcover-2017,0.5780745,0.4219255
2521_geowiki-landcover-2017,0.56216896,0.43783104
662_ile-de-france,0.32973102,0.67026895
27633_geowiki-landcover-2017,0.45185524,0.54814476
479_reunion-france,0.45185456,0.5481455
543_lem-brazil,0.57745653,0.42254344
5898_geowiki-landcover-2017,0.56216854,0.43783146
7106_geowiki-landcover-2017,0.4518547,0.54814535
12563_croplands,0.4338175,0.5661825
3878_canada,0.32973057,0.6702695
5353_ile-de-france,0.3297307,0.6702693
2298_central-asia,0.3297318,0.67026824
1306_ile-de-france,0.32972986,0.67027014
2121_kenya-non-crop,0.77964246,0.22035752
396_reunion-france,0.45185485,0.5481451
13451_geowiki-landcover-2017,0.5780752,0.4219249
2000_reunion-france,0.69432646,0.30567348
124_ethiopia,0.5601593,0.43984064
25909_geowiki-landcover-2017,0.5774632,0.42253685
2582_ile-de-france,0.45185396,0.54814607
26694_geowiki-landcover-2017,0.32972947,0.67027056
939_mali-helmets-labelling-crops,0.56200624,0.43799376
118_canada,0.451854,0.548146
2898_central-asia,0.32973173,0.67026824
1317_croplands,0.5621713,0.43782872
63_sudan,0.56217086,0.43782914
191_kenya,0.68092674,0.3190733
3870_canada,0.45185247,0.5481475
1677_ile-de-france,0.3297307,0.6702693
16834_geowiki-landcover-2017,0.5621714,0.43782857
5605_canada,0.3297298,0.67027014
1529_geowiki-landcover-2017,0.6943266,0.3056734
8217_geowiki-landcover-2017,0.45185632,0.5481437
28020_geowiki-landcover-2017,0.45194831,0.54805166
20147_geowiki-landcover-2017,0.45185435,0.54814565
162_lem-brazil,0.5774632,0.42253676
1770_tanzania-ceo,0.45185384,0.5481461
451_canada,0.45185363,0.54814637
31838_geowiki-landcover-2017,0.32973015,0.67026985
21843_geowiki-landcover-2017,0.56217074,0.4378293
720_martinique-france,0.56217164,0.43782833
34901_geowiki-landcover-2017,0.45185372,0.54814625
2545_kenya-non-crop,0.5780755,0.4219244
1888_central-asia,0.32973042,0.67026955
463_ethiopia,0.68092835,0.31907165
28378_geowiki-landcover-2017,0.5621709,0.43782902
15402_geowiki-landcover-2017,0.32973057,0.6702695
5244_canada,0.32972977,0.67027026
6327_geowiki-landcover-2017,0.577463,0.422537
1015_ile-de-france,0.45185423,0.5481458
45_mali,0.5621662,0.43783382
1578_rwanda-ceo,0.7796426,0.22035745
3460_canada,0.5774631,0.4225369
31890_geowiki-landcover-2017,0.32972962,0.6702704
3948_geowiki-landcover-2017,0.57807505,0.42192498
5242_ile-de-france,0.45185426,0.5481457
23443_geowiki-landcover-2017,0.45185384,0.5481462
5624_canada,0.3297305,0.6702695
30976_geowiki-landcover-2017,0.4518537,0.5481463
87_togo,0.43382937,0.56617063
16274_geowiki-landcover-2017,0.4518539,0.5481461
509_lem-brazil,0.45185488,0.5481451
346_tanzania-ceo,0.57807386,0.42192617
4938_croplands,0.45186737,0.5481326
126_ile-de-france,0.32973033,0.67026967
10093_geowiki-landcover-2017,0.5621711,0.43782887
3976_canada,0.4518534,0.5481466
1623_rwanda-ceo,0.6809271,0.3190729
3531_rwanda-ceo,0.57807434,0.4219256
2630_canada,0.32973224,0.67026776
1552_canada,0.3297305,0.6702695
1441_geowiki-landcover-2017,0.69428146,0.30571854
1428_mali-helmets-labelling-crops,0.56217057,0.43782946
730_canada,0.32972977,0.6702702
1464_germany,0.4518547,0.54814535
3130_rwanda-ceo,0.694326,0.30567396
16176_geowiki-landcover-2017,0.5780747,0.42192537
20919_geowiki-landcover-2017,0.43382838,0.5661716
1159_reunion-france,0.4518542,0.54814583
193_tanzania-ceo,0.5780447,0.42195526
20377_geowiki-landcover-2017,0.5780752,0.42192483
1957_reunion-france,0.6943237,0.30567634
760_central-asia,0.32972965,0.6702703
2879_croplands,0.4518537,0.54814625
256_lem-brazil,0.45185477,0.54814523
34678_geowiki-landcover-2017,0.45185313,0.5481469
1820_rwanda-ceo,0.5780748,0.42192522
398_croplands,0.32973006,0.67026997
32886_geowiki-landcover-2017,0.32973045,0.6702695
4464_geowiki-landcover-2017,0.5780759,0.42192414
17808_geowiki-landcover-2017,0.57807446,0.42192557
359_tanzania-ceo,0.5774685,0.4225315
17719_geowiki-landcover-2017,0.45185348,0.54814655
3579_ile-de-france,0.32973245,0.6702675
190_tanzania-ceo,0.6943257,0.30567428
10509_croplands,0.4518557,0.5481443
23659_geowiki-landcover-2017,0.56217057,0.43782943
1814_ile-de-france,0.32973033,0.67026967
8526_geowiki-landcover-2017,0.45185757,0.54814243
14187_croplands,0.43381467,0.56618536
14_tanzania-ceo,0.7796428,0.22035722
5325_ile-de-france,0.32972977,0.67027026
4811_ile-de-france,0.32973078,0.6702692
4068_geowiki-landcover-2017,0.43382674,0.56617326
27737_geowiki-landcover-2017,0.578075,0.42192498
7063_canada,0.32972983,0.67027014
33427_geowiki-landcover-2017,0.32989633,0.67010367
11203_geowiki-landcover-2017,0.45185435,0.5481457
5659_ile-de-france,0.32973063,0.67026937
6161_ile-de-france,0.4492112,0.55078876
7625_geowiki-landcover-2017,0.4518539,0.54814607
1227_kenya-non-crop,0.562171,0.43782902
2419_geowiki-landcover-2017,0.56217074,0.43782926
851_ile-de-france,0.32973215,0.6702679
8294_geowiki-landcover-2017,0.45185372,0.54814625
2384_reunion-france,0.57807463,0.42192537
722_croplands,0.32972953,0.6702705
34589_geowiki-landcover-2017,0.4518541,0.5481459
2763_rwanda-ceo,0.578076,0.42192402
24592_geowiki-landcover-2017,0.57807446,0.42192554
2488_reunion-france,0.5774632,0.42253685
1561_kenya-non-crop,0.5621704,0.43782955
5820_geowiki-landcover-2017,0.680927,0.319073
11567_geowiki-landcover-2017,0.5621711,0.43782887
18230_geowiki-landcover-2017,0.68092537,0.31907466
14368_geowiki-landcover-2017,0.5780747,0.42192537
636_canada,0.4518538,0.5481462
13049_geowiki-landcover-2017,0.68092656,0.31907347
107_germany,0.32973033,0.6702696
302_geowiki-landcover-2017,0.5754575,0.4245425
4915_ile-de-france,0.3297362,0.67026377
1999_reunion-france,0.6943266,0.30567342
2688_ile-de-france,0.4518544,0.54814553
111_tanzania,0.578075,0.421925
1964_ile-de-france,0.32973036,0.6702696
5630_canada,0.3297299,0.67027
9_sudan,0.56217057,0.43782946
1410_canada,0.45185405,0.54814595
12220_geowiki-landcover-2017,0.4518537,0.54814625
1950_reunion-france,0.57807446,0.42192557
7909_canada,0.3297305,0.6702695
33552_geowiki-landcover-2017,0.3297298,0.67027014
6918_geowiki-landcover-2017,0.45185384,0.5481462
1171_germany,0.4492095,0.5507905
2080_tanzania-ceo,0.5780752,0.42192486
669_martinique-france,0.5621706,0.43782932
9227_geowiki-landcover-2017,0.45185426,0.5481457
27780_geowiki-landcover-2017,0.45185372,0.54814625
9695_geowiki-landcover-2017,0.4518726,0.5481274
10187_croplands,0.3297313,0.6702687
1058_mali-helmets-labelling-crops,0.43382874,0.5661712
663_togo,0.4338298,0.5661702
16925_geowiki-landcover-2017,0.44983366,0.5501663
4931_croplands,0.45185268,0.5481473
28446_geowiki-landcover-2017,0.5621712,0.43782878
1282_rwanda-ceo,0.6943259,0.30567405
25350_geowiki-landcover-2017,0.32973033,0.6702696
9396_croplands,0.50433284,0.49566716
8811_geowiki-landcover-2017,0.57744366,0.42255637
14748_geowiki-landcover-2017,0.4338285,0.56617147
2981_rwanda-ceo,0.5780746,0.42192546
32735_geowiki-landcover-2017,0.56216985,0.43783015
456_canada,0.45185325,0.5481468
17431_geowiki-landcover-2017,0.45185283,0.5481472
8703_geowiki-landcover-2017,0.4498315,0.55016845
27751_geowiki-landcover-2017,0.3297307,0.6702693
10520_geowiki-landcover-2017,0.45185375,0.54814625
26021_geowiki-landcover-2017,0.43382818,0.5661718
35198_geowiki-landcover-2017,0.451854,0.548146
4246_geowiki-landcover-2017,0.45185414,0.54814583
11688_geowiki-landcover-2017,0.5621702,0.43782976
7732_canada,0.45185316,0.54814684
2018_martinique-france,0.5621709,0.43782908
1463_ile-de-france,0.32973054,0.6702695
30194_geowiki-landcover-2017,0.5780742,0.42192584
22636_geowiki-landcover-2017,0.5621679,0.43783212
1674_kenya-non-crop,0.77964234,0.22035764
11217_geowiki-landcover-2017,0.45196941,0.5480306
522_geowiki-landcover-2017,0.5780746,0.42192546
35136_geowiki-landcover-2017,0.5770961,0.42290393
23448_geowiki-landcover-2017,0.5780752,0.42192483
418_togo,0.5621723,0.4378277
968_tanzania-ceo,0.4522049,0.5477951
8551_croplands,0.4518537,0.5481463
5020_central-asia,0.3297378,0.6702622
2195_reunion-france,0.57807386,0.42192608
35_canada,0.329733,0.670267
32569_geowiki-landcover-2017,0.5780681,0.4219319
312_kenya,0.68092734,0.3190727
2240_kenya-non-crop,0.5621708,0.43782917
2_germany,0.3297306,0.6702694
5280_canada,0.45185456,0.5481455
6536_geowiki-landcover-2017,0.6809271,0.31907284
980_geowiki-landcover-2017,0.5780747,0.42192534
1940_geowiki-landcover-2017,0.5621705,0.43782955
13510_croplands,0.32972997,0.67027
2031_ile-de-france,0.45184824,0.5481518
4515_croplands,0.32972997,0.67027
13933_geowiki-landcover-2017,0.4518542,0.54814583
983_rwanda-ceo,0.5780752,0.42192483
6884_croplands,0.44983175,0.5501683
28679_geowiki-landcover-2017,0.45185366,0.54814637
2904_geowiki-landcover-2017,0.56217074,0.43782926
25331_geowiki-landcover-2017,0.45185402,0.548146
2167_central-asia,0.45185584,0.5481441
4664_canada,0.45185357,0.5481464
3334_canada,0.45185426,0.5481457
1215_croplands,0.43382844,0.5661715
2274_rwanda-ceo,0.6943265,0.30567345
1099_tanzania-ceo,0.57807106,0.42192888
34811_geowiki-landcover-2017,0.45185408,0.5481459
270_tanzania-ceo,0.5780749,0.42192513
217_mali-helmets-labelling-crops,0.56217027,0.4378297
1442_ile-de-france,0.32973024,0.6702697
956_central-asia,0.4492114,0.55078864
30367_geowiki-landcover-2017,0.5774631,0.42253694
31314_geowiki-landcover-2017,0.32972977,0.67027026
2482_ile-de-france,0.32973084,0.6702692
3710_central-asia,0.32972994,0.67027
1188_canada,0.4518541,0.5481459
1825_germany,0.45185435,0.5481457
669_togo,0.43382883,0.56617117
32166_geowiki-landcover-2017,0.4518537,0.54814637
20927_geowiki-landcover-2017,0.56217074,0.43782926
722_canada,0.3297296,0.67027044
386_mali-helmets-labelling-crops,0.56217086,0.43782914
9088_geowiki-landcover-2017,0.68092686,0.31907317
1589_tanzania-ceo,0.694326,0.30567405
30239_geowiki-landcover-2017,0.45185375,0.54814625
1194_togo,0.56217057,0.43782943
26385_geowiki-landcover-2017,0.5621715,0.43782848
1803_kenya-non-crop,0.7796423,0.22035766
12874_croplands,0.32973093,0.6702691
7938_geowiki-landcover-2017,0.4518569,0.54814315
16307_geowiki-landcover-2017,0.4498315,0.55016845
831_togo,0.43382952,0.56617045
1123_rwanda-ceo,0.6809271,0.3190729
1485_mali-helmets-labelling-crops,0.43382895,0.56617105
35420_geowiki-landcover-2017,0.5621699,0.4378301
3184_geowiki-landcover-2017,0.562171,0.43782902
2217_reunion-france,0.45185375,0.54814625
9_croplands,0.5780741,0.42192584
1425_canada,0.5774631,0.42253694
3815_central-asia,0.32972997,0.67027
926_reunion-france,0.5774628,0.42253718
8458_geowiki-landcover-2017,0.6943371,0.30566287
5138_ile-de-france,0.32973036,0.6702696
2637_rwanda-ceo,0.44983163,0.5501684
1002_mali-helmets-labelling-crops,0.5621706,0.43782932
15553_geowiki-landcover-2017,0.32972944,0.67027056
1787_ile-de-france,0.44920105,0.55079895
762_togo,0.5621706,0.4378294
15727_geowiki-landcover-2017,0.45185462,0.5481454
51_ethiopia,0.56015956,0.4398404
29399_geowiki-landcover-2017,0.45185366,0.54814637
4178_canada,0.4518531,0.5481469
6408_canada,0.4518532,0.5481468
18821_geowiki-landcover-2017,0.4518546,0.5481454
3459_rwanda-ceo,0.5780729,0.4219271
298_lem-brazil,0.57746255,0.42253742
29304_geowiki-landcover-2017,0.45184448,0.5481555
5000_canada,0.32973358,0.6702664
849_lem-brazil,0.3297299,0.67027
457_togo,0.5621716,0.43782842
17598_geowiki-landcover-2017,0.4518538,0.5481462
18581_geowiki-landcover-2017,0.56217146,0.43782857
29_brazil-non-crop,0.45185444,0.54814553
18303_geowiki-landcover-2017,0.57807446,0.4219256
13352_geowiki-landcover-2017,0.57807493,0.42192513
788_canada,0.45185256,0.54814744
243_kenya-non-crop,0.68092775,0.3190722
5224_central-asia,0.4518542,0.54814583
930_ile-de-france,0.32973185,0.6702682
3415_canada,0.45185354,0.5481464
2678_ile-de-france,0.32972977,0.67027026
15238_geowiki-landcover-2017,0.6943221,0.3056779
3579_central-asia,0.3297544,0.67024565
21849_geowiki-landcover-2017,0.45185098,0.548149
34737_geowiki-landcover-2017,0.32973033,0.67026967
459_martinique-france,0.56217146,0.43782854
117_geowiki-landcover-2017,0.45185387,0.5481461
3095_canada,0.57746303,0.42253697
1076_croplands,0.43382943,0.5661706
2111_tanzania-ceo,0.5774628,0.42253718
195_tanzania,0.57807446,0.4219256
9805_geowiki-landcover-2017,0.56217,0.43783
2449_central-asia,0.45185477,0.5481453
31158_geowiki-landcover-2017,0.5621704,0.43782958
695_ethiopia,0.57807666,0.42192337
9792_geowiki-landcover-2017,0.5780747,0.42192537
674_croplands,0.57746154,0.4225385
2206_canada,0.45185384,0.5481461
18_togo,0.5621435,0.43785653
1885_rwanda-ceo,0.68092674,0.3190733
4256_geowiki-landcover-2017,0.57805043,0.4219496
2711_ile-de-france,0.45186058,0.5481394
5877_croplands,0.32973057,0.6702695
5003_geowiki-landcover-2017,0.45185348,0.54814655
555_kenya-non-crop,0.68092704,0.31907293
2507_kenya-non-crop,0.5621719,0.43782812
5170_central-asia,0.32973033,0.67026967
9369_croplands,0.3297318,0.6702682
1562_reunion-france,0.45185336,0.5481466
543_togo,0.5621668,0.43783316
26843_geowiki-landcover-2017,0.57463783,0.42536214
6109_canada,0.32972994,0.67027
686_rwanda-ceo,0.45038813,0.54961187
3039_geowiki-landcover-2017,0.56217104,0.437829
351_germany,0.32972965,0.6702703
3578_geowiki-landcover-2017,0.43382904,0.56617093
4966_canada,0.3297296,0.67027044
1338_central-asia,0.45183012,0.5481699
31936_geowiki-landcover-2017,0.45185506,0.548145
13980_croplands,0.32973292,0.67026705
14_geowiki-landcover-2017,0.5774633,0.42253667
21254_geowiki-landcover-2017,0.32973185,0.6702682
33661_geowiki-landcover-2017,0.32972938,0.6702706
633_rwanda-ceo,0.6809268,0.31907323
486_canada,0.45185375,0.54814625
830_croplands,0.43382877,0.5661712
4173_canada,0.45185244,0.54814756
18199_geowiki-landcover-2017,0.4518547,0.54814535
2847_geowiki-landcover-2017,0.5621713,0.43782872
25533_geowiki-landcover-2017,0.45185414,0.54814583
1625_martinique-france,0.5621717,0.43782833
1997_reunion-france,0.69432646,0.30567354
4724_croplands,0.4518522,0.5481478
26961_geowiki-landcover-2017,0.4518533,0.5481467
2908_rwanda-ceo,0.6943267,0.30567327
83_kenya-non-crop,0.6809267,0.3190733
244_tanzania-rice-ecaas,0.32973868,0.6702613
185_tanzania-rice-ecaas,0.33566883,0.6643312
26017_geowiki-landcover-2017,0.56216836,0.43783158
3532_rwanda-ceo,0.5780746,0.42192543
31464_geowiki-landcover-2017,0.5621712,0.43782872
930_central-asia,0.44921103,0.550789
34_kenya-non-crop,0.6809235,0.31907645
225_kenya,0.6809266,0.3190734
2587_canada,0.4518539,0.54814607
1501_rwanda-ceo,0.6809275,0.3190725
12630_croplands,0.56216735,0.43783265
12941_geowiki-landcover-2017,0.5621706,0.43782932
7496_canada,0.32973135,0.67026865
148_rwanda-ceo,0.5780746,0.42192543
1665_martinique-france,0.56217194,0.43782812
956_kenya-non-crop,0.7796426,0.2203574
22841_geowiki-landcover-2017,0.5621712,0.43782875
1337_mali-helmets-labelling-crops,0.43383005,0.5661699
3688_canada,0.32972968,0.6702703
28853_geowiki-landcover-2017,0.5620342,0.43796575
1683_germany,0.451855,0.548145
20738_geowiki-landcover-2017,0.680927,0.319073
877_reunion-france,0.57807505,0.42192498
23628_geowiki-landcover-2017,0.4518542,0.54814583
18716_geowiki-landcover-2017,0.68092215,0.31907785
2974_ile-de-france,0.32973012,0.67026985
21415_geowiki-landcover-2017,0.45185405,0.54814595
20564_geowiki-landcover-2017,0.45185408,0.5481459
5832_ile-de-france,0.45185328,0.5481467
2471_canada,0.45185453,0.5481455
6848_canada,0.32973367,0.67026633
12460_croplands,0.5621694,0.4378306
7150_geowiki-landcover-2017,0.450803,0.54919696
554_ile-de-france,0.57745767,0.42254233
3521_central-asia,0.32972977,0.67027026
1811_canada,0.32972938,0.67027056
4181_central-asia,0.32972997,0.67027
729_mali-helmets-labelling-crops,0.43382943,0.5661706
10579_geowiki-landcover-2017,0.5780745,0.4219255
536_togo,0.5621708,0.43782917
4722_ile-de-france,0.3297302,0.67026985
941_germany,0.4518539,0.5481461
6018_geowiki-landcover-2017,0.5774616,0.42253837
17045_geowiki-landcover-2017,0.5621718,0.43782818
8849_geowiki-landcover-2017,0.57807475,0.42192528
30828_geowiki-landcover-2017,0.451854,0.548146
6811_croplands,0.4498317,0.5501683
4383_canada,0.45185372,0.54814625
1769_martinique-france,0.56217134,0.43782863
1077_tanzania-ceo,0.5780741,0.4219259
201_ethiopia,0.55954194,0.4404581
95_mali-non-crop,0.56217086,0.4378291
1374_tanzania-ceo,0.5772621,0.42273784
13818_croplands,0.3297899,0.67021006
2419_kenya-non-crop,0.56217057,0.43782943
645_martinique-france,0.56217176,0.43782824
22563_geowiki-landcover-2017,0.45185465,0.54814535
4248_ile-de-france,0.3297309,0.6702691
2192_croplands,0.44936034,0.5506396
12814_croplands,0.45185542,0.54814464
1447_ile-de-france,0.32973012,0.67026985
14985_geowiki-landcover-2017,0.6809266,0.3190734
2079_geowiki-landcover-2017,0.45185247,0.5481475
1329_ile-de-france,0.3297298,0.67027014
10115_croplands,0.32982412,0.6701759
32216_geowiki-landcover-2017,0.45185447,0.54814553
6580_geowiki-landcover-2017,0.45185426,0.5481457
2984_rwanda-ceo,0.68092734,0.3190727
4696_central-asia,0.3297298,0.67027014
2631_geowiki-landcover-2017,0.43382886,0.56617117
2218_reunion-france,0.451854,0.548146
32271_geowiki-landcover-2017,0.3297298,0.67027014
12745_geowiki-landcover-2017,0.5621707,0.43782932
1140_ile-de-france,0.4518547,0.54814535
30468_geowiki-landcover-2017,0.45185417,0.54814583
27824_geowiki-landcover-2017,0.4518398,0.5481602
264_germany,0.45185533,0.5481447
5825_croplands,0.32972956,0.6702705
2896_rwanda-ceo,0.5780767,0.42192325
2601_kenya-non-crop,0.77963686,0.22036317
21805_geowiki-landcover-2017,0.68092614,0.3190738
3582_croplands,0.32973027,0.6702697
8996_croplands,0.45185375,0.54814625
3038_central-asia,0.3297303,0.6702697
1530_martinique-france,0.5621709,0.43782902
6113_geowiki-landcover-2017,0.32973042,0.67026955
16174_geowiki-landcover-2017,0.56217074,0.43782932
1007_togo,0.6802302,0.31976986
13389_croplands,0.45185372,0.54814625
689_central-asia,0.32972986,0.67027014
1043_mali-helmets-labelling-crops,0.56217074,0.43782926
6343_canada,0.45185226,0.54814774
1872_kenya-non-crop,0.77963454,0.22036546
1100_mali-helmets-labelling-crops,0.43382874,0.5661713
3034_canada,0.57746327,0.4225367
6448_geowiki-landcover-2017,0.57807493,0.42192504
325_mali-helmets-labelling-crops,0.43474138,0.56525856
17499_geowiki-landcover-2017,0.45185375,0.54814625
4425_croplands,0.45185462,0.54814535
3409_geowiki-landcover-2017,0.43382913,0.5661709
29571_geowiki-landcover-2017,0.45185414,0.54814583
2026_canada,0.45185244,0.54814756
15363_geowiki-landcover-2017,0.57807493,0.42192513
6280_canada,0.32972965,0.6702703
2186_central-asia,0.3297331,0.6702669
1535_rwanda-ceo,0.6809274,0.31907263
4166_geowiki-landcover-2017,0.56217223,0.4378278
31479_geowiki-landcover-2017,0.6809269,0.31907314
649_rwanda-ceo,0.44984025,0.55015975
6917_geowiki-landcover-2017,0.45185488,0.5481451
32136_geowiki-landcover-2017,0.3297301,0.67026997
63_kenya-non-crop,0.77962446,0.22037551
5405_canada,0.3297298,0.6702702
31685_geowiki-landcover-2017,0.5621711,0.43782887
2682_canada,0.32972947,0.67027056
1501_ile-de-france,0.32973042,0.67026955
3023_canada,0.57746327,0.4225367
13999_croplands,0.3297315,0.6702685
2978_rwanda-ceo,0.69432133,0.30567867
3646_canada,0.32973063,0.67026937
8872_geowiki-landcover-2017,0.57807213,0.42192793
149_rwanda-ceo,0.69432634,0.30567363
5138_canada,0.45185372,0.54814625
32943_geowiki-landcover-2017,0.44983265,0.5501673
770_tanzania-rice-ecaas,0.3297306,0.6702694
2240_germany,0.32973087,0.6702691
1675_kenya-non-crop,0.77964234,0.22035764
2102_rwanda-ceo,0.77964264,0.22035737
32508_geowiki-landcover-2017,0.4518547,0.54814535
28881_geowiki-landcover-2017,0.6809266,0.31907338
804_central-asia,0.32972974,0.67027026
245_germany,0.32973003,0.67026997
3516_central-asia,0.3297297,0.6702703
10408_geowiki-landcover-2017,0.44983256,0.55016744
426_reunion-france,0.451854,0.548146
2455_rwanda-ceo,0.578074,0.42192602
2075_martinique-france,0.5621712,0.43782878
194_geowiki-landcover-2017,0.5780742,0.42192578
440_ile-de-france,0.32973033,0.67026967
17908_geowiki-landcover-2017,0.4518537,0.54814625
5788_canada,0.45185435,0.5481457
2491_canada,0.4518537,0.54814637
23754_geowiki-landcover-2017,0.4518536,0.5481464
13464_croplands,0.32972965,0.6702703
4283_ile-de-france,0.45185375,0.54814625
1232_rwanda-ceo,0.57807446,0.42192557
29068_geowiki-landcover-2017,0.4518567,0.54814327
6708_canada,0.45166022,0.5483398
16041_geowiki-landcover-2017,0.32974178,0.6702582
1851_ile-de-france,0.32972977,0.67027026
740_germany,0.32973233,0.67026764
3166_geowiki-landcover-2017,0.56217074,0.43782926
3067_canada,0.57746327,0.4225367
20815_geowiki-landcover-2017,0.5621709,0.43782905
2112_canada,0.451854,0.548146
35786_geowiki-landcover-2017,0.45185518,0.5481448
10486_croplands,0.45185047,0.5481495
4400_croplands,0.451855,0.548145
385_central-asia,0.32972974,0.67027026
1883_canada,0.32972962,0.6702704
30818_geowiki-landcover-2017,0.3297298,0.67027014
2636_rwanda-ceo,0.5780753,0.42192465
1486_tanzania-ceo,0.69432634,0.30567363
276_canada,0.45185217,0.54814786
3833_central-asia,0.32973224,0.67026776
410_martinique-france,0.5621715,0.43782848
3533_rwanda-ceo,0.5780915,0.42190856
10613_croplands,0.3297492,0.6702508
24686_geowiki-landcover-2017,0.45185462,0.54814535
3274_central-asia,0.32972953,0.6702705
28478_geowiki-landcover-2017,0.5780746,0.42192543
455_central-asia,0.32973245,0.6702675
1687_martinique-france,0.68092734,0.31907272
194_kenya-non-crop,0.680929,0.31907102
1029_mali-helmets-labelling-crops,0.56216484,0.43783516
28800_geowiki-landcover-2017,0.577463,0.422537
653_kenya-non-crop,0.6809268,0.31907323
966_ile-de-france,0.45185563,0.5481444
803_kenya-non-crop,0.7795979,0.22040212
27073_geowiki-landcover-2017,0.32972938,0.67027056
2439_canada,0.45197615,0.5480238
13895_geowiki-landcover-2017,0.45185465,0.54814535
5888_canada,0.4518544,0.54814565
35715_geowiki-landcover-2017,0.56216943,0.4378306
1715_germany,0.32973024,0.6702698
10094_croplands,0.3297466,0.67025346
5208_canada,0.45185497,0.54814506
3702_geowiki-landcover-2017,0.56217146,0.43782854
579_central-asia,0.32973206,0.67026794
530_central-asia,0.32973278,0.6702672
1623_canada,0.32972965,0.6702704
269_lem-brazil,0.5774635,0.4225365
5952_ile-de-france,0.3297304,0.6702696
27724_geowiki-landcover-2017,0.5756063,0.4243937
13177_geowiki-landcover-2017,0.6803818,0.31961825
2351_tanzania-ceo,0.44921684,0.55078316
35188_geowiki-landcover-2017,0.32973012,0.67026985
14457_geowiki-landcover-2017,0.56217206,0.43782791
11199_geowiki-landcover-2017,0.6803719,0.31962806
668_geowiki-landcover-2017,0.5780597,0.42194036
4485_geowiki-landcover-2017,0.56217116,0.43782887
5437_ile-de-france,0.32973078,0.6702692
8745_geowiki-landcover-2017,0.5780746,0.42192546
4038_central-asia,0.32972988,0.6702701
179_togo,0.5621711,0.43782887
28793_geowiki-landcover-2017,0.5780736,0.42192638
438_canada,0.4518533,0.5481467
1422_central-asia,0.32973105,0.67026895
608_geowiki-landcover-2017,0.57807493,0.42192513
1995_kenya-non-crop,0.5621709,0.4378291
4723_geowiki-landcover-2017,0.5774639,0.4225361
3776_ile-de-france,0.45184678,0.5481532
17724_geowiki-landcover-2017,0.32973057,0.6702695
2854_rwanda-ceo,0.6809275,0.31907248
21527_geowiki-landcover-2017,0.57807475,0.42192528
720_ethiopia,0.69432753,0.30567247
2459_germany,0.4518549,0.5481451
14068_croplands,0.3297326,0.6702674
10168_geowiki-landcover-2017,0.5621708,0.4378292
2966_central-asia,0.32973236,0.67026764
400_sudan,0.5621707,0.43782932
13075_croplands,0.44983208,0.5501679
270_mali-helmets-labelling-crops,0.51686084,0.4831392
529_central-asia,0.32973087,0.67026913
1571_canada,0.45185152,0.5481485
4402_ile-de-france,0.32973087,0.6702691
9481_geowiki-landcover-2017,0.5780748,0.42192513
3211_canada,0.57746255,0.42253742
316_tanzania-rice-ecaas,0.69427466,0.30572528
32859_geowiki-landcover-2017,0.3297312,0.6702688
13804_geowiki-landcover-2017,0.68092644,0.31907353
4548_central-asia,0.3297322,0.6702678
2353_central-asia,0.3297315,0.6702685
20975_geowiki-landcover-2017,0.57745785,0.42254218
37_zimbabwe,0.44983226,0.55016774
1637_geowiki-landcover-2017,0.4337806,0.5662194
1414_mali-helmets-labelling-crops,0.5621712,0.43782878
387_kenya-non-crop,0.5601602,0.4398398
265_reunion-france,0.32978526,0.6702147
5830_canada,0.45185298,0.54814696
3711_canada,0.32972953,0.6702705
2424_central-asia,0.45166323,0.5483368
15203_geowiki-landcover-2017,0.45185444,0.54814553
256_geowiki-landcover-2017,0.68080163,0.3191984
9972_croplands,0.44983128,0.55016875
3398_rwanda-ceo,0.57807374,0.42192626
833_croplands,0.45185497,0.548145
9306_geowiki-landcover-2017,0.4518542,0.54814583
765_togo,0.433889,0.566111
1797_central-asia,0.32973063,0.67026937
1866_germany,0.32973027,0.6702697
6713_croplands,0.44983193,0.5501681
3690_ile-de-france,0.32973093,0.6702691
1615_tanzania-ceo,0.45185426,0.5481458
6808_canada,0.45185348,0.54814655
17537_geowiki-landcover-2017,0.5780754,0.4219246
32922_geowiki-landcover-2017,0.4338292,0.5661709
4676_croplands,0.45185483,0.5481452
2531_rwanda-ceo,0.5780754,0.4219246
4183_central-asia,0.32972986,0.67027014
747_ile-de-france,0.32973087,0.6702691
5144_geowiki-landcover-2017,0.44983193,0.55016804
120_tanzania-ceo,0.578075,0.42192498
962_tanzania-ceo,0.6943278,0.3056722
916_kenya-non-crop,0.68092555,0.31907442
52_kenya-non-crop,0.6809269,0.31907314
12_kenya,0.6809268,0.31907323
11964_croplands,0.45220056,0.54779947
303_togo,0.68037295,0.31962702
249_tanzania-rice-ecaas,0.5777065,0.42229345
142_mali,0.43382898,0.56617105
2140_canada,0.45185298,0.54814696
224_tanzania-rice-ecaas,0.3298535,0.6701465
1737_geowiki-landcover-2017,0.56217027,0.4378297
1408_kenya-non-crop,0.4498323,0.55016774
17545_geowiki-landcover-2017,0.5621686,0.43783143
813_lem-brazil,0.5774614,0.4225386
151_martinique-france,0.5621715,0.43782845
623_togo,0.5621713,0.43782872
930_geowiki-landcover-2017,0.68092734,0.3190727
31531_geowiki-landcover-2017,0.56217057,0.43782946
875_mali-helmets-labelling-crops,0.5621655,0.43783444
16185_geowiki-landcover-2017,0.45185435,0.54814565
1578_central-asia,0.32973078,0.6702692
6533_croplands,0.45185372,0.54814625
2699_rwanda-ceo,0.57807285,0.42192718
3062_canada,0.45185614,0.54814386
23810_geowiki-landcover-2017,0.44983158,0.5501684
9462_croplands,0.45185068,0.5481493
29297_geowiki-landcover-2017,0.45185435,0.5481457
26652_geowiki-landcover-2017,0.45185375,0.54814625
1020_croplands,0.43382865,0.5661713
13386_croplands,0.45185405,0.548146
22876_geowiki-landcover-2017,0.56216,0.43783996
17483_geowiki-landcover-2017,0.43382666,0.5661734
190_rwanda-ceo,0.44921848,0.55078155
13447_geowiki-landcover-2017,0.68009806,0.319902
249_geowiki-landcover-2017,0.577464,0.42253605
8529_geowiki-landcover-2017,0.45185423,0.5481458
504_germany,0.32973117,0.6702689
1409_kenya-non-crop,0.68092763,0.31907234
2641_kenya-non-crop,0.7796427,0.22035725
4580_central-asia,0.32973287,0.67026716
2892_central-asia,0.3297317,0.6702683
4853_ile-de-france,0.45185366,0.54814637
2553_canada,0.4518537,0.54814625
13675_geowiki-landcover-2017,0.6809266,0.31907338
6357_canada,0.45185366,0.54814637
27691_geowiki-landcover-2017,0.4518539,0.54814607
1278_reunion-france,0.4518537,0.54814625
20424_geowiki-landcover-2017,0.4498315,0.5501686
3427_rwanda-ceo,0.6789243,0.32107565
69_tanzania-rice-ecaas,0.5753863,0.4246137
1189_martinique-france,0.56217164,0.43782842
3205_geowiki-landcover-2017,0.56217235,0.43782765
8506_geowiki-landcover-2017,0.56217134,0.43782872
264_kenya-non-crop,0.7796417,0.22035834
12012_geowiki-landcover-2017,0.4518541,0.5481459
1694_canada,0.45185354,0.5481464
32046_geowiki-landcover-2017,0.45185277,0.54814726
15555_geowiki-landcover-2017,0.5780746,0.42192546
83_sudan,0.5621714,0.4378286
5321_geowiki-landcover-2017,0.56217116,0.43782884
215_togo,0.5621649,0.43783513
4919_croplands,0.32972988,0.67027014
4908_central-asia,0.32973143,0.67026854
1524_martinique-france,0.5621708,0.43782923
4835_geowiki-landcover-2017,0.5621709,0.43782902
4334_ile-de-france,0.32973212,0.67026794
1115_martinique-france,0.56217146,0.43782857
30570_geowiki-landcover-2017,0.45185408,0.5481459
1190_mali-helmets-labelling-crops,0.43382904,0.566171
6503_canada,0.4518535,0.5481465
23553_geowiki-landcover-2017,0.451854,0.548146
1592_germany,0.32972962,0.6702704
516_tanzania-ceo,0.6943266,0.30567345
4585_geowiki-landcover-2017,0.32973224,0.67026776
23731_geowiki-landcover-2017,0.6809268,0.3190732
1893_canada,0.32972947,0.6702705
4367_croplands,0.45184782,0.5481522
3752_geowiki-landcover-2017,0.4338286,0.56617135
2451_germany,0.4516884,0.5483116
1011_kenya-non-crop,0.6809264,0.3190736
17934_geowiki-landcover-2017,0.4518537,0.5481463
52_mali-helmets-labelling-crops,0.43382958,0.5661704
3986_ile-de-france,0.3297299,0.67027
1534_tanzania-ceo,0.5621706,0.43782932
310_tanzania-rice-ecaas,0.5769846,0.42301542
2174_rwanda-ceo,0.5601599,0.43984008
14146_croplands,0.4338259,0.56617415
578_ethiopia,0.44983667,0.5501633
5811_ile-de-france,0.4518534,0.5481466
2259_ile-de-france,0.32972988,0.67027014
6495_geowiki-landcover-2017,0.45185354,0.5481465
28054_geowiki-landcover-2017,0.57807565,0.4219244
4599_geowiki-landcover-2017,0.4518539,0.5481461
2280_central-asia,0.32973057,0.6702695
3696_canada,0.3297298,0.67027014
1471_croplands,0.3297298,0.67027014
372_ile-de-france,0.4518557,0.54814434
4727_canada,0.32972997,0.67027
28089_geowiki-landcover-2017,0.45185384,0.5481462
683_geowiki-landcover-2017,0.68033385,0.31966618
12646_geowiki-landcover-2017,0.57807463,0.42192537
3109_croplands,0.4498318,0.5501682
2232_reunion-france,0.4518539,0.54814607
524_martinique-france,0.56217146,0.43782854
1783_canada,0.45185325,0.5481468
21477_geowiki-landcover-2017,0.56217057,0.43782946
20016_geowiki-landcover-2017,0.45185402,0.548146
1839_canada,0.32972956,0.6702705
22403_geowiki-landcover-2017,0.5774635,0.42253652
5085_canada,0.32972986,0.67027014
942_reunion-france,0.57807475,0.42192525
600_tanzania-ceo,0.6943254,0.3056746
333_geowiki-landcover-2017,0.6808606,0.3191394
14163_croplands,0.56216973,0.43783024
16615_geowiki-landcover-2017,0.5621709,0.43782908
9594_geowiki-landcover-2017,0.5780694,0.4219306
11441_geowiki-landcover-2017,0.6943195,0.30568048
1983_martinique-france,0.68037724,0.31962273
4722_croplands,0.45185402,0.548146
2384_kenya-non-crop,0.4338285,0.56617147
72_ethiopia,0.5601598,0.4398402
28815_geowiki-landcover-2017,0.57746273,0.42253724
1521_ile-de-france,0.45185527,0.54814476
33376_geowiki-landcover-2017,0.4518538,0.5481462
1262_tanzania-ceo,0.6943262,0.3056738
2370_tanzania-ceo,0.57807505,0.42192498
18317_geowiki-landcover-2017,0.5620619,0.43793803
701_rwanda-ceo,0.6809276,0.3190724
4836_central-asia,0.32972977,0.6702702
31063_geowiki-landcover-2017,0.45185375,0.54814625
1434_rwanda-ceo,0.77963394,0.22036605
832_tanzania-ceo,0.7796427,0.22035725
14927_croplands,0.3297314,0.67026854
2075_geowiki-landcover-2017,0.5621714,0.43782857
223_mali-helmets-labelling-crops,0.43386042,0.5661396
28856_geowiki-landcover-2017,0.4518549,0.5481451
1893_geowiki-landcover-2017,0.5621709,0.4378291
1910_rwanda-ceo,0.5780752,0.42192483
862_canada,0.32973143,0.67026854
28813_geowiki-landcover-2017,0.4518537,0.54814625
14071_geowiki-landcover-2017,0.57807505,0.42192492
735_canada,0.45185375,0.54814625
745_germany,0.32973033,0.6702696
3100_croplands,0.44983193,0.5501681
6644_geowiki-landcover-2017,0.5780729,0.42192712
399_sudan,0.5621706,0.4378294
7894_canada,0.4518317,0.54816824
1708_tanzania-ceo,0.77964205,0.22035795
84_ile-de-france,0.32973042,0.67026955
10663_croplands,0.45185155,0.5481484
1431_mali-helmets-labelling-crops,0.56217086,0.4378291
1299_canada,0.45185354,0.5481464
27889_geowiki-landcover-2017,0.5774554,0.42254463
23430_geowiki-landcover-2017,0.5780745,0.4219255
2344_central-asia,0.32973114,0.6702689
1498_mali-helmets-labelling-crops,0.43382865,0.56617135
15554_geowiki-landcover-2017,0.6943267,0.30567333
1368_croplands,0.5621699,0.43783012
110_tanzania-ceo,0.578074,0.42192602
690_ile-de-france,0.32973027,0.6702697
1077_rwanda-ceo,0.57807505,0.42192492
12866_geowiki-landcover-2017,0.45185393,0.54814607
231_croplands,0.45185366,0.54814637
10034_geowiki-landcover-2017,0.578075,0.42192504
608_ethiopia,0.694327,0.30567303
4027_canada,0.45185322,0.5481468
2781_central-asia,0.4518557,0.5481443
5437_canada,0.32973003,0.67026997
484_ile-de-france,0.32973078,0.6702692
23_ethiopia,0.6786018,0.32139826
441_reunion-france,0.45185375,0.54814625
2049_germany,0.45185527,0.54814476
2469_central-asia,0.32973096,0.6702691
29687_geowiki-landcover-2017,0.57746285,0.4225371
419_mali-helmets-labelling-crops,0.4338305,0.5661695
34099_geowiki-landcover-2017,0.45185524,0.54814476
29632_geowiki-landcover-2017,0.6942976,0.30570233
338_sudan,0.5619789,0.4380211
3239_central-asia,0.32973003,0.67026997
2230_ile-de-france,0.45185387,0.5481461
10165_croplands,0.329731,0.67026895
673_rwanda-ceo,0.5754662,0.4245338
1835_central-asia,0.32973063,0.67026937
27340_geowiki-landcover-2017,0.4519309,0.54806906
33062_geowiki-landcover-2017,0.4518478,0.5481522
2888_canada,0.57746166,0.42253828
2605_geowiki-landcover-2017,0.43382937,0.56617063
7547_canada,0.45185438,0.54814565
27941_geowiki-landcover-2017,0.4518546,0.5481454
17555_geowiki-landcover-2017,0.45185322,0.5481468
10163_croplands,0.45184815,0.54815185
1624_canada,0.45185333,0.54814667
4570_canada,0.32972988,0.6702701
6212_geowiki-landcover-2017,0.57807475,0.42192525
302_mali-helmets-labelling-crops,0.5621709,0.4378291
2262_tanzania-ceo,0.69432646,0.30567354
22339_geowiki-landcover-2017,0.45185345,0.54814655
4679_canada,0.3297299,0.67027
610_tanzania-rice-ecaas,0.4492087,0.55079126
2323_canada,0.45185354,0.5481464
2268_central-asia,0.3297318,0.6702682
3610_ile-de-france,0.32973665,0.67026335
189_geowiki-landcover-2017,0.4518558,0.5481442
71_sudan,0.56217074,0.43782926
14726_croplands,0.43382862,0.56617135
2182_germany,0.45185387,0.5481461
3503_ile-de-france,0.3297296,0.67027044
20341_geowiki-landcover-2017,0.45185515,0.5481448
553_rwanda-ceo,0.57807505,0.4219249
9016_croplands,0.4518541,0.5481459
28350_geowiki-landcover-2017,0.45185426,0.5481457
3142_ile-de-france,0.45185536,0.54814464
13662_croplands,0.45185357,0.5481464
10859_croplands,0.5621692,0.43783084
1283_geowiki-landcover-2017,0.6943268,0.30567315
2192_geowiki-landcover-2017,0.45185387,0.5481461
1315_ile-de-france,0.32973105,0.67026895
28975_geowiki-landcover-2017,0.3297301,0.67026997
5686_ile-de-france,0.32972988,0.67027014
948_geowiki-landcover-2017,0.45186365,0.5481364
21055_geowiki-landcover-2017,0.45185298,0.5481471
1437_central-asia,0.32973018,0.67026985
290_rwanda-ceo,0.77958554,0.22041446
913_canada,0.3297299,0.67027
3516_croplands,0.32973057,0.6702695
14115_geowiki-landcover-2017,0.5780748,0.42192513
1_ethiopia,0.56015974,0.43984026
4545_geowiki-landcover-2017,0.6943331,0.3056669
21341_geowiki-landcover-2017,0.57807434,0.42192566
19636_geowiki-landcover-2017,0.5621712,0.43782878
1116_central-asia,0.32973135,0.67026865
33514_geowiki-landcover-2017,0.45185426,0.5481458
32050_geowiki-landcover-2017,0.3297297,0.6702703
25463_geowiki-landcover-2017,0.32972983,0.67027014
2083_germany,0.45185518,0.5481448
732_tanzania-ceo,0.694324,0.305676
13138_geowiki-landcover-2017,0.5621705,0.43782955
8513_croplands,0.45185497,0.54814506
16395_geowiki-landcover-2017,0.5621709,0.43782902
946_martinique-france,0.5621715,0.43782848
4902_central-asia,0.32973295,0.67026705
89_ile-de-france,0.3297307,0.6702693
743_kenya-non-crop,0.68092656,0.31907347
3277_central-asia,0.45185226,0.5481478
7705_canada,0.451854,0.548146
3430_ile-de-france,0.32973635,0.6702637
2863_geowiki-landcover-2017,0.5621706,0.4378294
5594_canada,0.32973078,0.6702692
3453_geowiki-landcover-2017,0.56217176,0.43782827
20983_geowiki-landcover-2017,0.5780745,0.42192546
1992_central-asia,0.3297306,0.6702694
2412_reunion-france,0.45185375,0.54814625
2042_martinique-france,0.5621714,0.43782857
1173_togo,0.56217176,0.43782824
18990_geowiki-landcover-2017,0.44981122,0.55018884
8001_geowiki-landcover-2017,0.45185354,0.5481464
141_tanzania-rice-ecaas,0.4498185,0.5501815
25356_geowiki-landcover-2017,0.44886312,0.5511369
548_martinique-france,0.5621717,0.43782833
201_reunion-france,0.44921184,0.55078816
33429_geowiki-landcover-2017,0.3297307,0.6702693
2883_canada,0.69431216,0.30568787
20322_geowiki-landcover-2017,0.5774628,0.4225372
123_canada,0.45185405,0.548146
8391_geowiki-landcover-2017,0.45185336,0.5481466
11525_geowiki-landcover-2017,0.5780749,0.42192513
2165_martinique-france,0.56217074,0.43782926
4155_central-asia,0.45185274,0.54814726
2283_geowiki-landcover-2017,0.5621696,0.4378304
736_togo,0.5621739,0.43782616
2443_germany,0.57740664,0.42259336
26280_geowiki-landcover-2017,0.45099193,0.5490081
3783_ile-de-france,0.3297305,0.6702695
33817_geowiki-landcover-2017,0.562171,0.43782902
2054_geowiki-landcover-2017,0.56217086,0.43782914
173_tanzania-ceo,0.6942258,0.30577415
614_geowiki-landcover-2017,0.6943269,0.30567312
23397_geowiki-landcover-2017,0.45185402,0.548146
11974_geowiki-landcover-2017,0.45185322,0.5481468
10000_geowiki-landcover-2017,0.68092644,0.3190736
2168_central-asia,0.45185456,0.5481455
31253_geowiki-landcover-2017,0.45185384,0.5481462
1241_rwanda-ceo,0.57807285,0.42192718
6659_geowiki-landcover-2017,0.45185405,0.548146
11630_croplands,0.5621705,0.43782955
14145_geowiki-landcover-2017,0.32977498,0.670225
1370_reunion-france,0.4519121,0.5480879
31498_geowiki-landcover-2017,0.45185512,0.54814494
761_tanzania-ceo,0.69276154,0.3072385
3041_rwanda-ceo,0.57807505,0.42192498
1961_canada,0.45185333,0.5481467
216_geowiki-landcover-2017,0.5780746,0.42192543
2111_croplands,0.3297326,0.6702674
2053_kenya-non-crop,0.56217134,0.4378287
5035_geowiki-landcover-2017,0.6943258,0.3056742
82_tanzania-ceo,0.5780748,0.42192513
1096_martinique-france,0.5658414,0.43415862
3907_central-asia,0.3297302,0.6702698
3472_rwanda-ceo,0.5780747,0.4219253
7500_canada,0.32972938,0.6702706
4487_ile-de-france,0.44920918,0.5507908
805_ethiopia,0.68038213,0.3196179
853_kenya-non-crop,0.77964115,0.22035882
2284_reunion-france,0.45185557,0.5481444
1348_mali-helmets-labelling-crops,0.5621709,0.43782905
12456_geowiki-landcover-2017,0.5780746,0.42192546
15_uganda,0.6809263,0.3190737
14467_geowiki-landcover-2017,0.32973063,0.67026937
694_ile-de-france,0.32973087,0.6702691
22366_geowiki-landcover-2017,0.3297305,0.6702695
32829_geowiki-landcover-2017,0.32973006,0.67026997
496_germany,0.5772471,0.42275295
5998_ile-de-france,0.32972997,0.67027
26716_geowiki-landcover-2017,0.4518544,0.5481456
810_togo,0.5621703,0.4378297
4469_canada,0.32972962,0.6702704
1819_kenya-non-crop,0.77964234,0.22035764
3547_ile-de-france,0.32973057,0.6702695
31172_geowiki-landcover-2017,0.32973024,0.6702698
2267_germany,0.32973,0.67027
1322_germany,0.44921124,0.5507887
24588_geowiki-landcover-2017,0.45185384,0.5481461
9103_geowiki-landcover-2017,0.562171,0.43782902
1535_reunion-france,0.5780729,0.4219271
28779_geowiki-landcover-2017,0.69432664,0.30567333
18619_geowiki-landcover-2017,0.449832,0.550168
235_sudan,0.5621712,0.43782878
3258_geowiki-landcover-2017,0.56217104,0.43782902
33218_geowiki-landcover-2017,0.4518542,0.54814583
2355_ile-de-france,0.32973015,0.67026985
1772_ile-de-france,0.32972953,0.6702705
17974_geowiki-landcover-2017,0.44983256,0.55016744
22347_geowiki-landcover-2017,0.45185366,0.54814637
16959_geowiki-landcover-2017,0.56217074,0.43782932
6433_geowiki-landcover-2017,0.45185262,0.54814744
3189_canada,0.32973123,0.6702688
2887_ile-de-france,0.32973304,0.6702669
1600_geowiki-landcover-2017,0.56016016,0.4398398
1235_reunion-france,0.4518541,0.5481459
11826_geowiki-landcover-2017,0.5621704,0.43782955
3125_canada,0.4517311,0.5482689
818_croplands,0.5621706,0.4378294
14307_geowiki-landcover-2017,0.5780733,0.4219267
4398_canada,0.32972953,0.6702705
2023_rwanda-ceo,0.6943258,0.30567417
26931_geowiki-landcover-2017,0.44983155,0.55016845
2584_kenya-non-crop,0.6943266,0.30567345
32847_geowiki-landcover-2017,0.5621702,0.43782982
4584_croplands,0.3297301,0.67026997
183_mali-helmets-labelling-crops,0.43384647,0.5661535
203_tanzania-rice-ecaas,0.32981312,0.6701868
7916_canada,0.45185405,0.54814595
648_martinique-france,0.5621706,0.43782935
3273_rwanda-ceo,0.6809269,0.31907302
1640_tanzania-ceo,0.5780738,0.42192623
2169_kenya-non-crop,0.6803822,0.31961784
7560_geowiki-landcover-2017,0.6809227,0.31907728
14183_geowiki-landcover-2017,0.5780754,0.4219246
35355_geowiki-landcover-2017,0.45185298,0.54814696
13112_geowiki-landcover-2017,0.57807326,0.4219268
311_central-asia,0.3297299,0.67027
2357_rwanda-ceo,0.5780752,0.42192486
61_germany,0.32973042,0.67026955
3679_ile-de-france,0.3297306,0.6702694
39_uganda,0.68092537,0.31907466
992_martinique-france,0.56217146,0.43782857
1131_rwanda-ceo,0.57807434,0.4219256
3414_central-asia,0.3297296,0.67027044
2330_kenya-non-crop,0.68092674,0.3190733
13493_croplands,0.32973278,0.6702673
1270_rwanda-ceo,0.57807475,0.42192522
33377_geowiki-landcover-2017,0.45185447,0.54814553
6111_ile-de-france,0.32973063,0.67026937
847_kenya-non-crop,0.68092656,0.31907347
1741_kenya-non-crop,0.77964234,0.22035764
497_central-asia,0.3297317,0.67026836
35507_geowiki-landcover-2017,0.4518536,0.5481464
1605_reunion-france,0.57807475,0.42192525
1898_rwanda-ceo,0.7796328,0.22036718
1429_ile-de-france,0.32973036,0.6702696
4120_croplands,0.4338273,0.56617266
26929_geowiki-landcover-2017,0.45185402,0.548146
326_togo,0.56217194,0.43782803
1636_martinique-france,0.68092334,0.3190766
262_kenya-non-crop,0.680926,0.319074
3056_geowiki-landcover-2017,0.5621708,0.43782917
25119_geowiki-landcover-2017,0.5621703,0.4378297
3234_central-asia,0.3297302,0.6702698
71_geowiki-landcover-2017,0.45185348,0.54814655
211_sudan,0.43382952,0.5661705
23602_geowiki-landcover-2017,0.6809267,0.31907332
1630_kenya-non-crop,0.7796422,0.22035778
1894_central-asia,0.32973057,0.6702695
686_lem-brazil,0.5774601,0.42253986
676_ethiopia,0.57546926,0.42453074
29737_geowiki-landcover-2017,0.44983143,0.5501686
2944_central-asia,0.32973033,0.67026967
1170_canada,0.45185405,0.54814595
32924_geowiki-landcover-2017,0.57807434,0.4219257
520_ethiopia,0.6809262,0.31907377
13191_geowiki-landcover-2017,0.7796426,0.2203574
1252_germany,0.4518543,0.5481457
2718_central-asia,0.32973084,0.67026913
1287_martinique-france,0.5621709,0.43782908
32055_geowiki-landcover-2017,0.4518538,0.5481462
984_togo,0.56217164,0.43782842
5487_ile-de-france,0.45185447,0.54814553
553_togo,0.4338294,0.56617063
19032_geowiki-landcover-2017,0.3297298,0.6702702
420_canada,0.45185384,0.5481462
11453_geowiki-landcover-2017,0.4518542,0.54814583
2403_rwanda-ceo,0.7796428,0.22035722
3487_geowiki-landcover-2017,0.5621706,0.43782932
606_lem-brazil,0.45190313,0.54809684
33555_geowiki-landcover-2017,0.329731,0.670269
3821_canada,0.3297298,0.6702702
253_central-asia,0.45185405,0.54814595
31778_geowiki-landcover-2017,0.45185426,0.5481458
138_martinique-france,0.56216997,0.43783
3536_geowiki-landcover-2017,0.5621706,0.4378294
23781_geowiki-landcover-2017,0.5621712,0.43782872
16500_geowiki-landcover-2017,0.56217074,0.43782926
8516_croplands,0.32973063,0.67026937
1220_reunion-france,0.6943267,0.30567333
786_tanzania-ceo,0.5774633,0.4225367
2445_canada,0.4518529,0.54814714
1959_canada,0.45185426,0.5481457
16342_geowiki-landcover-2017,0.5621709,0.43782905
11683_geowiki-landcover-2017,0.5621717,0.43782827
6796_croplands,0.5780701,0.4219299
3108_canada,0.32973072,0.67026925
5497_ile-de-france,0.32973093,0.6702691
260_ile-de-france,0.45185506,0.548145
2161_ile-de-france,0.45185533,0.54814464
14913_croplands,0.3297306,0.6702694
4525_ile-de-france,0.45185536,0.54814464
2620_rwanda-ceo,0.68092805,0.31907198
1464_canada,0.5774207,0.4225793
4303_central-asia,0.32973012,0.67026985
87_tanzania-ceo,0.5780753,0.42192474
1265_germany,0.32973054,0.6702695
17851_geowiki-landcover-2017,0.45186,0.54814
4476_ile-de-france,0.3297316,0.6702684
1982_kenya-non-crop,0.56217074,0.43782926
1224_central-asia,0.32973102,0.67026895
2212_geowiki-landcover-2017,0.5621712,0.43782875
1914_rwanda-ceo,0.57807523,0.42192477
3682_central-asia,0.3297299,0.67027
21705_geowiki-landcover-2017,0.56217134,0.4378287
24137_geowiki-landcover-2017,0.5621713,0.43782872
12307_geowiki-landcover-2017,0.44983184,0.5501682
279_tanzania,0.44983575,0.5501643
12574_croplands,0.5621044,0.43789563
15189_geowiki-landcover-2017,0.5621707,0.43782932
2586_canada,0.4518542,0.54814583
578_germany,0.45185542,0.5481446
342_lem-brazil,0.32973394,0.6702661
21070_geowiki-landcover-2017,0.3297296,0.67027044
2520_kenya-non-crop,0.56217325,0.43782675
33129_geowiki-landcover-2017,0.56216794,0.43783212
15009_geowiki-landcover-2017,0.56217104,0.43782896
6860_geowiki-landcover-2017,0.45185426,0.5481457
722_rwanda-ceo,0.6943268,0.30567315
1382_tanzania-ceo,0.57807475,0.42192528
1946_germany,0.3297306,0.6702694
179_lem-brazil,0.4518549,0.5481451
344_rwanda-ceo,0.68092704,0.31907293
992_kenya-non-crop,0.7796406,0.22035936
3210_ile-de-france,0.45185107,0.54814893
29443_geowiki-landcover-2017,0.56217086,0.43782914
168_tanzania-ceo,0.5780752,0.42192486
19333_geowiki-landcover-2017,0.451854,0.548146
31715_geowiki-landcover-2017,0.43382898,0.56617105
14086_croplands,0.32973254,0.6702674
732_tanzania-rice-ecaas,0.4518549,0.5481451
2970_central-asia,0.3297304,0.6702696
23995_geowiki-landcover-2017,0.5621708,0.43782917
1845_germany,0.32973012,0.67026985
152_lem-brazil,0.4518551,0.54814494
14546_geowiki-landcover-2017,0.5780746,0.42192546
23724_geowiki-landcover-2017,0.578109,0.42189094
13563_geowiki-landcover-2017,0.4498317,0.5501683
2590_geowiki-landcover-2017,0.43382967,0.5661704
282_sudan,0.5621722,0.43782783
2769_geowiki-landcover-2017,0.56217116,0.43782887
7027_canada,0.45185554,0.54814446
14077_croplands,0.3297433,0.6702567
396_tanzania-rice-ecaas,0.3297343,0.67026573
10376_geowiki-landcover-2017,0.32972988,0.67027014
107_kenya,0.68090796,0.319092
19228_geowiki-landcover-2017,0.5621708,0.43782917
32393_geowiki-landcover-2017,0.32973647,0.6702635
8106_geowiki-landcover-2017,0.5621709,0.43782905
2151_martinique-france,0.56217164,0.43782842
12769_geowiki-landcover-2017,0.5780749,0.42192513
292_martinique-france,0.5621808,0.43781918
3187_geowiki-landcover-2017,0.56217104,0.43782896
106_tanzania-ceo,0.44983205,0.550168
1417_mali-helmets-labelling-crops,0.43382874,0.5661712
2450_geowiki-landcover-2017,0.6803828,0.31961727
2272_germany,0.32972988,0.67027014
1634_germany,0.32972953,0.6702705
1368_rwanda-ceo,0.6943268,0.30567318
406_geowiki-landcover-2017,0.6943261,0.30567387
1087_central-asia,0.3297302,0.67026985
5117_central-asia,0.3297301,0.67026997
2396_canada,0.4518535,0.5481465
29694_geowiki-landcover-2017,0.32973224,0.6702678
28167_geowiki-landcover-2017,0.4338289,0.56617105
1185_tanzania-ceo,0.5780748,0.42192516
731_central-asia,0.45185322,0.5481468
19386_geowiki-landcover-2017,0.32973117,0.6702689
2071_canada,0.33002934,0.66997063
4288_canada,0.32972938,0.6702706
11187_geowiki-landcover-2017,0.56217074,0.43782926
27175_geowiki-landcover-2017,0.56216943,0.43783054
1441_tanzania-ceo,0.69432634,0.30567366
18049_geowiki-landcover-2017,0.45185435,0.5481457
4014_central-asia,0.3297298,0.67027014
4239_geowiki-landcover-2017,0.5780752,0.42192483
2119_tanzania-ceo,0.6943224,0.3056776
3129_geowiki-landcover-2017,0.56217116,0.43782887
4541_geowiki-landcover-2017,0.6802162,0.31978378
1027_ile-de-france,0.32973075,0.67026925
4633_central-asia,0.32972988,0.6702701
3956_geowiki-landcover-2017,0.5780727,0.42192727
749_togo,0.5621714,0.4378286
30857_geowiki-landcover-2017,0.32973033,0.67026967
2778_ile-de-france,0.32973042,0.67026955
1830_central-asia,0.32973045,0.6702695
6381_canada,0.4518538,0.5481462
23777_geowiki-landcover-2017,0.5621339,0.4378661
3495_central-asia,0.32972977,0.67027026
1181_kenya-non-crop,0.7796423,0.22035766
1627_central-asia,0.32973126,0.6702688
487_geowiki-landcover-2017,0.575463,0.42453697
378_togo,0.43382928,0.56617075
30776_geowiki-landcover-2017,0.3297297,0.6702703
53_kenya-non-crop,0.77964205,0.22035792
16765_geowiki-landcover-2017,0.43382815,0.5661718
3558_central-asia,0.32972974,0.67027026
3942_geowiki-landcover-2017,0.32972956,0.6702705
10748_croplands,0.45185328,0.5481467
855_tanzania-ceo,0.5808453,0.4191547
420_sudan,0.56217134,0.4378287
17276_geowiki-landcover-2017,0.5774853,0.42251468
2718_reunion-france,0.44921145,0.5507886
1682_rwanda-ceo,0.68092704,0.31907293
4944_geowiki-landcover-2017,0.45185456,0.5481454
234_tanzania-ceo,0.57807446,0.4219256
1204_ile-de-france,0.4518542,0.54814583
1265_martinique-france,0.5621709,0.43782908
16878_geowiki-landcover-2017,0.6809033,0.31909662
33934_geowiki-landcover-2017,0.32973063,0.67026937
13537_geowiki-landcover-2017,0.43383554,0.56616443
27772_geowiki-landcover-2017,0.57807034,0.4219297
17420_geowiki-landcover-2017,0.57746303,0.422537
1657_ile-de-france,0.3297305,0.6702695
8207_geowiki-landcover-2017,0.4518537,0.54814625
570_kenya-non-crop,0.6809172,0.3190828
8172_geowiki-landcover-2017,0.57746273,0.42253724
1109_martinique-france,0.5621715,0.43782848
106_mali,0.43382943,0.5661706
32314_geowiki-landcover-2017,0.45185354,0.5481465
351_togo,0.5621709,0.43782902
22578_geowiki-landcover-2017,0.57807404,0.42192596
9482_geowiki-landcover-2017,0.57807446,0.42192554
2062_geowiki-landcover-2017,0.5621705,0.43782946
6310_canada,0.32972965,0.6702703
4904_geowiki-landcover-2017,0.45185784,0.5481422
1762_geowiki-landcover-2017,0.6809268,0.31907323
26995_geowiki-landcover-2017,0.45185313,0.54814684
2158_martinique-france,0.5621712,0.43782878
418_canada,0.45185357,0.5481464
965_central-asia,0.44921154,0.5507885
24258_geowiki-landcover-2017,0.5780726,0.42192736
4764_ile-de-france,0.32973096,0.6702691
288_tanzania-ceo,0.6809276,0.31907246
3489_ile-de-france,0.3297297,0.6702703
4549_ile-de-france,0.32973042,0.67026955
32640_geowiki-landcover-2017,0.45185483,0.5481452
3656_geowiki-landcover-2017,0.56216943,0.43783054
4372_geowiki-landcover-2017,0.56216896,0.43783104
13755_geowiki-landcover-2017,0.56217146,0.43782848
25590_geowiki-landcover-2017,0.57746285,0.42253712
1882_germany,0.4518547,0.5481453
1240_germany,0.3297318,0.67026824
1839_reunion-france,0.45185456,0.5481454
1220_geowiki-landcover-2017,0.5780753,0.42192474
6325_geowiki-landcover-2017,0.32972953,0.6702705
868_canada,0.32972947,0.6702705
1299_germany,0.32973164,0.67026836
1889_martinique-france,0.5621708,0.4378292
365_germany,0.45185497,0.548145
6794_canada,0.451854,0.548146
12334_geowiki-landcover-2017,0.45185426,0.5481458
1030_togo,0.5621726,0.4378274
122_reunion-france,0.5780746,0.42192543
2073_martinique-france,0.56217146,0.43782857
806_canada,0.3297296,0.67027044
3399_rwanda-ceo,0.57807434,0.42192566
360_rwanda-ceo,0.6757151,0.32428494
6371_canada,0.45185268,0.5481473
3204_rwanda-ceo,0.57807565,0.42192435
5935_canada,0.3297301,0.6702699
1332_canada,0.32972965,0.6702703
1765_central-asia,0.3297298,0.6702702
1659_ile-de-france,0.32973057,0.6702694
24879_geowiki-landcover-2017,0.5774621,0.42253792
4253_canada,0.45185438,0.54814565
2257_rwanda-ceo,0.7796428,0.22035721
22814_geowiki-landcover-2017,0.451854,0.548146
1820_ile-de-france,0.4518542,0.54814583
1204_martinique-france,0.5621714,0.43782857
921_tanzania-ceo,0.45185426,0.5481457
30705_geowiki-landcover-2017,0.45185265,0.5481473
21179_geowiki-landcover-2017,0.4518542,0.54814583
4255_ile-de-france,0.32973045,0.67026955
4702_geowiki-landcover-2017,0.32973385,0.67026615
529_canada,0.4518539,0.54814607
7602_geowiki-landcover-2017,0.45185414,0.54814583
127_rwanda-ceo,0.578074,0.42192608
14680_geowiki-landcover-2017,0.4518537,0.5481463
4056_ile-de-france,0.4518549,0.5481451
34460_geowiki-landcover-2017,0.3297335,0.6702665
32625_geowiki-landcover-2017,0.45185328,0.5481467
256_ethiopia,0.67860323,0.32139683
14937_geowiki-landcover-2017,0.56217074,0.43782932
5012_ile-de-france,0.44921023,0.5507897
13935_geowiki-landcover-2017,0.4518541,0.5481459
17538_geowiki-landcover-2017,0.5780747,0.4219253
14258_geowiki-landcover-2017,0.56217337,0.43782663
1558_canada,0.45185372,0.54814625
1537_kenya-non-crop,0.5621702,0.43782985
22420_geowiki-landcover-2017,0.5780747,0.4219253
1193_canada,0.4518539,0.54814607
908_germany,0.45185405,0.54814595
880_rwanda-ceo,0.44983214,0.55016786
2395_central-asia,0.3297315,0.6702685
9740_geowiki-landcover-2017,0.5621702,0.43782976
302_tanzania,0.5780752,0.42192486
1892_canada,0.32972956,0.6702705
1877_tanzania-ceo,0.69432175,0.30567828
2049_rwanda-ceo,0.57808423,0.4219158
2550_geowiki-landcover-2017,0.56217134,0.43782872
2909_canada,0.32972986,0.67027014
4035_geowiki-landcover-2017,0.5621701,0.4378299
6886_canada,0.3297313,0.6702687
578_ile-de-france,0.45185387,0.5481461
1228_kenya-non-crop,0.680382,0.31961802
11976_geowiki-landcover-2017,0.57807475,0.42192528
18585_geowiki-landcover-2017,0.3297362,0.67026377
9383_geowiki-landcover-2017,0.56217057,0.43782946
7329_canada,0.45185176,0.5481482
134_martinique-france,0.56217116,0.43782887
28680_geowiki-landcover-2017,0.57807523,0.42192474
29901_geowiki-landcover-2017,0.45185477,0.54814523
30596_geowiki-landcover-2017,0.69432646,0.30567357
3488_ile-de-france,0.32973012,0.6702699
28010_geowiki-landcover-2017,0.44983605,0.550164
25439_geowiki-landcover-2017,0.32972988,0.6702701
33106_geowiki-landcover-2017,0.5780695,0.42193052
3434_central-asia,0.45185384,0.5481462
689_lem-brazil,0.5774628,0.4225372
4441_croplands,0.45185408,0.5481459
2881_geowiki-landcover-2017,0.56217074,0.43782932
3749_central-asia,0.32972986,0.67027014
1820_germany,0.4518547,0.5481453
5929_canada,0.32972977,0.67027026
2440_germany,0.32974336,0.6702566
10535_croplands,0.32973635,0.67026365
4365_central-asia,0.32973012,0.67026985
4118_ile-de-france,0.32973078,0.6702692
14256_geowiki-landcover-2017,0.44983158,0.55016845
83_mali,0.56217074,0.43782932
4643_canada,0.32972947,0.67027056
5024_ile-de-france,0.32973024,0.6702698
3887_central-asia,0.32972988,0.6702701
28084_geowiki-landcover-2017,0.5780748,0.42192516
214_tanzania-rice-ecaas,0.32993087,0.6700691
32355_geowiki-landcover-2017,0.5774526,0.42254743
434_reunion-france,0.45186415,0.5481359
13361_geowiki-landcover-2017,0.44983184,0.55016816
31841_geowiki-landcover-2017,0.32973027,0.6702697
242_ile-de-france,0.32973033,0.67026967
4668_canada,0.45184523,0.5481548
2752_central-asia,0.32973033,0.67026967
1029_reunion-france,0.45185426,0.5481457
22424_geowiki-landcover-2017,0.45185396,0.54814607
2079_germany,0.32973108,0.6702689
954_ile-de-france,0.32973546,0.67026454
15599_geowiki-landcover-2017,0.4518544,0.5481456
5722_geowiki-landcover-2017,0.5774626,0.42253733
6531_geowiki-landcover-2017,0.45185542,0.5481446
24587_geowiki-landcover-2017,0.5780747,0.42192534
14703_croplands,0.32973003,0.67026997
62_canada,0.32982168,0.6701783
4056_central-asia,0.32972977,0.67027026
2943_canada,0.32972986,0.67027014
614_reunion-france,0.5780754,0.42192465
134_tanzania-rice-ecaas,0.44983134,0.5501687
2379_tanzania-ceo,0.57807475,0.42192522
4602_croplands,0.32973036,0.6702696
3264_rwanda-ceo,0.69432694,0.30567306
748_canada,0.32973075,0.67026925
1775_tanzania-ceo,0.4498025,0.5501975
12076_geowiki-landcover-2017,0.45185357,0.5481464
288_martinique-france,0.5621714,0.43782863
5794_canada,0.32972962,0.6702704
671_kenya-non-crop,0.6809257,0.31907424
2914_canada,0.32972965,0.6702703
8590_geowiki-landcover-2017,0.6809262,0.31907377
21582_geowiki-landcover-2017,0.578075,0.421925
32423_geowiki-landcover-2017,0.45185035,0.54814965
6443_canada,0.3297296,0.67027044
6067_ile-de-france,0.44921044,0.5507896
1262_mali-helmets-labelling-crops,0.56217086,0.43782914
27093_geowiki-landcover-2017,0.577463,0.422537
0_kenya-non-crop,0.6809276,0.31907243
2943_rwanda-ceo,0.68092734,0.3190727
471_tanzania-ceo,0.57546854,0.42453146
757_ethiopia,0.6786029,0.32139707
27610_geowiki-landcover-2017,0.45185447,0.54814553
4363_central-asia,0.32972986,0.67027014
28207_geowiki-landcover-2017,0.4338284,0.5661716
15837_geowiki-landcover-2017,0.4518547,0.5481453
4_geowiki-landcover-2017,0.69432503,0.305675
25307_geowiki-landcover-2017,0.45185375,0.54814625
537_tanzania-ceo,0.4518539,0.54814607
777_mali-helmets-labelling-crops,0.43382865,0.56617135
1725_rwanda-ceo,0.57807577,0.42192426
12862_geowiki-landcover-2017,0.6809275,0.3190725
769_togo,0.56217164,0.43782842
2515_ile-de-france,0.32973003,0.67026997
22005_geowiki-landcover-2017,0.6803631,0.3196369
15958_geowiki-landcover-2017,0.68092614,0.31907386
78_martinique-france,0.5621703,0.4378297
30605_geowiki-landcover-2017,0.45185426,0.5481458
1718_reunion-france,0.45185483,0.5481452
25153_geowiki-landcover-2017,0.5774356,0.42256442
2003_kenya-non-crop,0.5621709,0.43782908
63_mali-helmets-labelling-crops,0.5621708,0.4378292
5071_central-asia,0.32973078,0.6702692
7879_geowiki-landcover-2017,0.5621709,0.4378291
1332_central-asia,0.45185417,0.54814583
4808_ile-de-france,0.3297299,0.67027
1456_mali-helmets-labelling-crops,0.56217116,0.43782887
2076_rwanda-ceo,0.5780748,0.42192522
18403_geowiki-landcover-2017,0.44983163,0.5501684
1879_reunion-france,0.57807404,0.42192596
5579_canada,0.3297296,0.67027044
841_reunion-france,0.578076,0.42192402
606_germany,0.45185447,0.54814553
17035_geowiki-landcover-2017,0.45185366,0.54814637
1320_geowiki-landcover-2017,0.5780759,0.42192417
705_lem-brazil,0.4492068,0.55079323
10022_geowiki-landcover-2017,0.5774675,0.42253247
5817_canada,0.32972997,0.67027
981_ile-de-france,0.3297297,0.67027026
3090_croplands,0.44983214,0.55016786
13925_geowiki-landcover-2017,0.57806325,0.4219367
8188_geowiki-landcover-2017,0.5621704,0.43782958
1213_reunion-france,0.45185474,0.5481453
4883_canada,0.32972947,0.67027056
6152_ile-de-france,0.32972962,0.6702704
2531_ile-de-france,0.32973036,0.6702696
1235_mali-helmets-labelling-crops,0.5621709,0.43782905
656_mali-helmets-labelling-crops,0.5621708,0.43782917
32711_geowiki-landcover-2017,0.32973024,0.6702698
506_germany,0.4518548,0.5481452
22535_geowiki-landcover-2017,0.57815474,0.42184526
1619_germany,0.44921097,0.550789
6146_geowiki-landcover-2017,0.57807547,0.42192456
256_mali-helmets-labelling-crops,0.43382865,0.56617135
11168_geowiki-landcover-2017,0.5621724,0.4378276
27836_geowiki-landcover-2017,0.57746273,0.42253724
78_sudan,0.43383017,0.56616986
6006_canada,0.32972953,0.6702705
847_geowiki-landcover-2017,0.5621712,0.43782878
5448_geowiki-landcover-2017,0.5621631,0.43783692
433_tanzania-rice-ecaas,0.32973114,0.6702689
1351_martinique-france,0.56217134,0.43782863
429_martinique-france,0.56217104,0.43782896
323_togo,0.56217104,0.43782896
7532_geowiki-landcover-2017,0.32972962,0.6702704
731_ile-de-france,0.3297305,0.6702695
600_lem-brazil,0.45186746,0.54813254
4446_central-asia,0.3297304,0.6702696
661_kenya-non-crop,0.6809257,0.31907424
35664_geowiki-landcover-2017,0.5621705,0.43782955
6914_geowiki-landcover-2017,0.5621709,0.43782902
865_mali-helmets-labelling-crops,0.5621497,0.4378503
2573_canada,0.45185384,0.5481461
5301_canada,0.45185483,0.5481452
3324_ile-de-france,0.32973173,0.67026824
29211_geowiki-landcover-2017,0.3297296,0.67027044
3059_rwanda-ceo,0.4498332,0.5501667
1147_geowiki-landcover-2017,0.5780743,0.4219257
3270_central-asia,0.32973,0.67027
28756_geowiki-landcover-2017,0.45185384,0.5481462
14929_croplands,0.3297301,0.6702699
615_reunion-france,0.5751317,0.42486823
3801_geowiki-landcover-2017,0.5621701,0.4378299
29153_geowiki-landcover-2017,0.45185384,0.5481462
14986_geowiki-landcover-2017,0.5621706,0.4378294
1968_ile-de-france,0.32973054,0.6702695
796_kenya-non-crop,0.6809269,0.3190731
4621_canada,0.32972988,0.67027014
4822_canada,0.32972935,0.6702706
4558_canada,0.3297299,0.67027
71_lem-brazil,0.32973033,0.67026967
1755_geowiki-landcover-2017,0.44985217,0.55014783
950_mali-helmets-labelling-crops,0.56215763,0.4378424
1806_central-asia,0.3297337,0.67026633
601_kenya-non-crop,0.6809267,0.31907338
2313_rwanda-ceo,0.57807523,0.42192477
389_tanzania-rice-ecaas,0.33409005,0.66591
733_canada,0.32973492,0.67026514
2110_central-asia,0.32973114,0.6702689
653_canada,0.32972988,0.6702701
3789_central-asia,0.4518539,0.54814607
2351_rwanda-ceo,0.69432634,0.30567366
31337_geowiki-landcover-2017,0.5621705,0.43782955
13479_geowiki-landcover-2017,0.5621714,0.4378286
15843_geowiki-landcover-2017,0.449832,0.550168
27038_geowiki-landcover-2017,0.5621694,0.4378306
519_kenya-non-crop,0.680932,0.319068
21226_geowiki-landcover-2017,0.5780743,0.42192572
3042_ile-de-france,0.32973057,0.6702694
13521_geowiki-landcover-2017,0.5774631,0.4225369
18738_geowiki-landcover-2017,0.4518534,0.54814655
1376_croplands,0.56217104,0.43782902
704_mali-helmets-labelling-crops,0.562171,0.43782902
3218_central-asia,0.32972997,0.67027
2118_reunion-france,0.45185477,0.5481453
1466_tanzania-ceo,0.5780747,0.4219253
320_tanzania,0.68092173,0.31907824
35523_geowiki-landcover-2017,0.45185435,0.5481457
665_tanzania-rice-ecaas,0.3297307,0.6702693
30584_geowiki-landcover-2017,0.32972944,0.67027056
23815_geowiki-landcover-2017,0.4518539,0.5481461
12153_geowiki-landcover-2017,0.5774631,0.4225369
26297_geowiki-landcover-2017,0.56217057,0.43782943
2298_rwanda-ceo,0.6809269,0.31907308
2436_kenya-non-crop,0.56217074,0.43782932
3774_ile-de-france,0.32973117,0.67026883
1186_reunion-france,0.45186654,0.54813343
598_rwanda-ceo,0.57807523,0.42192474
4673_geowiki-landcover-2017,0.5621689,0.43783113
3532_geowiki-landcover-2017,0.56217116,0.43782887
8758_geowiki-landcover-2017,0.45185408,0.5481459
31941_geowiki-landcover-2017,0.45185652,0.5481435
751_rwanda-ceo,0.6809487,0.3190513
4810_canada,0.32972947,0.67027056
2304_tanzania-ceo,0.45185438,0.54814565
475_martinique-france,0.5621706,0.4378294
221_tanzania,0.45186448,0.5481355
820_mali-helmets-labelling-crops,0.43382913,0.56617093
3509_central-asia,0.451853,0.54814696
1777_martinique-france,0.5621715,0.43782845
424_croplands,0.45185447,0.54814553
30689_geowiki-landcover-2017,0.45185405,0.54814595
5076_canada,0.32972988,0.6702701
793_togo,0.4338304,0.56616956
7547_geowiki-landcover-2017,0.45185247,0.54814756
277_canada,0.4518539,0.54814607
7252_geowiki-landcover-2017,0.5774632,0.42253676
2685_ile-de-france,0.4518534,0.54814655
23684_geowiki-landcover-2017,0.5780746,0.42192537
264_central-asia,0.32973117,0.6702689
22072_geowiki-landcover-2017,0.32972968,0.6702703
9793_geowiki-landcover-2017,0.32972986,0.67027014
3497_croplands,0.32973036,0.6702696
2130_canada,0.5774632,0.42253682
12067_geowiki-landcover-2017,0.57807475,0.42192525
1736_rwanda-ceo,0.6942929,0.30570704
20246_geowiki-landcover-2017,0.45185405,0.54814595
1277_martinique-france,0.5621527,0.43784726
4899_croplands,0.4506924,0.54930764
33433_geowiki-landcover-2017,0.45185477,0.54814523
1696_ile-de-france,0.32973084,0.6702692
1629_central-asia,0.45185256,0.54814744
278_reunion-france,0.5780696,0.42193037
6241_canada,0.32973084,0.6702692
16807_geowiki-landcover-2017,0.3297299,0.67027
23811_geowiki-landcover-2017,0.5621705,0.43782946
4690_central-asia,0.4518542,0.54814583
3685_geowiki-landcover-2017,0.5621706,0.43782932
176_reunion-france,0.5780752,0.4219249
15658_geowiki-landcover-2017,0.5621716,0.43782842
14153_croplands,0.43382615,0.5661739
319_geowiki-landcover-2017,0.69432694,0.3056731
1358_croplands,0.5621705,0.43782946
12396_geowiki-landcover-2017,0.57807297,0.42192703
388_canada,0.45185354,0.5481464
1127_martinique-france,0.5621713,0.43782872
2043_rwanda-ceo,0.5780772,0.42192283
2483_geowiki-landcover-2017,0.6803816,0.3196184
26998_geowiki-landcover-2017,0.5780746,0.42192537
14701_geowiki-landcover-2017,0.5621706,0.43782932
629_tanzania-rice-ecaas,0.45185512,0.5481448
4832_croplands,0.3297343,0.67026573
30506_geowiki-landcover-2017,0.32973033,0.67026967
4025_ile-de-france,0.32973796,0.6702621
23274_geowiki-landcover-2017,0.45185387,0.5481461
10726_croplands,0.3297352,0.6702648
891_ile-de-france,0.32973066,0.6702693
29221_geowiki-landcover-2017,0.32973042,0.67026955
10150_croplands,0.4518571,0.5481429
640_mali-helmets-labelling-crops,0.56174856,0.43825147
17294_geowiki-landcover-2017,0.6803818,0.31961823
18_tanzania-ceo,0.57746255,0.42253742
499_kenya-non-crop,0.6809267,0.3190733
2084_tanzania-ceo,0.5780802,0.4219198
1315_kenya-non-crop,0.6811553,0.31884465
468_germany,0.45185497,0.548145
2922_canada,0.32973135,0.67026865
791_martinique-france,0.56217253,0.4378275
901_geowiki-landcover-2017,0.69432664,0.30567333
784_togo,0.5621705,0.43782946
1518_ile-de-france,0.4518539,0.5481461
5353_geowiki-landcover-2017,0.4518537,0.54814637
3352_canada,0.45185384,0.5481462
3692_geowiki-landcover-2017,0.5621704,0.4378296
772_central-asia,0.3297307,0.6702693
10604_croplands,0.32973173,0.67026824
3221_rwanda-ceo,0.68092746,0.31907254
4187_geowiki-landcover-2017,0.32972983,0.67027014
7638_canada,0.3297296,0.67027044
550_geowiki-landcover-2017,0.5780747,0.4219253
10292_geowiki-landcover-2017,0.5780755,0.4219244
2526_ile-de-france,0.32973063,0.67026937
1016_togo,0.5621712,0.43782872
987_martinique-france,0.5621715,0.43782842
186_croplands,0.45185384,0.5481461
12106_geowiki-landcover-2017,0.45185366,0.54814637
714_lem-brazil,0.57746345,0.42253652
1799_reunion-france,0.45185438,0.54814565
323_canada,0.45185408,0.5481459
1710_tanzania-ceo,0.45185205,0.548148
4124_central-asia,0.4518543,0.5481457
1884_ile-de-france,0.3297302,0.6702698
5019_ile-de-france,0.32972988,0.6702701
16347_geowiki-landcover-2017,0.5621715,0.43782848
1492_canada,0.45185456,0.5481455
32243_geowiki-landcover-2017,0.5774622,0.4225378
712_togo,0.5621711,0.43782887
402_ile-de-france,0.3297302,0.67026985
10288_geowiki-landcover-2017,0.451784,0.548216
4712_central-asia,0.32972997,0.67027
1029_germany,0.32973057,0.6702694
20543_geowiki-landcover-2017,0.5780741,0.4219259
1302_tanzania-ceo,0.57746357,0.4225364
25691_geowiki-landcover-2017,0.45185405,0.548146
1573_central-asia,0.3297305,0.6702695
2098_rwanda-ceo,0.6943144,0.3056856
2_geowiki-landcover-2017,0.5774632,0.42253676
2121_martinique-france,0.5621717,0.4378283
16113_geowiki-landcover-2017,0.5780748,0.42192513
13257_geowiki-landcover-2017,0.56217194,0.43782803
33_ethiopia,0.68092644,0.3190736
134_rwanda-ceo,0.4498318,0.5501682
125_tanzania-rice-ecaas,0.4498307,0.5501693
27010_geowiki-landcover-2017,0.45185417,0.54814583
1594_tanzania-ceo,0.45185456,0.5481455
1096_central-asia,0.32973173,0.67026824
4839_ile-de-france,0.4518546,0.5481454
1267_martinique-france,0.5621714,0.43782863
13074_croplands,0.44983158,0.5501684
18756_geowiki-landcover-2017,0.5780736,0.4219264
671_togo,0.43382904,0.56617093
5373_ile-de-france,0.45185363,0.54814637
4298_ile-de-france,0.45185474,0.5481453
830_lem-brazil,0.44921854,0.5507815
2040_tanzania-ceo,0.69432557,0.3056745
7207_geowiki-landcover-2017,0.5780648,0.42193517
1276_central-asia,0.3297307,0.6702693
13409_geowiki-landcover-2017,0.5621704,0.43782955
296_tanzania-rice-ecaas,0.44983137,0.55016863
2034_reunion-france,0.45185387,0.5481461
16708_geowiki-landcover-2017,0.5621708,0.43782917
4988_canada,0.32974166,0.67025834
1990_kenya-non-crop,0.56217086,0.43782914
1063_geowiki-landcover-2017,0.5779864,0.42201355
3744_central-asia,0.45185426,0.5481457
905_reunion-france,0.6943253,0.30567464
2354_central-asia,0.329734,0.67026603
5354_geowiki-landcover-2017,0.4518537,0.5481463
4398_croplands,0.45185447,0.54814553
4835_ile-de-france,0.5774552,0.42254472
30058_geowiki-landcover-2017,0.5780735,0.42192656
3301_rwanda-ceo,0.5754698,0.42453027
3294_rwanda-ceo,0.6809267,0.3190733
2283_rwanda-ceo,0.4498324,0.5501676
1192_martinique-france,0.5621709,0.43782905
2844_ile-de-france,0.45185477,0.54814523
32141_geowiki-landcover-2017,0.45185268,0.5481473
33276_geowiki-landcover-2017,0.4518534,0.54814655
712_ile-de-france,0.32973078,0.6702692
599_mali-helmets-labelling-crops,0.56217086,0.4378291
2060_reunion-france,0.45185423,0.5481458
1489_reunion-france,0.5768812,0.42311883
3256_central-asia,0.32972988,0.6702701
4705_geowiki-landcover-2017,0.68038166,0.3196183
1809_canada,0.3297298,0.6702702
32559_geowiki-landcover-2017,0.45185396,0.54814607
2337_rwanda-ceo,0.6943258,0.30567425
5192_central-asia,0.32973,0.67026997
1167_ile-de-france,0.45185483,0.5481452
189_ethiopia,0.56015944,0.43984058
2312_reunion-france,0.57746255,0.42253745
6834_croplands,0.32973096,0.6702691
2552_geowiki-landcover-2017,0.5621705,0.43782955
2169_ile-de-france,0.4518547,0.5481453
3447_canada,0.45189545,0.5481046
2280_ile-de-france,0.32972997,0.67027
2506_germany,0.4518544,0.54814553
5800_ile-de-france,0.32973108,0.67026895
2588_geowiki-landcover-2017,0.5621698,0.43783024
10607_croplands,0.32973439,0.6702656
1614_ile-de-france,0.45185497,0.54814506
6890_croplands,0.5780677,0.4219323
565_ethiopia,0.57808423,0.4219158
2183_kenya-non-crop,0.5621621,0.43783787
5057_ile-de-france,0.32973135,0.67026865
1236_martinique-france,0.5621709,0.43782908
2414_germany,0.4518539,0.54814607
532_ile-de-france,0.32973033,0.67026967
3791_central-asia,0.45185447,0.54814553
2255_rwanda-ceo,0.5780747,0.42192534
2068_canada,0.3297296,0.67027044
28649_geowiki-landcover-2017,0.32972983,0.67027014
1586_rwanda-ceo,0.6943265,0.30567348
763_ethiopia,0.7796428,0.22035722
31727_geowiki-landcover-2017,0.32973018,0.67026985
5783_geowiki-landcover-2017,0.4518556,0.5481444
514_mali-helmets-labelling-crops,0.43382877,0.5661712
528_kenya-non-crop,0.6809271,0.3190729
13411_geowiki-landcover-2017,0.57746285,0.42253712
4388_croplands,0.451854,0.548146
625_tanzania-ceo,0.57801443,0.42198557
5803_croplands,0.5774619,0.42253804
4_togo,0.5621706,0.4378294
18516_geowiki-landcover-2017,0.5780739,0.42192608
3284_canada,0.5780737,0.42192632
1616_tanzania-ceo,0.44982997,0.55017
3308_rwanda-ceo,0.57807547,0.42192453
501_ile-de-france,0.4518542,0.54814583
1831_canada,0.32972997,0.67027
499_tanzania-rice-ecaas,0.5774623,0.42253768
6185_geowiki-landcover-2017,0.45185426,0.5481458
28022_geowiki-landcover-2017,0.45185438,0.54814565
6374_canada,0.4518532,0.5481468
954_geowiki-landcover-2017,0.578075,0.421925
31222_geowiki-landcover-2017,0.45185283,0.54814714
5548_geowiki-landcover-2017,0.45185354,0.5481464
4865_central-asia,0.32974955,0.6702505
1517_reunion-france,0.5780753,0.42192465
1619_martinique-france,0.680921,0.319079
1031_tanzania-ceo,0.45185462,0.54814535
18600_geowiki-landcover-2017,0.5774743,0.4225257
1090_tanzania-ceo,0.5780753,0.42192468
21663_geowiki-landcover-2017,0.56217116,0.43782887
4417_central-asia,0.32972994,0.67027
687_central-asia,0.32973024,0.6702698
2751_ile-de-france,0.3297305,0.6702695
1467_mali-helmets-labelling-crops,0.43382874,0.5661713
905_rwanda-ceo,0.68093115,0.31906885
18432_geowiki-landcover-2017,0.6803818,0.31961823
20964_geowiki-landcover-2017,0.41367832,0.58632165
22032_geowiki-landcover-2017,0.4518547,0.5481453
41_zimbabwe,0.32973048,0.6702695
30291_geowiki-landcover-2017,0.56217104,0.437829
99_tanzania-rice-ecaas,0.44982716,0.55017287
4422_ile-de-france,0.32973015,0.67026985
21303_geowiki-landcover-2017,0.57807523,0.42192474
2282_canada,0.4518529,0.54814714
6735_canada,0.45185488,0.5481451
1706_ile-de-france,0.3297305,0.6702695
197_geowiki-landcover-2017,0.43382952,0.56617045
2098_germany,0.3297304,0.6702696
28162_geowiki-landcover-2017,0.5774614,0.42253858
4871_ile-de-france,0.3297307,0.6702693
3780_central-asia,0.4518542,0.54814583
19338_geowiki-landcover-2017,0.57807523,0.42192474
1643_tanzania-ceo,0.5780858,0.42191422
51_central-asia,0.32972968,0.6702703
949_ile-de-france,0.5774202,0.4225798
63_kenya,0.6809266,0.31907338
4531_central-asia,0.451854,0.548146
3950_geowiki-landcover-2017,0.45185462,0.54814535
3356_geowiki-landcover-2017,0.5621712,0.43782875
1925_geowiki-landcover-2017,0.45185336,0.5481466
32214_geowiki-landcover-2017,0.4518546,0.5481454
3946_ile-de-france,0.3297303,0.6702697
4402_croplands,0.32973078,0.6702692
1619_ile-de-france,0.3297303,0.6702697
433_reunion-france,0.6943209,0.30567908
269_reunion-france,0.45185405,0.54814595
12944_geowiki-landcover-2017,0.57807356,0.42192644
2006_canada,0.45185357,0.5481464
641_martinique-france,0.56217134,0.4378287
6584_geowiki-landcover-2017,0.4518544,0.5481456
14062_croplands,0.45183536,0.54816467
239_ethiopia,0.55954176,0.4404582
21100_geowiki-landcover-2017,0.45185506,0.54814494
3279_ile-de-france,0.3297299,0.67027
8183_geowiki-landcover-2017,0.5780752,0.42192486
18916_geowiki-landcover-2017,0.57807493,0.4219251
3408_geowiki-landcover-2017,0.5621714,0.4378286
1437_tanzania-ceo,0.69432586,0.3056742
3487_ile-de-france,0.32973066,0.6702693
12591_geowiki-landcover-2017,0.45185593,0.5481441
45_geowiki-landcover-2017,0.5780696,0.4219304
1053_germany,0.45185375,0.54814625
23480_geowiki-landcover-2017,0.57807475,0.42192528
840_rwanda-ceo,0.68092716,0.3190728
2283_ile-de-france,0.32973072,0.67026925
1080_ile-de-france,0.32973045,0.67026955
26882_geowiki-landcover-2017,0.5780741,0.42192593
5787_canada,0.4518534,0.5481466
13790_geowiki-landcover-2017,0.4518537,0.54814625
2822_rwanda-ceo,0.680927,0.319073
3881_central-asia,0.3297299,0.67027
6702_canada,0.45185456,0.5481454
4388_ile-de-france,0.32973114,0.6702689
6777_croplands,0.578075,0.42192504
1957_central-asia,0.32973012,0.67026985
7580_canada,0.32972988,0.67027014
21434_geowiki-landcover-2017,0.5780747,0.4219253
3978_canada,0.32972997,0.67027
23122_geowiki-landcover-2017,0.45185712,0.54814285
412_kenya-non-crop,0.6809263,0.3190737
4704_croplands,0.3297566,0.67024344
1272_tanzania-ceo,0.44984376,0.55015624
11170_geowiki-landcover-2017,0.57512796,0.424872
11918_geowiki-landcover-2017,0.5621709,0.43782905
3662_central-asia,0.32972988,0.6702701
4046_central-asia,0.45185423,0.5481458
6223_geowiki-landcover-2017,0.32973707,0.670263
533_canada,0.45185393,0.54814607
6532_geowiki-landcover-2017,0.45185438,0.54814565
25034_geowiki-landcover-2017,0.56217134,0.4378287
7529_geowiki-landcover-2017,0.43382883,0.56617117
14781_geowiki-landcover-2017,0.68080145,0.31919852
585_mali-helmets-labelling-crops,0.5613788,0.4386212
1370_canada,0.45185354,0.5481464
26_lem-brazil,0.57674354,0.42325646
1279_mali-helmets-labelling-crops,0.43382874,0.5661713
33641_geowiki-landcover-2017,0.32972944,0.67027056
3086_geowiki-landcover-2017,0.68038213,0.3196179
25948_geowiki-landcover-2017,0.45185688,0.54814315
6511_geowiki-landcover-2017,0.33796275,0.66203725
33399_geowiki-landcover-2017,0.45185402,0.548146
2308_rwanda-ceo,0.6943267,0.30567327
1137_mali-helmets-labelling-crops,0.5621704,0.43782958
605_tanzania-ceo,0.57807547,0.4219245
1571_martinique-france,0.5621713,0.43782872
9019_geowiki-landcover-2017,0.57807493,0.42192504
1532_kenya-non-crop,0.5621704,0.4378296
5396_ile-de-france,0.32973,0.67026997
20393_geowiki-landcover-2017,0.57807446,0.42192554
4738_central-asia,0.32973036,0.6702696
2969_geowiki-landcover-2017,0.43383345,0.5661666
6953_geowiki-landcover-2017,0.45185313,0.54814684
472_ethiopia,0.4338294,0.56617063
3096_rwanda-ceo,0.55753905,0.44246095
1727_martinique-france,0.56210595,0.4378941
674_rwanda-ceo,0.57807505,0.42192492
1679_kenya-non-crop,0.77964234,0.22035764
27566_geowiki-landcover-2017,0.4518536,0.5481464
27174_geowiki-landcover-2017,0.43383744,0.5661625
24495_geowiki-landcover-2017,0.44983155,0.55016845
30929_geowiki-landcover-2017,0.45185375,0.54814625
3207_geowiki-landcover-2017,0.4338288,0.5661712
2361_rwanda-ceo,0.7796427,0.22035725
3328_ile-de-france,0.4518553,0.5481447
440_togo,0.5621715,0.43782845
5470_canada,0.57746345,0.42253652
21398_geowiki-landcover-2017,0.45185414,0.54814583
4404_ile-de-france,0.32973057,0.6702695
3954_canada,0.32972953,0.6702705
20408_geowiki-landcover-2017,0.45185483,0.5481452
510_kenya-non-crop,0.6786028,0.3213972
2390_geowiki-landcover-2017,0.56218016,0.43781984
17794_geowiki-landcover-2017,0.45185426,0.5481457
27178_geowiki-landcover-2017,0.56217116,0.43782884
248_sudan,0.5621706,0.4378294
9412_croplands,0.45185426,0.5481457
7693_geowiki-landcover-2017,0.45187706,0.54812294
20503_geowiki-landcover-2017,0.57807463,0.42192537
6066_geowiki-landcover-2017,0.32973355,0.67026645
1011_tanzania-ceo,0.5780747,0.4219253
27316_geowiki-landcover-2017,0.43382987,0.5661701
1103_rwanda-ceo,0.6808572,0.3191428
2303_central-asia,0.329731,0.67026895
6138_ile-de-france,0.3297307,0.6702693
3691_canada,0.45185348,0.54814655
31814_geowiki-landcover-2017,0.44921142,0.5507886
14945_croplands,0.32973012,0.67026985
47_mali,0.56217104,0.43782902
2862_canada,0.45184726,0.54815274
2581_rwanda-ceo,0.68092674,0.31907326
6416_canada,0.45185325,0.5481468
1843_central-asia,0.32973042,0.67026955
1963_tanzania-ceo,0.5774631,0.4225369
788_tanzania-rice-ecaas,0.45185426,0.5481458
1196_martinique-france,0.5621709,0.43782902
6743_geowiki-landcover-2017,0.6809262,0.31907377
2003_reunion-france,0.57809156,0.4219084
17587_geowiki-landcover-2017,0.577383,0.422617
1441_rwanda-ceo,0.68093574,0.3190643
58_tanzania-ceo,0.5780756,0.4219244
7_tanzania,0.44983184,0.5501682
33883_geowiki-landcover-2017,0.45185375,0.54814625
231_ethiopia,0.55954194,0.4404581
2591_geowiki-landcover-2017,0.6803817,0.31961828
7978_geowiki-landcover-2017,0.5621706,0.4378294
1764_geowiki-landcover-2017,0.5622362,0.43776375
70_mali-helmets-labelling-crops,0.43382934,0.56617063
620_reunion-france,0.4498327,0.55016726
10578_geowiki-landcover-2017,0.6940426,0.3059574
1999_martinique-france,0.56217164,0.43782833
2856_rwanda-ceo,0.69432604,0.30567393
6684_canada,0.32973796,0.67026204
4681_central-asia,0.32973042,0.67026955
1668_ile-de-france,0.32973093,0.6702691
36_croplands,0.5621706,0.43782932
9450_geowiki-landcover-2017,0.43382818,0.5661718
960_togo,0.5621711,0.43782887
1637_canada,0.3297296,0.67027044
9693_geowiki-landcover-2017,0.5621697,0.4378303
6252_canada,0.4518473,0.54815274
6919_canada,0.3297307,0.6702693
7631_geowiki-landcover-2017,0.45185435,0.54814565
10424_geowiki-landcover-2017,0.451854,0.548146
1169_ile-de-france,0.45185262,0.54814744
4768_geowiki-landcover-2017,0.56217104,0.437829
17395_geowiki-landcover-2017,0.5780747,0.42192537
784_reunion-france,0.694326,0.30567396
20690_geowiki-landcover-2017,0.56217146,0.43782857
1919_canada,0.45185408,0.5481459
760_canada,0.4518534,0.5481466
2650_rwanda-ceo,0.77963984,0.22036022
1790_reunion-france,0.5780747,0.4219253
800_togo,0.56116426,0.4388357
7182_geowiki-landcover-2017,0.5621712,0.43782872
538_geowiki-landcover-2017,0.6943258,0.30567423
13091_geowiki-landcover-2017,0.68075204,0.31924796
6852_canada,0.32973206,0.67026794
5905_ile-de-france,0.4518557,0.5481443
6113_ile-de-france,0.57746214,0.4225379
2581_ile-de-france,0.3297307,0.6702693
32579_geowiki-landcover-2017,0.4338288,0.56617117
2458_germany,0.4518543,0.5481457
1388_geowiki-landcover-2017,0.32973063,0.67026937
4727_ile-de-france,0.32972974,0.67027026
1369_martinique-france,0.5621713,0.43782872
2197_martinique-france,0.5621712,0.43782878
8784_geowiki-landcover-2017,0.4518541,0.5481459
2424_rwanda-ceo,0.5780747,0.4219253
1581_martinique-france,0.5621715,0.43782842
21876_geowiki-landcover-2017,0.68092644,0.3190735
1915_ile-de-france,0.32972997,0.67027
4976_ile-de-france,0.32972968,0.6702703
620_ethiopia,0.6809267,0.31907335
81_sudan,0.562171,0.43782902
14567_geowiki-landcover-2017,0.57807535,0.42192465
2037_canada,0.45185384,0.5481461
1695_geowiki-landcover-2017,0.7796427,0.22035725
145_lem-brazil,0.4518548,0.5481452
1313_kenya-non-crop,0.4518549,0.5481451
1363_geowiki-landcover-2017,0.45185402,0.548146
4048_central-asia,0.3297298,0.67027014
1924_geowiki-landcover-2017,0.6943257,0.30567434
15276_geowiki-landcover-2017,0.57546794,0.42453203
1791_tanzania-ceo,0.6943267,0.30567327
6847_canada,0.45185784,0.54814214
14033_geowiki-landcover-2017,0.57807404,0.421926
15430_geowiki-landcover-2017,0.4492351,0.55076486
613_ile-de-france,0.32973042,0.67026955
30974_geowiki-landcover-2017,0.3297527,0.6702473
17275_geowiki-landcover-2017,0.45185497,0.548145
295_tanzania-rice-ecaas,0.33018532,0.6698147
3810_canada,0.3297298,0.6702702
7380_geowiki-landcover-2017,0.45185313,0.5481469
68_tanzania-ceo,0.5780736,0.4219264
947_germany,0.45185426,0.5481457
2525_geowiki-landcover-2017,0.43382892,0.56617105
32356_geowiki-landcover-2017,0.45185566,0.54814434
1704_germany,0.45185536,0.54814464
1409_geowiki-landcover-2017,0.4518631,0.5481369
18167_geowiki-landcover-2017,0.56214064,0.43785936
3333_canada,0.4518535,0.5481465
2374_central-asia,0.3297302,0.6702698
13293_geowiki-landcover-2017,0.5621739,0.43782613
3720_canada,0.32972962,0.6702704
9550_croplands,0.45185322,0.5481468
139_mali-helmets-labelling-crops,0.43390417,0.5660958
4900_geowiki-landcover-2017,0.32973033,0.67026967
6664_canada,0.45185462,0.5481454
5183_central-asia,0.4518547,0.54814535
2633_reunion-france,0.5774786,0.42252135
6833_croplands,0.32973114,0.6702689
807_tanzania-ceo,0.6943259,0.30567414
29129_geowiki-landcover-2017,0.3297305,0.6702695
28514_geowiki-landcover-2017,0.562171,0.43782902
29809_geowiki-landcover-2017,0.45185336,0.5481466
161_ile-de-france,0.45185184,0.54814816
1340_martinique-france,0.56217104,0.437829
2252_croplands,0.32973,0.67026997
27504_geowiki-landcover-2017,0.56217086,0.43782914
8555_geowiki-landcover-2017,0.4518539,0.5481461
2041_reunion-france,0.45185456,0.5481455
199_kenya-non-crop,0.6809276,0.31907246
12295_geowiki-landcover-2017,0.6943221,0.3056779
719_ile-de-france,0.32972965,0.6702703
7317_canada,0.45185372,0.54814625
5993_ile-de-france,0.45185313,0.5481469
73_mali-non-crop,0.56217116,0.4378288
6885_croplands,0.44983187,0.5501681
1264_ile-de-france,0.32973033,0.67026967
3207_ile-de-france,0.32973126,0.6702687
14652_geowiki-landcover-2017,0.43382874,0.5661712
34836_geowiki-landcover-2017,0.45185396,0.54814607
32047_geowiki-landcover-2017,0.45185435,0.5481457
3828_canada,0.32972974,0.67027026
155_ile-de-france,0.32973257,0.67026746
1819_geowiki-landcover-2017,0.45185545,0.5481446
31886_geowiki-landcover-2017,0.45185354,0.5481464
25793_geowiki-landcover-2017,0.5780746,0.42192537
12027_geowiki-landcover-2017,0.45184726,0.54815274
30944_geowiki-landcover-2017,0.45185396,0.54814607
11297_croplands,0.44983113,0.55016893
132_uganda,0.6809181,0.31908193
2308_canada,0.4518539,0.5481461
459_central-asia,0.3297307,0.6702693
1699_martinique-france,0.56217194,0.43782812
9540_geowiki-landcover-2017,0.4518539,0.54814607
3372_canada,0.4518544,0.54814565
3501_ile-de-france,0.32973096,0.6702691
662_reunion-france,0.578076,0.42192402
3052_canada,0.5774632,0.42253676
4408_ile-de-france,0.32973078,0.6702692
910_geowiki-landcover-2017,0.5780577,0.4219423
7629_geowiki-landcover-2017,0.4338296,0.5661704
539_canada,0.45185384,0.5481461
30440_geowiki-landcover-2017,0.4518535,0.5481465
1898_reunion-france,0.5781344,0.4218656
4351_croplands,0.45185125,0.54814875
1347_croplands,0.5621702,0.43782976
25264_geowiki-landcover-2017,0.56217074,0.43782926
5201_central-asia,0.32973012,0.67026985
34206_geowiki-landcover-2017,0.43391058,0.56608945
2376_canada,0.45185366,0.54814637
558_ethiopia,0.44984022,0.55015975
9549_croplands,0.45184803,0.548152
1623_central-asia,0.32973084,0.6702692
63_canada,0.4518524,0.5481476
29361_geowiki-landcover-2017,0.4518542,0.54814583
270_ethiopia,0.6809269,0.31907302
27945_geowiki-landcover-2017,0.3297436,0.67025644
20419_geowiki-landcover-2017,0.45185384,0.5481461
276_mali-helmets-labelling-crops,0.56217116,0.43782887
647_kenya-non-crop,0.6809259,0.3190741
2902_ile-de-france,0.45185483,0.5481452
13591_geowiki-landcover-2017,0.56217116,0.43782887
17855_geowiki-landcover-2017,0.5780749,0.42192513
3535_ile-de-france,0.32973087,0.6702691
2830_rwanda-ceo,0.6809276,0.31907246
4731_croplands,0.3318801,0.6681199
25394_geowiki-landcover-2017,0.45185372,0.54814625
3472_geowiki-landcover-2017,0.68038136,0.31961867
14644_geowiki-landcover-2017,0.5621705,0.43782946
3379_central-asia,0.32972983,0.67027014
1800_rwanda-ceo,0.5780743,0.4219257
6406_geowiki-landcover-2017,0.45185384,0.5481462
1206_tanzania-ceo,0.5774639,0.42253613
6007_ile-de-france,0.45185384,0.5481462
351_ethiopia,0.68092626,0.3190737
701_mali-helmets-labelling-crops,0.43382844,0.5661716
775_lem-brazil,0.45185456,0.5481455
315_central-asia,0.4518563,0.54814374
313_geowiki-landcover-2017,0.5774709,0.42252907
4488_canada,0.32973006,0.67026997
3113_canada,0.32972977,0.67027026
678_croplands,0.43382832,0.5661717
2886_central-asia,0.3297317,0.67026836
37_lem-brazil,0.5774632,0.42253685
29591_geowiki-landcover-2017,0.56217,0.43782997
141_canada,0.45185322,0.5481468
14074_croplands,0.3297439,0.67025614
3511_ile-de-france,0.3297305,0.6702695
1055_rwanda-ceo,0.5780747,0.42192534
24564_geowiki-landcover-2017,0.5780747,0.42192534
1418_rwanda-ceo,0.6943268,0.30567324
3888_central-asia,0.32972986,0.67027014
11302_croplands,0.45187393,0.54812604
779_reunion-france,0.57807493,0.42192504
31299_geowiki-landcover-2017,0.5621708,0.4378292
24341_geowiki-landcover-2017,0.32972977,0.67027026
2486_ile-de-france,0.45158267,0.5484173
2819_central-asia,0.32973033,0.6702696
184_martinique-france,0.5621715,0.43782845
19583_geowiki-landcover-2017,0.5621704,0.4378296
22575_geowiki-landcover-2017,0.45185438,0.54814565
10019_croplands,0.44982594,0.5501741
25585_geowiki-landcover-2017,0.57807434,0.4219257
11192_geowiki-landcover-2017,0.5780752,0.42192486
382_sudan,0.6809188,0.31908122
5051_geowiki-landcover-2017,0.5780747,0.42192534
1522_rwanda-ceo,0.6809275,0.3190725
1405_martinique-france,0.56217116,0.43782884
17638_geowiki-landcover-2017,0.4518547,0.54814535
3613_ile-de-france,0.45185474,0.5481453
30216_geowiki-landcover-2017,0.6943271,0.30567288
802_togo,0.5621706,0.4378294
632_reunion-france,0.6943264,0.30567357
4329_ile-de-france,0.3297303,0.6702697
1491_mali-helmets-labelling-crops,0.5621702,0.43782985
4258_central-asia,0.3297306,0.6702694
1509_kenya-non-crop,0.6803818,0.31961817
5630_geowiki-landcover-2017,0.4518534,0.5481466
5711_ile-de-france,0.45185456,0.5481454
2404_geowiki-landcover-2017,0.5780759,0.42192408
32071_geowiki-landcover-2017,0.4520687,0.5479313
30420_geowiki-landcover-2017,0.45185375,0.54814625
30714_geowiki-landcover-2017,0.3297301,0.67026997
5898_canada,0.32973018,0.67026985
2575_ile-de-france,0.44921094,0.55078906
869_rwanda-ceo,0.6809267,0.3190733
117_central-asia,0.3297307,0.6702693
20287_geowiki-landcover-2017,0.3297298,0.67027014
4517_central-asia,0.4518542,0.54814583
3522_ile-de-france,0.45185247,0.54814756
14139_croplands,0.32973135,0.67026865
288_croplands,0.4338286,0.56617135
5102_canada,0.5774626,0.42253733
2059_germany,0.32972988,0.67027014
27775_geowiki-landcover-2017,0.45185405,0.548146
30625_geowiki-landcover-2017,0.5778952,0.42210475
27213_geowiki-landcover-2017,0.4518537,0.5481463
3017_ile-de-france,0.3297303,0.6702697
12499_croplands,0.45185885,0.5481411
25521_geowiki-landcover-2017,0.69432664,0.30567333
16107_geowiki-landcover-2017,0.4498315,0.55016845
2_uganda,0.68092686,0.31907317
5175_ile-de-france,0.45185465,0.54814535
690_canada,0.44921136,0.55078864
4647_ile-de-france,0.3297364,0.6702636
21130_geowiki-landcover-2017,0.45186058,0.54813945
32135_geowiki-landcover-2017,0.32972988,0.6702701
3557_rwanda-ceo,0.5780752,0.42192486
825_martinique-france,0.56217116,0.43782887
16334_geowiki-landcover-2017,0.5780742,0.42192578
950_geowiki-landcover-2017,0.44983178,0.5501682
4250_canada,0.32972986,0.67027014
5461_geowiki-landcover-2017,0.57807523,0.42192474
3313_central-asia,0.32973188,0.6702681
1643_martinique-france,0.6809269,0.31907314
19813_geowiki-landcover-2017,0.4518538,0.5481462
23295_geowiki-landcover-2017,0.4518542,0.54814583
26747_geowiki-landcover-2017,0.57746285,0.42253715
24036_geowiki-landcover-2017,0.45185447,0.54814553
1282_ile-de-france,0.3297305,0.6702695
5382_canada,0.45185345,0.54814655
3462_central-asia,0.32972988,0.67027014
33236_geowiki-landcover-2017,0.45185372,0.54814625
33352_geowiki-landcover-2017,0.32973036,0.6702696
29444_geowiki-landcover-2017,0.45185408,0.5481459
30582_geowiki-landcover-2017,0.45185462,0.5481454
3477_geowiki-landcover-2017,0.43382844,0.5661716
6307_geowiki-landcover-2017,0.4518539,0.5481461
14012_geowiki-landcover-2017,0.45185497,0.548145
5391_ile-de-france,0.32972986,0.67027014
2508_kenya-non-crop,0.6809187,0.3190813
4990_canada,0.4518537,0.54814625
162_ethiopia,0.56016093,0.43983904
2282_kenya-non-crop,0.56217116,0.43782884
155_canada,0.45185384,0.5481461
2134_ile-de-france,0.45185375,0.54814625
2025_kenya-non-crop,0.56217134,0.4378287
1045_geowiki-landcover-2017,0.68092734,0.3190727
2365_ile-de-france,0.3297298,0.67027014
29776_geowiki-landcover-2017,0.4518537,0.54814625
32218_geowiki-landcover-2017,0.45185447,0.54814553
100_ile-de-france,0.3297314,0.6702686
552_canada,0.45185384,0.5481461
23730_geowiki-landcover-2017,0.44983158,0.5501684
2656_geowiki-landcover-2017,0.5621715,0.43782848
16953_geowiki-landcover-2017,0.5621709,0.43782902
1639_martinique-france,0.5621711,0.43782887
6029_canada,0.577463,0.42253706
3076_central-asia,0.32973108,0.67026895
414_kenya-non-crop,0.6809266,0.3190734
2333_tanzania-ceo,0.4518534,0.5481466
28838_geowiki-landcover-2017,0.45185527,0.5481447
612_tanzania-rice-ecaas,0.44921377,0.5507862
792_lem-brazil,0.5774628,0.42253718
6643_geowiki-landcover-2017,0.4518565,0.54814357
10680_geowiki-landcover-2017,0.45185405,0.548146
4869_central-asia,0.45184943,0.5481506
368_tanzania-rice-ecaas,0.32977584,0.67022413
2475_ile-de-france,0.3297463,0.6702537
25541_geowiki-landcover-2017,0.45185426,0.5481458
5648_ile-de-france,0.451857,0.54814297
2377_geowiki-landcover-2017,0.5621704,0.43782958
1565_kenya-non-crop,0.5621686,0.43783143
34626_geowiki-landcover-2017,0.451854,0.548146
33660_geowiki-landcover-2017,0.3297302,0.67026985
714_reunion-france,0.69432676,0.30567327
1995_martinique-france,0.56217223,0.43782774
3535_central-asia,0.3297298,0.6702702
484_croplands,0.5621705,0.43782946
4312_croplands,0.3297305,0.6702695
10106_croplands,0.32973385,0.67026615
195_germany,0.45185485,0.5481451
3563_ile-de-france,0.32973072,0.67026925
164_togo,0.43384424,0.56615573
2066_canada,0.32972986,0.67027014
2301_canada,0.32972965,0.6702704
4229_canada,0.32973036,0.6702696
32256_geowiki-landcover-2017,0.5780747,0.42192534
1009_rwanda-ceo,0.6809267,0.31907338
5363_ile-de-france,0.3297297,0.6702703
27431_geowiki-landcover-2017,0.5621674,0.43783256
2962_rwanda-ceo,0.6809271,0.31907284
28397_geowiki-landcover-2017,0.6943265,0.30567348
3211_rwanda-ceo,0.5774674,0.4225326
16635_geowiki-landcover-2017,0.45185402,0.548146
811_canada,0.3297298,0.67027014
16471_geowiki-landcover-2017,0.6943259,0.30567402
2580_kenya-non-crop,0.44984764,0.55015236
3431_rwanda-ceo,0.6809268,0.31907323
3384_rwanda-ceo,0.5780746,0.42192543
20807_geowiki-landcover-2017,0.5621702,0.43782985
1146_tanzania-ceo,0.69432676,0.30567327
25589_geowiki-landcover-2017,0.451857,0.54814297
9516_croplands,0.32973045,0.67026955
52_geowiki-landcover-2017,0.4492117,0.55078834
31897_geowiki-landcover-2017,0.5780753,0.42192468
5976_ile-de-france,0.32972986,0.67027014
16550_geowiki-landcover-2017,0.57807505,0.4219249
26121_geowiki-landcover-2017,0.68092704,0.31907293
3846_geowiki-landcover-2017,0.45185384,0.5481462
29371_geowiki-landcover-2017,0.44983196,0.55016804
12110_geowiki-landcover-2017,0.5780745,0.4219255
37_kenya,0.68092674,0.3190733
1256_germany,0.32973045,0.6702695
6660_geowiki-landcover-2017,0.56217074,0.4378293
7108_canada,0.32972974,0.67027026
17543_geowiki-landcover-2017,0.45185354,0.5481465
1320_tanzania-ceo,0.6943253,0.30567467
20573_geowiki-landcover-2017,0.5777374,0.42226267
163_togo,0.43382907,0.56617093
4434_central-asia,0.32972977,0.67027026
17639_geowiki-landcover-2017,0.45185414,0.54814583
346_rwanda-ceo,0.68092686,0.31907317
78_mali-non-crop,0.43382916,0.5661709
23287_geowiki-landcover-2017,0.4518537,0.54814637
2252_rwanda-ceo,0.578075,0.42192504
20966_geowiki-landcover-2017,0.45182118,0.54817885
3344_canada,0.32973143,0.67026854
13724_geowiki-landcover-2017,0.5621709,0.4378291
5035_ile-de-france,0.45185533,0.54814464
10816_geowiki-landcover-2017,0.45185354,0.5481464
23084_geowiki-landcover-2017,0.45185485,0.5481451
2800_canada,0.45185414,0.54814583
319_togo,0.56217176,0.43782827
15983_geowiki-landcover-2017,0.57754165,0.42245838
1312_kenya-non-crop,0.6809269,0.31907308
12531_croplands,0.5621635,0.43783656
7124_geowiki-landcover-2017,0.45185375,0.54814625
3367_central-asia,0.32972974,0.67027026
5904_geowiki-landcover-2017,0.4518541,0.5481459
16158_geowiki-landcover-2017,0.57807505,0.4219249
3107_geowiki-landcover-2017,0.56217074,0.4378293
7251_canada,0.32973003,0.67026997
4167_canada,0.4518549,0.5481451
180_geowiki-landcover-2017,0.577458,0.422542
31006_geowiki-landcover-2017,0.4518521,0.5481479
518_kenya-non-crop,0.7796423,0.22035766
14786_geowiki-landcover-2017,0.56210625,0.43789378
24803_geowiki-landcover-2017,0.44921267,0.5507873
2378_ile-de-france,0.32973033,0.67026967
33308_geowiki-landcover-2017,0.3297296,0.67027044
464_ile-de-france,0.32973114,0.6702689
20140_geowiki-landcover-2017,0.57807666,0.42192337
5811_croplands,0.44921246,0.55078757
9436_geowiki-landcover-2017,0.5774637,0.42253628
35851_geowiki-landcover-2017,0.5621706,0.4378294
1733_reunion-france,0.45185578,0.5481442
195_canada,0.45185375,0.54814625
153_kenya,0.6809268,0.31907323
21017_geowiki-landcover-2017,0.32972986,0.67027014
20693_geowiki-landcover-2017,0.694328,0.305672
23470_geowiki-landcover-2017,0.57746285,0.42253718
4314_canada,0.4518537,0.5481463
10898_geowiki-landcover-2017,0.5621697,0.43783033
2412_kenya-non-crop,0.5621711,0.43782887
1123_germany,0.45185402,0.548146
1642_canada,0.32978556,0.6702145
561_lem-brazil,0.44937015,0.55062985
524_togo,0.43382898,0.56617105
1555_martinique-france,0.56217074,0.43782926
27683_geowiki-landcover-2017,0.5780746,0.42192546
8549_croplands,0.32972977,0.67027026
1268_martinique-france,0.5621714,0.43782863
28391_geowiki-landcover-2017,0.5621708,0.4378292
14129_geowiki-landcover-2017,0.5780745,0.42192551
1075_martinique-france,0.5621713,0.43782872
949_canada,0.32972965,0.6702703
34990_geowiki-landcover-2017,0.4518535,0.5481465
4804_canada,0.3297299,0.67027
8997_croplands,0.45185354,0.5481464
599_croplands,0.45185328,0.5481467
17492_geowiki-landcover-2017,0.5621827,0.43781734
4_ile-de-france,0.32973114,0.6702689
988_central-asia,0.4492116,0.5507884
508_rwanda-ceo,0.6943267,0.30567327
36_rwanda-ceo,0.4498408,0.55015916
317_tanzania-ceo,0.69430465,0.30569538
29162_geowiki-landcover-2017,0.45185396,0.54814607
3054_central-asia,0.32973015,0.67026985
1115_geowiki-landcover-2017,0.68092626,0.3190737
2389_tanzania-ceo,0.45185375,0.54814625
2556_ile-de-france,0.57745445,0.42254552
2601_canada,0.32972965,0.6702704
28769_geowiki-landcover-2017,0.32972997,0.67027
31400_geowiki-landcover-2017,0.5780745,0.42192546
4714_central-asia,0.32973,0.67026997
34261_geowiki-landcover-2017,0.5621711,0.43782887
1094_germany,0.45185617,0.54814386
34398_geowiki-landcover-2017,0.56217206,0.43782797
16762_geowiki-landcover-2017,0.5621719,0.43782815
4074_canada,0.45185325,0.5481468
114_canada,0.45185405,0.54814595
19_rwanda-ceo,0.6809272,0.3190728
11611_geowiki-landcover-2017,0.6943205,0.3056795
787_tanzania-ceo,0.57746357,0.42253637
22723_geowiki-landcover-2017,0.32972968,0.6702703
29702_geowiki-landcover-2017,0.45185754,0.5481425
16121_geowiki-landcover-2017,0.45185438,0.54814565
8514_croplands,0.45185205,0.548148
10293_geowiki-landcover-2017,0.578076,0.42192402
23751_geowiki-landcover-2017,0.4498315,0.55016845
15054_geowiki-landcover-2017,0.5780747,0.42192537
35303_geowiki-landcover-2017,0.4518542,0.54814583
5809_canada,0.3297297,0.6702703
2098_central-asia,0.32973152,0.6702684
70_tanzania-rice-ecaas,0.44982252,0.5501775
26_brazil-non-crop,0.45185426,0.5481457
4125_central-asia,0.32972997,0.67027
1451_martinique-france,0.56217045,0.43782955
16623_geowiki-landcover-2017,0.56217074,0.4378293
5590_geowiki-landcover-2017,0.5780746,0.42192543
953_togo,0.43382898,0.566171
30688_geowiki-landcover-2017,0.45185393,0.54814607
1948_martinique-france,0.5621706,0.4378294
23338_geowiki-landcover-2017,0.45185426,0.5481457
5734_canada,0.3297298,0.6702702
126_lem-brazil,0.5774591,0.4225409
753_martinique-france,0.56217116,0.43782887
592_tanzania-ceo,0.45189378,0.54810625
290_kenya-non-crop,0.68092656,0.3190734
32545_geowiki-landcover-2017,0.45185313,0.5481469
567_central-asia,0.32973096,0.6702691
33367_geowiki-landcover-2017,0.44921052,0.5507894
9103_croplands,0.3297295,0.67027056
4983_canada,0.44921094,0.55078906
60_mali,0.43382844,0.5661715
473_ile-de-france,0.32973206,0.67026794
1110_ile-de-france,0.57745975,0.4225402
18433_geowiki-landcover-2017,0.56217116,0.43782887
17667_geowiki-landcover-2017,0.45185485,0.5481451
495_ethiopia,0.68092614,0.3190738
8466_geowiki-landcover-2017,0.5774633,0.4225367
81_uganda,0.68092686,0.31907317
1632_geowiki-landcover-2017,0.57746345,0.42253658
16744_geowiki-landcover-2017,0.56217074,0.43782932
14797_geowiki-landcover-2017,0.5774633,0.4225367
997_ile-de-france,0.45185357,0.5481464
6336_canada,0.45185316,0.54814684
28823_geowiki-landcover-2017,0.5621707,0.43782932
19196_geowiki-landcover-2017,0.45185483,0.5481452
24737_geowiki-landcover-2017,0.5774628,0.42253718
1020_martinique-france,0.5621715,0.43782842
2854_central-asia,0.3297307,0.6702693
30319_geowiki-landcover-2017,0.45185423,0.5481458
17120_geowiki-landcover-2017,0.4518544,0.54814565
12807_geowiki-landcover-2017,0.56217116,0.43782884
2766_geowiki-landcover-2017,0.562171,0.43782902
4764_canada,0.4492114,0.5507886
7477_geowiki-landcover-2017,0.45185396,0.54814607
3662_canada,0.32972988,0.67027014
5251_ile-de-france,0.32973027,0.6702697
1083_kenya-non-crop,0.7796407,0.22035931
42_germany,0.32972974,0.67027026
26488_geowiki-landcover-2017,0.6943262,0.30567372
34558_geowiki-landcover-2017,0.57742697,0.42257306
29412_geowiki-landcover-2017,0.5074642,0.4925358
643_rwanda-ceo,0.57807505,0.42192492
10205_geowiki-landcover-2017,0.44983184,0.5501681
30903_geowiki-landcover-2017,0.4518537,0.54814625
1858_ile-de-france,0.3297297,0.6702703
3143_geowiki-landcover-2017,0.43383768,0.56616235
1707_kenya-non-crop,0.77964234,0.22035764
739_kenya-non-crop,0.6809264,0.31907362
639_kenya-non-crop,0.68092686,0.3190732
22_mali,0.43382967,0.56617033
6738_canada,0.4518534,0.54814655
1357_central-asia,0.3297318,0.67026824
2338_rwanda-ceo,0.68092734,0.31907266
3268_central-asia,0.3297298,0.67027014
20026_geowiki-landcover-2017,0.5780752,0.4219249
25665_geowiki-landcover-2017,0.5780752,0.4219249
4734_canada,0.32973027,0.6702697
5352_canada,0.45185295,0.5481471
2180_central-asia,0.45185456,0.5481455
18178_geowiki-landcover-2017,0.45185447,0.54814553
1514_reunion-france,0.4518541,0.5481459
1704_rwanda-ceo,0.4498354,0.55016464
27005_geowiki-landcover-2017,0.32973063,0.67026937
3237_geowiki-landcover-2017,0.5621696,0.43783042
5927_canada,0.32973114,0.6702689
312_canada,0.4518541,0.5481459
28102_geowiki-landcover-2017,0.4518537,0.54814637
2859_central-asia,0.32972968,0.6702703
720_central-asia,0.44921014,0.5507899
255_tanzania,0.45185837,0.5481416
6019_canada,0.32977703,0.670223
24999_geowiki-landcover-2017,0.5621564,0.43784362
1453_ile-de-france,0.32973394,0.6702661
786_ile-de-france,0.3297307,0.6702693
1084_croplands,0.5621715,0.43782848
32186_geowiki-landcover-2017,0.45185447,0.54814553
53_reunion-france,0.5780748,0.42192516
25126_geowiki-landcover-2017,0.5621766,0.43782339
2356_tanzania-ceo,0.5774628,0.42253718
29596_geowiki-landcover-2017,0.451859,0.54814094
34372_geowiki-landcover-2017,0.68091905,0.31908095
652_germany,0.45185548,0.5481446
31804_geowiki-landcover-2017,0.32973143,0.67026854
29358_geowiki-landcover-2017,0.45185336,0.5481466
2466_canada,0.45185375,0.54814625
1487_croplands,0.3297305,0.6702695
33314_geowiki-landcover-2017,0.45185477,0.5481453
5337_ile-de-france,0.32973075,0.67026925
1405_geowiki-landcover-2017,0.32973936,0.6702606
5334_ile-de-france,0.32973063,0.67026937
12815_geowiki-landcover-2017,0.5780753,0.42192468
7957_canada,0.45185375,0.54814625
1847_canada,0.32973033,0.67026967
1224_canada,0.32973188,0.6702681
4814_ile-de-france,0.32973078,0.6702692
983_kenya-non-crop,0.6809268,0.31907323
2618_reunion-france,0.5780748,0.42192516
9191_croplands,0.32973066,0.6702693
2170_central-asia,0.32973027,0.6702697
2291_kenya-non-crop,0.5621709,0.43782908
2135_ile-de-france,0.4518345,0.54816556
35763_geowiki-landcover-2017,0.56217116,0.43782887
569_rwanda-ceo,0.69432646,0.30567354
1180_germany,0.45185426,0.5481457
3110_geowiki-landcover-2017,0.5621706,0.43782935
409_martinique-france,0.5621714,0.43782857
3911_canada,0.32972997,0.67027
236_togo,0.43382812,0.5661719
473_togo,0.5621709,0.4378291
28_mali,0.5621705,0.43782955
26525_geowiki-landcover-2017,0.5780726,0.42192736
32431_geowiki-landcover-2017,0.32973096,0.6702691
12448_geowiki-landcover-2017,0.32972988,0.6702701
2695_central-asia,0.3297303,0.6702697
4636_central-asia,0.32973206,0.67026794
23855_geowiki-landcover-2017,0.4518536,0.5481464
374_ethiopia,0.56016076,0.43983927
26184_geowiki-landcover-2017,0.4518491,0.54815084
34391_geowiki-landcover-2017,0.56217134,0.43782872
2090_geowiki-landcover-2017,0.6809269,0.31907314
17995_geowiki-landcover-2017,0.45185518,0.5481448
809_ethiopia,0.43383276,0.56616724
1985_tanzania-ceo,0.6943252,0.30567482
31485_geowiki-landcover-2017,0.4518543,0.5481457
3941_geowiki-landcover-2017,0.32973582,0.67026424
248_reunion-france,0.45185515,0.5481448
32193_geowiki-landcover-2017,0.56217074,0.43782932
3439_ile-de-france,0.32973367,0.67026633
35312_geowiki-landcover-2017,0.32973063,0.67026937
445_croplands,0.45185396,0.54814607
218_ethiopia,0.5595419,0.4404581
5113_central-asia,0.32973024,0.6702698
17837_geowiki-landcover-2017,0.4518538,0.5481462
22103_geowiki-landcover-2017,0.44889393,0.55110604
13067_geowiki-landcover-2017,0.56217086,0.4378291
1119_ile-de-france,0.4518537,0.54814625
1414_croplands,0.3297298,0.6702702
6564_geowiki-landcover-2017,0.4518542,0.54814583
437_kenya-non-crop,0.5780753,0.42192474
92_rwanda-ceo,0.69432735,0.30567268
764_central-asia,0.32973126,0.6702688
717_togo,0.68092126,0.3190787
733_croplands,0.32973257,0.67026746
105_ile-de-france,0.32973,0.67027
1304_canada,0.32973036,0.6702696
4813_canada,0.32976574,0.67023426
34043_geowiki-landcover-2017,0.45185384,0.5481461
20232_geowiki-landcover-2017,0.4518534,0.5481466
56_central-asia,0.32972962,0.6702704
1447_central-asia,0.32973033,0.67026967
20017_geowiki-landcover-2017,0.45185384,0.5481461
28436_geowiki-landcover-2017,0.5621709,0.43782905
30041_geowiki-landcover-2017,0.5621714,0.43782857
2040_ile-de-france,0.32973093,0.6702691
1636_tanzania-ceo,0.7796426,0.22035746
5564_ile-de-france,0.45185605,0.548144
1170_reunion-france,0.45185405,0.54814595
443_geowiki-landcover-2017,0.56217116,0.43782884
12546_geowiki-landcover-2017,0.4518547,0.5481453
28570_geowiki-landcover-2017,0.4519133,0.54808676
3069_rwanda-ceo,0.5780754,0.42192462
2065_germany,0.4518549,0.5481451
1277_mali-helmets-labelling-crops,0.4338288,0.5661712
2476_kenya-non-crop,0.6809272,0.31907272
737_martinique-france,0.5621706,0.4378294
4087_geowiki-landcover-2017,0.56214917,0.43785086
27070_geowiki-landcover-2017,0.45185426,0.5481457
10498_croplands,0.32973346,0.67026657
2569_rwanda-ceo,0.68092644,0.3190736
12_mali-non-crop,0.6803773,0.3196227
7873_canada,0.45185384,0.5481462
2227_martinique-france,0.5621712,0.43782878
861_reunion-france,0.449833,0.55016696
334_mali-helmets-labelling-crops,0.43382874,0.5661713
409_canada,0.45185384,0.5481462
4621_central-asia,0.32972977,0.67027026
2159_ile-de-france,0.45185483,0.5481452
1860_ile-de-france,0.3297307,0.6702693
421_canada,0.4518539,0.54814607
557_tanzania-rice-ecaas,0.4518529,0.54814714
3303_ile-de-france,0.32972974,0.67027026
938_geowiki-landcover-2017,0.56217027,0.43782976
120_central-asia,0.32973003,0.67026997
820_croplands,0.57746035,0.4225397
34620_geowiki-landcover-2017,0.32972938,0.6702706
9833_geowiki-landcover-2017,0.45185277,0.54814726
17130_geowiki-landcover-2017,0.4518539,0.5481461
1354_germany,0.32973188,0.6702681
1596_ile-de-france,0.32973057,0.6702695
906_rwanda-ceo,0.44983205,0.550168
1500_croplands,0.44921014,0.5507899
2377_central-asia,0.32973394,0.6702661
551_mali-helmets-labelling-crops,0.5621708,0.43782923
113_mali,0.562171,0.43782902
1752_canada,0.32972962,0.6702704
350_tanzania,0.5780746,0.42192543
28237_geowiki-landcover-2017,0.3297397,0.6702603
28662_geowiki-landcover-2017,0.45185456,0.5481454
24623_geowiki-landcover-2017,0.45185375,0.54814625
620_ile-de-france,0.32973194,0.67026806
653_martinique-france,0.56217027,0.43782973
580_geowiki-landcover-2017,0.57807505,0.42192498
4706_croplands,0.3297317,0.6702683
1072_mali-helmets-labelling-crops,0.4338304,0.56616956
7084_canada,0.32973045,0.67026955
33636_geowiki-landcover-2017,0.4518536,0.5481464
3155_ile-de-france,0.45185298,0.5481471
2544_geowiki-landcover-2017,0.56217104,0.43782902
6699_croplands,0.5780747,0.42192537
27670_geowiki-landcover-2017,0.5780747,0.42192537
1469_canada,0.4518537,0.5481463
7422_geowiki-landcover-2017,0.45185405,0.548146
27986_geowiki-landcover-2017,0.57807565,0.42192435
795_central-asia,0.45185706,0.54814297
2342_geowiki-landcover-2017,0.68092734,0.31907266
1560_martinique-france,0.56217116,0.43782884
12825_geowiki-landcover-2017,0.45185444,0.54814553
10807_geowiki-landcover-2017,0.4518543,0.5481457
176_geowiki-landcover-2017,0.4518539,0.54814607
30498_geowiki-landcover-2017,0.4518542,0.54814583
11_ethiopia,0.5601597,0.43984032
7184_geowiki-landcover-2017,0.45185426,0.5481457
14225_geowiki-landcover-2017,0.56217176,0.43782824
182_central-asia,0.32973066,0.6702693
2089_kenya-non-crop,0.77964246,0.22035752
12439_geowiki-landcover-2017,0.44921154,0.5507885
5730_canada,0.3297299,0.67027
414_canada,0.45185423,0.5481458
27554_geowiki-landcover-2017,0.45185375,0.54814625
132_canada,0.4518541,0.5481459
1673_germany,0.4518547,0.54814535
29296_geowiki-landcover-2017,0.4518624,0.5481376
2133_kenya-non-crop,0.6809269,0.31907305
16478_geowiki-landcover-2017,0.5774616,0.42253843
486_rwanda-ceo,0.5780755,0.4219245
5643_canada,0.32972935,0.6702706
605_germany,0.4518565,0.5481435
884_mali-helmets-labelling-crops,0.43382984,0.56617016
7667_canada,0.45185384,0.5481461
915_rwanda-ceo,0.6809276,0.31907243
1139_togo,0.5621717,0.43782833
1861_rwanda-ceo,0.32975382,0.6702462
4108_ile-de-france,0.32973155,0.6702684
3735_geowiki-landcover-2017,0.5621701,0.4378299
1047_germany,0.45185435,0.54814565
19661_geowiki-landcover-2017,0.5774613,0.42253873
1755_kenya-non-crop,0.77964234,0.22035764
3657_canada,0.32972997,0.67027
30522_geowiki-landcover-2017,0.43383563,0.56616443
2607_canada,0.32972977,0.67027026
3862_canada,0.32973,0.67026997
946_central-asia,0.3297335,0.6702665
459_canada,0.3297296,0.67027044
23662_geowiki-landcover-2017,0.45185414,0.54814583
22664_geowiki-landcover-2017,0.6943266,0.30567342
1991_ile-de-france,0.3297296,0.67027044
3281_central-asia,0.45185426,0.5481457
1662_canada,0.32972965,0.6702703
495_reunion-france,0.5781034,0.4218966
4392_geowiki-landcover-2017,0.4498328,0.5501672
417_martinique-france,0.56217074,0.43782932
2589_kenya-non-crop,0.5780765,0.42192355
6237_canada,0.32974473,0.67025524
10646_geowiki-landcover-2017,0.45185465,0.54814535
625_geowiki-landcover-2017,0.5780755,0.4219245
20547_geowiki-landcover-2017,0.57807326,0.42192677
1341_ile-de-france,0.32973063,0.67026937
1092_tanzania-ceo,0.5621701,0.4378299
23437_geowiki-landcover-2017,0.5780742,0.42192584
681_mali-helmets-labelling-crops,0.43382967,0.56617033
704_germany,0.32972953,0.6702705
32147_geowiki-landcover-2017,0.45185405,0.548146
2283_canada,0.4518537,0.54814637
500_tanzania-rice-ecaas,0.4518072,0.5481928
271_tanzania-rice-ecaas,0.4523865,0.5476135
8565_geowiki-landcover-2017,0.68091816,0.3190818
2518_kenya-non-crop,0.5621712,0.43782875
17978_geowiki-landcover-2017,0.45185408,0.5481459
4431_ile-de-france,0.32973063,0.67026937
6058_canada,0.4518532,0.54814684
4898_central-asia,0.32972962,0.6702704
942_tanzania-ceo,0.45185405,0.54814595
4302_canada,0.32972956,0.6702705
894_mali-helmets-labelling-crops,0.43382874,0.5661713
217_kenya-non-crop,0.56016135,0.43983865
2065_geowiki-landcover-2017,0.56217045,0.43782955
695_rwanda-ceo,0.5780748,0.42192513
12621_geowiki-landcover-2017,0.45185435,0.5481457
596_reunion-france,0.57546926,0.4245308
22580_geowiki-landcover-2017,0.4498311,0.55016893
756_tanzania-rice-ecaas,0.5774638,0.4225362
6155_geowiki-landcover-2017,0.3297302,0.6702698
2329_kenya-non-crop,0.6809181,0.31908193
1339_mali-helmets-labelling-crops,0.43382898,0.56617105
10068_croplands,0.32973143,0.67026854
2977_ile-de-france,0.45185605,0.548144
4880_canada,0.4518534,0.5481466
11637_croplands,0.56215876,0.43784124
30835_geowiki-landcover-2017,0.45185333,0.5481467
24050_geowiki-landcover-2017,0.45185313,0.5481469
379_rwanda-ceo,0.68092686,0.31907317
1598_canada,0.32972944,0.67027056
3139_geowiki-landcover-2017,0.56217223,0.4378278
35839_geowiki-landcover-2017,0.56009156,0.4399084
566_rwanda-ceo,0.6809264,0.3190736
5111_ile-de-france,0.32973287,0.6702671
1290_kenya-non-crop,0.6943266,0.30567345
9399_croplands,0.45183834,0.5481617
7964_geowiki-landcover-2017,0.57807356,0.42192644
1781_canada,0.32972965,0.6702703
2099_croplands,0.32973033,0.6702696
2385_rwanda-ceo,0.449832,0.550168
4313_croplands,0.32973024,0.6702697
1400_martinique-france,0.5621715,0.43782845
492_canada,0.4518543,0.5481457
478_geowiki-landcover-2017,0.56217086,0.43782914
11_reunion-france,0.57807505,0.42192498
2920_canada,0.4518538,0.5481462
3837_canada,0.32972974,0.67027026
29292_geowiki-landcover-2017,0.32972944,0.67027056
804_tanzania-ceo,0.578074,0.42192605
21622_geowiki-landcover-2017,0.4518534,0.54814655
1564_reunion-france,0.45185375,0.54814625
1984_kenya-non-crop,0.5621708,0.4378292
326_martinique-france,0.56217116,0.43782884
436_geowiki-landcover-2017,0.5621719,0.43782812
76_ethiopia,0.56016046,0.43983954
2223_central-asia,0.3297318,0.67026824
1858_kenya-non-crop,0.6809075,0.31909248
15621_geowiki-landcover-2017,0.694326,0.30567402
8481_geowiki-landcover-2017,0.32972997,0.67027
1766_reunion-france,0.5774629,0.4225371
7361_geowiki-landcover-2017,0.3302907,0.66970927
4179_canada,0.45185322,0.5481468
1150_togo,0.5621688,0.43783125
459_reunion-france,0.57807446,0.42192554
3644_central-asia,0.32972988,0.6702701
10329_geowiki-landcover-2017,0.6943267,0.30567333
1084_reunion-france,0.5780563,0.4219437
4674_canada,0.32973006,0.67026997
6303_canada,0.3371781,0.66282195
2616_canada,0.32973006,0.67026997
4387_canada,0.4518536,0.5481464
894_germany,0.45185483,0.5481452
603_tanzania-ceo,0.45184946,0.54815054
15763_geowiki-landcover-2017,0.5621679,0.43783212
1326_reunion-france,0.45185524,0.54814476
288_ile-de-france,0.45177644,0.54822356
1027_tanzania-ceo,0.5780747,0.42192534
15982_geowiki-landcover-2017,0.57842106,0.42157894
24466_geowiki-landcover-2017,0.45185402,0.548146
1508_central-asia,0.32973105,0.67026895
2200_canada,0.3297298,0.67027014
1818_tanzania-ceo,0.5780747,0.42192534
4383_central-asia,0.3297306,0.6702694
26454_geowiki-landcover-2017,0.45185405,0.548146
33848_geowiki-landcover-2017,0.45185375,0.54814625
31821_geowiki-landcover-2017,0.57798266,0.42201737
878_kenya-non-crop,0.77964133,0.22035865
3918_canada,0.45171028,0.5482897
464_geowiki-landcover-2017,0.32973823,0.6702618
2688_kenya-non-crop,0.6943261,0.3056739
29895_geowiki-landcover-2017,0.5780737,0.42192632
16919_geowiki-landcover-2017,0.5621676,0.43783242
7724_canada,0.32972962,0.6702704
617_kenya-non-crop,0.6809255,0.31907448
1593_germany,0.32972965,0.6702703
28535_geowiki-landcover-2017,0.5774621,0.42253795
459_ile-de-france,0.32973036,0.6702696
3693_canada,0.45183823,0.5481618
1293_canada,0.4518539,0.54814607
23591_geowiki-landcover-2017,0.68038017,0.3196198
75_central-asia,0.32973036,0.6702696
27783_geowiki-landcover-2017,0.4498315,0.55016845
12288_geowiki-landcover-2017,0.32973054,0.6702695
1448_mali-helmets-labelling-crops,0.56216466,0.43783534
642_kenya-non-crop,0.6809261,0.31907395
24038_geowiki-landcover-2017,0.45189673,0.5481033
3868_geowiki-landcover-2017,0.32972997,0.67027
687_rwanda-ceo,0.77963877,0.22036123
324_central-asia,0.32973045,0.6702695
31_ethiopia,0.5601599,0.43984008
30348_geowiki-landcover-2017,0.3297301,0.6702699
31088_geowiki-landcover-2017,0.45185998,0.54814005
603_canada,0.45185384,0.5481462
53_tanzania,0.5780752,0.42192483
806_tanzania-ceo,0.57807463,0.42192537
215_rwanda-ceo,0.7796429,0.2203571
15466_geowiki-landcover-2017,0.45185405,0.54814595
7626_canada,0.3297351,0.6702649
4630_central-asia,0.3297301,0.6702699
34958_geowiki-landcover-2017,0.32973346,0.67026657
3470_rwanda-ceo,0.680927,0.319073
1290_martinique-france,0.56217146,0.43782857
4275_canada,0.45185384,0.5481461
5053_central-asia,0.32972988,0.67027014
2074_geowiki-landcover-2017,0.5621717,0.4378283
30280_geowiki-landcover-2017,0.5780742,0.42192578
1382_central-asia,0.32973185,0.6702682
1220_mali-helmets-labelling-crops,0.4338319,0.56616807
1613_tanzania-ceo,0.5780745,0.42192551
13777_croplands,0.32972986,0.67027014
758_tanzania-ceo,0.69432527,0.3056747
32284_geowiki-landcover-2017,0.45185313,0.54814684
1317_canada,0.32972965,0.6702704
22660_geowiki-landcover-2017,0.32972947,0.6702705
27698_geowiki-landcover-2017,0.4518539,0.54814607
26586_geowiki-landcover-2017,0.45185497,0.548145
6127_geowiki-landcover-2017,0.5621698,0.43783015
25447_geowiki-landcover-2017,0.5780745,0.42192546
4062_central-asia,0.3297298,0.6702702
12510_geowiki-landcover-2017,0.6943249,0.3056751
1626_reunion-france,0.69421667,0.30578333
2607_kenya-non-crop,0.680927,0.319073
1634_reunion-france,0.4518536,0.5481464
32319_geowiki-landcover-2017,0.32972938,0.67027056
2002_reunion-france,0.5774624,0.42253765
12835_croplands,0.45185444,0.54814553
2440_reunion-france,0.45185435,0.54814565
15157_geowiki-landcover-2017,0.5755535,0.42444652
2204_kenya-non-crop,0.5621709,0.4378291
29722_geowiki-landcover-2017,0.3297296,0.67027044
1195_geowiki-landcover-2017,0.5780749,0.42192513
48_sudan,0.56217074,0.43782926
5914_geowiki-landcover-2017,0.32973054,0.6702695
66_canada,0.45185357,0.5481464
6225_geowiki-landcover-2017,0.45185313,0.5481469
10678_croplands,0.32973135,0.67026865
29183_geowiki-landcover-2017,0.4518519,0.5481481
718_geowiki-landcover-2017,0.4518613,0.54813874
774_germany,0.3297415,0.67025846
4768_central-asia,0.3297305,0.6702695
29712_geowiki-landcover-2017,0.56217074,0.43782926
19517_geowiki-landcover-2017,0.6809269,0.31907308
2312_kenya-non-crop,0.562171,0.43782902
688_croplands,0.3297302,0.67026985
748_lem-brazil,0.45185447,0.54814553
461_togo,0.43382904,0.566171
284_ethiopia,0.7101,0.28990003
3147_canada,0.32972968,0.6702703
11169_geowiki-landcover-2017,0.68092674,0.31907326
346_reunion-france,0.45185733,0.5481427
631_geowiki-landcover-2017,0.5754694,0.42453066
17527_geowiki-landcover-2017,0.32973042,0.67026955
3307_central-asia,0.32972988,0.6702701
9493_croplands,0.451854,0.548146
15215_geowiki-landcover-2017,0.3297307,0.6702693
12223_geowiki-landcover-2017,0.578075,0.42192504
5923_canada,0.45185354,0.5481464
1904_central-asia,0.32973057,0.6702694
11729_geowiki-landcover-2017,0.57807565,0.42192432
14029_geowiki-landcover-2017,0.44921145,0.5507886
6786_croplands,0.44982946,0.55017054
405_mali-helmets-labelling-crops,0.43382874,0.5661713
563_martinique-france,0.5621717,0.4378283
1962_canada,0.3297301,0.6702699
5291_canada,0.32972947,0.67027056
1314_mali-helmets-labelling-crops,0.5621705,0.4378295
74_mali,0.43383157,0.56616837
8723_geowiki-landcover-2017,0.45185632,0.5481437
3018_canada,0.45185402,0.548146
333_tanzania,0.45186046,0.5481395
1160_mali-helmets-labelling-crops,0.43382892,0.56617105
23166_geowiki-landcover-2017,0.45185387,0.5481461
4270_canada,0.4518537,0.5481463
4259_central-asia,0.3297312,0.6702688
1905_kenya-non-crop,0.5621781,0.43782192
4419_ile-de-france,0.32972977,0.6702702
1072_central-asia,0.32972988,0.6702701
30660_geowiki-landcover-2017,0.45185435,0.54814565
2875_central-asia,0.32973018,0.67026985
21474_geowiki-landcover-2017,0.5621704,0.43782958
6317_canada,0.32972953,0.6702705
1587_ile-de-france,0.45185453,0.5481455
1187_canada,0.4518542,0.54814583
2461_geowiki-landcover-2017,0.68091863,0.31908134
24498_geowiki-landcover-2017,0.45185634,0.5481437
33421_geowiki-landcover-2017,0.5780745,0.42192546
1128_central-asia,0.4518541,0.5481459
1949_martinique-france,0.5621713,0.43782872
2942_geowiki-landcover-2017,0.5621714,0.4378286
12529_croplands,0.5621628,0.43783718
3208_ile-de-france,0.45185447,0.54814553
3896_geowiki-landcover-2017,0.45185456,0.5481455
1733_germany,0.32972988,0.6702701
32097_geowiki-landcover-2017,0.451854,0.548146
877_central-asia,0.4492116,0.5507884
29196_geowiki-landcover-2017,0.6809262,0.31907377
6772_canada,0.32972953,0.6702705
1116_germany,0.45185685,0.54814315
13869_geowiki-landcover-2017,0.5780745,0.4219255
1288_ile-de-france,0.3297314,0.6702686
860_canada,0.32972968,0.6702703
6023_geowiki-landcover-2017,0.69432634,0.30567366
1579_ile-de-france,0.45185512,0.5481448
4376_geowiki-landcover-2017,0.575469,0.424531
6972_croplands,0.4498321,0.5501679
1042_tanzania-ceo,0.45190355,0.5480964
1348_kenya-non-crop,0.6809269,0.31907308
3748_ile-de-france,0.3297305,0.6702695
8728_geowiki-landcover-2017,0.57807577,0.42192426
30130_geowiki-landcover-2017,0.5621706,0.43782935
7268_canada,0.32972962,0.6702704
588_togo,0.43382874,0.5661713
12073_croplands,0.5621685,0.43783158
685_canada,0.45185396,0.54814607
827_central-asia,0.4518536,0.5481464
25360_geowiki-landcover-2017,0.45185453,0.5481455
1387_reunion-france,0.4518547,0.5481453
1543_rwanda-ceo,0.6809272,0.3190728
15841_geowiki-landcover-2017,0.6943263,0.30567372
1817_geowiki-landcover-2017,0.5621708,0.43782917
228_ethiopia,0.5595419,0.44045815
830_geowiki-landcover-2017,0.6943204,0.30567965
34904_geowiki-landcover-2017,0.44921565,0.55078435
14298_geowiki-landcover-2017,0.57807475,0.42192528
9326_geowiki-landcover-2017,0.45185518,0.5481448
22279_geowiki-landcover-2017,0.4518537,0.54814637
11359_geowiki-landcover-2017,0.6943261,0.30567384
771_lem-brazil,0.5774626,0.4225374
1165_central-asia,0.32973078,0.6702692
3983_canada,0.45185354,0.5481464
5299_ile-de-france,0.32973012,0.67026985
3319_rwanda-ceo,0.67860323,0.32139674
1897_canada,0.3298248,0.6701752
32296_geowiki-landcover-2017,0.32973003,0.67026997
2093_kenya-non-crop,0.7796425,0.2203575
1220_ile-de-france,0.3297302,0.6702698
24467_geowiki-landcover-2017,0.4518538,0.5481462
4269_geowiki-landcover-2017,0.45185483,0.5481452
1182_reunion-france,0.6943218,0.30567816
1627_tanzania-ceo,0.57807374,0.42192626
17269_geowiki-landcover-2017,0.56216896,0.43783104
189_reunion-france,0.5780752,0.4219248
11098_geowiki-landcover-2017,0.5780708,0.4219292
1248_reunion-france,0.578044,0.42195603
3920_ile-de-france,0.32973024,0.6702698
4155_geowiki-landcover-2017,0.5621664,0.4378336
663_germany,0.32972962,0.6702704
224_geowiki-landcover-2017,0.5780359,0.42196408
1324_rwanda-ceo,0.6943267,0.30567333
26657_geowiki-landcover-2017,0.45185328,0.5481467
2148_geowiki-landcover-2017,0.45185453,0.5481455
7190_geowiki-landcover-2017,0.32972962,0.6702704
5021_canada,0.32972962,0.6702704
2451_canada,0.45185295,0.5481471
19237_geowiki-landcover-2017,0.5780742,0.4219258
876_kenya-non-crop,0.7796423,0.22035766
33566_geowiki-landcover-2017,0.5774633,0.4225367
18418_geowiki-landcover-2017,0.56217116,0.4378288
1222_central-asia,0.32973057,0.6702694
2920_ile-de-france,0.45185262,0.5481474
11558_croplands,0.45185384,0.5481461
24533_geowiki-landcover-2017,0.45185465,0.54814535
10648_croplands,0.32973158,0.6702684
17344_geowiki-landcover-2017,0.4518544,0.54814565
131_canada,0.45185426,0.5481458
960_central-asia,0.44921133,0.5507887
5535_geowiki-landcover-2017,0.45185426,0.5481457
350_tanzania-ceo,0.68037957,0.31962046
1742_germany,0.57745785,0.42254215
36_tanzania,0.57807326,0.4219268
1781_martinique-france,0.56217074,0.4378293
3754_croplands,0.43383563,0.56616443
1027_togo,0.5621719,0.43782818
542_central-asia,0.3297305,0.6702695
11264_geowiki-landcover-2017,0.5780753,0.42192474
29085_geowiki-landcover-2017,0.32972935,0.6702707
34907_geowiki-landcover-2017,0.4518541,0.5481459
6513_geowiki-landcover-2017,0.5780755,0.4219245
13984_croplands,0.32973525,0.6702647
121_tanzania-rice-ecaas,0.4498277,0.5501723
19959_geowiki-landcover-2017,0.32973024,0.6702698
3741_ile-de-france,0.32973084,0.67026913
635_tanzania-ceo,0.57807225,0.42192775
6027_ile-de-france,0.32973024,0.6702698
610_kenya-non-crop,0.68092644,0.3190736
23481_geowiki-landcover-2017,0.45185533,0.54814464
165_tanzania-rice-ecaas,0.3297471,0.6702529
2172_kenya-non-crop,0.68038213,0.31961784
19348_geowiki-landcover-2017,0.45185456,0.5481455
284_ile-de-france,0.45185474,0.5481453
2704_canada,0.44921124,0.5507887
837_ile-de-france,0.3297301,0.67026997
2688_rwanda-ceo,0.68092716,0.31907284
4644_central-asia,0.32973012,0.67026985
14383_geowiki-landcover-2017,0.5780719,0.42192808
401_rwanda-ceo,0.44983187,0.5501681
23402_geowiki-landcover-2017,0.45185465,0.54814535
1155_germany,0.4518542,0.54814583
9156_geowiki-landcover-2017,0.57807326,0.42192677
14032_croplands,0.45190382,0.5480962
1076_geowiki-landcover-2017,0.57807344,0.42192656
775_tanzania-rice-ecaas,0.32973045,0.6702695
28625_geowiki-landcover-2017,0.451854,0.548146
479_ile-de-france,0.32973057,0.6702694
24668_geowiki-landcover-2017,0.45185426,0.5481457
6979_geowiki-landcover-2017,0.3297301,0.67026997
30609_geowiki-landcover-2017,0.32972953,0.6702705
26846_geowiki-landcover-2017,0.45185328,0.5481467
16999_geowiki-landcover-2017,0.45185506,0.54814494
3646_central-asia,0.45184624,0.54815376
3498_central-asia,0.32972988,0.67027014
436_mali-helmets-labelling-crops,0.56217086,0.4378291
7874_canada,0.45185313,0.5481469
309_ethiopia,0.6809269,0.31907302
41_mali-non-crop,0.5621714,0.43782857
7121_geowiki-landcover-2017,0.4492121,0.55078787
1844_tanzania-ceo,0.57807523,0.42192477
9345_geowiki-landcover-2017,0.5601598,0.43984023
312_martinique-france,0.66282076,0.3371792
33723_geowiki-landcover-2017,0.4518541,0.5481459
23076_geowiki-landcover-2017,0.56217116,0.4378288
3897_canada,0.45185345,0.54814655
5195_central-asia,0.3297299,0.67027
1661_kenya-non-crop,0.68095726,0.31904274
3479_canada,0.33041036,0.6695897
2905_central-asia,0.3297307,0.6702693
3873_canada,0.45185372,0.54814625
257_geowiki-landcover-2017,0.5780753,0.42192474
927_central-asia,0.45185176,0.5481483
2424_canada,0.45185325,0.5481468
10623_croplands,0.32973212,0.67026794
253_rwanda-ceo,0.68092734,0.31907266
2515_canada,0.45185405,0.548146
13296_geowiki-landcover-2017,0.57807475,0.42192522
5124_geowiki-landcover-2017,0.56217074,0.43782932
2422_geowiki-landcover-2017,0.5621708,0.4378292
2363_kenya-non-crop,0.6809281,0.31907192
3261_ile-de-france,0.3297297,0.6702703
2579_central-asia,0.329731,0.67026895
3725_ile-de-france,0.3297306,0.6702694
26275_geowiki-landcover-2017,0.45186114,0.5481389
10062_croplands,0.44951797,0.550482
409_rwanda-ceo,0.5780746,0.42192546
1394_geowiki-landcover-2017,0.56217074,0.43782926
24138_geowiki-landcover-2017,0.5621705,0.43782946
4870_geowiki-landcover-2017,0.5621714,0.43782857
4917_central-asia,0.32973084,0.6702692
1133_ile-de-france,0.32973373,0.67026633
618_central-asia,0.32972977,0.67027026
9667_geowiki-landcover-2017,0.5780797,0.4219203
9535_geowiki-landcover-2017,0.56206924,0.43793073
1365_ile-de-france,0.3297409,0.67025906
1634_ile-de-france,0.44921023,0.5507898
10345_geowiki-landcover-2017,0.5621705,0.43782946
21014_geowiki-landcover-2017,0.5780742,0.42192578
1198_togo,0.43382806,0.566172
6690_croplands,0.44983184,0.55016816
14044_croplands,0.32973164,0.67026836
1350_mali-helmets-labelling-crops,0.5621703,0.4378297
23656_geowiki-landcover-2017,0.4338284,0.5661716
1029_rwanda-ceo,0.5780922,0.42190778
1608_kenya-non-crop,0.77964115,0.22035886
7682_geowiki-landcover-2017,0.5774658,0.42253423
29404_geowiki-landcover-2017,0.45185447,0.54814553
12492_geowiki-landcover-2017,0.45185462,0.54814535
6914_canada,0.32972956,0.6702705
1259_reunion-france,0.57807434,0.4219257
4198_geowiki-landcover-2017,0.32973057,0.6702695
3009_central-asia,0.32973063,0.67026937
3708_geowiki-landcover-2017,0.56217057,0.43782943
4097_geowiki-landcover-2017,0.5621705,0.4378295
1437_kenya-non-crop,0.6803881,0.3196119
25860_geowiki-landcover-2017,0.45185384,0.5481462
2335_reunion-france,0.45185438,0.54814565
819_central-asia,0.32973117,0.6702689
832_rwanda-ceo,0.57807654,0.42192346
3422_ile-de-france,0.45185354,0.5481464
65_lem-brazil,0.5774628,0.42253718
24491_geowiki-landcover-2017,0.4518524,0.54814756
4800_geowiki-landcover-2017,0.4521692,0.54783076
82_martinique-france,0.5621708,0.4378292
13714_geowiki-landcover-2017,0.32972988,0.67027014
2353_kenya-non-crop,0.6809197,0.31908026
143_martinique-france,0.6809032,0.3190968
4429_ile-de-france,0.32973084,0.6702692
24335_geowiki-landcover-2017,0.45185426,0.5481457
31194_geowiki-landcover-2017,0.56217116,0.43782887
2673_ile-de-france,0.451851,0.548149
559_germany,0.45185387,0.5481461
11130_geowiki-landcover-2017,0.5621709,0.43782905
4721_central-asia,0.3297305,0.6702695
2128_central-asia,0.32973143,0.67026854
428_canada,0.45185366,0.54814637
12511_geowiki-landcover-2017,0.5780724,0.42192754
108_mali-helmets-labelling-crops,0.5621704,0.43782958
581_ile-de-france,0.4518544,0.5481456
3598_ile-de-france,0.32973194,0.67026806
775_ile-de-france,0.32973045,0.67026955
35506_geowiki-landcover-2017,0.45185375,0.54814625
695_kenya-non-crop,0.68092626,0.3190737
82_central-asia,0.32979125,0.67020875
12800_geowiki-landcover-2017,0.4338285,0.56617147
1766_martinique-france,0.56217116,0.43782887
34512_geowiki-landcover-2017,0.5621706,0.43782932
65_rwanda-ceo,0.57807475,0.42192525
5200_central-asia,0.451854,0.548146
1736_reunion-france,0.4518547,0.5481453
1727_rwanda-ceo,0.6943259,0.30567408
451_kenya-non-crop,0.694327,0.30567303
5400_canada,0.45185423,0.5481458
12128_geowiki-landcover-2017,0.57746255,0.42253742
4393_canada,0.4518531,0.5481469
30118_geowiki-landcover-2017,0.32974747,0.67025256
9568_geowiki-landcover-2017,0.32974842,0.6702516
749_ethiopia,0.7796419,0.22035804
1318_canada,0.32972965,0.6702704
33638_geowiki-landcover-2017,0.4518539,0.54814607
770_ile-de-france,0.3297303,0.6702697
2138_canada,0.45185405,0.54814595
112_lem-brazil,0.4518546,0.5481454
2130_geowiki-landcover-2017,0.56217295,0.437827
3250_ile-de-france,0.3297306,0.6702694
2276_rwanda-ceo,0.4498324,0.5501676
3406_rwanda-ceo,0.57807565,0.42192435
3482_geowiki-landcover-2017,0.5621706,0.4378294
1004_togo,0.56217104,0.43782902
6144_ile-de-france,0.32973087,0.67026913
4701_central-asia,0.3297301,0.67026997
32518_geowiki-landcover-2017,0.45185384,0.5481462
375_ethiopia,0.6809265,0.31907347
34134_geowiki-landcover-2017,0.5621705,0.43782946
1456_germany,0.3297298,0.6702702
3072_rwanda-ceo,0.4498318,0.5501682
2223_kenya-non-crop,0.68038225,0.31961775
30131_geowiki-landcover-2017,0.32973287,0.6702671
9443_croplands,0.32973087,0.6702691
51_tanzania-rice-ecaas,0.4498284,0.5501717
5795_canada,0.32972938,0.6702706
33880_geowiki-landcover-2017,0.5774622,0.4225378
18790_geowiki-landcover-2017,0.578075,0.421925
10156_croplands,0.4518551,0.54814494
1342_ile-de-france,0.32973006,0.67026997
152_kenya,0.5780752,0.4219249
701_reunion-france,0.6943266,0.3056734
2641_geowiki-landcover-2017,0.5621722,0.43782783
15364_geowiki-landcover-2017,0.68092763,0.31907237
22822_geowiki-landcover-2017,0.57806915,0.42193088
24257_geowiki-landcover-2017,0.45185375,0.54814625
3004_central-asia,0.3297315,0.67026854
1163_geowiki-landcover-2017,0.5621709,0.43782908
7_mali,0.5621708,0.43782917
121_togo,0.56217045,0.43782955
4444_ile-de-france,0.45185402,0.548146
1507_croplands,0.32973012,0.67026985
8262_geowiki-landcover-2017,0.57807714,0.4219229
34585_geowiki-landcover-2017,0.32973036,0.6702696
20305_geowiki-landcover-2017,0.57807463,0.42192537
5885_canada,0.32972997,0.67027
7900_geowiki-landcover-2017,0.56217057,0.43782946
1097_croplands,0.43383026,0.5661697
3336_ile-de-france,0.3297307,0.6702693
3322_ile-de-france,0.32973072,0.67026925
1053_rwanda-ceo,0.6809267,0.31907332
23860_geowiki-landcover-2017,0.57716423,0.4228358
107_tanzania-ceo,0.57746273,0.42253733
775_croplands,0.451854,0.548146
8105_geowiki-landcover-2017,0.6809237,0.31907627
3556_rwanda-ceo,0.6943265,0.30567348
9832_croplands,0.32973036,0.6702696
2967_canada,0.32973057,0.6702695
19232_geowiki-landcover-2017,0.32973194,0.67026806
31_tanzania-rice-ecaas,0.44982442,0.55017555
1281_martinique-france,0.56217134,0.4378287
626_germany,0.3297307,0.6702693
4168_canada,0.45185256,0.54814744
608_germany,0.45185426,0.5481457
2271_canada,0.4518536,0.5481464
3994_canada,0.4518542,0.54814583
1439_central-asia,0.32973,0.67027
2246_martinique-france,0.5621729,0.4378271
11742_geowiki-landcover-2017,0.6943223,0.3056777
1737_canada,0.32972968,0.6702703
2144_martinique-france,0.5621709,0.43782902
2500_germany,0.44921124,0.55078876
17796_geowiki-landcover-2017,0.32972938,0.6702706
6265_canada,0.32973266,0.6702674
14114_croplands,0.32973695,0.67026305
5076_central-asia,0.32973003,0.67026997
32327_geowiki-landcover-2017,0.45184922,0.5481508
33439_geowiki-landcover-2017,0.45185375,0.54814625
23_kenya,0.6809263,0.31907362
4689_canada,0.32972935,0.6702707
2341_rwanda-ceo,0.680927,0.319073
3831_central-asia,0.45185372,0.54814625
6726_canada,0.45185417,0.54814583
13491_croplands,0.45185444,0.54814553
21649_geowiki-landcover-2017,0.45185554,0.54814446
862_germany,0.45185435,0.5481457
8822_geowiki-landcover-2017,0.32972947,0.6702705
22183_geowiki-landcover-2017,0.4518539,0.54814607
82_kenya-non-crop,0.68092704,0.31907293
383_lem-brazil,0.44925165,0.55074835
3343_geowiki-landcover-2017,0.5621662,0.43783382
3916_ile-de-france,0.32973045,0.6702695
4663_croplands,0.45184824,0.54815173
33652_geowiki-landcover-2017,0.45185336,0.5481466
650_tanzania-ceo,0.5780746,0.42192537
1289_mali-helmets-labelling-crops,0.43382865,0.56617135
13376_geowiki-landcover-2017,0.56217134,0.43782872
147_uganda,0.6809266,0.31907338
31152_geowiki-landcover-2017,0.56217057,0.43782946
384_martinique-france,0.5621715,0.43782842
434_ethiopia,0.68092674,0.3190733
553_canada,0.451854,0.548146
598_tanzania-ceo,0.6943231,0.3056769
6938_geowiki-landcover-2017,0.45185986,0.5481401
4012_canada,0.45185408,0.5481459
21385_geowiki-landcover-2017,0.578075,0.42192498
30933_geowiki-landcover-2017,0.32972968,0.6702703
2122_kenya-non-crop,0.77964246,0.22035752
7792_geowiki-landcover-2017,0.56217,0.43782994
20994_geowiki-landcover-2017,0.45185393,0.54814607
26468_geowiki-landcover-2017,0.5780746,0.42192537
3802_canada,0.32972986,0.67027014
28904_geowiki-landcover-2017,0.45185354,0.5481464
21238_geowiki-landcover-2017,0.4518524,0.5481476
2304_canada,0.45185375,0.54814625
8075_geowiki-landcover-2017,0.694323,0.30567697
23791_geowiki-landcover-2017,0.56216973,0.43783024
28635_geowiki-landcover-2017,0.5621703,0.4378297
1431_rwanda-ceo,0.69432694,0.3056731
1804_central-asia,0.32973057,0.6702695
26617_geowiki-landcover-2017,0.4518537,0.54814625
1197_martinique-france,0.56217116,0.43782884
13979_croplands,0.32973695,0.6702631
11806_geowiki-landcover-2017,0.5621693,0.43783075
569_tanzania-rice-ecaas,0.3297306,0.6702694
14968_croplands,0.4518543,0.5481457
434_germany,0.32973078,0.6702692
25334_geowiki-landcover-2017,0.45185396,0.54814607
64_rwanda-ceo,0.5780743,0.42192572
1798_rwanda-ceo,0.57807523,0.42192474
14010_geowiki-landcover-2017,0.45185372,0.54814625
762_tanzania-rice-ecaas,0.45185462,0.54814535
2971_ile-de-france,0.32972988,0.6702701
4250_ile-de-france,0.32972997,0.67027
1635_croplands,0.44977263,0.55022734
3525_geowiki-landcover-2017,0.56217164,0.43782833
2325_ile-de-france,0.4518537,0.54814637
1464_central-asia,0.32973164,0.67026836
5289_canada,0.32972956,0.6702705
124_uganda,0.77963597,0.22036402
6741_croplands,0.44983077,0.55016917
37_rwanda-ceo,0.77956796,0.220432
9217_croplands,0.32973045,0.67026955
190_central-asia,0.45185465,0.54814535
34823_geowiki-landcover-2017,0.32972974,0.67027026
2471_rwanda-ceo,0.6943268,0.30567318
32_sudan,0.5595453,0.4404547
104_sudan,0.56217134,0.43782863
1367_croplands,0.4338286,0.5661714
30302_geowiki-landcover-2017,0.32972988,0.67027014
20595_geowiki-landcover-2017,0.45185098,0.54814905
20388_geowiki-landcover-2017,0.45185396,0.54814607
12407_geowiki-landcover-2017,0.45185447,0.54814553
1281_tanzania-ceo,0.57746357,0.4225364
2388_tanzania-ceo,0.57807374,0.42192632
2513_reunion-france,0.5780707,0.42192933
957_reunion-france,0.4518542,0.54814583
2334_canada,0.45185354,0.5481464
3500_geowiki-landcover-2017,0.5621709,0.43782902
701_croplands,0.32973084,0.67026913
6777_geowiki-landcover-2017,0.4518537,0.54814637
2072_kenya-non-crop,0.68038213,0.31961784
24539_geowiki-landcover-2017,0.5780745,0.42192546
23036_geowiki-landcover-2017,0.4518456,0.5481544
30669_geowiki-landcover-2017,0.45185384,0.5481462
22152_geowiki-landcover-2017,0.45185485,0.5481451
1950_kenya-non-crop,0.5621711,0.43782893
2174_reunion-france,0.45185453,0.5481455
4103_ile-de-france,0.4518538,0.5481462
116_tanzania,0.45189717,0.54810286
2722_central-asia,0.3297303,0.6702697
291_tanzania-ceo,0.5780743,0.42192575
25343_geowiki-landcover-2017,0.45185363,0.54814637
259_kenya,0.6809259,0.3190741
8800_geowiki-landcover-2017,0.5774623,0.42253765
17602_geowiki-landcover-2017,0.32972988,0.67027014
2179_central-asia,0.32974118,0.6702588
2913_ile-de-france,0.4518549,0.5481451
13109_geowiki-landcover-2017,0.56217134,0.43782872
2932_geowiki-landcover-2017,0.5621709,0.43782905
6049_ile-de-france,0.32973135,0.67026865
956_canada,0.3297297,0.6702703
327_rwanda-ceo,0.69432694,0.3056731
4329_geowiki-landcover-2017,0.56217176,0.43782827
24700_geowiki-landcover-2017,0.45185542,0.5481446
3216_ile-de-france,0.32973188,0.6702681
2597_ile-de-france,0.32973233,0.67026764
10794_croplands,0.4518542,0.54814583
130_canada,0.4518541,0.5481459
569_tanzania-ceo,0.6943264,0.30567357
33272_geowiki-landcover-2017,0.4518544,0.5481456
7908_canada,0.45185062,0.5481494
490_kenya-non-crop,0.68092614,0.31907386
1545_ile-de-france,0.4518544,0.54814565
31630_geowiki-landcover-2017,0.44921103,0.550789
7577_geowiki-landcover-2017,0.45185372,0.54814625
461_tanzania-ceo,0.69432503,0.305675
32635_geowiki-landcover-2017,0.45185444,0.54814553
19409_geowiki-landcover-2017,0.45185354,0.5481465
15319_geowiki-landcover-2017,0.5754622,0.4245378
16359_geowiki-landcover-2017,0.5621702,0.43782976
2982_rwanda-ceo,0.6943263,0.30567372
642_central-asia,0.3297299,0.67027
8404_geowiki-landcover-2017,0.5780585,0.42194155
1618_ile-de-france,0.32973027,0.6702697
3218_canada,0.5774628,0.42253724
1981_reunion-france,0.57806784,0.42193213
801_rwanda-ceo,0.68038255,0.3196174
2359_ile-de-france,0.32973158,0.6702684
13687_croplands,0.32973373,0.67026633
7413_geowiki-landcover-2017,0.4518544,0.54814553
1710_germany,0.45185465,0.54814535
2201_central-asia,0.45185485,0.5481451
1410_ile-de-france,0.3297305,0.6702695
2099_reunion-france,0.45185477,0.5481453
7609_canada,0.45185435,0.54814565
14196_geowiki-landcover-2017,0.57806855,0.42193145
710_tanzania-ceo,0.57807523,0.4219248
6819_croplands,0.5780702,0.42192984
1262_kenya-non-crop,0.6786029,0.32139707
19440_geowiki-landcover-2017,0.45185426,0.5481457
12897_geowiki-landcover-2017,0.68092734,0.31907272
1395_martinique-france,0.56217164,0.43782833
7438_croplands,0.332838,0.667162
2750_geowiki-landcover-2017,0.43383652,0.5661635
764_geowiki-landcover-2017,0.41600195,0.583998
1449_ile-de-france,0.3297304,0.6702696
1712_ile-de-france,0.32973078,0.6702692
0_sudan,0.56217104,0.43782896
15788_geowiki-landcover-2017,0.57807446,0.4219256
32107_geowiki-landcover-2017,0.5780677,0.42193222
593_central-asia,0.45185447,0.54814553
1336_germany,0.45185435,0.5481457
3311_rwanda-ceo,0.5780768,0.42192322
1146_kenya-non-crop,0.7796422,0.22035778
1852_tanzania-ceo,0.5780745,0.4219255
9459_croplands,0.4518541,0.5481459
3905_central-asia,0.4518542,0.54814583
5_reunion-france,0.5780748,0.42192513
2293_reunion-france,0.5780729,0.4219271
211_uganda,0.68092614,0.3190739
26051_geowiki-landcover-2017,0.4498419,0.55015814
4134_central-asia,0.4518544,0.54814553
11394_croplands,0.4338104,0.5661896
3705_canada,0.32972962,0.6702704
4620_canada,0.3297297,0.6702703
768_togo,0.5621713,0.43782872
37_croplands,0.43382886,0.56617117
4133_ile-de-france,0.45185375,0.54814625
4664_ile-de-france,0.4518544,0.54814565
836_kenya-non-crop,0.7796379,0.22036216
6660_canada,0.4518536,0.5481464
1568_reunion-france,0.5780752,0.4219249
2560_geowiki-landcover-2017,0.5621706,0.43782932
14111_geowiki-landcover-2017,0.45185477,0.5481453
2125_geowiki-landcover-2017,0.5621706,0.4378294
576_croplands,0.43382454,0.56617546
3759_geowiki-landcover-2017,0.5621711,0.43782887
738_ile-de-france,0.32973346,0.67026657
2632_kenya-non-crop,0.7796429,0.22035715
10851_croplands,0.43382648,0.5661735
2720_rwanda-ceo,0.5780747,0.4219253
918_croplands,0.4338286,0.56617135
14815_geowiki-landcover-2017,0.44985124,0.5501488
5213_ile-de-france,0.32973114,0.6702689
236_lem-brazil,0.57746315,0.42253685
2884_central-asia,0.32974502,0.67025495
14017_croplands,0.32973173,0.6702683
23090_geowiki-landcover-2017,0.56217164,0.43782833
188_tanzania,0.45260262,0.5473973
354_canada,0.45185387,0.5481461
2295_reunion-france,0.5780747,0.42192537
4680_central-asia,0.32973036,0.6702696
10276_geowiki-landcover-2017,0.69432354,0.30567643
6057_ile-de-france,0.45185328,0.5481467
263_canada,0.45185387,0.5481461
212_tanzania-rice-ecaas,0.32973966,0.6702603
30998_geowiki-landcover-2017,0.45185435,0.5481457
6250_geowiki-landcover-2017,0.5780752,0.4219248
28916_geowiki-landcover-2017,0.45185405,0.548146
449_mali-helmets-labelling-crops,0.5621706,0.43782932
1096_reunion-france,0.32973114,0.6702689
4877_ile-de-france,0.32973135,0.67026865
14295_croplands,0.3297313,0.6702687
12017_geowiki-landcover-2017,0.44983193,0.5501681
28656_geowiki-landcover-2017,0.32972965,0.6702703
737_central-asia,0.45185408,0.5481459
3669_ile-de-france,0.4518544,0.5481456
13456_geowiki-landcover-2017,0.56217027,0.4378297
4042_central-asia,0.32972988,0.67027014
10092_geowiki-landcover-2017,0.5780749,0.42192513
30013_geowiki-landcover-2017,0.5780745,0.42192546
7120_canada,0.32972947,0.67027056
2289_martinique-france,0.56217206,0.43782797
2256_rwanda-ceo,0.57807475,0.42192522
4148_croplands,0.56216234,0.4378377
1371_mali-helmets-labelling-crops,0.43385702,0.566143
2051_martinique-france,0.56217116,0.43782884
1437_martinique-france,0.56217176,0.43782824
23991_geowiki-landcover-2017,0.4518537,0.54814625
9522_geowiki-landcover-2017,0.45185304,0.54814696
894_rwanda-ceo,0.6809267,0.3190733
2719_reunion-france,0.45185605,0.548144
882_togo,0.5621715,0.43782848
31420_geowiki-landcover-2017,0.5780779,0.42192203
20933_geowiki-landcover-2017,0.5681343,0.4318657
283_tanzania,0.3297343,0.67026573
2500_ile-de-france,0.5774125,0.4225875
5860_ile-de-france,0.45185336,0.5481466
3735_canada,0.45185328,0.5481467
7755_canada,0.3297333,0.6702667
674_lem-brazil,0.4518553,0.5481447
728_mali-helmets-labelling-crops,0.43382865,0.56617135
2372_tanzania-ceo,0.5782084,0.42179158
4073_ile-de-france,0.45185354,0.5481464
1183_rwanda-ceo,0.6943268,0.30567318
95_tanzania,0.57807446,0.42192557
1638_ile-de-france,0.32973224,0.6702678
125_kenya,0.56016785,0.43983215
2950_canada,0.44921133,0.5507887
673_ethiopia,0.57546926,0.42453074
11054_croplands,0.32973644,0.6702635
2626_central-asia,0.45181558,0.54818445
755_tanzania-rice-ecaas,0.32973036,0.6702696
29795_geowiki-landcover-2017,0.56217057,0.43782943
5411_ile-de-france,0.32973194,0.67026806
1463_croplands,0.45185426,0.5481458
7004_geowiki-landcover-2017,0.578083,0.42191708
3944_geowiki-landcover-2017,0.32973003,0.67026997
34471_geowiki-landcover-2017,0.57745826,0.4225417
1102_croplands,0.56216425,0.43783572
1660_rwanda-ceo,0.5780744,0.4219256
4399_geowiki-landcover-2017,0.32972997,0.67027
3614_central-asia,0.32972988,0.67027014
270_reunion-france,0.45185387,0.5481461
948_central-asia,0.57745796,0.422542
7050_canada,0.45185354,0.5481464
822_rwanda-ceo,0.578074,0.42192608
467_mali-helmets-labelling-crops,0.56217116,0.4378288
1146_togo,0.56217104,0.437829
23237_geowiki-landcover-2017,0.5780731,0.42192695
6976_geowiki-landcover-2017,0.43382874,0.5661713
2461_canada,0.32973027,0.6702697
22019_geowiki-landcover-2017,0.43382972,0.5661702
59_sudan,0.55952096,0.44047907
22819_geowiki-landcover-2017,0.45185375,0.54814625
1901_canada,0.451854,0.548146
2400_canada,0.4518537,0.54814637
1851_central-asia,0.32973337,0.6702666
2366_kenya-non-crop,0.4338286,0.56617135
939_germany,0.5774471,0.42255285
726_reunion-france,0.69432586,0.30567417
11567_croplands,0.45136768,0.5486323
5258_ile-de-france,0.3297298,0.67027014
1324_mali-helmets-labelling-crops,0.56216097,0.43783897
6603_canada,0.32973024,0.6702698
27819_geowiki-landcover-2017,0.57807535,0.42192465
2553_ile-de-france,0.44921187,0.55078816
1531_canada,0.45185375,0.54814625
2894_geowiki-landcover-2017,0.5621712,0.43782875
25958_geowiki-landcover-2017,0.56216085,0.43783912
106_germany,0.45185417,0.54814583
495_germany,0.451855,0.548145
666_rwanda-ceo,0.5780757,0.42192432
5109_ile-de-france,0.32973015,0.67026985
9393_geowiki-landcover-2017,0.5621703,0.4378297
10570_geowiki-landcover-2017,0.5780748,0.42192513
20192_geowiki-landcover-2017,0.4518537,0.5481463
8864_geowiki-landcover-2017,0.57807446,0.42192557
571_croplands,0.44983274,0.55016726
7260_canada,0.32973257,0.67026746
8453_geowiki-landcover-2017,0.56217086,0.4378291
1734_kenya-non-crop,0.7796422,0.2203578
15948_geowiki-landcover-2017,0.68092555,0.31907442
2508_rwanda-ceo,0.6809279,0.31907213
1994_kenya-non-crop,0.5621708,0.43782917
190_martinique-france,0.5621715,0.43782845
8993_croplands,0.32973012,0.6702699
551_ile-de-france,0.57664824,0.42335176
3057_ile-de-france,0.32972997,0.67027
1077_martinique-france,0.5621714,0.4378286
1621_kenya-non-crop,0.7796423,0.22035766
15030_geowiki-landcover-2017,0.578073,0.42192698
3357_geowiki-landcover-2017,0.68038195,0.31961802
6156_canada,0.32973963,0.67026037
33916_geowiki-landcover-2017,0.451859,0.548141
3200_rwanda-ceo,0.5780752,0.42192483
5986_canada,0.32972986,0.67027014
951_togo,0.5621695,0.43783048
10224_croplands,0.45185542,0.54814464
10301_geowiki-landcover-2017,0.57746285,0.42253715
470_ethiopia,0.68092793,0.31907207
3223_geowiki-landcover-2017,0.5621706,0.4378294
2643_kenya-non-crop,0.6809279,0.31907213
28336_geowiki-landcover-2017,0.5774631,0.42253694
2162_central-asia,0.3297299,0.67027
573_reunion-france,0.578075,0.42192504
1091_reunion-france,0.5780747,0.4219253
6505_geowiki-landcover-2017,0.45185435,0.54814565
1409_germany,0.45184553,0.54815453
189_tanzania-rice-ecaas,0.33120945,0.6687905
10248_croplands,0.32973596,0.67026407
19149_geowiki-landcover-2017,0.4518542,0.54814583
2758_rwanda-ceo,0.7796403,0.22035967
2267_reunion-france,0.5780725,0.4219275
10200_croplands,0.32973823,0.6702618
1460_germany,0.45185518,0.5481448
1835_reunion-france,0.4518549,0.5481451
4480_geowiki-landcover-2017,0.55954266,0.44045734
16906_geowiki-landcover-2017,0.5621706,0.4378294
5908_canada,0.32972997,0.67027
1195_mali-helmets-labelling-crops,0.56216604,0.43783396
125_togo,0.43382913,0.5661709
580_mali-helmets-labelling-crops,0.43384394,0.566156
26451_geowiki-landcover-2017,0.45185408,0.5481459
4166_canada,0.44921455,0.5507855
48_geowiki-landcover-2017,0.45217478,0.5478252
928_martinique-france,0.5621733,0.43782672
3806_central-asia,0.32972977,0.67027026
4779_central-asia,0.32973015,0.67026985
2743_geowiki-landcover-2017,0.5621642,0.43783584
219_kenya,0.68092716,0.31907284
133_martinique-france,0.5621706,0.4378294
1407_martinique-france,0.56217235,0.43782765
11110_geowiki-landcover-2017,0.69432664,0.3056734
31225_geowiki-landcover-2017,0.45185453,0.5481455
3302_canada,0.32972977,0.67027026
35500_geowiki-landcover-2017,0.32973096,0.670269
102_germany,0.3297301,0.67026997
31062_geowiki-landcover-2017,0.56217057,0.43782943
881_mali-helmets-labelling-crops,0.43382943,0.5661706
662_martinique-france,0.56217104,0.43782896
35830_geowiki-landcover-2017,0.32973504,0.67026496
1634_kenya-non-crop,0.77964216,0.22035785
438_tanzania-rice-ecaas,0.5774638,0.42253613
552_rwanda-ceo,0.77964264,0.22035737
5931_canada,0.4518543,0.5481457
788_tanzania-ceo,0.578052,0.42194808
2568_reunion-france,0.45185533,0.54814464
7072_geowiki-landcover-2017,0.45185375,0.54814625
11997_geowiki-landcover-2017,0.45185447,0.54814553
4696_geowiki-landcover-2017,0.44921377,0.55078626
2596_rwanda-ceo,0.6943254,0.3056746
4432_geowiki-landcover-2017,0.5621714,0.43782863
146_tanzania,0.5780736,0.4219264
3438_canada,0.4518536,0.5481464
1140_rwanda-ceo,0.57807624,0.4219238
9535_croplands,0.40356782,0.59643215
275_kenya,0.6149664,0.38503364
176_rwanda-ceo,0.6943099,0.30569005
2531_canada,0.45185456,0.5481455
274_tanzania-rice-ecaas,0.44983023,0.55016977
2797_geowiki-landcover-2017,0.56217116,0.4378288
20423_geowiki-landcover-2017,0.45185396,0.54814607
3719_ile-de-france,0.32973215,0.6702679
7110_geowiki-landcover-2017,0.4518537,0.5481463
4354_canada,0.32972988,0.6702701
3784_central-asia,0.4518542,0.54814583
10894_croplands,0.5621265,0.43787348
3_kenya,0.68092644,0.3190735
190_canada,0.45185402,0.548146
1309_martinique-france,0.56217116,0.43782887
2256_central-asia,0.45185527,0.5481447
35220_geowiki-landcover-2017,0.45185426,0.5481457
3782_central-asia,0.32972994,0.67027
31986_geowiki-landcover-2017,0.5780706,0.42192936
3837_central-asia,0.32972977,0.6702702
1228_mali-helmets-labelling-crops,0.56217086,0.4378291
3272_central-asia,0.32972965,0.6702703
2185_central-asia,0.32973173,0.67026824
852_germany,0.45185483,0.5481452
950_reunion-france,0.45185488,0.5481451
3805_canada,0.32973078,0.6702692
6739_geowiki-landcover-2017,0.4518541,0.5481459
3891_geowiki-landcover-2017,0.32973087,0.6702691
1105_kenya-non-crop,0.77964216,0.22035785
1519_geowiki-landcover-2017,0.6943262,0.30567375
864_canada,0.32972962,0.6702704
3512_central-asia,0.3297298,0.67027014
939_ile-de-france,0.32973245,0.6702675
1546_ile-de-france,0.5774631,0.42253685
12816_croplands,0.32973093,0.6702691
2258_germany,0.32973003,0.67026997
689_croplands,0.56216943,0.43783057
2875_croplands,0.45185456,0.5481454
3487_rwanda-ceo,0.5780767,0.42192322
4836_ile-de-france,0.45185524,0.54814476
12523_croplands,0.56216085,0.43783912
9653_geowiki-landcover-2017,0.4498315,0.5501685
2059_kenya-non-crop,0.6803822,0.31961784
21264_geowiki-landcover-2017,0.45185384,0.5481462
693_rwanda-ceo,0.6943268,0.30567324
2181_ile-de-france,0.45184544,0.5481546
1186_geowiki-landcover-2017,0.69432664,0.3056734
34491_geowiki-landcover-2017,0.6809276,0.3190724
32870_geowiki-landcover-2017,0.5621706,0.4378294
1483_croplands,0.32973,0.67026997
17399_geowiki-landcover-2017,0.45185068,0.5481493
7744_canada,0.43361697,0.566383
33173_geowiki-landcover-2017,0.32972977,0.67027026
1780_geowiki-landcover-2017,0.56217074,0.4378293
20678_geowiki-landcover-2017,0.68092734,0.31907266
6449_geowiki-landcover-2017,0.45185387,0.5481461
175_canada,0.45185426,0.5481458
4314_croplands,0.32973012,0.67026985
32408_geowiki-landcover-2017,0.3297312,0.6702688
2231_ile-de-france,0.3297307,0.6702693
2067_ile-de-france,0.4518539,0.54814607
1661_central-asia,0.45185626,0.54814374
17776_geowiki-landcover-2017,0.3297299,0.67027
3755_ile-de-france,0.3297307,0.6702693
1392_croplands,0.43382865,0.56617135
677_ethiopia,0.44983575,0.5501642
16841_geowiki-landcover-2017,0.57807493,0.4219251
5474_geowiki-landcover-2017,0.57807446,0.42192554
11272_geowiki-landcover-2017,0.5621708,0.4378292
27948_geowiki-landcover-2017,0.5780752,0.4219248
15398_geowiki-landcover-2017,0.43384647,0.5661535
5924_canada,0.3297296,0.67027044
31759_geowiki-landcover-2017,0.57746226,0.4225377
4696_ile-de-france,0.32973012,0.67026985
9596_croplands,0.32972988,0.6702701
4326_canada,0.4518538,0.5481462
1828_tanzania-ceo,0.5780741,0.42192593
5187_ile-de-france,0.3297566,0.6702434
1309_mali-helmets-labelling-crops,0.43382904,0.56617093
1431_germany,0.3297371,0.6702629
2924_ile-de-france,0.45185485,0.5481451
1382_germany,0.45185438,0.54814565
12318_geowiki-landcover-2017,0.32973358,0.6702664
1261_togo,0.56217086,0.4378291
4406_geowiki-landcover-2017,0.6809271,0.31907287
25923_geowiki-landcover-2017,0.57746345,0.4225366
1759_rwanda-ceo,0.6809272,0.3190728
2995_geowiki-landcover-2017,0.56217086,0.43782914
5092_ile-de-france,0.32973045,0.6702695
2866_geowiki-landcover-2017,0.56217134,0.4378287
13097_geowiki-landcover-2017,0.5781176,0.42188242
1858_central-asia,0.32973132,0.6702687
360_tanzania,0.5780746,0.42192546
1092_germany,0.4518537,0.54814637
3292_ile-de-france,0.3297303,0.6702697
446_togo,0.5621709,0.43782902
749_germany,0.577463,0.422537
319_canada,0.4518541,0.5481459
1816_tanzania-ceo,0.57807493,0.42192513
29964_geowiki-landcover-2017,0.5621702,0.43782982
2421_geowiki-landcover-2017,0.6807835,0.31921652
1528_croplands,0.44983158,0.5501684
515_central-asia,0.32972988,0.6702701
603_geowiki-landcover-2017,0.45185938,0.5481406
7872_geowiki-landcover-2017,0.56217057,0.43782943
2239_central-asia,0.32973593,0.67026407
2468_rwanda-ceo,0.68092746,0.31907254
3127_ile-de-france,0.32973224,0.67026776
992_ile-de-france,0.45185417,0.54814583
825_ile-de-france,0.3297307,0.6702693
63_uganda,0.5601604,0.43983957
901_canada,0.4518537,0.54814625
1417_kenya-non-crop,0.45185882,0.5481412
3064_rwanda-ceo,0.77964234,0.22035766
3213_ile-de-france,0.3297298,0.67027014
25667_geowiki-landcover-2017,0.45185423,0.5481458
987_germany,0.5774632,0.42253676
951_ile-de-france,0.32973057,0.6702695
332_reunion-france,0.57745826,0.4225417
1956_geowiki-landcover-2017,0.56217104,0.437829
232_croplands,0.45185262,0.5481474
28273_geowiki-landcover-2017,0.45185384,0.5481462
10419_geowiki-landcover-2017,0.451854,0.548146
92_mali,0.43402484,0.5659752
31184_geowiki-landcover-2017,0.45185506,0.548145
4783_geowiki-landcover-2017,0.5621708,0.43782923
5329_ile-de-france,0.3297301,0.6702699
4557_canada,0.45185417,0.54814583
9094_geowiki-landcover-2017,0.45185506,0.548145
1211_reunion-france,0.45185465,0.54814535
29777_geowiki-landcover-2017,0.5621705,0.43782955
32232_geowiki-landcover-2017,0.5780753,0.42192465
2752_rwanda-ceo,0.6943266,0.30567336
840_reunion-france,0.451854,0.548146
4678_croplands,0.32974178,0.6702583
5_tanzania-rice-ecaas,0.5778138,0.4221862
661_croplands,0.5621695,0.4378305
2432_geowiki-landcover-2017,0.5621708,0.4378292
4882_canada,0.32972947,0.67027056
2012_rwanda-ceo,0.6809268,0.3190732
1259_togo,0.43382934,0.56617063
6972_canada,0.45185348,0.54814655
1802_tanzania-ceo,0.57746357,0.42253646
9312_geowiki-landcover-2017,0.5621699,0.43783015
1942_canada,0.4518537,0.54814637
17348_geowiki-landcover-2017,0.4518536,0.5481464
27777_geowiki-landcover-2017,0.57807475,0.42192525
11143_geowiki-landcover-2017,0.6809163,0.31908366
731_rwanda-ceo,0.57807285,0.42192718
20103_geowiki-landcover-2017,0.6943258,0.30567423
61_martinique-france,0.5621708,0.43782923
6570_canada,0.33198774,0.66801226
1691_tanzania-ceo,0.4498455,0.55015457
1697_central-asia,0.32973078,0.6702692
17768_geowiki-landcover-2017,0.69432455,0.30567545
479_mali-helmets-labelling-crops,0.5621712,0.43782875
16700_geowiki-landcover-2017,0.57807475,0.42192525
272_lem-brazil,0.45185497,0.54814506
327_togo,0.56217074,0.43782932
3793_geowiki-landcover-2017,0.5621711,0.43782887
11897_geowiki-landcover-2017,0.5621709,0.43782908
2006_geowiki-landcover-2017,0.45185944,0.5481405
2017_central-asia,0.45185438,0.54814565
2720_ile-de-france,0.45185325,0.5481468
2141_kenya-non-crop,0.7796423,0.22035766
2713_geowiki-landcover-2017,0.56217104,0.437829
25249_geowiki-landcover-2017,0.68092567,0.31907433
23046_geowiki-landcover-2017,0.68092686,0.31907314
3783_canada,0.32972944,0.67027056
20161_geowiki-landcover-2017,0.57807446,0.42192554
2248_rwanda-ceo,0.6809269,0.31907308
32454_geowiki-landcover-2017,0.45186186,0.54813814
21357_geowiki-landcover-2017,0.44983166,0.55016834
176_ile-de-france,0.4518547,0.5481453
11963_geowiki-landcover-2017,0.5780752,0.42192486
1163_martinique-france,0.56217176,0.43782827
5749_ile-de-france,0.329731,0.670269
15694_geowiki-landcover-2017,0.57746303,0.42253697
24_tanzania-rice-ecaas,0.4498166,0.55018336
24891_geowiki-landcover-2017,0.7796415,0.2203585
25415_geowiki-landcover-2017,0.4518539,0.5481461
488_mali-helmets-labelling-crops,0.5621706,0.4378294
186_togo,0.56217146,0.43782848
32629_geowiki-landcover-2017,0.4518569,0.54814315
78_ethiopia,0.5601595,0.4398405
3448_ile-de-france,0.45185512,0.5481449
10694_geowiki-landcover-2017,0.57746327,0.4225367
4564_central-asia,0.32974336,0.6702566
1871_martinique-france,0.562171,0.43782902
4859_canada,0.4518438,0.5481562
22695_geowiki-landcover-2017,0.44983175,0.5501683
27540_geowiki-landcover-2017,0.5780812,0.42191875
29600_geowiki-landcover-2017,0.5780686,0.42193136
11442_geowiki-landcover-2017,0.5621706,0.4378294
2239_geowiki-landcover-2017,0.5774621,0.4225379
17986_geowiki-landcover-2017,0.5780747,0.4219253
19234_geowiki-landcover-2017,0.44983158,0.5501684
20311_geowiki-landcover-2017,0.69432676,0.3056732
6772_geowiki-landcover-2017,0.4518541,0.5481459
7517_canada,0.4518531,0.5481469
4168_geowiki-landcover-2017,0.5779797,0.42202032
11941_geowiki-landcover-2017,0.56572807,0.43427193
234_croplands,0.3297299,0.67027
494_croplands,0.56217057,0.43782946
1438_martinique-france,0.56217134,0.43782863
1955_kenya-non-crop,0.56217116,0.43782884
25920_geowiki-landcover-2017,0.5780738,0.42192623
1289_geowiki-landcover-2017,0.6943266,0.30567345
13407_croplands,0.45185456,0.5481455
29500_geowiki-landcover-2017,0.45185742,0.54814255
447_ethiopia,0.56211126,0.43788868
25302_geowiki-landcover-2017,0.45185402,0.548146
491_mali-helmets-labelling-crops,0.5621699,0.43783012
946_togo,0.56220174,0.4377982
2452_geowiki-landcover-2017,0.5621707,0.43782932
5668_ile-de-france,0.4518544,0.54814565
2053_ile-de-france,0.4518537,0.5481463
7856_canada,0.45183423,0.54816574
1731_central-asia,0.329731,0.670269
4755_canada,0.32972953,0.6702705
32098_geowiki-landcover-2017,0.43384945,0.5661505
4606_ile-de-france,0.45185435,0.5481457
27137_geowiki-landcover-2017,0.45186317,0.54813683
12724_geowiki-landcover-2017,0.5780744,0.4219256
11680_geowiki-landcover-2017,0.56214195,0.43785807
12024_geowiki-landcover-2017,0.4518538,0.5481462
6640_geowiki-landcover-2017,0.45185333,0.5481467
310_germany,0.45185426,0.5481458
6412_canada,0.45182347,0.5481765
909_canada,0.3297296,0.67027044
6597_canada,0.32972988,0.6702701
21931_geowiki-landcover-2017,0.4518548,0.5481452
103_rwanda-ceo,0.5780727,0.4219272
489_tanzania-rice-ecaas,0.4492151,0.5507849
2223_geowiki-landcover-2017,0.5780751,0.4219249
8836_geowiki-landcover-2017,0.5780742,0.4219258
882_tanzania-ceo,0.45185384,0.5481462
455_ethiopia,0.6809276,0.3190724
6005_canada,0.32972947,0.67027056
4052_canada,0.32973072,0.67026925
4726_central-asia,0.45185497,0.548145
2146_martinique-france,0.5621712,0.43782878
22893_geowiki-landcover-2017,0.4338294,0.56617063
1482_rwanda-ceo,0.68092686,0.31907317
3097_ile-de-france,0.45185456,0.5481455
3517_central-asia,0.45185393,0.54814607
2143_canada,0.45185485,0.5481451
6234_geowiki-landcover-2017,0.5621704,0.4378296
32514_geowiki-landcover-2017,0.3297351,0.6702649
2229_croplands,0.45185456,0.5481455
32507_geowiki-landcover-2017,0.451854,0.548146
1737_martinique-france,0.5621715,0.43782842
4927_croplands,0.45185426,0.5481458
26813_geowiki-landcover-2017,0.4518565,0.5481435
265_central-asia,0.32973003,0.67026997
1468_canada,0.45185435,0.5481457
427_lem-brazil,0.4518479,0.5481521
1323_mali-helmets-labelling-crops,0.43382874,0.5661713
1248_geowiki-landcover-2017,0.6943253,0.30567467
1259_geowiki-landcover-2017,0.6943269,0.30567312
23858_geowiki-landcover-2017,0.45185456,0.5481455
2789_central-asia,0.32974035,0.67025965
399_rwanda-ceo,0.69432616,0.3056738
28980_geowiki-landcover-2017,0.45185387,0.5481461
32632_geowiki-landcover-2017,0.3297301,0.6702699
2435_central-asia,0.32973045,0.67026955
3108_ile-de-france,0.32973036,0.6702696
768_reunion-france,0.451859,0.548141
1246_martinique-france,0.56217146,0.43782854
18504_geowiki-landcover-2017,0.5621705,0.43782955
9335_geowiki-landcover-2017,0.5780746,0.42192546
873_canada,0.32972962,0.6702704
1209_ile-de-france,0.45185506,0.548145
2875_canada,0.3297314,0.67026854
3953_ile-de-france,0.4518539,0.54814607
18481_geowiki-landcover-2017,0.4518546,0.5481454
463_reunion-france,0.45185617,0.54814386
21250_geowiki-landcover-2017,0.6809279,0.3190721
483_mali-helmets-labelling-crops,0.43382853,0.56617147
4925_central-asia,0.3297303,0.6702697
1779_ile-de-france,0.3297302,0.6702698
1826_canada,0.3297296,0.67027044
7452_canada,0.32972965,0.6702703
9367_geowiki-landcover-2017,0.57807434,0.42192566
26098_geowiki-landcover-2017,0.6809245,0.31907558
32787_geowiki-landcover-2017,0.3297336,0.67026633
1847_reunion-france,0.45185444,0.54814553
3397_ile-de-france,0.45185786,0.54814214
1100_geowiki-landcover-2017,0.69432503,0.305675
15118_geowiki-landcover-2017,0.45185402,0.548146
19235_geowiki-landcover-2017,0.6808991,0.3191009
1357_geowiki-landcover-2017,0.4518547,0.5481453
32500_geowiki-landcover-2017,0.45185426,0.5481458
3134_geowiki-landcover-2017,0.6809273,0.31907275
1091_geowiki-landcover-2017,0.69432664,0.3056734
5186_ile-de-france,0.32973042,0.67026955
2018_canada,0.45185363,0.54814637
27723_geowiki-landcover-2017,0.5780741,0.4219259
2707_ile-de-france,0.45186892,0.5481311
4505_central-asia,0.32972986,0.67027014
11388_geowiki-landcover-2017,0.57807475,0.42192522
1190_togo,0.680382,0.319618
27132_geowiki-landcover-2017,0.45185354,0.5481465
1202_ile-de-france,0.45185408,0.5481459
1387_rwanda-ceo,0.57807493,0.4219251
29333_geowiki-landcover-2017,0.57807434,0.4219257
30471_geowiki-landcover-2017,0.45185313,0.54814684
3515_geowiki-landcover-2017,0.5621707,0.43782932
4412_central-asia,0.32973114,0.6702689
698_reunion-france,0.5780743,0.42192575
773_togo,0.56217104,0.43782896
7479_canada,0.45185366,0.54814637
20997_geowiki-landcover-2017,0.45186558,0.54813445
14862_geowiki-landcover-2017,0.5780763,0.4219237
195_mali-helmets-labelling-crops,0.5621699,0.43783012
6091_canada,0.56206745,0.43793252
621_tanzania-rice-ecaas,0.4518547,0.5481453
400_martinique-france,0.56217164,0.43782833
5332_canada,0.45185268,0.5481473
5363_canada,0.4518536,0.5481464
4973_central-asia,0.32972962,0.6702704
3370_rwanda-ceo,0.6809269,0.31907302
1294_tanzania-ceo,0.69432664,0.3056734
4078_canada,0.32972953,0.6702705
6205_geowiki-landcover-2017,0.5621703,0.4378297
465_ile-de-france,0.3297306,0.6702694
5298_canada,0.32972986,0.67027014
2158_canada,0.3297375,0.6702625
5869_canada,0.32973057,0.6702695
32665_geowiki-landcover-2017,0.4518539,0.54814607
26365_geowiki-landcover-2017,0.56217134,0.4378287
7640_canada,0.45185402,0.548146
26291_geowiki-landcover-2017,0.5621712,0.43782872
1216_geowiki-landcover-2017,0.45185226,0.5481478
427_geowiki-landcover-2017,0.45185438,0.54814565
746_central-asia,0.32973003,0.67026997
216_tanzania-rice-ecaas,0.44964358,0.55035645
16475_geowiki-landcover-2017,0.57807493,0.42192513
198_martinique-france,0.56217134,0.4378287
26660_geowiki-landcover-2017,0.45185375,0.54814625
5937_geowiki-landcover-2017,0.68092656,0.31907344
24566_geowiki-landcover-2017,0.45185485,0.5481451
47_uganda,0.6809272,0.3190728
16408_geowiki-landcover-2017,0.68092597,0.31907406
541_canada,0.4518537,0.5481463
610_reunion-france,0.5780755,0.4219245
2185_kenya-non-crop,0.43384477,0.5661552
1179_togo,0.5621702,0.43782976
1401_croplands,0.5780745,0.4219255
274_tanzania,0.5780748,0.42192522
16_sudan,0.56217164,0.43782833
741_togo,0.5621711,0.43782887
12215_geowiki-landcover-2017,0.68091,0.31909
2123_croplands,0.45185292,0.5481471
3344_central-asia,0.32972962,0.6702704
430_canada,0.45185375,0.54814625
728_geowiki-landcover-2017,0.32974285,0.67025715
205_geowiki-landcover-2017,0.6943267,0.30567333
574_ile-de-france,0.45185506,0.548145
2393_geowiki-landcover-2017,0.5621721,0.4378279
4394_croplands,0.45185462,0.54814535
4213_canada,0.45185375,0.54814625
737_germany,0.32972965,0.6702703
26_croplands,0.43382934,0.56617063
2651_kenya-non-crop,0.7796422,0.2203578
2950_ile-de-france,0.44920886,0.55079114
1365_martinique-france,0.562172,0.43782803
5126_geowiki-landcover-2017,0.5780746,0.42192546
52_ethiopia,0.5601602,0.43983972
34306_geowiki-landcover-2017,0.43382972,0.56617033
4652_geowiki-landcover-2017,0.45185384,0.5481462
11672_geowiki-landcover-2017,0.57806325,0.42193675
67_tanzania-ceo,0.7796426,0.2203574
1007_central-asia,0.44921142,0.5507886
1204_canada,0.3297297,0.67027026
128_lem-brazil,0.4518544,0.5481456
13597_croplands,0.32972988,0.6702701
9406_geowiki-landcover-2017,0.57546824,0.42453176
1380_kenya-non-crop,0.5780586,0.4219414
312_kenya-non-crop,0.6809267,0.31907338
1428_geowiki-landcover-2017,0.6943261,0.3056739
2190_canada,0.4518547,0.5481453
2180_martinique-france,0.5621714,0.4378286
2427_geowiki-landcover-2017,0.43382907,0.56617093
1131_tanzania-ceo,0.694321,0.30567902
29198_geowiki-landcover-2017,0.3297296,0.67027044
3111_ile-de-france,0.4518491,0.54815096
516_canada,0.451854,0.548146
2_kenya-non-crop,0.5601625,0.43983752
18073_geowiki-landcover-2017,0.45185277,0.54814726
1347_central-asia,0.32973033,0.67026967
219_tanzania,0.4498327,0.55016726
1566_reunion-france,0.45185393,0.54814607
1811_geowiki-landcover-2017,0.56217027,0.43782973
5774_ile-de-france,0.451852,0.548148
5046_canada,0.3297298,0.67027014
338_kenya-non-crop,0.5754695,0.4245305
13183_geowiki-landcover-2017,0.5621703,0.4378297
32421_geowiki-landcover-2017,0.45185497,0.54814506
34621_geowiki-landcover-2017,0.3297297,0.67027026
2239_croplands,0.44921038,0.55078965
108_mali-non-crop,0.5621714,0.43782857
589_germany,0.45185456,0.5481454
300_kenya-non-crop,0.68092734,0.31907272
108_lem-brazil,0.45185447,0.54814553
31959_geowiki-landcover-2017,0.449208,0.55079204
3075_ile-de-france,0.3297296,0.67027044
31003_geowiki-landcover-2017,0.45185485,0.5481451
9873_geowiki-landcover-2017,0.6943239,0.3056761
5783_canada,0.32972977,0.6702702
2431_kenya-non-crop,0.5621708,0.43782917
23204_geowiki-landcover-2017,0.5774633,0.42253667
1254_ile-de-france,0.3297305,0.6702695
643_tanzania-ceo,0.6943213,0.30567873
10032_croplands,0.4519549,0.54804516
6164_geowiki-landcover-2017,0.6943264,0.3056736
36_martinique-france,0.5621715,0.43782845
12342_geowiki-landcover-2017,0.68092686,0.31907314
628_ethiopia,0.6809267,0.3190733
5046_central-asia,0.3297301,0.67026997
5547_canada,0.32972953,0.6702705
1743_ile-de-france,0.32973036,0.6702696
380_rwanda-ceo,0.6809275,0.3190725
32026_geowiki-landcover-2017,0.4518535,0.5481465
29636_geowiki-landcover-2017,0.45185354,0.5481464
8844_geowiki-landcover-2017,0.4518539,0.54814607
789_canada,0.4518538,0.5481462
22605_geowiki-landcover-2017,0.45185035,0.54814965
24455_geowiki-landcover-2017,0.4518908,0.5481092
8146_geowiki-landcover-2017,0.56217104,0.43782896
5617_canada,0.32972962,0.6702704
3940_central-asia,0.3297296,0.67027044
29703_geowiki-landcover-2017,0.5621813,0.4378187
6_tanzania,0.44988236,0.5501177
5649_canada,0.4518534,0.5481466
1595_germany,0.32973328,0.67026675
1403_ile-de-france,0.4518534,0.5481466
10824_geowiki-landcover-2017,0.694311,0.30568898
29504_geowiki-landcover-2017,0.32972953,0.6702705
522_central-asia,0.32973078,0.6702692
2962_central-asia,0.32973206,0.67026794
6912_croplands,0.3297328,0.6702672
8065_geowiki-landcover-2017,0.6943264,0.30567357
26278_geowiki-landcover-2017,0.3297297,0.6702703
11121_geowiki-landcover-2017,0.57746303,0.422537
1983_canada,0.45185408,0.5481459
27917_geowiki-landcover-2017,0.57807493,0.42192504
5606_canada,0.32972986,0.67027014
14117_geowiki-landcover-2017,0.6943268,0.30567315
35358_geowiki-landcover-2017,0.5780747,0.4219253
26561_geowiki-landcover-2017,0.57807434,0.4219257
34747_geowiki-landcover-2017,0.32972953,0.6702705
230_lem-brazil,0.577463,0.4225371
24665_geowiki-landcover-2017,0.5780753,0.42192465
3922_geowiki-landcover-2017,0.32972965,0.6702703
34772_geowiki-landcover-2017,0.3297301,0.67026997
17217_geowiki-landcover-2017,0.32972997,0.67027
20264_geowiki-landcover-2017,0.45185333,0.54814667
14413_geowiki-landcover-2017,0.5780746,0.42192543
1068_geowiki-landcover-2017,0.5780727,0.42192727
704_geowiki-landcover-2017,0.57562727,0.4243727
8435_geowiki-landcover-2017,0.57807446,0.42192554
2230_martinique-france,0.56217146,0.43782854
35714_geowiki-landcover-2017,0.57807523,0.42192474
190_kenya-non-crop,0.779641,0.22035906
5799_canada,0.3297306,0.6702694
16036_geowiki-landcover-2017,0.5621708,0.43782917
751_kenya-non-crop,0.68092614,0.31907386
621_ethiopia,0.6943268,0.30567315
2426_geowiki-landcover-2017,0.57807565,0.42192435
2900_geowiki-landcover-2017,0.56217086,0.4378291
817_central-asia,0.5774571,0.4225429
22126_geowiki-landcover-2017,0.45185366,0.54814637
577_rwanda-ceo,0.6943054,0.3056946
1450_reunion-france,0.45185554,0.54814446
4187_ile-de-france,0.3297305,0.6702695
681_germany,0.45185494,0.54814506
554_croplands,0.4492115,0.5507885
1665_geowiki-landcover-2017,0.6809271,0.3190729
1345_ile-de-france,0.45185536,0.54814464
9712_geowiki-landcover-2017,0.5621709,0.43782902
32934_geowiki-landcover-2017,0.5780753,0.42192474
612_reunion-france,0.6943268,0.30567318
26820_geowiki-landcover-2017,0.4518546,0.5481454
105_togo,0.43382898,0.56617105
31246_geowiki-landcover-2017,0.5621712,0.43782878
16017_geowiki-landcover-2017,0.32972988,0.67027014
24011_geowiki-landcover-2017,0.56217086,0.43782914
19102_geowiki-landcover-2017,0.69432664,0.30567333
2576_ile-de-france,0.3297297,0.6702703
10111_croplands,0.32973877,0.6702612
22553_geowiki-landcover-2017,0.45185402,0.548146
923_ile-de-france,0.45185405,0.548146
447_ile-de-france,0.32973108,0.67026895
879_tanzania-ceo,0.69432235,0.30567768
30851_geowiki-landcover-2017,0.32972962,0.6702704
32660_geowiki-landcover-2017,0.45185414,0.54814583
4450_croplands,0.329736,0.670264
3989_canada,0.45185348,0.54814655
6131_canada,0.4518547,0.54814535
1148_ile-de-france,0.45185456,0.5481454
7566_canada,0.45185384,0.5481462
28169_geowiki-landcover-2017,0.56217086,0.4378291
6888_canada,0.32972997,0.67027
16785_geowiki-landcover-2017,0.5621704,0.4378296
242_kenya,0.6809257,0.3190743
756_croplands,0.45185384,0.5481462
777_croplands,0.32972988,0.6702701
2352_martinique-france,0.56217146,0.43782857
5939_ile-de-france,0.3297301,0.67026997
29356_geowiki-landcover-2017,0.45185372,0.54814625
3089_croplands,0.4498303,0.5501697
1786_rwanda-ceo,0.44992635,0.5500737
7446_croplands,0.34648466,0.65351534
618_croplands,0.32972988,0.6702701
25430_geowiki-landcover-2017,0.45185426,0.5481457
8803_geowiki-landcover-2017,0.5780746,0.42192543
2331_ile-de-france,0.32973,0.67026997
21810_geowiki-landcover-2017,0.5780753,0.42192465
14955_croplands,0.32973006,0.67026997
6441_canada,0.32972986,0.67027014
2819_rwanda-ceo,0.5780747,0.42192534
6715_canada,0.45173687,0.54826313
2388_kenya-non-crop,0.5621714,0.43782863
93_canada,0.45185298,0.548147
1866_kenya-non-crop,0.6804128,0.31958717
85_mali,0.56217074,0.43782926
3266_canada,0.45185363,0.54814637
5129_canada,0.44921127,0.5507887
1052_ile-de-france,0.32973197,0.670268
17622_geowiki-landcover-2017,0.45185426,0.5481457
2738_central-asia,0.4518535,0.5481465
2394_ile-de-france,0.3297304,0.6702696
16102_geowiki-landcover-2017,0.578074,0.42192602
2855_rwanda-ceo,0.69432557,0.3056745
1271_kenya-non-crop,0.578075,0.421925
6750_geowiki-landcover-2017,0.45185497,0.54814506
28759_geowiki-landcover-2017,0.577463,0.422537
1363_mali-helmets-labelling-crops,0.4338294,0.56617063
2026_martinique-france,0.5621715,0.43782842
708_ethiopia,0.56217074,0.43782926
228_germany,0.45185506,0.548145
1772_geowiki-landcover-2017,0.45185456,0.5481455
2322_ile-de-france,0.32972983,0.67027014
1552_martinique-france,0.56220144,0.43779853
10410_geowiki-landcover-2017,0.5780734,0.42192656
25689_geowiki-landcover-2017,0.5774643,0.42253572
2228_kenya-non-crop,0.5621705,0.43782955
2370_rwanda-ceo,0.5780743,0.42192572
77_togo,0.56217,0.43782994
26814_geowiki-landcover-2017,0.4518541,0.5481459
2935_canada,0.57741284,0.4225871
513_germany,0.32973018,0.67026985
3087_central-asia,0.32973066,0.6702693
70_lem-brazil,0.45185623,0.54814374
2704_ile-de-france,0.45185387,0.5481461
7572_geowiki-landcover-2017,0.45185438,0.54814565
11144_geowiki-landcover-2017,0.57807314,0.4219269
2222_reunion-france,0.45185438,0.54814565
849_martinique-france,0.56217235,0.43782765
5893_ile-de-france,0.3297298,0.6702702
24333_geowiki-landcover-2017,0.45185426,0.5481457
1215_geowiki-landcover-2017,0.5621705,0.43782955
27510_geowiki-landcover-2017,0.5621682,0.43783182
3232_rwanda-ceo,0.57807654,0.42192346
633_mali-helmets-labelling-crops,0.56217015,0.43782985
1524_tanzania-ceo,0.77964216,0.2203579
2468_central-asia,0.45184937,0.54815066
1512_tanzania-ceo,0.449832,0.550168
1835_kenya-non-crop,0.77964234,0.22035764
2191_tanzania-ceo,0.57807463,0.42192537
274_lem-brazil,0.45185506,0.54814494
14243_geowiki-landcover-2017,0.5780752,0.4219248
34665_geowiki-landcover-2017,0.45185655,0.5481434
322_germany,0.4518555,0.54814446
11395_geowiki-landcover-2017,0.5621708,0.43782923
2625_kenya-non-crop,0.6809267,0.31907338
238_ile-de-france,0.45185408,0.5481459
25779_geowiki-landcover-2017,0.45202753,0.54797244
31101_geowiki-landcover-2017,0.45184755,0.54815245
9837_geowiki-landcover-2017,0.6809268,0.3190732
29507_geowiki-landcover-2017,0.4518539,0.54814607
29529_geowiki-landcover-2017,0.44921145,0.5507886
1474_mali-helmets-labelling-crops,0.56214166,0.4378584
25459_geowiki-landcover-2017,0.32972962,0.6702704
442_kenya-non-crop,0.69432455,0.30567545
2046_kenya-non-crop,0.5621716,0.43782842
32418_geowiki-landcover-2017,0.3297298,0.6702702
6106_canada,0.32973218,0.6702678
14908_croplands,0.5780745,0.42192551
1111_mali-helmets-labelling-crops,0.56216836,0.43783164
1439_kenya-non-crop,0.68038213,0.31961784
23990_geowiki-landcover-2017,0.4498326,0.5501674
5962_ile-de-france,0.32973054,0.6702695
443_martinique-france,0.5621703,0.4378297
22236_geowiki-landcover-2017,0.4518532,0.5481468
19_mali-helmets-labelling-crops,0.5621658,0.43783423
305_canada,0.45185405,0.54814595
1516_croplands,0.32973057,0.6702695
3426_ile-de-france,0.45185706,0.54814297
1156_central-asia,0.32973036,0.6702696
2311_reunion-france,0.5780726,0.4219274
356_canada,0.45185426,0.5481458
17113_geowiki-landcover-2017,0.56216943,0.43783057
2249_rwanda-ceo,0.6809269,0.31907308
11550_croplands,0.4518538,0.5481462
1202_geowiki-landcover-2017,0.4498196,0.5501804
358_ethiopia,0.68092537,0.31907463
3488_geowiki-landcover-2017,0.5621709,0.43782905
18211_geowiki-landcover-2017,0.45185456,0.5481454
33530_geowiki-landcover-2017,0.45185435,0.54814565
29664_geowiki-landcover-2017,0.5780747,0.42192537
1193_mali-helmets-labelling-crops,0.56217104,0.43782896
2339_ile-de-france,0.32973143,0.67026854
3909_central-asia,0.45185408,0.5481459
14161_croplands,0.43385854,0.5661414
1812_reunion-france,0.6943237,0.30567628
323_tanzania,0.44983235,0.5501677
556_martinique-france,0.56217116,0.43782887
6896_croplands,0.44983193,0.55016804
35321_geowiki-landcover-2017,0.329735,0.670265
834_kenya-non-crop,0.68092495,0.31907502
2360_canada,0.45185375,0.54814625
105_canada,0.45185372,0.54814625
107_uganda,0.56015974,0.43984026
2075_canada,0.45185262,0.5481474
10494_geowiki-landcover-2017,0.5621705,0.43782946
28349_geowiki-landcover-2017,0.57807493,0.42192513
510_martinique-france,0.5621715,0.43782845
15592_geowiki-landcover-2017,0.449833,0.550167
856_kenya-non-crop,0.7796356,0.2203644
27590_geowiki-landcover-2017,0.5780458,0.4219542
3435_rwanda-ceo,0.57808,0.42192
20548_geowiki-landcover-2017,0.45185512,0.5481448
1813_kenya-non-crop,0.77964234,0.22035764
6114_geowiki-landcover-2017,0.6809275,0.31907248
29734_geowiki-landcover-2017,0.32972953,0.6702705
9187_croplands,0.32973003,0.67026997
1510_germany,0.32973075,0.6702693
3101_geowiki-landcover-2017,0.56217116,0.43782887
225_kenya-non-crop,0.68092746,0.31907257
3095_geowiki-landcover-2017,0.56217086,0.4378291
8695_geowiki-landcover-2017,0.68092674,0.3190733
466_rwanda-ceo,0.6943268,0.30567315
8644_geowiki-landcover-2017,0.5780746,0.42192543
3902_geowiki-landcover-2017,0.45185384,0.5481462
4292_central-asia,0.32972997,0.67027
10737_croplands,0.45184416,0.54815584
113_ile-de-france,0.32973027,0.6702697
510_central-asia,0.32973093,0.6702691
770_lem-brazil,0.57746047,0.4225395
30412_geowiki-landcover-2017,0.4518551,0.54814494
1383_tanzania-ceo,0.44920045,0.55079955
156_martinique-france,0.5621716,0.43782842
7812_geowiki-landcover-2017,0.44921148,0.5507885
24096_geowiki-landcover-2017,0.56217134,0.43782872
1347_rwanda-ceo,0.57807565,0.4219244
33924_geowiki-landcover-2017,0.45185277,0.54814726
919_croplands,0.5621708,0.43782923
41_tanzania-rice-ecaas,0.44978198,0.55021805
34361_geowiki-landcover-2017,0.5780745,0.42192551
213_reunion-france,0.45185333,0.54814667
1388_ile-de-france,0.45185298,0.5481471
894_croplands,0.45185477,0.54814523
5067_ile-de-france,0.32972997,0.67027
32165_geowiki-landcover-2017,0.44921133,0.5507887
23556_geowiki-landcover-2017,0.5774628,0.42253718
2431_geowiki-landcover-2017,0.5621706,0.43782935
23757_geowiki-landcover-2017,0.4518537,0.5481463
933_ile-de-france,0.57746166,0.42253837
7879_canada,0.45185408,0.5481459
2993_geowiki-landcover-2017,0.5621705,0.43782946
12038_geowiki-landcover-2017,0.68092734,0.31907266
3098_ile-de-france,0.32973406,0.6702659
3499_rwanda-ceo,0.7796429,0.22035718
2145_martinique-france,0.56217164,0.43782842
1286_canada,0.32972953,0.6702705
2075_kenya-non-crop,0.6803822,0.31961784
30217_geowiki-landcover-2017,0.57194173,0.42805827
466_germany,0.5774621,0.4225379
17907_geowiki-landcover-2017,0.45185497,0.548145
5896_canada,0.32972988,0.6702701
13492_geowiki-landcover-2017,0.43384078,0.56615925
1406_martinique-france,0.56217134,0.43782863
2626_reunion-france,0.5780766,0.4219234
13490_croplands,0.45185393,0.54814607
1029_central-asia,0.44921115,0.5507889
1084_togo,0.4338355,0.5661645
5305_ile-de-france,0.32973042,0.67026955
3957_canada,0.3297296,0.67027044
22722_geowiki-landcover-2017,0.5621703,0.4378297
4319_central-asia,0.32972962,0.6702704
4458_canada,0.32972953,0.6702705
1170_togo,0.68091744,0.31908256
106_uganda,0.6809266,0.3190734
465_mali-helmets-labelling-crops,0.5621711,0.43782887
17024_geowiki-landcover-2017,0.56217176,0.43782827
4531_ile-de-france,0.32973057,0.6702694
10337_geowiki-landcover-2017,0.5621706,0.43782932
1300_kenya-non-crop,0.44983324,0.5501667
9012_croplands,0.45185372,0.54814625
16833_geowiki-landcover-2017,0.44920933,0.55079067
29683_geowiki-landcover-2017,0.32973593,0.67026407
4688_ile-de-france,0.32973057,0.6702695
5942_canada,0.57746106,0.42253897
2030_central-asia,0.32973084,0.67026913
5497_canada,0.32972997,0.67027
1073_geowiki-landcover-2017,0.69432604,0.30567393
282_germany,0.4492077,0.55079234
2000_tanzania-ceo,0.5754788,0.42452118
32158_geowiki-landcover-2017,0.32972935,0.6702707
2955_central-asia,0.32973105,0.67026895
8845_croplands,0.4518542,0.54814583
764_lem-brazil,0.57746226,0.4225377
1828_kenya-non-crop,0.77964234,0.22035764
1339_croplands,0.56217027,0.43782976
27854_geowiki-landcover-2017,0.32972953,0.6702705
3958_central-asia,0.4518541,0.5481459
533_mali-helmets-labelling-crops,0.4338309,0.56616914
2314_geowiki-landcover-2017,0.5780749,0.42192513
5825_geowiki-landcover-2017,0.45183617,0.54816383
5489_ile-de-france,0.45182598,0.548174
794_rwanda-ceo,0.6809263,0.3190737
34666_geowiki-landcover-2017,0.45184797,0.548152
1123_tanzania-ceo,0.57813513,0.4218648
25632_geowiki-landcover-2017,0.3297295,0.67027056
4438_croplands,0.32973003,0.67026997
6730_croplands,0.57807374,0.4219263
12635_croplands,0.5621608,0.43783927
19332_geowiki-landcover-2017,0.45185453,0.5481455
956_mali-helmets-labelling-crops,0.43382943,0.5661705
27361_geowiki-landcover-2017,0.56217146,0.43782857
4065_canada,0.451854,0.548146
4468_croplands,0.32972988,0.6702701
1364_geowiki-landcover-2017,0.5774625,0.42253748
31065_geowiki-landcover-2017,0.5774633,0.4225367
14446_geowiki-landcover-2017,0.6809268,0.31907323
2252_geowiki-landcover-2017,0.44921222,0.5507878
5419_ile-de-france,0.32973224,0.67026776
3112_canada,0.32972947,0.6702705
642_tanzania-rice-ecaas,0.32973158,0.6702684
3625_central-asia,0.32972997,0.67027
1210_reunion-france,0.4518542,0.54814583
4546_geowiki-landcover-2017,0.45185447,0.54814553
5093_ile-de-france,0.32972965,0.6702703
281_central-asia,0.32973075,0.67026925
9524_croplands,0.32981902,0.670181
847_tanzania-ceo,0.5780746,0.42192543
18531_geowiki-landcover-2017,0.5621715,0.43782848
807_reunion-france,0.5780745,0.4219255
1988_martinique-france,0.56217194,0.43782803
19527_geowiki-landcover-2017,0.43383035,0.5661696
842_kenya-non-crop,0.68093073,0.3190692
275_ile-de-france,0.44920287,0.5507971
3421_rwanda-ceo,0.57806253,0.42193747
229_canada,0.32972962,0.6702704
4900_canada,0.32972962,0.6702704
3612_canada,0.32973,0.67026997
109_mali-non-crop,0.5621708,0.43782917
683_togo,0.43382865,0.56617135
28761_geowiki-landcover-2017,0.3297297,0.6702703
11774_geowiki-landcover-2017,0.5621707,0.43782932
1653_canada,0.32973492,0.67026514
22089_geowiki-landcover-2017,0.45185402,0.548146
24914_geowiki-landcover-2017,0.45185488,0.5481451
3422_central-asia,0.32972977,0.67027026
10768_croplands,0.329731,0.670269
708_lem-brazil,0.5774618,0.42253825
6287_canada,0.3297298,0.67027014
2707_canada,0.32972968,0.6702703
25826_geowiki-landcover-2017,0.5780747,0.42192534
7655_canada,0.45185348,0.54814655
10852_croplands,0.433826,0.56617403
537_reunion-france,0.44985545,0.5501446
1127_germany,0.45185387,0.5481461
5300_central-asia,0.32972997,0.67027
26840_geowiki-landcover-2017,0.57807446,0.42192557
23712_geowiki-landcover-2017,0.43382865,0.56617135
1720_kenya-non-crop,0.7796423,0.22035766
5631_geowiki-landcover-2017,0.4518528,0.5481472
1730_central-asia,0.32973394,0.67026603
167_kenya,0.68092763,0.31907234
1867_reunion-france,0.6943255,0.3056745
1006_rwanda-ceo,0.57807565,0.42192435
2603_reunion-france,0.57773215,0.42226788
6734_geowiki-landcover-2017,0.43382904,0.566171
19211_geowiki-landcover-2017,0.4498315,0.5501686
22687_geowiki-landcover-2017,0.4518541,0.5481459
2332_martinique-france,0.5621713,0.43782872
282_reunion-france,0.45185426,0.5481458
1543_reunion-france,0.5780745,0.42192551
1187_rwanda-ceo,0.5754672,0.4245327
7067_geowiki-landcover-2017,0.45185328,0.5481467
1345_germany,0.45185488,0.5481451
1599_rwanda-ceo,0.69432616,0.3056738
1214_central-asia,0.32973084,0.6702692
3704_ile-de-france,0.32973033,0.6702696
7261_geowiki-landcover-2017,0.5780742,0.4219258
2805_central-asia,0.32973114,0.6702689
1497_tanzania-ceo,0.69432634,0.30567366
6214_canada,0.32972986,0.67027014
8234_geowiki-landcover-2017,0.5621709,0.4378291
8935_geowiki-landcover-2017,0.6809267,0.31907338
4860_canada,0.4518535,0.5481465
1009_germany,0.45185053,0.54814947
7710_canada,0.32973096,0.6702691
31058_geowiki-landcover-2017,0.45185384,0.5481462
620_geowiki-landcover-2017,0.57746536,0.4225346
29288_geowiki-landcover-2017,0.32973045,0.6702695
29225_geowiki-landcover-2017,0.45185354,0.5481465
7936_canada,0.32972965,0.6702703
5399_canada,0.45185375,0.54814625
15115_geowiki-landcover-2017,0.4518541,0.5481459
21352_geowiki-landcover-2017,0.4518563,0.54814374
1737_rwanda-ceo,0.5780747,0.4219253
29971_geowiki-landcover-2017,0.4518544,0.5481456
1243_rwanda-ceo,0.578075,0.42192498
4794_canada,0.44921017,0.5507898
13573_geowiki-landcover-2017,0.56216896,0.437831
2825_ile-de-france,0.4518541,0.5481459
13686_croplands,0.32973373,0.67026633
271_mali-helmets-labelling-crops,0.43382865,0.5661713
121_mali,0.5621708,0.4378292
13803_croplands,0.44983524,0.5501648
1980_canada,0.45185414,0.54814583
3015_central-asia,0.32976648,0.67023355
875_reunion-france,0.5780735,0.4219265
2593_canada,0.45185375,0.54814625
21699_geowiki-landcover-2017,0.5601575,0.43984255
9013_croplands,0.451854,0.548146
26224_geowiki-landcover-2017,0.43382886,0.56617117
18233_geowiki-landcover-2017,0.5601589,0.43984115
5708_canada,0.32973632,0.67026365
373_mali-helmets-labelling-crops,0.5621708,0.43782923
1884_germany,0.4518543,0.5481457
14559_croplands,0.44983694,0.5501631
4816_central-asia,0.3297305,0.6702695
532_mali-helmets-labelling-crops,0.43382865,0.56617135
2208_tanzania-ceo,0.69432545,0.30567458
1406_kenya-non-crop,0.57807523,0.42192474
1250_germany,0.4518549,0.5481451
2226_kenya-non-crop,0.68038315,0.31961682
1650_germany,0.32973042,0.67026955
4814_central-asia,0.32972988,0.6702701
1461_canada,0.4518537,0.54814637
424_reunion-france,0.45185414,0.54814583
949_rwanda-ceo,0.694326,0.30567405
2326_reunion-france,0.4518542,0.54814583
3494_rwanda-ceo,0.57807446,0.42192554
25655_geowiki-landcover-2017,0.45185375,0.54814625
4264_canada,0.3297299,0.67027
2257_tanzania-ceo,0.5754611,0.42453888
27031_geowiki-landcover-2017,0.44983235,0.5501676
202_tanzania-rice-ecaas,0.32981312,0.6701869
12336_geowiki-landcover-2017,0.4498892,0.55011076
3322_rwanda-ceo,0.4498317,0.5501683
316_reunion-france,0.5774637,0.42253628
590_rwanda-ceo,0.5780752,0.4219249
32364_geowiki-landcover-2017,0.45185348,0.54814655
2112_reunion-france,0.4518547,0.5481453
1426_canada,0.5774632,0.42253676
1083_geowiki-landcover-2017,0.44921225,0.5507878
28398_geowiki-landcover-2017,0.45185074,0.5481492
588_ile-de-france,0.45185474,0.5481453
4484_croplands,0.45185405,0.54814595
1109_central-asia,0.32973045,0.6702695
591_togo,0.43382874,0.5661713
6872_geowiki-landcover-2017,0.4518541,0.5481459
35796_geowiki-landcover-2017,0.5621709,0.43782908
1163_kenya-non-crop,0.77964145,0.22035858
2727_geowiki-landcover-2017,0.5621709,0.43782902
2830_geowiki-landcover-2017,0.56217134,0.4378287
820_martinique-france,0.6809271,0.3190729
1415_martinique-france,0.56217057,0.43782946
31848_geowiki-landcover-2017,0.43382835,0.5661717
4164_ile-de-france,0.3297323,0.6702677
448_ile-de-france,0.32973164,0.67026836
759_mali-helmets-labelling-crops,0.5621278,0.4378722
7449_croplands,0.3558077,0.64419234
962_central-asia,0.5774622,0.4225378
2174_germany,0.3510276,0.6489724
4147_central-asia,0.3297299,0.67027
9485_croplands,0.32973474,0.67026526
1387_tanzania-ceo,0.45185396,0.54814607
26094_geowiki-landcover-2017,0.56217206,0.43782797
41_togo,0.5621705,0.43782955
6404_geowiki-landcover-2017,0.57807434,0.4219256
1227_croplands,0.43382996,0.5661701
13015_geowiki-landcover-2017,0.5621748,0.43782517
22311_geowiki-landcover-2017,0.44921517,0.5507848
1545_central-asia,0.32973066,0.6702693
859_reunion-france,0.45185706,0.54814297
9586_croplands,0.32973045,0.67026955
1759_martinique-france,0.5621715,0.43782842
633_kenya-non-crop,0.6809265,0.31907353
338_canada,0.4518539,0.54814607
8221_geowiki-landcover-2017,0.44983232,0.5501677
3181_ile-de-france,0.32974607,0.67025393
873_germany,0.4518541,0.5481459
34020_geowiki-landcover-2017,0.32973063,0.67026937
333_tanzania-rice-ecaas,0.44983062,0.55016935
934_tanzania-ceo,0.5601645,0.43983552
2250_kenya-non-crop,0.59317714,0.40682286
108_tanzania-rice-ecaas,0.4498128,0.55018723
620_togo,0.5621709,0.43782908
8358_geowiki-landcover-2017,0.56217074,0.43782926
264_sudan,0.68092835,0.31907162
1503_martinique-france,0.56217134,0.4378287
13805_geowiki-landcover-2017,0.56217134,0.43782863
2778_geowiki-landcover-2017,0.56217104,0.43782896
8093_geowiki-landcover-2017,0.4518561,0.5481439
28705_geowiki-landcover-2017,0.45185387,0.5481461
2495_geowiki-landcover-2017,0.5621706,0.43782935
150_rwanda-ceo,0.7796404,0.22035962
7332_canada,0.32973117,0.6702689
296_reunion-france,0.45185423,0.5481458
1782_central-asia,0.3297368,0.6702632
1718_central-asia,0.32988346,0.67011654
7351_geowiki-landcover-2017,0.32972956,0.6702705
2955_geowiki-landcover-2017,0.56217074,0.43782926
2252_kenya-non-crop,0.56217116,0.43782884
128_rwanda-ceo,0.5601935,0.43980652
11960_geowiki-landcover-2017,0.69431776,0.30568227
1151_togo,0.56217074,0.43782932
10340_geowiki-landcover-2017,0.45226175,0.54773825
1981_tanzania-ceo,0.57807446,0.4219256
22331_geowiki-landcover-2017,0.45185515,0.5481448
1301_geowiki-landcover-2017,0.5799184,0.42008162
10232_geowiki-landcover-2017,0.577463,0.422537
2078_reunion-france,0.45185474,0.5481453
1790_tanzania-ceo,0.5780662,0.42193383
733_martinique-france,0.56217176,0.43782824
508_germany,0.45185304,0.54814696
5140_canada,0.4518479,0.5481521
2238_rwanda-ceo,0.57807434,0.4219257
7630_canada,0.45185387,0.5481461
3635_ile-de-france,0.32973182,0.6702681
20413_geowiki-landcover-2017,0.4498315,0.5501686
9331_geowiki-landcover-2017,0.4518542,0.54814583
18156_geowiki-landcover-2017,0.451854,0.548146
33_germany,0.32973045,0.6702695
6208_canada,0.32973027,0.6702697
2110_geowiki-landcover-2017,0.56217074,0.43782926
102_kenya-non-crop,0.77964145,0.22035858
22193_geowiki-landcover-2017,0.45185426,0.5481458
2128_canada,0.45185363,0.54814637
14182_geowiki-landcover-2017,0.45185375,0.54814625
225_rwanda-ceo,0.5780738,0.4219262
643_martinique-france,0.56217045,0.43782955
9989_croplands,0.57802594,0.42197412
22430_geowiki-landcover-2017,0.5780742,0.42192578
8809_geowiki-landcover-2017,0.45185372,0.54814625
3790_ile-de-france,0.3297307,0.6702693
8403_geowiki-landcover-2017,0.56217074,0.43782926
223_uganda,0.6809268,0.3190732
272_ile-de-france,0.4518523,0.5481477
2210_reunion-france,0.45185384,0.5481461
20675_geowiki-landcover-2017,0.43382874,0.5661713
10774_croplands,0.3297316,0.67026836
277_sudan,0.5621717,0.4378283
4484_ile-de-france,0.32973012,0.67026985
3633_geowiki-landcover-2017,0.5621709,0.43782905
27_ile-de-france,0.32973033,0.67026967
22455_geowiki-landcover-2017,0.45185426,0.5481457
2324_geowiki-landcover-2017,0.56217176,0.43782818
4564_ile-de-france,0.32973078,0.6702692
19_canada,0.45185328,0.5481467
5701_ile-de-france,0.32973048,0.6702695
5782_geowiki-landcover-2017,0.45185405,0.54814595
4_reunion-france,0.45185497,0.54814506
416_mali-helmets-labelling-crops,0.56216305,0.43783695
712_central-asia,0.32973194,0.67026806
23479_geowiki-landcover-2017,0.45185405,0.548146
6289_geowiki-landcover-2017,0.4518547,0.5481453
732_ile-de-france,0.32973048,0.6702695
9472_geowiki-landcover-2017,0.45185372,0.54814625
4760_central-asia,0.45185527,0.54814476
586_germany,0.32973033,0.67026967
3345_central-asia,0.32972962,0.6702704
28795_geowiki-landcover-2017,0.32973063,0.67026937
1422_ile-de-france,0.32973096,0.6702691
10706_geowiki-landcover-2017,0.6943268,0.30567324
158_kenya,0.6809263,0.31907368
33802_geowiki-landcover-2017,0.5728465,0.42715356
5025_geowiki-landcover-2017,0.56217223,0.4378278
32018_geowiki-landcover-2017,0.45185292,0.5481471
586_tanzania-ceo,0.45185435,0.5481457
1101_martinique-france,0.5621714,0.4378286
1412_reunion-france,0.45185435,0.54814565
268_tanzania-ceo,0.57807475,0.42192525
267_mali-helmets-labelling-crops,0.43383056,0.56616944
32081_geowiki-landcover-2017,0.3297306,0.6702694
4424_central-asia,0.4518542,0.54814583
5029_ile-de-france,0.32972988,0.6702701
2096_rwanda-ceo,0.57810414,0.4218958
5275_ile-de-france,0.45185384,0.5481462
9766_geowiki-landcover-2017,0.45185348,0.54814655
210_martinique-france,0.5621706,0.43782935
465_croplands,0.45185438,0.54814565
21784_geowiki-landcover-2017,0.68092674,0.3190733
255_tanzania-ceo,0.451854,0.548146
2762_canada,0.32972953,0.6702705
461_central-asia,0.32973033,0.67026967
2020_kenya-non-crop,0.5621708,0.43782917
18857_geowiki-landcover-2017,0.5780743,0.42192575
5149_canada,0.4518536,0.5481464
1158_tanzania-ceo,0.5774639,0.4225361
4562_croplands,0.32973027,0.6702697
667_germany,0.4491977,0.5508023
1606_kenya-non-crop,0.77964115,0.22035886
1324_germany,0.4518541,0.5481459
11964_geowiki-landcover-2017,0.57807434,0.42192566
15500_geowiki-landcover-2017,0.4518543,0.5481457
1456_reunion-france,0.45185447,0.54814553
3048_rwanda-ceo,0.69432634,0.30567363
3779_canada,0.32972962,0.6702704
6891_geowiki-landcover-2017,0.43382892,0.56617105
657_mali-helmets-labelling-crops,0.56217086,0.43782914
1597_rwanda-ceo,0.6943021,0.30569786
14283_geowiki-landcover-2017,0.45185453,0.5481455
597_germany,0.329731,0.67026895
1802_germany,0.44399858,0.5560014
3025_rwanda-ceo,0.5780752,0.4219249
398_geowiki-landcover-2017,0.5621704,0.4378296
31212_geowiki-landcover-2017,0.32973015,0.67026985
1370_rwanda-ceo,0.69432634,0.30567366
609_croplands,0.5774632,0.42253676
193_martinique-france,0.5621714,0.43782857
5469_ile-de-france,0.3297301,0.67026997
1516_tanzania-ceo,0.6943252,0.30567485
12490_croplands,0.45185834,0.54814166
5030_central-asia,0.3297297,0.6702703
9083_geowiki-landcover-2017,0.451854,0.548146
3458_canada,0.57746285,0.42253712
5322_geowiki-landcover-2017,0.45186007,0.54814
33893_geowiki-landcover-2017,0.5774619,0.4225381
19614_geowiki-landcover-2017,0.56217086,0.43782914
356_tanzania-ceo,0.5780748,0.42192513
21279_geowiki-landcover-2017,0.4518543,0.5481457
18357_geowiki-landcover-2017,0.45185614,0.54814386
5026_central-asia,0.32972986,0.67027014
1189_geowiki-landcover-2017,0.5780749,0.42192513
19693_geowiki-landcover-2017,0.32972953,0.6702705
5260_canada,0.4518539,0.5481461
1056_kenya-non-crop,0.7796398,0.22036026
4884_ile-de-france,0.32973245,0.6702675
4438_central-asia,0.32972956,0.6702705
1726_ile-de-france,0.32973117,0.67026883
8860_geowiki-landcover-2017,0.45185387,0.5481461
22846_geowiki-landcover-2017,0.5780786,0.4219214
2390_martinique-france,0.56217134,0.4378287
3460_rwanda-ceo,0.57807565,0.42192432
2075_ile-de-france,0.32973197,0.670268
414_reunion-france,0.5780435,0.42195645
1987_martinique-france,0.5621708,0.43782917
1069_tanzania-ceo,0.57546896,0.42453104
1273_central-asia,0.32973063,0.67026937
672_ile-de-france,0.32973045,0.6702695
1669_germany,0.32973024,0.6702698
290_sudan,0.56217545,0.4378245
1383_croplands,0.56217116,0.43782887
24639_geowiki-landcover-2017,0.57807535,0.42192465
9560_geowiki-landcover-2017,0.68092424,0.3190758
5084_canada,0.32972986,0.67027014
2298_martinique-france,0.56217194,0.43782806
327_germany,0.45185518,0.5481448
23845_geowiki-landcover-2017,0.3297297,0.6702703
3661_geowiki-landcover-2017,0.5621709,0.43782908
13717_geowiki-landcover-2017,0.57807213,0.42192787
17296_geowiki-landcover-2017,0.6809267,0.3190733
3420_geowiki-landcover-2017,0.56217074,0.43782926
21191_geowiki-landcover-2017,0.4518543,0.5481457
12861_croplands,0.45185438,0.54814565
3224_rwanda-ceo,0.6809196,0.3190804
4368_central-asia,0.32973024,0.6702698
20823_geowiki-landcover-2017,0.4499009,0.5500991
1188_togo,0.5621702,0.43782985
35292_geowiki-landcover-2017,0.45185372,0.54814625
15963_geowiki-landcover-2017,0.6809264,0.31907362
1009_canada,0.45185375,0.54814625
6925_canada,0.32972953,0.6702705
2322_tanzania-ceo,0.57806534,0.4219347
2507_canada,0.45185372,0.54814625
3055_geowiki-landcover-2017,0.433829,0.566171
6130_ile-de-france,0.32973033,0.6702696
16247_geowiki-landcover-2017,0.45185706,0.54814297
785_ile-de-france,0.3297312,0.67026883
520_martinique-france,0.56217074,0.43782926
5539_ile-de-france,0.32973084,0.67026913
1542_rwanda-ceo,0.77963966,0.22036037
8731_geowiki-landcover-2017,0.45185345,0.54814655
1725_martinique-france,0.5621712,0.43782872
4305_croplands,0.32973024,0.6702698
4638_croplands,0.32973042,0.67026955
10119_geowiki-landcover-2017,0.44983366,0.55016637
1964_germany,0.45185447,0.54814553
12298_geowiki-landcover-2017,0.45185277,0.54814726
2066_martinique-france,0.5621692,0.43783084
3601_canada,0.32972988,0.67027014
13035_geowiki-landcover-2017,0.5621704,0.43782955
1057_tanzania-ceo,0.57807463,0.42192537
1086_reunion-france,0.5780481,0.4219519
2120_central-asia,0.32973105,0.67026895
14685_croplands,0.3297378,0.67026216
3813_geowiki-landcover-2017,0.3297902,0.67020977
13449_geowiki-landcover-2017,0.32973868,0.6702614
1574_germany,0.32973015,0.67026985
7110_canada,0.3297299,0.67027
18195_geowiki-landcover-2017,0.45185426,0.5481457
7730_geowiki-landcover-2017,0.5774652,0.42253482
309_geowiki-landcover-2017,0.6942257,0.30577424
24787_geowiki-landcover-2017,0.5621714,0.4378286
2546_central-asia,0.3297319,0.6702681
33854_geowiki-landcover-2017,0.4518542,0.54814583
496_togo,0.43382874,0.5661713
2144_rwanda-ceo,0.6809272,0.31907272
439_martinique-france,0.5621714,0.43782863
18389_geowiki-landcover-2017,0.44983363,0.55016637
2328_geowiki-landcover-2017,0.4518539,0.5481461
2188_ile-de-france,0.45185477,0.5481453
847_lem-brazil,0.45185474,0.5481453
3246_canada,0.4518542,0.54814583
4104_geowiki-landcover-2017,0.44956115,0.5504389
2851_canada,0.45185417,0.54814583
992_tanzania-ceo,0.5754688,0.42453122
1212_reunion-france,0.45185462,0.5481454
31404_geowiki-landcover-2017,0.32973057,0.6702694
15502_geowiki-landcover-2017,0.45413187,0.54586816
757_martinique-france,0.56217074,0.43782926
748_tanzania-rice-ecaas,0.57744175,0.4225583
3401_canada,0.4518539,0.5481461
4382_central-asia,0.3297301,0.67026997
3904_geowiki-landcover-2017,0.6940087,0.3059913
432_kenya-non-crop,0.5780753,0.42192468
104_ile-de-france,0.32973105,0.67026895
8401_geowiki-landcover-2017,0.4518549,0.5481451
6437_geowiki-landcover-2017,0.4518538,0.5481462
2961_central-asia,0.32973152,0.6702684
12774_geowiki-landcover-2017,0.5780753,0.42192474
94_kenya-non-crop,0.6809264,0.3190736
1574_canada,0.32972953,0.6702705
4686_croplands,0.32972988,0.6702701
10492_geowiki-landcover-2017,0.45185283,0.54814714
107_croplands,0.5621715,0.43782842
6001_canada,0.45185354,0.5481465
850_ile-de-france,0.32972977,0.6702702
34072_geowiki-landcover-2017,0.45185462,0.54814535
11559_geowiki-landcover-2017,0.5774625,0.42253757
35517_geowiki-landcover-2017,0.5621719,0.43782818
1015_croplands,0.5780727,0.42192727
457_rwanda-ceo,0.68092716,0.3190728
3501_central-asia,0.3297299,0.67027
34459_geowiki-landcover-2017,0.5621712,0.43782878
29925_geowiki-landcover-2017,0.45185232,0.5481477
2043_reunion-france,0.45185518,0.5481448
744_togo,0.56217116,0.43782884
10198_croplands,0.32973415,0.67026585
15041_geowiki-landcover-2017,0.57545793,0.4245421
11756_croplands,0.5621709,0.43782902
4597_croplands,0.45184073,0.5481593
22352_geowiki-landcover-2017,0.45185426,0.5481457
1586_ile-de-france,0.45185384,0.5481461
5860_geowiki-landcover-2017,0.43382972,0.56617033
3053_ile-de-france,0.32973015,0.67026985
25788_geowiki-landcover-2017,0.45185393,0.54814607
1648_martinique-france,0.56217605,0.4378239
905_mali-helmets-labelling-crops,0.5621685,0.43783152
6945_canada,0.4518537,0.54814637
24591_geowiki-landcover-2017,0.45185208,0.5481479
20304_geowiki-landcover-2017,0.45185262,0.54814744
2941_rwanda-ceo,0.68092084,0.31907922
4474_geowiki-landcover-2017,0.57807505,0.42192492
1560_central-asia,0.3297306,0.6702694
6956_canada,0.577463,0.422537
1510_central-asia,0.32973108,0.67026895
4889_central-asia,0.4518523,0.5481477
1127_kenya-non-crop,0.6809464,0.31905362
1297_kenya-non-crop,0.578075,0.42192498
1011_geowiki-landcover-2017,0.44921505,0.55078495
10747_croplands,0.45174792,0.54825205
2121_geowiki-landcover-2017,0.68092656,0.31907347
1972_martinique-france,0.56217146,0.43782857
3193_canada,0.45185262,0.54814744
3067_ile-de-france,0.32973132,0.6702687
14580_geowiki-landcover-2017,0.56217104,0.43782896
646_reunion-france,0.5780751,0.4219249
1292_ile-de-france,0.32995307,0.6700469
4739_ile-de-france,0.32973158,0.6702684
29377_geowiki-landcover-2017,0.44921124,0.55078876
2634_geowiki-landcover-2017,0.56217074,0.43782932
1533_canada,0.32972947,0.67027056
202_geowiki-landcover-2017,0.57806915,0.42193082
311_geowiki-landcover-2017,0.45186558,0.5481344
19_tanzania,0.44983175,0.5501683
1559_kenya-non-crop,0.5621709,0.4378291
55_ethiopia,0.5601595,0.43984047
1929_canada,0.45185426,0.5481458
3213_canada,0.5774632,0.42253685
295_martinique-france,0.56217104,0.43782896
2149_tanzania-ceo,0.5780753,0.42192474
525_martinique-france,0.5621733,0.4378267
40_mali,0.5621709,0.43782902
383_germany,0.4518539,0.5481461
2216_germany,0.32973,0.67027
1133_central-asia,0.32973114,0.6702689
3187_canada,0.32972968,0.6702703
21325_geowiki-landcover-2017,0.57807434,0.4219257
28956_geowiki-landcover-2017,0.32972938,0.6702706
4391_canada,0.32972953,0.6702705
1746_central-asia,0.45185295,0.5481471
372_ethiopia,0.56020707,0.43979296
608_martinique-france,0.56217116,0.43782887
2754_reunion-france,0.5780753,0.42192474
395_togo,0.43382865,0.56617135
286_sudan,0.6803176,0.31968248
1690_kenya-non-crop,0.77964234,0.22035764
5105_canada,0.45185384,0.5481462
1274_mali-helmets-labelling-crops,0.43382874,0.5661713
15069_geowiki-landcover-2017,0.43382898,0.566171
11374_geowiki-landcover-2017,0.4518553,0.5481447
1579_germany,0.4518541,0.5481459
11800_geowiki-landcover-2017,0.43382958,0.56617045
2457_ile-de-france,0.32972997,0.67027
3799_central-asia,0.4517491,0.5482509
3337_geowiki-landcover-2017,0.56217,0.43783
1606_canada,0.32972965,0.6702703
3502_central-asia,0.3297299,0.67027
6178_geowiki-landcover-2017,0.577463,0.4225371
177_kenya,0.6809269,0.31907314
33910_geowiki-landcover-2017,0.3297297,0.6702703
549_ile-de-france,0.3297307,0.6702693
2502_central-asia,0.329731,0.670269
4886_canada,0.32973015,0.67026985
14886_geowiki-landcover-2017,0.562171,0.43782902
88_ile-de-france,0.3297307,0.6702693
5763_geowiki-landcover-2017,0.5621711,0.43782893
4076_canada,0.45185405,0.548146
6766_geowiki-landcover-2017,0.56217,0.43783
16847_geowiki-landcover-2017,0.57807565,0.42192435
5394_canada,0.45181313,0.54818684
657_ile-de-france,0.3297307,0.6702693
3824_central-asia,0.3297297,0.6702703
4537_croplands,0.45185184,0.54814816
1414_central-asia,0.45185483,0.5481452
11653_croplands,0.56217045,0.43782955
1643_croplands,0.32973555,0.6702645
1589_martinique-france,0.5621714,0.43782857
5346_geowiki-landcover-2017,0.44983235,0.5501677
3110_canada,0.45171297,0.5482871
1869_canada,0.3297301,0.6702699
35207_geowiki-landcover-2017,0.45185375,0.54814625
446_reunion-france,0.5780735,0.4219265
565_reunion-france,0.69424945,0.30575052
556_tanzania-rice-ecaas,0.4518547,0.54814535
4417_geowiki-landcover-2017,0.45185483,0.5481452
24857_geowiki-landcover-2017,0.57805485,0.42194515
18837_geowiki-landcover-2017,0.4518534,0.5481466
437_lem-brazil,0.45185527,0.5481447
909_kenya-non-crop,0.68092686,0.31907314
19757_geowiki-landcover-2017,0.680926,0.31907403
34797_geowiki-landcover-2017,0.45185584,0.5481442
7854_geowiki-landcover-2017,0.5621704,0.43782955
700_germany,0.32972974,0.67027026
2148_germany,0.32973057,0.6702694
22006_geowiki-landcover-2017,0.57807446,0.4219256
1966_geowiki-landcover-2017,0.5621706,0.4378294
29619_geowiki-landcover-2017,0.45185405,0.54814595
14477_geowiki-landcover-2017,0.56217295,0.43782705
10805_geowiki-landcover-2017,0.44978455,0.5502155
25258_geowiki-landcover-2017,0.451859,0.548141
6776_croplands,0.5780752,0.4219249
963_rwanda-ceo,0.6943245,0.3056755
2488_geowiki-landcover-2017,0.5621706,0.43782935
180_lem-brazil,0.45185447,0.54814553
32719_geowiki-landcover-2017,0.4518539,0.54814607
9758_geowiki-landcover-2017,0.56217146,0.43782848
2436_canada,0.45185363,0.54814637
29562_geowiki-landcover-2017,0.43382886,0.56617117
1395_croplands,0.5780744,0.4219256
913_mali-helmets-labelling-crops,0.43382874,0.5661712
11761_geowiki-landcover-2017,0.5780746,0.42192543
672_martinique-france,0.5621702,0.43782985
22328_geowiki-landcover-2017,0.5780748,0.42192516
5967_ile-de-france,0.32973087,0.67026913
29655_geowiki-landcover-2017,0.5774628,0.42253718
9894_croplands,0.32973012,0.67026985
10043_croplands,0.32973716,0.6702629
4348_geowiki-landcover-2017,0.5621711,0.43782887
21210_geowiki-landcover-2017,0.57808393,0.42191613
780_togo,0.5621719,0.43782818
12831_croplands,0.32973015,0.67026985
910_ile-de-france,0.45185366,0.54814637
5639_canada,0.45185274,0.54814726
9690_geowiki-landcover-2017,0.57807463,0.42192537
146_lem-brazil,0.4518549,0.5481451
17798_geowiki-landcover-2017,0.45185497,0.548145
848_mali-helmets-labelling-crops,0.4338289,0.56617117
840_togo,0.67971,0.32029
4396_central-asia,0.4488934,0.55110663
2437_ile-de-france,0.3297301,0.67026997
607_canada,0.4518539,0.5481461
614_mali-helmets-labelling-crops,0.43382865,0.5661713
153_lem-brazil,0.5774469,0.42255315
157_togo,0.43382874,0.5661713
364_togo,0.56216764,0.43783233
4272_geowiki-landcover-2017,0.5621707,0.43782932
1630_canada,0.32972977,0.6702702
948_rwanda-ceo,0.69432646,0.30567357
3564_rwanda-ceo,0.57807505,0.42192498
586_central-asia,0.329731,0.670269
7955_canada,0.45185247,0.5481475
33574_geowiki-landcover-2017,0.45185408,0.5481459
345_kenya-non-crop,0.5754538,0.42454612
40_mali-non-crop,0.5621714,0.4378286
2133_martinique-france,0.5621708,0.43782917
10054_croplands,0.32976785,0.6702321
5529_canada,0.32972953,0.6702705
30111_geowiki-landcover-2017,0.45185384,0.5481462
939_martinique-france,0.5621715,0.43782845
13681_geowiki-landcover-2017,0.45185536,0.54814464
1683_central-asia,0.45185545,0.5481446
215_mali-helmets-labelling-crops,0.43382874,0.5661713
848_kenya-non-crop,0.6809262,0.31907377
19320_geowiki-landcover-2017,0.5780514,0.42194864
27190_geowiki-landcover-2017,0.56217253,0.43782747
3429_canada,0.4518538,0.5481462
33713_geowiki-landcover-2017,0.3297302,0.6702698
18429_geowiki-landcover-2017,0.45185506,0.548145
6802_canada,0.45185438,0.54814565
2300_reunion-france,0.5780747,0.42192534
909_central-asia,0.44920635,0.55079365
3370_central-asia,0.32972977,0.67027026
4889_geowiki-landcover-2017,0.56217086,0.4378291
15527_geowiki-landcover-2017,0.4518538,0.5481462
1279_tanzania-ceo,0.577465,0.42253503
808_martinique-france,0.6809263,0.31907368
8566_geowiki-landcover-2017,0.5780733,0.4219267
14555_croplands,0.44983092,0.5501691
3969_central-asia,0.45185414,0.54814583
2957_canada,0.45185384,0.5481462
1664_kenya-non-crop,0.7796416,0.22035839
27266_geowiki-landcover-2017,0.5621706,0.43782932
2895_central-asia,0.32973033,0.67026967
3225_central-asia,0.32973003,0.67026997
14759_geowiki-landcover-2017,0.5774633,0.42253667
1053_central-asia,0.3297307,0.6702693
33640_geowiki-landcover-2017,0.45185336,0.5481466
1880_germany,0.4518487,0.5481513
842_reunion-france,0.5774635,0.4225365
1356_martinique-france,0.56217295,0.43782702
26343_geowiki-landcover-2017,0.6809215,0.3190785
254_central-asia,0.45185527,0.54814476
4884_geowiki-landcover-2017,0.45185444,0.54814553
297_central-asia,0.3297307,0.6702693
12592_geowiki-landcover-2017,0.45185462,0.54814535
23901_geowiki-landcover-2017,0.56217,0.43782994
876_mali-helmets-labelling-crops,0.4338288,0.5661712
4897_geowiki-landcover-2017,0.5774559,0.42254412
2378_rwanda-ceo,0.57807434,0.42192566
30404_geowiki-landcover-2017,0.4518544,0.54814565
951_kenya-non-crop,0.7796423,0.22035766
29771_geowiki-landcover-2017,0.45185447,0.54814553
358_togo,0.5621708,0.4378292
1259_central-asia,0.32973075,0.67026925
114_croplands,0.43382952,0.56617045
1863_martinique-france,0.5621705,0.43782946
2509_kenya-non-crop,0.68092626,0.3190737
1399_germany,0.32973075,0.67026925
1004_martinique-france,0.56217146,0.43782854
343_canada,0.45185405,0.54814595
25781_geowiki-landcover-2017,0.4516764,0.5483236
1784_tanzania-ceo,0.6943227,0.3056773
421_tanzania-rice-ecaas,0.3297346,0.67026544
30538_geowiki-landcover-2017,0.4518537,0.54814637
736_croplands,0.32972988,0.6702701
3719_canada,0.32972944,0.67027056
2880_central-asia,0.32973152,0.6702684
1212_martinique-france,0.5621712,0.43782878
24918_geowiki-landcover-2017,0.5621675,0.43783247
5652_ile-de-france,0.3297299,0.67027
246_mali-helmets-labelling-crops,0.43382952,0.56617045
852_canada,0.32972962,0.6702704
14811_geowiki-landcover-2017,0.4518548,0.5481452
32654_geowiki-landcover-2017,0.32972935,0.6702707
939_croplands,0.45185462,0.54814535
35781_geowiki-landcover-2017,0.5621714,0.4378286
958_tanzania-ceo,0.45185527,0.54814476
1421_mali-helmets-labelling-crops,0.43382874,0.5661713
10777_geowiki-landcover-2017,0.45185348,0.54814655
534_togo,0.68091446,0.31908554
31810_geowiki-landcover-2017,0.4518539,0.54814607
2095_martinique-france,0.56217146,0.43782857
34061_geowiki-landcover-2017,0.5621698,0.4378302
9328_geowiki-landcover-2017,0.56217057,0.43782946
3666_geowiki-landcover-2017,0.43382895,0.56617105
4269_central-asia,0.44916523,0.5508348
5861_canada,0.45185196,0.548148
2131_ile-de-france,0.4518558,0.5481442
6899_canada,0.45159358,0.5484064
1178_tanzania-ceo,0.451861,0.54813904
35068_geowiki-landcover-2017,0.56217074,0.4378293
1810_tanzania-ceo,0.5780753,0.42192474
625_germany,0.32973018,0.67026985
16129_geowiki-landcover-2017,0.5621704,0.4378296
13689_croplands,0.32993746,0.67006254
1126_germany,0.5774566,0.42254344
126_tanzania,0.57807493,0.42192504
351_lem-brazil,0.45232695,0.54767305
349_ile-de-france,0.451854,0.548146
9131_geowiki-landcover-2017,0.5780754,0.42192456
20566_geowiki-landcover-2017,0.56217235,0.43782765
1063_ile-de-france,0.32973024,0.6702698
1317_ile-de-france,0.45185453,0.5481455
6259_canada,0.32972962,0.6702704
75_kenya-non-crop,0.5601599,0.43984002
5571_canada,0.32972944,0.67027056
1369_central-asia,0.3311657,0.66883427
15242_geowiki-landcover-2017,0.45185477,0.5481453
424_central-asia,0.32973108,0.6702689
395_central-asia,0.32972988,0.6702701
11641_croplands,0.32973406,0.6702659
40_tanzania-ceo,0.69432694,0.3056731
167_canada,0.45185423,0.5481458
569_lem-brazil,0.32973227,0.6702677
79_lem-brazil,0.4518547,0.5481453
178_mali-helmets-labelling-crops,0.5621708,0.43782917
7073_geowiki-landcover-2017,0.562171,0.43782902
5887_geowiki-landcover-2017,0.5780765,0.42192346
23171_geowiki-landcover-2017,0.45185456,0.5481454
7525_canada,0.45185655,0.54814345
221_sudan,0.68038213,0.31961784
1530_kenya-non-crop,0.5621712,0.43782875
31004_geowiki-landcover-2017,0.4518535,0.5481465
2963_geowiki-landcover-2017,0.56216824,0.4378318
2176_kenya-non-crop,0.68038213,0.31961784
14609_geowiki-landcover-2017,0.451861,0.54813904
1310_tanzania-ceo,0.329734,0.670266
24945_geowiki-landcover-2017,0.32972988,0.67027014
9362_geowiki-landcover-2017,0.43382958,0.56617045
534_rwanda-ceo,0.57807386,0.42192608
2224_canada,0.3297298,0.6702702
18110_geowiki-landcover-2017,0.69432527,0.3056747
14879_geowiki-landcover-2017,0.5621706,0.43782935
2333_reunion-france,0.45185435,0.54814565
730_togo,0.56217176,0.43782827
9687_geowiki-landcover-2017,0.5780752,0.42192483
764_canada,0.32973394,0.6702661
6726_croplands,0.44983417,0.55016583
402_tanzania-ceo,0.57532656,0.42467344
2968_ile-de-france,0.32973033,0.67026967
14134_geowiki-landcover-2017,0.44983384,0.5501662
424_germany,0.32973018,0.67026985
16535_geowiki-landcover-2017,0.56217027,0.4378297
13764_croplands,0.32973036,0.6702696
2784_geowiki-landcover-2017,0.56217104,0.43782896
7445_geowiki-landcover-2017,0.32975057,0.67024946
3927_ile-de-france,0.32973045,0.6702695
18668_geowiki-landcover-2017,0.4518558,0.5481442
4637_canada,0.3297293,0.6702707
1019_tanzania-ceo,0.68092763,0.31907237
1161_germany,0.45185497,0.548145
9420_geowiki-landcover-2017,0.5780748,0.42192513
234_canada,0.3297299,0.67027
3747_geowiki-landcover-2017,0.56217086,0.4378291
3714_canada,0.4518532,0.54814684
15641_geowiki-landcover-2017,0.57807434,0.4219257
212_germany,0.45185417,0.54814583
1849_ile-de-france,0.32973096,0.6702691
6457_geowiki-landcover-2017,0.45185402,0.548146
29069_geowiki-landcover-2017,0.4518542,0.54814583
6984_geowiki-landcover-2017,0.3297299,0.67027
651_tanzania-rice-ecaas,0.45185542,0.54814464
946_kenya-non-crop,0.7796423,0.22035766
32565_geowiki-landcover-2017,0.4492114,0.5507886
1619_reunion-france,0.4518549,0.5481451
1901_kenya-non-crop,0.77963763,0.22036235
144_reunion-france,0.4518541,0.5481459
29543_geowiki-landcover-2017,0.4518549,0.5481451
3599_geowiki-landcover-2017,0.5621708,0.43782917
3949_geowiki-landcover-2017,0.32973024,0.6702698
21506_geowiki-landcover-2017,0.4518541,0.5481459
2537_reunion-france,0.4518548,0.5481452
2638_reunion-france,0.6943267,0.30567333
522_germany,0.4518544,0.54814553
13066_croplands,0.44983116,0.5501688
259_kenya-non-crop,0.7796423,0.22035772
380_lem-brazil,0.451854,0.548146
16838_geowiki-landcover-2017,0.68092746,0.31907254
23641_geowiki-landcover-2017,0.45185456,0.5481454
1914_geowiki-landcover-2017,0.4518541,0.5481459
2564_canada,0.45185426,0.5481457
652_martinique-france,0.5621706,0.43782935
2323_reunion-france,0.45185447,0.54814553
2067_kenya-non-crop,0.68038213,0.31961784
13594_croplands,0.32973093,0.6702691
814_ile-de-france,0.329731,0.670269
1835_germany,0.4518542,0.54814583
1842_reunion-france,0.6943246,0.30567533
3194_rwanda-ceo,0.6809263,0.3190737
31832_geowiki-landcover-2017,0.4518541,0.5481459
2530_central-asia,0.32973072,0.67026925
1490_canada,0.45185405,0.548146
19956_geowiki-landcover-2017,0.68083483,0.31916523
174_central-asia,0.45185456,0.5481455
12571_geowiki-landcover-2017,0.5780747,0.42192534
6773_canada,0.45185435,0.5481457
12622_geowiki-landcover-2017,0.4518544,0.54814553
30483_geowiki-landcover-2017,0.45190638,0.5480936
1631_kenya-non-crop,0.7796423,0.22035773
559_ethiopia,0.5754206,0.4245794
1596_rwanda-ceo,0.5780742,0.4219258
162_sudan,0.5621708,0.43782917
1740_reunion-france,0.4518544,0.5481456
13_zimbabwe,0.44983196,0.55016804
12566_croplands,0.56215966,0.43784037
1285_tanzania-ceo,0.69432616,0.3056738
20276_geowiki-landcover-2017,0.45185354,0.5481464
29475_geowiki-landcover-2017,0.56217104,0.43782902
34347_geowiki-landcover-2017,0.56217057,0.43782943
3005_rwanda-ceo,0.5780747,0.42192534
437_central-asia,0.32973033,0.6702696
451_germany,0.45185494,0.54814506
4460_croplands,0.32973042,0.67026955
3605_canada,0.3297296,0.67027044
10901_geowiki-landcover-2017,0.68092674,0.3190733
35214_geowiki-landcover-2017,0.57746327,0.42253676
1868_kenya-non-crop,0.6803798,0.31962016
3325_rwanda-ceo,0.6809269,0.31907308
20293_geowiki-landcover-2017,0.69432646,0.30567357
2386_rwanda-ceo,0.7796416,0.22035839
1543_germany,0.45185426,0.5481457
18812_geowiki-landcover-2017,0.45185414,0.54814583
1498_central-asia,0.32973084,0.6702692
207_kenya-non-crop,0.6809272,0.3190728
227_togo,0.5621725,0.43782753
6105_ile-de-france,0.32973,0.67027
4678_ile-de-france,0.32973105,0.67026895
2002_ile-de-france,0.32973072,0.67026925
276_ethiopia,0.68092704,0.31907293
1844_ile-de-france,0.32972988,0.6702701
1292_rwanda-ceo,0.69432735,0.30567268
5077_ile-de-france,0.45185477,0.5481453
3728_central-asia,0.32972986,0.67027014
2107_croplands,0.45185453,0.5481455
1788_reunion-france,0.45186055,0.54813945
21048_geowiki-landcover-2017,0.4518542,0.54814583
7_tanzania-ceo,0.4498839,0.55011606
384_togo,0.43382892,0.56617105
2503_rwanda-ceo,0.5780727,0.4219272
4638_ile-de-france,0.45185545,0.5481446
2348_kenya-non-crop,0.68092656,0.31907347
25398_geowiki-landcover-2017,0.4518537,0.54814625
32538_geowiki-landcover-2017,0.4518541,0.5481459
2397_tanzania-ceo,0.44921336,0.5507866
7683_geowiki-landcover-2017,0.44983295,0.5501671
4406_central-asia,0.3297305,0.6702695
401_tanzania-ceo,0.69432586,0.30567417
2513_germany,0.4518547,0.5481453
5652_canada,0.45185384,0.5481461
18989_geowiki-landcover-2017,0.45185354,0.5481465
5231_canada,0.3297573,0.6702427
1344_geowiki-landcover-2017,0.4518562,0.5481438
6072_canada,0.4518536,0.5481464
11938_geowiki-landcover-2017,0.5621699,0.43783006
2207_central-asia,0.32973248,0.67026746
720_kenya-non-crop,0.6809262,0.31907374
557_lem-brazil,0.4518547,0.5481453
5759_ile-de-france,0.45184353,0.54815644
14078_croplands,0.32973394,0.6702661
5241_canada,0.32972988,0.67027014
2347_ile-de-france,0.32973024,0.6702697
3090_canada,0.45185536,0.54814464
15145_geowiki-landcover-2017,0.43382874,0.5661713
10647_croplands,0.32974944,0.67025054
1504_rwanda-ceo,0.6809267,0.31907338
6757_geowiki-landcover-2017,0.45185447,0.54814553
2327_central-asia,0.32973224,0.6702678
30816_geowiki-landcover-2017,0.32972938,0.67027056
1444_central-asia,0.3297314,0.6702686
7152_geowiki-landcover-2017,0.45185384,0.5481462
4563_geowiki-landcover-2017,0.5621701,0.43782985
33094_geowiki-landcover-2017,0.32973033,0.67026967
2934_canada,0.45185447,0.54814553
34410_geowiki-landcover-2017,0.562171,0.43782902
19642_geowiki-landcover-2017,0.3521824,0.64781755
16357_geowiki-landcover-2017,0.45187718,0.5481228
4126_croplands,0.45185542,0.5481446
10219_croplands,0.4498297,0.5501703
1818_ile-de-france,0.33011433,0.66988564
14153_geowiki-landcover-2017,0.4518549,0.5481451
457_tanzania-rice-ecaas,0.4492116,0.5507884
11887_geowiki-landcover-2017,0.5780747,0.42192534
1457_tanzania-ceo,0.694325,0.30567497
9387_croplands,0.43337095,0.56662905
26680_geowiki-landcover-2017,0.3297305,0.6702695
1489_mali-helmets-labelling-crops,0.43382907,0.56617093
3323_canada,0.45185462,0.5481454
2818_geowiki-landcover-2017,0.56217074,0.43782926
604_rwanda-ceo,0.5780752,0.4219249
7600_canada,0.4518534,0.5481466
20803_geowiki-landcover-2017,0.5621702,0.43782976
27703_geowiki-landcover-2017,0.45186317,0.54813683
4366_croplands,0.45185372,0.54814625
26605_geowiki-landcover-2017,0.57807475,0.42192528
230_togo,0.56217146,0.43782857
7_mali-non-crop,0.5621697,0.43783036
1595_tanzania-ceo,0.67860335,0.32139668
178_tanzania-rice-ecaas,0.32975742,0.6702426
425_mali-helmets-labelling-crops,0.43382904,0.56617093
6499_geowiki-landcover-2017,0.45185363,0.54814637
2414_geowiki-landcover-2017,0.5621711,0.43782887
19948_geowiki-landcover-2017,0.3297306,0.6702694
407_mali-helmets-labelling-crops,0.56120294,0.43879706
4089_central-asia,0.32972986,0.67027014
4594_croplands,0.32972997,0.67027
1454_tanzania-ceo,0.5780747,0.4219253
10640_geowiki-landcover-2017,0.69432646,0.30567354
166_mali-helmets-labelling-crops,0.4338285,0.56617147
2301_tanzania-ceo,0.45186573,0.5481343
639_lem-brazil,0.5774624,0.42253762
198_rwanda-ceo,0.5780757,0.42192432
5245_ile-de-france,0.3297305,0.6702695
3099_croplands,0.44983155,0.55016845
10383_geowiki-landcover-2017,0.45185354,0.5481464
5869_geowiki-landcover-2017,0.5621705,0.43782946
5657_geowiki-landcover-2017,0.451854,0.548146
5631_ile-de-france,0.4492055,0.5507945
3437_central-asia,0.3297298,0.6702702
4333_ile-de-france,0.32973087,0.67026913
1176_mali-helmets-labelling-crops,0.43383646,0.5661636
2962_canada,0.45185384,0.5481461
510_tanzania-ceo,0.6943268,0.30567324
38_mali-helmets-labelling-crops,0.43382895,0.56617105
22065_geowiki-landcover-2017,0.45185387,0.5481461
26470_geowiki-landcover-2017,0.57746327,0.4225367
1301_kenya-non-crop,0.57807875,0.4219213
397_germany,0.32973024,0.6702697
2218_rwanda-ceo,0.6809377,0.3190623
27580_geowiki-landcover-2017,0.57746327,0.42253673
16957_geowiki-landcover-2017,0.5621708,0.43782917
4456_croplands,0.32973024,0.6702698
32884_geowiki-landcover-2017,0.4338286,0.5661714
4550_geowiki-landcover-2017,0.5621321,0.43786782
2113_reunion-france,0.45185462,0.5481454
8807_geowiki-landcover-2017,0.45185402,0.548146
137_germany,0.45185515,0.5481448
2063_rwanda-ceo,0.77964216,0.22035785
32815_geowiki-landcover-2017,0.32972932,0.6702707
679_germany,0.5774416,0.42255846
332_lem-brazil,0.5774631,0.42253685
13673_geowiki-landcover-2017,0.69432634,0.30567363
24751_geowiki-landcover-2017,0.43382823,0.56617177
16024_geowiki-landcover-2017,0.45185664,0.5481434
415_geowiki-landcover-2017,0.577463,0.42253706
640_reunion-france,0.6943259,0.30567414
1493_croplands,0.32973036,0.6702696
1482_germany,0.32973042,0.67026955
19612_geowiki-landcover-2017,0.45185554,0.54814446
314_rwanda-ceo,0.6943257,0.30567434
14905_croplands,0.57807577,0.4219242
4467_geowiki-landcover-2017,0.5780746,0.42192543
5901_canada,0.45185405,0.548146
369_rwanda-ceo,0.68092686,0.31907317
2864_central-asia,0.32973352,0.6702665
18999_geowiki-landcover-2017,0.45185414,0.54814583
3148_canada,0.3297297,0.67027026
4365_croplands,0.4518547,0.5481453
2256_tanzania-ceo,0.5780734,0.42192662
882_croplands,0.32978752,0.6702125
3259_geowiki-landcover-2017,0.43382928,0.56617075
521_rwanda-ceo,0.68092716,0.31907284
26509_geowiki-landcover-2017,0.45185384,0.5481462
984_canada,0.32972953,0.6702705
377_ile-de-france,0.45185453,0.5481455
237_kenya,0.6809271,0.31907293
521_tanzania-rice-ecaas,0.45184702,0.548153
15303_geowiki-landcover-2017,0.56217,0.43782997
12281_geowiki-landcover-2017,0.44983235,0.5501676
23272_geowiki-landcover-2017,0.45185426,0.5481457
35368_geowiki-landcover-2017,0.5621716,0.43782842
35592_geowiki-landcover-2017,0.43382987,0.5661701
266_central-asia,0.32973135,0.67026865
754_ethiopia,0.5554891,0.44451088
3132_ile-de-france,0.32973018,0.67026985
18029_geowiki-landcover-2017,0.4498313,0.5501687
1401_ile-de-france,0.45184907,0.54815096
2716_central-asia,0.32973087,0.67026913
2070_geowiki-landcover-2017,0.5621701,0.4378299
1775_rwanda-ceo,0.6809261,0.31907395
26250_geowiki-landcover-2017,0.5621698,0.43783015
11_tanzania-rice-ecaas,0.4488801,0.55111986
940_croplands,0.32973814,0.6702619
10842_geowiki-landcover-2017,0.45185375,0.54814625
1510_martinique-france,0.5621711,0.43782893
6395_canada,0.45185283,0.5481472
986_croplands,0.32972938,0.6702706
24093_geowiki-landcover-2017,0.56217116,0.43782887
10480_geowiki-landcover-2017,0.57807386,0.42192617
3489_rwanda-ceo,0.69432116,0.30567878
5507_ile-de-france,0.45185423,0.5481458
14710_geowiki-landcover-2017,0.5621709,0.43782902
849_reunion-france,0.57807493,0.42192513
2259_tanzania-ceo,0.56217074,0.43782932
382_mali-helmets-labelling-crops,0.5621709,0.4378291
34848_geowiki-landcover-2017,0.5621519,0.4378481
2765_central-asia,0.32973215,0.6702679
488_central-asia,0.45185566,0.54814434
7428_croplands,0.45169565,0.5483043
27063_geowiki-landcover-2017,0.5780646,0.42193535
66_tanzania-rice-ecaas,0.44900814,0.5509919
12506_croplands,0.43381843,0.5661816
6724_geowiki-landcover-2017,0.45185456,0.5481455
185_rwanda-ceo,0.5780746,0.42192546
4849_croplands,0.4492116,0.5507884
6671_canada,0.45185485,0.5481451
695_central-asia,0.32973233,0.67026764
5450_canada,0.3297295,0.67027056
5532_ile-de-france,0.45185405,0.54814595
34974_geowiki-landcover-2017,0.45185414,0.54814583
24212_geowiki-landcover-2017,0.5780746,0.42192546
711_central-asia,0.32973194,0.67026806
6877_geowiki-landcover-2017,0.43382913,0.5661709
1999_ile-de-france,0.3297297,0.6702703
1995_germany,0.32973012,0.6702699
17831_geowiki-landcover-2017,0.4518541,0.5481459
1892_central-asia,0.32973072,0.67026925
84_togo,0.5621709,0.4378291
3973_central-asia,0.4518517,0.54814833
643_tanzania-rice-ecaas,0.45185617,0.54814386
14631_geowiki-landcover-2017,0.5780746,0.42192546
17519_geowiki-landcover-2017,0.56217057,0.43782943
669_canada,0.45185375,0.54814625
26466_geowiki-landcover-2017,0.4518544,0.54814553
1436_croplands,0.3297307,0.6702693
403_rwanda-ceo,0.57807946,0.4219206
3013_ile-de-france,0.32973075,0.6702693
829_reunion-france,0.69432664,0.30567333
33757_geowiki-landcover-2017,0.45185387,0.5481461
20453_geowiki-landcover-2017,0.45185345,0.54814655
9721_geowiki-landcover-2017,0.45185682,0.5481432
2292_tanzania-ceo,0.69432676,0.30567327
825_tanzania-ceo,0.6809275,0.3190725
19776_geowiki-landcover-2017,0.6809268,0.31907323
29179_geowiki-landcover-2017,0.5774626,0.4225374
2398_rwanda-ceo,0.7796427,0.22035725
1643_central-asia,0.32973266,0.6702674
8588_geowiki-landcover-2017,0.5780753,0.42192468
29772_geowiki-landcover-2017,0.45185447,0.54814553
19923_geowiki-landcover-2017,0.4518537,0.5481463
2875_rwanda-ceo,0.57807404,0.421926
129_lem-brazil,0.5774594,0.42254066
1452_croplands,0.45185363,0.54814637
1085_rwanda-ceo,0.57807463,0.42192537
35382_geowiki-landcover-2017,0.451854,0.548146
1217_canada,0.3297299,0.67027
1855_canada,0.3297298,0.6702702
7099_canada,0.32973033,0.67026967
998_croplands,0.43382925,0.56617075
15913_geowiki-landcover-2017,0.4518536,0.5481464
367_sudan,0.43382844,0.5661716
17_mali-helmets-labelling-crops,0.43382898,0.566171
17058_geowiki-landcover-2017,0.45185587,0.5481441
4317_croplands,0.32973,0.67026997
5874_croplands,0.45185322,0.5481468
1628_reunion-france,0.449212,0.550788
4686_canada,0.32972988,0.6702701
122_togo,0.5621712,0.43782872
29810_geowiki-landcover-2017,0.45185798,0.548142
2032_germany,0.32972965,0.6702703
374_tanzania-rice-ecaas,0.45186242,0.54813755
1482_kenya-non-crop,0.68038136,0.3196187
8667_geowiki-landcover-2017,0.57807523,0.4219248
1704_tanzania-ceo,0.6943255,0.30567452
3942_central-asia,0.45184925,0.5481507
4655_ile-de-france,0.45185462,0.54814535
478_central-asia,0.3297304,0.6702696
32365_geowiki-landcover-2017,0.45185226,0.54814774
549_tanzania-rice-ecaas,0.45185497,0.54814506
4497_geowiki-landcover-2017,0.45185417,0.54814583
191_central-asia,0.3297421,0.6702579
53_germany,0.32973063,0.67026937
3436_canada,0.45185393,0.54814607
2085_central-asia,0.4518542,0.54814583
19382_geowiki-landcover-2017,0.5780688,0.42193124
4204_ile-de-france,0.32972977,0.67027026
0_tanzania,0.44983217,0.5501678
29026_geowiki-landcover-2017,0.5621706,0.43782935
6255_canada,0.32972938,0.6702706
5821_croplands,0.4491779,0.5508221
3493_rwanda-ceo,0.5780752,0.4219249
2706_ile-de-france,0.4518542,0.54814583
125_central-asia,0.32972988,0.6702701
29884_geowiki-landcover-2017,0.45185354,0.5481465
1209_reunion-france,0.6943269,0.30567312
33923_geowiki-landcover-2017,0.45185375,0.54814625
3078_ile-de-france,0.451854,0.548146
2016_rwanda-ceo,0.6943267,0.30567333
2187_tanzania-ceo,0.45185348,0.54814655
209_tanzania-ceo,0.3297301,0.67026997
13441_geowiki-landcover-2017,0.6803799,0.31962013
21211_geowiki-landcover-2017,0.45185396,0.54814607
9984_croplands,0.5776547,0.42234525
255_tanzania-rice-ecaas,0.6940169,0.30598313
115_mali-non-crop,0.6803764,0.31962356
116_togo,0.5621702,0.43782985
250_togo,0.43382934,0.56617063
3075_croplands,0.44983184,0.55016816
26085_geowiki-landcover-2017,0.4498618,0.55013824
17138_geowiki-landcover-2017,0.5621705,0.43782955
283_mali-helmets-labelling-crops,0.43382886,0.56617117
4887_geowiki-landcover-2017,0.5780748,0.42192522
7949_canada,0.32972965,0.6702704
1090_mali-helmets-labelling-crops,0.43382874,0.5661713
880_togo,0.56217194,0.43782803
1196_canada,0.4518539,0.54814607
29155_geowiki-landcover-2017,0.32981473,0.6701852
2165_ile-de-france,0.3297296,0.67027044
6702_geowiki-landcover-2017,0.5621717,0.4378283
1601_kenya-non-crop,0.69432694,0.30567306
1478_central-asia,0.32973164,0.67026836
11820_geowiki-landcover-2017,0.6943267,0.30567333
311_lem-brazil,0.45185453,0.5481455
2358_germany,0.3297298,0.67027014
26497_geowiki-landcover-2017,0.4518538,0.5481462
4797_geowiki-landcover-2017,0.577463,0.422537
205_lem-brazil,0.45185187,0.54814816
2336_rwanda-ceo,0.68092686,0.3190732
5159_canada,0.32972962,0.6702704
9299_geowiki-landcover-2017,0.5780745,0.42192546
239_tanzania-ceo,0.5780742,0.42192578
344_croplands,0.44921127,0.5507887
1773_kenya-non-crop,0.77964234,0.22035764
1896_tanzania-ceo,0.6764135,0.3235865
396_germany,0.4492112,0.55078876
1873_kenya-non-crop,0.7796361,0.22036396
2094_central-asia,0.32973063,0.67026937
2291_ile-de-france,0.3297312,0.6702688
21386_geowiki-landcover-2017,0.45185348,0.54814655
5734_geowiki-landcover-2017,0.4518571,0.5481429
538_rwanda-ceo,0.44983163,0.5501684
4223_ile-de-france,0.4518546,0.5481454
2025_geowiki-landcover-2017,0.5621441,0.4378559
32474_geowiki-landcover-2017,0.7796427,0.22035733
693_croplands,0.57746345,0.42253652
1059_germany,0.45185384,0.5481462
1855_central-asia,0.45185485,0.5481451
2391_martinique-france,0.56217146,0.43782854
10186_croplands,0.45185533,0.54814464
31937_geowiki-landcover-2017,0.45185384,0.5481462
33402_geowiki-landcover-2017,0.45185384,0.5481462
3599_ile-de-france,0.32973045,0.67026955
4640_ile-de-france,0.45185548,0.5481445
5152_central-asia,0.32973045,0.67026955
624_canada,0.45185372,0.54814625
1862_martinique-france,0.5621708,0.43782917
1074_germany,0.45185384,0.5481462
16_mali-non-crop,0.56217074,0.43782926
14_uganda,0.68092513,0.31907484
32611_geowiki-landcover-2017,0.4518539,0.5481461
35654_geowiki-landcover-2017,0.4498326,0.5501674
27891_geowiki-landcover-2017,0.4518547,0.54814535
12679_geowiki-landcover-2017,0.6943268,0.30567318
3184_rwanda-ceo,0.69432604,0.30567393
2016_geowiki-landcover-2017,0.45189765,0.5481024
6616_canada,0.45185444,0.54814553
2574_rwanda-ceo,0.7796428,0.22035722
19193_geowiki-landcover-2017,0.4518543,0.5481457
28784_geowiki-landcover-2017,0.57806545,0.42193455
12990_geowiki-landcover-2017,0.32972997,0.67027
372_reunion-france,0.57746327,0.4225367
78_canada,0.45182303,0.54817694
285_kenya,0.68092555,0.31907442
172_germany,0.451854,0.548146
16114_geowiki-landcover-2017,0.45185417,0.54814583
10215_croplands,0.32973084,0.6702692
9803_geowiki-landcover-2017,0.45185655,0.54814345
73_tanzania-ceo,0.57748246,0.4225176
1121_mali-helmets-labelling-crops,0.43382898,0.56617105
21240_geowiki-landcover-2017,0.57807314,0.4219269
747_martinique-france,0.56217086,0.43782914
6084_geowiki-landcover-2017,0.6809259,0.31907415
21022_geowiki-landcover-2017,0.45185664,0.5481434
3471_ile-de-france,0.32973006,0.67026997
3531_central-asia,0.32972997,0.67027
1440_croplands,0.4518547,0.5481453
186_sudan,0.43383303,0.56616694
27626_geowiki-landcover-2017,0.4518543,0.5481457
3134_canada,0.32972974,0.67027026
1061_reunion-france,0.45185593,0.5481441
1350_germany,0.45185485,0.5481451
17119_geowiki-landcover-2017,0.6809269,0.3190731
1937_central-asia,0.32974133,0.6702587
3133_ile-de-france,0.451853,0.54814696
13387_geowiki-landcover-2017,0.44921297,0.55078703
408_central-asia,0.3297298,0.67027014
760_kenya-non-crop,0.56016,0.43984002
722_lem-brazil,0.45185357,0.5481464
5381_canada,0.45185354,0.5481464
20359_geowiki-landcover-2017,0.32972997,0.67027
685_ile-de-france,0.32973015,0.67026985
6658_geowiki-landcover-2017,0.45185393,0.54814607
841_ile-de-france,0.32973135,0.67026865
1096_togo,0.68038154,0.31961846
16861_geowiki-landcover-2017,0.6942951,0.3057049
6459_croplands,0.45185363,0.54814637
23078_geowiki-landcover-2017,0.5621705,0.4378295
1692_ile-de-france,0.32973084,0.6702692
92_central-asia,0.32973057,0.6702695
115_mali-helmets-labelling-crops,0.5621706,0.43782935
2884_canada,0.5774628,0.42253718
13894_geowiki-landcover-2017,0.5780745,0.42192551
8573_geowiki-landcover-2017,0.57807213,0.42192787
4588_croplands,0.3297307,0.6702693
12272_geowiki-landcover-2017,0.4518542,0.54814583
31288_geowiki-landcover-2017,0.68092704,0.31907293
2825_geowiki-landcover-2017,0.5621696,0.4378304
22427_geowiki-landcover-2017,0.4518538,0.5481462
432_tanzania-rice-ecaas,0.45185375,0.54814625
2777_ile-de-france,0.45185497,0.548145
141_central-asia,0.32972986,0.67027014
15442_geowiki-landcover-2017,0.57746357,0.4225364
950_central-asia,0.44921082,0.5507892
388_tanzania-ceo,0.69431466,0.3056854
264_croplands,0.55954707,0.4404529
3283_rwanda-ceo,0.57746714,0.4225328
1557_reunion-france,0.69432086,0.30567914
197_tanzania-rice-ecaas,0.32975242,0.6702476
34808_geowiki-landcover-2017,0.32973132,0.6702687
28101_geowiki-landcover-2017,0.32972997,0.67027
17529_geowiki-landcover-2017,0.6809271,0.31907287
539_kenya-non-crop,0.6809268,0.31907323
3225_ile-de-france,0.32973063,0.67026937
11514_geowiki-landcover-2017,0.5621703,0.4378297
18031_geowiki-landcover-2017,0.6943268,0.30567318
4037_central-asia,0.45184028,0.5481597
1732_martinique-france,0.5621703,0.4378297
1776_geowiki-landcover-2017,0.5621709,0.43782905
411_croplands,0.43382943,0.5661706
318_lem-brazil,0.5774632,0.42253685
213_kenya,0.68092716,0.31907284
29117_geowiki-landcover-2017,0.45185366,0.54814637
4904_canada,0.4518537,0.54814625
32529_geowiki-landcover-2017,0.3297345,0.67026544
26225_geowiki-landcover-2017,0.5621705,0.4378295
29170_geowiki-landcover-2017,0.45185372,0.54814625
6135_ile-de-france,0.32973003,0.67026997
5880_ile-de-france,0.32973063,0.67026937
1914_germany,0.32973036,0.6702696
4450_ile-de-france,0.45185256,0.54814744
20152_geowiki-landcover-2017,0.5780729,0.42192712
196_germany,0.4518544,0.54814553
1674_germany,0.3297312,0.6702688
4322_geowiki-landcover-2017,0.45185497,0.54814506
963_togo,0.5621713,0.43782872
35754_geowiki-landcover-2017,0.43382835,0.5661716
25460_geowiki-landcover-2017,0.6943266,0.30567345
3588_geowiki-landcover-2017,0.56217057,0.43782943
2301_rwanda-ceo,0.6809275,0.3190725
1128_rwanda-ceo,0.57807547,0.4219245
5200_geowiki-landcover-2017,0.3297301,0.67026997
29223_geowiki-landcover-2017,0.45185524,0.54814476
8924_geowiki-landcover-2017,0.5780741,0.4219259
3223_ile-de-france,0.4518454,0.5481546
35609_geowiki-landcover-2017,0.5621709,0.43782902
5178_canada,0.577463,0.422537
2500_central-asia,0.3297304,0.6702696
30761_geowiki-landcover-2017,0.4518544,0.54814553
2533_kenya-non-crop,0.6809269,0.31907302
1154_mali-helmets-labelling-crops,0.43382898,0.566171
3065_canada,0.57746327,0.42253676
134_tanzania-ceo,0.69432646,0.30567357
1863_tanzania-ceo,0.5774624,0.42253762
300_mali-helmets-labelling-crops,0.5621711,0.43782887
34573_geowiki-landcover-2017,0.4518537,0.5481463
3583_geowiki-landcover-2017,0.5621709,0.43782902
4975_canada,0.44921017,0.55078983
825_kenya-non-crop,0.6809256,0.3190744
4397_geowiki-landcover-2017,0.32973117,0.67026883
1178_mali-helmets-labelling-crops,0.43384305,0.5661569
764_ile-de-france,0.3297305,0.6702695
34056_geowiki-landcover-2017,0.4518542,0.54814583
823_central-asia,0.32972968,0.6702703
752_martinique-france,0.56216824,0.43783173
50_mali,0.43382865,0.5661713
31305_geowiki-landcover-2017,0.4518544,0.5481456
195_sudan,0.43383047,0.56616956
2186_reunion-france,0.5774635,0.42253652
34331_geowiki-landcover-2017,0.5621712,0.43782872
35155_geowiki-landcover-2017,0.3309952,0.6690048
68_uganda,0.6785993,0.32140067
4540_croplands,0.32972997,0.67027
2595_geowiki-landcover-2017,0.5621708,0.43782917
33553_geowiki-landcover-2017,0.3297299,0.67027
5427_canada,0.45184803,0.548152
2314_central-asia,0.32973126,0.6702687
3195_croplands,0.45185435,0.54814565
4357_canada,0.32973385,0.67026615
5282_ile-de-france,0.4518538,0.5481462
27806_geowiki-landcover-2017,0.57807106,0.42192894
916_rwanda-ceo,0.6809231,0.31907693
224_kenya,0.6809266,0.31907338
22490_geowiki-landcover-2017,0.56222963,0.4377704
1006_tanzania-ceo,0.57807463,0.42192537
6724_croplands,0.44983184,0.5501681
2221_ile-de-france,0.45185542,0.5481446
29301_geowiki-landcover-2017,0.45185333,0.5481467
4784_ile-de-france,0.32973143,0.67026854
5835_ile-de-france,0.45185542,0.54814464
34695_geowiki-landcover-2017,0.45185405,0.548146
31893_geowiki-landcover-2017,0.32972983,0.67027014
1733_rwanda-ceo,0.6943259,0.30567402
7823_canada,0.4518539,0.5481461
6370_geowiki-landcover-2017,0.45185426,0.5481457
4278_canada,0.45185313,0.5481469
18086_geowiki-landcover-2017,0.5780745,0.42192551
700_togo,0.43382874,0.5661712
3203_ile-de-france,0.32973084,0.6702692
4559_geowiki-landcover-2017,0.69432515,0.30567485
443_kenya-non-crop,0.57811123,0.4218888
2379_geowiki-landcover-2017,0.5621711,0.43782893
6318_geowiki-landcover-2017,0.5780749,0.42192513
7224_geowiki-landcover-2017,0.56217116,0.43782884
9486_croplands,0.32973027,0.6702697
3126_croplands,0.44983202,0.550168
1320_mali-helmets-labelling-crops,0.43382874,0.5661713
2973_central-asia,0.3297315,0.67026854
30456_geowiki-landcover-2017,0.57807434,0.4219257
225_togo,0.5621708,0.43782917
2143_geowiki-landcover-2017,0.56217104,0.43782902
1631_reunion-france,0.5774614,0.42253852
5192_canada,0.4518495,0.5481505
13525_croplands,0.45185423,0.5481458
778_canada,0.4518541,0.5481459
2002_rwanda-ceo,0.7796412,0.22035877
682_central-asia,0.4518524,0.5481476
4827_ile-de-france,0.32973048,0.6702695
968_croplands,0.3297485,0.67025155
987_mali-helmets-labelling-crops,0.43382883,0.56617117
26588_geowiki-landcover-2017,0.45185515,0.5481448
3283_central-asia,0.32973,0.67027
4029_central-asia,0.32972988,0.6702701
1345_reunion-france,0.45185384,0.5481461
621_ile-de-france,0.3297344,0.67026556
82_uganda,0.68092674,0.31907326
1209_togo,0.43383163,0.5661683
1090_togo,0.5621711,0.43782887
670_canada,0.4518537,0.54814637
1205_togo,0.56217074,0.4378293
4378_geowiki-landcover-2017,0.44983158,0.55016845
1093_reunion-france,0.5780754,0.42192465
22552_geowiki-landcover-2017,0.4518536,0.5481464
1443_geowiki-landcover-2017,0.5780028,0.42199716
500_ile-de-france,0.4518516,0.5481484
9229_croplands,0.32973042,0.67026955
7862_geowiki-landcover-2017,0.5621686,0.43783137
2559_ile-de-france,0.44921175,0.5507882
10259_geowiki-landcover-2017,0.5780752,0.4219249
906_reunion-france,0.69432354,0.3056765
7743_canada,0.4336175,0.56638247
7091_geowiki-landcover-2017,0.56217074,0.43782926
613_tanzania-rice-ecaas,0.45185605,0.548144
1905_rwanda-ceo,0.57807577,0.42192417
8987_geowiki-landcover-2017,0.4518539,0.54814607
34780_geowiki-landcover-2017,0.32973015,0.67026985
29705_geowiki-landcover-2017,0.44983205,0.550168
2497_kenya-non-crop,0.56217307,0.437827
34418_geowiki-landcover-2017,0.5621708,0.43782917
3744_croplands,0.3297305,0.6702695
364_geowiki-landcover-2017,0.5774629,0.4225371
30024_geowiki-landcover-2017,0.32972956,0.6702705
1379_germany,0.45185417,0.54814583
22026_geowiki-landcover-2017,0.45185584,0.5481441
21571_geowiki-landcover-2017,0.57807493,0.42192504
17731_geowiki-landcover-2017,0.45185405,0.54814595
17845_geowiki-landcover-2017,0.45185435,0.54814565
804_rwanda-ceo,0.57807565,0.42192435
2983_rwanda-ceo,0.5780748,0.42192522
1661_germany,0.45185426,0.5481458
417_sudan,0.5621712,0.43782878
1327_tanzania-ceo,0.68092775,0.3190722
2120_martinique-france,0.5621716,0.43782842
9841_geowiki-landcover-2017,0.5621706,0.43782932
18261_geowiki-landcover-2017,0.45185444,0.54814553
137_rwanda-ceo,0.5780751,0.4219249
23307_geowiki-landcover-2017,0.57807434,0.4219256
1338_mali-helmets-labelling-crops,0.433829,0.566171
1023_central-asia,0.44921097,0.550789
244_lem-brazil,0.32973054,0.6702695
10858_croplands,0.56216776,0.43783227
2215_geowiki-landcover-2017,0.56217176,0.43782824
11958_geowiki-landcover-2017,0.5621706,0.4378294
230_tanzania,0.4518608,0.5481393
1175_mali-helmets-labelling-crops,0.5621689,0.4378311
501_canada,0.32973227,0.6702677
638_kenya-non-crop,0.6808989,0.31910107
19821_geowiki-landcover-2017,0.45185474,0.5481453
47_canada,0.45185283,0.54814714
8127_geowiki-landcover-2017,0.4492114,0.55078864
18874_geowiki-landcover-2017,0.5621719,0.43782812
349_geowiki-landcover-2017,0.57807356,0.4219264
4011_central-asia,0.32972986,0.67027014
1313_martinique-france,0.5621653,0.43783468
302_ile-de-france,0.45185453,0.5481455
270_togo,0.43382898,0.56617105
5011_canada,0.4518537,0.5481463
5645_ile-de-france,0.32973036,0.6702696
21742_geowiki-landcover-2017,0.5621735,0.43782648
2073_ile-de-france,0.4518546,0.5481454
928_germany,0.45185518,0.5481448
6791_geowiki-landcover-2017,0.32973006,0.67026997
19477_geowiki-landcover-2017,0.5774632,0.42253676
11602_geowiki-landcover-2017,0.45185354,0.5481464
17124_geowiki-landcover-2017,0.45185444,0.54814553
394_canada,0.45185357,0.5481464
10687_geowiki-landcover-2017,0.4518532,0.54814684
30924_geowiki-landcover-2017,0.45183608,0.5481639
100_mali,0.56217074,0.43782926
2255_croplands,0.32973063,0.67026937
1102_rwanda-ceo,0.77963847,0.22036153
25841_geowiki-landcover-2017,0.451854,0.548146
1231_ile-de-france,0.32973123,0.6702688
1506_ile-de-france,0.3297303,0.6702697
1032_kenya-non-crop,0.7795239,0.22047608
23178_geowiki-landcover-2017,0.4518536,0.5481464
2036_reunion-france,0.57746345,0.42253652
1147_martinique-france,0.5621719,0.43782818
3618_geowiki-landcover-2017,0.56217134,0.43782863
35409_geowiki-landcover-2017,0.45185408,0.5481459
26943_geowiki-landcover-2017,0.32972962,0.6702704
1307_tanzania-ceo,0.69432634,0.30567363
4105_central-asia,0.45185417,0.54814583
14045_croplands,0.4518549,0.5481451
32598_geowiki-landcover-2017,0.32972986,0.67027014
4601_canada,0.3297297,0.67027026
26790_geowiki-landcover-2017,0.45185483,0.5481452
2866_rwanda-ceo,0.6943268,0.30567315
148_central-asia,0.45185426,0.5481457
4729_croplands,0.45185313,0.5481469
27389_geowiki-landcover-2017,0.56217074,0.4378293
5655_canada,0.45185375,0.54814625
260_mali-helmets-labelling-crops,0.5621695,0.43783054
612_geowiki-landcover-2017,0.680927,0.319073
3851_ile-de-france,0.329747,0.67025304
1997_ile-de-france,0.32972974,0.67027026
2997_ile-de-france,0.32972988,0.67027014
33370_geowiki-landcover-2017,0.45185447,0.54814553
2467_central-asia,0.3297318,0.67026824
581_kenya-non-crop,0.6809263,0.3190737
1827_geowiki-landcover-2017,0.6809271,0.31907284
308_canada,0.4518542,0.54814583
35082_geowiki-landcover-2017,0.32973394,0.6702661
6036_canada,0.32972988,0.6702701
4330_geowiki-landcover-2017,0.45185366,0.54814637
208_tanzania-rice-ecaas,0.5749482,0.42505178
3952_canada,0.4518535,0.5481465
10278_geowiki-landcover-2017,0.56217086,0.4378291
45_lem-brazil,0.45185488,0.5481451
17027_geowiki-landcover-2017,0.3297299,0.67027
4348_central-asia,0.32973012,0.67026985
833_rwanda-ceo,0.57807505,0.42192498
15148_geowiki-landcover-2017,0.4338289,0.56617105
28_togo,0.56217116,0.43782887
15489_geowiki-landcover-2017,0.4518544,0.54814553
721_kenya-non-crop,0.6809265,0.31907353
3469_rwanda-ceo,0.5780753,0.42192474
411_ile-de-france,0.32973135,0.67026865
13899_geowiki-landcover-2017,0.44984397,0.550156
514_kenya-non-crop,0.7796423,0.22035766
1214_germany,0.4518557,0.5481443
5833_geowiki-landcover-2017,0.5780748,0.42192516
5484_ile-de-france,0.45185435,0.5481457
561_central-asia,0.3297301,0.6702699
729_geowiki-landcover-2017,0.44983256,0.55016744
605_tanzania-rice-ecaas,0.32973084,0.6702692
948_tanzania-ceo,0.5774631,0.42253688
2650_central-asia,0.3297637,0.6702363
315_kenya,0.6809271,0.31907287
1349_martinique-france,0.56217074,0.43782926
2197_tanzania-ceo,0.6943251,0.30567488
22728_geowiki-landcover-2017,0.45185384,0.5481462
35447_geowiki-landcover-2017,0.4518535,0.5481465
32185_geowiki-landcover-2017,0.45185405,0.54814595
3106_rwanda-ceo,0.5780743,0.42192572
261_togo,0.4338325,0.5661675
4498_ile-de-france,0.3297304,0.6702696
1268_germany,0.451854,0.548146
288_central-asia,0.32973045,0.6702695
1488_tanzania-ceo,0.5780748,0.42192513
973_kenya-non-crop,0.77964115,0.22035886
2827_central-asia,0.32973045,0.6702695
1490_geowiki-landcover-2017,0.4518542,0.54814583
2123_central-asia,0.32973072,0.67026925
782_tanzania-ceo,0.69432634,0.30567363
925_togo,0.56217146,0.43782854
25894_geowiki-landcover-2017,0.45185345,0.54814655
25586_geowiki-landcover-2017,0.45185405,0.548146
28289_geowiki-landcover-2017,0.57807446,0.42192557
2119_croplands,0.45185336,0.5481466
59_lem-brazil,0.5774583,0.4225417
19828_geowiki-landcover-2017,0.3297299,0.67027
21_mali-non-crop,0.56217104,0.437829
34623_geowiki-landcover-2017,0.45185396,0.54814607
882_reunion-france,0.694326,0.30567405
6236_geowiki-landcover-2017,0.45185402,0.548146
1752_tanzania-ceo,0.69432604,0.30567393
3081_geowiki-landcover-2017,0.56217057,0.43782943
3428_geowiki-landcover-2017,0.5621711,0.43782887
4583_canada,0.32973042,0.67026955
10048_croplands,0.32975963,0.6702404
14704_geowiki-landcover-2017,0.57807463,0.42192537
2307_rwanda-ceo,0.6809269,0.31907308
6478_geowiki-landcover-2017,0.4518542,0.54814583
361_martinique-france,0.56217366,0.4378263
3421_geowiki-landcover-2017,0.56217074,0.43782926
666_geowiki-landcover-2017,0.45185384,0.5481462
33323_geowiki-landcover-2017,0.57807523,0.4219248
3768_geowiki-landcover-2017,0.5621713,0.43782872
20468_geowiki-landcover-2017,0.4518547,0.54814535
19302_geowiki-landcover-2017,0.45185485,0.5481451
2267_rwanda-ceo,0.5626389,0.4373611
33502_geowiki-landcover-2017,0.45185298,0.548147
1463_central-asia,0.32973003,0.67026997
2056_central-asia,0.45185536,0.54814464
3446_ile-de-france,0.3297309,0.6702691
2552_central-asia,0.32973498,0.670265
34100_geowiki-landcover-2017,0.45185915,0.5481408
21730_geowiki-landcover-2017,0.43383503,0.566165
2300_canada,0.3297298,0.67027014
4918_ile-de-france,0.4518531,0.5481469
12766_geowiki-landcover-2017,0.43382072,0.5661793
8256_geowiki-landcover-2017,0.6803805,0.3196195
29640_geowiki-landcover-2017,0.45186278,0.54813725
23401_geowiki-landcover-2017,0.45185435,0.54814565
23235_geowiki-landcover-2017,0.44921124,0.55078876
2008_martinique-france,0.5621712,0.43782875
8213_geowiki-landcover-2017,0.5621327,0.43786728
4726_ile-de-france,0.32973045,0.6702695
20804_geowiki-landcover-2017,0.4518539,0.5481461
754_germany,0.45185456,0.5481455
2_ile-de-france,0.32973048,0.6702695
19071_geowiki-landcover-2017,0.4518538,0.5481462
30554_geowiki-landcover-2017,0.4518524,0.5481476
3456_canada,0.4522595,0.5477405
16051_geowiki-landcover-2017,0.5780747,0.4219253
3716_ile-de-france,0.3297314,0.67026854
27974_geowiki-landcover-2017,0.57807505,0.42192498
4738_croplands,0.3297298,0.67027014
110_reunion-france,0.5780753,0.42192465
4911_croplands,0.3297301,0.67026997
2376_ile-de-france,0.32972977,0.67027026
204_rwanda-ceo,0.5780746,0.42192546
2067_geowiki-landcover-2017,0.45189488,0.5481052
106_canada,0.4518538,0.5481462
1387_central-asia,0.45185405,0.548146
25187_geowiki-landcover-2017,0.5621308,0.4378692
18556_geowiki-landcover-2017,0.4518542,0.54814583
454_geowiki-landcover-2017,0.5780742,0.42192578
2167_ile-de-france,0.45185465,0.54814535
232_mali-helmets-labelling-crops,0.5621705,0.43782946
2543_ile-de-france,0.3297305,0.6702695
3711_geowiki-landcover-2017,0.56217057,0.43782946
28134_geowiki-landcover-2017,0.45185316,0.54814684
235_tanzania-ceo,0.446082,0.553918
187_tanzania-ceo,0.6942481,0.30575192
3642_central-asia,0.32973015,0.67026985
941_geowiki-landcover-2017,0.5621707,0.43782932
15021_geowiki-landcover-2017,0.6809269,0.31907314
2203_croplands,0.32977277,0.6702272
14251_geowiki-landcover-2017,0.44983163,0.5501684
9379_geowiki-landcover-2017,0.57807535,0.42192465
2658_canada,0.3297296,0.67027044
9636_geowiki-landcover-2017,0.45185554,0.54814446
607_tanzania-rice-ecaas,0.45185545,0.5481446
5164_ile-de-france,0.32972988,0.6702701
3638_canada,0.32972962,0.6702704
4886_geowiki-landcover-2017,0.5780746,0.42192543
1203_mali-helmets-labelling-crops,0.433829,0.566171
13862_geowiki-landcover-2017,0.5780743,0.42192572
1107_central-asia,0.32973132,0.6702687
5457_canada,0.3297301,0.67026997
2041_germany,0.4518534,0.54814655
4182_canada,0.45185384,0.5481462
2208_kenya-non-crop,0.68038213,0.3196179
19631_geowiki-landcover-2017,0.4338295,0.5661705
22751_geowiki-landcover-2017,0.57746285,0.42253718
27_lem-brazil,0.5774632,0.42253685
12672_geowiki-landcover-2017,0.5780743,0.4219257
4520_geowiki-landcover-2017,0.5778213,0.42217863
4941_ile-de-france,0.32973042,0.67026955
29098_geowiki-landcover-2017,0.4518537,0.5481463
924_mali-helmets-labelling-crops,0.43382865,0.56617135
6773_geowiki-landcover-2017,0.45185405,0.54814595
14197_geowiki-landcover-2017,0.45185375,0.54814625
164_tanzania-ceo,0.57807404,0.421926
1308_germany,0.45185405,0.548146
800_martinique-france,0.5621705,0.43782946
14553_geowiki-landcover-2017,0.45185298,0.548147
754_reunion-france,0.45185727,0.54814273
1683_rwanda-ceo,0.6809273,0.31907272
28775_geowiki-landcover-2017,0.43382874,0.5661713
3146_ile-de-france,0.32973254,0.67026746
4498_canada,0.32972944,0.67027056
3511_geowiki-landcover-2017,0.56016165,0.4398383
13071_croplands,0.4498312,0.5501688
3983_geowiki-landcover-2017,0.32972953,0.6702705
30594_geowiki-landcover-2017,0.32972965,0.6702704
3154_rwanda-ceo,0.6809268,0.31907323
13696_croplands,0.3297326,0.6702674
437_tanzania-rice-ecaas,0.5774637,0.42253628
14054_croplands,0.4490088,0.5509912
2258_ile-de-france,0.32973114,0.6702689
4104_ile-de-france,0.45185518,0.5481448
1077_mali-helmets-labelling-crops,0.56217134,0.4378287
592_martinique-france,0.56217146,0.43782857
1938_geowiki-landcover-2017,0.32973585,0.6702642
5163_ile-de-france,0.32973084,0.67026913
1349_geowiki-landcover-2017,0.6943216,0.30567843
19403_geowiki-landcover-2017,0.45185104,0.54814893
32853_geowiki-landcover-2017,0.4518547,0.54814535
225_tanzania,0.45186007,0.54814
627_tanzania-ceo,0.44983208,0.5501679
5739_ile-de-france,0.32972988,0.67027014
3656_ile-de-france,0.3297314,0.67026854
1290_geowiki-landcover-2017,0.57807505,0.42192492
34703_geowiki-landcover-2017,0.45185477,0.54814523
989_mali-helmets-labelling-crops,0.43382904,0.566171
31606_geowiki-landcover-2017,0.56217057,0.43782943
8509_geowiki-landcover-2017,0.56217074,0.43782932
1120_rwanda-ceo,0.578091,0.42190894
1275_togo,0.5621705,0.43782955
4833_ile-de-france,0.32972994,0.67027
3623_geowiki-landcover-2017,0.5621708,0.43782917
5261_canada,0.32972986,0.67027014
36_canada,0.5774626,0.42253736
30865_geowiki-landcover-2017,0.4518546,0.5481454
1424_germany,0.45185456,0.5481455
10050_geowiki-landcover-2017,0.4518544,0.54814565
2070_rwanda-ceo,0.5780747,0.42192534
1014_mali-helmets-labelling-crops,0.5621712,0.43782872
34684_geowiki-landcover-2017,0.45185414,0.54814583
6783_canada,0.44918022,0.55081975
16630_geowiki-landcover-2017,0.6809272,0.3190728
12125_geowiki-landcover-2017,0.44983152,0.55016845
8939_geowiki-landcover-2017,0.45186624,0.5481338
3329_geowiki-landcover-2017,0.56217104,0.43782896
342_tanzania-rice-ecaas,0.32974026,0.6702598
3416_ile-de-france,0.4518531,0.5481469
6217_canada,0.32972994,0.67027
3195_canada,0.3297296,0.67027044
2539_reunion-france,0.45185563,0.5481444
300_reunion-france,0.45185393,0.54814607
13011_geowiki-landcover-2017,0.45185462,0.5481454
4101_central-asia,0.45185384,0.5481461
11967_geowiki-landcover-2017,0.578075,0.42192498
3453_ile-de-france,0.4518549,0.5481451
5475_ile-de-france,0.3297307,0.6702693
2522_reunion-france,0.45185518,0.5481448
1622_kenya-non-crop,0.68093044,0.31906956
16109_geowiki-landcover-2017,0.45185423,0.5481458
9554_croplands,0.45185208,0.5481479
2257_martinique-france,0.5621773,0.4378227
11794_geowiki-landcover-2017,0.6809277,0.31907225
5596_geowiki-landcover-2017,0.44982117,0.5501788
124_kenya,0.680927,0.319073
86_uganda,0.6809269,0.31907302
172_ile-de-france,0.32973173,0.67026824
28950_geowiki-landcover-2017,0.32973102,0.67026895
2872_canada,0.4517667,0.54823333
320_tanzania-rice-ecaas,0.44930342,0.5506966
416_kenya-non-crop,0.68092704,0.31907293
20318_geowiki-landcover-2017,0.6808842,0.31911582
2986_rwanda-ceo,0.44992635,0.5500737
372_togo,0.5621705,0.43782955
4552_geowiki-landcover-2017,0.5780746,0.42192546
726_kenya-non-crop,0.68092626,0.3190737
10006_geowiki-landcover-2017,0.680382,0.319618
1154_reunion-france,0.45185614,0.54814386
1111_tanzania-ceo,0.57546896,0.42453104
1952_germany,0.45185414,0.54814583
12612_croplands,0.56216264,0.4378373
13582_geowiki-landcover-2017,0.56217104,0.43782896
534_reunion-france,0.5780748,0.42192513
862_geowiki-landcover-2017,0.69432044,0.3056796
202_kenya-non-crop,0.68092775,0.31907228
10621_geowiki-landcover-2017,0.5780755,0.4219245
16143_geowiki-landcover-2017,0.4498781,0.5501219
965_reunion-france,0.451856,0.54814404
1211_togo,0.5621712,0.43782878
2436_geowiki-landcover-2017,0.5621711,0.43782893
3479_rwanda-ceo,0.57757443,0.4224256
4780_geowiki-landcover-2017,0.6809266,0.3190734
4878_ile-de-france,0.3297316,0.6702684
1737_ile-de-france,0.3297301,0.67026997
432_croplands,0.4338286,0.56617135
1381_geowiki-landcover-2017,0.5780748,0.42192513
332_ethiopia,0.5602043,0.43979564
7137_canada,0.3297297,0.6702703
33_ile-de-france,0.32973072,0.67026925
2449_geowiki-landcover-2017,0.5595682,0.44043177
6499_canada,0.32972962,0.6702704
10759_croplands,0.45185906,0.54814094
1141_kenya-non-crop,0.6810034,0.31899664
7545_canada,0.3297301,0.67026997
629_ile-de-france,0.3297301,0.67026997
554_martinique-france,0.56217146,0.43782857
1646_ile-de-france,0.32973057,0.6702695
2886_ile-de-france,0.45185313,0.5481469
3286_canada,0.5780745,0.42192546
787_ethiopia,0.68038005,0.31962
283_canada,0.45185384,0.5481462
1834_reunion-france,0.57807505,0.42192498
5793_ile-de-france,0.45185104,0.54814893
29662_geowiki-landcover-2017,0.45185405,0.548146
565_germany,0.45185477,0.54814523
3991_geowiki-landcover-2017,0.45185396,0.54814607
9827_geowiki-landcover-2017,0.56217146,0.43782854
226_mali-helmets-labelling-crops,0.5621708,0.4378292
28977_geowiki-landcover-2017,0.45185328,0.5481467
3433_ile-de-france,0.4518536,0.5481464
4963_central-asia,0.3297299,0.67027
907_geowiki-landcover-2017,0.69432676,0.30567324
1360_tanzania-ceo,0.57547003,0.42452994
33464_geowiki-landcover-2017,0.32972988,0.6702701
631_kenya-non-crop,0.68092614,0.31907386
619_canada,0.45185363,0.54814637
31344_geowiki-landcover-2017,0.32973042,0.67026955
1265_togo,0.43382865,0.5661713
27597_geowiki-landcover-2017,0.45185384,0.5481462
1473_mali-helmets-labelling-crops,0.43382874,0.5661712
99_uganda,0.6809268,0.3190732
2128_reunion-france,0.45185453,0.5481455
750_ile-de-france,0.3297304,0.6702696
4672_croplands,0.4518537,0.54814637
1831_kenya-non-crop,0.77964234,0.22035764
5044_central-asia,0.4518536,0.5481464
7646_geowiki-landcover-2017,0.56217057,0.43782946
25435_geowiki-landcover-2017,0.57746285,0.42253715
1189_tanzania-ceo,0.5621699,0.4378301
5449_ile-de-france,0.3297299,0.67027
1613_reunion-france,0.5774705,0.42252952
659_tanzania-ceo,0.57807386,0.42192617
30815_geowiki-landcover-2017,0.4518537,0.54814637
7274_geowiki-landcover-2017,0.56217146,0.43782854
387_togo,0.4338324,0.56616765
19077_geowiki-landcover-2017,0.3297341,0.67026585
7165_geowiki-landcover-2017,0.3297297,0.67027026
2150_kenya-non-crop,0.77964264,0.22035733
547_canada,0.45185408,0.5481459
7907_canada,0.4518547,0.5481453
77_mali,0.5621709,0.43782902
5689_ile-de-france,0.32973033,0.6702696
2822_ile-de-france,0.45185328,0.5481467
2026_central-asia,0.3297303,0.6702697
9179_croplands,0.45185354,0.5481465
6807_croplands,0.44983163,0.5501684
12883_croplands,0.3297298,0.67027014
1768_rwanda-ceo,0.578075,0.421925
3065_geowiki-landcover-2017,0.5621692,0.43783075
2284_kenya-non-crop,0.562171,0.43782902
2362_kenya-non-crop,0.7796417,0.22035834
2020_ile-de-france,0.32973036,0.6702696
2496_geowiki-landcover-2017,0.43383113,0.56616884
1751_tanzania-ceo,0.6943259,0.30567408
672_mali-helmets-labelling-crops,0.4338285,0.5661715
23588_geowiki-landcover-2017,0.56218195,0.43781808
2530_reunion-france,0.45185485,0.5481451
3729_geowiki-landcover-2017,0.5621707,0.43782932
299_rwanda-ceo,0.57807285,0.42192718
806_togo,0.5621703,0.4378297
16756_geowiki-landcover-2017,0.45185798,0.548142
2015_germany,0.45185474,0.5481453
12476_croplands,0.45185605,0.548144
2327_martinique-france,0.5621704,0.43782958
23019_geowiki-landcover-2017,0.68092644,0.31907353
28797_geowiki-landcover-2017,0.4518539,0.5481461
2022_geowiki-landcover-2017,0.56217057,0.43782943
2799_geowiki-landcover-2017,0.5621708,0.4378292
3620_canada,0.3297296,0.67027044
5126_canada,0.45185313,0.5481469
22613_geowiki-landcover-2017,0.4518534,0.54814655
1075_ile-de-france,0.45185384,0.5481462
18301_geowiki-landcover-2017,0.43383026,0.5661697
1819_tanzania-ceo,0.57807446,0.4219256
401_central-asia,0.3297313,0.6702687
23742_geowiki-landcover-2017,0.45185345,0.54814655
2181_central-asia,0.4518542,0.54814583
432_ile-de-france,0.329731,0.670269
7480_canada,0.32972944,0.67027056
2975_ile-de-france,0.32973114,0.6702689
5813_ile-de-france,0.57746154,0.42253843
1532_tanzania-ceo,0.57807636,0.4219236
3686_canada,0.32972953,0.6702705
1987_canada,0.451854,0.548146
725_canada,0.32973114,0.6702689
29287_geowiki-landcover-2017,0.45185402,0.548146
7014_geowiki-landcover-2017,0.45185277,0.54814726
1534_ile-de-france,0.32973456,0.67026544
30269_geowiki-landcover-2017,0.5621708,0.4378292
18169_geowiki-landcover-2017,0.578076,0.42192394
2073_rwanda-ceo,0.6809269,0.31907302
1340_mali-helmets-labelling-crops,0.43382874,0.5661712
4705_central-asia,0.45185435,0.54814565
427_tanzania-ceo,0.4498526,0.5501474
784_lem-brazil,0.3298708,0.67012924
821_tanzania-ceo,0.7796417,0.22035834
25289_geowiki-landcover-2017,0.45185447,0.54814553
593_tanzania-rice-ecaas,0.4518246,0.5481754
25864_geowiki-landcover-2017,0.4518542,0.54814583
1313_rwanda-ceo,0.578075,0.42192504
18867_geowiki-landcover-2017,0.57807493,0.42192504
6014_geowiki-landcover-2017,0.45185426,0.5481457
20342_geowiki-landcover-2017,0.69432634,0.30567366
10471_geowiki-landcover-2017,0.57807475,0.42192522
1874_canada,0.32972986,0.67027014
8559_geowiki-landcover-2017,0.5774575,0.42254248
3807_central-asia,0.32972977,0.67027026
1356_mali-helmets-labelling-crops,0.43382886,0.56617117
827_mali-helmets-labelling-crops,0.562171,0.43782902
301_martinique-france,0.5621722,0.43782783
9536_geowiki-landcover-2017,0.68035704,0.31964293
159_kenya,0.68092686,0.31907317
6037_geowiki-landcover-2017,0.4518542,0.54814583
1664_geowiki-landcover-2017,0.32975683,0.67024314
27268_geowiki-landcover-2017,0.57806915,0.42193082
340_canada,0.45185387,0.5481461
19195_geowiki-landcover-2017,0.4519357,0.5480643
1056_ile-de-france,0.45185372,0.54814625
1295_canada,0.45184904,0.548151
323_ethiopia,0.56016076,0.43983927
3320_rwanda-ceo,0.68092763,0.31907237
4363_ile-de-france,0.45185447,0.54814553
335_croplands,0.32973063,0.67026937
24505_geowiki-landcover-2017,0.57807523,0.42192477
7719_canada,0.4518541,0.5481459
2292_germany,0.32973066,0.6702693
391_togo,0.5621586,0.43784145
27653_geowiki-landcover-2017,0.57746273,0.4225373
34417_geowiki-landcover-2017,0.45185426,0.5481457
19_kenya,0.6809271,0.31907287
1101_kenya-non-crop,0.68092644,0.3190735
645_tanzania-rice-ecaas,0.3297317,0.67026836
4754_ile-de-france,0.32973045,0.6702695
35799_geowiki-landcover-2017,0.56217146,0.43782854
32554_geowiki-landcover-2017,0.45185092,0.54814905
29709_geowiki-landcover-2017,0.5621705,0.43782946
1239_mali-helmets-labelling-crops,0.43382898,0.56617105
1210_togo,0.5621708,0.43782917
825_reunion-france,0.5780747,0.4219253
27252_geowiki-landcover-2017,0.45185426,0.5481457
1922_central-asia,0.32973236,0.67026764
34913_geowiki-landcover-2017,0.45188764,0.54811233
6974_canada,0.4518537,0.54814637
3589_geowiki-landcover-2017,0.5621712,0.43782875
3871_ile-de-france,0.32973143,0.67026854
19039_geowiki-landcover-2017,0.6943264,0.3056736
4374_canada,0.3297299,0.67027
31380_geowiki-landcover-2017,0.45185396,0.54814607
1309_germany,0.3297301,0.6702699
2526_central-asia,0.3297318,0.67026824
6095_canada,0.43382838,0.5661716
1804_geowiki-landcover-2017,0.5621711,0.43782893
1420_germany,0.4518547,0.5481453
11547_croplands,0.45185366,0.54814637
26643_geowiki-landcover-2017,0.45185426,0.5481457
3333_geowiki-landcover-2017,0.43383488,0.5661651
3980_geowiki-landcover-2017,0.451854,0.548146
9490_croplands,0.4518537,0.54814625
1934_rwanda-ceo,0.68086004,0.31913996
28787_geowiki-landcover-2017,0.32973108,0.67026895
1617_tanzania-ceo,0.68092734,0.31907272
55_mali-non-crop,0.56217146,0.43782857
35147_geowiki-landcover-2017,0.45185426,0.5481457
299_lem-brazil,0.5774626,0.42253733
5227_central-asia,0.45185456,0.5481454
2710_ile-de-france,0.45185384,0.5481461
274_kenya,0.56015974,0.4398403
442_ile-de-france,0.45185548,0.5481446
2874_central-asia,0.3297306,0.6702694
23523_geowiki-landcover-2017,0.451854,0.548146
11259_geowiki-landcover-2017,0.56217265,0.4378273
3603_ile-de-france,0.5774633,0.4225367
538_germany,0.4518544,0.54814565
3443_ile-de-france,0.32973102,0.67026895
228_canada,0.45185414,0.54814583
1902_tanzania-ceo,0.6943228,0.30567712
1647_central-asia,0.451854,0.548146
1816_central-asia,0.451769,0.548231
4656_croplands,0.32972994,0.67027
24_geowiki-landcover-2017,0.4518553,0.5481447
1667_geowiki-landcover-2017,0.57807493,0.42192513
9223_croplands,0.45185357,0.5481464
8794_geowiki-landcover-2017,0.4518524,0.5481476
3517_rwanda-ceo,0.68092763,0.31907237
1951_geowiki-landcover-2017,0.5780747,0.42192537
16717_geowiki-landcover-2017,0.680926,0.319074
3234_rwanda-ceo,0.6809274,0.3190726
1012_central-asia,0.44919828,0.55080175
1122_tanzania-ceo,0.57807827,0.4219217
20785_geowiki-landcover-2017,0.5621706,0.43782932
2669_central-asia,0.3298061,0.6701939
1978_tanzania-ceo,0.5780706,0.42192945
32983_geowiki-landcover-2017,0.4338288,0.56617117
7295_geowiki-landcover-2017,0.5621702,0.43782985
722_tanzania-rice-ecaas,0.32973137,0.6702686
14101_croplands,0.4518557,0.5481443
1366_canada,0.3297375,0.6702625
6842_croplands,0.44983342,0.5501666
1446_central-asia,0.45185485,0.5481451
1884_tanzania-ceo,0.5774631,0.42253688
23329_geowiki-landcover-2017,0.5780747,0.4219253
12008_geowiki-landcover-2017,0.5774627,0.42253733
7794_geowiki-landcover-2017,0.56216997,0.43783006
409_geowiki-landcover-2017,0.45185772,0.5481423
857_rwanda-ceo,0.680927,0.319073
31626_geowiki-landcover-2017,0.43396658,0.5660335
1665_kenya-non-crop,0.6809274,0.3190726
802_kenya-non-crop,0.68092585,0.31907415
1296_tanzania-ceo,0.57807523,0.42192474
152_reunion-france,0.57807463,0.42192537
469_germany,0.3297307,0.6702693
16586_geowiki-landcover-2017,0.44983777,0.55016226
30720_geowiki-landcover-2017,0.32973033,0.6702696
954_martinique-france,0.56217146,0.43782848
1859_reunion-france,0.5780761,0.42192394
29182_geowiki-landcover-2017,0.44921175,0.5507883
505_tanzania-rice-ecaas,0.45185405,0.54814595
24638_geowiki-landcover-2017,0.578075,0.42192498
16609_geowiki-landcover-2017,0.56217176,0.43782818
1968_canada,0.3297297,0.67027026
17896_geowiki-landcover-2017,0.45185393,0.54814607
537_togo,0.6809271,0.31907287
2883_croplands,0.32973605,0.67026395
3931_geowiki-landcover-2017,0.45185745,0.54814255
16886_geowiki-landcover-2017,0.56217253,0.43782744
1279_germany,0.45185438,0.54814565
2295_martinique-france,0.56217146,0.43782848
1841_kenya-non-crop,0.77964234,0.22035764
30119_geowiki-landcover-2017,0.5621709,0.43782902
2590_ile-de-france,0.32973152,0.6702684
404_tanzania-ceo,0.44975236,0.55024767
34053_geowiki-landcover-2017,0.3297296,0.67027044
5810_croplands,0.3297303,0.6702697
2941_central-asia,0.32973033,0.67026967
4003_ile-de-france,0.32973075,0.6702693
877_rwanda-ceo,0.5780747,0.4219253
4468_canada,0.45185384,0.5481461
17285_geowiki-landcover-2017,0.57815874,0.42184123
783_lem-brazil,0.3297303,0.6702697
19169_geowiki-landcover-2017,0.5774631,0.42253694
1448_rwanda-ceo,0.6943267,0.30567333
19384_geowiki-landcover-2017,0.5774631,0.42253694
20817_geowiki-landcover-2017,0.5621705,0.43782946
2687_geowiki-landcover-2017,0.68036824,0.31963176
19152_geowiki-landcover-2017,0.57807493,0.42192504
4862_ile-de-france,0.4518544,0.54814565
136_geowiki-landcover-2017,0.45185584,0.54814416
1358_germany,0.4518537,0.5481463
4501_canada,0.32972947,0.67027056
30_mali-non-crop,0.56217146,0.43782857
3665_croplands,0.32973266,0.6702674
4920_ile-de-france,0.45185328,0.5481467
34033_geowiki-landcover-2017,0.45185527,0.54814476
1841_geowiki-landcover-2017,0.5621706,0.4378294
24142_geowiki-landcover-2017,0.32972988,0.6702701
4885_canada,0.32972974,0.67027026
997_togo,0.5621708,0.43782917
1293_germany,0.45185527,0.54814476
18_ethiopia,0.56016356,0.4398365
7098_canada,0.32973403,0.670266
5979_ile-de-france,0.3297311,0.67026895
138_mali,0.56216854,0.43783146
5747_geowiki-landcover-2017,0.4518536,0.5481464
74_rwanda-ceo,0.6809269,0.31907308
4339_ile-de-france,0.4518539,0.5481461
12279_geowiki-landcover-2017,0.57807505,0.42192498
21056_geowiki-landcover-2017,0.45185387,0.5481461
19306_geowiki-landcover-2017,0.4518501,0.54814994
603_kenya-non-crop,0.68092537,0.3190746
2138_kenya-non-crop,0.7796423,0.22035766
503_croplands,0.5621709,0.43782902
5786_geowiki-landcover-2017,0.5621706,0.43782935
3003_ile-de-france,0.32973015,0.67026985
33306_geowiki-landcover-2017,0.4492114,0.55078864
4480_croplands,0.3297303,0.6702697
29172_geowiki-landcover-2017,0.32972977,0.6702702
1339_rwanda-ceo,0.6809267,0.31907332
837_canada,0.45185098,0.54814905
4253_ile-de-france,0.3297303,0.6702697
4437_geowiki-landcover-2017,0.3297298,0.67027014
14205_geowiki-landcover-2017,0.5621696,0.4378304
33895_geowiki-landcover-2017,0.57807523,0.42192477
1042_togo,0.56217104,0.43782902
17770_geowiki-landcover-2017,0.44983158,0.5501684
14948_croplands,0.45185545,0.5481446
1393_tanzania-ceo,0.57546484,0.42453516
1372_tanzania-ceo,0.57745963,0.4225404
663_reunion-france,0.6943264,0.30567357
4845_canada,0.4518534,0.54814655
2916_rwanda-ceo,0.68092036,0.31907958
2164_kenya-non-crop,0.68092716,0.31907284
1426_mali-helmets-labelling-crops,0.4338297,0.56617033
1070_geowiki-landcover-2017,0.6809268,0.31907323
18835_geowiki-landcover-2017,0.57746285,0.4225371
33448_geowiki-landcover-2017,0.32972953,0.6702705
1214_rwanda-ceo,0.6809254,0.3190745
575_tanzania-rice-ecaas,0.57746446,0.42253557
2071_tanzania-ceo,0.57746494,0.42253503
273_ethiopia,0.6809264,0.3190736
30358_geowiki-landcover-2017,0.5621702,0.43782976
13582_croplands,0.32973036,0.6702696
299_sudan,0.56015944,0.4398406
17450_geowiki-landcover-2017,0.4518589,0.54814106
2844_canada,0.4518542,0.54814583
21570_geowiki-landcover-2017,0.45185384,0.5481461
6763_geowiki-landcover-2017,0.68092656,0.31907347
5311_canada,0.45185396,0.54814607
22641_geowiki-landcover-2017,0.5780746,0.42192543
18147_geowiki-landcover-2017,0.56217116,0.43782887
1168_martinique-france,0.5621717,0.43782833
605_reunion-france,0.57807356,0.42192644
2125_tanzania-ceo,0.57746357,0.42253646
368_martinique-france,0.5621716,0.43782842
28819_geowiki-landcover-2017,0.45185438,0.54814565
449_lem-brazil,0.45185688,0.54814315
5058_geowiki-landcover-2017,0.44983208,0.5501679
3104_canada,0.45185423,0.5481458
30025_geowiki-landcover-2017,0.5780748,0.42192522
47_tanzania,0.5780742,0.42192578
3452_ile-de-france,0.4518532,0.54814684
12891_croplands,0.32973045,0.67026955
16462_geowiki-landcover-2017,0.5780754,0.42192465
2523_central-asia,0.32973126,0.6702687
17520_geowiki-landcover-2017,0.45185405,0.548146
13763_geowiki-landcover-2017,0.45185417,0.54814583
8732_geowiki-landcover-2017,0.578075,0.421925
5053_canada,0.3297297,0.6702703
434_martinique-france,0.56217223,0.43782774
21111_geowiki-landcover-2017,0.32972947,0.6702705
1320_martinique-france,0.5621717,0.43782833
715_ile-de-france,0.32973063,0.67026937
3085_rwanda-ceo,0.68092674,0.3190733
2351_kenya-non-crop,0.68092567,0.31907427
1915_canada,0.45185384,0.5481461
12185_geowiki-landcover-2017,0.45185384,0.5481462
3525_ile-de-france,0.3297307,0.6702693
17336_geowiki-landcover-2017,0.45185384,0.5481462
77_mali-helmets-labelling-crops,0.4338288,0.5661712
31801_geowiki-landcover-2017,0.4518539,0.5481461
7314_geowiki-landcover-2017,0.4338288,0.5661712
19139_geowiki-landcover-2017,0.4518537,0.5481463
4851_ile-de-france,0.32973304,0.6702669
3387_ile-de-france,0.32973018,0.67026985
32377_geowiki-landcover-2017,0.5621709,0.4378291
4365_canada,0.33153936,0.66846067
3329_rwanda-ceo,0.6943268,0.30567315
4409_ile-de-france,0.32973003,0.67026997
321_ethiopia,0.68092686,0.31907317
4376_ile-de-france,0.45185405,0.54814595
2846_ile-de-france,0.45185447,0.54814553
1527_reunion-france,0.5780741,0.4219259
3251_ile-de-france,0.3297305,0.6702695
22176_geowiki-landcover-2017,0.45185357,0.5481464
1839_geowiki-landcover-2017,0.45196182,0.5480382
409_togo,0.4338287,0.5661713
28653_geowiki-landcover-2017,0.45185283,0.54814714
4912_croplands,0.44921124,0.55078876
4183_ile-de-france,0.45185447,0.54814553
35444_geowiki-landcover-2017,0.5774632,0.42253676
30567_geowiki-landcover-2017,0.4518528,0.5481472
7701_canada,0.32972977,0.67027026
15230_geowiki-landcover-2017,0.5621705,0.4378295
1018_germany,0.32972974,0.67027026
3198_ile-de-france,0.32973078,0.6702692
31850_geowiki-landcover-2017,0.45185408,0.5481459
955_kenya-non-crop,0.77964246,0.22035761
7556_canada,0.56216943,0.4378306
2793_rwanda-ceo,0.57807493,0.4219251
5533_canada,0.3297299,0.67027
23017_geowiki-landcover-2017,0.43383157,0.56616837
128_uganda,0.56015974,0.43984026
4654_ile-de-france,0.3297307,0.6702693
172_kenya,0.6809267,0.3190733
2118_germany,0.32973036,0.6702696
26663_geowiki-landcover-2017,0.45185396,0.54814607
127_canada,0.45185402,0.548146
658_geowiki-landcover-2017,0.57807404,0.421926
851_rwanda-ceo,0.6809275,0.31907248
2146_reunion-france,0.4518556,0.5481444
1303_croplands,0.5621709,0.43782908
1136_geowiki-landcover-2017,0.6809269,0.31907314
34543_geowiki-landcover-2017,0.3297298,0.67027014
34132_geowiki-landcover-2017,0.5621707,0.43782932
20088_geowiki-landcover-2017,0.4518541,0.5481459
8604_geowiki-landcover-2017,0.5620657,0.43793434
440_tanzania-rice-ecaas,0.57746345,0.42253658
29947_geowiki-landcover-2017,0.32972977,0.67027026
2552_kenya-non-crop,0.69432586,0.30567417
30333_geowiki-landcover-2017,0.56217104,0.43782896
7354_geowiki-landcover-2017,0.45185363,0.54814637
4338_central-asia,0.32972988,0.6702701
17347_geowiki-landcover-2017,0.45185474,0.5481453
1644_rwanda-ceo,0.6809272,0.31907275
7933_geowiki-landcover-2017,0.5774635,0.4225365
6851_geowiki-landcover-2017,0.45185384,0.5481462
15575_geowiki-landcover-2017,0.32973,0.67026997
19100_geowiki-landcover-2017,0.5774608,0.42253914
33035_geowiki-landcover-2017,0.68079334,0.31920668
32605_geowiki-landcover-2017,0.4518542,0.54814583
101_ile-de-france,0.32973063,0.67026937
2071_reunion-france,0.45185506,0.54814494
8725_geowiki-landcover-2017,0.45185402,0.548146
744_canada,0.45185375,0.54814625
361_mali-helmets-labelling-crops,0.43387222,0.5661278
308_lem-brazil,0.44921115,0.5507889
29138_geowiki-landcover-2017,0.32972962,0.6702704
14942_croplands,0.45185462,0.5481454
123_central-asia,0.32972986,0.67027014
1686_reunion-france,0.4518542,0.54814583
1669_central-asia,0.45184764,0.5481524
15197_geowiki-landcover-2017,0.5621708,0.43782923
5549_geowiki-landcover-2017,0.45185527,0.54814476
22969_geowiki-landcover-2017,0.5621705,0.43782946
4642_central-asia,0.32972986,0.67027014
102_rwanda-ceo,0.69432646,0.30567348
387_ile-de-france,0.45185477,0.54814523
540_rwanda-ceo,0.69432634,0.30567366
23193_geowiki-landcover-2017,0.45185393,0.54814607
30379_geowiki-landcover-2017,0.45185396,0.54814607
577_kenya-non-crop,0.680927,0.319073
32466_geowiki-landcover-2017,0.45185396,0.54814607
3403_ile-de-france,0.45185155,0.5481484
25011_geowiki-landcover-2017,0.57746285,0.42253712
540_germany,0.32972977,0.67027026
153_central-asia,0.4518542,0.54814583
2738_geowiki-landcover-2017,0.56217045,0.43782955
1756_martinique-france,0.5621715,0.43782848
1781_geowiki-landcover-2017,0.5621714,0.43782863
25504_geowiki-landcover-2017,0.32972997,0.67027
1371_martinique-france,0.56217015,0.43782985
12826_croplands,0.4518532,0.54814684
28642_geowiki-landcover-2017,0.4338288,0.56617117
33462_geowiki-landcover-2017,0.3297299,0.67027
317_tanzania-rice-ecaas,0.33290926,0.6670907
182_togo,0.562033,0.43796703
6647_geowiki-landcover-2017,0.45185447,0.54814553
29200_geowiki-landcover-2017,0.4518543,0.5481457
2065_tanzania-ceo,0.32981095,0.670189
20365_geowiki-landcover-2017,0.5780725,0.4219275
670_germany,0.32972965,0.6702704
342_rwanda-ceo,0.77963966,0.22036037
3045_ile-de-france,0.3297314,0.67026854
34334_geowiki-landcover-2017,0.68092734,0.31907263
23404_geowiki-landcover-2017,0.45185325,0.5481468
28737_geowiki-landcover-2017,0.5621705,0.4378295
1337_canada,0.32972986,0.67027014
1945_central-asia,0.32973188,0.6702681
4992_central-asia,0.32973123,0.6702688
757_togo,0.5621708,0.43782917
10841_geowiki-landcover-2017,0.4518541,0.5481459
1513_rwanda-ceo,0.6943253,0.30567467
29697_geowiki-landcover-2017,0.43382865,0.5661713
2382_ile-de-france,0.32973227,0.6702677
12875_geowiki-landcover-2017,0.56217057,0.43782943
335_tanzania-rice-ecaas,0.5754689,0.42453113
1002_canada,0.45185396,0.54814607
1035_rwanda-ceo,0.57808,0.42192
31598_geowiki-landcover-2017,0.5621707,0.43782932
2458_geowiki-landcover-2017,0.5780754,0.42192465
8907_geowiki-landcover-2017,0.4518537,0.54814625
27864_geowiki-landcover-2017,0.4518543,0.5481457
14937_croplands,0.3297306,0.6702694
935_martinique-france,0.5621716,0.43782842
27719_geowiki-landcover-2017,0.45185375,0.54814625
211_ile-de-france,0.45185515,0.5481448
13002_geowiki-landcover-2017,0.5774564,0.42254353
1981_kenya-non-crop,0.5621708,0.4378292
3572_geowiki-landcover-2017,0.5621713,0.43782872
2197_geowiki-landcover-2017,0.5621703,0.4378297
715_canada,0.45185232,0.5481477
1689_kenya-non-crop,0.77964234,0.22035764
7846_geowiki-landcover-2017,0.56217074,0.43782932
1082_mali-helmets-labelling-crops,0.5621709,0.4378291
22975_geowiki-landcover-2017,0.5621705,0.43782946
718_mali-helmets-labelling-crops,0.5621703,0.4378297
2764_central-asia,0.45185456,0.5481454
33066_geowiki-landcover-2017,0.5621704,0.43782955
171_ile-de-france,0.32973045,0.6702695
7910_canada,0.45185283,0.54814714
4711_central-asia,0.32973012,0.6702699
34822_geowiki-landcover-2017,0.32973045,0.67026955
5070_canada,0.3297297,0.67027026
1871_tanzania-ceo,0.56216985,0.43783015
3527_rwanda-ceo,0.57807446,0.42192554
740_kenya-non-crop,0.6809258,0.31907418
1149_martinique-france,0.56217194,0.43782812
2593_geowiki-landcover-2017,0.562171,0.43782902
1494_croplands,0.45145977,0.5485403
233_mali-helmets-labelling-crops,0.43383768,0.56616235
1141_rwanda-ceo,0.680927,0.319073
3096_central-asia,0.4518547,0.5481453
2113_central-asia,0.32973367,0.67026633
324_martinique-france,0.56217176,0.43782827
32782_geowiki-landcover-2017,0.5621725,0.4378275
121_ethiopia,0.56015944,0.43984056
14_tanzania-rice-ecaas,0.44962436,0.55037564
3316_ile-de-france,0.3297305,0.6702695
8121_geowiki-landcover-2017,0.5780744,0.4219256
22_mali-non-crop,0.5621707,0.43782932
34580_geowiki-landcover-2017,0.45185426,0.5481457
4256_canada,0.4518535,0.5481465
17654_geowiki-landcover-2017,0.45185483,0.5481452
22521_geowiki-landcover-2017,0.5621677,0.43783227
4620_central-asia,0.3297299,0.67027
7955_geowiki-landcover-2017,0.57807314,0.4219268
7324_geowiki-landcover-2017,0.45185384,0.5481462
161_reunion-france,0.578075,0.421925
530_togo,0.43383,0.56617
32652_geowiki-landcover-2017,0.45185426,0.5481458
6804_geowiki-landcover-2017,0.45185375,0.54814625
2160_central-asia,0.32973394,0.6702661
1419_mali-helmets-labelling-crops,0.43391845,0.5660815
4674_croplands,0.32973045,0.6702695
401_geowiki-landcover-2017,0.5780789,0.42192107
22358_geowiki-landcover-2017,0.451854,0.548146
3137_ile-de-france,0.32973135,0.67026865
12519_geowiki-landcover-2017,0.57807475,0.42192522
1509_rwanda-ceo,0.57807475,0.42192522
2439_reunion-france,0.45185548,0.5481446
153_tanzania-ceo,0.44980484,0.55019516
4162_croplands,0.56216353,0.43783644
6247_geowiki-landcover-2017,0.45185456,0.5481455
3881_geowiki-landcover-2017,0.578075,0.42192498
124_mali-helmets-labelling-crops,0.43392566,0.5660743
902_mali-helmets-labelling-crops,0.5621709,0.43782902
650_rwanda-ceo,0.69432694,0.3056731
25066_geowiki-landcover-2017,0.68037766,0.31962237
15494_geowiki-landcover-2017,0.32972965,0.6702703
29_tanzania-ceo,0.44921136,0.55078864
738_canada,0.32972988,0.67027014
12501_croplands,0.45185512,0.5481448
16222_geowiki-landcover-2017,0.45185354,0.5481464
1828_central-asia,0.45185524,0.54814476
474_tanzania-ceo,0.5780778,0.42192224
4873_canada,0.4518536,0.5481464
2960_ile-de-france,0.3297303,0.6702697
87_kenya-non-crop,0.7786079,0.22139212
1597_geowiki-landcover-2017,0.77964234,0.22035764
8017_geowiki-landcover-2017,0.5621713,0.43782872
139_martinique-france,0.5621705,0.43782955
21532_geowiki-landcover-2017,0.45185187,0.54814816
2221_martinique-france,0.56217164,0.43782833
4986_geowiki-landcover-2017,0.45185384,0.5481462
12615_geowiki-landcover-2017,0.45185012,0.54814994
20353_geowiki-landcover-2017,0.5780724,0.42192754
2890_rwanda-ceo,0.5780748,0.42192522
78_rwanda-ceo,0.68092716,0.31907284
2343_ile-de-france,0.4518553,0.5481447
5207_canada,0.45185426,0.5481458
1061_kenya-non-crop,0.6809314,0.31906864
19772_geowiki-landcover-2017,0.5780754,0.42192456
20020_geowiki-landcover-2017,0.45186114,0.5481389
17736_geowiki-landcover-2017,0.5780746,0.42192546
318_ile-de-france,0.45185545,0.5481446
345_martinique-france,0.5621706,0.43782935
975_ile-de-france,0.32973114,0.6702689
6209_geowiki-landcover-2017,0.451854,0.548146
146_mali-helmets-labelling-crops,0.43384922,0.56615084
7066_canada,0.32972947,0.6702705
1700_reunion-france,0.45185545,0.5481446
736_lem-brazil,0.45185336,0.5481466
4703_central-asia,0.32973045,0.6702695
1685_reunion-france,0.4518547,0.5481453
20349_geowiki-landcover-2017,0.4518534,0.54814655
11469_geowiki-landcover-2017,0.57546884,0.42453116
859_kenya-non-crop,0.77964205,0.22035792
3485_geowiki-landcover-2017,0.56217057,0.43782943
5820_croplands,0.32972968,0.6702703
1322_tanzania-ceo,0.44983488,0.5501652
323_kenya-non-crop,0.6809269,0.31907305
23508_geowiki-landcover-2017,0.45185384,0.5481462
15129_geowiki-landcover-2017,0.45185402,0.548146
451_ile-de-france,0.32973683,0.6702632
33930_geowiki-landcover-2017,0.5780735,0.42192653
1751_kenya-non-crop,0.77964234,0.22035766
1092_canada,0.45185322,0.5481468
7419_geowiki-landcover-2017,0.5621712,0.43782878
684_ethiopia,0.5621712,0.43782878
1616_rwanda-ceo,0.680927,0.319073
17_tanzania,0.5780748,0.42192522
3480_geowiki-landcover-2017,0.4338404,0.5661596
433_croplands,0.3297314,0.67026854
602_lem-brazil,0.4518549,0.5481451
5824_canada,0.45185402,0.548146
22384_geowiki-landcover-2017,0.5621708,0.43782923
2408_martinique-france,0.5621715,0.43782848
1079_germany,0.45185357,0.5481464
23962_geowiki-landcover-2017,0.56217176,0.43782827
1183_martinique-france,0.5621714,0.43782863
1096_mali-helmets-labelling-crops,0.56217086,0.4378291
13236_geowiki-landcover-2017,0.562179,0.43782097
5319_geowiki-landcover-2017,0.68029016,0.31970978
9752_geowiki-landcover-2017,0.5621706,0.43782935
17958_geowiki-landcover-2017,0.45185387,0.5481461
32357_geowiki-landcover-2017,0.4518544,0.54814565
4720_central-asia,0.45185474,0.5481453
441_geowiki-landcover-2017,0.45185447,0.54814553
769_reunion-france,0.57807183,0.42192817
1801_reunion-france,0.45185512,0.54814494
14767_geowiki-landcover-2017,0.5621703,0.4378297
5942_ile-de-france,0.32973012,0.67026985
1235_tanzania-ceo,0.57547057,0.42452946
25457_geowiki-landcover-2017,0.4518537,0.54814637
1492_reunion-france,0.6943268,0.30567315
1302_geowiki-landcover-2017,0.57807565,0.42192438
1603_ile-de-france,0.451854,0.548146
1899_central-asia,0.32973105,0.67026895
1341_kenya-non-crop,0.57807386,0.42192614
25441_geowiki-landcover-2017,0.3297309,0.6702691
312_togo,0.43382826,0.5661717
31442_geowiki-landcover-2017,0.5595419,0.4404581
2674_central-asia,0.32973057,0.6702694
780_ethiopia,0.56217104,0.43782896
143_canada,0.4518537,0.54814625
32342_geowiki-landcover-2017,0.32973075,0.6702693
4573_ile-de-france,0.45185426,0.5481458
687_ile-de-france,0.32973078,0.6702692
1533_reunion-france,0.57807505,0.4219249
28505_geowiki-landcover-2017,0.5621703,0.4378297
391_geowiki-landcover-2017,0.5774639,0.42253605
1641_rwanda-ceo,0.67864585,0.32135415
1034_canada,0.45185396,0.54814607
2093_reunion-france,0.4518538,0.5481462
529_kenya-non-crop,0.7794796,0.22052038
611_kenya-non-crop,0.680926,0.31907398
1298_canada,0.451854,0.548146
29456_geowiki-landcover-2017,0.45185745,0.54814255
5340_geowiki-landcover-2017,0.45185447,0.54814553
1899_canada,0.45185375,0.54814625
42_tanzania-rice-ecaas,0.44961143,0.5503886
33602_geowiki-landcover-2017,0.4518538,0.5481462
2234_canada,0.3297295,0.67027056
156_togo,0.5621604,0.43783966
1_kenya-non-crop,0.68092763,0.31907237
5482_canada,0.32972986,0.67027014
28001_geowiki-landcover-2017,0.451854,0.548146
9263_geowiki-landcover-2017,0.5621707,0.43782932
2278_germany,0.32973036,0.6702696
4911_ile-de-france,0.45185393,0.54814607
21157_geowiki-landcover-2017,0.4518539,0.54814607
1760_germany,0.45185518,0.5481448
2114_tanzania-ceo,0.6943258,0.30567423
19698_geowiki-landcover-2017,0.6809253,0.31907472
11397_geowiki-landcover-2017,0.45185393,0.54814607
25489_geowiki-landcover-2017,0.5780745,0.42192546
4083_central-asia,0.45185348,0.54814655
1817_germany,0.32972988,0.67027014
1209_geowiki-landcover-2017,0.4518597,0.5481402
1717_rwanda-ceo,0.77964187,0.22035812
1238_rwanda-ceo,0.57807475,0.42192528
18708_geowiki-landcover-2017,0.45185357,0.5481464
977_geowiki-landcover-2017,0.69432676,0.30567324
846_germany,0.45185453,0.5481455
1378_martinique-france,0.56217337,0.4378266
2097_tanzania-ceo,0.6943261,0.30567393
11765_geowiki-landcover-2017,0.32973313,0.67026687
7103_canada,0.4518542,0.54814583
5385_ile-de-france,0.3297298,0.6702702
2134_central-asia,0.32973295,0.67026705
12553_geowiki-landcover-2017,0.57807887,0.4219211
16003_geowiki-landcover-2017,0.4518539,0.54814607
198_kenya-non-crop,0.68092537,0.31907466
20257_geowiki-landcover-2017,0.57807577,0.42192417
43_mali,0.5621709,0.43782905
6280_geowiki-landcover-2017,0.56217146,0.43782848
9032_geowiki-landcover-2017,0.6809276,0.31907243
186_central-asia,0.3297312,0.6702688
266_geowiki-landcover-2017,0.5621703,0.4378297
252_central-asia,0.32973185,0.6702682
5500_geowiki-landcover-2017,0.44983178,0.5501682
294_lem-brazil,0.57731164,0.4226884
1763_kenya-non-crop,0.77964234,0.22035764
737_geowiki-landcover-2017,0.57807887,0.4219211
10020_croplands,0.5753872,0.42461282
119_canada,0.4518202,0.5481798
11408_geowiki-landcover-2017,0.68092704,0.31907293
7024_canada,0.57746005,0.42253995
33044_geowiki-landcover-2017,0.43382874,0.5661712
2636_canada,0.32974118,0.6702588
2234_geowiki-landcover-2017,0.5621714,0.4378286
4495_canada,0.32972935,0.6702706
55_martinique-france,0.562172,0.43782803
27375_geowiki-landcover-2017,0.5621709,0.43782905
34473_geowiki-landcover-2017,0.56217074,0.43782932
5722_canada,0.4518539,0.5481461
27660_geowiki-landcover-2017,0.45185557,0.5481444
9705_geowiki-landcover-2017,0.44982773,0.5501722
5438_canada,0.3297302,0.6702698
14130_geowiki-landcover-2017,0.3297299,0.67027
2880_ile-de-france,0.45185614,0.5481439
1700_ile-de-france,0.3297304,0.6702696
546_mali-helmets-labelling-crops,0.43382913,0.5661709
6123_canada,0.45185298,0.5481471
32453_geowiki-landcover-2017,0.45185268,0.5481473
1224_kenya-non-crop,0.43384212,0.5661579
18090_geowiki-landcover-2017,0.4518543,0.5481457
149_central-asia,0.32973057,0.6702695
1694_kenya-non-crop,0.77964234,0.22035764
33569_geowiki-landcover-2017,0.451854,0.548146
1677_canada,0.4518543,0.5481457
2576_rwanda-ceo,0.6943099,0.30569005
2674_canada,0.45185354,0.5481464
18764_geowiki-landcover-2017,0.45185384,0.5481461
2372_rwanda-ceo,0.6809276,0.31907246
15904_geowiki-landcover-2017,0.4498317,0.5501683
29778_geowiki-landcover-2017,0.5621705,0.4378295
679_lem-brazil,0.3297307,0.6702693
15974_geowiki-landcover-2017,0.43382943,0.5661705
2122_germany,0.32973045,0.67026955
4567_central-asia,0.32972988,0.6702701
61_uganda,0.68092614,0.31907392
661_lem-brazil,0.4518544,0.54814553
13_uganda,0.6809276,0.31907246
6048_ile-de-france,0.32973143,0.67026854
1520_tanzania-ceo,0.45185694,0.548143
2804_ile-de-france,0.3297307,0.6702693
5931_geowiki-landcover-2017,0.56223184,0.43776813
938_tanzania-ceo,0.69432575,0.30567425
2448_rwanda-ceo,0.5780752,0.4219248
732_martinique-france,0.5621709,0.43782908
273_central-asia,0.32973,0.67026997
7057_canada,0.4518317,0.54816836
1403_kenya-non-crop,0.57807493,0.42192504
1554_reunion-france,0.45185405,0.548146
735_reunion-france,0.57807475,0.42192525
806_croplands,0.43382883,0.56617117
8070_geowiki-landcover-2017,0.5754688,0.42453125
1250_togo,0.5621709,0.43782902
6493_geowiki-landcover-2017,0.45185384,0.5481462
4879_central-asia,0.4518541,0.5481459
482_ethiopia,0.6809294,0.31907058
1851_martinique-france,0.56217146,0.43782854
6324_canada,0.32972947,0.6702705
2312_geowiki-landcover-2017,0.43402103,0.56597894
885_canada,0.450987,0.549013
587_tanzania-ceo,0.5774635,0.4225365
1321_martinique-france,0.56217146,0.43782848
1102_ile-de-france,0.32973078,0.6702692
171_tanzania-ceo,0.6803823,0.31961763
4007_canada,0.32972986,0.67027014
3312_rwanda-ceo,0.6809269,0.31907308
2450_canada,0.45185354,0.5481464
545_central-asia,0.45185667,0.5481433
4752_canada,0.32972988,0.67027014
4470_croplands,0.4518543,0.5481457
168_reunion-france,0.4518541,0.5481459
91_sudan,0.5621709,0.43782908
779_ethiopia,0.5621708,0.43782917
5870_ile-de-france,0.3297314,0.67026854
13062_geowiki-landcover-2017,0.6809253,0.31907472
25730_geowiki-landcover-2017,0.45185414,0.54814583
2569_ile-de-france,0.32973355,0.67026645
29041_geowiki-landcover-2017,0.32972988,0.67027014
228_tanzania-ceo,0.57567793,0.4243221
2420_martinique-france,0.56217104,0.43782896
12285_geowiki-landcover-2017,0.5780748,0.42192513
196_mali-helmets-labelling-crops,0.43382865,0.5661713
1310_canada,0.32972962,0.6702704
1437_ile-de-france,0.32973084,0.67026913
4997_geowiki-landcover-2017,0.4338285,0.5661715
1712_rwanda-ceo,0.6809267,0.3190733
15060_geowiki-landcover-2017,0.56217164,0.43782842
32556_geowiki-landcover-2017,0.45185438,0.54814565
1236_togo,0.5621709,0.43782908
813_central-asia,0.32973096,0.6702691
8486_croplands,0.32973027,0.6702697
561_canada,0.451854,0.548146
419_central-asia,0.32973105,0.67026895
712_mali-helmets-labelling-crops,0.5621706,0.4378294
4073_central-asia,0.32972956,0.6702705
67_martinique-france,0.5621707,0.43782932
3858_geowiki-landcover-2017,0.45185372,0.54814625
5818_ile-de-france,0.32972956,0.6702705
10017_geowiki-landcover-2017,0.43387872,0.56612134
934_mali-helmets-labelling-crops,0.5621709,0.4378291
2837_central-asia,0.32973078,0.6702692
4171_canada,0.32972968,0.6702703
318_tanzania-rice-ecaas,0.44980443,0.5501956
2402_canada,0.45185363,0.54814637
27654_geowiki-landcover-2017,0.32972944,0.67027056
31370_geowiki-landcover-2017,0.56217057,0.43782946
2057_ile-de-france,0.45185485,0.5481451
14704_croplands,0.3297305,0.6702695
1350_reunion-france,0.5780719,0.42192808
1518_croplands,0.3297314,0.67026854
1977_germany,0.32973105,0.67026895
2512_reunion-france,0.44983214,0.5501679
1384_central-asia,0.3297316,0.67026836
1211_central-asia,0.32973063,0.67026937
7500_geowiki-landcover-2017,0.45185435,0.5481457
5406_canada,0.32972974,0.67027026
33054_geowiki-landcover-2017,0.56217104,0.43782896
2172_tanzania-ceo,0.57807523,0.42192477
34277_geowiki-landcover-2017,0.5780762,0.42192385
1997_martinique-france,0.5621712,0.43782878
1627_ile-de-france,0.3297301,0.67026997
1261_canada,0.32972962,0.6702704
1295_martinique-france,0.5621709,0.43782905
4634_croplands,0.45185506,0.54814494
8636_geowiki-landcover-2017,0.4498325,0.55016756
12634_geowiki-landcover-2017,0.3297297,0.6702703
1585_tanzania-ceo,0.69432575,0.30567428
4445_canada,0.4518537,0.54814637
3559_geowiki-landcover-2017,0.56217116,0.43782887
9003_croplands,0.32972953,0.6702705
364_canada,0.45185447,0.54814553
5139_canada,0.45185336,0.5481466
3544_geowiki-landcover-2017,0.5621689,0.43783113
2693_central-asia,0.32973084,0.6702692
1823_germany,0.4518546,0.5481454
6013_ile-de-france,0.45185405,0.54814595
35127_geowiki-landcover-2017,0.5621703,0.4378297
35353_geowiki-landcover-2017,0.4498296,0.5501704
9860_geowiki-landcover-2017,0.6943257,0.30567434
2298_reunion-france,0.44983244,0.55016756
1070_togo,0.56217265,0.43782735
4444_canada,0.3297303,0.6702697
828_canada,0.4518524,0.54814756
6761_canada,0.4518544,0.54814565
3057_canada,0.57746327,0.42253673
405_rwanda-ceo,0.68092644,0.3190736
2017_germany,0.45185485,0.5481451
2215_kenya-non-crop,0.5621708,0.4378292
9141_geowiki-landcover-2017,0.6809268,0.31907323
5103_canada,0.57746226,0.42253777
1325_reunion-france,0.5774631,0.42253694
8818_geowiki-landcover-2017,0.45185426,0.5481457
17655_geowiki-landcover-2017,0.4518544,0.54814553
6641_geowiki-landcover-2017,0.4518547,0.5481453
406_reunion-france,0.4492116,0.5507884
2383_germany,0.45185518,0.5481448
14361_geowiki-landcover-2017,0.5780747,0.42192534
2202_tanzania-ceo,0.45185524,0.54814476
10670_geowiki-landcover-2017,0.45195934,0.5480407
4637_croplands,0.4518548,0.5481452
26737_geowiki-landcover-2017,0.4498315,0.5501685
3496_ile-de-france,0.32973012,0.6702699
2255_martinique-france,0.56217146,0.43782857
168_ile-de-france,0.32973123,0.6702688
442_lem-brazil,0.44906104,0.55093896
1523_tanzania-ceo,0.6943244,0.30567563
2633_ile-de-france,0.3297565,0.6702435
2553_reunion-france,0.45185506,0.548145
454_tanzania-ceo,0.45185485,0.5481451
114_central-asia,0.45185384,0.5481461
2681_geowiki-landcover-2017,0.43382898,0.56617105
160_uganda,0.6809267,0.31907335
3145_ile-de-france,0.32973185,0.6702682
9287_geowiki-landcover-2017,0.4517993,0.54820067
13945_geowiki-landcover-2017,0.5780742,0.42192578
4747_central-asia,0.32973072,0.67026925
3398_central-asia,0.45185372,0.54814625
5134_central-asia,0.32973012,0.67026985
20587_geowiki-landcover-2017,0.5621712,0.43782872
2749_rwanda-ceo,0.6943256,0.3056744
1702_martinique-france,0.56217164,0.43782833
944_croplands,0.4492114,0.55078864
17235_geowiki-landcover-2017,0.43382883,0.56617117
7510_canada,0.45185333,0.54814667
6962_canada,0.45185366,0.54814637
22264_geowiki-landcover-2017,0.4518532,0.5481468
8675_geowiki-landcover-2017,0.5621712,0.43782878
27800_geowiki-landcover-2017,0.57807446,0.42192554
13563_croplands,0.32973257,0.67026746
2523_rwanda-ceo,0.6943267,0.30567333
34165_geowiki-landcover-2017,0.5621708,0.4378292
23851_geowiki-landcover-2017,0.4514924,0.54850763
15563_geowiki-landcover-2017,0.57807547,0.42192453
1691_rwanda-ceo,0.5780747,0.4219253
4880_geowiki-landcover-2017,0.45185173,0.5481483
1560_canada,0.32973504,0.67026496
33714_geowiki-landcover-2017,0.32973003,0.67026997
2346_kenya-non-crop,0.68092734,0.31907272
1291_central-asia,0.3297316,0.67026836
29567_geowiki-landcover-2017,0.45186538,0.5481346
8720_geowiki-landcover-2017,0.45185435,0.54814565
942_rwanda-ceo,0.6943269,0.30567315
1900_central-asia,0.329731,0.670269
1484_rwanda-ceo,0.5780747,0.4219253
4167_central-asia,0.32972986,0.67027014
1436_kenya-non-crop,0.6803881,0.3196119
11588_geowiki-landcover-2017,0.5780747,0.42192537
1719_tanzania-ceo,0.57807475,0.42192525
933_mali-helmets-labelling-crops,0.4340401,0.56595993
25098_geowiki-landcover-2017,0.5619934,0.43800655
6419_geowiki-landcover-2017,0.5621709,0.43782902
1463_mali-helmets-labelling-crops,0.43382874,0.5661713
6672_croplands,0.44983184,0.5501682
1605_tanzania-ceo,0.69432604,0.30567396
590_tanzania-ceo,0.4495208,0.5504792
4664_central-asia,0.32972988,0.6702701
2064_geowiki-landcover-2017,0.5621706,0.43782932
1819_rwanda-ceo,0.68092674,0.3190733
2593_kenya-non-crop,0.694327,0.305673
5871_ile-de-france,0.3297305,0.6702695
2251_ile-de-france,0.4518487,0.5481513
804_lem-brazil,0.57746094,0.422539
5356_ile-de-france,0.32973033,0.67026967
285_tanzania,0.44983208,0.5501679
10322_geowiki-landcover-2017,0.5774635,0.42253652
17356_geowiki-landcover-2017,0.44921142,0.5507886
17226_geowiki-landcover-2017,0.5621808,0.43781915
636_tanzania-ceo,0.45185572,0.5481443
2015_reunion-france,0.57746345,0.42253652
13735_croplands,0.32973042,0.67026955
16770_geowiki-landcover-2017,0.45221773,0.54778224
4565_croplands,0.45185506,0.548145
16803_geowiki-landcover-2017,0.69432485,0.30567515
209_ethiopia,0.5595419,0.44045815
9279_geowiki-landcover-2017,0.578075,0.421925
18873_geowiki-landcover-2017,0.451854,0.548146
30047_geowiki-landcover-2017,0.5621705,0.43782955
978_tanzania-ceo,0.57807505,0.42192498
5818_croplands,0.4518535,0.5481465
1497_ile-de-france,0.3297302,0.6702698
2290_central-asia,0.32973158,0.6702684
5501_ile-de-france,0.32973048,0.6702695
1699_germany,0.32973033,0.67026967
3432_central-asia,0.45185387,0.5481461
25108_geowiki-landcover-2017,0.56217104,0.43782902
2409_canada,0.45185387,0.5481461
33287_geowiki-landcover-2017,0.5774616,0.42253837
13606_geowiki-landcover-2017,0.5780747,0.4219253
2077_central-asia,0.329731,0.67026895
6587_geowiki-landcover-2017,0.56217086,0.43782914
262_germany,0.45185527,0.5481447
17944_geowiki-landcover-2017,0.6943264,0.30567357
1193_rwanda-ceo,0.5780807,0.42191926
1961_kenya-non-crop,0.5621712,0.43782878
21256_geowiki-landcover-2017,0.45185375,0.54814625
27060_geowiki-landcover-2017,0.44983837,0.5501616
9092_geowiki-landcover-2017,0.68092656,0.31907344
57_germany,0.32973027,0.6702697
32437_geowiki-landcover-2017,0.4518546,0.5481454
892_ile-de-france,0.3297304,0.6702696
1340_germany,0.32972962,0.6702704
1993_tanzania-ceo,0.6943262,0.30567378
5716_ile-de-france,0.329731,0.670269
25090_geowiki-landcover-2017,0.48334152,0.5166585
1484_canada,0.45185414,0.54814583
10557_geowiki-landcover-2017,0.45185354,0.5481464
431_croplands,0.32973284,0.67026716
2727_canada,0.32972953,0.6702705
31472_geowiki-landcover-2017,0.4518537,0.54814637
12658_geowiki-landcover-2017,0.45185447,0.54814553
192_germany,0.3297298,0.6702702
7183_geowiki-landcover-2017,0.57746345,0.42253652
2281_tanzania-ceo,0.5773978,0.42260212
5199_central-asia,0.3297301,0.6702699
18_central-asia,0.32972997,0.67027
27689_geowiki-landcover-2017,0.5780747,0.4219253
25063_geowiki-landcover-2017,0.45185915,0.5481409
15155_geowiki-landcover-2017,0.57807386,0.42192608
726_togo,0.56217116,0.43782887
1217_martinique-france,0.5621712,0.43782878
29554_geowiki-landcover-2017,0.56217074,0.43782926
13609_croplands,0.45185405,0.54814595
19709_geowiki-landcover-2017,0.4518565,0.54814357
4725_canada,0.32972968,0.6702703
2668_ile-de-france,0.32973078,0.6702692
1908_central-asia,0.32973057,0.6702695
10610_croplands,0.44981912,0.5501809
57_martinique-france,0.56217104,0.43782902
25490_geowiki-landcover-2017,0.32972968,0.6702703
30303_geowiki-landcover-2017,0.44921613,0.5507839
586_croplands,0.45143563,0.5485644
18_mali,0.56217,0.43782994
2940_ile-de-france,0.3297312,0.6702688
5807_geowiki-landcover-2017,0.6809258,0.31907424
1746_rwanda-ceo,0.6943268,0.30567315
5998_canada,0.4518532,0.5481468
30639_geowiki-landcover-2017,0.56217176,0.43782824
294_togo,0.5621703,0.4378296
1585_rwanda-ceo,0.4498325,0.55016756
4268_canada,0.32972986,0.67027014
4763_ile-de-france,0.3297301,0.67026997
198_tanzania,0.57807547,0.42192456
35630_geowiki-landcover-2017,0.45185292,0.5481471
2474_rwanda-ceo,0.6809269,0.31907308
16490_geowiki-landcover-2017,0.5621713,0.43782872
480_togo,0.5621703,0.4378297
19939_geowiki-landcover-2017,0.4518538,0.5481462
31012_geowiki-landcover-2017,0.45185375,0.54814625
9137_geowiki-landcover-2017,0.5621708,0.43782923
2502_reunion-france,0.5802784,0.41972163
3649_geowiki-landcover-2017,0.5621717,0.43782833
12606_geowiki-landcover-2017,0.45185584,0.5481442
6353_canada,0.45185262,0.54814744
5751_ile-de-france,0.32972962,0.6702704
2288_kenya-non-crop,0.56217074,0.43782926
5167_ile-de-france,0.45185453,0.5481455
7045_geowiki-landcover-2017,0.4498329,0.5501671
12096_geowiki-landcover-2017,0.6943265,0.30567348
1928_kenya-non-crop,0.56217134,0.43782863
1821_martinique-france,0.56217086,0.4378291
2157_tanzania-ceo,0.6943249,0.3056751
17365_geowiki-landcover-2017,0.45185453,0.5481455
675_rwanda-ceo,0.6809261,0.31907392
956_reunion-france,0.45185554,0.54814446
6649_canada,0.3297298,0.6702702
19990_geowiki-landcover-2017,0.5621708,0.43782917
370_sudan,0.56217086,0.43782914
4806_central-asia,0.5770067,0.42299324
113_ethiopia,0.67860335,0.32139665
31939_geowiki-landcover-2017,0.32972997,0.67027
577_ethiopia,0.44983792,0.5501621
1714_germany,0.32973024,0.6702698
1252_mali-helmets-labelling-crops,0.43382853,0.56617147
20527_geowiki-landcover-2017,0.5621624,0.43783754
161_kenya,0.6809267,0.3190733
1344_martinique-france,0.43383145,0.56616855
6267_geowiki-landcover-2017,0.45185313,0.5481469
765_canada,0.45185408,0.5481459
3090_rwanda-ceo,0.57807475,0.42192528
3620_geowiki-landcover-2017,0.5621711,0.43782887
112_ethiopia,0.67860293,0.32139704
25725_geowiki-landcover-2017,0.4518536,0.5481464
13711_geowiki-landcover-2017,0.6809266,0.3190734
3675_ile-de-france,0.45168772,0.5483123
11221_geowiki-landcover-2017,0.56216997,0.43783006
3355_canada,0.45185438,0.54814565
31090_geowiki-landcover-2017,0.3297305,0.6702695
29704_geowiki-landcover-2017,0.5780748,0.42192522
4126_ile-de-france,0.3297299,0.67027
13534_geowiki-landcover-2017,0.5780754,0.42192456
4773_central-asia,0.3297307,0.6702693
595_ile-de-france,0.4518542,0.54814583
6334_geowiki-landcover-2017,0.5621704,0.43782958
100_ethiopia,0.68092614,0.3190739
939_central-asia,0.44921115,0.5507889
2282_ile-de-france,0.32973036,0.6702696
1608_tanzania-ceo,0.5780738,0.4219262
22239_geowiki-landcover-2017,0.45185447,0.54814553
13767_croplands,0.32973126,0.6702687
33_croplands,0.5621708,0.4378292
2204_martinique-france,0.56217206,0.43782797
2877_geowiki-landcover-2017,0.56217074,0.43782926
34597_geowiki-landcover-2017,0.32972962,0.6702704
2512_central-asia,0.45185485,0.5481451
1308_kenya-non-crop,0.6943248,0.3056752
6962_geowiki-landcover-2017,0.5601625,0.43983752
6664_geowiki-landcover-2017,0.5621699,0.43783006
5817_croplands,0.45185193,0.54814804
2440_geowiki-landcover-2017,0.5621706,0.43782935
6779_canada,0.45185447,0.54814553
33974_geowiki-landcover-2017,0.329731,0.670269
14929_geowiki-landcover-2017,0.56217057,0.43782946
2606_geowiki-landcover-2017,0.5621704,0.43782958
5503_geowiki-landcover-2017,0.32973018,0.67026985
2678_geowiki-landcover-2017,0.5621712,0.43782875
7311_geowiki-landcover-2017,0.45185405,0.548146
35533_geowiki-landcover-2017,0.44983178,0.5501682
14735_croplands,0.5621579,0.43784207
19355_geowiki-landcover-2017,0.4498317,0.55016834
30617_geowiki-landcover-2017,0.45185348,0.54814655
12849_croplands,0.57746243,0.42253757
28447_geowiki-landcover-2017,0.68092614,0.3190738
1886_kenya-non-crop,0.6803942,0.31960583
4264_ile-de-france,0.3297305,0.6702695
4214_ile-de-france,0.45185354,0.5481465
3934_geowiki-landcover-2017,0.45185384,0.5481462
24410_geowiki-landcover-2017,0.45185396,0.54814607
276_reunion-france,0.4518539,0.5481461
1085_martinique-france,0.5621712,0.43782878
4226_ile-de-france,0.3297312,0.6702688
6527_canada,0.3297299,0.67027
19893_geowiki-landcover-2017,0.3297299,0.67027
998_tanzania-ceo,0.577463,0.422537
35258_geowiki-landcover-2017,0.4518544,0.54814553
802_lem-brazil,0.5774604,0.42253962
2709_canada,0.45185304,0.54814696
22942_geowiki-landcover-2017,0.4518525,0.5481475
1986_tanzania-ceo,0.57807434,0.4219257
4247_ile-de-france,0.3297305,0.6702695
35309_geowiki-landcover-2017,0.45185483,0.5481452
35095_geowiki-landcover-2017,0.32972935,0.6702707
2595_central-asia,0.4518547,0.5481453
1365_central-asia,0.32973114,0.6702689
2554_canada,0.4518542,0.54814583
1326_kenya-non-crop,0.56217,0.43783
947_canada,0.4518489,0.54815114
4822_central-asia,0.32973027,0.6702697
1788_tanzania-ceo,0.5774628,0.42253724
2131_canada,0.32973,0.67027
6897_geowiki-landcover-2017,0.45185423,0.5481458
5223_ile-de-france,0.45185542,0.5481446
1670_martinique-france,0.6809262,0.31907377
444_lem-brazil,0.32973132,0.6702687
1565_ile-de-france,0.32973042,0.67026955
5036_central-asia,0.32972997,0.67027
10343_geowiki-landcover-2017,0.5621748,0.43782517
2259_central-asia,0.32973242,0.6702676
877_germany,0.3297302,0.6702698
29207_geowiki-landcover-2017,0.32972977,0.67027026
