,0,1
6528_geowiki-landcover-2017,0.47529212,0.5247079
22392_geowiki-landcover-2017,0.48099017,0.5190099
3101_croplands,0.6436337,0.35636625
867_canada,0.19045444,0.8095455
1467_geowiki-landcover-2017,0.493997,0.50600296
5159_central-asia,0.1904538,0.80954623
1647_rwanda-ceo,0.7879758,0.21202423
396_ethiopia,0.48543963,0.51456034
791_rwanda-ceo,0.7879756,0.21202436
1200_martinique-france,0.6508277,0.34917235
4967_canada,0.19045389,0.8095462
261_sudan,0.6508272,0.34917277
2459_central-asia,0.3261881,0.6738119
2487_rwanda-ceo,0.7879754,0.21202463
1621_rwanda-ceo,0.78797567,0.21202426
35775_geowiki-landcover-2017,0.49331325,0.50668675
370_lem-brazil,0.78797555,0.21202444
10047_croplands,0.6436327,0.35636726
71_tanzania-rice-ecaas,0.64363396,0.35636607
3376_rwanda-ceo,0.6436344,0.35636565
1131_germany,0.19045404,0.809546
196_tanzania,0.66000915,0.33999082
177_ethiopia,0.6436332,0.35636675
1638_kenya-non-crop,0.7879752,0.21202482
30730_geowiki-landcover-2017,0.19051076,0.8094893
7605_canada,0.1904548,0.8095452
16731_geowiki-landcover-2017,0.49115524,0.50884473
1618_germany,0.19045378,0.80954623
966_rwanda-ceo,0.7879754,0.21202463
3315_canada,0.3211822,0.6788178
1388_kenya-non-crop,0.78797567,0.21202435
3219_rwanda-ceo,0.7879756,0.21202436
1644_canada,0.31053218,0.6894678
22395_geowiki-landcover-2017,0.49331477,0.5066852
2439_ile-de-france,0.19045389,0.8095462
695_geowiki-landcover-2017,0.66000974,0.3399902
6045_ile-de-france,0.19045389,0.8095462
27676_geowiki-landcover-2017,0.19046666,0.80953336
510_ile-de-france,0.32618925,0.6738107
2101_martinique-france,0.65082943,0.3491706
1387_ile-de-france,0.32611227,0.6738877
3253_canada,0.48099872,0.51900125
7023_canada,0.49331108,0.5066889
7345_canada,0.19045378,0.80954623
443_ethiopia,0.7879701,0.21202983
1291_ile-de-france,0.19045407,0.80954593
14335_geowiki-landcover-2017,0.4731395,0.5268605
30_ile-de-france,0.19045392,0.8095461
30258_geowiki-landcover-2017,0.32118198,0.67881805
10606_geowiki-landcover-2017,0.31053242,0.68946755
29957_geowiki-landcover-2017,0.49331218,0.5066878
154_tanzania-ceo,0.7879514,0.2120486
3668_geowiki-landcover-2017,0.49331275,0.5066873
2057_germany,0.31053144,0.68946856
5135_geowiki-landcover-2017,0.47315228,0.52684766
3668_ile-de-france,0.3261061,0.6738939
5540_ile-de-france,0.19045433,0.8095457
6312_canada,0.19045383,0.8095462
433_ile-de-france,0.19045392,0.8095461
31326_geowiki-landcover-2017,0.787971,0.21202897
1041_rwanda-ceo,0.7879755,0.21202451
2475_geowiki-landcover-2017,0.650828,0.34917197
1054_mali-helmets-labelling-crops,0.49326643,0.5067336
1959_geowiki-landcover-2017,0.7879755,0.21202451
112_tanzania,0.78797454,0.2120255
42_sudan,0.493314,0.50668603
468_ile-de-france,0.19045389,0.8095462
7504_canada,0.31052968,0.68947035
11156_geowiki-landcover-2017,0.49331266,0.50668734
282_lem-brazil,0.66020125,0.3397988
5324_ile-de-france,0.19045389,0.8095462
2402_rwanda-ceo,0.7879754,0.21202455
3402_rwanda-ceo,0.78797555,0.21202445
11039_croplands,0.78797346,0.21202655
6763_canada,0.32618904,0.67381096
19346_geowiki-landcover-2017,0.32618895,0.6738111
2042_geowiki-landcover-2017,0.6508053,0.34919474
30463_geowiki-landcover-2017,0.32618922,0.6738108
3163_ile-de-france,0.19045833,0.80954164
5311_ile-de-france,0.19045383,0.8095462
993_togo,0.6508275,0.34917244
6782_geowiki-landcover-2017,0.6508271,0.34917292
6_martinique-france,0.650828,0.34917203
15375_geowiki-landcover-2017,0.78797466,0.21202534
16077_geowiki-landcover-2017,0.49121505,0.50878495
605_martinique-france,0.6508276,0.34917244
22714_geowiki-landcover-2017,0.6508267,0.34917334
682_geowiki-landcover-2017,0.78797555,0.21202445
5156_ile-de-france,0.3261878,0.67381227
13463_croplands,0.6461936,0.35380635
7619_geowiki-landcover-2017,0.32118294,0.67881703
29652_geowiki-landcover-2017,0.6508127,0.34918728
1507_rwanda-ceo,0.78797567,0.2120243
2056_tanzania-ceo,0.48544005,0.51456
1349_mali-helmets-labelling-crops,0.32118258,0.6788174
27778_geowiki-landcover-2017,0.64886343,0.3511365
21185_geowiki-landcover-2017,0.6488533,0.35114667
27844_geowiki-landcover-2017,0.64886326,0.35113674
35259_geowiki-landcover-2017,0.64884007,0.35115993
23213_geowiki-landcover-2017,0.49115482,0.5088452
19343_geowiki-landcover-2017,0.64886314,0.3511368
12706_geowiki-landcover-2017,0.6600142,0.33998582
97_rwanda-ceo,0.7879751,0.21202485
35286_geowiki-landcover-2017,0.47306192,0.5269381
2972_ile-de-france,0.32616454,0.67383546
729_croplands,0.19050191,0.80949813
4373_ile-de-france,0.19045392,0.8095461
973_martinique-france,0.6508277,0.34917235
19782_geowiki-landcover-2017,0.7879755,0.21202455
1149_ile-de-france,0.4809949,0.51900506
3356_central-asia,0.3105323,0.68946767
8006_geowiki-landcover-2017,0.48099917,0.5190008
6286_geowiki-landcover-2017,0.6488332,0.3511668
4939_geowiki-landcover-2017,0.48100013,0.5189999
76_ile-de-france,0.19045392,0.8095461
1505_ile-de-france,0.19045389,0.8095462
34252_geowiki-landcover-2017,0.78774315,0.2122569
4798_central-asia,0.19045386,0.8095462
24370_geowiki-landcover-2017,0.49114504,0.5088549
424_togo,0.65082616,0.34917387
5475_canada,0.19045374,0.80954623
12041_geowiki-landcover-2017,0.64886296,0.351137
1947_central-asia,0.19045402,0.809546
2599_canada,0.48099807,0.51900196
1739_geowiki-landcover-2017,0.65083134,0.34916866
21903_geowiki-landcover-2017,0.65082717,0.34917286
10332_geowiki-landcover-2017,0.660009,0.33999094
11468_geowiki-landcover-2017,0.78796697,0.2120331
7317_geowiki-landcover-2017,0.4993734,0.50062656
1085_central-asia,0.19045395,0.809546
3088_croplands,0.4854413,0.5145587
12502_croplands,0.6508274,0.34917265
7555_canada,0.49331206,0.50668794
14520_geowiki-landcover-2017,0.32618868,0.6738113
707_rwanda-ceo,0.7879755,0.21202451
2481_geowiki-landcover-2017,0.47529256,0.52470744
12852_geowiki-landcover-2017,0.78797466,0.2120253
28357_geowiki-landcover-2017,0.48127624,0.5187237
58_lem-brazil,0.78797525,0.2120248
3672_geowiki-landcover-2017,0.6593418,0.34065825
13370_geowiki-landcover-2017,0.49331224,0.50668776
1562_kenya-non-crop,0.32118446,0.67881554
26693_geowiki-landcover-2017,0.48099953,0.5190005
8_tanzania-ceo,0.49331224,0.50668776
9939_geowiki-landcover-2017,0.49115482,0.5088452
16524_geowiki-landcover-2017,0.65082717,0.3491728
18552_geowiki-landcover-2017,0.5760809,0.42391908
143_geowiki-landcover-2017,0.6508276,0.34917244
1380_germany,0.3262238,0.6737762
5577_canada,0.31053224,0.6894677
189_kenya-non-crop,0.7879707,0.21202925
11652_croplands,0.64855736,0.3514427
2362_canada,0.4809973,0.51900274
1712_germany,0.32618985,0.6738102
21556_geowiki-landcover-2017,0.64886355,0.35113648
31861_geowiki-landcover-2017,0.48099884,0.5190012
2173_geowiki-landcover-2017,0.7879749,0.21202512
1448_kenya-non-crop,0.6508276,0.3491724
363_reunion-france,0.7879747,0.21202527
707_croplands,0.19045529,0.80954474
37_tanzania-rice-ecaas,0.64363366,0.35636637
1534_central-asia,0.1904542,0.80954576
21738_geowiki-landcover-2017,0.51936865,0.48063135
6838_croplands,0.64363426,0.35636577
2110_reunion-france,0.6508276,0.34917235
2339_central-asia,0.19045447,0.8095455
3688_central-asia,0.19045399,0.809546
25740_geowiki-landcover-2017,0.326188,0.67381203
636_tanzania-rice-ecaas,0.48544165,0.5145583
1038_croplands,0.47529167,0.52470833
3935_central-asia,0.31053233,0.68946767
19347_geowiki-landcover-2017,0.32618913,0.67381084
4104_canada,0.31053197,0.689468
7514_canada,0.19045408,0.80954593
9831_croplands,0.78797466,0.21202534
99_canada,0.3105324,0.68946767
22812_geowiki-landcover-2017,0.6488552,0.35114473
1178_kenya-non-crop,0.6439037,0.35609633
1877_germany,0.3261874,0.67381257
827_rwanda-ceo,0.7879753,0.21202467
498_togo,0.3211821,0.67881787
1559_reunion-france,0.47529578,0.5247042
18240_geowiki-landcover-2017,0.6488647,0.3511353
5094_ile-de-france,0.19045387,0.8095462
32334_geowiki-landcover-2017,0.19045381,0.8095462
581_rwanda-ceo,0.7879754,0.21202463
23303_geowiki-landcover-2017,0.48100007,0.51899993
18_tanzania-rice-ecaas,0.48543978,0.5145602
23228_geowiki-landcover-2017,0.3261891,0.67381096
246_tanzania,0.6600128,0.33998725
9722_geowiki-landcover-2017,0.65083575,0.34916422
16095_geowiki-landcover-2017,0.65082747,0.34917253
34583_geowiki-landcover-2017,0.19045386,0.8095462
746_tanzania-ceo,0.78797525,0.2120247
241_lem-brazil,0.48544067,0.51455927
11541_croplands,0.6508306,0.3491694
159_canada,0.3105326,0.68946743
31284_geowiki-landcover-2017,0.4753022,0.52469784
9501_croplands,0.6600082,0.33999175
4052_ile-de-france,0.3262201,0.6737799
543_central-asia,0.19045582,0.80954415
3687_ile-de-france,0.19045389,0.8095462
6804_croplands,0.78797567,0.21202435
4732_canada,0.31053227,0.68946767
20821_geowiki-landcover-2017,0.47530532,0.5246947
4906_ile-de-france,0.19045392,0.8095461
2473_canada,0.32618913,0.67381084
3189_rwanda-ceo,0.78797555,0.21202444
1267_geowiki-landcover-2017,0.7879753,0.21202467
4789_croplands,0.6436346,0.35636535
176_tanzania-rice-ecaas,0.787972,0.21202806
2014_geowiki-landcover-2017,0.78797555,0.21202444
1978_central-asia,0.19045395,0.809546
1692_canada,0.32618818,0.6738118
2860_croplands,0.78797305,0.21202701
69_canada,0.31053543,0.68946457
123_tanzania-rice-ecaas,0.64362967,0.3563703
987_ile-de-france,0.19045386,0.8095462
382_geowiki-landcover-2017,0.485437,0.51456296
194_sudan,0.32118258,0.67881745
426_lem-brazil,0.66002506,0.339975
3889_central-asia,0.48098758,0.51901245
790_martinique-france,0.6508275,0.34917244
402_martinique-france,0.6508276,0.34917235
4038_canada,0.19070967,0.8092903
607_reunion-france,0.7879755,0.21202451
11414_geowiki-landcover-2017,0.65082836,0.34917164
7291_geowiki-landcover-2017,0.31053308,0.6894669
29978_geowiki-landcover-2017,0.3105279,0.68947214
23658_geowiki-landcover-2017,0.47313914,0.52686083
28990_geowiki-landcover-2017,0.65082747,0.34917256
2137_tanzania-ceo,0.64363456,0.35636544
330_germany,0.48099637,0.5190036
5897_ile-de-france,0.19045392,0.8095461
1270_tanzania-ceo,0.6600093,0.33999065
17330_geowiki-landcover-2017,0.48100987,0.5189901
7479_geowiki-landcover-2017,0.49331263,0.5066874
2396_central-asia,0.19045599,0.80954397
979_ile-de-france,0.48099768,0.5190023
6_reunion-france,0.7879754,0.21202463
12544_croplands,0.65082765,0.34917235
1054_germany,0.19045374,0.80954623
14802_geowiki-landcover-2017,0.6508274,0.3491726
1548_reunion-france,0.7879753,0.21202467
3027_central-asia,0.19045708,0.8095429
806_rwanda-ceo,0.6600243,0.33997566
3595_geowiki-landcover-2017,0.65082717,0.34917286
1176_germany,0.32618913,0.67381084
104_canada,0.48099896,0.519001
4354_central-asia,0.31929344,0.68070656
1758_central-asia,0.19045469,0.8095453
9764_geowiki-landcover-2017,0.49116158,0.5088384
32_geowiki-landcover-2017,0.6508265,0.3491735
631_togo,0.47530356,0.5246964
504_central-asia,0.19045818,0.80954176
5418_canada,0.19045381,0.8095462
1732_canada,0.3105324,0.68946767
2428_germany,0.480998,0.51900196
11260_geowiki-landcover-2017,0.7879715,0.21202855
7141_canada,0.19047767,0.80952233
5919_canada,0.31053105,0.6894689
1356_tanzania-ceo,0.7879755,0.21202452
9925_geowiki-landcover-2017,0.19045925,0.8095407
5452_canada,0.19045381,0.8095462
10055_croplands,0.6436311,0.35636887
5834_geowiki-landcover-2017,0.3261876,0.6738124
3143_canada,0.19045398,0.809546
189_ile-de-france,0.19045399,0.809546
547_lem-brazil,0.78796446,0.21203555
12462_geowiki-landcover-2017,0.49115485,0.5088452
27888_geowiki-landcover-2017,0.47313797,0.526862
1639_germany,0.19045638,0.80954367
2605_central-asia,0.19045429,0.8095457
29548_geowiki-landcover-2017,0.7879751,0.21202494
13007_geowiki-landcover-2017,0.47529215,0.52470785
1601_tanzania-ceo,0.7879756,0.2120244
20179_geowiki-landcover-2017,0.48099887,0.5190011
3857_canada,0.19045374,0.80954623
13234_geowiki-landcover-2017,0.7879754,0.21202458
664_mali-helmets-labelling-crops,0.6508274,0.3491726
2786_rwanda-ceo,0.7879754,0.21202464
28582_geowiki-landcover-2017,0.47529155,0.5247085
3638_croplands,0.78797555,0.21202444
4374_central-asia,0.1907874,0.8092126
1291_geowiki-landcover-2017,0.7879755,0.21202455
15637_geowiki-landcover-2017,0.64886105,0.35113892
458_mali-helmets-labelling-crops,0.3211825,0.6788175
18130_geowiki-landcover-2017,0.65082747,0.34917253
1496_germany,0.19045457,0.80954546
13561_geowiki-landcover-2017,0.6508258,0.34917417
24635_geowiki-landcover-2017,0.6488411,0.35115892
958_togo,0.47529167,0.52470833
5304_geowiki-landcover-2017,0.6488566,0.35114342
121_reunion-france,0.66000706,0.33999294
4450_central-asia,0.19045526,0.80954474
5107_canada,0.19045386,0.8095462
4762_canada,0.1904541,0.8095459
14614_geowiki-landcover-2017,0.6508275,0.34917244
986_togo,0.6508274,0.3491726
2198_central-asia,0.19045445,0.8095455
109_canada,0.4809907,0.5190093
29145_geowiki-landcover-2017,0.31053257,0.68946743
26806_geowiki-landcover-2017,0.4810023,0.5189977
3398_canada,0.48099917,0.5190008
7830_canada,0.32618943,0.6738106
3171_rwanda-ceo,0.78797525,0.2120248
2376_reunion-france,0.6600087,0.33999127
13888_geowiki-landcover-2017,0.47314042,0.5268596
1243_martinique-france,0.6508276,0.3491724
16657_geowiki-landcover-2017,0.64334524,0.35665476
410_central-asia,0.19045466,0.8095454
1872_canada,0.19045469,0.8095453
3079_central-asia,0.19045559,0.80954444
39_kenya-non-crop,0.48554423,0.5144558
1094_togo,0.4751855,0.5248145
486_tanzania-ceo,0.7879755,0.21202455
4612_central-asia,0.31053352,0.68946654
6861_croplands,0.7879754,0.21202458
533_lem-brazil,0.78797483,0.21202515
1145_mali-helmets-labelling-crops,0.32118303,0.6788169
16445_geowiki-landcover-2017,0.6508276,0.3491724
11868_geowiki-landcover-2017,0.65082747,0.34917253
24722_geowiki-landcover-2017,0.32118642,0.6788136
2939_canada,0.19045381,0.8095462
6018_canada,0.19045378,0.80954623
926_togo,0.7879752,0.21202482
30292_geowiki-landcover-2017,0.47313824,0.5268618
30491_geowiki-landcover-2017,0.48099902,0.519001
395_ethiopia,0.48543942,0.5145606
2264_central-asia,0.19045426,0.80954576
590_martinique-france,0.6508273,0.3491727
22295_geowiki-landcover-2017,0.32618895,0.6738111
954_rwanda-ceo,0.78797585,0.21202414
25244_geowiki-landcover-2017,0.65082747,0.34917256
3610_geowiki-landcover-2017,0.4933122,0.50668776
12612_geowiki-landcover-2017,0.481,0.51900005
692_ile-de-france,0.31053215,0.68946785
884_togo,0.4933132,0.5066868
785_rwanda-ceo,0.78797567,0.2120243
575_reunion-france,0.64363533,0.35636467
6681_croplands,0.6436342,0.3563658
827_togo,0.6508273,0.3491727
123_tanzania,0.65998775,0.34001225
777_lem-brazil,0.78797555,0.21202445
4532_geowiki-landcover-2017,0.493313,0.506687
455_tanzania-ceo,0.48544055,0.5145595
30202_geowiki-landcover-2017,0.32618958,0.6738105
32672_geowiki-landcover-2017,0.4731365,0.52686346
4349_ile-de-france,0.3105558,0.68944424
1582_tanzania-ceo,0.7879502,0.2120498
9454_geowiki-landcover-2017,0.32618904,0.67381096
2393_rwanda-ceo,0.7879756,0.2120244
29039_geowiki-landcover-2017,0.19045375,0.80954623
877_geowiki-landcover-2017,0.660009,0.339991
60_mali-helmets-labelling-crops,0.49331245,0.5066876
712_kenya-non-crop,0.78797567,0.2120243
10792_croplands,0.48544338,0.5145566
157_geowiki-landcover-2017,0.7879751,0.2120249
5316_canada,0.3261892,0.67381084
2271_rwanda-ceo,0.78793067,0.2120693
35612_geowiki-landcover-2017,0.47529203,0.524708
4257_canada,0.32118183,0.67881817
22118_geowiki-landcover-2017,0.3261902,0.67380977
34924_geowiki-landcover-2017,0.47313815,0.52686185
4418_ile-de-france,0.19045389,0.8095462
2835_geowiki-landcover-2017,0.65082794,0.34917206
13751_croplands,0.66000897,0.3399911
1127_mali-helmets-labelling-crops,0.32118288,0.6788171
6537_canada,0.48099864,0.51900136
3082_rwanda-ceo,0.78797585,0.21202414
1947_tanzania-ceo,0.65082735,0.34917265
530_geowiki-landcover-2017,0.49424788,0.50575215
2623_geowiki-landcover-2017,0.78790677,0.21209323
30694_geowiki-landcover-2017,0.48099896,0.519001
1330_germany,0.3261891,0.6738109
18880_geowiki-landcover-2017,0.3261892,0.67381084
1632_germany,0.3261887,0.67381126
1060_martinique-france,0.6508277,0.3491723
1886_ile-de-france,0.19045404,0.809546
1227_central-asia,0.19045389,0.8095462
6461_canada,0.31053224,0.6894677
1323_reunion-france,0.66000843,0.33999163
3715_ile-de-france,0.31052932,0.6894707
92_tanzania-ceo,0.787974,0.21202599
5079_canada,0.19045375,0.80954623
2267_ile-de-france,0.19045381,0.8095462
10126_croplands,0.48544422,0.51455575
391_lem-brazil,0.48544037,0.5145596
29113_geowiki-landcover-2017,0.31053266,0.6894673
26735_geowiki-landcover-2017,0.64886314,0.3511368
3265_ile-de-france,0.19045392,0.8095461
3492_ile-de-france,0.19045389,0.8095462
4547_central-asia,0.32620913,0.67379093
3812_canada,0.19045381,0.8095462
34948_geowiki-landcover-2017,0.19045392,0.8095461
7944_canada,0.31087577,0.68912417
5164_canada,0.1904546,0.8095454
4453_ile-de-france,0.32619387,0.67380613
1816_kenya-non-crop,0.7879758,0.21202423
3232_ile-de-france,0.19045392,0.8095461
13854_croplands,0.78797317,0.21202686
30620_geowiki-landcover-2017,0.48099908,0.51900095
2551_ile-de-france,0.19045568,0.8095444
884_germany,0.19045478,0.8095452
3418_geowiki-landcover-2017,0.65082914,0.3491709
117_mali,0.32118785,0.67881215
1610_ile-de-france,0.19045433,0.8095457
3585_geowiki-landcover-2017,0.65082556,0.3491744
21058_geowiki-landcover-2017,0.32618937,0.6738106
13304_geowiki-landcover-2017,0.6508289,0.34917113
2521_canada,0.32618922,0.6738107
4905_ile-de-france,0.19045562,0.8095444
1354_rwanda-ceo,0.7879758,0.21202426
30222_geowiki-landcover-2017,0.32618883,0.67381114
6496_canada,0.19045395,0.809546
29649_geowiki-landcover-2017,0.19114801,0.80885196
671_tanzania-rice-ecaas,0.4854396,0.5145604
4196_ile-de-france,0.310532,0.68946797
7968_geowiki-landcover-2017,0.48099926,0.51900077
26_reunion-france,0.7879755,0.21202455
5812_geowiki-landcover-2017,0.47529006,0.52470994
12516_croplands,0.47529206,0.5247079
2761_central-asia,0.19045722,0.8095427
4700_geowiki-landcover-2017,0.64886326,0.3511367
594_reunion-france,0.78797376,0.21202621
20018_geowiki-landcover-2017,0.4810023,0.51899767
32912_geowiki-landcover-2017,0.47529188,0.52470815
925_kenya-non-crop,0.7879756,0.2120244
447_canada,0.31054097,0.689459
1055_tanzania-ceo,0.7879753,0.21202467
944_geowiki-landcover-2017,0.7879758,0.21202426
2702_ile-de-france,0.4809966,0.5190034
248_germany,0.31053197,0.689468
2233_germany,0.19045383,0.8095462
6591_canada,0.32618904,0.67381096
2975_rwanda-ceo,0.7879754,0.21202458
32188_geowiki-landcover-2017,0.491142,0.50885797
2256_kenya-non-crop,0.78797454,0.2120255
23105_geowiki-landcover-2017,0.78795594,0.21204408
12345_geowiki-landcover-2017,0.4809993,0.5190007
20194_geowiki-landcover-2017,0.47313803,0.52686197
29720_geowiki-landcover-2017,0.65082735,0.34917265
30400_geowiki-landcover-2017,0.19045381,0.8095462
20438_geowiki-landcover-2017,0.3193031,0.6806969
418_rwanda-ceo,0.7879756,0.2120244
10629_geowiki-landcover-2017,0.19046766,0.80953234
6621_geowiki-landcover-2017,0.65082717,0.34917277
11732_geowiki-landcover-2017,0.65082747,0.34917256
1897_reunion-france,0.7879754,0.21202463
2611_canada,0.19045381,0.8095462
226_tanzania,0.7879755,0.21202455
221_kenya-non-crop,0.7879755,0.21202452
10119_croplands,0.64363444,0.35636556
3763_ile-de-france,0.19045392,0.8095461
4107_geowiki-landcover-2017,0.6508277,0.3491723
2799_canada,0.19045395,0.809546
29111_geowiki-landcover-2017,0.3105325,0.68946755
874_kenya-non-crop,0.64364266,0.35635737
9838_geowiki-landcover-2017,0.6488634,0.3511366
4833_central-asia,0.19045517,0.80954486
1985_central-asia,0.19045419,0.8095459
852_croplands,0.49331236,0.50668764
293_reunion-france,0.7879751,0.21202485
19135_geowiki-landcover-2017,0.3261893,0.67381066
7447_canada,0.326189,0.67381096
9451_croplands,0.6508279,0.34917206
30529_geowiki-landcover-2017,0.48099917,0.5190008
2338_martinique-france,0.65082747,0.34917253
6683_canada,0.3261891,0.6738109
5824_geowiki-landcover-2017,0.49115446,0.50884557
813_geowiki-landcover-2017,0.6436343,0.35636568
217_sudan,0.4752914,0.52470857
8153_geowiki-landcover-2017,0.6508295,0.34917045
13_kenya,0.78797567,0.21202435
2364_central-asia,0.19045457,0.8095454
6046_canada,0.31053197,0.689468
26016_geowiki-landcover-2017,0.6436257,0.3563743
4889_ile-de-france,0.19046038,0.8095396
3609_geowiki-landcover-2017,0.4933129,0.5066871
3175_geowiki-landcover-2017,0.78797525,0.2120248
7801_canada,0.48099896,0.519001
3154_ile-de-france,0.19045383,0.8095462
1040_germany,0.4809988,0.5190012
413_sudan,0.6599995,0.34000054
21117_geowiki-landcover-2017,0.19049275,0.80950725
3272_rwanda-ceo,0.7879758,0.21202421
8985_geowiki-landcover-2017,0.65082735,0.34917265
2743_rwanda-ceo,0.7879758,0.21202423
439_ethiopia,0.66009545,0.3399045
754_rwanda-ceo,0.78797567,0.21202433
23484_geowiki-landcover-2017,0.3261889,0.67381114
13146_croplands,0.66002953,0.33997044
688_martinique-france,0.650819,0.34918103
2979_rwanda-ceo,0.7879756,0.2120244
885_togo,0.32118338,0.6788166
35725_geowiki-landcover-2017,0.78797287,0.2120271
4527_croplands,0.47529295,0.524707
3349_rwanda-ceo,0.7879754,0.21202463
35779_geowiki-landcover-2017,0.6508234,0.3491766
32661_geowiki-landcover-2017,0.31930327,0.6806968
4863_central-asia,0.48099902,0.519001
6447_geowiki-landcover-2017,0.6508278,0.34917217
2356_canada,0.31053686,0.6894631
11057_geowiki-landcover-2017,0.6508276,0.34917244
165_central-asia,0.19045576,0.80954427
21841_geowiki-landcover-2017,0.19046399,0.809536
540_togo,0.787975,0.212025
860_reunion-france,0.7879755,0.21202455
2587_croplands,0.6436492,0.3563508
1957_martinique-france,0.6508274,0.3491726
5871_croplands,0.78797364,0.21202637
4833_croplands,0.78797436,0.21202566
6043_ile-de-france,0.19045395,0.809546
1377_rwanda-ceo,0.7879754,0.21202458
153_tanzania,0.7879751,0.21202485
33581_geowiki-landcover-2017,0.19047989,0.80952007
19996_geowiki-landcover-2017,0.32652295,0.67347705
47_mali-non-crop,0.6508275,0.34917244
3446_rwanda-ceo,0.78797567,0.21202426
1914_kenya-non-crop,0.7879756,0.2120244
33963_geowiki-landcover-2017,0.19045444,0.8095455
33036_geowiki-landcover-2017,0.32118246,0.6788175
11534_croplands,0.32119414,0.6788058
16769_geowiki-landcover-2017,0.49331388,0.50668615
6378_geowiki-landcover-2017,0.19045837,0.80954164
33238_geowiki-landcover-2017,0.32618958,0.6738105
2051_kenya-non-crop,0.6508285,0.34917155
32335_geowiki-landcover-2017,0.19045371,0.8095463
12690_geowiki-landcover-2017,0.48099133,0.5190087
31410_geowiki-landcover-2017,0.66001195,0.33998808
2102_germany,0.19045381,0.8095462
16023_geowiki-landcover-2017,0.64886296,0.35113707
11999_geowiki-landcover-2017,0.31053165,0.6894683
6043_canada,0.31053218,0.6894678
4010_geowiki-landcover-2017,0.49115583,0.50884414
3497_rwanda-ceo,0.7879755,0.21202451
4130_central-asia,0.19045594,0.809544
474_kenya-non-crop,0.6436285,0.35637158
10837_croplands,0.78795624,0.21204375
342_kenya-non-crop,0.6436345,0.35636547
13844_geowiki-landcover-2017,0.49115473,0.50884527
1437_canada,0.48100147,0.51899856
1145_ile-de-france,0.4809989,0.5190011
5210_canada,0.3192943,0.68070567
15498_geowiki-landcover-2017,0.49115488,0.50884515
2359_rwanda-ceo,0.78797567,0.2120243
10517_croplands,0.48544043,0.51455957
1109_ile-de-france,0.3105317,0.6894683
2291_reunion-france,0.78797525,0.2120248
1415_croplands,0.19045666,0.8095434
19216_geowiki-landcover-2017,0.3105322,0.6894677
1056_mali-helmets-labelling-crops,0.32118237,0.67881763
6878_canada,0.32118192,0.6788181
19550_geowiki-landcover-2017,0.6508277,0.34917226
6548_geowiki-landcover-2017,0.19046457,0.80953544
286_tanzania-ceo,0.78797567,0.2120243
10061_croplands,0.64363194,0.3563681
7888_canada,0.48099735,0.5190027
9980_croplands,0.7879743,0.21202572
1576_canada,0.48099884,0.5190012
177_canada,0.48099405,0.51900595
466_lem-brazil,0.78797466,0.2120253
17976_geowiki-landcover-2017,0.3261883,0.6738117
11754_geowiki-landcover-2017,0.78797555,0.21202445
4318_geowiki-landcover-2017,0.3105323,0.68946767
2535_germany,0.19048044,0.8095196
35499_geowiki-landcover-2017,0.48099902,0.51900095
29502_geowiki-landcover-2017,0.6517795,0.34822047
2541_rwanda-ceo,0.78797454,0.2120255
882_kenya-non-crop,0.78797567,0.21202426
4038_geowiki-landcover-2017,0.6508285,0.34917155
3492_croplands,0.47529325,0.5247067
4846_geowiki-landcover-2017,0.65082884,0.34917113
2464_central-asia,0.19045447,0.8095455
4568_central-asia,0.31929463,0.6807053
14505_geowiki-landcover-2017,0.48099944,0.51900053
1717_central-asia,0.19045483,0.80954516
651_ethiopia,0.6436198,0.35638022
2560_kenya-non-crop,0.78797555,0.21202445
23812_geowiki-landcover-2017,0.47531635,0.52468365
1977_reunion-france,0.7879755,0.21202451
3289_central-asia,0.19045402,0.809546
2131_geowiki-landcover-2017,0.6508277,0.3491723
44_croplands,0.64830965,0.35169032
34671_geowiki-landcover-2017,0.19045404,0.809546
5377_ile-de-france,0.19045395,0.809546
22602_geowiki-landcover-2017,0.65082747,0.34917247
20314_geowiki-landcover-2017,0.6488632,0.3511368
34230_geowiki-landcover-2017,0.7879754,0.21202463
1306_croplands,0.47313976,0.5268602
2427_canada,0.31053287,0.68946713
7887_geowiki-landcover-2017,0.47529036,0.5247096
1427_kenya-non-crop,0.7879758,0.21202423
29410_geowiki-landcover-2017,0.48099822,0.5190018
484_mali-helmets-labelling-crops,0.47528952,0.5247105
2947_geowiki-landcover-2017,0.6508278,0.34917223
16678_geowiki-landcover-2017,0.47529402,0.524706
1661_rwanda-ceo,0.78797555,0.21202445
2088_rwanda-ceo,0.78797466,0.21202536
718_central-asia,0.19045451,0.8095455
874_tanzania-ceo,0.48544106,0.514559
2057_reunion-france,0.6508274,0.3491726
1283_tanzania-ceo,0.49331197,0.50668806
34500_geowiki-landcover-2017,0.6436343,0.35636565
32_tanzania-ceo,0.7879751,0.21202485
14346_geowiki-landcover-2017,0.6581155,0.3418845
6730_canada,0.32618937,0.6738106
7618_geowiki-landcover-2017,0.47529265,0.5247073
7963_geowiki-landcover-2017,0.66000736,0.33999267
1989_kenya-non-crop,0.65082926,0.34917074
4893_ile-de-france,0.32618937,0.6738106
28_zimbabwe,0.643632,0.35636795
12726_geowiki-landcover-2017,0.3105321,0.6894679
33441_geowiki-landcover-2017,0.4809962,0.5190038
2287_canada,0.31053227,0.68946767
6182_ile-de-france,0.19045407,0.80954593
1562_canada,0.19045426,0.80954576
24415_geowiki-landcover-2017,0.65070844,0.34929156
28365_geowiki-landcover-2017,0.49115467,0.5088454
23894_geowiki-landcover-2017,0.49113113,0.5088689
4627_canada,0.19045381,0.8095462
13731_croplands,0.3212343,0.6787657
3853_ile-de-france,0.19045392,0.8095461
6115_geowiki-landcover-2017,0.48099977,0.51900023
10631_geowiki-landcover-2017,0.32618943,0.67381054
5050_central-asia,0.3105321,0.6894679
325_tanzania-rice-ecaas,0.4854431,0.51455694
1010_tanzania-ceo,0.6510922,0.3489078
21122_geowiki-landcover-2017,0.3105328,0.6894672
5121_ile-de-france,0.19045478,0.8095452
2912_ile-de-france,0.48099887,0.5190011
1501_mali-helmets-labelling-crops,0.32118246,0.6788176
4658_ile-de-france,0.19045399,0.809546
12596_geowiki-landcover-2017,0.4809993,0.5190007
21165_geowiki-landcover-2017,0.19045378,0.80954623
28_germany,0.48099428,0.5190058
1063_mali-helmets-labelling-crops,0.32118246,0.6788175
848_germany,0.32618922,0.6738108
1022_germany,0.19045381,0.8095462
28567_geowiki-landcover-2017,0.6508268,0.34917316
12470_croplands,0.47531375,0.5246862
9901_croplands,0.78797483,0.21202517
3769_croplands,0.7879756,0.2120244
618_reunion-france,0.66000897,0.339991
3113_geowiki-landcover-2017,0.6508229,0.34917712
13541_croplands,0.4752916,0.5247084
4934_geowiki-landcover-2017,0.7879747,0.21202527
661_tanzania-ceo,0.66001207,0.3399879
956_togo,0.49331236,0.50668764
30662_geowiki-landcover-2017,0.3261892,0.6738108
6943_geowiki-landcover-2017,0.32618803,0.673812
2334_germany,0.19045392,0.8095461
35540_geowiki-landcover-2017,0.49331102,0.50668895
23516_geowiki-landcover-2017,0.48099902,0.51900095
615_mali-helmets-labelling-crops,0.3211827,0.67881733
10366_geowiki-landcover-2017,0.64886355,0.35113648
5768_geowiki-landcover-2017,0.4933122,0.5066878
2499_reunion-france,0.66000915,0.33999082
6373_canada,0.48099846,0.5190016
813_martinique-france,0.65082747,0.34917253
18802_geowiki-landcover-2017,0.47313875,0.52686125
363_canada,0.19045433,0.8095457
25669_geowiki-landcover-2017,0.31053215,0.68946785
3097_canada,0.48099923,0.51900077
22628_geowiki-landcover-2017,0.31053197,0.689468
15608_geowiki-landcover-2017,0.49331388,0.50668615
979_togo,0.6508271,0.34917286
10675_croplands,0.4854401,0.5145599
3211_ile-de-france,0.19045599,0.80954397
32080_geowiki-landcover-2017,0.6508272,0.34917277
1363_tanzania-ceo,0.78797567,0.21202435
449_tanzania-ceo,0.6508271,0.34917292
3278_ile-de-france,0.19045386,0.8095462
32321_geowiki-landcover-2017,0.19045427,0.8095457
50_tanzania,0.78797305,0.21202701
1539_ile-de-france,0.48099825,0.5190018
13219_geowiki-landcover-2017,0.7879751,0.2120249
30276_geowiki-landcover-2017,0.6508276,0.34917244
30212_geowiki-landcover-2017,0.32618916,0.67381084
2871_central-asia,0.19045988,0.8095401
31182_geowiki-landcover-2017,0.65082735,0.34917265
14692_croplands,0.65083027,0.34916973
35495_geowiki-landcover-2017,0.4809886,0.5190114
1_geowiki-landcover-2017,0.64363533,0.35636467
1581_kenya-non-crop,0.6436354,0.35636458
1378_central-asia,0.19045387,0.8095462
18466_geowiki-landcover-2017,0.3193029,0.6806971
24409_geowiki-landcover-2017,0.49115443,0.50884557
10682_croplands,0.78797495,0.21202502
700_canada,0.19061048,0.8093895
1993_central-asia,0.19045399,0.809546
10173_croplands,0.48543993,0.5145601
1391_germany,0.19045466,0.8095453
1062_central-asia,0.19045399,0.809546
391_martinique-france,0.650828,0.34917197
1732_kenya-non-crop,0.78797567,0.21202426
1268_canada,0.3105322,0.6894677
32265_geowiki-landcover-2017,0.32618853,0.67381144
32708_geowiki-landcover-2017,0.6508263,0.34917367
24540_geowiki-landcover-2017,0.32618943,0.6738106
3522_central-asia,0.31053302,0.68946695
22153_geowiki-landcover-2017,0.47313964,0.52686036
946_rwanda-ceo,0.78797555,0.2120245
10197_croplands,0.78797495,0.21202508
3029_rwanda-ceo,0.6436356,0.35636443
2001_geowiki-landcover-2017,0.6508277,0.3491723
748_reunion-france,0.7879754,0.21202463
21079_geowiki-landcover-2017,0.32618913,0.67381084
11176_geowiki-landcover-2017,0.7879753,0.21202467
1503_central-asia,0.19045392,0.8095461
7231_geowiki-landcover-2017,0.4933122,0.50668776
3383_rwanda-ceo,0.7879754,0.21202455
3671_ile-de-france,0.19045392,0.8095461
3173_ile-de-france,0.19045392,0.8095461
20084_geowiki-landcover-2017,0.4731401,0.5268599
794_togo,0.32118464,0.6788154
10225_geowiki-landcover-2017,0.78797495,0.21202508
26071_geowiki-landcover-2017,0.47529134,0.5247086
4276_central-asia,0.47313848,0.52686155
32794_geowiki-landcover-2017,0.650828,0.34917203
5656_canada,0.31053025,0.68946975
14200_croplands,0.48544124,0.51455873
20074_geowiki-landcover-2017,0.4809991,0.5190009
4217_geowiki-landcover-2017,0.650827,0.34917304
7727_geowiki-landcover-2017,0.7879562,0.21204387
10618_geowiki-landcover-2017,0.49115208,0.50884795
34565_geowiki-landcover-2017,0.3105324,0.68946767
1421_croplands,0.3261823,0.6738177
203_tanzania,0.78797555,0.21202444
23733_geowiki-landcover-2017,0.48099947,0.51900053
26797_geowiki-landcover-2017,0.4809991,0.5190009
1821_central-asia,0.19045395,0.809546
1090_germany,0.19045374,0.80954623
13883_geowiki-landcover-2017,0.49112812,0.50887185
176_kenya-non-crop,0.7879753,0.21202467
14920_croplands,0.4812621,0.5187379
1590_tanzania-ceo,0.6600092,0.3399908
964_rwanda-ceo,0.78797567,0.21202435
360_canada,0.32618874,0.67381126
223_martinique-france,0.6508275,0.34917244
215_geowiki-landcover-2017,0.66000885,0.3399912
22690_geowiki-landcover-2017,0.6308111,0.3691889
5861_ile-de-france,0.19045419,0.8095459
1528_kenya-non-crop,0.47529167,0.52470833
24527_geowiki-landcover-2017,0.78797394,0.21202606
2445_rwanda-ceo,0.78797466,0.21202534
14965_geowiki-landcover-2017,0.49331224,0.50668776
1687_germany,0.31053203,0.68946797
654_ile-de-france,0.19045392,0.8095461
759_togo,0.6508275,0.34917244
212_central-asia,0.19045569,0.80954427
969_rwanda-ceo,0.78797555,0.21202445
177_uganda,0.48544213,0.51455784
18968_geowiki-landcover-2017,0.48099774,0.51900226
32566_geowiki-landcover-2017,0.65082747,0.34917253
13748_croplands,0.48543987,0.51456016
28940_geowiki-landcover-2017,0.47504935,0.5249507
1350_tanzania-ceo,0.78797525,0.21202475
24339_geowiki-landcover-2017,0.4809991,0.5190009
4169_ile-de-france,0.1904541,0.8095459
3737_canada,0.31053224,0.6894677
24728_geowiki-landcover-2017,0.6488634,0.35113668
711_kenya-non-crop,0.78797567,0.21202435
688_ethiopia,0.6436343,0.35636574
3506_croplands,0.48544106,0.5145589
2372_germany,0.19045386,0.8095462
10474_geowiki-landcover-2017,0.64886326,0.35113674
23021_geowiki-landcover-2017,0.4752903,0.5247097
671_germany,0.31052825,0.6894717
13502_geowiki-landcover-2017,0.65082717,0.34917286
1114_tanzania-ceo,0.66000885,0.33999115
1526_kenya-non-crop,0.47529206,0.5247079
2277_geowiki-landcover-2017,0.65082943,0.34917063
7107_geowiki-landcover-2017,0.64886326,0.3511367
10644_croplands,0.48544097,0.51455903
8158_geowiki-landcover-2017,0.4911547,0.5088453
5350_ile-de-france,0.19045386,0.8095462
28334_geowiki-landcover-2017,0.48099944,0.51900053
18691_geowiki-landcover-2017,0.32619196,0.67380804
276_martinique-france,0.6508277,0.3491723
18101_geowiki-landcover-2017,0.47314057,0.5268594
2984_central-asia,0.1904552,0.80954474
12532_croplands,0.47529712,0.5247029
1881_reunion-france,0.7879755,0.21202455
292_rwanda-ceo,0.78797483,0.21202523
3561_rwanda-ceo,0.78797567,0.21202426
33026_geowiki-landcover-2017,0.4731448,0.52685523
34428_geowiki-landcover-2017,0.787975,0.21202494
2002_central-asia,0.19045404,0.809546
2161_martinique-france,0.49331233,0.50668764
679_rwanda-ceo,0.6436873,0.3563127
6250_canada,0.31077307,0.6892269
806_martinique-france,0.4752925,0.5247075
21708_geowiki-landcover-2017,0.49115482,0.5088452
15619_geowiki-landcover-2017,0.6488634,0.35113668
25732_geowiki-landcover-2017,0.4809988,0.5190012
5031_ile-de-france,0.32090977,0.6790902
1396_reunion-france,0.7879755,0.21202451
15343_geowiki-landcover-2017,0.65082747,0.3491725
368_tanzania,0.787975,0.21202494
2527_reunion-france,0.6508277,0.3491723
269_tanzania-rice-ecaas,0.48751536,0.51248467
157_ethiopia,0.4731563,0.52684367
10240_geowiki-landcover-2017,0.4752903,0.5247097
4512_croplands,0.32118684,0.6788132
1118_martinique-france,0.65082747,0.34917253
1609_tanzania-ceo,0.7879755,0.21202455
20633_geowiki-landcover-2017,0.4933123,0.5066877
304_martinique-france,0.65082735,0.34917265
6092_geowiki-landcover-2017,0.65082747,0.34917253
3258_canada,0.48098102,0.519019
6270_canada,0.19045386,0.8095462
19003_geowiki-landcover-2017,0.6488631,0.35113698
4737_central-asia,0.19045399,0.809546
6982_canada,0.31053197,0.689468
23504_geowiki-landcover-2017,0.3193032,0.6806968
29446_geowiki-landcover-2017,0.65082836,0.34917164
5349_canada,0.48099875,0.51900125
12822_croplands,0.47529233,0.5247077
9579_geowiki-landcover-2017,0.6436347,0.35636535
1348_germany,0.4809865,0.51901346
1702_central-asia,0.1904539,0.8095461
1898_central-asia,0.19045392,0.8095461
4486_geowiki-landcover-2017,0.64886355,0.35113642
19824_geowiki-landcover-2017,0.6508245,0.34917548
93_tanzania-rice-ecaas,0.4854398,0.5145602
1449_martinique-france,0.6508275,0.34917244
5992_canada,0.4809975,0.5190025
9950_geowiki-landcover-2017,0.6508298,0.34917018
188_kenya,0.7879755,0.21202452
702_lem-brazil,0.78797525,0.21202473
1621_ile-de-france,0.1904543,0.8095457
168_germany,0.32618997,0.67381
13338_geowiki-landcover-2017,0.78797555,0.21202445
1005_kenya-non-crop,0.78797585,0.21202414
30410_geowiki-landcover-2017,0.49114782,0.5088522
1653_germany,0.19045395,0.809546
6857_croplands,0.6436334,0.35636654
12603_geowiki-landcover-2017,0.6508268,0.34917316
30953_geowiki-landcover-2017,0.1904541,0.8095459
19539_geowiki-landcover-2017,0.31053275,0.68946725
2993_ile-de-france,0.19045395,0.809546
2944_rwanda-ceo,0.78797567,0.21202426
1813_martinique-france,0.6508277,0.3491723
2132_central-asia,0.19045515,0.80954486
67_ethiopia,0.47315642,0.5268436
824_ethiopia,0.66000897,0.33999103
11198_geowiki-landcover-2017,0.65989983,0.3401002
522_tanzania-rice-ecaas,0.48543993,0.5145601
1494_central-asia,0.19045407,0.80954593
15333_geowiki-landcover-2017,0.78797525,0.2120248
8742_geowiki-landcover-2017,0.31054792,0.68945205
788_reunion-france,0.78797555,0.2120245
30812_geowiki-landcover-2017,0.31053206,0.6894679
26190_geowiki-landcover-2017,0.47529152,0.5247085
32060_geowiki-landcover-2017,0.19045378,0.80954623
4671_canada,0.19045395,0.809546
18010_geowiki-landcover-2017,0.31053057,0.68946946
1207_tanzania-ceo,0.7879711,0.21202889
3311_canada,0.4933119,0.5066881
18537_geowiki-landcover-2017,0.6508276,0.3491724
1107_canada,0.31053236,0.68946767
2838_central-asia,0.19045782,0.8095422
14839_geowiki-landcover-2017,0.6488451,0.35115486
28072_geowiki-landcover-2017,0.47313944,0.5268606
19915_geowiki-landcover-2017,0.6488626,0.3511374
29408_geowiki-landcover-2017,0.6508275,0.34917244
3611_ile-de-france,0.19045429,0.8095457
1460_central-asia,0.32617417,0.67382586
34374_geowiki-landcover-2017,0.47527495,0.5247251
5422_canada,0.19045381,0.8095462
1049_germany,0.32618904,0.67381096
1559_germany,0.19045404,0.80954593
572_reunion-france,0.6436386,0.35636136
5133_canada,0.19045386,0.8095462
28066_geowiki-landcover-2017,0.32618916,0.67381084
10819_geowiki-landcover-2017,0.78797126,0.21202873
2533_rwanda-ceo,0.78797525,0.2120247
67_central-asia,0.31930238,0.6806976
7853_canada,0.48099685,0.51900315
1896_germany,0.32618925,0.6738107
4055_canada,0.32618934,0.6738106
2099_geowiki-landcover-2017,0.6508278,0.34917215
3372_ile-de-france,0.19046363,0.8095364
30137_geowiki-landcover-2017,0.4911492,0.5088508
5973_ile-de-france,0.32618895,0.6738111
1768_ile-de-france,0.31053245,0.68946755
1611_martinique-france,0.6508275,0.34917244
19566_geowiki-landcover-2017,0.6488629,0.3511371
12936_geowiki-landcover-2017,0.7879746,0.21202543
274_mali-helmets-labelling-crops,0.32118356,0.6788164
3297_geowiki-landcover-2017,0.65082765,0.34917235
1165_rwanda-ceo,0.78797567,0.2120243
3027_geowiki-landcover-2017,0.650828,0.349172
10855_croplands,0.6600145,0.33998552
201_kenya,0.7879756,0.2120244
1470_central-asia,0.31034577,0.68965423
631_mali-helmets-labelling-crops,0.3211841,0.67881596
27363_geowiki-landcover-2017,0.78797555,0.21202445
7940_geowiki-landcover-2017,0.6488627,0.3511373
239_canada,0.48091373,0.51908624
120_tanzania,0.6436351,0.35636488
2558_kenya-non-crop,0.7879754,0.21202458
12_ethiopia,0.47314754,0.5268524
462_germany,0.3105314,0.6894686
35390_geowiki-landcover-2017,0.19045494,0.80954504
3199_geowiki-landcover-2017,0.6508278,0.3491722
2264_germany,0.19045429,0.8095457
4174_geowiki-landcover-2017,0.64886403,0.351136
419_ethiopia,0.66001016,0.3399898
1913_tanzania-ceo,0.6508271,0.34917295
30185_geowiki-landcover-2017,0.3262063,0.67379373
1761_geowiki-landcover-2017,0.6508278,0.3491722
3578_ile-de-france,0.3105323,0.68946767
4427_croplands,0.65082824,0.34917176
2176_martinique-france,0.6508277,0.3491723
3331_central-asia,0.31053513,0.68946487
2748_geowiki-landcover-2017,0.4933121,0.50668794
2066_central-asia,0.190457,0.80954295
1159_togo,0.65082735,0.34917265
683_canada,0.32618934,0.6738106
4347_ile-de-france,0.3261886,0.6738114
5123_canada,0.3105324,0.68946767
567_geowiki-landcover-2017,0.6600084,0.33999163
5647_geowiki-landcover-2017,0.3105321,0.68946785
5128_geowiki-landcover-2017,0.78794897,0.21205105
2703_canada,0.31053048,0.6894696
2266_geowiki-landcover-2017,0.78797466,0.21202534
417_togo,0.32118216,0.6788178
24784_geowiki-landcover-2017,0.49315974,0.5068402
6899_geowiki-landcover-2017,0.19045387,0.8095462
1423_central-asia,0.19045395,0.809546
22481_geowiki-landcover-2017,0.64886373,0.35113627
6814_geowiki-landcover-2017,0.65082747,0.34917253
4099_ile-de-france,0.19045395,0.809546
3389_geowiki-landcover-2017,0.6508277,0.34917235
21800_geowiki-landcover-2017,0.47529313,0.5247069
5904_canada,0.19045383,0.8095462
26577_geowiki-landcover-2017,0.48099864,0.5190013
6836_canada,0.32118198,0.67881805
3814_central-asia,0.19045505,0.809545
5181_canada,0.19045395,0.809546
2059_ile-de-france,0.32618818,0.6738118
288_togo,0.47529167,0.5247083
853_geowiki-landcover-2017,0.78797555,0.21202445
13627_geowiki-landcover-2017,0.65082747,0.34917247
2085_croplands,0.47529286,0.52470714
7006_geowiki-landcover-2017,0.6599379,0.34006208
25_tanzania,0.64363456,0.35636544
3879_geowiki-landcover-2017,0.48066863,0.5193314
1257_ile-de-france,0.1904542,0.80954576
834_rwanda-ceo,0.7879758,0.21202426
2921_central-asia,0.3105514,0.6894486
2570_rwanda-ceo,0.7879755,0.21202455
51_tanzania-ceo,0.78797555,0.2120245
4524_geowiki-landcover-2017,0.493313,0.506687
22227_geowiki-landcover-2017,0.32618898,0.673811
32316_geowiki-landcover-2017,0.32618922,0.6738108
13712_geowiki-landcover-2017,0.49332377,0.5066762
2739_rwanda-ceo,0.78797555,0.21202445
685_kenya-non-crop,0.7879756,0.21202436
4132_croplands,0.65082484,0.34917516
1986_germany,0.1904541,0.8095459
3911_geowiki-landcover-2017,0.48099527,0.5190047
335_togo,0.6508273,0.3491727
28174_geowiki-landcover-2017,0.4810128,0.5189872
26595_geowiki-landcover-2017,0.64886343,0.3511365
4640_central-asia,0.31053323,0.6894668
1277_tanzania-ceo,0.78797525,0.21202473
64_tanzania,0.7879754,0.21202464
4106_canada,0.31053242,0.68946755
633_ile-de-france,0.31053224,0.6894677
5637_geowiki-landcover-2017,0.6488592,0.3511408
15638_geowiki-landcover-2017,0.47313818,0.52686185
28170_geowiki-landcover-2017,0.6508275,0.34917244
2709_central-asia,0.1904595,0.80954045
709_ethiopia,0.493319,0.50668097
30587_geowiki-landcover-2017,0.48097956,0.51902044
44_kenya,0.6438202,0.35617974
2116_canada,0.19045381,0.8095462
1182_germany,0.32618904,0.67381096
5186_canada,0.31053573,0.6894643
3494_croplands,0.475292,0.524708
492_lem-brazil,0.64363575,0.3563642
644_togo,0.6508272,0.34917277
183_ile-de-france,0.19045389,0.8095462
17233_geowiki-landcover-2017,0.3289868,0.67101324
11780_geowiki-landcover-2017,0.31930795,0.6806921
4916_ile-de-france,0.3261893,0.6738107
31677_geowiki-landcover-2017,0.6508271,0.34917295
227_kenya-non-crop,0.6436348,0.35636517
18976_geowiki-landcover-2017,0.64886343,0.3511366
1882_canada,0.19045591,0.80954415
3564_geowiki-landcover-2017,0.49331555,0.5066844
770_central-asia,0.19046028,0.80953974
284_central-asia,0.31930256,0.68069744
1075_germany,0.3261891,0.67381096
23534_geowiki-landcover-2017,0.32618976,0.6738103
1100_rwanda-ceo,0.78797495,0.21202508
12052_geowiki-landcover-2017,0.31053236,0.68946767
30431_geowiki-landcover-2017,0.19045407,0.80954593
12522_geowiki-landcover-2017,0.64886284,0.35113713
7396_geowiki-landcover-2017,0.6508278,0.34917223
28630_geowiki-landcover-2017,0.3105322,0.6894677
629_kenya-non-crop,0.78797567,0.21202435
421_croplands,0.31053236,0.68946767
5576_ile-de-france,0.32618952,0.6738105
10788_croplands,0.48546976,0.51453024
569_geowiki-landcover-2017,0.7879758,0.21202423
348_ethiopia,0.7879744,0.21202554
2479_geowiki-landcover-2017,0.6508471,0.34915286
737_reunion-france,0.7879753,0.21202467
2462_rwanda-ceo,0.78797567,0.2120243
5896_geowiki-landcover-2017,0.32618904,0.67381096
1613_central-asia,0.19045395,0.809546
15435_geowiki-landcover-2017,0.7879755,0.21202455
13165_geowiki-landcover-2017,0.48543978,0.5145602
26089_geowiki-landcover-2017,0.787974,0.21202603
18469_geowiki-landcover-2017,0.47528893,0.5247111
10741_croplands,0.64363027,0.35636976
76_croplands,0.650827,0.349173
171_togo,0.47529262,0.5247074
20243_geowiki-landcover-2017,0.6486975,0.35130247
1278_tanzania-ceo,0.4755875,0.5244125
3236_rwanda-ceo,0.7879758,0.21202423
598_central-asia,0.19045487,0.80954516
4485_croplands,0.6423788,0.35762122
7702_canada,0.48099902,0.51900095
28332_geowiki-landcover-2017,0.6508276,0.34917235
29952_geowiki-landcover-2017,0.4809987,0.5190013
7770_geowiki-landcover-2017,0.6508276,0.3491724
1453_rwanda-ceo,0.78797567,0.21202426
31281_geowiki-landcover-2017,0.6436335,0.35636654
18305_geowiki-landcover-2017,0.6508271,0.34917286
799_central-asia,0.19045499,0.809545
22303_geowiki-landcover-2017,0.4912467,0.50875336
3186_canada,0.48096767,0.51903236
3544_ile-de-france,0.19045387,0.8095462
11619_geowiki-landcover-2017,0.48543987,0.5145601
1251_togo,0.49331203,0.506688
3757_ile-de-france,0.19045389,0.8095462
2273_germany,0.4646693,0.5353307
2237_martinique-france,0.6508275,0.34917244
10070_geowiki-landcover-2017,0.78797317,0.21202677
2497_reunion-france,0.78797555,0.2120245
30509_geowiki-landcover-2017,0.3261891,0.67381096
4445_ile-de-france,0.3261893,0.6738107
1766_kenya-non-crop,0.7879756,0.21202436
205_tanzania,0.66000986,0.33999017
12599_croplands,0.47572708,0.5242729
6694_croplands,0.48543993,0.51456004
14701_croplands,0.65082586,0.3491741
209_germany,0.19047351,0.8095265
33658_geowiki-landcover-2017,0.6508273,0.34917274
20977_geowiki-landcover-2017,0.6488631,0.3511369
15971_geowiki-landcover-2017,0.47313973,0.52686024
34863_geowiki-landcover-2017,0.650827,0.34917304
1283_reunion-france,0.6508276,0.34917244
13801_croplands,0.6436344,0.35636562
6769_croplands,0.643632,0.35636795
19206_geowiki-landcover-2017,0.49113095,0.50886905
14097_geowiki-landcover-2017,0.6488631,0.35113698
764_croplands,0.48099884,0.5190012
1126_geowiki-landcover-2017,0.6600089,0.33999112
125_germany,0.19045381,0.8095462
11386_geowiki-landcover-2017,0.6508273,0.34917274
1339_canada,0.31039622,0.6896038
28145_geowiki-landcover-2017,0.6508272,0.34917277
4322_ile-de-france,0.32618946,0.6738105
825_lem-brazil,0.64364886,0.35635114
1418_central-asia,0.19045399,0.809546
30031_geowiki-landcover-2017,0.19045381,0.8095462
6948_canada,0.6488261,0.3511739
27482_geowiki-landcover-2017,0.32119334,0.67880666
2626_rwanda-ceo,0.78797555,0.21202444
1138_germany,0.3261892,0.67381084
1792_reunion-france,0.78797495,0.212025
13722_geowiki-landcover-2017,0.6508277,0.3491723
375_canada,0.32618552,0.6738145
3289_geowiki-landcover-2017,0.65082675,0.34917325
4846_canada,0.31053233,0.68946767
1957_kenya-non-crop,0.6508308,0.34916922
3876_central-asia,0.19050217,0.80949783
21813_geowiki-landcover-2017,0.3261889,0.6738111
691_lem-brazil,0.78779614,0.21220386
4472_canada,0.1904538,0.80954623
35493_geowiki-landcover-2017,0.32618847,0.67381155
1440_germany,0.48099872,0.51900125
500_croplands,0.7876478,0.21235222
2296_germany,0.19045378,0.80954623
89_central-asia,0.19045731,0.8095427
1382_mali-helmets-labelling-crops,0.32118413,0.67881584
1162_central-asia,0.19045395,0.8095461
1879_kenya-non-crop,0.78797567,0.21202426
18232_geowiki-landcover-2017,0.6508213,0.34917867
2540_germany,0.32618922,0.6738108
27303_geowiki-landcover-2017,0.65088,0.34912005
2136_croplands,0.6436231,0.35637686
3544_central-asia,0.31053242,0.68946755
75_togo,0.65082747,0.34917253
2246_croplands,0.6436345,0.35636556
13544_croplands,0.32118303,0.6788169
32075_geowiki-landcover-2017,0.48099852,0.5190015
1104_tanzania-ceo,0.78797567,0.21202426
6820_croplands,0.64363414,0.35636586
2409_geowiki-landcover-2017,0.7879755,0.21202452
11255_geowiki-landcover-2017,0.4933119,0.5066881
6323_geowiki-landcover-2017,0.48099867,0.5190013
5742_ile-de-france,0.19045392,0.8095461
8798_geowiki-landcover-2017,0.6488637,0.3511364
2561_rwanda-ceo,0.7879758,0.21202423
1606_tanzania-ceo,0.6508275,0.34917244
59_mali-helmets-labelling-crops,0.47529227,0.52470773
9185_croplands,0.6508281,0.34917194
14760_geowiki-landcover-2017,0.6508261,0.34917396
3739_central-asia,0.19045414,0.8095459
18980_geowiki-landcover-2017,0.64886355,0.35113645
1800_ile-de-france,0.19045387,0.8095462
291_central-asia,0.19045582,0.80954415
29789_geowiki-landcover-2017,0.47529137,0.5247086
331_rwanda-ceo,0.78797567,0.21202435
6396_canada,0.48099858,0.51900136
4356_ile-de-france,0.19045387,0.8095462
1584_central-asia,0.19045392,0.8095461
1963_germany,0.3105306,0.6894694
186_lem-brazil,0.78797525,0.21202475
25005_geowiki-landcover-2017,0.47529215,0.52470785
30497_geowiki-landcover-2017,0.65082717,0.3491728
11155_geowiki-landcover-2017,0.6436354,0.35636464
959_geowiki-landcover-2017,0.7879749,0.21202512
2789_rwanda-ceo,0.78797567,0.21202435
120_reunion-france,0.7879753,0.21202467
897_ile-de-france,0.19045399,0.809546
386_rwanda-ceo,0.7879754,0.21202464
368_kenya-non-crop,0.7879754,0.21202458
757_central-asia,0.19045566,0.8095444
1244_martinique-france,0.6508275,0.34917244
3568_rwanda-ceo,0.7879756,0.2120244
1916_rwanda-ceo,0.7879756,0.2120244
31315_geowiki-landcover-2017,0.1914298,0.8085702
18767_geowiki-landcover-2017,0.6488511,0.3511489
199_croplands,0.47313932,0.5268607
544_lem-brazil,0.7879727,0.21202734
2551_canada,0.48096105,0.519039
894_kenya-non-crop,0.78797555,0.21202445
1677_tanzania-ceo,0.78797567,0.21202429
22548_geowiki-landcover-2017,0.6488634,0.3511366
837_martinique-france,0.6508153,0.34918466
5918_ile-de-france,0.31053242,0.68946755
1147_mali-helmets-labelling-crops,0.3211834,0.6788166
856_canada,0.19045661,0.8095434
1680_kenya-non-crop,0.7879758,0.21202423
634_ethiopia,0.643634,0.35636598
202_lem-brazil,0.78797555,0.21202445
2828_rwanda-ceo,0.78797567,0.21202435
26746_geowiki-landcover-2017,0.4731399,0.5268601
2330_canada,0.32618904,0.67381096
255_croplands,0.473215,0.526785
477_geowiki-landcover-2017,0.78797525,0.21202475
3606_canada,0.31053215,0.68946785
9576_geowiki-landcover-2017,0.48099917,0.5190008
1462_croplands,0.3105308,0.6894692
109_lem-brazil,0.66000944,0.33999056
6067_croplands,0.6436241,0.35637593
5395_ile-de-france,0.19045392,0.8095461
638_ethiopia,0.78797483,0.21202515
761_croplands,0.48543987,0.51456016
522_croplands,0.31053227,0.68946767
5491_canada,0.19045378,0.80954623
1081_geowiki-landcover-2017,0.78797567,0.21202429
1480_rwanda-ceo,0.78797555,0.21202445
2587_reunion-france,0.7873601,0.2126399
1095_reunion-france,0.6436343,0.35636574
5344_ile-de-france,0.19045389,0.8095462
6693_geowiki-landcover-2017,0.32118377,0.6788162
15756_geowiki-landcover-2017,0.47314095,0.52685905
19749_geowiki-landcover-2017,0.64887065,0.35112935
17066_geowiki-landcover-2017,0.64363545,0.35636458
4723_croplands,0.643615,0.35638502
11299_geowiki-landcover-2017,0.6435986,0.3564014
29300_geowiki-landcover-2017,0.19060884,0.8093912
31385_geowiki-landcover-2017,0.3211827,0.6788173
681_martinique-france,0.6508273,0.3491727
25800_geowiki-landcover-2017,0.32618898,0.673811
30963_geowiki-landcover-2017,0.31053245,0.6894676
6578_canada,0.49115187,0.50884813
11716_geowiki-landcover-2017,0.49331212,0.5066879
31943_geowiki-landcover-2017,0.19045378,0.80954623
5880_croplands,0.4782269,0.5217731
3677_canada,0.31053388,0.6894662
32523_geowiki-landcover-2017,0.49115473,0.5088453
1369_canada,0.31053257,0.68946743
136_tanzania-rice-ecaas,0.48544186,0.51455814
10679_croplands,0.64363164,0.35636836
605_canada,0.3261914,0.6738086
9892_croplands,0.6436333,0.35636666
1408_central-asia,0.31053224,0.6894677
573_germany,0.19045374,0.80954623
2124_central-asia,0.32618943,0.67381054
23296_geowiki-landcover-2017,0.19045371,0.8095463
13957_geowiki-landcover-2017,0.78797585,0.21202418
2620_kenya-non-crop,0.78797585,0.21202418
1620_tanzania-ceo,0.6508274,0.3491726
2684_rwanda-ceo,0.78797567,0.21202435
6363_canada,0.48099896,0.51900107
118_ethiopia,0.47323394,0.5267661
4627_ile-de-france,0.19045389,0.8095462
21_reunion-france,0.78797495,0.21202502
636_rwanda-ceo,0.78797555,0.21202444
196_tanzania-ceo,0.78797555,0.21202445
1290_rwanda-ceo,0.78797525,0.21202478
2538_rwanda-ceo,0.7879754,0.21202455
2590_kenya-non-crop,0.78797555,0.21202444
1770_central-asia,0.19045496,0.80954504
10464_geowiki-landcover-2017,0.31930304,0.6806969
17579_geowiki-landcover-2017,0.31930256,0.6806975
956_germany,0.19045389,0.8095462
1103_germany,0.32618868,0.6738113
11920_geowiki-landcover-2017,0.6508269,0.34917307
22041_geowiki-landcover-2017,0.48100114,0.51899886
7699_canada,0.32619318,0.67380685
773_kenya-non-crop,0.7879756,0.2120244
2388_central-asia,0.32618946,0.6738105
3460_ile-de-france,0.1904539,0.8095461
34734_geowiki-landcover-2017,0.32618898,0.6738111
423_reunion-france,0.650828,0.34917203
788_ile-de-france,0.19045395,0.8095461
1702_germany,0.3105322,0.6894677
4368_canada,0.48092243,0.51907754
5383_ile-de-france,0.19045387,0.8095462
20021_geowiki-landcover-2017,0.32618886,0.6738111
931_ile-de-france,0.19045553,0.80954444
1492_germany,0.3261891,0.6738109
653_lem-brazil,0.485442,0.514558
732_togo,0.49331233,0.50668764
401_ethiopia,0.66000754,0.33999246
301_lem-brazil,0.7879711,0.21202894
30579_geowiki-landcover-2017,0.64886355,0.35113648
32171_geowiki-landcover-2017,0.31053302,0.68946695
33353_geowiki-landcover-2017,0.475297,0.524703
311_kenya,0.78797555,0.21202445
1113_martinique-france,0.6508276,0.34917235
2803_ile-de-france,0.19045389,0.8095462
5610_geowiki-landcover-2017,0.6435919,0.35640812
2677_geowiki-landcover-2017,0.493314,0.50668603
317_geowiki-landcover-2017,0.7879756,0.2120244
998_rwanda-ceo,0.78797287,0.21202712
142_lem-brazil,0.78797257,0.21202742
16885_geowiki-landcover-2017,0.643831,0.35616904
1906_kenya-non-crop,0.78797525,0.21202475
20662_geowiki-landcover-2017,0.6508276,0.34917235
797_lem-brazil,0.485441,0.514559
10803_geowiki-landcover-2017,0.65082574,0.34917426
3180_geowiki-landcover-2017,0.4933125,0.50668746
2448_reunion-france,0.78797555,0.21202445
5953_canada,0.32618877,0.6738112
35451_geowiki-landcover-2017,0.47314444,0.5268556
2610_ile-de-france,0.1904539,0.8095461
15758_geowiki-landcover-2017,0.4731397,0.5268603
2348_canada,0.48099902,0.51900095
11056_croplands,0.7879686,0.21203144
638_togo,0.6508271,0.34917292
5086_ile-de-france,0.19045389,0.8095462
3066_geowiki-landcover-2017,0.32118276,0.6788173
124_martinique-france,0.65082747,0.34917247
343_tanzania,0.7879749,0.21202512
3835_canada,0.19045378,0.80954623
30352_geowiki-landcover-2017,0.19045499,0.809545
6068_geowiki-landcover-2017,0.65082765,0.34917235
18382_geowiki-landcover-2017,0.47313935,0.52686065
1277_geowiki-landcover-2017,0.7879719,0.2120281
20141_geowiki-landcover-2017,0.32618842,0.6738116
637_lem-brazil,0.7879756,0.2120244
2145_reunion-france,0.6508281,0.34917185
708_geowiki-landcover-2017,0.7879646,0.21203539
2193_ile-de-france,0.32618952,0.6738105
1074_kenya-non-crop,0.78797585,0.21202418
18527_geowiki-landcover-2017,0.31930298,0.680697
6588_geowiki-landcover-2017,0.48099938,0.5190006
560_rwanda-ceo,0.787974,0.21202599
33466_geowiki-landcover-2017,0.48099864,0.5190013
1159_central-asia,0.19045392,0.8095461
3816_central-asia,0.1904552,0.80954474
1136_martinique-france,0.6508276,0.3491724
1870_ile-de-france,0.19045389,0.8095462
33715_geowiki-landcover-2017,0.19046034,0.8095397
1221_canada,0.31054196,0.689458
8795_geowiki-landcover-2017,0.49115327,0.5088467
4493_canada,0.19045399,0.809546
980_ile-de-france,0.48099855,0.5190014
1618_central-asia,0.32618162,0.6738184
1413_martinique-france,0.6508278,0.3491722
13727_croplands,0.3211829,0.67881703
1099_geowiki-landcover-2017,0.6600088,0.3399912
19_central-asia,0.19045503,0.809545
14154_croplands,0.64362425,0.35637578
2009_canada,0.32618922,0.6738107
1059_central-asia,0.19045395,0.809546
2903_ile-de-france,0.32618225,0.67381775
1167_germany,0.32619083,0.6738092
35_tanzania-ceo,0.47529423,0.5247057
729_lem-brazil,0.787974,0.21202599
20156_geowiki-landcover-2017,0.4731391,0.5268609
7360_canada,0.4809951,0.51900494
296_tanzania-ceo,0.7879755,0.21202451
27145_geowiki-landcover-2017,0.5572547,0.44274533
1134_canada,0.32618946,0.6738105
1752_germany,0.32618886,0.6738111
393_germany,0.19045392,0.8095461
922_tanzania-ceo,0.78797555,0.21202445
3219_ile-de-france,0.19045392,0.8095461
11561_croplands,0.47529304,0.52470696
10614_croplands,0.4854401,0.51455986
998_central-asia,0.19049428,0.8095057
3429_ile-de-france,0.3258419,0.67415804
20225_geowiki-landcover-2017,0.3105365,0.6894635
2671_central-asia,0.19046612,0.8095339
2264_geowiki-landcover-2017,0.3211827,0.6788173
13583_croplands,0.47529605,0.524704
1791_canada,0.31053245,0.6894676
2563_rwanda-ceo,0.7879756,0.2120244
7735_geowiki-landcover-2017,0.6488626,0.3511374
3046_ile-de-france,0.19045404,0.809546
7938_canada,0.3105322,0.6894677
6207_geowiki-landcover-2017,0.47314024,0.52685976
2845_central-asia,0.19045854,0.80954146
4740_geowiki-landcover-2017,0.7879756,0.2120244
2089_central-asia,0.19045529,0.8095447
2354_germany,0.1904541,0.8095459
1369_rwanda-ceo,0.78797555,0.21202444
682_kenya-non-crop,0.78797555,0.21202444
530_canada,0.31053388,0.6894661
3814_canada,0.19045386,0.8095462
1797_rwanda-ceo,0.6600129,0.33998707
1299_ile-de-france,0.19045392,0.8095461
3122_ile-de-france,0.31052995,0.68947
127_sudan,0.6436336,0.35636643
4613_croplands,0.64363295,0.35636705
26504_geowiki-landcover-2017,0.32619008,0.6738099
5004_ile-de-france,0.19045398,0.809546
2780_ile-de-france,0.19045392,0.8095461
3937_canada,0.48096249,0.51903754
4638_central-asia,0.31053355,0.6894664
2254_tanzania-ceo,0.7879626,0.21203738
279_mali-helmets-labelling-crops,0.32118246,0.6788176
5371_canada,0.32619038,0.67380965
429_central-asia,0.19045545,0.8095445
437_geowiki-landcover-2017,0.6600131,0.33998692
4309_central-asia,0.4731373,0.52686274
5069_ile-de-france,0.19045395,0.8095461
264_tanzania-rice-ecaas,0.6436241,0.35637593
2045_reunion-france,0.65083027,0.34916973
2455_germany,0.19045511,0.8095449
77_martinique-france,0.65082467,0.34917533
15151_geowiki-landcover-2017,0.49331307,0.5066869
140_rwanda-ceo,0.7879758,0.21202421
14495_geowiki-landcover-2017,0.31930304,0.68069696
22226_geowiki-landcover-2017,0.4911551,0.50884485
1196_tanzania-ceo,0.48547184,0.51452816
188_canada,0.48099965,0.51900035
1260_ile-de-france,0.19045404,0.80954593
13590_geowiki-landcover-2017,0.7879754,0.21202463
1915_rwanda-ceo,0.7879755,0.21202455
17854_geowiki-landcover-2017,0.32619017,0.6738099
2149_croplands,0.47529188,0.52470815
2300_germany,0.48099557,0.51900446
5332_geowiki-landcover-2017,0.4809989,0.5190011
1075_central-asia,0.19045524,0.80954474
7294_geowiki-landcover-2017,0.31053236,0.68946767
31767_geowiki-landcover-2017,0.1904538,0.80954623
22827_geowiki-landcover-2017,0.3262024,0.67379755
507_central-asia,0.32238168,0.6776183
833_martinique-france,0.6508275,0.34917244
318_kenya-non-crop,0.78797567,0.2120243
27080_geowiki-landcover-2017,0.65082735,0.34917265
5022_canada,0.19045378,0.80954623
11995_geowiki-landcover-2017,0.49331215,0.5066878
1162_togo,0.49331233,0.5066877
20473_geowiki-landcover-2017,0.6488626,0.3511374
58_canada,0.48099816,0.51900184
4961_canada,0.31053233,0.68946767
211_tanzania,0.64361066,0.35638934
14746_geowiki-landcover-2017,0.78797525,0.2120248
19471_geowiki-landcover-2017,0.65082586,0.34917417
10881_geowiki-landcover-2017,0.64363027,0.35636973
3852_ile-de-france,0.32618895,0.6738111
1000_mali-helmets-labelling-crops,0.32118288,0.6788171
8101_geowiki-landcover-2017,0.65082806,0.34917194
4746_ile-de-france,0.19045392,0.8095461
663_rwanda-ceo,0.7879758,0.21202426
16992_geowiki-landcover-2017,0.6508275,0.34917244
572_geowiki-landcover-2017,0.66001993,0.33998
3022_ile-de-france,0.19045392,0.8095461
1330_reunion-france,0.6513339,0.34866607
5694_geowiki-landcover-2017,0.7879668,0.21203314
2079_tanzania-ceo,0.48544043,0.51455957
3040_ile-de-france,0.19045395,0.8095461
1561_canada,0.3105324,0.68946767
3968_central-asia,0.4809992,0.5190008
4341_croplands,0.47529188,0.52470815
18183_geowiki-landcover-2017,0.6508274,0.3491726
3293_central-asia,0.19045389,0.8095462
183_tanzania-rice-ecaas,0.6436257,0.3563743
10078_geowiki-landcover-2017,0.65082735,0.34917265
6942_canada,0.4809988,0.5190012
351_reunion-france,0.65083385,0.34916618
10673_croplands,0.6436342,0.3563658
283_reunion-france,0.6508274,0.34917265
26535_geowiki-landcover-2017,0.48099962,0.5190004
253_tanzania,0.7879756,0.2120244
3125_geowiki-landcover-2017,0.6506199,0.34938008
1711_kenya-non-crop,0.7879758,0.21202423
5746_canada,0.3261876,0.6738123
1819_reunion-france,0.7879752,0.21202482
268_geowiki-landcover-2017,0.78797424,0.21202584
25855_geowiki-landcover-2017,0.3261892,0.67381084
6976_canada,0.48099902,0.51900095
10909_geowiki-landcover-2017,0.6508278,0.34917217
7360_geowiki-landcover-2017,0.47526026,0.52473974
21032_geowiki-landcover-2017,0.48099896,0.51900107
26609_geowiki-landcover-2017,0.6488628,0.35113728
16641_geowiki-landcover-2017,0.65083146,0.34916857
28368_geowiki-landcover-2017,0.4810276,0.51897234
16660_geowiki-landcover-2017,0.4754615,0.5245385
1689_martinique-france,0.6508276,0.34917244
536_central-asia,0.22570594,0.774294
1046_martinique-france,0.6508275,0.34917244
2679_geowiki-landcover-2017,0.7879133,0.21208668
4260_geowiki-landcover-2017,0.49330506,0.506695
14429_geowiki-landcover-2017,0.6488637,0.3511364
1810_germany,0.1904539,0.8095461
30713_geowiki-landcover-2017,0.6508282,0.34917176
973_togo,0.78797495,0.212025
1980_geowiki-landcover-2017,0.6508262,0.34917375
20253_geowiki-landcover-2017,0.31930333,0.6806967
16414_geowiki-landcover-2017,0.65082747,0.34917253
116_central-asia,0.19046304,0.80953693
1708_reunion-france,0.6508275,0.34917244
19278_geowiki-landcover-2017,0.3105321,0.6894679
15336_geowiki-landcover-2017,0.6508278,0.34917223
28968_geowiki-landcover-2017,0.6433913,0.3566087
35462_geowiki-landcover-2017,0.32618922,0.6738108
6131_ile-de-france,0.19045392,0.8095461
1714_ile-de-france,0.19045387,0.8095462
803_central-asia,0.19045514,0.8095449
2051_geowiki-landcover-2017,0.6508278,0.34917217
4153_ile-de-france,0.32617164,0.67382836
24607_geowiki-landcover-2017,0.6488607,0.3511393
6391_canada,0.48099855,0.5190014
4372_ile-de-france,0.19046263,0.80953735
3887_canada,0.19045378,0.80954623
476_canada,0.48099983,0.5190002
1577_reunion-france,0.6508276,0.3491724
3390_canada,0.48099867,0.5190013
4888_ile-de-france,0.3261884,0.6738117
636_mali-helmets-labelling-crops,0.32119507,0.67880493
2419_rwanda-ceo,0.7879755,0.21202451
16865_geowiki-landcover-2017,0.6508275,0.34917244
10066_croplands,0.64363486,0.35636508
5719_canada,0.4752915,0.5247085
3987_canada,0.32618925,0.6738107
1503_croplands,0.48099908,0.51900095
7049_canada,0.31053716,0.6894629
4780_central-asia,0.19045381,0.8095462
4093_canada,0.31053185,0.68946815
651_ile-de-france,0.19045404,0.809546
922_central-asia,0.32621142,0.67378855
21260_geowiki-landcover-2017,0.64886343,0.3511366
12654_geowiki-landcover-2017,0.31053233,0.68946767
7344_geowiki-landcover-2017,0.19045833,0.80954164
5744_geowiki-landcover-2017,0.6508178,0.3491822
2518_ile-de-france,0.31053105,0.6894689
1788_geowiki-landcover-2017,0.7879734,0.21202663
1083_central-asia,0.19045399,0.809546
4831_canada,0.3105323,0.68946767
7119_canada,0.31053337,0.6894666
1108_reunion-france,0.7879756,0.2120244
20384_geowiki-landcover-2017,0.64862776,0.3513723
1863_canada,0.19045416,0.8095459
10206_croplands,0.78796846,0.2120316
1881_tanzania-ceo,0.78797483,0.21202515
62_tanzania-ceo,0.66000915,0.33999088
647_germany,0.32618913,0.67381084
8868_croplands,0.6508289,0.34917104
6862_croplands,0.6436339,0.35636616
3763_central-asia,0.19045447,0.8095455
2602_kenya-non-crop,0.7879759,0.21202411
4189_ile-de-france,0.3262087,0.6737913
955_canada,0.19045426,0.80954576
1444_ile-de-france,0.19045392,0.8095461
641_tanzania-rice-ecaas,0.485441,0.51455903
13199_geowiki-landcover-2017,0.78797555,0.21202445
30960_geowiki-landcover-2017,0.4809989,0.5190011
5691_ile-de-france,0.19045392,0.8095461
24642_geowiki-landcover-2017,0.64886355,0.35113645
213_lem-brazil,0.7876767,0.21232328
493_tanzania-rice-ecaas,0.7879751,0.21202485
5597_canada,0.47529182,0.52470815
986_geowiki-landcover-2017,0.78797555,0.2120245
1228_canada,0.19045424,0.80954576
6137_geowiki-landcover-2017,0.4810142,0.51898587
7606_canada,0.19045378,0.80954623
26894_geowiki-landcover-2017,0.19061936,0.80938065
1194_geowiki-landcover-2017,0.6600107,0.33998924
791_tanzania-ceo,0.7879754,0.21202463
21095_geowiki-landcover-2017,0.32620227,0.6737977
844_rwanda-ceo,0.78797567,0.21202435
22142_geowiki-landcover-2017,0.4731376,0.52686244
1721_kenya-non-crop,0.7879697,0.21203028
28413_geowiki-landcover-2017,0.65077806,0.34922194
5694_ile-de-france,0.19045463,0.8095454
5407_canada,0.19045559,0.80954444
10173_geowiki-landcover-2017,0.6488598,0.3511402
1776_central-asia,0.19045682,0.8095432
87_reunion-france,0.66000885,0.33999115
780_germany,0.32619014,0.6738099
5374_canada,0.32619292,0.6738071
2923_rwanda-ceo,0.7879758,0.21202423
33850_geowiki-landcover-2017,0.31053177,0.68946826
43_mali-helmets-labelling-crops,0.47529104,0.5247089
311_germany,0.32618794,0.67381203
1692_geowiki-landcover-2017,0.78796905,0.21203092
3984_ile-de-france,0.31053486,0.68946517
26669_geowiki-landcover-2017,0.4809993,0.51900077
139_tanzania-rice-ecaas,0.6436334,0.35636663
1407_central-asia,0.19045404,0.809546
6116_canada,0.3261892,0.6738108
15728_geowiki-landcover-2017,0.6508274,0.3491726
8374_geowiki-landcover-2017,0.6508273,0.34917274
3674_central-asia,0.31053254,0.6894675
1429_kenya-non-crop,0.78797567,0.21202435
22549_geowiki-landcover-2017,0.650827,0.34917304
5307_canada,0.32618853,0.6738115
5550_ile-de-france,0.48099846,0.51900154
701_canada,0.31053188,0.6894681
2098_canada,0.32618836,0.6738117
296_tanzania,0.64363444,0.35636556
29471_geowiki-landcover-2017,0.650826,0.349174
9327_geowiki-landcover-2017,0.48544568,0.5145543
97_tanzania-ceo,0.78797567,0.2120243
31581_geowiki-landcover-2017,0.48099884,0.5190012
1834_kenya-non-crop,0.78797567,0.21202426
4710_central-asia,0.3105324,0.68946767
132_tanzania-ceo,0.78795666,0.21204333
28381_geowiki-landcover-2017,0.6508274,0.3491726
2563_kenya-non-crop,0.78797555,0.21202444
4660_ile-de-france,0.31053948,0.6894605
1389_ile-de-france,0.4809974,0.51900256
238_togo,0.4752922,0.52470785
178_germany,0.1904538,0.80954623
2598_reunion-france,0.6508275,0.34917244
33442_geowiki-landcover-2017,0.4809959,0.5190041
1678_martinique-france,0.6508278,0.34917217
21744_geowiki-landcover-2017,0.64886343,0.3511366
1887_martinique-france,0.65082747,0.34917253
7902_canada,0.32619298,0.673807
6263_canada,0.19045387,0.8095462
28891_geowiki-landcover-2017,0.48543993,0.5145601
19380_geowiki-landcover-2017,0.4731546,0.5268454
494_lem-brazil,0.7879754,0.21202463
17158_geowiki-landcover-2017,0.31053203,0.68946797
34105_geowiki-landcover-2017,0.3261893,0.6738107
5091_canada,0.19045466,0.8095453
1274_tanzania-ceo,0.7879752,0.21202482
3478_central-asia,0.3105324,0.68946767
218_togo,0.47529155,0.5247085
10764_croplands,0.6600173,0.3399827
941_central-asia,0.19061063,0.8093893
7679_canada,0.3261897,0.6738103
9756_geowiki-landcover-2017,0.48544326,0.51455677
33971_geowiki-landcover-2017,0.3105285,0.6894715
12825_croplands,0.65082765,0.34917235
5378_canada,0.19045717,0.8095429
1266_ile-de-france,0.19045426,0.80954576
1327_reunion-france,0.78797555,0.21202444
4298_croplands,0.47529376,0.52470624
135_kenya-non-crop,0.7879752,0.21202485
28605_geowiki-landcover-2017,0.6508267,0.3491733
722_martinique-france,0.6508272,0.34917277
5188_central-asia,0.31053203,0.68946797
1474_central-asia,0.31053218,0.68946785
16782_geowiki-landcover-2017,0.6508523,0.3491477
1304_central-asia,0.19045399,0.809546
833_togo,0.49331227,0.5066877
691_togo,0.49331257,0.50668746
2872_geowiki-landcover-2017,0.3211934,0.6788066
319_kenya-non-crop,0.64363456,0.35636544
4399_ile-de-france,0.19045392,0.8095461
6703_croplands,0.66001135,0.33998862
2113_canada,0.19045466,0.8095454
6051_canada,0.31053227,0.6894677
427_central-asia,0.19045483,0.80954516
15546_geowiki-landcover-2017,0.326189,0.67381096
28827_geowiki-landcover-2017,0.32118255,0.67881745
1945_geowiki-landcover-2017,0.6508282,0.3491718
1655_martinique-france,0.6508276,0.3491724
5060_ile-de-france,0.19045414,0.8095459
1876_canada,0.3261883,0.6738117
1095_tanzania-ceo,0.7879754,0.21202455
1089_germany,0.32618782,0.6738122
1896_central-asia,0.19045399,0.809546
32644_geowiki-landcover-2017,0.4809989,0.5190011
12876_croplands,0.7879735,0.21202648
914_canada,0.3105284,0.6894716
466_ethiopia,0.48543972,0.5145603
14325_geowiki-landcover-2017,0.4809937,0.5190063
892_geowiki-landcover-2017,0.6436345,0.35636556
1425_mali-helmets-labelling-crops,0.49331316,0.50668687
22692_geowiki-landcover-2017,0.47305915,0.5269409
504_tanzania-rice-ecaas,0.78797483,0.21202517
647_martinique-france,0.6508274,0.34917256
3651_central-asia,0.19045404,0.80954593
3033_central-asia,0.19046037,0.8095396
1757_rwanda-ceo,0.64363605,0.3563639
182_tanzania,0.7879753,0.21202467
13733_croplands,0.4752922,0.5247078
11411_geowiki-landcover-2017,0.6508298,0.34917024
1681_martinique-france,0.6508276,0.34917244
4260_ile-de-france,0.31052983,0.6894701
1454_ile-de-france,0.19045389,0.8095462
2480_ile-de-france,0.19045392,0.8095461
2100_geowiki-landcover-2017,0.6508275,0.34917244
4335_geowiki-landcover-2017,0.48099908,0.51900095
231_martinique-france,0.6508274,0.3491726
48_germany,0.3261891,0.6738109
982_ile-de-france,0.48094085,0.5190592
30737_geowiki-landcover-2017,0.19045395,0.809546
803_germany,0.31053185,0.6894681
34806_geowiki-landcover-2017,0.19045514,0.8095449
862_reunion-france,0.7879753,0.21202467
232_germany,0.326189,0.67381096
21646_geowiki-landcover-2017,0.48099902,0.519001
4199_geowiki-landcover-2017,0.65082747,0.34917247
19911_geowiki-landcover-2017,0.48100019,0.51899976
3506_central-asia,0.19045392,0.8095461
435_central-asia,0.1904565,0.8095435
316_germany,0.32635993,0.6736401
13181_geowiki-landcover-2017,0.49331257,0.50668746
824_germany,0.19045374,0.80954623
21761_geowiki-landcover-2017,0.78797555,0.21202445
23568_geowiki-landcover-2017,0.6488637,0.3511364
973_mali-helmets-labelling-crops,0.3211856,0.6788144
14957_croplands,0.47313982,0.5268602
6679_canada,0.19045582,0.80954415
3972_central-asia,0.31053248,0.68946755
250_reunion-france,0.76754594,0.23245406
603_lem-brazil,0.6600813,0.3399187
4203_ile-de-france,0.32619885,0.6738011
23334_geowiki-landcover-2017,0.47313982,0.5268602
6090_canada,0.4752918,0.5247082
971_togo,0.65082747,0.34917253
468_ethiopia,0.65998715,0.34001288
5434_geowiki-landcover-2017,0.49115592,0.5088441
985_ile-de-france,0.48099613,0.51900387
6061_canada,0.31053224,0.6894677
22610_geowiki-landcover-2017,0.65082747,0.34917247
13694_geowiki-landcover-2017,0.6600088,0.3399912
33937_geowiki-landcover-2017,0.65082747,0.34917256
34006_geowiki-landcover-2017,0.49115273,0.50884724
2058_canada,0.31053266,0.6894673
971_canada,0.19045919,0.80954087
6524_canada,0.19045378,0.80954623
33248_geowiki-landcover-2017,0.32623363,0.6737664
1711_germany,0.31053188,0.6894681
1983_reunion-france,0.7879756,0.2120244
375_germany,0.19045378,0.80954623
8970_croplands,0.6508274,0.3491726
11666_geowiki-landcover-2017,0.47313973,0.52686024
31996_geowiki-landcover-2017,0.32618862,0.6738114
313_germany,0.3261891,0.67381096
33637_geowiki-landcover-2017,0.65082145,0.34917852
1424_croplands,0.190458,0.809542
1023_martinique-france,0.6508274,0.34917256
7987_geowiki-landcover-2017,0.4809993,0.51900077
1945_germany,0.31053218,0.68946785
32438_geowiki-landcover-2017,0.49115455,0.5088455
4245_ile-de-france,0.19045395,0.8095461
7645_canada,0.32618847,0.67381155
10657_croplands,0.6436345,0.35636547
1688_kenya-non-crop,0.78797567,0.21202429
26871_geowiki-landcover-2017,0.19045407,0.80954593
499_central-asia,0.1904594,0.8095406
1872_martinique-france,0.65082705,0.34917295
11427_geowiki-landcover-2017,0.6488634,0.35113668
18000_geowiki-landcover-2017,0.64886355,0.35113645
1058_martinique-france,0.6508275,0.34917244
10435_geowiki-landcover-2017,0.493312,0.506688
2704_geowiki-landcover-2017,0.32118317,0.67881685
218_kenya,0.78797567,0.21202433
28388_geowiki-landcover-2017,0.6508277,0.3491723
184_mali-helmets-labelling-crops,0.47529083,0.52470917
34625_geowiki-landcover-2017,0.3105324,0.68946767
6776_canada,0.48095,0.51905
2648_rwanda-ceo,0.7879755,0.21202455
27656_geowiki-landcover-2017,0.31053218,0.6894678
5426_geowiki-landcover-2017,0.64886355,0.35113648
2646_geowiki-landcover-2017,0.3212316,0.6787684
20969_geowiki-landcover-2017,0.49115345,0.5088465
2236_reunion-france,0.78789055,0.21210945
28015_geowiki-landcover-2017,0.4911518,0.50884813
2599_ile-de-france,0.1904539,0.8095461
1214_geowiki-landcover-2017,0.7879752,0.21202482
1237_togo,0.32118237,0.67881763
3251_canada,0.3261898,0.6738102
898_canada,0.19045395,0.809546
515_togo,0.3211821,0.67881787
1607_reunion-france,0.6508282,0.34917185
690_togo,0.32118216,0.6788178
15642_geowiki-landcover-2017,0.648863,0.35113698
3314_canada,0.32118517,0.6788148
34818_geowiki-landcover-2017,0.48099852,0.5190015
1828_rwanda-ceo,0.78797555,0.21202444
3027_rwanda-ceo,0.7879758,0.21202426
740_croplands,0.47528842,0.52471155
26849_geowiki-landcover-2017,0.32620984,0.67379016
2660_geowiki-landcover-2017,0.6508277,0.3491723
35241_geowiki-landcover-2017,0.47529155,0.52470845
4596_croplands,0.6436311,0.3563689
1265_mali-helmets-labelling-crops,0.32118246,0.6788176
2269_reunion-france,0.78797525,0.2120248
1783_rwanda-ceo,0.78797567,0.21202435
4576_central-asia,0.31929174,0.6807082
829_kenya-non-crop,0.78797567,0.21202429
2170_martinique-france,0.6508276,0.34917244
2584_rwanda-ceo,0.78797555,0.21202445
1548_kenya-non-crop,0.6508275,0.34917244
8853_geowiki-landcover-2017,0.32619125,0.67380875
30372_geowiki-landcover-2017,0.48099867,0.5190013
2735_rwanda-ceo,0.78797567,0.21202426
3998_ile-de-france,0.19045404,0.80954593
1595_canada,0.19045392,0.8095461
25701_geowiki-landcover-2017,0.48099855,0.5190014
27822_geowiki-landcover-2017,0.49115476,0.50884527
2891_rwanda-ceo,0.7879755,0.21202451
13468_geowiki-landcover-2017,0.7879747,0.21202524
4916_central-asia,0.19045407,0.80954593
613_ethiopia,0.78797525,0.2120247
17200_geowiki-landcover-2017,0.6508278,0.34917217
24580_geowiki-landcover-2017,0.31053647,0.68946356
28_ethiopia,0.4734998,0.5265002
7738_canada,0.6508271,0.34917295
7146_geowiki-landcover-2017,0.3261891,0.6738109
1002_tanzania-ceo,0.78797555,0.21202444
4230_geowiki-landcover-2017,0.49115518,0.5088448
2853_central-asia,0.19045947,0.8095405
22113_geowiki-landcover-2017,0.6488634,0.3511366
328_togo,0.6508215,0.34917846
577_croplands,0.31053254,0.6894675
276_kenya,0.78797555,0.21202445
6798_croplands,0.78797483,0.21202515
792_germany,0.19045378,0.80954623
2228_canada,0.19045389,0.8095462
24422_geowiki-landcover-2017,0.47313967,0.52686036
1220_tanzania-ceo,0.78797525,0.2120247
797_reunion-france,0.7879754,0.21202463
30074_geowiki-landcover-2017,0.47529227,0.52470773
2061_ile-de-france,0.48099875,0.51900125
623_mali-helmets-labelling-crops,0.32118222,0.67881775
2286_kenya-non-crop,0.78797466,0.21202539
26996_geowiki-landcover-2017,0.47529158,0.52470845
5669_ile-de-france,0.48099875,0.51900125
1128_geowiki-landcover-2017,0.6600129,0.33998716
1472_tanzania-ceo,0.64363605,0.35636398
3770_ile-de-france,0.19045426,0.80954576
10710_croplands,0.787974,0.21202603
4905_geowiki-landcover-2017,0.66000926,0.3399908
3894_canada,0.32618853,0.67381144
28981_geowiki-landcover-2017,0.32118717,0.67881286
14932_geowiki-landcover-2017,0.6435946,0.35640538
3080_rwanda-ceo,0.7879758,0.21202421
13247_geowiki-landcover-2017,0.7879754,0.21202463
136_rwanda-ceo,0.78797567,0.21202426
1623_tanzania-ceo,0.7879717,0.21202832
25367_geowiki-landcover-2017,0.6488634,0.35113668
24287_geowiki-landcover-2017,0.48099896,0.51900107
355_canada,0.32618913,0.67381084
4307_ile-de-france,0.19045392,0.8095461
1829_ile-de-france,0.48096433,0.5190357
1233_canada,0.3105278,0.6894722
1690_martinique-france,0.6508275,0.34917244
18511_geowiki-landcover-2017,0.6488642,0.3511358
1634_rwanda-ceo,0.78797567,0.21202435
1126_canada,0.31053486,0.68946517
33986_geowiki-landcover-2017,0.19045481,0.80954516
17539_geowiki-landcover-2017,0.6508276,0.34917235
29082_geowiki-landcover-2017,0.49331152,0.5066885
1102_tanzania-ceo,0.7879753,0.21202467
5615_canada,0.19045374,0.80954623
1615_martinique-france,0.6508278,0.34917217
1763_rwanda-ceo,0.7879758,0.21202426
9928_croplands,0.7879752,0.21202482
392_lem-brazil,0.66051847,0.3394815
1457_central-asia,0.19045389,0.8095462
5032_central-asia,0.19045374,0.80954623
507_tanzania-rice-ecaas,0.48546907,0.5145309
6901_croplands,0.6436334,0.35636663
188_uganda,0.4854507,0.5145493
1436_mali-helmets-labelling-crops,0.650841,0.34915903
34430_geowiki-landcover-2017,0.3261892,0.6738108
31669_geowiki-landcover-2017,0.47314432,0.5268557
26090_geowiki-landcover-2017,0.7879752,0.21202481
334_rwanda-ceo,0.6600034,0.33999652
24535_geowiki-landcover-2017,0.48099872,0.51900125
12439_croplands,0.65082747,0.34917247
20215_geowiki-landcover-2017,0.49115497,0.508845
696_mali-helmets-labelling-crops,0.4933129,0.5066871
271_ethiopia,0.47314942,0.5268505
1395_tanzania-ceo,0.78797567,0.2120243
13983_croplands,0.4854418,0.5145582
1115_central-asia,0.19045404,0.809546
3106_canada,0.19045657,0.80954343
29684_geowiki-landcover-2017,0.32617408,0.6738259
15093_geowiki-landcover-2017,0.6508278,0.34917217
2722_ile-de-france,0.48072344,0.5192765
24501_geowiki-landcover-2017,0.32618877,0.6738112
600_ethiopia,0.7879756,0.21202436
26479_geowiki-landcover-2017,0.64886314,0.35113683
116_kenya,0.78797525,0.21202478
1277_central-asia,0.19046089,0.80953914
4098_geowiki-landcover-2017,0.19045664,0.8095434
13565_croplands,0.47529227,0.5247078
7693_canada,0.32618755,0.67381245
3392_canada,0.48099917,0.5190008
7782_canada,0.65082735,0.34917265
500_mali-helmets-labelling-crops,0.3211824,0.67881763
4741_ile-de-france,0.31073317,0.68926686
957_rwanda-ceo,0.78797436,0.21202566
26338_geowiki-landcover-2017,0.65082747,0.34917253
299_central-asia,0.19045481,0.80954516
828_reunion-france,0.7879754,0.21202463
2192_rwanda-ceo,0.78797567,0.21202433
1817_martinique-france,0.6508275,0.34917244
3503_rwanda-ceo,0.78797555,0.2120245
18032_geowiki-landcover-2017,0.48095578,0.5190442
207_lem-brazil,0.66001517,0.33998483
13752_geowiki-landcover-2017,0.64363456,0.35636544
6251_canada,0.19045411,0.8095459
9025_croplands,0.47529212,0.5247079
13335_geowiki-landcover-2017,0.7868906,0.21310943
29679_geowiki-landcover-2017,0.3105279,0.68947214
2275_central-asia,0.19045436,0.80954564
43_ethiopia,0.6436294,0.3563706
2416_geowiki-landcover-2017,0.6508279,0.34917206
100_mali-non-crop,0.4738158,0.52618426
4461_ile-de-france,0.1904542,0.80954576
173_rwanda-ceo,0.78797346,0.2120265
1566_rwanda-ceo,0.78797567,0.2120243
33391_geowiki-landcover-2017,0.48099917,0.5190008
29708_geowiki-landcover-2017,0.19045372,0.8095463
956_ile-de-france,0.32619435,0.67380565
1877_rwanda-ceo,0.78797525,0.21202475
17951_geowiki-landcover-2017,0.6508274,0.3491726
27495_geowiki-landcover-2017,0.6508279,0.34917215
2927_rwanda-ceo,0.78797567,0.21202435
552_kenya-non-crop,0.78797555,0.21202444
19942_geowiki-landcover-2017,0.31054005,0.6894599
231_tanzania-ceo,0.6600097,0.33999038
2220_canada,0.1904542,0.80954576
1744_ile-de-france,0.19045386,0.8095462
1201_germany,0.19045381,0.8095462
25347_geowiki-landcover-2017,0.32629746,0.6737025
713_geowiki-landcover-2017,0.78797466,0.21202539
28287_geowiki-landcover-2017,0.49329418,0.5067058
29763_geowiki-landcover-2017,0.48099846,0.51900154
875_germany,0.47962797,0.52037203
12509_geowiki-landcover-2017,0.6488622,0.3511378
3119_geowiki-landcover-2017,0.47529572,0.5247043
2264_ile-de-france,0.19045386,0.8095462
1711_central-asia,0.19045399,0.809546
1880_geowiki-landcover-2017,0.49331233,0.50668764
5029_geowiki-landcover-2017,0.78797555,0.21202444
1264_germany,0.32618913,0.67381084
20266_geowiki-landcover-2017,0.4911551,0.50884485
11824_geowiki-landcover-2017,0.78797585,0.21202418
792_geowiki-landcover-2017,0.6338042,0.36619577
3843_croplands,0.49331295,0.50668705
654_central-asia,0.19045462,0.8095454
675_canada,0.32619002,0.67380995
858_canada,0.4809973,0.5190027
3059_geowiki-landcover-2017,0.6508277,0.3491723
12556_croplands,0.65082717,0.34917286
16840_geowiki-landcover-2017,0.7879664,0.21203358
5347_geowiki-landcover-2017,0.3261849,0.67381513
346_tanzania-rice-ecaas,0.48550305,0.514497
26474_geowiki-landcover-2017,0.48100084,0.51899916
6869_canada,0.32118213,0.67881787
71_tanzania,0.7879754,0.21202458
5543_canada,0.19045374,0.80954623
687_geowiki-landcover-2017,0.48543984,0.51456016
16575_geowiki-landcover-2017,0.47529137,0.5247086
35546_geowiki-landcover-2017,0.3261897,0.6738103
145_sudan,0.78796905,0.21203102
2007_reunion-france,0.78797555,0.21202445
794_germany,0.31053153,0.68946844
4494_canada,0.19045529,0.8095447
29293_geowiki-landcover-2017,0.32618925,0.6738107
26_martinique-france,0.650828,0.34917197
34719_geowiki-landcover-2017,0.31053218,0.68946785
14347_geowiki-landcover-2017,0.49331263,0.5066874
6174_ile-de-france,0.32618997,0.67381006
4326_central-asia,0.31930026,0.6806997
234_togo,0.321183,0.678817
764_kenya-non-crop,0.78777975,0.2122203
24_mali,0.4752899,0.5247101
2943_central-asia,0.1904548,0.8095452
33520_geowiki-landcover-2017,0.78797454,0.2120255
4057_canada,0.32618904,0.67381096
22085_geowiki-landcover-2017,0.47313884,0.52686113
23540_geowiki-landcover-2017,0.19045511,0.8095449
31872_geowiki-landcover-2017,0.48099917,0.5190008
1074_rwanda-ceo,0.78797567,0.2120243
161_uganda,0.660009,0.33999094
34412_geowiki-landcover-2017,0.48099735,0.5190026
2441_geowiki-landcover-2017,0.6508278,0.34917223
192_ile-de-france,0.19045389,0.8095462
6047_geowiki-landcover-2017,0.3262087,0.6737912
1581_central-asia,0.1904542,0.80954576
5114_central-asia,0.47313493,0.52686507
31658_geowiki-landcover-2017,0.65082616,0.34917384
5381_ile-de-france,0.19045404,0.809546
1420_ile-de-france,0.3105314,0.6894686
3349_ile-de-france,0.31053206,0.6894679
3071_ile-de-france,0.48099294,0.519007
1465_kenya-non-crop,0.78796786,0.2120322
547_reunion-france,0.6436392,0.35636073
2456_ile-de-france,0.19045389,0.8095462
2852_rwanda-ceo,0.7879749,0.21202512
2537_central-asia,0.1904545,0.8095455
1144_ile-de-france,0.4809991,0.5190009
240_tanzania,0.7879751,0.21202494
772_martinique-france,0.65082747,0.34917253
2946_croplands,0.7879746,0.21202543
1192_ile-de-france,0.3261893,0.67381066
2604_reunion-france,0.7879701,0.21202983
33395_geowiki-landcover-2017,0.49334878,0.5066512
1229_tanzania-ceo,0.6508275,0.34917244
148_canada,0.3261938,0.6738062
2712_canada,0.3105325,0.68946755
507_croplands,0.47529134,0.5247087
19067_geowiki-landcover-2017,0.32051295,0.67948705
25155_geowiki-landcover-2017,0.65082735,0.34917265
3290_ile-de-france,0.19045381,0.8095462
24674_geowiki-landcover-2017,0.19045371,0.8095463
1156_germany,0.3261891,0.6738109
15970_geowiki-landcover-2017,0.64886343,0.3511365
2993_central-asia,0.19047016,0.80952984
3206_rwanda-ceo,0.6600243,0.33997566
11640_croplands,0.6508255,0.3491745
3824_ile-de-france,0.19045594,0.809544
4951_geowiki-landcover-2017,0.7879753,0.21202467
8130_geowiki-landcover-2017,0.32618952,0.6738105
2495_kenya-non-crop,0.65082514,0.34917486
5364_geowiki-landcover-2017,0.4731395,0.5268605
320_ile-de-france,0.32619092,0.67380905
6690_canada,0.48099858,0.51900136
15934_geowiki-landcover-2017,0.47314,0.52686
224_sudan,0.49331993,0.50668013
150_geowiki-landcover-2017,0.65947527,0.34052473
11620_croplands,0.6508257,0.34917432
4511_croplands,0.4752981,0.52470183
30287_geowiki-landcover-2017,0.19045407,0.80954593
4393_croplands,0.650828,0.34917203
622_croplands,0.47529185,0.52470815
5237_canada,0.31053218,0.6894678
855_rwanda-ceo,0.78797567,0.21202426
521_ethiopia,0.6436334,0.35636663
2900_ile-de-france,0.4809989,0.5190011
1998_kenya-non-crop,0.6508289,0.34917104
4885_central-asia,0.1904538,0.80954623
1530_ile-de-france,0.19045441,0.80954564
192_uganda,0.643649,0.35635102
1436_rwanda-ceo,0.78797555,0.21202445
1707_reunion-france,0.6508276,0.34917235
30171_geowiki-landcover-2017,0.6508242,0.3491758
7675_canada,0.3262492,0.6737508
5643_ile-de-france,0.31053218,0.68946785
1286_germany,0.48072723,0.5192728
29130_geowiki-landcover-2017,0.31928977,0.68071026
10207_croplands,0.66000897,0.3399911
518_martinique-france,0.6508276,0.3491724
15353_geowiki-landcover-2017,0.64886254,0.35113746
2053_martinique-france,0.6508288,0.34917125
4336_ile-de-france,0.4809965,0.5190035
28485_geowiki-landcover-2017,0.47529647,0.52470356
7000_geowiki-landcover-2017,0.4911539,0.5088461
1767_germany,0.32618886,0.6738111
781_geowiki-landcover-2017,0.78797555,0.21202445
1242_martinique-france,0.65082747,0.34917256
458_canada,0.31053245,0.6894676
7318_geowiki-landcover-2017,0.3212042,0.6787959
632_germany,0.32618886,0.6738111
1506_reunion-france,0.7879754,0.21202455
2742_geowiki-landcover-2017,0.65082455,0.34917548
866_canada,0.19045381,0.8095462
35389_geowiki-landcover-2017,0.61897516,0.38102484
22457_geowiki-landcover-2017,0.47314084,0.52685916
1097_geowiki-landcover-2017,0.66001904,0.339981
303_germany,0.1904538,0.80954623
57_tanzania,0.48543972,0.5145603
1157_rwanda-ceo,0.78797555,0.21202445
818_rwanda-ceo,0.7879754,0.21202464
7934_canada,0.31053236,0.68946767
96_tanzania,0.66000915,0.33999088
1066_croplands,0.31053212,0.68946785
201_central-asia,0.19045544,0.8095445
16199_geowiki-landcover-2017,0.6488631,0.3511369
157_rwanda-ceo,0.78797555,0.21202444
5911_canada,0.19045381,0.8095462
15531_geowiki-landcover-2017,0.4809998,0.51900023
144_canada,0.48096466,0.51903534
10789_croplands,0.48544326,0.5145567
363_ethiopia,0.6436328,0.35636714
28614_geowiki-landcover-2017,0.4809992,0.5190008
4834_central-asia,0.31053674,0.6894632
6632_canada,0.31053433,0.6894657
29762_geowiki-landcover-2017,0.7879735,0.21202648
2244_germany,0.48099884,0.5190012
2227_kenya-non-crop,0.78797436,0.21202569
20313_geowiki-landcover-2017,0.48099798,0.519002
215_martinique-france,0.6508278,0.34917217
1610_geowiki-landcover-2017,0.65109515,0.34890488
2096_germany,0.19045381,0.8095462
3827_canada,0.19045399,0.809546
12314_geowiki-landcover-2017,0.64363456,0.35636538
8780_geowiki-landcover-2017,0.4934107,0.5065893
1505_kenya-non-crop,0.7879758,0.21202426
9664_geowiki-landcover-2017,0.6508278,0.34917217
18964_geowiki-landcover-2017,0.32618973,0.6738103
3352_ile-de-france,0.19045429,0.8095457
8967_croplands,0.65082747,0.34917247
2178_canada,0.48099855,0.5190014
694_togo,0.49338406,0.50661594
1451_canada,0.48099917,0.5190008
3705_ile-de-france,0.1904626,0.8095374
1779_kenya-non-crop,0.7879758,0.21202426
1088_kenya-non-crop,0.48544067,0.5145593
4719_central-asia,0.19045517,0.80954486
5085_ile-de-france,0.19045386,0.8095462
9986_geowiki-landcover-2017,0.64363545,0.35636455
5303_canada,0.19045386,0.8095462
10776_croplands,0.64363456,0.35636544
10744_geowiki-landcover-2017,0.32618943,0.6738106
1242_rwanda-ceo,0.7879752,0.21202482
400_croplands,0.65082556,0.3491744
30144_geowiki-landcover-2017,0.19045919,0.80954075
230_canada,0.48099908,0.51900095
6753_geowiki-landcover-2017,0.6488634,0.35113668
122_mali-non-crop,0.650827,0.34917304
17997_geowiki-landcover-2017,0.1904563,0.8095437
2120_kenya-non-crop,0.78797567,0.2120243
14277_geowiki-landcover-2017,0.64886117,0.3511388
502_germany,0.19045386,0.8095462
453_reunion-france,0.7879755,0.21202451
33968_geowiki-landcover-2017,0.65082616,0.34917384
23589_geowiki-landcover-2017,0.6508276,0.34917235
1752_martinique-france,0.6508276,0.34917235
5716_canada,0.47529045,0.5247095
3142_geowiki-landcover-2017,0.32118276,0.6788172
33819_geowiki-landcover-2017,0.48099902,0.51900095
1245_mali-helmets-labelling-crops,0.3211827,0.6788173
23583_geowiki-landcover-2017,0.48099935,0.51900065
24074_geowiki-landcover-2017,0.47702426,0.5229758
24246_geowiki-landcover-2017,0.32619143,0.6738086
31047_geowiki-landcover-2017,0.65082824,0.34917176
1832_germany,0.19045378,0.80954623
10365_geowiki-landcover-2017,0.64885706,0.35114294
28_tanzania-rice-ecaas,0.4854398,0.5145602
1766_ile-de-france,0.19045395,0.809546
682_ile-de-france,0.19045395,0.809546
4363_canada,0.64885765,0.3511424
3654_central-asia,0.19045404,0.809546
28993_geowiki-landcover-2017,0.64886355,0.35113645
4122_central-asia,0.19045419,0.8095459
106_geowiki-landcover-2017,0.78797483,0.21202515
1310_martinique-france,0.6508275,0.34917244
10132_croplands,0.4854589,0.51454103
584_ile-de-france,0.32619014,0.6738099
5072_central-asia,0.48099864,0.5190013
11191_geowiki-landcover-2017,0.6508276,0.34917235
14094_geowiki-landcover-2017,0.6436348,0.35636526
5391_canada,0.4809806,0.5190194
31_mali-non-crop,0.49331263,0.50668734
73_ile-de-france,0.19056746,0.80943257
2203_ile-de-france,0.19045414,0.8095459
26665_geowiki-landcover-2017,0.3261893,0.67381066
1996_canada,0.48099872,0.51900125
27_mali-non-crop,0.4752855,0.52471447
964_mali-helmets-labelling-crops,0.3211828,0.67881715
6355_canada,0.48099887,0.5190011
5466_canada,0.19045378,0.80954623
6415_canada,0.3105344,0.6894656
115_togo,0.65082383,0.3491762
904_germany,0.19045392,0.8095461
13043_geowiki-landcover-2017,0.6508277,0.3491723
3445_rwanda-ceo,0.6436344,0.35636565
26399_geowiki-landcover-2017,0.31053433,0.6894657
5495_ile-de-france,0.48099673,0.5190033
35814_geowiki-landcover-2017,0.47529376,0.52470624
4135_central-asia,0.19045404,0.809546
223_kenya-non-crop,0.7879758,0.21202426
590_kenya-non-crop,0.78797096,0.21202902
1833_germany,0.19045378,0.80954623
131_togo,0.47529635,0.5247037
1845_geowiki-landcover-2017,0.787975,0.21202494
4998_canada,0.19045451,0.8095455
13711_croplands,0.475292,0.52470803
12614_geowiki-landcover-2017,0.48099902,0.51900095
12914_geowiki-landcover-2017,0.787975,0.212025
1818_germany,0.32618877,0.6738112
1035_croplands,0.31053218,0.6894678
7809_canada,0.32619083,0.6738092
17147_geowiki-landcover-2017,0.6508274,0.34917265
2042_ile-de-france,0.19045392,0.8095461
3316_rwanda-ceo,0.7879754,0.21202463
2645_kenya-non-crop,0.78797567,0.2120243
1760_tanzania-ceo,0.48671684,0.5132832
16826_geowiki-landcover-2017,0.6508285,0.3491715
2458_rwanda-ceo,0.7879753,0.21202467
3332_rwanda-ceo,0.78797555,0.21202444
458_togo,0.47528133,0.52471864
247_kenya-non-crop,0.7879755,0.21202451
256_rwanda-ceo,0.78797567,0.21202435
1400_germany,0.19045496,0.80954504
2170_germany,0.31053203,0.68946797
2324_rwanda-ceo,0.78797585,0.21202418
32241_geowiki-landcover-2017,0.64864993,0.35135007
4224_canada,0.32118192,0.6788181
1616_martinique-france,0.6508279,0.34917206
3228_canada,0.4809989,0.51900107
3307_canada,0.31053275,0.6894673
11487_geowiki-landcover-2017,0.6508254,0.34917468
3720_central-asia,0.19045416,0.8095459
19431_geowiki-landcover-2017,0.7879734,0.21202658
9798_geowiki-landcover-2017,0.475292,0.524708
883_canada,0.3105322,0.6894677
171_geowiki-landcover-2017,0.48543966,0.51456034
2320_germany,0.32618937,0.6738106
2450_germany,0.19045378,0.80954623
11303_geowiki-landcover-2017,0.6508278,0.34917223
211_mali-helmets-labelling-crops,0.32118276,0.6788173
11348_geowiki-landcover-2017,0.48543936,0.51456064
29948_geowiki-landcover-2017,0.47529307,0.5247069
2482_kenya-non-crop,0.78796583,0.21203415
2397_kenya-non-crop,0.643634,0.35636598
31097_geowiki-landcover-2017,0.31053144,0.68946856
24716_geowiki-landcover-2017,0.4809998,0.51900023
4766_central-asia,0.19045386,0.8095462
28584_geowiki-landcover-2017,0.65082234,0.34917766
24435_geowiki-landcover-2017,0.49115553,0.50884444
3731_canada,0.3105324,0.68946767
16642_geowiki-landcover-2017,0.65083,0.34917003
3538_geowiki-landcover-2017,0.6508277,0.3491723
669_ethiopia,0.6436337,0.35636628
14192_geowiki-landcover-2017,0.49115494,0.5088451
5169_central-asia,0.31053212,0.68946785
704_central-asia,0.19045483,0.80954516
128_sudan,0.6436874,0.3563126
29118_geowiki-landcover-2017,0.19045378,0.80954623
27262_geowiki-landcover-2017,0.6508276,0.34917244
4785_ile-de-france,0.19045426,0.80954576
2016_kenya-non-crop,0.6508284,0.3491716
1702_kenya-non-crop,0.7879758,0.21202423
24354_geowiki-landcover-2017,0.31053185,0.68946815
5121_canada,0.31053236,0.68946767
1807_canada,0.31053254,0.6894675
7369_geowiki-landcover-2017,0.49331203,0.506688
6390_canada,0.31053218,0.68946785
25609_geowiki-landcover-2017,0.64886343,0.3511366
3191_canada,0.3105324,0.68946767
26603_geowiki-landcover-2017,0.32618764,0.6738123
181_tanzania-ceo,0.7879752,0.21202482
33137_geowiki-landcover-2017,0.32618958,0.6738104
1489_tanzania-ceo,0.78797376,0.21202625
1566_martinique-france,0.6508275,0.34917244
929_kenya-non-crop,0.78797424,0.21202584
4076_central-asia,0.31053245,0.68946755
418_lem-brazil,0.4854491,0.5145509
7855_canada,0.31166065,0.6883393
2892_geowiki-landcover-2017,0.6508533,0.34914672
15358_geowiki-landcover-2017,0.78797585,0.21202418
27882_geowiki-landcover-2017,0.6508272,0.34917277
27950_geowiki-landcover-2017,0.65082586,0.34917417
4984_canada,0.31053215,0.68946785
21574_geowiki-landcover-2017,0.64886326,0.35113674
234_ile-de-france,0.3262166,0.67378336
27701_geowiki-landcover-2017,0.3261886,0.6738114
2952_rwanda-ceo,0.7879751,0.2120249
31652_geowiki-landcover-2017,0.78797567,0.21202435
2281_germany,0.31053147,0.68946856
2427_reunion-france,0.6508306,0.34916937
4194_ile-de-france,0.31053272,0.6894673
35666_geowiki-landcover-2017,0.32118985,0.6788101
13848_geowiki-landcover-2017,0.3193035,0.6806965
59_ethiopia,0.7875993,0.21240066
2288_tanzania-ceo,0.7879754,0.21202458
16236_geowiki-landcover-2017,0.31930313,0.68069685
5824_ile-de-france,0.32618895,0.6738111
1606_central-asia,0.19045395,0.809546
3073_ile-de-france,0.19045639,0.80954367
6540_geowiki-landcover-2017,0.48099908,0.5190009
28513_geowiki-landcover-2017,0.65082735,0.34917265
3215_canada,0.48099953,0.5190005
2263_germany,0.3261893,0.67381066
688_togo,0.4933074,0.5066926
758_central-asia,0.19045454,0.80954546
494_reunion-france,0.78797555,0.21202445
20814_geowiki-landcover-2017,0.31054527,0.68945473
3186_rwanda-ceo,0.78797555,0.21202444
1735_ile-de-france,0.3261624,0.6738376
1999_rwanda-ceo,0.7879754,0.21202463
23177_geowiki-landcover-2017,0.31053144,0.68946856
1364_tanzania-ceo,0.64363444,0.35636556
4915_geowiki-landcover-2017,0.6508295,0.34917045
10625_geowiki-landcover-2017,0.64886206,0.351138
1283_kenya-non-crop,0.66001093,0.33998913
16560_geowiki-landcover-2017,0.48099867,0.5190013
17915_geowiki-landcover-2017,0.4809978,0.51900214
14055_croplands,0.78797466,0.21202539
159_central-asia,0.19045691,0.80954313
33690_geowiki-landcover-2017,0.31929925,0.6807007
561_reunion-france,0.78797555,0.21202445
1083_togo,0.4933124,0.50668764
3589_canada,0.19045374,0.80954623
231_togo,0.32118237,0.67881763
19088_geowiki-landcover-2017,0.3193426,0.6806574
165_mali-helmets-labelling-crops,0.32118374,0.67881626
2036_germany,0.19045375,0.80954623
2052_geowiki-landcover-2017,0.65082747,0.34917253
1865_ile-de-france,0.19045395,0.8095461
260_tanzania-rice-ecaas,0.6436076,0.3563924
13911_geowiki-landcover-2017,0.48100045,0.5189996
1970_central-asia,0.31053203,0.68946797
5457_ile-de-france,0.19045392,0.8095461
802_rwanda-ceo,0.78797567,0.2120243
1745_ile-de-france,0.19045402,0.809546
1790_central-asia,0.1904572,0.8095428
16795_geowiki-landcover-2017,0.78797567,0.21202426
5196_canada,0.31053224,0.6894677
42_zimbabwe,0.6436503,0.35634974
808_ile-de-france,0.19045404,0.80954593
1616_central-asia,0.32618564,0.67381436
4462_ile-de-france,0.19045389,0.8095462
492_central-asia,0.3105391,0.68946093
1079_croplands,0.6508276,0.34917235
6083_ile-de-france,0.19045532,0.8095447
2576_reunion-france,0.6508281,0.34917185
4021_geowiki-landcover-2017,0.64880353,0.35119644
32213_geowiki-landcover-2017,0.48100024,0.51899976
130_ethiopia,0.47323385,0.5267661
3041_canada,0.48099947,0.51900053
631_canada,0.3108563,0.68914366
1600_reunion-france,0.7879755,0.21202455
3022_rwanda-ceo,0.7879755,0.21202455
3009_ile-de-france,0.19045392,0.8095461
688_central-asia,0.19046219,0.8095378
13333_geowiki-landcover-2017,0.5009208,0.49907917
4079_ile-de-france,0.1904579,0.8095421
1710_kenya-non-crop,0.7879758,0.21202426
2115_central-asia,0.1905441,0.8094559
1279_reunion-france,0.65082735,0.34917265
2490_ile-de-france,0.19045389,0.8095462
774_reunion-france,0.6508312,0.34916872
23622_geowiki-landcover-2017,0.4810008,0.5189992
4884_central-asia,0.19045378,0.80954623
20047_geowiki-landcover-2017,0.65082735,0.34917265
1352_ile-de-france,0.19045389,0.8095462
1308_rwanda-ceo,0.78797567,0.2120243
45_mali-helmets-labelling-crops,0.4752813,0.5247187
3951_geowiki-landcover-2017,0.3261898,0.67381024
2562_geowiki-landcover-2017,0.65059733,0.34940267
783_central-asia,0.19045545,0.8095445
3747_canada,0.19045426,0.80954576
31316_geowiki-landcover-2017,0.66000885,0.33999115
24171_geowiki-landcover-2017,0.6507957,0.34920436
472_ile-de-france,0.1904545,0.8095455
62_uganda,0.7879751,0.2120249
20940_geowiki-landcover-2017,0.48100024,0.51899976
1523_reunion-france,0.7879688,0.21203119
6230_canada,0.19045375,0.80954623
15348_geowiki-landcover-2017,0.7879756,0.2120244
7241_geowiki-landcover-2017,0.48099506,0.51900494
6930_canada,0.31930283,0.68069714
235_rwanda-ceo,0.78797555,0.21202445
126_kenya,0.78797555,0.21202444
4472_central-asia,0.31930235,0.6806977
345_croplands,0.48095614,0.51904386
1708_rwanda-ceo,0.7879755,0.21202455
6551_canada,0.48099867,0.5190013
26910_geowiki-landcover-2017,0.48099813,0.5190019
553_martinique-france,0.6508271,0.34917286
25159_geowiki-landcover-2017,0.7879727,0.21202734
2971_central-asia,0.19045499,0.809545
3259_ile-de-france,0.1904542,0.80954576
285_croplands,0.31053224,0.6894677
4268_geowiki-landcover-2017,0.47529224,0.5247078
1651_geowiki-landcover-2017,0.7879754,0.21202463
30094_geowiki-landcover-2017,0.6436354,0.35636467
206_kenya,0.78796494,0.21203502
29381_geowiki-landcover-2017,0.48099813,0.51900184
0_tanzania-rice-ecaas,0.7879747,0.21202527
2814_rwanda-ceo,0.7879754,0.21202458
3940_ile-de-france,0.19045395,0.8095461
12937_geowiki-landcover-2017,0.66000974,0.3399902
390_lem-brazil,0.66000867,0.33999133
28347_geowiki-landcover-2017,0.48100257,0.51899743
17057_geowiki-landcover-2017,0.65082747,0.34917253
1552_tanzania-ceo,0.66000986,0.33999014
481_canada,0.4810007,0.5189993
717_reunion-france,0.660009,0.3399909
23243_geowiki-landcover-2017,0.47313976,0.5268602
3960_ile-de-france,0.19045392,0.8095461
280_kenya,0.7879746,0.21202543
1138_kenya-non-crop,0.78797567,0.21202435
960_croplands,0.3261908,0.67380923
879_reunion-france,0.7879755,0.21202451
10611_croplands,0.48544738,0.51455265
5975_ile-de-france,0.19045511,0.8095449
23160_geowiki-landcover-2017,0.48099896,0.519001
2549_geowiki-landcover-2017,0.49378443,0.5062155
20145_geowiki-landcover-2017,0.4809989,0.5190011
20321_geowiki-landcover-2017,0.4933123,0.5066877
22505_geowiki-landcover-2017,0.32618943,0.67381054
22108_geowiki-landcover-2017,0.48099506,0.51900494
488_germany,0.31053185,0.6894681
13322_geowiki-landcover-2017,0.6506918,0.34930825
160_sudan,0.49331197,0.50668806
13546_croplands,0.32124412,0.6787559
5036_ile-de-france,0.19045457,0.8095454
32608_geowiki-landcover-2017,0.6508278,0.34917223
20537_geowiki-landcover-2017,0.64883745,0.3511625
797_croplands,0.78772765,0.21227233
1052_central-asia,0.19045414,0.8095459
1778_reunion-france,0.78797555,0.21202445
3498_geowiki-landcover-2017,0.68996954,0.3100305
611_togo,0.65082735,0.34917265
14556_geowiki-landcover-2017,0.326189,0.67381096
6910_canada,0.3096504,0.69034964
10784_geowiki-landcover-2017,0.64886236,0.35113764
1098_geowiki-landcover-2017,0.6602555,0.33974457
661_central-asia,0.19045496,0.80954504
1982_canada,0.32619038,0.67380965
264_ile-de-france,0.3261896,0.6738104
2401_martinique-france,0.6508273,0.34917274
480_mali-helmets-labelling-crops,0.47527987,0.5247202
26792_geowiki-landcover-2017,0.31930354,0.6806964
687_tanzania-ceo,0.7879756,0.2120244
1511_kenya-non-crop,0.6508276,0.34917235
4053_canada,0.19045478,0.8095452
4924_central-asia,0.19045378,0.80954623
851_mali-helmets-labelling-crops,0.4752899,0.5247101
10092_croplands,0.6436332,0.35636675
1301_mali-helmets-labelling-crops,0.4752947,0.5247053
10734_croplands,0.64364004,0.35635993
25436_geowiki-landcover-2017,0.64886343,0.3511366
5673_canada,0.31053218,0.6894678
1992_ile-de-france,0.19045399,0.809546
5155_central-asia,0.19045378,0.80954623
1934_geowiki-landcover-2017,0.78797555,0.21202445
11900_geowiki-landcover-2017,0.7879751,0.2120249
855_mali-helmets-labelling-crops,0.32118246,0.6788176
817_canada,0.3105323,0.68946767
2570_reunion-france,0.65083426,0.34916577
6655_geowiki-landcover-2017,0.7879704,0.21202956
3135_geowiki-landcover-2017,0.6508276,0.3491724
2699_central-asia,0.19045988,0.8095401
14373_geowiki-landcover-2017,0.4809982,0.5190018
9502_croplands,0.6600057,0.3399943
8891_croplands,0.65082526,0.34917468
1685_germany,0.31053135,0.6894687
21034_geowiki-landcover-2017,0.48099908,0.5190009
1947_reunion-france,0.78797555,0.2120245
1281_kenya-non-crop,0.7879758,0.21202426
14381_geowiki-landcover-2017,0.49331173,0.5066883
889_mali-helmets-labelling-crops,0.3211824,0.67881763
33680_geowiki-landcover-2017,0.3261969,0.67380303
31510_geowiki-landcover-2017,0.49330905,0.5066909
1900_tanzania-ceo,0.66001153,0.3399885
1563_kenya-non-crop,0.65082914,0.34917092
1664_central-asia,0.19045487,0.80954516
1137_togo,0.4933126,0.5066874
755_geowiki-landcover-2017,0.7879559,0.21204416
21689_geowiki-landcover-2017,0.4752937,0.5247063
655_togo,0.32118288,0.6788171
10508_croplands,0.48544076,0.5145592
6095_ile-de-france,0.19045414,0.8095459
31757_geowiki-landcover-2017,0.19045374,0.80954623
198_kenya,0.7879756,0.2120244
352_ile-de-france,0.3261951,0.6738049
2113_kenya-non-crop,0.78797567,0.2120243
2379_canada,0.19045395,0.8095461
5304_ile-de-france,0.19045389,0.8095462
33738_geowiki-landcover-2017,0.4809973,0.5190027
3000_geowiki-landcover-2017,0.6508278,0.34917215
917_ile-de-france,0.19045399,0.809546
34214_geowiki-landcover-2017,0.6508274,0.3491726
69_mali,0.47529265,0.5247074
1441_reunion-france,0.787974,0.21202601
230_mali-helmets-labelling-crops,0.47529238,0.52470756
131_mali,0.47529182,0.52470815
1117_mali-helmets-labelling-crops,0.3211825,0.6788175
3682_geowiki-landcover-2017,0.6508268,0.34917316
982_geowiki-landcover-2017,0.7879753,0.21202467
320_lem-brazil,0.78797483,0.21202523
523_ile-de-france,0.1904541,0.8095459
1057_croplands,0.47529203,0.524708
29740_geowiki-landcover-2017,0.32618964,0.67381036
240_kenya-non-crop,0.78797567,0.21202435
203_croplands,0.48099795,0.5190021
26612_geowiki-landcover-2017,0.4912618,0.5087382
15458_geowiki-landcover-2017,0.47313976,0.5268602
370_croplands,0.48099917,0.5190008
274_central-asia,0.31930247,0.6806975
602_togo,0.6508274,0.3491726
9958_croplands,0.7879755,0.21202455
677_rwanda-ceo,0.78797525,0.21202475
1520_croplands,0.19045392,0.8095461
174_togo,0.47529203,0.524708
275_martinique-france,0.65082747,0.34917253
410_geowiki-landcover-2017,0.78797585,0.21202418
3069_canada,0.48099896,0.519001
577_geowiki-landcover-2017,0.6508274,0.3491726
783_ethiopia,0.48539615,0.51460385
32834_geowiki-landcover-2017,0.19067624,0.8093238
3580_ile-de-france,0.19045444,0.8095455
2791_canada,0.48099902,0.51900095
2215_martinique-france,0.65082765,0.34917235
1015_kenya-non-crop,0.78797585,0.21202414
3605_geowiki-landcover-2017,0.6508277,0.34917226
68_ile-de-france,0.19045387,0.8095462
1539_reunion-france,0.78797525,0.2120247
277_germany,0.32618818,0.6738118
3925_geowiki-landcover-2017,0.48099816,0.51900184
82_germany,0.48099437,0.5190056
2615_geowiki-landcover-2017,0.493348,0.506652
32449_geowiki-landcover-2017,0.3105323,0.68946767
531_croplands,0.32618898,0.673811
347_tanzania,0.6600131,0.33998686
5098_ile-de-france,0.32618842,0.6738116
677_kenya-non-crop,0.7879756,0.2120244
9888_croplands,0.6436326,0.35636738
558_ile-de-france,0.480992,0.519008
72_reunion-france,0.7879755,0.21202451
77_croplands,0.6508204,0.34917963
1240_geowiki-landcover-2017,0.7879753,0.21202467
654_tanzania-rice-ecaas,0.78797436,0.21202566
23038_geowiki-landcover-2017,0.6508274,0.3491726
25313_geowiki-landcover-2017,0.48099902,0.51900095
15260_geowiki-landcover-2017,0.6508275,0.34917244
936_ile-de-france,0.19047119,0.8095288
75_mali-non-crop,0.49331146,0.5066885
1522_geowiki-landcover-2017,0.6487979,0.35120204
9650_geowiki-landcover-2017,0.64363444,0.35636556
176_ethiopia,0.78797483,0.21202517
26713_geowiki-landcover-2017,0.49115473,0.5088453
507_geowiki-landcover-2017,0.65082717,0.34917277
18136_geowiki-landcover-2017,0.6508277,0.3491723
15668_geowiki-landcover-2017,0.47313964,0.52686036
945_kenya-non-crop,0.78797585,0.21202414
915_togo,0.6508264,0.34917358
1688_tanzania-ceo,0.7879754,0.21202458
2522_germany,0.32618952,0.6738105
1080_reunion-france,0.65082824,0.34917176
2289_canada,0.3105332,0.68946683
18_brazil-non-crop,0.78797567,0.21202435
2121_tanzania-ceo,0.78797555,0.21202444
752_germany,0.19045407,0.80954593
31769_geowiki-landcover-2017,0.31053218,0.68946785
782_canada,0.31053287,0.6894672
1345_croplands,0.6508269,0.34917316
10548_geowiki-landcover-2017,0.64886343,0.3511366
5607_ile-de-france,0.19045424,0.80954576
2154_germany,0.3261891,0.67381096
22570_geowiki-landcover-2017,0.49115455,0.50884545
8867_geowiki-landcover-2017,0.3261891,0.6738109
79_mali-non-crop,0.6508278,0.34917223
4667_geowiki-landcover-2017,0.32619345,0.67380655
414_geowiki-landcover-2017,0.6436337,0.35636628
17494_geowiki-landcover-2017,0.19045374,0.80954623
28_ile-de-france,0.3105274,0.68947256
2422_canada,0.32618886,0.6738111
3351_central-asia,0.3105325,0.68946755
1407_tanzania-ceo,0.6600279,0.3399721
520_central-asia,0.19045705,0.80954295
75_martinique-france,0.65082717,0.3491728
2124_martinique-france,0.6508285,0.34917152
2174_central-asia,0.19045712,0.8095429
4165_croplands,0.65082717,0.3491728
13430_geowiki-landcover-2017,0.65082717,0.34917277
13593_croplands,0.47529554,0.52470446
1335_kenya-non-crop,0.7879756,0.2120244
13306_geowiki-landcover-2017,0.7865758,0.2134242
1865_canada,0.19045499,0.809545
16010_geowiki-landcover-2017,0.64886326,0.35113674
304_reunion-france,0.4752945,0.52470547
41_canada,0.48099953,0.5190005
4019_geowiki-landcover-2017,0.31053248,0.68946755
2894_central-asia,0.19046135,0.80953866
65_mali-non-crop,0.32120013,0.6787999
6063_geowiki-landcover-2017,0.4809992,0.5190008
5862_ile-de-france,0.31053215,0.68946785
1736_ile-de-france,0.19045381,0.8095462
22132_geowiki-landcover-2017,0.64886343,0.3511366
1315_mali-helmets-labelling-crops,0.650827,0.34917304
11126_geowiki-landcover-2017,0.47529283,0.5247072
18019_geowiki-landcover-2017,0.31053272,0.6894673
26689_geowiki-landcover-2017,0.48053178,0.5194682
2079_martinique-france,0.65082765,0.34917235
610_tanzania-ceo,0.7879735,0.21202648
26802_geowiki-landcover-2017,0.3261905,0.6738095
319_central-asia,0.19046006,0.8095399
2443_central-asia,0.19045433,0.8095457
1590_ile-de-france,0.32618883,0.67381114
1739_central-asia,0.19046617,0.80953383
3190_ile-de-france,0.19045429,0.8095457
1282_kenya-non-crop,0.78797585,0.21202418
444_togo,0.321202,0.67879796
2468_kenya-non-crop,0.4935433,0.50645673
2307_martinique-france,0.65082747,0.34917256
516_ethiopia,0.645666,0.35433397
1361_central-asia,0.19045399,0.809546
21348_geowiki-landcover-2017,0.32618922,0.6738108
53_canada,0.48099896,0.51900107
192_tanzania-rice-ecaas,0.6436337,0.3563663
577_central-asia,0.19045608,0.8095439
7513_canada,0.19045596,0.809544
273_tanzania-rice-ecaas,0.66000813,0.33999187
29144_geowiki-landcover-2017,0.19045427,0.8095457
32429_geowiki-landcover-2017,0.48097527,0.5190248
1500_kenya-non-crop,0.66000926,0.3399908
1006_togo,0.65082747,0.34917256
214_germany,0.19045487,0.80954516
919_togo,0.49330848,0.5066915
35771_geowiki-landcover-2017,0.6600083,0.33999172
8383_geowiki-landcover-2017,0.7879755,0.21202455
1749_germany,0.19045378,0.80954623
24662_geowiki-landcover-2017,0.49113512,0.5088649
5531_ile-de-france,0.19045445,0.8095455
1273_reunion-france,0.65084505,0.34915498
26566_geowiki-landcover-2017,0.64886296,0.35113704
2512_ile-de-france,0.19045386,0.8095462
5492_ile-de-france,0.3103985,0.68960154
848_togo,0.32118234,0.67881763
168_tanzania,0.6436345,0.35636556
4001_canada,0.3261889,0.6738111
1874_geowiki-landcover-2017,0.78797495,0.21202508
817_reunion-france,0.7879753,0.21202467
4143_ile-de-france,0.3262965,0.6737035
21507_geowiki-landcover-2017,0.65082747,0.34917247
932_geowiki-landcover-2017,0.6600104,0.3399896
4006_central-asia,0.31053254,0.6894675
7053_canada,0.48100185,0.51899815
972_mali-helmets-labelling-crops,0.47529194,0.5247081
6872_canada,0.493281,0.506719
5629_canada,0.19045378,0.80954623
2964_ile-de-france,0.19045387,0.8095462
6712_geowiki-landcover-2017,0.65082675,0.34917325
4509_croplands,0.4752937,0.5247063
11669_geowiki-landcover-2017,0.6508283,0.3491717
2091_reunion-france,0.6508276,0.34917244
3818_central-asia,0.19045517,0.80954486
4042_ile-de-france,0.19045407,0.80954593
12443_croplands,0.6508273,0.34917268
2030_reunion-france,0.65082735,0.34917265
14866_geowiki-landcover-2017,0.7553348,0.24466516
3233_rwanda-ceo,0.78797555,0.2120245
2033_reunion-france,0.65082747,0.34917253
66_lem-brazil,0.7879755,0.21202455
4650_ile-de-france,0.19045386,0.8095462
1725_tanzania-ceo,0.7879755,0.21202455
14337_geowiki-landcover-2017,0.31053296,0.6894671
2439_rwanda-ceo,0.78797555,0.21202444
25892_geowiki-landcover-2017,0.48099896,0.519001
1441_germany,0.19045378,0.80954623
15106_geowiki-landcover-2017,0.6508245,0.34917548
22486_geowiki-landcover-2017,0.48104858,0.5189514
19963_geowiki-landcover-2017,0.31931707,0.68068296
6347_geowiki-landcover-2017,0.3261891,0.67381096
1574_ile-de-france,0.48099887,0.5190011
894_martinique-france,0.6508273,0.3491727
11895_geowiki-landcover-2017,0.6436347,0.35636532
2068_reunion-france,0.6508293,0.3491707
10348_geowiki-landcover-2017,0.48099878,0.51900125
3549_rwanda-ceo,0.787975,0.212025
19596_geowiki-landcover-2017,0.32619604,0.6738039
2103_ile-de-france,0.48099768,0.5190023
679_martinique-france,0.47529194,0.52470803
14059_croplands,0.7879755,0.21202455
7852_canada,0.48099875,0.51900125
698_togo,0.49356726,0.5064328
35022_geowiki-landcover-2017,0.326189,0.67381096
3517_ile-de-france,0.1904539,0.8095461
3469_geowiki-landcover-2017,0.49331245,0.5066875
4284_canada,0.19045487,0.80954516
35009_geowiki-landcover-2017,0.32618892,0.6738111
1400_reunion-france,0.7879755,0.21202451
11210_geowiki-landcover-2017,0.3211821,0.67881787
1793_ile-de-france,0.48099685,0.51900315
267_croplands,0.49329466,0.50670534
952_kenya-non-crop,0.7879758,0.21202423
5507_canada,0.3261891,0.67381096
165_uganda,0.6600642,0.33993578
26879_geowiki-landcover-2017,0.6488634,0.35113668
8612_geowiki-landcover-2017,0.6600399,0.33996007
2234_kenya-non-crop,0.7879749,0.21202512
1381_martinique-france,0.65082747,0.34917253
21044_geowiki-landcover-2017,0.48099884,0.5190012
32160_geowiki-landcover-2017,0.48099858,0.5190014
3644_canada,0.31053212,0.68946785
608_mali-helmets-labelling-crops,0.4752922,0.52470785
1241_kenya-non-crop,0.6436348,0.35636526
8306_geowiki-landcover-2017,0.49115425,0.50884575
81_tanzania,0.6436347,0.35636532
8622_geowiki-landcover-2017,0.65082717,0.34917286
9337_geowiki-landcover-2017,0.48544067,0.51455927
1986_central-asia,0.19045454,0.80954546
10042_croplands,0.6600093,0.33999062
8493_croplands,0.78797525,0.21202475
4642_croplands,0.64362866,0.35637134
934_togo,0.49332583,0.5066742
4714_ile-de-france,0.1904539,0.8095461
1297_central-asia,0.19045399,0.809546
31740_geowiki-landcover-2017,0.32787183,0.67212814
774_canada,0.4809989,0.5190011
1093_togo,0.6508273,0.34917274
11049_geowiki-landcover-2017,0.31930357,0.6806964
5017_geowiki-landcover-2017,0.65082765,0.34917235
17653_geowiki-landcover-2017,0.64886355,0.35113645
32222_geowiki-landcover-2017,0.64886355,0.35113648
1519_canada,0.32618883,0.67381114
32129_geowiki-landcover-2017,0.48544922,0.51455075
5653_ile-de-france,0.19045426,0.80954576
156_reunion-france,0.6508305,0.34916943
2469_geowiki-landcover-2017,0.65084827,0.3491517
2585_kenya-non-crop,0.6436343,0.35636568
355_ethiopia,0.6435555,0.35644448
514_ethiopia,0.7879614,0.21203862
1786_tanzania-ceo,0.78797567,0.21202433
13663_geowiki-landcover-2017,0.65082747,0.34917256
2370_ile-de-france,0.19045392,0.8095461
8137_geowiki-landcover-2017,0.65082747,0.34917256
2609_canada,0.19045381,0.8095462
214_lem-brazil,0.78797555,0.21202444
1859_germany,0.48099625,0.51900375
487_tanzania-rice-ecaas,0.78797346,0.21202655
1504_croplands,0.19045608,0.80954397
2765_ile-de-france,0.19045389,0.8095462
12531_geowiki-landcover-2017,0.4911557,0.5088443
458_martinique-france,0.6508279,0.34917206
3446_central-asia,0.31053257,0.68946743
821_canada,0.31053296,0.6894671
2653_rwanda-ceo,0.78797567,0.21202426
22097_geowiki-landcover-2017,0.49116153,0.5088385
460_rwanda-ceo,0.7879754,0.21202455
23463_geowiki-landcover-2017,0.47314706,0.5268529
12074_geowiki-landcover-2017,0.4731397,0.5268603
5205_ile-de-france,0.19045487,0.80954516
755_tanzania-ceo,0.78797555,0.21202445
539_tanzania-ceo,0.7879754,0.21202463
1218_croplands,0.47529295,0.524707
7362_canada,0.32618815,0.67381185
33547_geowiki-landcover-2017,0.4809987,0.5190013
4094_central-asia,0.31053242,0.68946755
2039_rwanda-ceo,0.78797525,0.21202475
957_central-asia,0.1904618,0.8095382
863_croplands,0.47528934,0.52471066
1660_tanzania-ceo,0.7879755,0.21202451
125_sudan,0.64362967,0.3563703
22312_geowiki-landcover-2017,0.47314253,0.52685744
21076_geowiki-landcover-2017,0.48099223,0.5190078
34381_geowiki-landcover-2017,0.6508284,0.34917164
51_germany,0.3261889,0.6738111
19188_geowiki-landcover-2017,0.49115422,0.50884575
17642_geowiki-landcover-2017,0.47313726,0.5268628
7230_geowiki-landcover-2017,0.49331123,0.5066888
886_mali-helmets-labelling-crops,0.3211828,0.67881715
2237_croplands,0.7879754,0.21202455
7617_canada,0.32618898,0.673811
26_ethiopia,0.47349894,0.52650106
4014_geowiki-landcover-2017,0.6488577,0.35114223
2616_central-asia,0.1904547,0.8095453
1384_kenya-non-crop,0.7879756,0.2120244
5667_geowiki-landcover-2017,0.32619083,0.6738092
89_germany,0.19045399,0.809546
20228_geowiki-landcover-2017,0.32618913,0.67381084
3081_ile-de-france,0.19045389,0.8095462
4429_geowiki-landcover-2017,0.65082973,0.3491703
543_geowiki-landcover-2017,0.660008,0.33999205
13086_geowiki-landcover-2017,0.47530308,0.5246969
3961_geowiki-landcover-2017,0.48099756,0.51900244
1501_tanzania-ceo,0.7879756,0.21202436
1055_kenya-non-crop,0.78797567,0.21202429
25699_geowiki-landcover-2017,0.48099896,0.519001
2171_kenya-non-crop,0.6508281,0.34917185
2038_ile-de-france,0.19045426,0.80954576
3935_ile-de-france,0.19045389,0.8095462
13381_geowiki-landcover-2017,0.6508274,0.34917265
17893_geowiki-landcover-2017,0.49115434,0.5088457
935_ile-de-france,0.32618842,0.6738116
34700_geowiki-landcover-2017,0.31053403,0.68946594
2767_rwanda-ceo,0.6600119,0.3399881
363_ile-de-france,0.3261978,0.67380226
2525_reunion-france,0.6508277,0.3491723
3094_canada,0.48099923,0.5190008
7045_canada,0.48099825,0.5190017
23579_geowiki-landcover-2017,0.7879633,0.21203671
26613_geowiki-landcover-2017,0.3261891,0.67381096
5994_geowiki-landcover-2017,0.47555822,0.5244418
988_kenya-non-crop,0.78797567,0.21202429
18007_geowiki-landcover-2017,0.64886343,0.35113654
7432_geowiki-landcover-2017,0.47314563,0.5268544
2341_central-asia,0.32618877,0.6738112
10822_geowiki-landcover-2017,0.48099864,0.51900136
285_canada,0.32618922,0.6738108
16251_geowiki-landcover-2017,0.48544028,0.5145597
531_tanzania-ceo,0.49331278,0.5066872
2965_rwanda-ceo,0.78797483,0.21202523
497_geowiki-landcover-2017,0.47531947,0.52468055
19281_geowiki-landcover-2017,0.32619348,0.6738065
734_reunion-france,0.78797525,0.21202478
17146_geowiki-landcover-2017,0.6259221,0.37407795
25538_geowiki-landcover-2017,0.64886296,0.35113707
287_lem-brazil,0.7879754,0.21202463
6101_ile-de-france,0.19045414,0.8095459
1145_tanzania-ceo,0.78797555,0.21202445
6767_canada,0.32618898,0.6738111
4348_ile-de-france,0.1904548,0.8095452
1447_kenya-non-crop,0.65082747,0.34917253
4854_croplands,0.6436342,0.35636577
205_germany,0.48098692,0.51901305
1224_tanzania-ceo,0.66000915,0.33999088
4902_ile-de-france,0.32618916,0.67381084
1564_geowiki-landcover-2017,0.66002023,0.3399798
5452_geowiki-landcover-2017,0.48099846,0.5190016
1449_reunion-france,0.7879755,0.21202455
6116_geowiki-landcover-2017,0.65019274,0.34980726
33425_geowiki-landcover-2017,0.48099908,0.5190009
1123_mali-helmets-labelling-crops,0.3211824,0.67881763
34810_geowiki-landcover-2017,0.48099917,0.5190008
24291_geowiki-landcover-2017,0.48099896,0.519001
3894_central-asia,0.48099926,0.51900077
1122_reunion-france,0.6508285,0.3491715
28211_geowiki-landcover-2017,0.6513258,0.34867412
32_uganda,0.64366204,0.3563379
639_tanzania-ceo,0.64363164,0.35636836
147_tanzania,0.64363456,0.35636544
2563_central-asia,0.19045429,0.8095457
2185_geowiki-landcover-2017,0.78797495,0.21202508
4655_canada,0.31053185,0.6894681
1529_germany,0.32619077,0.67380923
498_canada,0.32619023,0.67380977
5040_geowiki-landcover-2017,0.31053284,0.6894672
5488_geowiki-landcover-2017,0.32619008,0.6738099
505_canada,0.19046418,0.80953586
1887_canada,0.3103988,0.6896012
296_sudan,0.49310574,0.50689423
1376_canada,0.31053257,0.68946743
11706_geowiki-landcover-2017,0.650811,0.349189
4534_croplands,0.4752941,0.5247059
4038_ile-de-france,0.19045402,0.809546
2435_kenya-non-crop,0.65083057,0.34916943
31540_geowiki-landcover-2017,0.32619008,0.6738099
26412_geowiki-landcover-2017,0.31053218,0.6894678
28754_geowiki-landcover-2017,0.65082747,0.34917253
7508_canada,0.3104588,0.6895412
29728_geowiki-landcover-2017,0.47565258,0.5243474
34668_geowiki-landcover-2017,0.19045395,0.809546
46_canada,0.19045447,0.8095455
990_martinique-france,0.6508277,0.3491723
18162_geowiki-landcover-2017,0.6488596,0.35114035
492_reunion-france,0.7879754,0.21202463
1157_ile-de-france,0.32618934,0.67381066
34576_geowiki-landcover-2017,0.48099902,0.51900095
226_germany,0.32618973,0.6738103
32091_geowiki-landcover-2017,0.3105316,0.68946844
1435_tanzania-ceo,0.7879751,0.21202485
17432_geowiki-landcover-2017,0.47313958,0.5268604
504_mali-helmets-labelling-crops,0.49329978,0.5067002
13978_croplands,0.6436008,0.35639918
2823_geowiki-landcover-2017,0.32118326,0.67881674
2341_tanzania-ceo,0.66030025,0.33969975
6570_geowiki-landcover-2017,0.48099878,0.51900125
11_mali,0.32119384,0.6788062
29876_geowiki-landcover-2017,0.47529137,0.5247086
418_central-asia,0.19045462,0.8095454
3115_ile-de-france,0.19045487,0.80954516
29994_geowiki-landcover-2017,0.4911536,0.50884634
33528_geowiki-landcover-2017,0.49331215,0.5066878
708_kenya-non-crop,0.7879756,0.2120244
31859_geowiki-landcover-2017,0.6488634,0.35113668
1529_rwanda-ceo,0.78797567,0.2120243
32539_geowiki-landcover-2017,0.31053254,0.6894675
1386_germany,0.32618988,0.67381006
3588_central-asia,0.31053257,0.68946743
5447_ile-de-france,0.19045392,0.8095461
4850_ile-de-france,0.1904586,0.8095414
111_kenya-non-crop,0.78797585,0.21202418
492_geowiki-landcover-2017,0.6508487,0.34915134
25625_geowiki-landcover-2017,0.64886355,0.35113642
1658_rwanda-ceo,0.78797555,0.21202444
1813_central-asia,0.32618892,0.6738111
134_mali,0.47529206,0.5247079
1946_canada,0.3261893,0.67381066
1180_kenya-non-crop,0.78797555,0.21202444
716_tanzania-ceo,0.32118738,0.6788126
2062_kenya-non-crop,0.6508274,0.34917265
4115_ile-de-france,0.3261712,0.6738288
17012_geowiki-landcover-2017,0.4752927,0.5247073
5660_canada,0.31051034,0.6894896
167_ile-de-france,0.19045387,0.8095462
2878_central-asia,0.19045947,0.8095405
13624_geowiki-landcover-2017,0.4752933,0.52470666
30221_geowiki-landcover-2017,0.19045426,0.80954576
30193_geowiki-landcover-2017,0.64952123,0.35047874
4638_canada,0.3105322,0.6894677
5146_central-asia,0.19045895,0.809541
22023_geowiki-landcover-2017,0.65082794,0.34917206
23135_geowiki-landcover-2017,0.48099923,0.5190008
746_ethiopia,0.78797525,0.21202475
31293_geowiki-landcover-2017,0.4731395,0.52686054
977_central-asia,0.3192919,0.68070805
1860_rwanda-ceo,0.787975,0.21202494
988_croplands,0.47528958,0.5247104
8848_croplands,0.7879751,0.21202485
5291_ile-de-france,0.31053504,0.689465
410_rwanda-ceo,0.48544568,0.5145543
18495_geowiki-landcover-2017,0.47314242,0.52685755
11465_geowiki-landcover-2017,0.49115464,0.5088454
4333_central-asia,0.31929928,0.6807007
12196_geowiki-landcover-2017,0.7879681,0.2120319
1667_kenya-non-crop,0.7879754,0.21202458
30306_geowiki-landcover-2017,0.78797466,0.2120253
22616_geowiki-landcover-2017,0.6508276,0.34917235
591_lem-brazil,0.787975,0.21202494
621_canada,0.48099872,0.51900125
19349_geowiki-landcover-2017,0.32618922,0.6738108
16367_geowiki-landcover-2017,0.6508284,0.3491716
342_sudan,0.21244667,0.78755325
28594_geowiki-landcover-2017,0.65082586,0.34917417
4553_croplands,0.47529346,0.52470654
368_mali-helmets-labelling-crops,0.3211952,0.6788049
252_canada,0.3261897,0.6738103
1207_central-asia,0.19045389,0.8095462
6052_ile-de-france,0.1904539,0.8095461
2407_rwanda-ceo,0.78797555,0.2120245
2500_kenya-non-crop,0.787878,0.21212195
4852_croplands,0.64363,0.35636994
3751_croplands,0.6600668,0.33993325
4350_ile-de-france,0.32619426,0.6738058
30477_geowiki-landcover-2017,0.6508255,0.34917447
587_tanzania-rice-ecaas,0.787974,0.21202599
2991_ile-de-france,0.19045566,0.8095444
477_canada,0.48100036,0.51899964
35624_geowiki-landcover-2017,0.65082353,0.3491764
482_ile-de-france,0.19045395,0.809546
54_sudan,0.47527322,0.5247268
23536_geowiki-landcover-2017,0.49115467,0.5088454
1076_mali-helmets-labelling-crops,0.32119784,0.6788022
999_rwanda-ceo,0.7879754,0.21202463
2281_ile-de-france,0.19045381,0.8095462
762_croplands,0.6508266,0.34917337
2025_tanzania-ceo,0.7879758,0.21202426
8623_geowiki-landcover-2017,0.49331284,0.50668716
1988_tanzania-ceo,0.66000134,0.3399986
1256_kenya-non-crop,0.47529772,0.5247023
15566_geowiki-landcover-2017,0.3261892,0.6738108
32757_geowiki-landcover-2017,0.65082645,0.34917358
17463_geowiki-landcover-2017,0.31930277,0.6806972
20866_geowiki-landcover-2017,0.65082717,0.34917286
135_ile-de-france,0.19045392,0.8095461
17_central-asia,0.64883995,0.35116002
204_lem-brazil,0.6600074,0.33999258
140_geowiki-landcover-2017,0.7879714,0.21202862
1955_central-asia,0.32618925,0.6738107
6310_geowiki-landcover-2017,0.48099926,0.51900077
1525_croplands,0.19045913,0.80954087
35373_geowiki-landcover-2017,0.65082705,0.34917295
4448_canada,0.19045381,0.8095462
918_geowiki-landcover-2017,0.78797567,0.21202435
12841_croplands,0.47530025,0.52469975
220_tanzania-rice-ecaas,0.6436341,0.35636595
3830_canada,0.19045381,0.8095462
1424_geowiki-landcover-2017,0.66000944,0.3399905
1135_canada,0.32629785,0.6737022
26826_geowiki-landcover-2017,0.31053177,0.68946826
359_ile-de-france,0.32618847,0.67381155
30366_geowiki-landcover-2017,0.64869475,0.35130525
2498_germany,0.19045378,0.80954623
2334_kenya-non-crop,0.7879756,0.2120244
2702_canada,0.31053275,0.68946725
2552_canada,0.48099875,0.51900125
2709_rwanda-ceo,0.7879755,0.21202451
31153_geowiki-landcover-2017,0.4752957,0.52470434
4151_croplands,0.65082425,0.34917578
1052_mali-helmets-labelling-crops,0.32118255,0.67881745
472_rwanda-ceo,0.78797555,0.21202445
2534_reunion-france,0.6508277,0.3491723
1756_tanzania-ceo,0.7879756,0.2120244
119_tanzania-ceo,0.78797567,0.2120243
1219_tanzania-ceo,0.78797555,0.21202445
2743_canada,0.19045469,0.8095453
3777_canada,0.19045392,0.8095461
3392_ile-de-france,0.19045408,0.80954593
1053_togo,0.650827,0.34917304
30386_geowiki-landcover-2017,0.6508315,0.34916842
11576_geowiki-landcover-2017,0.6488634,0.35113668
2457_canada,0.32618898,0.673811
26704_geowiki-landcover-2017,0.4810048,0.51899517
2301_reunion-france,0.7879755,0.21202451
2186_martinique-france,0.6508279,0.34917206
1798_canada,0.31053284,0.6894672
3755_canada,0.19045632,0.80954367
2768_geowiki-landcover-2017,0.6508279,0.34917206
139_ethiopia,0.47328678,0.5267132
33341_geowiki-landcover-2017,0.32119334,0.67880666
2617_canada,0.19045378,0.80954623
3746_geowiki-landcover-2017,0.49333104,0.506669
17_ethiopia,0.47349903,0.526501
2776_ile-de-france,0.31053177,0.68946826
15051_geowiki-landcover-2017,0.6508266,0.34917337
15594_geowiki-landcover-2017,0.47313958,0.5268604
9236_geowiki-landcover-2017,0.19045904,0.8095409
1381_tanzania-ceo,0.6449781,0.3550219
13588_geowiki-landcover-2017,0.49331215,0.5066878
644_tanzania-rice-ecaas,0.485441,0.514559
6839_croplands,0.6436345,0.35636556
10358_geowiki-landcover-2017,0.49115437,0.5088456
2546_canada,0.48099896,0.51900107
24112_geowiki-landcover-2017,0.6508021,0.3491979
2313_tanzania-ceo,0.6436804,0.35631958
749_tanzania-ceo,0.7879756,0.2120244
2489_geowiki-landcover-2017,0.66000855,0.3399915
21615_geowiki-landcover-2017,0.4731408,0.5268592
24944_geowiki-landcover-2017,0.65082747,0.34917253
15274_geowiki-landcover-2017,0.78794706,0.21205296
1890_geowiki-landcover-2017,0.78797525,0.21202475
2334_central-asia,0.19045436,0.80954564
2508_geowiki-landcover-2017,0.47529125,0.52470875
6432_geowiki-landcover-2017,0.4809994,0.5190006
22222_geowiki-landcover-2017,0.4809989,0.51900107
5806_ile-de-france,0.1904539,0.8095461
394_central-asia,0.19045478,0.8095452
32754_geowiki-landcover-2017,0.4933149,0.5066851
5683_geowiki-landcover-2017,0.64377904,0.35622093
6557_canada,0.48099878,0.51900125
2195_kenya-non-crop,0.78797466,0.21202531
316_kenya-non-crop,0.7879756,0.21202436
1724_tanzania-ceo,0.78797525,0.21202475
560_germany,0.32618913,0.67381084
14026_geowiki-landcover-2017,0.31054902,0.689451
53_rwanda-ceo,0.787975,0.212025
1457_canada,0.310533,0.689467
485_central-asia,0.3105402,0.6894598
3603_canada,0.3105332,0.68946683
114_lem-brazil,0.65812886,0.34187108
4367_central-asia,0.319174,0.680826
1240_rwanda-ceo,0.78797555,0.21202445
2213_geowiki-landcover-2017,0.6508255,0.34917456
16_tanzania-ceo,0.6508274,0.3491726
603_mali-helmets-labelling-crops,0.47525313,0.52474684
666_martinique-france,0.6508275,0.34917244
2417_martinique-france,0.6508288,0.34917125
2868_canada,0.47529536,0.5247047
35066_geowiki-landcover-2017,0.32118317,0.67881685
2123_germany,0.19045386,0.8095462
621_martinique-france,0.4933342,0.50666577
2050_germany,0.32618877,0.6738112
2010_canada,0.3261889,0.67381114
2601_geowiki-landcover-2017,0.48580465,0.5141953
5265_ile-de-france,0.19045404,0.809546
3858_ile-de-france,0.19045389,0.8095462
5994_canada,0.31051174,0.6894883
1055_croplands,0.19045366,0.8095463
783_canada,0.48099968,0.51900035
14608_geowiki-landcover-2017,0.6506483,0.34935167
1477_martinique-france,0.6508282,0.3491718
22889_geowiki-landcover-2017,0.650822,0.34917802
32031_geowiki-landcover-2017,0.32618877,0.6738112
10125_geowiki-landcover-2017,0.47313958,0.5268604
31712_geowiki-landcover-2017,0.4752964,0.52470356
286_reunion-france,0.47529218,0.52470785
194_kenya,0.78797567,0.21202435
846_ile-de-france,0.1904539,0.8095461
1429_martinique-france,0.6508315,0.3491685
34_reunion-france,0.7879735,0.21202643
1680_martinique-france,0.6508276,0.3491724
5698_ile-de-france,0.19045387,0.8095462
2190_ile-de-france,0.31053236,0.68946767
37_germany,0.31053126,0.6894688
761_lem-brazil,0.7879754,0.21202463
2898_ile-de-france,0.3261899,0.67381006
785_croplands,0.19045392,0.8095461
816_rwanda-ceo,0.7879752,0.21202482
5653_canada,0.31053203,0.68946797
1781_reunion-france,0.78797525,0.2120247
29265_geowiki-landcover-2017,0.48225415,0.5177459
3434_geowiki-landcover-2017,0.6508278,0.34917223
4612_canada,0.31053233,0.68946767
1800_central-asia,0.19045398,0.809546
1508_croplands,0.6488619,0.3511381
21877_geowiki-landcover-2017,0.65082836,0.34917164
4072_ile-de-france,0.3261769,0.6738231
2532_reunion-france,0.6508276,0.34917235
364_lem-brazil,0.78797555,0.21202445
2224_martinique-france,0.6508277,0.34917235
207_germany,0.19045378,0.80954623
30069_geowiki-landcover-2017,0.4809973,0.5190027
4311_ile-de-france,0.48095742,0.5190426
1445_martinique-france,0.65082747,0.34917253
361_tanzania,0.78797567,0.21202435
4382_canada,0.3105323,0.68946767
1944_central-asia,0.19064744,0.80935264
221_lem-brazil,0.48544067,0.5145593
2692_reunion-france,0.7879754,0.21202458
3699_central-asia,0.19045404,0.809546
22488_geowiki-landcover-2017,0.32618967,0.67381036
2557_rwanda-ceo,0.78797555,0.21202444
1456_ile-de-france,0.19045392,0.8095461
30355_geowiki-landcover-2017,0.32662088,0.6733791
1026_mali-helmets-labelling-crops,0.32118243,0.67881763
13495_croplands,0.47553608,0.5244639
18146_geowiki-landcover-2017,0.65082747,0.3491725
4442_ile-de-france,0.3261928,0.67380714
221_ile-de-france,0.32618967,0.67381036
5263_ile-de-france,0.19045404,0.809546
528_mali-helmets-labelling-crops,0.32118246,0.6788175
932_canada,0.19045424,0.80954576
896_tanzania-ceo,0.64363456,0.35636544
6371_geowiki-landcover-2017,0.64886326,0.35113677
12421_geowiki-landcover-2017,0.6508275,0.34917244
187_reunion-france,0.66000956,0.33999044
1216_rwanda-ceo,0.7879754,0.21202463
621_central-asia,0.19045442,0.80954564
961_martinique-france,0.65082747,0.34917247
852_mali-helmets-labelling-crops,0.32118502,0.67881495
318_germany,0.32618806,0.673812
13712_croplands,0.47529212,0.5247079
1381_croplands,0.47527868,0.5247213
2359_canada,0.48092228,0.5190778
21953_geowiki-landcover-2017,0.66000885,0.33999115
5626_canada,0.19045374,0.80954623
8214_geowiki-landcover-2017,0.650827,0.34917304
4097_central-asia,0.4809978,0.5190022
13349_geowiki-landcover-2017,0.6508277,0.3491723
33099_geowiki-landcover-2017,0.6508278,0.34917223
2526_germany,0.32618904,0.67381096
2040_germany,0.19045386,0.8095462
11923_geowiki-landcover-2017,0.6508277,0.3491723
1755_rwanda-ceo,0.7879463,0.21205372
569_togo,0.49331343,0.5066865
4611_croplands,0.64364177,0.35635823
6883_croplands,0.6436344,0.35636562
3168_rwanda-ceo,0.78797585,0.21202418
1011_canada,0.48099986,0.5190001
4506_croplands,0.47529304,0.52470696
1074_reunion-france,0.65088004,0.34911996
4566_central-asia,0.31928754,0.68071246
5146_canada,0.31053278,0.6894672
4_zimbabwe,0.787975,0.21202497
14018_geowiki-landcover-2017,0.65081275,0.34918725
12642_croplands,0.6508268,0.34917316
90_ile-de-france,0.19045436,0.80954564
7549_geowiki-landcover-2017,0.3261893,0.67381066
5237_ile-de-france,0.19045389,0.8095462
28326_geowiki-landcover-2017,0.6508274,0.3491726
665_germany,0.19045374,0.80954623
3635_croplands,0.6436341,0.35636592
3373_geowiki-landcover-2017,0.4933078,0.5066922
22341_geowiki-landcover-2017,0.31053418,0.6894658
1263_central-asia,0.19045404,0.80954593
539_germany,0.32618877,0.6738112
31623_geowiki-landcover-2017,0.49329937,0.50670063
1661_ile-de-france,0.19045381,0.8095462
6104_canada,0.19045378,0.80954623
2383_central-asia,0.32619455,0.6738054
126_sudan,0.48552358,0.5144764
1411_martinique-france,0.6508284,0.3491716
7330_geowiki-landcover-2017,0.4809992,0.5190008
4607_geowiki-landcover-2017,0.49331564,0.50668436
3266_rwanda-ceo,0.7879756,0.2120244
2855_central-asia,0.19045864,0.80954134
1523_central-asia,0.19045414,0.8095459
11028_croplands,0.66000986,0.33999014
17_germany,0.19045392,0.8095461
14047_geowiki-landcover-2017,0.32619008,0.6738099
331_ile-de-france,0.48099685,0.51900315
719_canada,0.19052458,0.80947536
33179_geowiki-landcover-2017,0.48099703,0.5190029
2335_tanzania-ceo,0.48545727,0.5145427
641_croplands,0.32618973,0.6738103
11276_geowiki-landcover-2017,0.7879754,0.21202458
10129_croplands,0.48544005,0.51456
1140_germany,0.31053185,0.68946815
667_tanzania-ceo,0.6508281,0.34917185
16325_geowiki-landcover-2017,0.64886695,0.35113308
3676_geowiki-landcover-2017,0.6508273,0.3491727
2009_central-asia,0.19045395,0.809546
1981_canada,0.31053662,0.6894634
982_tanzania-ceo,0.7879756,0.21202436
920_reunion-france,0.66000843,0.33999157
1336_mali-helmets-labelling-crops,0.47529194,0.5247081
4347_geowiki-landcover-2017,0.31930313,0.68069685
3349_canada,0.31053236,0.68946767
12731_geowiki-landcover-2017,0.47313994,0.52686006
1146_geowiki-landcover-2017,0.65999895,0.340001
3782_geowiki-landcover-2017,0.47529188,0.52470815
9427_geowiki-landcover-2017,0.3261822,0.67381775
182_martinique-france,0.65082747,0.34917247
497_canada,0.48099947,0.5190005
654_geowiki-landcover-2017,0.643642,0.35635796
742_reunion-france,0.66000885,0.33999115
4966_geowiki-landcover-2017,0.6508278,0.34917215
100_tanzania-rice-ecaas,0.4854415,0.5145585
1412_mali-helmets-labelling-crops,0.32118258,0.6788174
3236_ile-de-france,0.19045386,0.8095462
1094_ile-de-france,0.31052628,0.6894737
1918_geowiki-landcover-2017,0.78796566,0.21203434
25794_geowiki-landcover-2017,0.32619265,0.6738074
18861_geowiki-landcover-2017,0.1904558,0.8095442
2672_reunion-france,0.7879754,0.21202463
390_central-asia,0.19045524,0.80954474
13730_geowiki-landcover-2017,0.65082586,0.34917417
1863_geowiki-landcover-2017,0.65082747,0.34917247
33114_geowiki-landcover-2017,0.6508268,0.34917316
2208_martinique-france,0.6508278,0.34917217
3459_central-asia,0.31053248,0.68946755
35097_geowiki-landcover-2017,0.6600094,0.3399906
1226_reunion-france,0.78797495,0.212025
21339_geowiki-landcover-2017,0.473137,0.52686304
12696_geowiki-landcover-2017,0.64879173,0.35120827
3689_geowiki-landcover-2017,0.6508276,0.34917244
10780_croplands,0.7879755,0.21202455
8485_geowiki-landcover-2017,0.6508283,0.34917173
5417_geowiki-landcover-2017,0.49115434,0.5088457
1444_martinique-france,0.6508277,0.34917235
20202_geowiki-landcover-2017,0.32618934,0.6738106
2167_martinique-france,0.6508297,0.34917033
702_mali-helmets-labelling-crops,0.65082496,0.34917504
2647_geowiki-landcover-2017,0.49331516,0.50668484
3948_central-asia,0.48099902,0.51900095
3847_croplands,0.6508272,0.34917277
26764_geowiki-landcover-2017,0.31930438,0.6806956
5326_geowiki-landcover-2017,0.6508278,0.34917217
1057_central-asia,0.19045438,0.80954564
5886_ile-de-france,0.19045392,0.8095461
4377_canada,0.48099902,0.519001
11534_geowiki-landcover-2017,0.66229045,0.33770958
23872_geowiki-landcover-2017,0.32621208,0.6737879
2715_reunion-france,0.65082747,0.34917253
1841_martinique-france,0.65082675,0.34917325
835_germany,0.19046819,0.8095318
7883_geowiki-landcover-2017,0.49331263,0.5066874
5504_geowiki-landcover-2017,0.31930247,0.68069756
13576_croplands,0.47529346,0.52470654
5250_geowiki-landcover-2017,0.31053275,0.68946725
13826_croplands,0.7879636,0.21203637
493_tanzania-ceo,0.78797555,0.21202444
5037_canada,0.19045375,0.80954623
7340_geowiki-landcover-2017,0.4752867,0.5247133
1168_kenya-non-crop,0.78797567,0.21202426
3263_central-asia,0.31053227,0.68946767
1526_ile-de-france,0.3261891,0.6738109
112_mali,0.3212799,0.67872006
1930_reunion-france,0.65082747,0.3491725
875_togo,0.6508276,0.34917244
22415_geowiki-landcover-2017,0.64886343,0.3511365
30063_geowiki-landcover-2017,0.49115428,0.5088457
970_germany,0.32618964,0.6738104
1824_canada,0.3261891,0.6738109
22208_geowiki-landcover-2017,0.19045399,0.809546
126_togo,0.475292,0.524708
9840_croplands,0.7877114,0.21228866
2727_reunion-france,0.6508278,0.34917217
25873_geowiki-landcover-2017,0.6508274,0.34917256
4651_ile-de-france,0.31063798,0.68936205
394_sudan,0.6508274,0.3491726
10775_geowiki-landcover-2017,0.3193029,0.6806971
5047_ile-de-france,0.19045419,0.8095459
1450_ile-de-france,0.19045389,0.8095462
21408_geowiki-landcover-2017,0.480998,0.519002
844_reunion-france,0.66000843,0.33999154
1272_kenya-non-crop,0.78797406,0.21202588
687_martinique-france,0.65082717,0.34917286
9603_geowiki-landcover-2017,0.66001844,0.33998156
3365_rwanda-ceo,0.78797525,0.21202475
87_rwanda-ceo,0.7879754,0.21202463
1318_croplands,0.49330735,0.50669265
3018_ile-de-france,0.3261884,0.6738117
1794_ile-de-france,0.19045392,0.8095461
385_tanzania,0.78797495,0.21202502
457_canada,0.1904541,0.8095459
28396_geowiki-landcover-2017,0.65082556,0.3491744
4166_ile-de-france,0.32618728,0.67381275
33989_geowiki-landcover-2017,0.1904546,0.8095454
3526_rwanda-ceo,0.7879754,0.21202464
249_kenya-non-crop,0.78797567,0.2120243
436_martinique-france,0.6508284,0.34917155
182_kenya,0.6436354,0.35636464
376_geowiki-landcover-2017,0.7879753,0.21202467
668_ethiopia,0.64363295,0.35636705
7465_canada,0.4809984,0.5190016
3043_ile-de-france,0.19045995,0.8095401
29344_geowiki-landcover-2017,0.31055295,0.689447
8096_geowiki-landcover-2017,0.6508533,0.3491467
7473_canada,0.48068854,0.5193115
3935_canada,0.31053242,0.68946755
16016_geowiki-landcover-2017,0.64886034,0.3511397
52_rwanda-ceo,0.7879755,0.21202451
789_geowiki-landcover-2017,0.6436341,0.35636592
2104_geowiki-landcover-2017,0.7879755,0.21202452
391_ethiopia,0.66001654,0.33998343
1788_martinique-france,0.65082747,0.34917256
7306_canada,0.19045487,0.80954516
7662_geowiki-landcover-2017,0.65082747,0.34917253
19533_geowiki-landcover-2017,0.6508255,0.3491745
18677_geowiki-landcover-2017,0.6508273,0.34917274
159_reunion-france,0.78797555,0.21202444
12382_geowiki-landcover-2017,0.3261926,0.6738074
5081_geowiki-landcover-2017,0.31053317,0.68946683
1242_canada,0.31053224,0.6894677
6728_canada,0.4809364,0.51906353
16032_geowiki-landcover-2017,0.6488634,0.35113665
35132_geowiki-landcover-2017,0.6508278,0.34917215
525_central-asia,0.19045687,0.80954313
4713_canada,0.31053185,0.6894681
1451_germany,0.32619444,0.67380553
7872_canada,0.19045378,0.80954623
759_tanzania-rice-ecaas,0.4854418,0.5145582
33330_geowiki-landcover-2017,0.32618895,0.6738111
14888_geowiki-landcover-2017,0.78797334,0.21202666
21936_geowiki-landcover-2017,0.6508292,0.34917074
3321_canada,0.48099634,0.5190036
141_reunion-france,0.6508277,0.3491723
1572_reunion-france,0.7879754,0.21202463
24526_geowiki-landcover-2017,0.3261929,0.67380714
225_lem-brazil,0.48544022,0.51455975
630_geowiki-landcover-2017,0.7879754,0.21202463
7900_canada,0.48099786,0.51900214
10363_geowiki-landcover-2017,0.49115455,0.5088455
2435_rwanda-ceo,0.7879754,0.21202455
1700_martinique-france,0.6508267,0.34917334
17202_geowiki-landcover-2017,0.7879749,0.21202512
240_martinique-france,0.65082747,0.34917247
9683_geowiki-landcover-2017,0.49115503,0.5088449
3095_central-asia,0.19045535,0.8095446
5008_central-asia,0.31053144,0.68946856
22499_geowiki-landcover-2017,0.6488625,0.35113758
6468_croplands,0.6436343,0.35636574
26771_geowiki-landcover-2017,0.49115255,0.5088475
4242_ile-de-france,0.19045383,0.8095462
2629_reunion-france,0.787975,0.212025
2781_canada,0.48099786,0.51900214
4879_ile-de-france,0.19045569,0.80954427
430_kenya-non-crop,0.7879755,0.21202451
2069_reunion-france,0.6508277,0.34917226
4615_central-asia,0.3105331,0.6894669
19670_geowiki-landcover-2017,0.6508277,0.3491723
2118_rwanda-ceo,0.7879758,0.21202426
9893_croplands,0.78797454,0.2120255
8317_geowiki-landcover-2017,0.6508279,0.34917215
26740_geowiki-landcover-2017,0.49115247,0.50884753
1442_kenya-non-crop,0.6508281,0.34917194
9233_croplands,0.3211849,0.6788151
27275_geowiki-landcover-2017,0.78797483,0.21202523
30992_geowiki-landcover-2017,0.31053218,0.68946785
772_tanzania-ceo,0.6509167,0.34908333
31021_geowiki-landcover-2017,0.32618847,0.67381155
7206_geowiki-landcover-2017,0.47601098,0.5239891
7786_canada,0.6508269,0.3491731
5187_central-asia,0.31053224,0.6894677
18241_geowiki-landcover-2017,0.65082747,0.34917253
13233_geowiki-landcover-2017,0.64886236,0.35113764
481_geowiki-landcover-2017,0.65082747,0.34917247
2387_central-asia,0.32619,0.67380995
21453_geowiki-landcover-2017,0.4809988,0.5190012
22073_geowiki-landcover-2017,0.48099703,0.5190029
6059_geowiki-landcover-2017,0.6488625,0.35113758
29441_geowiki-landcover-2017,0.65082747,0.34917256
28985_geowiki-landcover-2017,0.49331087,0.5066892
367_croplands,0.475292,0.524708
32346_geowiki-landcover-2017,0.32619148,0.6738085
2494_kenya-non-crop,0.6508295,0.34917054
205_martinique-france,0.6508276,0.3491724
33059_geowiki-landcover-2017,0.6508265,0.34917355
4684_ile-de-france,0.19045392,0.8095461
119_togo,0.47529215,0.52470785
769_tanzania-ceo,0.6966691,0.3033309
20364_geowiki-landcover-2017,0.49328166,0.50671834
1384_mali-helmets-labelling-crops,0.32118413,0.67881584
362_togo,0.6508246,0.3491754
3600_ile-de-france,0.32618892,0.6738111
19061_geowiki-landcover-2017,0.48100027,0.5189997
2125_central-asia,0.19045462,0.8095454
3531_ile-de-france,0.19045387,0.8095462
573_mali-helmets-labelling-crops,0.32118252,0.6788175
20221_geowiki-landcover-2017,0.7879701,0.21202983
28129_geowiki-landcover-2017,0.6508269,0.34917307
31880_geowiki-landcover-2017,0.31053144,0.68946856
1624_tanzania-ceo,0.78797376,0.21202618
2063_germany,0.31053182,0.6894682
2746_canada,0.19045383,0.8095462
1247_togo,0.65082717,0.34917286
2702_central-asia,0.19046013,0.80953985
1168_tanzania-ceo,0.48543435,0.51456565
279_croplands,0.310534,0.68946606
190_togo,0.65082854,0.34917143
13560_croplands,0.47529218,0.52470785
566_tanzania-rice-ecaas,0.4854458,0.5145542
2596_reunion-france,0.78797483,0.21202515
23183_geowiki-landcover-2017,0.49115095,0.508849
33141_geowiki-landcover-2017,0.6508276,0.3491724
8194_geowiki-landcover-2017,0.6508265,0.34917352
2265_rwanda-ceo,0.78797567,0.2120243
226_kenya-non-crop,0.78797495,0.21202509
3144_canada,0.19045395,0.809546
2371_rwanda-ceo,0.7879755,0.21202451
14136_geowiki-landcover-2017,0.64886343,0.3511366
2105_reunion-france,0.6508276,0.34917244
706_ethiopia,0.65083015,0.34916982
15064_geowiki-landcover-2017,0.49363887,0.5063612
199_tanzania-ceo,0.7879747,0.21202527
2077_ile-de-france,0.32618877,0.6738112
842_togo,0.787963,0.21203706
2110_kenya-non-crop,0.78797567,0.2120243
31429_geowiki-landcover-2017,0.19045505,0.809545
9778_geowiki-landcover-2017,0.19045985,0.80954015
3321_rwanda-ceo,0.78797567,0.2120243
2425_central-asia,0.19045441,0.80954564
813_ethiopia,0.4752867,0.52471334
1647_reunion-france,0.4752923,0.5247077
735_tanzania-ceo,0.643635,0.35636505
1930_rwanda-ceo,0.78797555,0.21202445
26069_geowiki-landcover-2017,0.47529188,0.52470815
5850_ile-de-france,0.19045407,0.80954593
34590_geowiki-landcover-2017,0.32620013,0.6737999
1016_tanzania-ceo,0.660009,0.3399909
9706_geowiki-landcover-2017,0.78797525,0.2120247
26512_geowiki-landcover-2017,0.3105341,0.6894659
663_central-asia,0.48096755,0.5190325
2356_rwanda-ceo,0.7879753,0.21202467
35083_geowiki-landcover-2017,0.48065084,0.5193491
20976_geowiki-landcover-2017,0.48100057,0.51899946
23753_geowiki-landcover-2017,0.65084505,0.34915492
2973_rwanda-ceo,0.78797567,0.2120243
616_lem-brazil,0.78797555,0.21202444
2142_germany,0.31053135,0.6894687
3962_canada,0.48099896,0.519001
1787_germany,0.3105371,0.6894629
7_croplands,0.6488587,0.35114127
3782_ile-de-france,0.3261884,0.6738117
25413_geowiki-landcover-2017,0.49115485,0.50884515
3259_canada,0.48099896,0.519001
399_croplands,0.310527,0.68947303
2515_rwanda-ceo,0.78797525,0.2120247
234_germany,0.326189,0.67381096
4317_central-asia,0.47313666,0.5268634
2091_geowiki-landcover-2017,0.6508276,0.34917244
6243_geowiki-landcover-2017,0.47313946,0.52686054
23547_geowiki-landcover-2017,0.6488636,0.3511364
5468_ile-de-france,0.19045389,0.8095462
2378_kenya-non-crop,0.7879754,0.21202463
1254_tanzania-ceo,0.7879751,0.2120249
2570_geowiki-landcover-2017,0.7879724,0.21202761
12158_geowiki-landcover-2017,0.47313964,0.52686036
204_kenya-non-crop,0.78797585,0.21202418
11219_geowiki-landcover-2017,0.64886355,0.35113645
11508_geowiki-landcover-2017,0.31060904,0.68939096
5066_ile-de-france,0.31053132,0.6894687
21691_geowiki-landcover-2017,0.47526786,0.5247322
1493_martinique-france,0.65082866,0.34917134
5125_canada,0.31053224,0.6894677
4942_ile-de-france,0.19045392,0.8095461
3817_canada,0.19045383,0.8095462
4441_ile-de-france,0.32618883,0.67381114
2437_geowiki-landcover-2017,0.7879715,0.21202855
18293_geowiki-landcover-2017,0.3261919,0.6738081
29630_geowiki-landcover-2017,0.31053218,0.6894678
12369_geowiki-landcover-2017,0.48099956,0.5190004
442_tanzania-rice-ecaas,0.787972,0.21202806
293_lem-brazil,0.48544043,0.51455957
357_martinique-france,0.65082765,0.34917235
15239_geowiki-landcover-2017,0.47812012,0.5218799
23567_geowiki-landcover-2017,0.49180123,0.5081988
7267_geowiki-landcover-2017,0.7879754,0.21202458
17054_geowiki-landcover-2017,0.64362746,0.35637254
574_tanzania-rice-ecaas,0.6600093,0.3399907
2911_central-asia,0.19046596,0.8095341
3838_central-asia,0.19045654,0.80954343
28785_geowiki-landcover-2017,0.3105322,0.6894677
2289_rwanda-ceo,0.78797555,0.21202445
1256_togo,0.4933099,0.5066901
18810_geowiki-landcover-2017,0.48099896,0.519001
14102_geowiki-landcover-2017,0.6488635,0.3511365
2166_canada,0.31027597,0.68972397
4363_croplands,0.6508285,0.3491715
2361_central-asia,0.19045444,0.8095455
2160_kenya-non-crop,0.7879756,0.2120244
796_ile-de-france,0.19045392,0.8095461
734_mali-helmets-labelling-crops,0.47530776,0.52469224
15684_geowiki-landcover-2017,0.48099926,0.51900077
7721_canada,0.31053218,0.68946785
1989_tanzania-ceo,0.78797567,0.21202426
4795_ile-de-france,0.19045392,0.8095461
2680_kenya-non-crop,0.6436344,0.35636556
31935_geowiki-landcover-2017,0.31052303,0.6894769
2718_rwanda-ceo,0.78797555,0.21202444
334_geowiki-landcover-2017,0.7879711,0.21202889
8350_geowiki-landcover-2017,0.6508275,0.34917244
1703_tanzania-ceo,0.787975,0.212025
18534_geowiki-landcover-2017,0.6508209,0.34917906
621_reunion-france,0.787975,0.212025
31938_geowiki-landcover-2017,0.49115515,0.50884485
35212_geowiki-landcover-2017,0.31053218,0.6894678
30435_geowiki-landcover-2017,0.32618898,0.673811
10886_croplands,0.48544592,0.514554
17867_geowiki-landcover-2017,0.6488625,0.3511375
15316_geowiki-landcover-2017,0.65096426,0.34903574
4271_canada,0.3261893,0.6738107
34694_geowiki-landcover-2017,0.48099825,0.5190017
1069_togo,0.32118404,0.67881596
4070_geowiki-landcover-2017,0.4731397,0.5268603
5114_geowiki-landcover-2017,0.3262899,0.67371005
421_central-asia,0.19045517,0.80954486
2459_kenya-non-crop,0.6508087,0.34919128
34799_geowiki-landcover-2017,0.48099717,0.51900285
12632_geowiki-landcover-2017,0.32618916,0.67381084
34245_geowiki-landcover-2017,0.3211823,0.6788177
100_tanzania-ceo,0.78797436,0.21202561
5249_canada,0.32618886,0.6738111
35069_geowiki-landcover-2017,0.31053188,0.6894681
135_rwanda-ceo,0.7879753,0.21202467
1213_germany,0.3261897,0.6738103
753_lem-brazil,0.7879754,0.21202458
8_germany,0.310535,0.68946505
1328_tanzania-ceo,0.6508276,0.34917235
703_lem-brazil,0.66000855,0.33999145
722_ile-de-france,0.3261886,0.6738114
4292_geowiki-landcover-2017,0.6504709,0.34952915
14479_geowiki-landcover-2017,0.48099917,0.5190008
955_rwanda-ceo,0.7879755,0.21202451
1010_kenya-non-crop,0.7879756,0.2120244
4565_canada,0.31053227,0.68946767
6392_geowiki-landcover-2017,0.64886343,0.3511365
18611_geowiki-landcover-2017,0.6508274,0.3491726
19738_geowiki-landcover-2017,0.6488606,0.35113946
793_croplands,0.19045381,0.8095462
1707_ile-de-france,0.19045392,0.8095461
29853_geowiki-landcover-2017,0.32618913,0.67381084
12244_geowiki-landcover-2017,0.4731396,0.5268604
1132_canada,0.32736802,0.6726319
893_canada,0.19046809,0.8095319
746_croplands,0.4752996,0.5247004
13_reunion-france,0.7879754,0.21202458
99_martinique-france,0.6508277,0.3491723
78_kenya,0.7879755,0.21202455
595_tanzania-rice-ecaas,0.48543963,0.51456034
4685_central-asia,0.3105331,0.68946683
14889_geowiki-landcover-2017,0.78797257,0.21202746
1182_togo,0.6508247,0.34917527
5810_canada,0.19045378,0.80954623
28109_geowiki-landcover-2017,0.4911562,0.5088438
1433_tanzania-ceo,0.78797525,0.21202473
2001_martinique-france,0.6508274,0.34917265
5127_central-asia,0.31887662,0.6811234
1319_kenya-non-crop,0.7879758,0.21202421
841_rwanda-ceo,0.78797555,0.21202445
130_ile-de-france,0.19045395,0.8095461
177_central-asia,0.19045597,0.80954397
2396_ile-de-france,0.19045395,0.809546
19767_geowiki-landcover-2017,0.78797424,0.2120258
12444_croplands,0.65082747,0.3491725
29070_geowiki-landcover-2017,0.49115446,0.5088455
31952_geowiki-landcover-2017,0.48099908,0.51900095
3640_geowiki-landcover-2017,0.6508266,0.34917346
3229_canada,0.48099917,0.5190008
14925_croplands,0.31053424,0.6894657
646_central-asia,0.19045454,0.80954546
986_ile-de-france,0.19045399,0.809546
2490_central-asia,0.19045441,0.80954564
4957_ile-de-france,0.19045407,0.80954593
5888_geowiki-landcover-2017,0.47312534,0.5268746
17053_geowiki-landcover-2017,0.787972,0.21202797
53_ethiopia,0.6436246,0.35637543
556_lem-brazil,0.6622339,0.3377661
3261_canada,0.326192,0.67380804
720_canada,0.31053185,0.6894681
21885_geowiki-landcover-2017,0.475292,0.52470803
5968_canada,0.19045378,0.80954623
1856_reunion-france,0.78797495,0.21202502
34644_geowiki-landcover-2017,0.19045371,0.8095463
3928_ile-de-france,0.19045457,0.8095454
1534_reunion-france,0.6508281,0.34917194
501_mali-helmets-labelling-crops,0.32118228,0.6788177
1408_martinique-france,0.6508271,0.34917295
22147_geowiki-landcover-2017,0.64886343,0.3511366
2125_croplands,0.4753023,0.5246977
1117_martinique-france,0.6508277,0.34917235
29363_geowiki-landcover-2017,0.19045888,0.8095411
1575_canada,0.3105324,0.6894676
180_tanzania-rice-ecaas,0.48544028,0.5145597
25_brazil-non-crop,0.787975,0.21202494
9846_geowiki-landcover-2017,0.47529316,0.52470684
3284_geowiki-landcover-2017,0.47529387,0.5247061
28188_geowiki-landcover-2017,0.6508277,0.3491723
31987_geowiki-landcover-2017,0.19045375,0.80954623
6969_canada,0.4809989,0.5190011
123_ile-de-france,0.19045389,0.8095462
5650_ile-de-france,0.19045395,0.8095461
6653_canada,0.19045381,0.8095462
24886_geowiki-landcover-2017,0.7879721,0.21202794
2802_geowiki-landcover-2017,0.49331266,0.50668734
363_martinique-france,0.6508277,0.34917226
20724_geowiki-landcover-2017,0.47529185,0.52470815
2132_geowiki-landcover-2017,0.78792256,0.2120774
1929_geowiki-landcover-2017,0.6508276,0.34917244
33879_geowiki-landcover-2017,0.6488634,0.3511366
19656_geowiki-landcover-2017,0.48099717,0.51900285
24640_geowiki-landcover-2017,0.6488628,0.35113728
13202_geowiki-landcover-2017,0.3261926,0.6738074
479_tanzania-rice-ecaas,0.6600127,0.33998728
1785_reunion-france,0.7879754,0.21202463
313_central-asia,0.19045708,0.8095429
4164_geowiki-landcover-2017,0.7879224,0.21207757
33745_geowiki-landcover-2017,0.31054637,0.68945366
6951_geowiki-landcover-2017,0.47313747,0.52686256
806_central-asia,0.19045462,0.8095454
66_mali,0.49331197,0.50668806
4310_croplands,0.47529182,0.5247082
564_mali-helmets-labelling-crops,0.32122248,0.6787775
19337_geowiki-landcover-2017,0.47529155,0.5247085
16711_geowiki-landcover-2017,0.6508276,0.34917235
3007_canada,0.48208675,0.5179133
1193_togo,0.49331257,0.50668746
32612_geowiki-landcover-2017,0.6508277,0.3491723
306_kenya-non-crop,0.7879756,0.21202436
1184_kenya-non-crop,0.78797555,0.2120245
1391_mali-helmets-labelling-crops,0.3211872,0.67881274
34211_geowiki-landcover-2017,0.49330935,0.5066907
190_tanzania,0.78797436,0.21202566
629_tanzania-ceo,0.6600093,0.3399907
2539_germany,0.48099852,0.51900154
23502_geowiki-landcover-2017,0.47313976,0.52686024
3096_canada,0.48099926,0.51900077
1265_geowiki-landcover-2017,0.64365447,0.35634553
937_germany,0.3261912,0.67380875
1834_ile-de-france,0.1904539,0.8095461
2376_tanzania-ceo,0.6436344,0.35636565
771_rwanda-ceo,0.78797525,0.2120248
1771_reunion-france,0.7879755,0.21202455
4807_ile-de-france,0.19045392,0.8095461
33517_geowiki-landcover-2017,0.3261893,0.6738107
2588_ile-de-france,0.19045395,0.809546
1934_ile-de-france,0.32618618,0.6738138
776_ile-de-france,0.3102156,0.6897844
24889_geowiki-landcover-2017,0.6508267,0.34917328
4712_ile-de-france,0.19045383,0.8095462
1149_tanzania-ceo,0.78797454,0.2120255
888_kenya-non-crop,0.7879743,0.21202572
1848_reunion-france,0.7879753,0.21202467
2812_central-asia,0.19046861,0.8095314
19213_geowiki-landcover-2017,0.48099902,0.51900095
29629_geowiki-landcover-2017,0.31053582,0.68946415
6656_canada,0.32618824,0.67381173
3139_canada,0.19045444,0.8095455
1153_canada,0.48099956,0.5190004
5743_canada,0.19045381,0.8095462
3065_rwanda-ceo,0.7879755,0.21202455
76_reunion-france,0.66000885,0.33999115
967_martinique-france,0.65082765,0.34917235
3565_geowiki-landcover-2017,0.6508279,0.34917206
16464_geowiki-landcover-2017,0.6600101,0.33998993
2858_rwanda-ceo,0.78797555,0.21202444
22350_geowiki-landcover-2017,0.48102003,0.51897997
10074_geowiki-landcover-2017,0.4911546,0.50884545
18476_geowiki-landcover-2017,0.7879754,0.21202463
10704_geowiki-landcover-2017,0.6488632,0.3511368
32175_geowiki-landcover-2017,0.32619008,0.67380995
2003_germany,0.19045375,0.80954623
4288_croplands,0.65082335,0.34917665
24509_geowiki-landcover-2017,0.31930327,0.6806967
1143_togo,0.6508273,0.34917274
430_rwanda-ceo,0.78797555,0.21202445
325_rwanda-ceo,0.7879754,0.21202458
157_kenya-non-crop,0.78797567,0.2120243
1250_mali-helmets-labelling-crops,0.4752882,0.5247118
78_croplands,0.65082735,0.34917265
2992_rwanda-ceo,0.6436342,0.3563658
2760_rwanda-ceo,0.78797567,0.21202426
34985_geowiki-landcover-2017,0.32618868,0.6738113
218_lem-brazil,0.6600094,0.3399906
1309_canada,0.31053218,0.68946785
259_ethiopia,0.6488706,0.35112938
33859_geowiki-landcover-2017,0.48099902,0.51900095
35378_geowiki-landcover-2017,0.49115473,0.5088453
1592_central-asia,0.19045395,0.809546
4241_canada,0.32118183,0.67881817
1164_mali-helmets-labelling-crops,0.32118258,0.67881745
35828_geowiki-landcover-2017,0.6508278,0.34917217
2561_geowiki-landcover-2017,0.49331656,0.50668347
1965_geowiki-landcover-2017,0.78797567,0.21202435
4551_canada,0.3105324,0.68946767
273_sudan,0.32118446,0.67881554
3083_ile-de-france,0.19045392,0.8095461
6545_geowiki-landcover-2017,0.31053227,0.6894677
974_martinique-france,0.6508276,0.34917235
1706_kenya-non-crop,0.78797567,0.21202429
4131_croplands,0.47529253,0.5247075
1230_togo,0.49331245,0.5066876
1210_rwanda-ceo,0.78797555,0.21202445
6918_canada,0.3105323,0.68946767
7910_geowiki-landcover-2017,0.64885974,0.3511403
9325_croplands,0.78797287,0.2120271
5960_geowiki-landcover-2017,0.3261887,0.67381126
1822_geowiki-landcover-2017,0.6508274,0.34917256
491_lem-brazil,0.64363676,0.3563632
13213_geowiki-landcover-2017,0.6508272,0.34917277
717_tanzania-rice-ecaas,0.78797525,0.21202478
1098_reunion-france,0.7879753,0.21202467
1934_reunion-france,0.787975,0.21202494
1052_martinique-france,0.6508275,0.34917244
34516_geowiki-landcover-2017,0.78793293,0.21206704
25400_geowiki-landcover-2017,0.31053284,0.6894672
7297_canada,0.19045419,0.8095459
12628_croplands,0.6508276,0.34917235
284_sudan,0.7879751,0.21202494
260_canada,0.48099896,0.519001
277_martinique-france,0.6508277,0.34917235
4336_croplands,0.47529212,0.5247079
235_central-asia,0.31930265,0.6806974
1425_tanzania-ceo,0.7879755,0.21202455
16_kenya-non-crop,0.78797555,0.21202445
8484_geowiki-landcover-2017,0.64886326,0.35113674
2590_rwanda-ceo,0.7879752,0.21202485
28070_geowiki-landcover-2017,0.64886284,0.35113713
1014_tanzania-ceo,0.78796697,0.21203303
2068_ile-de-france,0.32618922,0.6738108
1891_geowiki-landcover-2017,0.6508271,0.34917286
10008_croplands,0.48544315,0.5145568
34989_geowiki-landcover-2017,0.48098373,0.51901627
6165_geowiki-landcover-2017,0.6488593,0.35114065
5342_geowiki-landcover-2017,0.4752905,0.5247095
2149_rwanda-ceo,0.7879754,0.21202463
601_geowiki-landcover-2017,0.7879743,0.21202572
835_kenya-non-crop,0.78797567,0.2120243
7586_canada,0.19045389,0.8095462
3681_ile-de-france,0.32618865,0.6738113
973_geowiki-landcover-2017,0.66270316,0.33729684
25197_geowiki-landcover-2017,0.32622167,0.67377836
9009_geowiki-landcover-2017,0.64886355,0.35113648
29829_geowiki-landcover-2017,0.6508257,0.3491743
26_togo,0.32118255,0.6788175
3670_central-asia,0.19045398,0.809546
2804_geowiki-landcover-2017,0.49316552,0.5068345
7339_canada,0.19045447,0.8095455
317_germany,0.19076459,0.8092354
27171_geowiki-landcover-2017,0.6488619,0.3511381
13477_geowiki-landcover-2017,0.48543963,0.51456034
1440_mali-helmets-labelling-crops,0.3239248,0.67607516
2336_kenya-non-crop,0.78797567,0.21202435
26727_geowiki-landcover-2017,0.32618946,0.6738105
23_rwanda-ceo,0.7879755,0.21202455
3094_ile-de-france,0.19045392,0.8095461
2726_reunion-france,0.65082747,0.34917253
10664_croplands,0.78797466,0.21202534
25252_geowiki-landcover-2017,0.6600041,0.33999598
9495_croplands,0.66000825,0.33999175
10861_croplands,0.6436213,0.35637861
10958_geowiki-landcover-2017,0.65082717,0.34917286
676_martinique-france,0.65082735,0.34917265
9977_geowiki-landcover-2017,0.326189,0.67381096
3582_canada,0.32618868,0.6738113
18450_geowiki-landcover-2017,0.49336442,0.5066356
11865_geowiki-landcover-2017,0.6508285,0.34917155
196_tanzania-rice-ecaas,0.6436338,0.35636616
20033_geowiki-landcover-2017,0.48099864,0.51900136
547_geowiki-landcover-2017,0.78797555,0.21202444
3288_ile-de-france,0.19045389,0.8095462
19992_geowiki-landcover-2017,0.64886355,0.35113645
1195_central-asia,0.32618874,0.67381126
813_tanzania-ceo,0.660009,0.3399909
1487_mali-helmets-labelling-crops,0.3211827,0.6788173
2403_central-asia,0.19045457,0.80954546
2636_central-asia,0.1904565,0.8095435
7442_canada,0.3261891,0.6738109
2115_canada,0.19045383,0.8095462
3362_central-asia,0.31053242,0.68946755
321_reunion-france,0.4752968,0.52470326
3749_geowiki-landcover-2017,0.32118246,0.6788176
744_geowiki-landcover-2017,0.78797555,0.21202445
32124_geowiki-landcover-2017,0.31930095,0.68069905
768_martinique-france,0.6508276,0.34917244
452_reunion-france,0.65082747,0.34917253
2444_central-asia,0.19045444,0.8095455
1629_reunion-france,0.7879754,0.21202458
3057_central-asia,0.31055874,0.68944126
1108_martinique-france,0.65082747,0.34917253
15629_geowiki-landcover-2017,0.47314003,0.52686
14375_geowiki-landcover-2017,0.6488629,0.3511371
19239_geowiki-landcover-2017,0.49115196,0.508848
22198_geowiki-landcover-2017,0.48099795,0.5190021
26505_geowiki-landcover-2017,0.19045395,0.809546
32811_geowiki-landcover-2017,0.65082735,0.34917265
3243_geowiki-landcover-2017,0.6508251,0.34917498
460_togo,0.6508259,0.34917408
1130_rwanda-ceo,0.78797406,0.21202588
8518_croplands,0.6436344,0.35636565
2163_central-asia,0.32618958,0.6738104
4054_canada,0.3261891,0.6738109
716_geowiki-landcover-2017,0.78797364,0.21202643
325_kenya-non-crop,0.78797567,0.21202433
4361_central-asia,0.31926876,0.68073124
17534_geowiki-landcover-2017,0.4933148,0.5066852
632_tanzania-ceo,0.78797305,0.21202697
33619_geowiki-landcover-2017,0.3261893,0.67381066
8943_geowiki-landcover-2017,0.48099908,0.51900095
1049_mali-helmets-labelling-crops,0.32118377,0.6788162
596_croplands,0.6421353,0.35786468
544_geowiki-landcover-2017,0.6436343,0.35636568
5088_geowiki-landcover-2017,0.31935856,0.6806415
521_canada,0.32618922,0.6738108
14712_croplands,0.6508268,0.34917316
1097_togo,0.32118222,0.6788178
4252_canada,0.3211818,0.6788182
1486_reunion-france,0.6508277,0.3491723
30_zimbabwe,0.6436341,0.35636595
18250_geowiki-landcover-2017,0.7879754,0.21202458
73_rwanda-ceo,0.7879752,0.21202485
3775_canada,0.1904539,0.8095461
9280_geowiki-landcover-2017,0.47529355,0.5247065
6410_canada,0.48099872,0.51900125
5346_ile-de-france,0.19045389,0.8095462
3334_rwanda-ceo,0.78797567,0.21202426
30527_geowiki-landcover-2017,0.31029284,0.6897072
1741_tanzania-ceo,0.64363545,0.35636455
15144_geowiki-landcover-2017,0.64363456,0.35636538
32675_geowiki-landcover-2017,0.19045381,0.8095462
15722_geowiki-landcover-2017,0.65082747,0.34917256
3800_ile-de-france,0.1904541,0.8095459
11396_geowiki-landcover-2017,0.49331152,0.5066884
7128_geowiki-landcover-2017,0.65999514,0.34000492
103_tanzania,0.660011,0.33998898
1581_reunion-france,0.7879754,0.21202464
2535_canada,0.32618997,0.67381
26056_geowiki-landcover-2017,0.78797555,0.21202445
3899_central-asia,0.4809984,0.5190016
154_uganda,0.66000885,0.33999112
8300_geowiki-landcover-2017,0.6488555,0.35114446
1002_togo,0.6508267,0.34917334
904_togo,0.475292,0.524708
1129_togo,0.6508214,0.3491786
1393_kenya-non-crop,0.78797555,0.21202445
4034_geowiki-landcover-2017,0.65082735,0.34917265
4596_ile-de-france,0.3261892,0.6738108
16887_geowiki-landcover-2017,0.65082484,0.34917516
2361_germany,0.31053153,0.6894685
1957_germany,0.3252651,0.6747349
27865_geowiki-landcover-2017,0.3261893,0.67381066
5869_ile-de-france,0.3105323,0.68946767
2407_canada,0.19045378,0.80954623
1176_geowiki-landcover-2017,0.6599332,0.34006682
2990_rwanda-ceo,0.7879756,0.2120244
417_germany,0.4809989,0.5190011
1621_germany,0.19045374,0.80954623
10214_geowiki-landcover-2017,0.65082747,0.34917253
5509_ile-de-france,0.48099908,0.5190009
6364_canada,0.48099902,0.519001
4256_croplands,0.6508273,0.3491727
13679_geowiki-landcover-2017,0.78797555,0.21202445
33278_geowiki-landcover-2017,0.48099986,0.5190002
5231_central-asia,0.3193032,0.6806968
4716_ile-de-france,0.19045381,0.8095462
911_germany,0.19045386,0.8095462
11090_geowiki-landcover-2017,0.78797257,0.21202737
31822_geowiki-landcover-2017,0.19045457,0.8095454
7878_canada,0.4809982,0.5190018
16407_geowiki-landcover-2017,0.6508276,0.34917235
6976_croplands,0.6436345,0.35636547
2076_martinique-france,0.4752919,0.5247081
513_tanzania-ceo,0.6508276,0.3491724
33564_geowiki-landcover-2017,0.31053275,0.68946725
1052_croplands,0.19075508,0.8092449
1362_martinique-france,0.6508275,0.34917244
343_geowiki-landcover-2017,0.32161072,0.6783893
216_canada,0.19046865,0.80953133
363_tanzania-ceo,0.78797245,0.21202758
7849_geowiki-landcover-2017,0.49331564,0.50668436
2176_tanzania-ceo,0.78797525,0.21202478
19101_geowiki-landcover-2017,0.48099506,0.519005
2427_ile-de-france,0.19045386,0.8095462
35535_geowiki-landcover-2017,0.31053224,0.6894677
25817_geowiki-landcover-2017,0.319303,0.68069696
23938_geowiki-landcover-2017,0.3261891,0.6738109
31361_geowiki-landcover-2017,0.47529244,0.52470756
13765_croplands,0.6436013,0.35639867
3024_rwanda-ceo,0.78797585,0.21202418
689_canada,0.19045559,0.80954444
923_togo,0.6508271,0.34917292
31122_geowiki-landcover-2017,0.7879754,0.21202458
1312_tanzania-ceo,0.7879755,0.21202452
611_martinique-france,0.65082747,0.34917253
3275_canada,0.6488631,0.35113695
967_reunion-france,0.6508276,0.34917235
20139_geowiki-landcover-2017,0.6515615,0.3484385
257_rwanda-ceo,0.78797525,0.2120248
20759_geowiki-landcover-2017,0.6508264,0.34917367
2477_kenya-non-crop,0.49378267,0.50621736
3527_geowiki-landcover-2017,0.6508249,0.34917507
2024_rwanda-ceo,0.7879756,0.2120244
691_martinique-france,0.650827,0.34917304
10083_geowiki-landcover-2017,0.65083134,0.34916863
25639_geowiki-landcover-2017,0.32618958,0.6738105
4636_canada,0.31052125,0.68947875
2032_rwanda-ceo,0.6600093,0.33999062
28503_geowiki-landcover-2017,0.65082747,0.34917256
2891_central-asia,0.19046117,0.80953884
1657_kenya-non-crop,0.78797567,0.2120243
17452_geowiki-landcover-2017,0.3261892,0.67381084
1550_germany,0.19046314,0.8095369
389_martinique-france,0.6508278,0.34917223
1967_rwanda-ceo,0.78797567,0.21202426
2273_rwanda-ceo,0.78797567,0.21202435
3050_geowiki-landcover-2017,0.49331215,0.5066879
4844_geowiki-landcover-2017,0.32118398,0.678816
1411_croplands,0.3105336,0.6894664
1101_togo,0.78796524,0.21203475
778_togo,0.65082717,0.34917286
34971_geowiki-landcover-2017,0.19045816,0.8095419
3877_canada,0.19045612,0.8095439
10350_geowiki-landcover-2017,0.49331686,0.5066831
10213_croplands,0.64363027,0.35636973
15033_geowiki-landcover-2017,0.7879753,0.21202467
232_uganda,0.64363486,0.35636508
387_rwanda-ceo,0.7879754,0.21202455
4415_geowiki-landcover-2017,0.6508271,0.34917286
1043_canada,0.32618824,0.67381173
22_zimbabwe,0.78797436,0.21202566
14471_geowiki-landcover-2017,0.6488631,0.35113698
3504_geowiki-landcover-2017,0.65083903,0.34916103
77_reunion-france,0.66000885,0.33999115
5039_ile-de-france,0.48099896,0.51900107
5971_ile-de-france,0.32618877,0.6738112
1327_ile-de-france,0.32619014,0.6738099
11049_croplands,0.78797495,0.21202508
8301_geowiki-landcover-2017,0.48100334,0.51899666
169_geowiki-landcover-2017,0.6600093,0.33999062
763_ile-de-france,0.19045426,0.80954576
985_kenya-non-crop,0.78797567,0.21202435
885_tanzania-ceo,0.78797555,0.21202445
2820_rwanda-ceo,0.78797555,0.21202445
34983_geowiki-landcover-2017,0.3102095,0.6897905
1416_germany,0.19045378,0.80954623
4390_croplands,0.47529265,0.5247073
734_lem-brazil,0.787971,0.21202897
3501_geowiki-landcover-2017,0.47492883,0.5250712
4466_canada,0.19045383,0.8095462
26117_geowiki-landcover-2017,0.4810003,0.5189997
32404_geowiki-landcover-2017,0.6508277,0.3491723
445_geowiki-landcover-2017,0.6600136,0.33998638
303_tanzania,0.48544505,0.5145549
282_tanzania-rice-ecaas,0.66002226,0.3399778
4506_ile-de-france,0.32619008,0.67380995
5195_canada,0.31053266,0.6894673
29797_geowiki-landcover-2017,0.6508277,0.34917235
478_reunion-france,0.6509085,0.34909144
1503_canada,0.48099554,0.51900446
3269_rwanda-ceo,0.78797483,0.21202515
35511_geowiki-landcover-2017,0.32655624,0.67344373
1763_central-asia,0.31053212,0.68946785
20778_geowiki-landcover-2017,0.48066193,0.5193381
2463_geowiki-landcover-2017,0.6508278,0.34917223
516_kenya-non-crop,0.64363456,0.35636538
3594_ile-de-france,0.3261886,0.6738114
4778_ile-de-france,0.19045386,0.8095462
4642_canada,0.19047633,0.80952364
150_ethiopia,0.4731564,0.5268436
28937_geowiki-landcover-2017,0.6488612,0.35113874
1309_kenya-non-crop,0.7879754,0.21202463
26691_geowiki-landcover-2017,0.47306365,0.52693635
4514_canada,0.31052938,0.6894706
5632_geowiki-landcover-2017,0.1904538,0.80954623
4231_ile-de-france,0.19045386,0.8095462
137_canada,0.48099867,0.5190013
3293_canada,0.4911547,0.5088453
21152_geowiki-landcover-2017,0.6488626,0.3511374
13153_geowiki-landcover-2017,0.78797495,0.21202505
1757_germany,0.32618913,0.67381084
328_germany,0.48099804,0.51900196
24313_geowiki-landcover-2017,0.32618946,0.6738105
409_sudan,0.6599709,0.34002912
1854_kenya-non-crop,0.78797567,0.21202433
4677_central-asia,0.3105336,0.6894664
2025_canada,0.48099887,0.5190011
4992_canada,0.19045386,0.8095462
2076_central-asia,0.19045436,0.80954564
539_ile-de-france,0.19045392,0.8095461
1488_germany,0.3261892,0.67381084
2240_tanzania-ceo,0.78797567,0.2120243
20376_geowiki-landcover-2017,0.48099908,0.51900095
27162_geowiki-landcover-2017,0.65082747,0.34917253
27294_geowiki-landcover-2017,0.47313946,0.52686054
17843_geowiki-landcover-2017,0.32618937,0.6738106
1301_rwanda-ceo,0.78797567,0.2120243
514_tanzania-ceo,0.78797555,0.21202444
8557_geowiki-landcover-2017,0.78797555,0.21202444
15255_geowiki-landcover-2017,0.6508427,0.34915724
347_geowiki-landcover-2017,0.49331233,0.50668764
1937_ile-de-france,0.19045402,0.809546
28335_geowiki-landcover-2017,0.65082085,0.3491792
4423_central-asia,0.19046006,0.8095399
5293_geowiki-landcover-2017,0.48099923,0.51900077
2477_reunion-france,0.78797555,0.21202445
8152_geowiki-landcover-2017,0.3105329,0.68946713
2566_ile-de-france,0.19045404,0.809546
362_ethiopia,0.64364296,0.35635698
2302_ile-de-france,0.1904539,0.8095461
5151_central-asia,0.19045378,0.80954623
5956_canada,0.31053203,0.68946797
1389_mali-helmets-labelling-crops,0.32119176,0.6788082
1275_croplands,0.47313976,0.5268602
109_ile-de-france,0.19045386,0.8095462
26922_geowiki-landcover-2017,0.19047955,0.8095205
487_reunion-france,0.65082747,0.34917253
22267_geowiki-landcover-2017,0.6488196,0.35118034
89_geowiki-landcover-2017,0.6508274,0.3491726
7662_canada,0.32547504,0.67452496
20912_geowiki-landcover-2017,0.65082717,0.34917286
27111_geowiki-landcover-2017,0.47529182,0.52470815
33254_geowiki-landcover-2017,0.32618922,0.6738108
1373_martinique-france,0.6508275,0.34917244
3857_ile-de-france,0.48099712,0.5190029
3767_central-asia,0.19045426,0.80954576
204_central-asia,0.19045559,0.80954444
8799_geowiki-landcover-2017,0.47313967,0.52686036
29052_geowiki-landcover-2017,0.65082747,0.34917253
4544_central-asia,0.19047832,0.8095216
702_reunion-france,0.7879754,0.21202463
15090_geowiki-landcover-2017,0.4752883,0.5247117
239_kenya-non-crop,0.7879753,0.21202467
1045_rwanda-ceo,0.6436344,0.35636565
13802_geowiki-landcover-2017,0.6488634,0.35113668
849_geowiki-landcover-2017,0.6600792,0.33992082
844_mali-helmets-labelling-crops,0.32118246,0.6788176
26_geowiki-landcover-2017,0.6436345,0.35636556
96_mali-helmets-labelling-crops,0.47529182,0.52470815
223_tanzania-ceo,0.78797555,0.21202445
4470_ile-de-france,0.19045402,0.809546
5921_ile-de-france,0.48099858,0.5190014
2723_central-asia,0.19046135,0.80953866
26_mali-helmets-labelling-crops,0.32118222,0.6788178
864_geowiki-landcover-2017,0.66001195,0.33998805
15_ethiopia,0.47349915,0.5265008
2000_geowiki-landcover-2017,0.65082616,0.34917384
187_ethiopia,0.47349915,0.5265009
345_ethiopia,0.78797466,0.2120253
827_ile-de-france,0.19045392,0.8095461
31264_geowiki-landcover-2017,0.6436338,0.35636622
7773_geowiki-landcover-2017,0.31053355,0.6894664
16420_geowiki-landcover-2017,0.47313964,0.52686036
443_rwanda-ceo,0.7877874,0.2122126
5204_canada,0.19045399,0.809546
15467_geowiki-landcover-2017,0.49115553,0.50884444
4529_ile-de-france,0.1904539,0.8095461
1361_geowiki-landcover-2017,0.6586341,0.3413658
5107_ile-de-france,0.19045399,0.809546
295_sudan,0.4752941,0.5247059
9194_geowiki-landcover-2017,0.48099917,0.5190008
31524_geowiki-landcover-2017,0.6508278,0.34917223
2955_ile-de-france,0.19045395,0.809546
270_kenya,0.78797567,0.21202435
16645_geowiki-landcover-2017,0.32118246,0.6788176
307_lem-brazil,0.64363843,0.3563616
2953_central-asia,0.19046177,0.80953825
5776_canada,0.31053233,0.68946767
28192_geowiki-landcover-2017,0.650827,0.34917304
7849_canada,0.4809988,0.5190012
32269_geowiki-landcover-2017,0.6508273,0.34917274
282_martinique-france,0.650828,0.34917197
9542_croplands,0.77866197,0.22133808
4700_central-asia,0.31053266,0.6894673
1196_central-asia,0.19045487,0.80954516
1438_kenya-non-crop,0.7879758,0.21202423
13973_geowiki-landcover-2017,0.326189,0.673811
3159_canada,0.19045378,0.80954623
1402_central-asia,0.19045395,0.809546
421_ethiopia,0.4854401,0.5145599
1235_ile-de-france,0.19045392,0.8095461
6030_canada,0.48099717,0.51900285
1990_rwanda-ceo,0.7879751,0.21202485
1486_mali-helmets-labelling-crops,0.32118294,0.67881703
27599_geowiki-landcover-2017,0.48099923,0.51900077
1935_tanzania-ceo,0.6508274,0.34917265
1120_mali-helmets-labelling-crops,0.49331084,0.5066892
1834_geowiki-landcover-2017,0.65082747,0.34917256
5131_geowiki-landcover-2017,0.6488631,0.3511369
1542_germany,0.31052926,0.68947077
1353_kenya-non-crop,0.78797567,0.2120243
306_tanzania-ceo,0.7879754,0.21202463
1122_germany,0.32618913,0.67381084
1973_geowiki-landcover-2017,0.6287128,0.3712872
340_kenya-non-crop,0.64363444,0.35636556
2913_geowiki-landcover-2017,0.6508278,0.34917223
7633_canada,0.19045447,0.8095455
18860_geowiki-landcover-2017,0.65082717,0.34917286
4101_geowiki-landcover-2017,0.47314268,0.5268574
3929_geowiki-landcover-2017,0.19045447,0.8095455
16870_geowiki-landcover-2017,0.6508279,0.34917212
19318_geowiki-landcover-2017,0.19045675,0.80954325
6170_canada,0.49330303,0.506697
2340_ile-de-france,0.31052932,0.68947065
15521_geowiki-landcover-2017,0.48099935,0.51900065
365_ile-de-france,0.48099896,0.51900107
6418_canada,0.4809988,0.5190012
2882_geowiki-landcover-2017,0.48550686,0.51449317
122_ethiopia,0.4732336,0.5267664
21326_geowiki-landcover-2017,0.6488631,0.35113698
5519_canada,0.3105322,0.6894677
4491_croplands,0.7878413,0.21215868
32928_geowiki-landcover-2017,0.4752937,0.5247063
556_central-asia,0.3105338,0.6894662
2876_croplands,0.6436337,0.35636634
5969_ile-de-france,0.19045395,0.809546
418_sudan,0.6600083,0.33999166
10246_geowiki-landcover-2017,0.7879754,0.21202458
16501_geowiki-landcover-2017,0.48545626,0.5145438
525_canada,0.48099422,0.5190058
5624_ile-de-france,0.19045395,0.809546
14292_croplands,0.66002005,0.33997995
1072_ile-de-france,0.32616338,0.6738366
1075_rwanda-ceo,0.6436351,0.35636497
8448_geowiki-landcover-2017,0.47313985,0.5268601
5778_ile-de-france,0.3105331,0.68946683
24629_geowiki-landcover-2017,0.32618904,0.67381096
17223_geowiki-landcover-2017,0.48114547,0.51885456
525_togo,0.32118478,0.6788152
2117_germany,0.32619026,0.67380977
23453_geowiki-landcover-2017,0.32618958,0.6738105
12_togo,0.65081006,0.34918994
11850_geowiki-landcover-2017,0.65082717,0.34917286
26180_geowiki-landcover-2017,0.64885324,0.35114682
1539_germany,0.19045803,0.80954194
24567_geowiki-landcover-2017,0.48099753,0.5190025
1197_geowiki-landcover-2017,0.7879756,0.21202436
1356_rwanda-ceo,0.7879754,0.21202463
249_central-asia,0.49115416,0.50884587
168_ethiopia,0.649192,0.35080808
306_germany,0.32609245,0.6739075
2311_germany,0.3261891,0.67381096
11864_geowiki-landcover-2017,0.4752928,0.5247072
455_togo,0.4752919,0.5247081
2298_kenya-non-crop,0.6436337,0.3563663
7947_canada,0.31053165,0.6894683
12948_geowiki-landcover-2017,0.65082735,0.34917265
3636_croplands,0.6436344,0.35636562
1357_germany,0.3105319,0.6894681
34559_geowiki-landcover-2017,0.48099846,0.5190016
38_uganda,0.78797394,0.2120261
2518_geowiki-landcover-2017,0.49331284,0.50668716
4818_ile-de-france,0.19045429,0.8095457
606_canada,0.4809988,0.5190012
23326_geowiki-landcover-2017,0.32618892,0.6738111
1740_martinique-france,0.47527766,0.52472234
1627_kenya-non-crop,0.78797567,0.21202426
110_canada,0.31053185,0.68946815
6044_geowiki-landcover-2017,0.19045469,0.8095453
15662_geowiki-landcover-2017,0.6488634,0.3511366
9651_geowiki-landcover-2017,0.6508275,0.34917244
4875_canada,0.31053236,0.68946767
10472_geowiki-landcover-2017,0.6508274,0.3491726
5057_central-asia,0.32618898,0.673811
815_kenya-non-crop,0.7879753,0.21202467
9685_geowiki-landcover-2017,0.4911545,0.5088455
4073_canada,0.1904545,0.8095455
1085_ile-de-france,0.1904571,0.8095429
2652_kenya-non-crop,0.643746,0.35625395
623_croplands,0.19045381,0.8095462
582_martinique-france,0.6508275,0.34917244
23952_geowiki-landcover-2017,0.65082735,0.34917265
1074_mali-helmets-labelling-crops,0.32118225,0.6788177
17198_geowiki-landcover-2017,0.650829,0.34917095
9668_geowiki-landcover-2017,0.48099935,0.51900065
3306_rwanda-ceo,0.78797454,0.21202546
28393_geowiki-landcover-2017,0.64887595,0.35112405
3800_central-asia,0.19045472,0.8095452
40_togo,0.65082556,0.34917447
857_kenya-non-crop,0.7879756,0.2120244
958_central-asia,0.19045857,0.80954146
3974_canada,0.32618904,0.67381096
465_togo,0.65081054,0.34918952
328_mali-helmets-labelling-crops,0.475291,0.5247089
2195_germany,0.19045375,0.80954623
702_geowiki-landcover-2017,0.7879753,0.21202467
348_tanzania,0.78797567,0.2120243
2715_central-asia,0.19046076,0.8095392
19731_geowiki-landcover-2017,0.6508275,0.34917244
4366_geowiki-landcover-2017,0.4731286,0.52687144
45_ethiopia,0.64362925,0.35637078
1392_central-asia,0.19045419,0.80954576
12853_croplands,0.47529542,0.52470464
1825_central-asia,0.19045478,0.8095452
11789_geowiki-landcover-2017,0.6508277,0.3491723
12636_croplands,0.65082765,0.34917235
15029_geowiki-landcover-2017,0.6506531,0.34934682
4350_canada,0.19048007,0.8095199
30441_geowiki-landcover-2017,0.32612863,0.67387134
10928_geowiki-landcover-2017,0.6488631,0.35113698
8878_geowiki-landcover-2017,0.65082717,0.3491728
1258_central-asia,0.19045532,0.8095447
4086_central-asia,0.3105325,0.68946755
615_central-asia,0.19045436,0.80954564
32042_geowiki-landcover-2017,0.19047727,0.80952275
457_ile-de-france,0.31053203,0.68946797
618_rwanda-ceo,0.64368385,0.35631618
27935_geowiki-landcover-2017,0.32618827,0.6738117
25555_geowiki-landcover-2017,0.3192375,0.6807625
25653_geowiki-landcover-2017,0.49115476,0.50884527
954_mali-helmets-labelling-crops,0.32118246,0.6788175
2754_ile-de-france,0.19045395,0.809546
557_reunion-france,0.64363444,0.35636556
91_reunion-france,0.7879753,0.21202467
428_mali-helmets-labelling-crops,0.65082556,0.3491744
856_mali-helmets-labelling-crops,0.32118234,0.67881763
2672_canada,0.31053224,0.6894677
3304_central-asia,0.46537745,0.5346226
10527_geowiki-landcover-2017,0.64886326,0.35113674
287_togo,0.32118297,0.678817
2007_germany,0.1904538,0.80954623
899_mali-helmets-labelling-crops,0.32118306,0.6788169
1640_geowiki-landcover-2017,0.49331498,0.506685
4044_ile-de-france,0.3105322,0.6894677
3_croplands,0.49115542,0.50884455
113_croplands,0.47529206,0.5247079
1776_reunion-france,0.7879551,0.21204491
864_togo,0.49331236,0.50668764
23967_geowiki-landcover-2017,0.48100084,0.51899916
2679_rwanda-ceo,0.7879756,0.2120244
4787_croplands,0.6436422,0.3563578
382_central-asia,0.19046442,0.80953556
6294_geowiki-landcover-2017,0.64886343,0.3511366
453_canada,0.48099768,0.5190023
35262_geowiki-landcover-2017,0.31930295,0.680697
1247_tanzania-ceo,0.7879756,0.2120244
8894_geowiki-landcover-2017,0.48100048,0.5189995
3743_canada,0.31053266,0.6894673
690_martinique-france,0.65082544,0.3491746
496_tanzania-rice-ecaas,0.78797376,0.21202618
12503_croplands,0.650827,0.349173
1010_togo,0.65082717,0.34917277
25113_geowiki-landcover-2017,0.6508263,0.34917367
4004_central-asia,0.31053254,0.6894675
27205_geowiki-landcover-2017,0.48099902,0.51900095
2004_rwanda-ceo,0.78796554,0.21203446
6329_canada,0.19045395,0.809546
769_ethiopia,0.648895,0.35110497
12601_croplands,0.6508163,0.34918368
16313_geowiki-landcover-2017,0.49156427,0.5084357
944_central-asia,0.19046496,0.8095351
70_canada,0.4809993,0.51900077
580_germany,0.3261989,0.67380106
5506_ile-de-france,0.3261865,0.6738135
1352_kenya-non-crop,0.7879756,0.21202436
4486_canada,0.31047454,0.6895254
170_martinique-france,0.65082747,0.34917256
22106_geowiki-landcover-2017,0.65082675,0.34917325
32276_geowiki-landcover-2017,0.49113187,0.5088681
1260_martinique-france,0.6508276,0.3491724
6736_croplands,0.64363444,0.35636556
1953_rwanda-ceo,0.78797525,0.2120247
596_togo,0.321185,0.67881495
30414_geowiki-landcover-2017,0.19045381,0.8095462
23512_geowiki-landcover-2017,0.48099807,0.5190019
1629_rwanda-ceo,0.78795516,0.21204479
6736_geowiki-landcover-2017,0.31053206,0.6894679
7477_canada,0.326189,0.67381096
3387_canada,0.48099917,0.5190008
5238_ile-de-france,0.3105321,0.6894679
3745_ile-de-france,0.19045399,0.809546
16860_geowiki-landcover-2017,0.78797466,0.21202534
2242_rwanda-ceo,0.7879756,0.21202436
4614_ile-de-france,0.19045389,0.8095462
5406_ile-de-france,0.19045389,0.8095462
2107_central-asia,0.32618952,0.6738105
30510_geowiki-landcover-2017,0.32619002,0.67380995
18053_geowiki-landcover-2017,0.64886284,0.35113713
29473_geowiki-landcover-2017,0.19045381,0.8095462
1971_canada,0.48099917,0.5190008
154_sudan,0.78797466,0.2120253
13800_croplands,0.6436344,0.35636565
28595_geowiki-landcover-2017,0.49331224,0.50668776
735_martinique-france,0.6508272,0.34917277
3585_croplands,0.64363426,0.35636577
3386_geowiki-landcover-2017,0.65082854,0.34917143
3027_ile-de-france,0.3261891,0.67381096
10296_geowiki-landcover-2017,0.32119644,0.67880356
342_tanzania,0.78797555,0.21202444
1142_central-asia,0.19045652,0.8095435
980_rwanda-ceo,0.7879755,0.21202451
658_germany,0.3105319,0.6894681
88_uganda,0.6436407,0.35635933
2563_geowiki-landcover-2017,0.3211834,0.6788166
31364_geowiki-landcover-2017,0.6525134,0.34748656
14966_geowiki-landcover-2017,0.49330878,0.5066912
17613_geowiki-landcover-2017,0.65082395,0.349176
742_canada,0.3105324,0.68946767
1818_geowiki-landcover-2017,0.6508277,0.34917235
20012_geowiki-landcover-2017,0.64886194,0.3511381
2911_canada,0.19045399,0.809546
3266_geowiki-landcover-2017,0.6508284,0.3491716
4159_central-asia,0.31928176,0.68071824
27918_geowiki-landcover-2017,0.48099864,0.5190013
18807_geowiki-landcover-2017,0.31930953,0.68069047
2845_geowiki-landcover-2017,0.3211832,0.6788168
31020_geowiki-landcover-2017,0.47529188,0.52470815
10114_geowiki-landcover-2017,0.47312596,0.526874
32807_geowiki-landcover-2017,0.6508284,0.34917164
1690_central-asia,0.19045398,0.809546
4850_canada,0.19045444,0.8095455
30890_geowiki-landcover-2017,0.4809984,0.51900166
1398_geowiki-landcover-2017,0.78797525,0.2120247
10622_geowiki-landcover-2017,0.48099902,0.519001
486_kenya-non-crop,0.78797555,0.21202445
1594_kenya-non-crop,0.6436345,0.35636547
907_croplands,0.19045395,0.8095461
8541_geowiki-landcover-2017,0.64886355,0.35113642
21112_geowiki-landcover-2017,0.48100007,0.51899993
33027_geowiki-landcover-2017,0.32118657,0.67881346
8843_croplands,0.6436341,0.35636592
8865_geowiki-landcover-2017,0.4809989,0.5190011
14808_geowiki-landcover-2017,0.78796875,0.21203125
80_kenya,0.7879737,0.2120263
1008_mali-helmets-labelling-crops,0.32118466,0.6788153
2902_rwanda-ceo,0.78797567,0.21202435
2468_ile-de-france,0.19045395,0.8095461
3806_canada,0.19047944,0.80952054
3948_canada,0.3105323,0.68946767
25738_geowiki-landcover-2017,0.49115485,0.50884515
33231_geowiki-landcover-2017,0.32618952,0.6738105
10810_croplands,0.66001976,0.3399802
349_tanzania-ceo,0.7879756,0.2120244
344_geowiki-landcover-2017,0.7879756,0.2120244
883_germany,0.19045381,0.8095462
17777_geowiki-landcover-2017,0.32617953,0.6738205
4043_canada,0.3261889,0.6738111
2076_tanzania-ceo,0.6436345,0.35636547
18601_geowiki-landcover-2017,0.6508289,0.34917113
8456_geowiki-landcover-2017,0.6508278,0.34917215
23661_geowiki-landcover-2017,0.47313875,0.52686125
2445_geowiki-landcover-2017,0.66000956,0.33999044
1979_ile-de-france,0.19045381,0.8095462
5599_canada,0.4752917,0.5247083
5593_ile-de-france,0.31053275,0.68946725
2299_reunion-france,0.7879754,0.21202458
5447_canada,0.19045474,0.8095452
1971_tanzania-ceo,0.6436402,0.35635978
706_togo,0.65082717,0.3491728
3895_canada,0.32618904,0.67381096
421_sudan,0.6436354,0.35636458
1120_kenya-non-crop,0.78797555,0.21202444
2581_central-asia,0.1904543,0.8095457
24039_geowiki-landcover-2017,0.78797483,0.21202515
3826_ile-de-france,0.19045436,0.80954564
31095_geowiki-landcover-2017,0.48099908,0.51900095
22713_geowiki-landcover-2017,0.47529298,0.524707
14104_croplands,0.6436338,0.35636625
21_geowiki-landcover-2017,0.78797555,0.21202445
7674_geowiki-landcover-2017,0.31053227,0.6894677
11055_croplands,0.6436342,0.35636577
1079_rwanda-ceo,0.64363706,0.35636297
369_germany,0.32618913,0.67381084
24400_geowiki-landcover-2017,0.6482626,0.3517374
10002_croplands,0.48544005,0.51456
20622_geowiki-landcover-2017,0.6506323,0.34936765
2078_geowiki-landcover-2017,0.7879088,0.21209124
20138_geowiki-landcover-2017,0.6508276,0.34917244
340_togo,0.65082747,0.34917253
519_canada,0.31053206,0.6894679
14094_croplands,0.6600101,0.33998987
3990_ile-de-france,0.31053206,0.6894679
4712_geowiki-landcover-2017,0.64363694,0.35636303
3426_rwanda-ceo,0.7879752,0.21202482
32258_geowiki-landcover-2017,0.64885724,0.35114276
1814_central-asia,0.19045404,0.809546
259_tanzania,0.7879751,0.21202485
918_mali-helmets-labelling-crops,0.4933291,0.50667095
870_geowiki-landcover-2017,0.6508265,0.3491735
1857_kenya-non-crop,0.7879756,0.21202436
4820_canada,0.31053206,0.6894679
11327_geowiki-landcover-2017,0.3264319,0.67356807
15734_geowiki-landcover-2017,0.3261887,0.67381126
1672_central-asia,0.19045645,0.8095435
25434_geowiki-landcover-2017,0.3105322,0.6894677
4585_croplands,0.6435843,0.3564157
1036_canada,0.3261896,0.6738104
6093_canada,0.47529194,0.52470803
28674_geowiki-landcover-2017,0.6508269,0.34917307
10989_geowiki-landcover-2017,0.64886355,0.35113645
23351_geowiki-landcover-2017,0.4911543,0.5088457
2050_reunion-france,0.65082747,0.34917256
16110_geowiki-landcover-2017,0.7879737,0.21202628
18267_geowiki-landcover-2017,0.48099872,0.51900125
464_canada,0.31053272,0.6894673
1019_germany,0.32618952,0.6738105
544_ile-de-france,0.48099512,0.5190049
4661_croplands,0.6436234,0.35637662
1774_germany,0.19046085,0.80953914
2178_germany,0.31053743,0.68946254
51_ile-de-france,0.19045389,0.8095462
850_canada,0.3105366,0.68946344
4774_geowiki-landcover-2017,0.48099902,0.51900095
3019_central-asia,0.31053516,0.6894648
13025_geowiki-landcover-2017,0.32120067,0.6787994
771_central-asia,0.19046451,0.80953544
1102_kenya-non-crop,0.78797585,0.21202418
30758_geowiki-landcover-2017,0.31053227,0.6894677
1315_rwanda-ceo,0.78797525,0.2120247
594_germany,0.19045457,0.8095454
668_croplands,0.31053033,0.6894697
61_ile-de-france,0.31053197,0.689468
1122_ile-de-france,0.3261734,0.67382663
4694_central-asia,0.31053284,0.6894672
1317_martinique-france,0.6508272,0.34917277
3277_rwanda-ceo,0.78797555,0.21202444
7331_canada,0.31053245,0.68946755
1342_martinique-france,0.6508278,0.34917223
521_germany,0.32618922,0.6738108
5574_ile-de-france,0.19045517,0.80954486
4869_canada,0.3105324,0.6894676
384_tanzania,0.7879752,0.21202482
9429_croplands,0.32118434,0.67881566
13101_geowiki-landcover-2017,0.7879692,0.21203077
5232_ile-de-france,0.31053182,0.68946815
3449_rwanda-ceo,0.7879758,0.21202423
14907_croplands,0.1904542,0.80954576
20540_geowiki-landcover-2017,0.65082717,0.3491728
18633_geowiki-landcover-2017,0.4731396,0.5268604
1340_tanzania-ceo,0.7879752,0.21202482
400_togo,0.32118213,0.67881787
1235_martinique-france,0.65082747,0.34917253
3437_canada,0.32618925,0.6738107
1958_tanzania-ceo,0.78796494,0.21203506
4952_geowiki-landcover-2017,0.49331233,0.50668764
4534_central-asia,0.31053716,0.6894629
2068_rwanda-ceo,0.78797555,0.21202444
2577_geowiki-landcover-2017,0.493314,0.50668603
479_kenya-non-crop,0.7879724,0.21202761
707_togo,0.47529194,0.52470803
2184_tanzania-ceo,0.47522873,0.5247713
557_martinique-france,0.6508276,0.34917244
2025_martinique-france,0.6508275,0.34917244
28593_geowiki-landcover-2017,0.473137,0.52686304
2929_ile-de-france,0.31053206,0.6894679
1210_geowiki-landcover-2017,0.78797555,0.2120245
30169_geowiki-landcover-2017,0.6508277,0.3491723
897_martinique-france,0.6508278,0.3491722
2063_martinique-france,0.6508273,0.3491727
2315_ile-de-france,0.19045389,0.8095462
5033_central-asia,0.19045374,0.80954623
2580_reunion-france,0.6508276,0.34917235
20483_geowiki-landcover-2017,0.65082717,0.34917286
22547_geowiki-landcover-2017,0.48099926,0.51900077
26629_geowiki-landcover-2017,0.4809928,0.51900715
8348_geowiki-landcover-2017,0.47314262,0.5268574
1829_reunion-france,0.7879752,0.21202482
3554_geowiki-landcover-2017,0.49331275,0.5066873
22771_geowiki-landcover-2017,0.6488644,0.35113564
1460_tanzania-ceo,0.78797555,0.2120245
24550_geowiki-landcover-2017,0.32618895,0.6738111
578_canada,0.3105389,0.68946105
657_kenya-non-crop,0.6436488,0.35635123
2142_rwanda-ceo,0.78797567,0.2120243
1299_central-asia,0.19045395,0.809546
3789_geowiki-landcover-2017,0.6508281,0.34917194
5432_canada,0.3102932,0.68970674
10198_geowiki-landcover-2017,0.7879754,0.21202455
3635_canada,0.3105322,0.6894677
109_reunion-france,0.78797555,0.21202445
11305_geowiki-landcover-2017,0.78797567,0.21202435
1161_martinique-france,0.6508276,0.34917235
26870_geowiki-landcover-2017,0.49115396,0.50884604
1640_ile-de-france,0.31053206,0.6894679
822_central-asia,0.19045503,0.809545
106_tanzania-rice-ecaas,0.4854402,0.5145598
5842_geowiki-landcover-2017,0.49115488,0.50884515
22256_geowiki-landcover-2017,0.64886194,0.3511381
35094_geowiki-landcover-2017,0.4910678,0.50893223
20105_geowiki-landcover-2017,0.32618868,0.6738113
5462_canada,0.1904538,0.80954623
863_canada,0.31053048,0.6894696
5335_canada,0.48099896,0.519001
407_martinique-france,0.6508276,0.34917235
29339_geowiki-landcover-2017,0.19045585,0.80954415
11081_geowiki-landcover-2017,0.6600075,0.33999252
234_kenya-non-crop,0.78797567,0.21202433
7838_canada,0.48099828,0.5190017
10209_geowiki-landcover-2017,0.78797567,0.2120243
9166_geowiki-landcover-2017,0.31932965,0.6806703
235_kenya,0.78797334,0.21202672
591_ethiopia,0.64363456,0.35636538
22460_geowiki-landcover-2017,0.4933006,0.50669944
15896_geowiki-landcover-2017,0.32619083,0.6738092
812_central-asia,0.32619038,0.67380965
33349_geowiki-landcover-2017,0.32618806,0.673812
484_central-asia,0.31053817,0.6894619
28464_geowiki-landcover-2017,0.6508276,0.34917244
308_rwanda-ceo,0.7879755,0.21202451
29552_geowiki-landcover-2017,0.65082717,0.3491728
8842_geowiki-landcover-2017,0.49115503,0.5088449
28772_geowiki-landcover-2017,0.6508263,0.34917367
710_tanzania-rice-ecaas,0.7879755,0.21202451
4647_geowiki-landcover-2017,0.32618913,0.67381084
3494_ile-de-france,0.19045496,0.80954504
7647_canada,0.32618088,0.6738192
422_martinique-france,0.6508286,0.34917137
3051_rwanda-ceo,0.78797555,0.2120245
931_togo,0.6508268,0.34917316
7753_geowiki-landcover-2017,0.49331093,0.5066891
764_tanzania-ceo,0.6436343,0.35636574
4192_central-asia,0.3192417,0.6807583
1706_martinique-france,0.6508295,0.34917045
17603_geowiki-landcover-2017,0.64886326,0.3511367
25972_geowiki-landcover-2017,0.4731584,0.5268416
21158_geowiki-landcover-2017,0.4731395,0.5268605
17701_geowiki-landcover-2017,0.48099917,0.5190008
29968_geowiki-landcover-2017,0.31054887,0.68945116
4382_ile-de-france,0.1904539,0.8095461
10854_geowiki-landcover-2017,0.48099846,0.51900154
274_sudan,0.49331394,0.5066861
4078_ile-de-france,0.31053704,0.689463
1065_geowiki-landcover-2017,0.7879709,0.21202914
33601_geowiki-landcover-2017,0.4809991,0.5190009
26148_geowiki-landcover-2017,0.4933149,0.5066851
918_reunion-france,0.47529233,0.5247076
32001_geowiki-landcover-2017,0.6508268,0.34917316
127_reunion-france,0.7879756,0.21202436
2392_kenya-non-crop,0.78797364,0.21202637
1474_canada,0.32618964,0.67381036
7650_geowiki-landcover-2017,0.47314003,0.52685994
28421_geowiki-landcover-2017,0.65082735,0.34917265
2491_kenya-non-crop,0.7878605,0.21213941
13594_geowiki-landcover-2017,0.65082794,0.34917206
813_croplands,0.19045371,0.8095463
85_germany,0.48099852,0.5190014
2852_geowiki-landcover-2017,0.65082556,0.34917447
15485_geowiki-landcover-2017,0.48099247,0.5190075
34266_geowiki-landcover-2017,0.47545895,0.524541
9434_geowiki-landcover-2017,0.6508275,0.34917244
28579_geowiki-landcover-2017,0.6508275,0.34917244
4500_central-asia,0.32619193,0.67380804
520_germany,0.1904542,0.80954576
29152_geowiki-landcover-2017,0.32631758,0.67368245
1881_rwanda-ceo,0.78797555,0.21202445
572_canada,0.31053233,0.68946767
1021_tanzania-ceo,0.787975,0.21202494
1637_germany,0.1904652,0.80953485
3181_canada,0.31053177,0.6894682
2_mali,0.47529033,0.52470964
2055_ile-de-france,0.32618913,0.67381084
979_rwanda-ceo,0.78797567,0.2120243
221_germany,0.19045386,0.8095462
1212_rwanda-ceo,0.78797555,0.21202445
34909_geowiki-landcover-2017,0.49114686,0.50885314
1569_rwanda-ceo,0.7879758,0.21202426
8482_geowiki-landcover-2017,0.4809993,0.51900077
30994_geowiki-landcover-2017,0.32621855,0.67378145
87_ethiopia,0.4731563,0.5268437
373_martinique-france,0.65082747,0.34917253
2372_martinique-france,0.65082747,0.34917247
127_mali,0.32118246,0.6788176
11596_geowiki-landcover-2017,0.31930313,0.68069685
23395_geowiki-landcover-2017,0.3193036,0.6806964
885_rwanda-ceo,0.78797567,0.21202435
27728_geowiki-landcover-2017,0.64886355,0.35113648
19645_geowiki-landcover-2017,0.4933133,0.5066867
3685_central-asia,0.19045404,0.809546
63_ethiopia,0.47315648,0.52684355
17183_geowiki-landcover-2017,0.48099896,0.51900107
31553_geowiki-landcover-2017,0.49331242,0.5066876
4161_croplands,0.65082747,0.34917256
6694_geowiki-landcover-2017,0.4752926,0.5247074
19971_geowiki-landcover-2017,0.32618898,0.673811
5030_canada,0.19045378,0.80954623
347_ethiopia,0.78797454,0.21202554
1562_martinique-france,0.6508275,0.34917244
19185_geowiki-landcover-2017,0.48099953,0.5190005
1965_canada,0.1948719,0.8051281
523_geowiki-landcover-2017,0.7879754,0.21202463
424_canada,0.4809542,0.51904577
15289_geowiki-landcover-2017,0.6508268,0.34917316
732_mali-helmets-labelling-crops,0.4752933,0.5247067
2103_reunion-france,0.6508277,0.34917226
226_canada,0.31053242,0.68946755
2043_geowiki-landcover-2017,0.78797525,0.2120248
35277_geowiki-landcover-2017,0.32618898,0.673811
760_tanzania-ceo,0.6600061,0.33999386
24006_geowiki-landcover-2017,0.7879683,0.21203174
307_central-asia,0.31053424,0.6894657
3281_rwanda-ceo,0.7879756,0.2120244
28632_geowiki-landcover-2017,0.31053212,0.68946785
4962_central-asia,0.19045375,0.80954623
15506_geowiki-landcover-2017,0.48099908,0.51900095
1897_kenya-non-crop,0.78797555,0.21202444
2499_germany,0.31053224,0.6894677
14318_geowiki-landcover-2017,0.65082383,0.3491762
5075_ile-de-france,0.3261742,0.6738258
32667_geowiki-landcover-2017,0.19045381,0.8095462
654_ethiopia,0.6436198,0.35638022
3701_canada,0.3105323,0.68946767
1266_central-asia,0.19045395,0.809546
466_ile-de-france,0.31039628,0.68960375
2416_reunion-france,0.6436372,0.35636282
13736_geowiki-landcover-2017,0.6508277,0.34917226
2603_canada,0.31053245,0.6894676
1908_tanzania-ceo,0.78797555,0.21202445
20888_geowiki-landcover-2017,0.648885,0.35111496
67_ile-de-france,0.19045407,0.80954593
30_brazil-non-crop,0.78797525,0.21202475
266_ethiopia,0.6488703,0.35112968
1745_germany,0.48099267,0.5190073
2726_rwanda-ceo,0.78797567,0.21202433
32422_geowiki-landcover-2017,0.3261891,0.67381096
780_martinique-france,0.65082765,0.34917235
20028_geowiki-landcover-2017,0.4809972,0.5190028
34046_geowiki-landcover-2017,0.19046015,0.80953985
15688_geowiki-landcover-2017,0.4810083,0.5189917
30997_geowiki-landcover-2017,0.48099908,0.5190009
18728_geowiki-landcover-2017,0.48099178,0.5190082
750_ethiopia,0.7879755,0.21202451
279_central-asia,0.31938055,0.6806195
3860_canada,0.31053153,0.6894685
1503_germany,0.32618922,0.6738108
2442_reunion-france,0.7879752,0.21202485
1625_rwanda-ceo,0.7879754,0.21202463
26765_geowiki-landcover-2017,0.648848,0.35115197
2565_reunion-france,0.65082747,0.34917253
487_canada,0.31053388,0.6894661
3481_central-asia,0.31053248,0.68946755
1371_geowiki-landcover-2017,0.7879755,0.21202452
2315_geowiki-landcover-2017,0.6508275,0.34917244
677_central-asia,0.47311297,0.526887
938_ile-de-france,0.4809987,0.5190013
12_germany,0.31053206,0.6894679
5233_canada,0.32618824,0.67381173
5130_geowiki-landcover-2017,0.6508274,0.34917256
1017_germany,0.19045378,0.80954623
7085_geowiki-landcover-2017,0.66000813,0.33999187
1312_ile-de-france,0.32618693,0.67381305
18862_geowiki-landcover-2017,0.31053218,0.68946785
2306_central-asia,0.1904543,0.8095457
855_central-asia,0.1904549,0.80954504
146_ile-de-france,0.19045389,0.8095462
1298_central-asia,0.19045389,0.8095462
7835_canada,0.31053,0.68947
23880_geowiki-landcover-2017,0.64886343,0.3511366
566_kenya-non-crop,0.78797585,0.21202418
7507_geowiki-landcover-2017,0.1904548,0.8095452
35108_geowiki-landcover-2017,0.6488452,0.35115477
3530_ile-de-france,0.1904539,0.8095461
1069_germany,0.19045378,0.80954623
728_tanzania-ceo,0.78797567,0.2120243
1533_germany,0.3261891,0.67381096
497_rwanda-ceo,0.78797555,0.21202444
14733_croplands,0.32118198,0.67881805
24264_geowiki-landcover-2017,0.48099926,0.51900077
3528_ile-de-france,0.19045383,0.8095462
1306_mali-helmets-labelling-crops,0.32118326,0.67881674
624_kenya-non-crop,0.78797555,0.21202445
12802_croplands,0.65082514,0.3491748
34786_geowiki-landcover-2017,0.48099917,0.5190008
18194_geowiki-landcover-2017,0.47529182,0.5247082
4185_central-asia,0.31928423,0.6807158
553_geowiki-landcover-2017,0.65082365,0.34917635
1526_canada,0.4809568,0.5190432
15395_geowiki-landcover-2017,0.47529194,0.52470803
2755_canada,0.1904538,0.80954623
1583_kenya-non-crop,0.64363456,0.35636544
1228_tanzania-ceo,0.78797364,0.21202637
27825_geowiki-landcover-2017,0.65082115,0.3491789
2345_central-asia,0.19045433,0.8095457
358_ile-de-france,0.48099846,0.51900154
20392_geowiki-landcover-2017,0.49115515,0.5088448
17621_geowiki-landcover-2017,0.4911547,0.5088453
475_canada,0.48099983,0.5190002
8603_geowiki-landcover-2017,0.49115512,0.50884485
2615_reunion-france,0.6436411,0.35635886
12479_croplands,0.47529313,0.5247069
7860_geowiki-landcover-2017,0.31053367,0.6894663
4505_canada,0.3105316,0.68946844
61_kenya,0.7879756,0.2120244
18192_geowiki-landcover-2017,0.32118204,0.678818
1329_germany,0.19045375,0.80954623
802_tanzania-ceo,0.6603467,0.3396533
2658_rwanda-ceo,0.66000926,0.3399908
2175_kenya-non-crop,0.65082794,0.34917206
3667_central-asia,0.19045407,0.80954593
2577_central-asia,0.19045454,0.80954546
1918_rwanda-ceo,0.7879756,0.2120244
7639_geowiki-landcover-2017,0.32618856,0.67381144
341_sudan,0.4815681,0.51843184
473_germany,0.3261893,0.67381066
3504_ile-de-france,0.19045395,0.809546
28764_geowiki-landcover-2017,0.4933151,0.50668496
26900_geowiki-landcover-2017,0.47313958,0.5268605
3010_central-asia,0.32619783,0.6738022
13965_geowiki-landcover-2017,0.6508172,0.34918275
367_canada,0.3261891,0.67381096
121_ile-de-france,0.19045387,0.8095462
2053_germany,0.19045386,0.8095462
2542_germany,0.3261891,0.67381096
29868_geowiki-landcover-2017,0.19045457,0.80954546
17608_geowiki-landcover-2017,0.4809988,0.5190012
138_reunion-france,0.78797555,0.21202445
574_tanzania-ceo,0.78797424,0.21202579
4954_central-asia,0.19045378,0.80954623
13258_geowiki-landcover-2017,0.7879744,0.21202554
4590_ile-de-france,0.19045395,0.809546
1473_rwanda-ceo,0.7879756,0.2120244
329_tanzania-rice-ecaas,0.4854406,0.51455945
753_germany,0.32620493,0.6737951
3410_rwanda-ceo,0.78797567,0.21202435
408_togo,0.3211836,0.6788164
2158_geowiki-landcover-2017,0.78797567,0.21202426
610_martinique-france,0.6508276,0.34917235
2337_tanzania-ceo,0.7879756,0.21202436
74_mali-helmets-labelling-crops,0.47529134,0.5247087
25867_geowiki-landcover-2017,0.6508275,0.34917244
4090_canada,0.19045378,0.80954623
12643_geowiki-landcover-2017,0.48083663,0.5191634
3077_croplands,0.6436348,0.35636517
985_canada,0.31048042,0.6895195
10646_croplands,0.6436294,0.3563706
347_tanzania-rice-ecaas,0.48543993,0.5145601
3091_croplands,0.64363295,0.35636705
174_ethiopia,0.6436334,0.35636654
23261_geowiki-landcover-2017,0.49115762,0.50884235
3188_canada,0.19045594,0.809544
915_tanzania-ceo,0.7879758,0.21202423
18262_geowiki-landcover-2017,0.7879746,0.21202543
2959_central-asia,0.32578242,0.6742175
30913_geowiki-landcover-2017,0.48099917,0.5190008
3926_ile-de-france,0.19045389,0.8095462
1572_ile-de-france,0.31057626,0.6894238
4033_ile-de-france,0.3105322,0.6894677
6910_geowiki-landcover-2017,0.48099756,0.5190025
5994_ile-de-france,0.31053224,0.6894677
562_ethiopia,0.64363086,0.35636914
5571_geowiki-landcover-2017,0.65082717,0.34917286
23820_geowiki-landcover-2017,0.4933146,0.5066854
2118_central-asia,0.19045442,0.80954564
7_brazil-non-crop,0.78797567,0.21202435
4444_croplands,0.32118288,0.6788171
996_martinique-france,0.6508275,0.34917244
1764_central-asia,0.19045392,0.8095461
1188_kenya-non-crop,0.7879746,0.21202543
366_togo,0.32118216,0.6788178
5028_central-asia,0.19045374,0.80954623
1724_rwanda-ceo,0.787975,0.21202494
21400_geowiki-landcover-2017,0.31053093,0.68946904
12753_geowiki-landcover-2017,0.49331167,0.5066883
7295_canada,0.31053236,0.68946767
3660_geowiki-landcover-2017,0.6436324,0.35636762
4835_central-asia,0.4809918,0.5190082
21113_geowiki-landcover-2017,0.48099986,0.5190002
33888_geowiki-landcover-2017,0.3193032,0.6806968
6023_ile-de-france,0.32618853,0.67381144
932_togo,0.49331662,0.5066834
5276_ile-de-france,0.19045386,0.8095462
35173_geowiki-landcover-2017,0.4809989,0.5190011
864_mali-helmets-labelling-crops,0.3211822,0.6788178
1856_canada,0.32618842,0.6738116
7552_canada,0.475292,0.524708
2692_ile-de-france,0.3261916,0.6738084
2662_kenya-non-crop,0.64363486,0.3563651
4197_ile-de-france,0.4809989,0.5190011
16103_geowiki-landcover-2017,0.64886254,0.3511375
34121_geowiki-landcover-2017,0.47527552,0.5247244
1525_central-asia,0.19045404,0.80954593
2352_central-asia,0.19045451,0.8095455
16559_geowiki-landcover-2017,0.4753033,0.52469665
344_ethiopia,0.7879746,0.21202543
4009_geowiki-landcover-2017,0.48203278,0.5179672
3464_rwanda-ceo,0.7879758,0.21202421
5203_ile-de-france,0.19045483,0.80954516
678_germany,0.32618913,0.67381084
20182_geowiki-landcover-2017,0.19045462,0.8095454
10351_geowiki-landcover-2017,0.65082717,0.34917286
17425_geowiki-landcover-2017,0.65082747,0.34917253
9015_geowiki-landcover-2017,0.6488635,0.3511365
224_croplands,0.4731375,0.5268625
32521_geowiki-landcover-2017,0.32618865,0.6738113
4304_central-asia,0.47313812,0.52686185
11418_geowiki-landcover-2017,0.4752925,0.5247075
439_germany,0.19045378,0.80954623
273_kenya,0.78797567,0.2120243
696_croplands,0.4933123,0.5066877
516_mali-helmets-labelling-crops,0.32118228,0.6788177
6074_canada,0.31053227,0.6894677
28757_geowiki-landcover-2017,0.4809902,0.5190098
46_uganda,0.4854398,0.5145602
29003_geowiki-landcover-2017,0.19045386,0.8095462
2574_geowiki-landcover-2017,0.650827,0.34917304
32827_geowiki-landcover-2017,0.49332094,0.50667906
24315_geowiki-landcover-2017,0.480928,0.519072
3390_geowiki-landcover-2017,0.4752969,0.5247031
13938_geowiki-landcover-2017,0.6488585,0.3511415
3209_central-asia,0.31053257,0.68946743
33743_geowiki-landcover-2017,0.48099878,0.51900125
4290_central-asia,0.31930205,0.6806979
1513_kenya-non-crop,0.6508277,0.3491723
515_tanzania-ceo,0.6600101,0.33998993
1557_germany,0.19045381,0.8095462
753_ile-de-france,0.19045453,0.80954546
15405_geowiki-landcover-2017,0.78797483,0.21202515
16720_geowiki-landcover-2017,0.6508294,0.34917063
294_canada,0.19045429,0.8095457
2767_geowiki-landcover-2017,0.3211831,0.6788169
2197_germany,0.48099804,0.51900196
104_kenya-non-crop,0.6600066,0.3399934
31603_geowiki-landcover-2017,0.48544213,0.51455784
1319_croplands,0.65082717,0.3491728
25036_geowiki-landcover-2017,0.65082586,0.3491741
53_croplands,0.64886343,0.3511365
5909_ile-de-france,0.31053245,0.6894676
757_geowiki-landcover-2017,0.6600091,0.3399909
5_rwanda-ceo,0.78797567,0.21202429
1978_canada,0.48099896,0.51900107
16337_geowiki-landcover-2017,0.64886266,0.3511373
4546_croplands,0.4752937,0.5247063
21880_geowiki-landcover-2017,0.65082675,0.34917325
2630_central-asia,0.3105329,0.6894671
4792_canada,0.19045381,0.8095462
411_canada,0.32618868,0.6738113
22296_geowiki-landcover-2017,0.31053177,0.6894682
139_uganda,0.78797376,0.21202625
4123_croplands,0.3211827,0.67881733
15357_geowiki-landcover-2017,0.4933182,0.5066818
3257_canada,0.32619053,0.67380947
146_tanzania-ceo,0.7879754,0.21202458
1853_kenya-non-crop,0.78797567,0.21202433
4165_ile-de-france,0.19045524,0.80954474
16230_geowiki-landcover-2017,0.4854426,0.5145574
35341_geowiki-landcover-2017,0.32618922,0.6738107
3259_central-asia,0.31053227,0.6894677
1490_ile-de-france,0.19045389,0.8095462
6548_canada,0.4809989,0.5190011
35492_geowiki-landcover-2017,0.19045371,0.8095463
16331_geowiki-landcover-2017,0.47533882,0.5246612
3664_canada,0.19045378,0.80954623
3922_ile-de-france,0.19045404,0.80954593
10846_geowiki-landcover-2017,0.19045718,0.8095428
2146_tanzania-ceo,0.7879751,0.21202485
6036_ile-de-france,0.19045392,0.8095461
22792_geowiki-landcover-2017,0.47313967,0.52686036
816_mali-helmets-labelling-crops,0.32118258,0.6788174
24145_geowiki-landcover-2017,0.4752922,0.52470785
207_geowiki-landcover-2017,0.6508271,0.34917286
1960_germany,0.3262,0.67379993
19906_geowiki-landcover-2017,0.3261893,0.6738107
35_brazil-non-crop,0.78797567,0.21202435
1359_geowiki-landcover-2017,0.78797555,0.21202444
31256_geowiki-landcover-2017,0.6508303,0.34916964
179_mali-helmets-labelling-crops,0.47529227,0.52470773
44_geowiki-landcover-2017,0.4933124,0.50668764
783_togo,0.65082747,0.34917247
17848_geowiki-landcover-2017,0.32619107,0.67380893
1363_canada,0.19045424,0.80954576
1929_tanzania-ceo,0.78797567,0.21202435
4188_ile-de-france,0.32618946,0.6738105
1134_mali-helmets-labelling-crops,0.65082437,0.3491756
487_ethiopia,0.78797466,0.21202534
695_lem-brazil,0.7879756,0.2120244
9226_croplands,0.47529644,0.52470356
1210_ile-de-france,0.32618958,0.6738104
13118_geowiki-landcover-2017,0.7879735,0.21202648
1167_canada,0.31052828,0.6894717
34688_geowiki-landcover-2017,0.48099917,0.5190008
1184_ile-de-france,0.48099408,0.5190059
1288_mali-helmets-labelling-crops,0.32118276,0.6788173
10025_geowiki-landcover-2017,0.49332586,0.5066742
14394_geowiki-landcover-2017,0.32618913,0.67381084
3036_central-asia,0.19046809,0.8095319
214_tanzania,0.7879756,0.2120244
23890_geowiki-landcover-2017,0.48099938,0.5190006
9019_croplands,0.6508284,0.3491716
18015_geowiki-landcover-2017,0.47313923,0.5268608
648_togo,0.4752939,0.52470607
1815_germany,0.3261893,0.6738107
254_kenya,0.7879754,0.21202455
33805_geowiki-landcover-2017,0.4757347,0.5242653
268_togo,0.32118225,0.67881775
317_kenya,0.64363486,0.35636514
4847_central-asia,0.3261928,0.6738072
2444_rwanda-ceo,0.7879756,0.2120244
3066_rwanda-ceo,0.7879752,0.21202482
759_kenya-non-crop,0.48553994,0.5144601
12009_geowiki-landcover-2017,0.4731321,0.5268679
652_tanzania-rice-ecaas,0.48544848,0.5145515
1443_germany,0.3261891,0.6738109
24562_geowiki-landcover-2017,0.64886147,0.3511385
423_lem-brazil,0.6600071,0.33999288
9539_croplands,0.6600085,0.33999154
9460_croplands,0.6508276,0.34917235
13421_geowiki-landcover-2017,0.493346,0.506654
31029_geowiki-landcover-2017,0.3105324,0.68946767
29732_geowiki-landcover-2017,0.4854469,0.5145531
6108_canada,0.19045386,0.8095462
2663_ile-de-france,0.31052706,0.6894729
332_tanzania,0.78797495,0.212025
355_kenya-non-crop,0.7879744,0.21202554
23603_geowiki-landcover-2017,0.49115467,0.5088454
1238_martinique-france,0.6508275,0.34917244
1954_reunion-france,0.78797567,0.21202435
31805_geowiki-landcover-2017,0.6508262,0.34917375
1569_ile-de-france,0.19045699,0.809543
9240_geowiki-landcover-2017,0.650829,0.34917095
76_rwanda-ceo,0.78797585,0.21202418
4909_central-asia,0.19045378,0.80954623
982_togo,0.6508274,0.34917256
1724_germany,0.3105321,0.6894679
40_ile-de-france,0.19045414,0.8095459
582_lem-brazil,0.4855323,0.51446766
2700_rwanda-ceo,0.7879729,0.21202707
14113_geowiki-landcover-2017,0.65082735,0.34917265
1503_ile-de-france,0.19045392,0.8095461
8243_geowiki-landcover-2017,0.6508277,0.3491723
2635_central-asia,0.19045718,0.8095428
22070_geowiki-landcover-2017,0.4731407,0.52685934
89_reunion-france,0.78790385,0.21209617
2315_tanzania-ceo,0.65999,0.34001002
16293_geowiki-landcover-2017,0.7879758,0.21202426
244_central-asia,0.49115553,0.5088445
146_reunion-france,0.78797555,0.21202445
4055_central-asia,0.48099774,0.51900226
17591_geowiki-landcover-2017,0.64886284,0.3511371
3270_geowiki-landcover-2017,0.4966073,0.5033927
322_martinique-france,0.6508276,0.3491724
25240_geowiki-landcover-2017,0.6508269,0.34917307
1354_geowiki-landcover-2017,0.78797555,0.21202445
18530_geowiki-landcover-2017,0.4731399,0.5268601
8692_geowiki-landcover-2017,0.31930327,0.6806968
95_croplands,0.4752915,0.52470857
25512_geowiki-landcover-2017,0.64886177,0.3511383
27693_geowiki-landcover-2017,0.4809989,0.5190011
9178_geowiki-landcover-2017,0.6508152,0.3491848
1570_geowiki-landcover-2017,0.49331295,0.50668705
188_tanzania-rice-ecaas,0.6436342,0.3563658
23155_geowiki-landcover-2017,0.4731395,0.52686054
1053_croplands,0.31053215,0.68946785
812_ile-de-france,0.19045451,0.8095455
226_martinique-france,0.6508275,0.34917244
35193_geowiki-landcover-2017,0.48099917,0.5190008
389_togo,0.32118243,0.67881763
8324_geowiki-landcover-2017,0.31053248,0.68946755
14397_geowiki-landcover-2017,0.32618964,0.67381036
30126_geowiki-landcover-2017,0.19046895,0.8095311
10805_croplands,0.78797424,0.21202579
7249_canada,0.4731304,0.5268696
9150_geowiki-landcover-2017,0.49331215,0.5066879
33544_geowiki-landcover-2017,0.32618958,0.6738105
6853_geowiki-landcover-2017,0.6508665,0.34913346
4533_ile-de-france,0.19045381,0.8095462
1266_reunion-france,0.6508276,0.34917235
609_ile-de-france,0.19045404,0.80954593
1943_ile-de-france,0.19045386,0.8095462
74_uganda,0.66000384,0.33999616
2144_tanzania-ceo,0.78792125,0.21207881
1652_rwanda-ceo,0.7879749,0.21202512
0_kenya,0.7879756,0.2120244
5104_canada,0.48099715,0.51900285
169_lem-brazil,0.7879755,0.21202452
2928_geowiki-landcover-2017,0.47529206,0.5247079
3146_geowiki-landcover-2017,0.4753156,0.52468437
3063_rwanda-ceo,0.7879758,0.21202426
1014_croplands,0.19045387,0.8095462
2558_central-asia,0.19045429,0.8095457
2145_ile-de-france,0.31078961,0.6892104
322_croplands,0.65082735,0.34917265
12851_geowiki-landcover-2017,0.6508276,0.3491724
16012_geowiki-landcover-2017,0.47313964,0.52686036
24513_geowiki-landcover-2017,0.32618877,0.6738112
7566_geowiki-landcover-2017,0.64886343,0.3511366
26156_geowiki-landcover-2017,0.6508284,0.34917155
22_croplands,0.49117392,0.50882614
3230_geowiki-landcover-2017,0.6508287,0.34917125
15663_geowiki-landcover-2017,0.4731145,0.5268855
7727_canada,0.31053218,0.68946785
19345_geowiki-landcover-2017,0.49115485,0.5088452
13407_geowiki-landcover-2017,0.6508281,0.34917185
197_central-asia,0.32548043,0.6745196
60_lem-brazil,0.7879741,0.21202587
4976_geowiki-landcover-2017,0.6508262,0.34917375
21630_geowiki-landcover-2017,0.6508285,0.34917152
2859_ile-de-france,0.4809959,0.51900417
7058_canada,0.19045451,0.8095455
4210_canada,0.3211819,0.6788181
604_reunion-france,0.6436342,0.3563658
1183_canada,0.3105322,0.6894677
20590_geowiki-landcover-2017,0.7879752,0.21202481
12484_geowiki-landcover-2017,0.64886266,0.3511373
29012_geowiki-landcover-2017,0.32618943,0.67381054
5625_canada,0.19045378,0.80954623
1538_germany,0.32618922,0.6738107
6615_canada,0.48099658,0.51900345
1646_canada,0.3105323,0.68946767
1231_rwanda-ceo,0.78797466,0.21202534
18672_geowiki-landcover-2017,0.4911548,0.5088452
2225_kenya-non-crop,0.78797376,0.21202618
5146_ile-de-france,0.19045392,0.8095461
297_mali-helmets-labelling-crops,0.65082675,0.34917325
1136_canada,0.32665762,0.67334235
1923_rwanda-ceo,0.7879756,0.2120244
5878_geowiki-landcover-2017,0.3261995,0.6738005
2034_canada,0.48099852,0.51900154
2393_central-asia,0.19045462,0.8095454
34415_geowiki-landcover-2017,0.6508254,0.34917462
1015_canada,0.4809998,0.5190002
2869_central-asia,0.19045947,0.8095405
1285_rwanda-ceo,0.7879758,0.21202423
9553_geowiki-landcover-2017,0.78797454,0.21202546
9384_geowiki-landcover-2017,0.7879756,0.2120244
1974_geowiki-landcover-2017,0.7879694,0.2120306
16025_geowiki-landcover-2017,0.4735661,0.5264339
9141_croplands,0.65082735,0.34917265
2986_ile-de-france,0.19045608,0.80954397
11551_croplands,0.47529283,0.5247072
3886_central-asia,0.19053999,0.80946
32524_geowiki-landcover-2017,0.31053218,0.6894678
315_tanzania-rice-ecaas,0.48578542,0.5142146
5664_canada,0.19045684,0.8095432
35119_geowiki-landcover-2017,0.78787,0.21213001
2308_reunion-france,0.7879753,0.21202467
33374_geowiki-landcover-2017,0.32618922,0.6738108
24311_geowiki-landcover-2017,0.473112,0.526888
1086_central-asia,0.19045395,0.809546
1235_canada,0.1904548,0.8095452
94_tanzania-rice-ecaas,0.48544315,0.5145569
22_germany,0.48099896,0.519001
1751_canada,0.19045402,0.809546
1420_reunion-france,0.65082586,0.34917417
18648_geowiki-landcover-2017,0.78797007,0.21202989
10735_croplands,0.64363444,0.35636556
17373_geowiki-landcover-2017,0.4753016,0.52469844
38_togo,0.32118872,0.6788113
1114_rwanda-ceo,0.78797567,0.2120243
33866_geowiki-landcover-2017,0.475292,0.524708
22797_geowiki-landcover-2017,0.49115473,0.5088453
3792_geowiki-landcover-2017,0.6505379,0.34946206
32923_geowiki-landcover-2017,0.78797525,0.2120247
3085_central-asia,0.1904558,0.8095442
3288_canada,0.64886445,0.35113555
4840_ile-de-france,0.31053177,0.6894682
4896_geowiki-landcover-2017,0.78797525,0.2120247
1655_canada,0.3192936,0.68070644
814_central-asia,0.19045535,0.8095446
1411_central-asia,0.1904542,0.80954576
4390_canada,0.3105324,0.68946767
398_kenya-non-crop,0.4854397,0.5145603
2214_ile-de-france,0.3261891,0.6738109
497_croplands,0.6435133,0.3564867
21647_geowiki-landcover-2017,0.65082747,0.34917256
1619_kenya-non-crop,0.78797555,0.21202445
18987_geowiki-landcover-2017,0.6508282,0.34917176
2569_kenya-non-crop,0.7879755,0.21202451
1693_rwanda-ceo,0.78797567,0.2120243
28618_geowiki-landcover-2017,0.48099938,0.5190006
11740_geowiki-landcover-2017,0.4731397,0.5268603
3739_ile-de-france,0.19045389,0.8095462
16035_geowiki-landcover-2017,0.6488631,0.3511369
98_tanzania-ceo,0.78797555,0.21202444
7308_geowiki-landcover-2017,0.49331114,0.50668883
10478_geowiki-landcover-2017,0.64886314,0.3511368
13294_geowiki-landcover-2017,0.78797555,0.21202445
4677_canada,0.19045381,0.8095462
14003_geowiki-landcover-2017,0.491155,0.508845
542_kenya-non-crop,0.7879756,0.2120244
1408_canada,0.6297658,0.37023413
30042_geowiki-landcover-2017,0.47529194,0.52470803
5466_geowiki-landcover-2017,0.4912671,0.5087329
1448_croplands,0.3262401,0.67375994
4949_central-asia,0.19045378,0.80954623
1136_togo,0.65082717,0.34917277
1521_croplands,0.322397,0.677603
625_lem-brazil,0.6600291,0.33997092
1101_central-asia,0.19045392,0.8095461
2686_geowiki-landcover-2017,0.6508289,0.34917104
1077_kenya-non-crop,0.78797567,0.21202426
1588_tanzania-ceo,0.660009,0.3399909
669_kenya-non-crop,0.78797555,0.21202444
475_ile-de-france,0.19045392,0.8095461
27_martinique-france,0.6508281,0.34917194
1642_reunion-france,0.787956,0.21204405
21764_geowiki-landcover-2017,0.65082616,0.34917384
2748_ile-de-france,0.19045389,0.8095462
4892_central-asia,0.19045374,0.80954623
2168_reunion-france,0.78797483,0.21202523
2387_rwanda-ceo,0.64363515,0.35636482
23648_geowiki-landcover-2017,0.3107754,0.6892246
13561_croplands,0.47529265,0.5247074
29510_geowiki-landcover-2017,0.32618695,0.67381305
14185_geowiki-landcover-2017,0.49329722,0.5067028
684_togo,0.3211866,0.67881346
100_croplands,0.47529155,0.52470845
277_tanzania-rice-ecaas,0.6436343,0.35636574
1493_rwanda-ceo,0.78797555,0.21202445
2012_canada,0.32618904,0.67381096
857_germany,0.19045381,0.8095462
28360_geowiki-landcover-2017,0.4809972,0.5190028
1396_martinique-france,0.6508278,0.34917223
3214_rwanda-ceo,0.78797525,0.21202475
5645_canada,0.3105322,0.6894677
1324_canada,0.31053162,0.6894684
4371_ile-de-france,0.19045389,0.8095462
1064_tanzania-ceo,0.78796965,0.2120304
1842_kenya-non-crop,0.78797567,0.2120243
8061_geowiki-landcover-2017,0.48099923,0.5190008
6748_geowiki-landcover-2017,0.31064123,0.6893588
34002_geowiki-landcover-2017,0.32618892,0.6738111
2522_central-asia,0.19045429,0.8095457
6971_croplands,0.64361703,0.356383
29462_geowiki-landcover-2017,0.65082747,0.3491725
135_reunion-france,0.7879752,0.21202481
34923_geowiki-landcover-2017,0.47529298,0.524707
7822_canada,0.19045404,0.80954593
9889_croplands,0.6436341,0.35636592
7634_geowiki-landcover-2017,0.6488625,0.35113758
24208_geowiki-landcover-2017,0.6508276,0.34917235
1887_germany,0.19045374,0.80954623
5232_canada,0.326176,0.6738241
756_canada,0.48099965,0.51900035
129_mali-non-crop,0.4933123,0.5066877
32025_geowiki-landcover-2017,0.32618922,0.6738108
7282_geowiki-landcover-2017,0.31930143,0.6806986
7686_geowiki-landcover-2017,0.48099926,0.51900077
3772_ile-de-france,0.19045389,0.8095462
1321_germany,0.19045375,0.80954623
4091_central-asia,0.3105325,0.68946755
1169_mali-helmets-labelling-crops,0.4933123,0.5066877
30820_geowiki-landcover-2017,0.31053102,0.689469
819_mali-helmets-labelling-crops,0.32118416,0.67881584
338_mali-helmets-labelling-crops,0.4752933,0.52470666
2942_ile-de-france,0.19045404,0.809546
13972_geowiki-landcover-2017,0.47313964,0.52686036
289_croplands,0.49106568,0.50893426
24559_geowiki-landcover-2017,0.48099864,0.51900136
2315_rwanda-ceo,0.78797567,0.21202435
30653_geowiki-landcover-2017,0.326189,0.673811
11298_croplands,0.6436124,0.35638767
34117_geowiki-landcover-2017,0.3105322,0.6894677
10344_geowiki-landcover-2017,0.78791857,0.21208146
7376_canada,0.32618928,0.6738107
969_mali-helmets-labelling-crops,0.32118368,0.67881626
698_lem-brazil,0.6600075,0.33999246
1152_tanzania-ceo,0.7879756,0.2120244
30516_geowiki-landcover-2017,0.4809979,0.5190021
450_germany,0.32618946,0.6738105
527_mali-helmets-labelling-crops,0.6508274,0.3491726
8968_geowiki-landcover-2017,0.787975,0.212025
12127_geowiki-landcover-2017,0.4810009,0.5189991
893_geowiki-landcover-2017,0.78797483,0.21202517
443_germany,0.19045427,0.8095457
16598_geowiki-landcover-2017,0.6437115,0.35628852
1254_mali-helmets-labelling-crops,0.32118288,0.67881715
2594_croplands,0.7879752,0.21202482
25601_geowiki-landcover-2017,0.49115562,0.5088444
22619_geowiki-landcover-2017,0.19049132,0.8095087
13577_croplands,0.49697906,0.50302094
1794_canada,0.4809988,0.5190012
88_tanzania-rice-ecaas,0.48544884,0.51455116
576_mali-helmets-labelling-crops,0.50113505,0.49886498
2275_rwanda-ceo,0.6436351,0.35636497
512_rwanda-ceo,0.78797567,0.2120243
1469_ile-de-france,0.19045392,0.8095461
1429_germany,0.32618883,0.67381114
1526_germany,0.19045754,0.8095425
4439_geowiki-landcover-2017,0.7879753,0.21202467
523_tanzania-rice-ecaas,0.6436331,0.35636684
1161_kenya-non-crop,0.78797567,0.21202433
7026_geowiki-landcover-2017,0.31053194,0.6894681
293_central-asia,0.1904552,0.80954474
1787_tanzania-ceo,0.78797555,0.21202445
3302_central-asia,0.3105322,0.6894677
19993_geowiki-landcover-2017,0.32618916,0.67381084
9370_croplands,0.47529155,0.52470845
12692_geowiki-landcover-2017,0.7879753,0.21202467
5974_geowiki-landcover-2017,0.4731442,0.52685577
4960_ile-de-france,0.31053182,0.6894682
2084_central-asia,0.19045487,0.80954516
1786_reunion-france,0.7879754,0.21202458
21355_geowiki-landcover-2017,0.6508354,0.34916463
27052_geowiki-landcover-2017,0.4911548,0.5088452
5822_croplands,0.6436342,0.35636577
1782_tanzania-ceo,0.49331224,0.50668776
3921_canada,0.31053194,0.689468
34501_geowiki-landcover-2017,0.6508299,0.34917012
2680_central-asia,0.19045682,0.8095432
11275_geowiki-landcover-2017,0.31930315,0.6806968
5836_geowiki-landcover-2017,0.6509019,0.34909806
6000_ile-de-france,0.19046076,0.8095392
2845_canada,0.4911549,0.50884515
771_tanzania-rice-ecaas,0.6436125,0.3563875
34438_geowiki-landcover-2017,0.47529346,0.52470654
35195_geowiki-landcover-2017,0.19045424,0.80954576
30275_geowiki-landcover-2017,0.48099884,0.5190012
9512_croplands,0.48544207,0.51455796
24727_geowiki-landcover-2017,0.4911544,0.50884557
12229_geowiki-landcover-2017,0.65082747,0.3491725
618_tanzania-rice-ecaas,0.48543972,0.5145603
4782_canada,0.19045383,0.8095462
29555_geowiki-landcover-2017,0.31057706,0.68942297
1422_martinique-france,0.65082747,0.34917256
838_canada,0.19045395,0.809546
32229_geowiki-landcover-2017,0.3105326,0.68946743
15897_geowiki-landcover-2017,0.49115497,0.508845
6862_canada,0.4933095,0.5066905
18892_geowiki-landcover-2017,0.47313958,0.5268604
1806_germany,0.48099878,0.51900125
12523_geowiki-landcover-2017,0.6508334,0.3491666
4032_geowiki-landcover-2017,0.6508273,0.3491727
12362_geowiki-landcover-2017,0.4731399,0.5268601
273_geowiki-landcover-2017,0.66000617,0.3399938
1359_central-asia,0.19045395,0.809546
4521_central-asia,0.19045466,0.8095454
953_kenya-non-crop,0.64363486,0.35636514
6781_canada,0.19045503,0.809545
877_mali-helmets-labelling-crops,0.47527093,0.524729
7607_canada,0.19045374,0.80954623
9555_croplands,0.7879752,0.21202485
25031_geowiki-landcover-2017,0.48099807,0.5190019
18001_geowiki-landcover-2017,0.49115467,0.5088454
886_ile-de-france,0.19045389,0.8095462
2499_central-asia,0.19045435,0.8095457
9663_geowiki-landcover-2017,0.6508274,0.34917256
657_lem-brazil,0.6436267,0.35637328
2596_central-asia,0.19045426,0.80954576
2039_tanzania-ceo,0.7879755,0.21202451
35747_geowiki-landcover-2017,0.4752892,0.5247108
2044_central-asia,0.19045438,0.80954564
77_germany,0.3105134,0.68948656
7375_geowiki-landcover-2017,0.19045457,0.8095454
1593_central-asia,0.19045392,0.8095461
635_kenya-non-crop,0.7879754,0.21202463
4371_central-asia,0.19071187,0.80928814
1673_kenya-non-crop,0.78797567,0.2120243
7388_geowiki-landcover-2017,0.19045374,0.80954623
172_mali-helmets-labelling-crops,0.47529233,0.5247076
2812_rwanda-ceo,0.7879754,0.21202458
1423_geowiki-landcover-2017,0.78797525,0.21202475
29_tanzania-rice-ecaas,0.6436247,0.35637528
3792_canada,0.19046146,0.8095385
1891_rwanda-ceo,0.78797567,0.21202435
2705_ile-de-france,0.32619008,0.67380995
1489_ile-de-france,0.19045395,0.809546
2204_geowiki-landcover-2017,0.65083,0.34917003
14073_croplands,0.6436341,0.35636586
609_rwanda-ceo,0.78797567,0.2120243
1481_rwanda-ceo,0.78797555,0.21202445
597_reunion-france,0.64385736,0.35614264
21360_geowiki-landcover-2017,0.31053212,0.68946785
2368_germany,0.3261891,0.6738109
5814_ile-de-france,0.19045395,0.809546
30500_geowiki-landcover-2017,0.3105324,0.6894676
7364_geowiki-landcover-2017,0.7879177,0.21208231
16922_geowiki-landcover-2017,0.6508275,0.34917244
7492_canada,0.31053308,0.6894669
524_reunion-france,0.7879755,0.21202451
1461_martinique-france,0.65082747,0.34917253
629_ethiopia,0.7879751,0.2120249
962_togo,0.65082693,0.34917307
1522_kenya-non-crop,0.6508277,0.3491723
173_ethiopia,0.6436333,0.3563667
237_rwanda-ceo,0.6436344,0.35636565
6849_canada,0.321183,0.678817
1431_ile-de-france,0.19045392,0.8095461
32570_geowiki-landcover-2017,0.326189,0.67381096
2543_kenya-non-crop,0.7879754,0.21202464
8351_geowiki-landcover-2017,0.66001517,0.33998486
1037_kenya-non-crop,0.7879754,0.21202463
687_reunion-france,0.7879754,0.21202455
5116_canada,0.48099518,0.5190048
7238_canada,0.3105324,0.68946767
1344_kenya-non-crop,0.78797495,0.21202505
10399_geowiki-landcover-2017,0.6489055,0.3510945
18263_geowiki-landcover-2017,0.32619077,0.67380923
2186_kenya-non-crop,0.47529182,0.52470815
52_croplands,0.64886326,0.35113674
153_togo,0.32118422,0.6788158
7860_canada,0.3105321,0.6894679
332_mali-helmets-labelling-crops,0.47529298,0.524707
471_croplands,0.3211822,0.6788178
6092_canada,0.47529173,0.5247083
10496_geowiki-landcover-2017,0.7879476,0.21205243
1047_kenya-non-crop,0.78797567,0.21202435
413_kenya-non-crop,0.6436347,0.35636526
1257_central-asia,0.19049382,0.8095062
1500_mali-helmets-labelling-crops,0.32118234,0.67881763
2873_geowiki-landcover-2017,0.6508277,0.3491723
13506_geowiki-landcover-2017,0.49331465,0.5066853
1817_central-asia,0.19045395,0.809546
3618_central-asia,0.19045436,0.80954564
2664_ile-de-france,0.19045469,0.8095453
5503_canada,0.32618868,0.6738113
23080_geowiki-landcover-2017,0.65082747,0.34917256
12637_croplands,0.4933006,0.50669944
6887_canada,0.32118216,0.6788178
25844_geowiki-landcover-2017,0.49115577,0.5088442
14_mali-helmets-labelling-crops,0.32118243,0.67881763
33_kenya,0.78797317,0.21202682
1061_germany,0.19045375,0.80954623
522_rwanda-ceo,0.78797495,0.21202508
800_ethiopia,0.78797525,0.2120248
2967_rwanda-ceo,0.7879756,0.21202436
3507_croplands,0.48580703,0.514193
10097_croplands,0.66000855,0.3399915
1833_ile-de-france,0.19045392,0.8095461
34346_geowiki-landcover-2017,0.64363354,0.35636646
35246_geowiki-landcover-2017,0.31053132,0.6894687
2346_tanzania-ceo,0.78797555,0.21202445
26221_geowiki-landcover-2017,0.6508265,0.34917355
3114_rwanda-ceo,0.78797567,0.21202426
33779_geowiki-landcover-2017,0.6508264,0.3491736
1318_ile-de-france,0.32618877,0.6738112
1732_rwanda-ceo,0.7879758,0.21202423
2970_geowiki-landcover-2017,0.47529456,0.5247054
22076_geowiki-landcover-2017,0.4809989,0.5190011
2921_geowiki-landcover-2017,0.49331236,0.50668764
10222_croplands,0.7879752,0.21202482
26962_geowiki-landcover-2017,0.32619008,0.67380995
12284_geowiki-landcover-2017,0.47990307,0.52009696
5646_ile-de-france,0.1904539,0.8095461
28230_geowiki-landcover-2017,0.64886385,0.3511361
2116_reunion-france,0.65083015,0.34916982
527_canada,0.31053275,0.6894673
556_croplands,0.19045372,0.8095463
2043_ile-de-france,0.1904541,0.8095459
1745_central-asia,0.19045389,0.8095462
25180_geowiki-landcover-2017,0.6436335,0.35636646
911_rwanda-ceo,0.78797466,0.21202534
257_ile-de-france,0.3261884,0.6738116
3846_canada,0.3105322,0.6894677
14067_geowiki-landcover-2017,0.64886343,0.3511366
4097_ile-de-france,0.19045389,0.8095462
5044_ile-de-france,0.19045386,0.8095462
745_rwanda-ceo,0.78797585,0.21202418
5129_central-asia,0.19046363,0.8095364
1591_ile-de-france,0.32618922,0.6738108
34743_geowiki-landcover-2017,0.31053233,0.68946767
2595_reunion-france,0.7879383,0.21206166
5142_ile-de-france,0.19045487,0.80954516
12592_croplands,0.47529215,0.52470785
23031_geowiki-landcover-2017,0.6507949,0.34920508
32369_geowiki-landcover-2017,0.3261914,0.67380863
31475_geowiki-landcover-2017,0.47529188,0.52470815
4280_canada,0.48099774,0.51900226
3037_rwanda-ceo,0.78797567,0.21202429
4021_canada,0.326189,0.67381096
179_martinique-france,0.65082747,0.34917256
4066_canada,0.32618898,0.673811
1840_ile-de-france,0.19045386,0.8095462
14478_geowiki-landcover-2017,0.49115548,0.5088445
282_rwanda-ceo,0.78797555,0.21202444
9454_croplands,0.6508225,0.3491775
1449_central-asia,0.19045392,0.8095461
5149_ile-de-france,0.3104851,0.68951494
12145_geowiki-landcover-2017,0.6488635,0.3511365
740_lem-brazil,0.78797555,0.21202445
1719_reunion-france,0.6508272,0.34917277
28658_geowiki-landcover-2017,0.31930354,0.6806964
384_tanzania-rice-ecaas,0.6436342,0.35636577
9052_geowiki-landcover-2017,0.48099902,0.51900095
2842_rwanda-ceo,0.78797567,0.21202433
2102_reunion-france,0.6508277,0.3491723
5156_geowiki-landcover-2017,0.78797567,0.21202435
49_germany,0.32618913,0.67381084
9547_croplands,0.48543975,0.5145602
13691_croplands,0.4752933,0.5247067
969_togo,0.65082425,0.34917578
33966_geowiki-landcover-2017,0.48099902,0.519001
888_central-asia,0.19046462,0.8095354
2859_canada,0.47529384,0.5247062
25680_geowiki-landcover-2017,0.491153,0.50884706
2776_central-asia,0.19046138,0.8095386
1556_ile-de-france,0.32618672,0.6738133
1310_central-asia,0.19045419,0.80954576
12526_geowiki-landcover-2017,0.47313985,0.5268601
6302_geowiki-landcover-2017,0.4809926,0.51900744
1619_rwanda-ceo,0.7879755,0.21202451
470_croplands,0.47531167,0.52468836
3260_rwanda-ceo,0.7879754,0.21202458
2753_ile-de-france,0.19045462,0.8095454
220_canada,0.48099974,0.5190003
2166_rwanda-ceo,0.7879754,0.21202463
2347_tanzania-ceo,0.78790706,0.21209294
68_mali-helmets-labelling-crops,0.4752941,0.5247059
2574_central-asia,0.19045426,0.80954576
2407_geowiki-landcover-2017,0.7879744,0.21202558
1159_rwanda-ceo,0.78797567,0.2120243
4489_geowiki-landcover-2017,0.6508277,0.3491723
4826_central-asia,0.3101433,0.6898567
4560_canada,0.19045375,0.80954623
1630_martinique-france,0.6508326,0.3491674
17592_geowiki-landcover-2017,0.4809993,0.51900077
15079_geowiki-landcover-2017,0.6600072,0.3399928
510_rwanda-ceo,0.78797495,0.21202502
1879_central-asia,0.32616603,0.67383397
3622_geowiki-landcover-2017,0.47529283,0.5247072
30866_geowiki-landcover-2017,0.31053245,0.6894676
4646_croplands,0.64362335,0.35637668
705_tanzania-rice-ecaas,0.48543972,0.5145603
30672_geowiki-landcover-2017,0.48099878,0.51900125
4965_central-asia,0.19045378,0.80954623
76_uganda,0.4854415,0.5145585
96_canada,0.3192049,0.6807951
31599_geowiki-landcover-2017,0.6508254,0.3491746
1125_togo,0.49331233,0.5066877
4950_central-asia,0.19045375,0.80954623
947_tanzania-ceo,0.65082914,0.34917092
2325_canada,0.32618925,0.6738107
2165_reunion-france,0.7879722,0.21202776
3572_canada,0.31052893,0.68947107
201_tanzania-rice-ecaas,0.6436343,0.3563657
203_rwanda-ceo,0.7879756,0.2120244
2670_ile-de-france,0.19045399,0.809546
2792_rwanda-ceo,0.78797567,0.21202426
678_ethiopia,0.4752817,0.52471834
8860_croplands,0.65082747,0.34917247
10501_croplands,0.4854398,0.5145602
204_reunion-france,0.47531748,0.5246826
574_ethiopia,0.64363205,0.35636795
1864_germany,0.48099464,0.51900536
2004_martinique-france,0.6508273,0.3491727
14152_croplands,0.6436303,0.3563696
319_rwanda-ceo,0.7879754,0.21202463
1056_martinique-france,0.65082747,0.34917247
10676_geowiki-landcover-2017,0.49115542,0.50884455
13694_croplands,0.32118237,0.67881763
3242_canada,0.48099908,0.5190009
2639_kenya-non-crop,0.78797567,0.21202426
3343_central-asia,0.31053242,0.68946755
1040_ile-de-france,0.3261893,0.67381066
3198_geowiki-landcover-2017,0.47530264,0.5246973
1303_tanzania-ceo,0.6600086,0.33999136
2030_germany,0.19045615,0.80954385
1475_central-asia,0.19045392,0.8095461
5730_ile-de-france,0.19045395,0.809546
13822_geowiki-landcover-2017,0.32619995,0.67380005
674_germany,0.326189,0.673811
6627_geowiki-landcover-2017,0.32618466,0.67381537
706_croplands,0.6436331,0.35636684
5301_ile-de-france,0.19045395,0.8095461
4714_croplands,0.64360785,0.35639212
759_croplands,0.31053323,0.6894668
2389_reunion-france,0.6508275,0.34917244
7328_canada,0.19045411,0.8095459
20040_geowiki-landcover-2017,0.648732,0.35126805
14029_croplands,0.6436337,0.3563663
25502_geowiki-landcover-2017,0.6488629,0.3511371
2392_reunion-france,0.66000885,0.33999112
2712_rwanda-ceo,0.78797555,0.21202445
1831_geowiki-landcover-2017,0.6508282,0.34917185
5092_canada,0.31053218,0.6894678
1579_central-asia,0.19045392,0.8095461
4668_central-asia,0.31053287,0.6894672
377_lem-brazil,0.78797555,0.21202445
14032_geowiki-landcover-2017,0.65082747,0.34917253
8097_geowiki-landcover-2017,0.47529173,0.5247083
4657_central-asia,0.31053305,0.68946695
1393_martinique-france,0.6508277,0.34917235
34675_geowiki-landcover-2017,0.1904549,0.80954504
2446_canada,0.48099878,0.51900125
25818_geowiki-landcover-2017,0.31930605,0.6806939
548_rwanda-ceo,0.78797555,0.21202445
9804_geowiki-landcover-2017,0.78797555,0.2120245
1012_geowiki-landcover-2017,0.48546663,0.51453334
970_ile-de-france,0.326189,0.67381096
2164_reunion-france,0.78796977,0.21203028
14138_croplands,0.64363444,0.35636556
2387_croplands,0.78796786,0.21203217
7840_geowiki-landcover-2017,0.7879756,0.2120244
24449_geowiki-landcover-2017,0.48099908,0.5190009
29220_geowiki-landcover-2017,0.48099852,0.5190014
495_lem-brazil,0.6436343,0.35636568
31973_geowiki-landcover-2017,0.32618895,0.6738111
2147_kenya-non-crop,0.78797567,0.21202426
9232_geowiki-landcover-2017,0.48099953,0.5190005
1273_germany,0.32618916,0.67381084
2242_croplands,0.7879752,0.21202481
1363_central-asia,0.19045392,0.8095461
2639_canada,0.32618803,0.67381203
23428_geowiki-landcover-2017,0.3105324,0.6894676
9507_croplands,0.48551363,0.5144864
1147_togo,0.65082717,0.34917286
595_canada,0.3105326,0.68946743
13066_geowiki-landcover-2017,0.7878652,0.21213478
3254_canada,0.19045632,0.80954367
2404_kenya-non-crop,0.78797525,0.2120247
22785_geowiki-landcover-2017,0.4719193,0.52808076
1253_togo,0.49331236,0.50668764
523_germany,0.19045404,0.809546
273_germany,0.3105321,0.68946785
2256_geowiki-landcover-2017,0.6508266,0.34917337
28_canada,0.48099917,0.5190008
14813_geowiki-landcover-2017,0.6508269,0.34917307
272_tanzania-rice-ecaas,0.6434695,0.35653046
271_sudan,0.78797555,0.2120245
15583_geowiki-landcover-2017,0.64886343,0.3511365
3732_canada,0.3105324,0.68946767
48_togo,0.33992854,0.6600715
123_kenya-non-crop,0.66000915,0.33999085
3859_geowiki-landcover-2017,0.19045807,0.80954194
12906_geowiki-landcover-2017,0.6508274,0.3491726
5644_geowiki-landcover-2017,0.32618952,0.6738105
315_germany,0.48099804,0.51900196
16056_geowiki-landcover-2017,0.32619885,0.6738011
6053_croplands,0.475517,0.524483
1648_rwanda-ceo,0.78797567,0.21202435
29755_geowiki-landcover-2017,0.48099938,0.5190006
3062_geowiki-landcover-2017,0.49331215,0.5066879
1355_martinique-france,0.6508275,0.34917244
2277_tanzania-ceo,0.6508266,0.34917346
6595_geowiki-landcover-2017,0.4933136,0.5066864
1071_rwanda-ceo,0.78793067,0.2120693
3320_ile-de-france,0.19045392,0.8095461
3947_central-asia,0.3105324,0.68946767
20242_geowiki-landcover-2017,0.48100385,0.5189961
14411_geowiki-landcover-2017,0.32618806,0.6738119
1151_tanzania-ceo,0.321184,0.67881596
6157_canada,0.19045411,0.8095459
1622_reunion-france,0.65083015,0.3491699
11242_geowiki-landcover-2017,0.31930828,0.6806917
25456_geowiki-landcover-2017,0.48099896,0.519001
5644_canada,0.31053224,0.6894677
30066_geowiki-landcover-2017,0.78796524,0.21203475
213_tanzania,0.66000897,0.3399911
814_mali-helmets-labelling-crops,0.321183,0.678817
20708_geowiki-landcover-2017,0.6508266,0.34917337
16498_geowiki-landcover-2017,0.78797483,0.21202517
35315_geowiki-landcover-2017,0.643635,0.35636505
3633_canada,0.19045371,0.8095463
33979_geowiki-landcover-2017,0.48099712,0.5190029
2148_tanzania-ceo,0.7879756,0.21202436
32210_geowiki-landcover-2017,0.48099816,0.51900184
15091_geowiki-landcover-2017,0.78797525,0.2120247
2213_germany,0.3105226,0.68947744
136_tanzania-ceo,0.7879756,0.2120244
2578_rwanda-ceo,0.78797555,0.21202444
18202_geowiki-landcover-2017,0.6508164,0.34918362
2204_central-asia,0.19045426,0.80954576
4388_geowiki-landcover-2017,0.6508271,0.34917286
34745_geowiki-landcover-2017,0.6488634,0.35113668
1388_rwanda-ceo,0.78793955,0.21206045
24687_geowiki-landcover-2017,0.49115455,0.5088455
1563_rwanda-ceo,0.7879756,0.2120244
1536_reunion-france,0.7879756,0.21202436
14035_croplands,0.7879389,0.21206106
286_croplands,0.32618836,0.6738117
8777_geowiki-landcover-2017,0.64886326,0.35113674
3984_geowiki-landcover-2017,0.48099902,0.51900095
699_canada,0.48099884,0.5190012
31_uganda,0.643634,0.35636595
22283_geowiki-landcover-2017,0.49114764,0.5088524
628_germany,0.19045378,0.80954623
1944_germany,0.48099884,0.5190012
162_germany,0.3105329,0.6894671
2177_germany,0.32618904,0.67381096
9068_geowiki-landcover-2017,0.31930318,0.6806968
166_tanzania,0.78797376,0.21202618
2006_tanzania-ceo,0.4933128,0.5066872
6566_geowiki-landcover-2017,0.6508261,0.34917393
3350_rwanda-ceo,0.7879758,0.21202426
6122_ile-de-france,0.31001985,0.68998015
163_tanzania-ceo,0.6510952,0.3489048
3377_rwanda-ceo,0.7879744,0.21202554
33671_geowiki-landcover-2017,0.49331406,0.506686
30437_geowiki-landcover-2017,0.3105322,0.6894677
5812_canada,0.19045381,0.8095462
3907_canada,0.19057973,0.8094202
198_sudan,0.3211823,0.6788177
14731_croplands,0.47529465,0.52470535
27576_geowiki-landcover-2017,0.48099357,0.5190064
21562_geowiki-landcover-2017,0.49114725,0.5088527
2884_rwanda-ceo,0.7879756,0.2120244
33691_geowiki-landcover-2017,0.47528976,0.52471024
4210_ile-de-france,0.19048144,0.8095185
4197_central-asia,0.31926358,0.6807364
3022_geowiki-landcover-2017,0.65082675,0.34917325
1041_ile-de-france,0.1904539,0.8095461
837_geowiki-landcover-2017,0.49334985,0.5066501
340_germany,0.19045427,0.8095457
27792_geowiki-landcover-2017,0.4809939,0.51900613
5099_geowiki-landcover-2017,0.49115455,0.50884545
1673_rwanda-ceo,0.7879532,0.2120468
4429_croplands,0.6508281,0.34917194
7132_canada,0.3211819,0.6788181
1109_reunion-france,0.7879755,0.21202455
26218_geowiki-landcover-2017,0.65085953,0.34914052
9368_croplands,0.65082717,0.3491728
27455_geowiki-landcover-2017,0.47528958,0.5247105
7488_canada,0.32618895,0.6738111
12927_geowiki-landcover-2017,0.6508275,0.34917244
1673_tanzania-ceo,0.6508265,0.34917346
1832_reunion-france,0.7879755,0.21202455
1612_ile-de-france,0.4809971,0.5190029
12627_croplands,0.6508276,0.34917235
14260_geowiki-landcover-2017,0.4731596,0.5268404
1110_canada,0.19045404,0.80954593
3766_canada,0.19045797,0.809542
17092_geowiki-landcover-2017,0.31053153,0.68946844
24602_geowiki-landcover-2017,0.6508276,0.34917235
12924_geowiki-landcover-2017,0.6508269,0.3491731
34733_geowiki-landcover-2017,0.32618913,0.67381084
17511_geowiki-landcover-2017,0.49116856,0.5088315
2020_tanzania-ceo,0.7879751,0.2120249
2138_reunion-france,0.6508274,0.3491726
4955_central-asia,0.19045381,0.8095462
16684_geowiki-landcover-2017,0.6600086,0.33999136
1213_mali-helmets-labelling-crops,0.32118246,0.6788176
21435_geowiki-landcover-2017,0.48099908,0.51900095
1672_rwanda-ceo,0.78797555,0.21202445
1786_ile-de-france,0.32617587,0.67382413
4509_canada,0.31053105,0.6894689
189_tanzania,0.6436408,0.35635918
13010_geowiki-landcover-2017,0.7879754,0.21202463
9763_geowiki-landcover-2017,0.31930387,0.6806961
12674_geowiki-landcover-2017,0.47313982,0.5268602
3493_geowiki-landcover-2017,0.49331424,0.50668573
4429_central-asia,0.1904567,0.8095434
540_reunion-france,0.4854405,0.51455957
121_lem-brazil,0.78797555,0.21202444
2351_germany,0.19045378,0.80954623
939_reunion-france,0.6508276,0.3491724
784_martinique-france,0.6508298,0.3491702
2230_tanzania-ceo,0.48544124,0.51455873
6078_ile-de-france,0.19184858,0.8081514
959_croplands,0.6508279,0.34917206
394_mali-helmets-labelling-crops,0.32118604,0.678814
19429_geowiki-landcover-2017,0.6508277,0.34917235
1561_germany,0.32619944,0.6738005
2673_rwanda-ceo,0.7879756,0.2120244
12_tanzania-rice-ecaas,0.48543987,0.5145601
1926_geowiki-landcover-2017,0.78797555,0.21202445
1397_germany,0.48099884,0.5190012
515_mali-helmets-labelling-crops,0.32118246,0.6788176
2647_central-asia,0.1904588,0.80954117
789_rwanda-ceo,0.78797555,0.21202444
18998_geowiki-landcover-2017,0.4809991,0.5190009
25417_geowiki-landcover-2017,0.64882827,0.35117173
3394_ile-de-france,0.19045404,0.80954593
5026_geowiki-landcover-2017,0.4911552,0.50884473
3756_ile-de-france,0.1904539,0.8095461
2567_central-asia,0.19045469,0.8095453
35767_geowiki-landcover-2017,0.6599844,0.34001556
4826_canada,0.19045387,0.8095462
2635_reunion-france,0.78797454,0.21202554
21879_geowiki-landcover-2017,0.6508278,0.34917215
10632_geowiki-landcover-2017,0.6488634,0.35113668
9625_geowiki-landcover-2017,0.7879758,0.21202423
781_kenya-non-crop,0.7879754,0.21202463
6754_geowiki-landcover-2017,0.49117813,0.50882185
1807_germany,0.3105325,0.68946755
1487_tanzania-ceo,0.660009,0.3399909
28346_geowiki-landcover-2017,0.64886314,0.3511368
1410_geowiki-landcover-2017,0.78797525,0.2120247
2640_kenya-non-crop,0.7879758,0.21202423
3247_ile-de-france,0.19045389,0.8095462
753_canada,0.48091045,0.5190895
10212_geowiki-landcover-2017,0.6441133,0.35588667
22075_geowiki-landcover-2017,0.64886343,0.3511366
547_togo,0.32118228,0.6788177
2206_germany,0.19045378,0.80954623
1848_kenya-non-crop,0.7879755,0.21202451
294_mali-helmets-labelling-crops,0.49326116,0.50673884
1768_reunion-france,0.7879452,0.21205482
29252_geowiki-landcover-2017,0.326189,0.673811
897_kenya-non-crop,0.78797567,0.21202426
878_canada,0.19045389,0.8095462
2626_canada,0.19045374,0.80954623
1125_geowiki-landcover-2017,0.7879746,0.21202543
3134_rwanda-ceo,0.7879756,0.2120244
2054_germany,0.19045407,0.80954593
14560_geowiki-landcover-2017,0.4911546,0.5088454
978_ile-de-france,0.19045499,0.809545
2294_canada,0.19045411,0.8095459
3897_central-asia,0.48099887,0.5190011
7733_canada,0.31053224,0.6894677
4647_canada,0.19045426,0.80954576
1334_reunion-france,0.6508274,0.3491726
23666_geowiki-landcover-2017,0.31930345,0.6806966
1543_martinique-france,0.7871087,0.21289128
24433_geowiki-landcover-2017,0.48100138,0.5189986
1391_tanzania-ceo,0.4854414,0.5145586
442_geowiki-landcover-2017,0.65082765,0.34917235
34085_geowiki-landcover-2017,0.47322315,0.5267769
24975_geowiki-landcover-2017,0.6488634,0.35113668
4706_central-asia,0.31052518,0.6894748
33973_geowiki-landcover-2017,0.48103094,0.518969
30072_geowiki-landcover-2017,0.47529233,0.5247077
4395_canada,0.19045483,0.80954516
7836_canada,0.3105316,0.68946844
952_germany,0.31053203,0.68946797
4931_central-asia,0.1904538,0.80954623
1059_ile-de-france,0.4809989,0.51900107
32915_geowiki-landcover-2017,0.7879755,0.21202451
3284_ile-de-france,0.19045386,0.8095462
794_lem-brazil,0.6436347,0.35636532
2150_central-asia,0.32613298,0.67386705
23026_geowiki-landcover-2017,0.78797287,0.21202715
200_togo,0.4752922,0.52470785
18441_geowiki-landcover-2017,0.48099923,0.5190008
3372_rwanda-ceo,0.7879756,0.2120244
3552_geowiki-landcover-2017,0.321185,0.67881495
8841_geowiki-landcover-2017,0.6508269,0.34917316
2345_rwanda-ceo,0.78797555,0.21202445
2102_tanzania-ceo,0.6436263,0.35637367
1196_rwanda-ceo,0.78797555,0.21202444
1495_kenya-non-crop,0.6436344,0.35636562
34802_geowiki-landcover-2017,0.48099867,0.5190013
12631_croplands,0.475292,0.524708
3414_canada,0.48099902,0.519001
5070_geowiki-landcover-2017,0.49131557,0.5086844
2291_martinique-france,0.6508276,0.34917244
14734_croplands,0.65082526,0.34917468
13_croplands,0.47313976,0.5268602
797_ethiopia,0.78797555,0.2120245
1952_kenya-non-crop,0.65083164,0.34916836
815_rwanda-ceo,0.78797567,0.21202433
24985_geowiki-landcover-2017,0.6508262,0.34917375
3327_central-asia,0.31053242,0.68946755
29463_geowiki-landcover-2017,0.4731395,0.5268605
731_tanzania-rice-ecaas,0.643615,0.35638496
288_kenya,0.78797555,0.21202444
2894_canada,0.49115404,0.508846
2176_reunion-france,0.6508281,0.34917185
52_tanzania,0.6436349,0.35636505
2943_croplands,0.64363444,0.35636556
35688_geowiki-landcover-2017,0.47529116,0.52470887
2866_central-asia,0.19045885,0.80954117
5569_ile-de-france,0.33533654,0.66466343
2177_central-asia,0.32616225,0.6738377
29836_geowiki-landcover-2017,0.3193016,0.6806984
2399_martinique-france,0.65082735,0.34917265
5176_geowiki-landcover-2017,0.49115676,0.5088432
2232_rwanda-ceo,0.78797555,0.21202444
1134_kenya-non-crop,0.7879758,0.21202423
1101_reunion-france,0.65082246,0.34917757
25386_geowiki-landcover-2017,0.4809989,0.51900107
322_tanzania,0.6436342,0.35636577
1902_reunion-france,0.7879755,0.21202452
4841_central-asia,0.31053296,0.6894671
24484_geowiki-landcover-2017,0.3261874,0.6738126
16488_geowiki-landcover-2017,0.65082747,0.34917253
3402_geowiki-landcover-2017,0.65082943,0.34917054
23268_geowiki-landcover-2017,0.6488626,0.3511374
1246_ile-de-france,0.19045389,0.8095462
826_croplands,0.32618842,0.6738116
1586_tanzania-ceo,0.78797567,0.21202435
19951_geowiki-landcover-2017,0.47313994,0.52686006
3238_central-asia,0.31053087,0.6894691
987_reunion-france,0.6508276,0.34917235
1556_central-asia,0.19045483,0.80954516
3859_central-asia,0.19046904,0.80953103
2793_central-asia,0.32619268,0.6738073
87_martinique-france,0.6508282,0.3491718
2233_rwanda-ceo,0.78797567,0.21202426
3095_ile-de-france,0.19055358,0.8094464
17182_geowiki-landcover-2017,0.65082717,0.34917286
4800_central-asia,0.19045378,0.80954623
2334_ile-de-france,0.19045386,0.8095462
5330_canada,0.48099875,0.51900125
1898_geowiki-landcover-2017,0.7879268,0.21207322
5814_canada,0.19045378,0.80954623
23739_geowiki-landcover-2017,0.47529748,0.5247025
182_reunion-france,0.66000885,0.33999115
5781_geowiki-landcover-2017,0.64886314,0.35113683
1887_kenya-non-crop,0.7879755,0.21202455
29199_geowiki-landcover-2017,0.19045503,0.809545
9513_geowiki-landcover-2017,0.47314003,0.52685994
6793_canada,0.326189,0.673811
1773_rwanda-ceo,0.78797567,0.2120243
2577_rwanda-ceo,0.7879754,0.21202458
2141_canada,0.48099855,0.5190014
29164_geowiki-landcover-2017,0.48099667,0.51900333
345_tanzania-ceo,0.7879756,0.2120244
5322_canada,0.32620257,0.6737974
25714_geowiki-landcover-2017,0.64886343,0.3511365
32986_geowiki-landcover-2017,0.6508274,0.3491726
7723_canada,0.3105321,0.68946785
45_ile-de-france,0.19045389,0.8095462
2211_martinique-france,0.6508392,0.3491608
1519_germany,0.19045378,0.80954623
1377_geowiki-landcover-2017,0.78797555,0.21202444
82_canada,0.19054149,0.8094585
245_tanzania-ceo,0.78797495,0.21202508
4931_ile-de-france,0.19045386,0.8095462
2336_germany,0.3261893,0.67381066
2929_central-asia,0.31054887,0.6894511
1527_geowiki-landcover-2017,0.66000855,0.33999145
911_ile-de-france,0.32618877,0.6738112
568_reunion-france,0.6600084,0.33999163
571_reunion-france,0.7879755,0.21202451
26955_geowiki-landcover-2017,0.49115503,0.5088449
6722_canada,0.32622147,0.67377853
33708_geowiki-landcover-2017,0.4752588,0.52474123
68_kenya,0.64363605,0.35636392
3162_canada,0.19045466,0.8095454
281_germany,0.48099044,0.51900953
3861_canada,0.31053218,0.6894678
29566_geowiki-landcover-2017,0.19045387,0.8095462
1803_canada,0.31053278,0.6894672
24340_geowiki-landcover-2017,0.48099923,0.5190008
19462_geowiki-landcover-2017,0.6508277,0.3491723
1493_reunion-france,0.7879755,0.21202451
3118_ile-de-france,0.19045487,0.80954516
4741_canada,0.19045407,0.80954593
1462_rwanda-ceo,0.6600113,0.33998874
3490_central-asia,0.31053272,0.6894673
901_reunion-france,0.7879723,0.21202773
2608_geowiki-landcover-2017,0.6508225,0.34917748
1162_canada,0.19101952,0.80898046
1271_germany,0.48099908,0.51900095
2537_rwanda-ceo,0.78797567,0.21202435
2028_tanzania-ceo,0.7879758,0.21202423
2483_kenya-non-crop,0.66064715,0.33935288
2707_rwanda-ceo,0.78797567,0.2120243
26242_geowiki-landcover-2017,0.6508276,0.34917235
6402_geowiki-landcover-2017,0.65018564,0.3498144
33018_geowiki-landcover-2017,0.6508318,0.3491682
4832_central-asia,0.19045386,0.8095462
2024_canada,0.32618913,0.67381084
32517_geowiki-landcover-2017,0.32618842,0.6738116
32004_geowiki-landcover-2017,0.3105322,0.6894677
2214_reunion-france,0.6508275,0.34917244
4595_canada,0.31053227,0.6894677
5309_ile-de-france,0.19045386,0.8095462
4082_central-asia,0.31053254,0.6894675
14439_geowiki-landcover-2017,0.6508276,0.34917235
2103_geowiki-landcover-2017,0.78788465,0.21211532
305_ile-de-france,0.32618904,0.67381096
10856_croplands,0.7879545,0.2120455
8503_croplands,0.7879749,0.21202512
5825_canada,0.31053185,0.68946815
14982_geowiki-landcover-2017,0.78797334,0.2120267
1036_martinique-france,0.6508275,0.34917244
41_croplands,0.49115473,0.50884527
4295_central-asia,0.3193016,0.6806984
16978_geowiki-landcover-2017,0.78797555,0.21202444
1099_mali-helmets-labelling-crops,0.32118243,0.67881763
540_kenya-non-crop,0.7879754,0.21202463
2208_canada,0.19056804,0.80943197
1972_canada,0.48099932,0.5190007
17577_geowiki-landcover-2017,0.3261902,0.6738098
1787_martinique-france,0.65082747,0.34917253
24801_geowiki-landcover-2017,0.65082717,0.34917286
1211_mali-helmets-labelling-crops,0.32118228,0.6788177
474_ile-de-france,0.19045392,0.8095461
213_mali-helmets-labelling-crops,0.47529045,0.5247095
795_togo,0.65082514,0.34917486
12538_croplands,0.6508235,0.34917656
3548_ile-de-france,0.19045395,0.809546
22262_geowiki-landcover-2017,0.49115467,0.5088453
874_rwanda-ceo,0.78797555,0.21202444
17865_geowiki-landcover-2017,0.48100084,0.51899916
2773_central-asia,0.19046454,0.80953544
10208_geowiki-landcover-2017,0.47314006,0.52685994
882_mali-helmets-labelling-crops,0.32121575,0.67878425
391_canada,0.3261893,0.67381066
3489_geowiki-landcover-2017,0.4933124,0.50668764
1319_geowiki-landcover-2017,0.49331355,0.50668645
11936_geowiki-landcover-2017,0.7879756,0.2120244
4308_croplands,0.4752918,0.5247082
3548_central-asia,0.31053254,0.6894675
18587_geowiki-landcover-2017,0.65082765,0.34917235
511_kenya-non-crop,0.7879753,0.21202467
407_ile-de-france,0.19045387,0.8095462
1218_kenya-non-crop,0.78797567,0.2120243
16_uganda,0.66000915,0.33999082
1678_rwanda-ceo,0.7879758,0.21202421
23427_geowiki-landcover-2017,0.47313958,0.5268604
682_canada,0.19045559,0.80954444
16177_geowiki-landcover-2017,0.48543966,0.51456034
387_tanzania,0.7879754,0.21202463
6523_geowiki-landcover-2017,0.47529194,0.52470803
2084_kenya-non-crop,0.7879756,0.2120244
1621_tanzania-ceo,0.78797555,0.21202444
14561_geowiki-landcover-2017,0.6508278,0.34917223
5348_canada,0.48099902,0.51900095
5202_central-asia,0.3105324,0.68946767
23992_geowiki-landcover-2017,0.4809989,0.5190011
3510_central-asia,0.32618457,0.6738154
13977_geowiki-landcover-2017,0.4911558,0.5088442
9989_geowiki-landcover-2017,0.48544145,0.51455855
5142_canada,0.31053203,0.68946797
5734_ile-de-france,0.19045389,0.8095462
26314_geowiki-landcover-2017,0.47529063,0.52470934
2437_kenya-non-crop,0.65083045,0.34916955
29912_geowiki-landcover-2017,0.6508279,0.34917206
456_kenya-non-crop,0.78797555,0.21202444
35821_geowiki-landcover-2017,0.650827,0.34917304
1970_germany,0.19045386,0.8095462
2206_croplands,0.6436347,0.35636535
3680_geowiki-landcover-2017,0.6508183,0.34918174
707_canada,0.31053233,0.68946767
346_croplands,0.31053206,0.6894679
752_reunion-france,0.7879754,0.21202463
2894_ile-de-france,0.32618657,0.67381346
2089_reunion-france,0.6508276,0.34917244
1380_geowiki-landcover-2017,0.66000706,0.33999297
17549_geowiki-landcover-2017,0.31053245,0.6894676
3812_central-asia,0.19045553,0.80954444
1588_croplands,0.4752941,0.5247059
3743_geowiki-landcover-2017,0.47529477,0.52470523
2287_kenya-non-crop,0.6436336,0.35636637
1142_kenya-non-crop,0.78797567,0.2120243
2736_canada,0.31053215,0.68946785
3169_ile-de-france,0.19045404,0.80954593
23267_geowiki-landcover-2017,0.19045404,0.809546
12698_geowiki-landcover-2017,0.4911539,0.5088461
398_rwanda-ceo,0.78797483,0.21202523
7133_canada,0.3211889,0.67881113
462_reunion-france,0.7879755,0.21202455
22897_geowiki-landcover-2017,0.48099798,0.519002
508_lem-brazil,0.7879719,0.2120281
9484_croplands,0.48543993,0.5145601
1676_tanzania-ceo,0.4854413,0.5145587
368_togo,0.3211821,0.67881787
397_togo,0.3211821,0.67881787
8648_geowiki-landcover-2017,0.31930622,0.6806938
24998_geowiki-landcover-2017,0.6508277,0.3491723
2048_kenya-non-crop,0.65082854,0.34917143
1266_tanzania-ceo,0.6508263,0.34917367
31883_geowiki-landcover-2017,0.3200344,0.6799656
1954_martinique-france,0.47529247,0.52470756
27336_geowiki-landcover-2017,0.48099902,0.51900095
9523_geowiki-landcover-2017,0.48099506,0.51900494
436_lem-brazil,0.78797495,0.21202508
2206_kenya-non-crop,0.78797436,0.21202566
4327_ile-de-france,0.19045562,0.8095444
27898_geowiki-landcover-2017,0.6488623,0.3511377
307_tanzania-rice-ecaas,0.6436276,0.3563724
25416_geowiki-landcover-2017,0.49115318,0.5088468
1938_canada,0.3261898,0.6738102
2872_croplands,0.6436646,0.35633543
2453_rwanda-ceo,0.787975,0.212025
1347_martinique-france,0.6508276,0.3491724
26769_geowiki-landcover-2017,0.64886284,0.35113713
4625_ile-de-france,0.19045395,0.809546
170_lem-brazil,0.7879681,0.2120319
13742_croplands,0.32118264,0.6788174
106_lem-brazil,0.66000843,0.33999157
14910_croplands,0.31053182,0.6894682
30809_geowiki-landcover-2017,0.48099852,0.51900154
23141_geowiki-landcover-2017,0.48099917,0.5190008
32784_geowiki-landcover-2017,0.47529033,0.52470964
29678_geowiki-landcover-2017,0.4933118,0.5066882
4272_central-asia,0.31930223,0.68069774
165_rwanda-ceo,0.78797567,0.21202435
1525_germany,0.32619038,0.67380965
6007_geowiki-landcover-2017,0.65082717,0.3491728
204_martinique-france,0.65082747,0.3491725
2037_kenya-non-crop,0.65082717,0.3491728
1121_canada,0.31053278,0.6894672
4375_croplands,0.65082616,0.34917384
616_croplands,0.48099795,0.5190021
910_central-asia,0.19045654,0.8095435
502_geowiki-landcover-2017,0.78797555,0.21202444
8991_geowiki-landcover-2017,0.47313964,0.52686036
32586_geowiki-landcover-2017,0.19045392,0.8095461
142_kenya-non-crop,0.7221252,0.27787486
1435_kenya-non-crop,0.7879758,0.21202423
2484_central-asia,0.32618985,0.6738102
1927_rwanda-ceo,0.78797555,0.21202444
664_tanzania-rice-ecaas,0.4854712,0.5145288
3039_ile-de-france,0.3105322,0.6894677
1856_germany,0.31053177,0.68946826
14622_geowiki-landcover-2017,0.49331227,0.5066877
5911_ile-de-france,0.1904567,0.8095434
38_rwanda-ceo,0.78797567,0.21202433
331_tanzania,0.6436347,0.35636526
174_canada,0.32618946,0.6738105
903_germany,0.3261893,0.67381066
14105_croplands,0.78797466,0.21202539
579_tanzania-ceo,0.78797567,0.21202426
2029_germany,0.19045407,0.80954593
12939_geowiki-landcover-2017,0.6508269,0.34917316
1272_ile-de-france,0.19045395,0.8095461
2359_kenya-non-crop,0.6602619,0.33973807
4458_ile-de-france,0.3261862,0.67381376
14834_geowiki-landcover-2017,0.4933132,0.5066868
13745_croplands,0.48543966,0.51456034
9419_geowiki-landcover-2017,0.78797525,0.21202475
20062_geowiki-landcover-2017,0.31052464,0.68947536
9976_geowiki-landcover-2017,0.78797555,0.21202445
1533_rwanda-ceo,0.78797567,0.21202426
24504_geowiki-landcover-2017,0.47313976,0.52686024
31492_geowiki-landcover-2017,0.47314268,0.52685726
13986_croplands,0.48544648,0.5145535
2376_rwanda-ceo,0.78797555,0.21202445
18766_geowiki-landcover-2017,0.47318447,0.52681553
21351_geowiki-landcover-2017,0.64886355,0.35113645
17_reunion-france,0.78797454,0.21202546
193_uganda,0.66000324,0.3399968
6771_geowiki-landcover-2017,0.65082616,0.34917387
558_canada,0.48099947,0.51900053
8332_geowiki-landcover-2017,0.64358526,0.35641474
22218_geowiki-landcover-2017,0.4933111,0.50668883
10044_croplands,0.6436342,0.3563658
2260_geowiki-landcover-2017,0.7879755,0.21202455
29478_geowiki-landcover-2017,0.19045466,0.8095454
35032_geowiki-landcover-2017,0.3105324,0.68946767
3230_central-asia,0.31053248,0.68946755
7700_canada,0.19048825,0.8095117
1615_kenya-non-crop,0.7879758,0.21202426
18238_geowiki-landcover-2017,0.6508278,0.34917223
2348_rwanda-ceo,0.7879758,0.21202423
25702_geowiki-landcover-2017,0.3261928,0.6738072
11_kenya-non-crop,0.6436336,0.35636637
2512_canada,0.48099878,0.51900125
4295_ile-de-france,0.48099858,0.51900136
949_mali-helmets-labelling-crops,0.3312947,0.66870534
29449_geowiki-landcover-2017,0.1904539,0.8095461
27837_geowiki-landcover-2017,0.6488618,0.35113817
17504_geowiki-landcover-2017,0.65082747,0.34917247
1515_germany,0.1904541,0.8095459
11539_croplands,0.49329954,0.50670046
4480_ile-de-france,0.1904539,0.8095461
19224_geowiki-landcover-2017,0.6488634,0.35113668
1219_kenya-non-crop,0.78797567,0.21202435
88_rwanda-ceo,0.78797567,0.21202426
5500_ile-de-france,0.209498,0.790502
1306_central-asia,0.19045402,0.809546
27625_geowiki-landcover-2017,0.6488533,0.35114664
1162_geowiki-landcover-2017,0.48543963,0.51456034
180_ethiopia,0.6436327,0.35636726
7522_geowiki-landcover-2017,0.19045395,0.8095461
479_central-asia,0.31053787,0.6894621
10843_croplands,0.6436336,0.35636643
20345_geowiki-landcover-2017,0.47314176,0.5268582
74_ile-de-france,0.19046707,0.8095329
27301_geowiki-landcover-2017,0.6497973,0.35020268
261_canada,0.32619894,0.67380106
1269_central-asia,0.19045395,0.809546
17935_geowiki-landcover-2017,0.4809992,0.5190008
1149_croplands,0.47313976,0.5268602
751_croplands,0.3105393,0.68946075
15562_geowiki-landcover-2017,0.31054148,0.6894585
10896_geowiki-landcover-2017,0.65082735,0.34917265
313_tanzania-rice-ecaas,0.64363015,0.35636988
23500_geowiki-landcover-2017,0.4809978,0.5190022
19680_geowiki-landcover-2017,0.65082717,0.34917286
70_uganda,0.6436344,0.35636565
32134_geowiki-landcover-2017,0.31929883,0.6807012
124_tanzania,0.78797525,0.21202473
7562_canada,0.19045386,0.8095462
654_kenya-non-crop,0.78797567,0.21202435
3072_canada,0.48099566,0.51900434
3689_canada,0.31053287,0.6894672
1103_ile-de-france,0.48099667,0.51900333
330_tanzania-rice-ecaas,0.48544598,0.514554
912_croplands,0.19045381,0.8095462
28166_geowiki-landcover-2017,0.32619262,0.6738074
592_kenya-non-crop,0.78730744,0.21269259
18784_geowiki-landcover-2017,0.32618806,0.6738119
1121_rwanda-ceo,0.7879755,0.21202451
3844_central-asia,0.19045734,0.80954266
3856_central-asia,0.19046623,0.80953383
337_lem-brazil,0.7879749,0.21202512
551_ethiopia,0.65973955,0.3402605
6108_ile-de-france,0.3261876,0.6738124
1953_germany,0.48099822,0.5190018
34872_geowiki-landcover-2017,0.47528675,0.5247132
5822_ile-de-france,0.19045612,0.8095439
34768_geowiki-landcover-2017,0.19045371,0.8095463
12013_geowiki-landcover-2017,0.48099545,0.5190046
3673_ile-de-france,0.19045395,0.8095461
268_tanzania-rice-ecaas,0.48544025,0.51455975
4667_ile-de-france,0.31053245,0.6894676
2155_rwanda-ceo,0.7879755,0.21202451
12033_geowiki-landcover-2017,0.64886373,0.35113627
304_germany,0.19045639,0.80954367
3794_ile-de-france,0.19045395,0.809546
1163_togo,0.49331233,0.5066877
106_kenya,0.7879755,0.21202455
2266_tanzania-ceo,0.7879754,0.21202455
2106_kenya-non-crop,0.78797567,0.21202435
4935_ile-de-france,0.19045386,0.8095462
4853_central-asia,0.48099846,0.51900154
26305_geowiki-landcover-2017,0.78797257,0.21202737
2319_central-asia,0.19045481,0.80954516
744_central-asia,0.19045524,0.80954474
6511_canada,0.19045375,0.80954623
2185_martinique-france,0.6508284,0.34917155
1982_ile-de-france,0.19045395,0.809546
1027_kenya-non-crop,0.78797585,0.21202418
880_martinique-france,0.65082765,0.34917235
7176_geowiki-landcover-2017,0.49113694,0.50886303
14009_geowiki-landcover-2017,0.19048302,0.809517
2584_central-asia,0.19045429,0.8095457
989_canada,0.19045414,0.8095459
17717_geowiki-landcover-2017,0.48099765,0.5190024
1078_martinique-france,0.6508277,0.3491723
892_tanzania-ceo,0.7879754,0.21202458
26717_geowiki-landcover-2017,0.48099935,0.51900065
2371_geowiki-landcover-2017,0.787975,0.212025
1102_mali-helmets-labelling-crops,0.32118288,0.67881715
1031_reunion-france,0.49332258,0.5066774
598_croplands,0.47313944,0.5268606
2544_central-asia,0.19045447,0.8095455
2069_rwanda-ceo,0.78797483,0.21202515
729_kenya-non-crop,0.7879755,0.21202451
1460_kenya-non-crop,0.47529224,0.5247078
5175_central-asia,0.3105321,0.6894679
732_central-asia,0.31930256,0.68069744
22377_geowiki-landcover-2017,0.3261891,0.67381096
763_martinique-france,0.6508276,0.34917244
5151_ile-de-france,0.3261902,0.6738098
2582_kenya-non-crop,0.7879747,0.21202524
21643_geowiki-landcover-2017,0.47313958,0.5268604
33587_geowiki-landcover-2017,0.19045383,0.8095462
632_rwanda-ceo,0.7879756,0.2120244
212_mali-helmets-labelling-crops,0.6508235,0.3491765
30445_geowiki-landcover-2017,0.48099908,0.5190009
456_mali-helmets-labelling-crops,0.65081984,0.34918022
15556_geowiki-landcover-2017,0.48099896,0.519001
567_reunion-france,0.7879672,0.21203284
8386_geowiki-landcover-2017,0.47530276,0.52469724
2703_reunion-france,0.78797555,0.21202445
34637_geowiki-landcover-2017,0.19045374,0.80954623
158_kenya-non-crop,0.78797567,0.21202426
17969_geowiki-landcover-2017,0.48099908,0.5190009
1477_rwanda-ceo,0.6436352,0.35636476
3385_central-asia,0.31053266,0.6894673
26120_geowiki-landcover-2017,0.49115464,0.5088454
1364_germany,0.31050068,0.6894993
19489_geowiki-landcover-2017,0.7879729,0.21202704
27422_geowiki-landcover-2017,0.4933381,0.5066619
2559_rwanda-ceo,0.78797567,0.2120243
27402_geowiki-landcover-2017,0.65082747,0.3491725
211_central-asia,0.19045562,0.8095444
16457_geowiki-landcover-2017,0.6508276,0.3491724
17071_geowiki-landcover-2017,0.4731396,0.5268604
9116_geowiki-landcover-2017,0.64886373,0.3511362
15374_geowiki-landcover-2017,0.7879743,0.21202572
2217_martinique-france,0.65083015,0.34916988
7894_geowiki-landcover-2017,0.4752938,0.52470624
16266_geowiki-landcover-2017,0.6488638,0.35113618
2517_geowiki-landcover-2017,0.650829,0.34917098
584_lem-brazil,0.7879756,0.2120244
10005_croplands,0.4854408,0.5145592
3757_central-asia,0.19045429,0.8095457
1846_kenya-non-crop,0.78797567,0.2120243
35449_geowiki-landcover-2017,0.48118675,0.51881325
223_kenya,0.78797555,0.21202445
30585_geowiki-landcover-2017,0.49114734,0.50885266
32014_geowiki-landcover-2017,0.19045615,0.80954385
33073_geowiki-landcover-2017,0.65082765,0.34917235
764_tanzania-rice-ecaas,0.4855721,0.5144279
8711_geowiki-landcover-2017,0.7879756,0.2120244
1056_croplands,0.19045386,0.8095462
22094_geowiki-landcover-2017,0.48100132,0.5189987
23870_geowiki-landcover-2017,0.64893085,0.35106912
15141_geowiki-landcover-2017,0.6508279,0.34917215
6159_geowiki-landcover-2017,0.47529194,0.52470803
3934_central-asia,0.48099902,0.519001
2604_geowiki-landcover-2017,0.4933157,0.5066843
34094_geowiki-landcover-2017,0.31053236,0.68946767
2982_ile-de-france,0.19045441,0.80954564
2505_rwanda-ceo,0.7879755,0.21202452
278_croplands,0.3105321,0.6894679
4121_ile-de-france,0.19045392,0.8095461
33519_geowiki-landcover-2017,0.48100218,0.51899785
35489_geowiki-landcover-2017,0.65082765,0.34917235
37_mali,0.32118586,0.6788142
4472_croplands,0.47533074,0.52466923
1798_central-asia,0.19045392,0.8095461
7310_geowiki-landcover-2017,0.47529036,0.52470964
1537_reunion-france,0.6436411,0.35635886
22069_geowiki-landcover-2017,0.64886343,0.35113654
26953_geowiki-landcover-2017,0.6508207,0.34917933
5389_canada,0.47985613,0.52014387
958_croplands,0.47314024,0.52685976
1141_ile-de-france,0.48099202,0.519008
8751_geowiki-landcover-2017,0.4809998,0.5190002
23915_geowiki-landcover-2017,0.49331203,0.506688
237_reunion-france,0.65082717,0.3491728
1994_central-asia,0.19046654,0.8095335
2353_canada,0.31053233,0.68946767
25468_geowiki-landcover-2017,0.4809989,0.5190011
15769_geowiki-landcover-2017,0.32628027,0.67371976
3808_central-asia,0.19045506,0.8095449
437_reunion-france,0.66000855,0.33999145
10614_geowiki-landcover-2017,0.64886355,0.35113645
1575_reunion-france,0.6508278,0.34917223
772_ethiopia,0.643594,0.35640594
1999_kenya-non-crop,0.65082884,0.34917113
10924_geowiki-landcover-2017,0.6508274,0.3491726
705_croplands,0.31930295,0.6806971
10838_geowiki-landcover-2017,0.49115518,0.5088448
415_tanzania-ceo,0.7879756,0.21202436
354_tanzania,0.6436346,0.35636535
8380_geowiki-landcover-2017,0.7879754,0.21202455
2236_ile-de-france,0.32618973,0.6738103
609_canada,0.1904542,0.80954576
5982_canada,0.48099568,0.5190043
331_kenya-non-crop,0.48544028,0.5145597
19746_geowiki-landcover-2017,0.6508277,0.3491723
23670_geowiki-landcover-2017,0.4809993,0.51900077
2099_kenya-non-crop,0.78797555,0.21202444
33319_geowiki-landcover-2017,0.64886045,0.35113952
1221_mali-helmets-labelling-crops,0.47529146,0.52470857
238_kenya-non-crop,0.78797567,0.21202435
943_canada,0.31053182,0.6894682
216_uganda,0.78797555,0.21202445
7081_canada,0.32118255,0.6788175
1723_geowiki-landcover-2017,0.49115553,0.5088445
24832_geowiki-landcover-2017,0.6508265,0.3491735
91_croplands,0.47529167,0.52470833
1660_martinique-france,0.6508276,0.34917235
479_togo,0.47529316,0.52470684
20732_geowiki-landcover-2017,0.65082747,0.34917247
1256_geowiki-landcover-2017,0.78797567,0.21202426
685_central-asia,0.31926116,0.68073887
990_reunion-france,0.7879755,0.21202455
35593_geowiki-landcover-2017,0.47529182,0.5247082
26658_geowiki-landcover-2017,0.31930304,0.68069696
15595_geowiki-landcover-2017,0.48099917,0.5190008
2555_central-asia,0.1904542,0.80954576
2528_geowiki-landcover-2017,0.3211834,0.6788166
6079_geowiki-landcover-2017,0.6508279,0.34917206
205_reunion-france,0.47529346,0.5247066
123_lem-brazil,0.7879503,0.2120497
27185_geowiki-landcover-2017,0.6508216,0.34917837
5944_canada,0.1904539,0.8095461
1066_kenya-non-crop,0.78797567,0.21202429
11595_geowiki-landcover-2017,0.6436344,0.35636562
5746_geowiki-landcover-2017,0.6508276,0.34917235
14294_croplands,0.6436353,0.35636476
1648_canada,0.19098969,0.80901027
1157_canada,0.32619098,0.67380905
10048_geowiki-landcover-2017,0.78797466,0.2120253
8064_geowiki-landcover-2017,0.49331236,0.50668764
28418_geowiki-landcover-2017,0.78769606,0.21230389
24_ile-de-france,0.19045419,0.8095459
1166_kenya-non-crop,0.78797567,0.2120243
3567_geowiki-landcover-2017,0.4933269,0.50667316
23209_geowiki-landcover-2017,0.32619137,0.67380863
3147_rwanda-ceo,0.6436326,0.35636738
3138_ile-de-france,0.32618123,0.67381877
60_mali-non-crop,0.49331212,0.5066879
26188_geowiki-landcover-2017,0.6508275,0.34917244
2326_geowiki-landcover-2017,0.6600083,0.3399917
22332_geowiki-landcover-2017,0.32618898,0.673811
2824_central-asia,0.32618156,0.6738184
5117_ile-de-france,0.32618913,0.67381084
1072_croplands,0.32118315,0.6788169
2160_rwanda-ceo,0.7879756,0.2120244
520_togo,0.32119465,0.67880535
137_central-asia,0.310421,0.68957895
2069_kenya-non-crop,0.6508278,0.34917223
352_martinique-france,0.6508278,0.3491722
13584_croplands,0.650827,0.34917304
19078_geowiki-landcover-2017,0.6508272,0.34917277
5945_geowiki-landcover-2017,0.64886314,0.35113683
34926_geowiki-landcover-2017,0.32618922,0.6738107
22386_geowiki-landcover-2017,0.31053162,0.6894684
22195_geowiki-landcover-2017,0.32619032,0.67380965
3292_canada,0.49117035,0.50882965
34569_geowiki-landcover-2017,0.19045404,0.809546
1391_kenya-non-crop,0.78797567,0.21202429
3903_canada,0.19045378,0.80954623
22092_geowiki-landcover-2017,0.49111044,0.50888956
20942_geowiki-landcover-2017,0.6508264,0.3491736
6576_canada,0.3262442,0.67375576
4412_geowiki-landcover-2017,0.6508276,0.34917244
29643_geowiki-landcover-2017,0.49117473,0.5088253
32111_geowiki-landcover-2017,0.19045389,0.8095462
16943_geowiki-landcover-2017,0.6600087,0.3399913
5115_canada,0.31053227,0.6894677
18071_geowiki-landcover-2017,0.48099902,0.519001
324_tanzania-rice-ecaas,0.66000926,0.3399908
666_ile-de-france,0.19045392,0.8095461
304_togo,0.6508266,0.34917337
20324_geowiki-landcover-2017,0.4809957,0.5190043
32002_geowiki-landcover-2017,0.48099864,0.51900136
9202_geowiki-landcover-2017,0.64886266,0.3511373
13113_geowiki-landcover-2017,0.47314823,0.5268518
12406_geowiki-landcover-2017,0.4808005,0.5191995
3549_central-asia,0.31053254,0.6894675
7_uganda,0.64363486,0.35636514
3845_ile-de-france,0.32618678,0.6738132
13278_geowiki-landcover-2017,0.7879754,0.21202463
241_rwanda-ceo,0.78797466,0.2120253
3055_ile-de-france,0.19045381,0.8095462
1769_germany,0.32618904,0.67381096
222_togo,0.32118416,0.67881584
2463_central-asia,0.19045447,0.8095455
8985_croplands,0.4752922,0.52470785
32945_geowiki-landcover-2017,0.32119685,0.67880315
35614_geowiki-landcover-2017,0.64888823,0.3511118
3768_canada,0.19045478,0.8095452
9344_geowiki-landcover-2017,0.64367735,0.35632268
2935_geowiki-landcover-2017,0.7879755,0.21202455
1739_tanzania-ceo,0.7879712,0.21202882
341_tanzania-rice-ecaas,0.643615,0.35638496
964_tanzania-ceo,0.6600124,0.33998758
1063_germany,0.32618898,0.673811
2835_ile-de-france,0.48099852,0.5190015
835_rwanda-ceo,0.7879751,0.21202494
7419_croplands,0.485446,0.51455396
5225_ile-de-france,0.19045506,0.8095449
34609_geowiki-landcover-2017,0.4731405,0.5268595
1390_canada,0.31053248,0.68946755
15989_geowiki-landcover-2017,0.4809998,0.5190002
31355_geowiki-landcover-2017,0.49330994,0.50669
2282_tanzania-ceo,0.78797567,0.21202435
4559_croplands,0.47529474,0.5247053
2579_rwanda-ceo,0.78797567,0.21202426
667_kenya-non-crop,0.78797525,0.21202473
32938_geowiki-landcover-2017,0.6488636,0.3511364
9210_croplands,0.60614854,0.39385146
6630_geowiki-landcover-2017,0.32619104,0.67380893
21772_geowiki-landcover-2017,0.7879747,0.21202527
784_germany,0.3105321,0.6894679
9909_geowiki-landcover-2017,0.4931473,0.5068527
5790_geowiki-landcover-2017,0.6508265,0.34917352
580_croplands,0.19047855,0.8095215
357_togo,0.6508266,0.34917337
2533_reunion-france,0.65082765,0.34917235
101_lem-brazil,0.6436343,0.35636565
711_lem-brazil,0.7879754,0.21202458
3841_central-asia,0.1904572,0.8095428
1194_rwanda-ceo,0.78797567,0.21202435
2619_canada,0.19045398,0.809546
30271_geowiki-landcover-2017,0.48099563,0.51900434
7555_geowiki-landcover-2017,0.3105322,0.6894677
2521_kenya-non-crop,0.7879744,0.21202558
32764_geowiki-landcover-2017,0.47527203,0.524728
609_ethiopia,0.787974,0.21202603
3026_geowiki-landcover-2017,0.47529307,0.5247069
7597_geowiki-landcover-2017,0.3105322,0.6894677
2908_ile-de-france,0.3261893,0.6738107
5995_canada,0.19045429,0.8095457
451_rwanda-ceo,0.78797525,0.21202478
259_togo,0.32118216,0.6788178
35269_geowiki-landcover-2017,0.31053868,0.68946135
1717_kenya-non-crop,0.7879758,0.21202423
3805_geowiki-landcover-2017,0.47529346,0.52470654
105_uganda,0.6436345,0.35636556
21438_geowiki-landcover-2017,0.49115467,0.5088453
5227_geowiki-landcover-2017,0.48100457,0.5189954
1391_martinique-france,0.6508276,0.34917235
3124_rwanda-ceo,0.7879755,0.21202455
2238_ile-de-france,0.19045392,0.8095461
11300_croplands,0.64364123,0.3563588
178_ethiopia,0.6436337,0.3563663
6275_canada,0.31053215,0.68946785
15340_geowiki-landcover-2017,0.7879751,0.21202485
10752_geowiki-landcover-2017,0.4731416,0.5268584
4841_geowiki-landcover-2017,0.6488634,0.35113668
1240_tanzania-ceo,0.7879744,0.21202557
16489_geowiki-landcover-2017,0.4752919,0.5247081
1237_tanzania-ceo,0.78797317,0.21202682
493_martinique-france,0.65082735,0.34917265
223_tanzania,0.78797555,0.2120245
18354_geowiki-landcover-2017,0.31930494,0.68069506
27785_geowiki-landcover-2017,0.4911556,0.5088444
5804_ile-de-france,0.1904539,0.8095461
1368_mali-helmets-labelling-crops,0.47524035,0.5247597
9319_geowiki-landcover-2017,0.78796643,0.21203354
4970_geowiki-landcover-2017,0.7879744,0.21202554
2724_ile-de-france,0.3261899,0.67381006
2232_geowiki-landcover-2017,0.78797495,0.21202502
225_ile-de-france,0.32618922,0.6738108
1747_canada,0.4809944,0.5190056
1431_martinique-france,0.6508286,0.3491714
17099_geowiki-landcover-2017,0.78797525,0.21202475
719_reunion-france,0.66000897,0.33999103
3450_geowiki-landcover-2017,0.6508279,0.34917206
16750_geowiki-landcover-2017,0.6508279,0.34917206
3157_rwanda-ceo,0.78797555,0.21202444
5_kenya-non-crop,0.78797567,0.2120243
13241_geowiki-landcover-2017,0.65997076,0.34002924
9076_geowiki-landcover-2017,0.64886355,0.35113648
5230_canada,0.3261733,0.67382663
334_germany,0.3261891,0.67381096
197_mali-helmets-labelling-crops,0.47529134,0.5247086
59_togo,0.32118222,0.6788178
4523_croplands,0.4752923,0.5247077
2169_geowiki-landcover-2017,0.48100802,0.518992
2824_canada,0.32618886,0.6738111
4300_ile-de-france,0.19045438,0.80954564
449_canada,0.3105323,0.68946767
2270_germany,0.19045378,0.80954623
7052_geowiki-landcover-2017,0.47987312,0.5201269
34095_geowiki-landcover-2017,0.31053227,0.6894677
27721_geowiki-landcover-2017,0.3105325,0.68946755
4516_croplands,0.49332395,0.5066761
1290_ile-de-france,0.19046599,0.80953395
6379_geowiki-landcover-2017,0.3105343,0.6894657
27604_geowiki-landcover-2017,0.6488482,0.35115176
805_geowiki-landcover-2017,0.78797406,0.21202594
1106_reunion-france,0.7879753,0.21202467
154_kenya-non-crop,0.78797567,0.21202426
25727_geowiki-landcover-2017,0.47313958,0.5268604
6022_ile-de-france,0.32618877,0.6738112
26215_geowiki-landcover-2017,0.65082747,0.34917253
4175_geowiki-landcover-2017,0.78797334,0.2120267
22447_geowiki-landcover-2017,0.49331248,0.5066875
1617_rwanda-ceo,0.78797525,0.2120247
1906_central-asia,0.31053123,0.6894688
5308_ile-de-france,0.19045386,0.8095462
8224_geowiki-landcover-2017,0.4809993,0.51900077
2915_rwanda-ceo,0.7879756,0.2120244
33166_geowiki-landcover-2017,0.31053218,0.6894678
489_kenya-non-crop,0.78797376,0.21202625
35232_geowiki-landcover-2017,0.78797466,0.21202534
2390_canada,0.48104015,0.5189598
2968_rwanda-ceo,0.78797555,0.21202444
31176_geowiki-landcover-2017,0.64886355,0.35113642
16977_geowiki-landcover-2017,0.7879724,0.21202765
3820_ile-de-france,0.32618952,0.6738105
567_ile-de-france,0.32619,0.67380995
869_reunion-france,0.7879751,0.2120249
222_geowiki-landcover-2017,0.6600093,0.3399907
34870_geowiki-landcover-2017,0.6508271,0.34917295
22290_geowiki-landcover-2017,0.47313908,0.52686095
26728_geowiki-landcover-2017,0.19045375,0.80954623
1401_martinique-france,0.65082765,0.34917235
3445_ile-de-france,0.19045392,0.8095461
819_ethiopia,0.6508274,0.34917256
3184_canada,0.19045545,0.8095445
10838_croplands,0.64363056,0.3563695
2456_kenya-non-crop,0.6508276,0.34917235
39_sudan,0.65082973,0.34917024
385_ile-de-france,0.1904619,0.8095381
14419_geowiki-landcover-2017,0.49114534,0.5088546
22996_geowiki-landcover-2017,0.65083385,0.34916615
1803_reunion-france,0.7879755,0.21202455
6604_canada,0.32618898,0.673811
11430_geowiki-landcover-2017,0.65082717,0.34917277
3038_canada,0.48099953,0.5190005
1064_ile-de-france,0.19045496,0.80954504
5419_canada,0.19045386,0.8095462
1381_germany,0.32618865,0.6738113
797_rwanda-ceo,0.78797567,0.21202426
5791_ile-de-france,0.3105463,0.6894537
1782_germany,0.32618603,0.673814
609_martinique-france,0.6508279,0.34917206
25485_geowiki-landcover-2017,0.48099908,0.5190009
407_germany,0.32619363,0.67380637
35037_geowiki-landcover-2017,0.4809988,0.5190012
447_mali-helmets-labelling-crops,0.3211928,0.6788072
2321_ile-de-france,0.19045416,0.8095459
2365_central-asia,0.19045444,0.8095455
1386_canada,0.3105326,0.68946743
11496_geowiki-landcover-2017,0.6507598,0.34924015
622_reunion-france,0.6436349,0.35636505
3562_central-asia,0.31053248,0.68946755
1484_reunion-france,0.6508277,0.3491723
1277_ile-de-france,0.19045404,0.80954593
10147_geowiki-landcover-2017,0.6508267,0.34917334
4219_geowiki-landcover-2017,0.64886266,0.3511373
4896_croplands,0.64364034,0.3563597
9_rwanda-ceo,0.78797555,0.21202445
2941_ile-de-france,0.3105329,0.6894671
2484_ile-de-france,0.19045389,0.8095462
14139_geowiki-landcover-2017,0.3193121,0.68068784
80_croplands,0.493533,0.506467
2210_tanzania-ceo,0.78797466,0.21202539
6892_geowiki-landcover-2017,0.31053093,0.6894691
270_tanzania-rice-ecaas,0.4854452,0.5145548
28497_geowiki-landcover-2017,0.7879606,0.21203941
158_tanzania-ceo,0.49332952,0.5066705
7765_geowiki-landcover-2017,0.49116656,0.5088334
995_central-asia,0.4911397,0.5088603
27418_geowiki-landcover-2017,0.6508261,0.34917393
11034_geowiki-landcover-2017,0.6508278,0.34917215
9453_croplands,0.47529104,0.5247089
2915_geowiki-landcover-2017,0.32119462,0.6788054
23676_geowiki-landcover-2017,0.32619646,0.6738035
922_ile-de-france,0.19045395,0.809546
734_tanzania-rice-ecaas,0.4854398,0.5145602
4928_croplands,0.4854483,0.5145517
4961_ile-de-france,0.19045389,0.8095462
9189_geowiki-landcover-2017,0.6488621,0.35113788
15257_geowiki-landcover-2017,0.4933121,0.50668794
13168_geowiki-landcover-2017,0.47529167,0.52470833
7924_canada,0.48082408,0.51917595
14096_croplands,0.48544744,0.5145526
16644_geowiki-landcover-2017,0.4752948,0.52470523
551_croplands,0.4755804,0.52441955
3733_ile-de-france,0.19045386,0.8095462
27121_geowiki-landcover-2017,0.64886445,0.3511355
320_mali-helmets-labelling-crops,0.3211827,0.6788173
521_mali-helmets-labelling-crops,0.3211827,0.67881733
997_geowiki-landcover-2017,0.7879754,0.21202463
2748_central-asia,0.32619104,0.673809
4235_canada,0.3211819,0.6788181
266_canada,0.3261891,0.6738109
1890_ile-de-france,0.19045387,0.8095462
949_croplands,0.3105323,0.68946767
377_canada,0.4809982,0.5190018
973_tanzania-ceo,0.6508278,0.3491722
3457_ile-de-france,0.19045389,0.8095462
10877_croplands,0.6436251,0.35637495
7996_geowiki-landcover-2017,0.4809993,0.51900077
14169_geowiki-landcover-2017,0.6488637,0.3511363
1342_geowiki-landcover-2017,0.4854239,0.51457614
4999_geowiki-landcover-2017,0.7879751,0.2120249
1423_tanzania-ceo,0.64363456,0.35636544
1345_martinique-france,0.6508276,0.34917235
328_reunion-france,0.7879749,0.21202512
2574_kenya-non-crop,0.78797567,0.2120243
19080_geowiki-landcover-2017,0.1904538,0.80954623
1628_ile-de-france,0.19045395,0.809546
5169_ile-de-france,0.4809992,0.5190008
1189_mali-helmets-labelling-crops,0.32118276,0.6788172
3464_central-asia,0.31053242,0.68946755
27697_geowiki-landcover-2017,0.64886355,0.35113645
14658_geowiki-landcover-2017,0.4731397,0.5268603
25345_geowiki-landcover-2017,0.64886004,0.35114
35631_geowiki-landcover-2017,0.47528732,0.5247127
9617_geowiki-landcover-2017,0.6488561,0.3511439
33728_geowiki-landcover-2017,0.31053412,0.6894659
1854_canada,0.32617673,0.6738233
1140_central-asia,0.19045395,0.8095461
3674_canada,0.19045402,0.809546
15282_geowiki-landcover-2017,0.7879037,0.2120962
940_martinique-france,0.6508276,0.34917235
3031_central-asia,0.19045895,0.809541
13409_croplands,0.78797466,0.21202539
941_ile-de-france,0.32618946,0.6738105
622_lem-brazil,0.48544338,0.5145566
1491_central-asia,0.19045848,0.8095415
286_tanzania,0.78797454,0.21202546
2798_rwanda-ceo,0.78797483,0.21202523
337_tanzania,0.64363444,0.35636556
1503_rwanda-ceo,0.78797525,0.2120248
136_germany,0.32618904,0.67381096
6786_canada,0.32619444,0.67380553
1784_germany,0.32618892,0.6738111
101_croplands,0.47529167,0.5247083
19063_geowiki-landcover-2017,0.47313982,0.5268602
1705_germany,0.48099834,0.51900166
1764_martinique-france,0.65082765,0.34917235
14_tanzania,0.643825,0.35617507
2982_central-asia,0.3261212,0.67387885
6064_geowiki-landcover-2017,0.31079748,0.68920255
11678_geowiki-landcover-2017,0.6508274,0.34917265
19818_geowiki-landcover-2017,0.48099884,0.5190012
7868_canada,0.4809853,0.51901466
1575_martinique-france,0.6508274,0.34917265
19829_geowiki-landcover-2017,0.6508275,0.34917244
1564_tanzania-ceo,0.7879754,0.21202463
6674_canada,0.3058275,0.6941725
854_geowiki-landcover-2017,0.4752926,0.52470744
439_geowiki-landcover-2017,0.6600092,0.3399908
2333_ile-de-france,0.19045392,0.8095461
1602_reunion-france,0.64363396,0.35636607
24434_geowiki-landcover-2017,0.32618898,0.673811
3425_geowiki-landcover-2017,0.7879727,0.21202734
2972_canada,0.4809993,0.51900077
6877_croplands,0.6436344,0.35636565
24090_geowiki-landcover-2017,0.47528574,0.5247143
5336_canada,0.48099878,0.51900125
2033_tanzania-ceo,0.7879746,0.21202543
224_ile-de-france,0.480993,0.519007
356_germany,0.19045612,0.8095439
24653_geowiki-landcover-2017,0.48100257,0.51899743
2177_reunion-france,0.787972,0.21202797
928_croplands,0.32618973,0.6738103
4307_croplands,0.475292,0.52470803
5718_canada,0.47529304,0.52470696
207_togo,0.3211836,0.6788164
29666_geowiki-landcover-2017,0.6508279,0.34917215
1402_croplands,0.31119674,0.68880326
4965_canada,0.19045378,0.80954623
3022_canada,0.4810008,0.5189992
207_sudan,0.47606537,0.52393466
2319_canada,0.19045407,0.80954593
7959_geowiki-landcover-2017,0.7879755,0.21202451
2167_rwanda-ceo,0.78797567,0.21202426
417_ile-de-france,0.19045392,0.8095461
12113_geowiki-landcover-2017,0.64885634,0.35114366
2547_geowiki-landcover-2017,0.4854396,0.5145604
1482_martinique-france,0.6508277,0.34917226
3977_central-asia,0.3105318,0.6894682
2862_central-asia,0.19046198,0.80953807
691_croplands,0.31053242,0.68946755
1646_martinique-france,0.6508273,0.34917268
2287_ile-de-france,0.19045392,0.8095461
1017_reunion-france,0.65082747,0.34917253
3182_ile-de-france,0.3261896,0.6738104
2488_rwanda-ceo,0.78797567,0.21202426
1005_geowiki-landcover-2017,0.7879755,0.21202452
1721_germany,0.3085831,0.6914169
17617_geowiki-landcover-2017,0.4809989,0.5190011
2989_geowiki-landcover-2017,0.7879686,0.21203141
547_croplands,0.475292,0.524708
1779_canada,0.19049378,0.80950624
19097_geowiki-landcover-2017,0.64886355,0.35113645
33892_geowiki-landcover-2017,0.4731394,0.5268606
31532_geowiki-landcover-2017,0.6508279,0.34917212
3532_ile-de-france,0.19045389,0.8095462
30344_geowiki-landcover-2017,0.6600095,0.3399905
5568_ile-de-france,0.31053296,0.689467
1945_canada,0.3261884,0.6738116
5989_canada,0.31053224,0.6894677
1484_tanzania-ceo,0.66000897,0.33999106
9524_geowiki-landcover-2017,0.6488637,0.3511363
4895_central-asia,0.19045374,0.80954623
1151_ile-de-france,0.3261893,0.6738107
325_central-asia,0.31918746,0.68081254
12783_geowiki-landcover-2017,0.47313973,0.52686024
667_reunion-france,0.7879755,0.21202455
6790_canada,0.19045378,0.80954623
10283_geowiki-landcover-2017,0.6508423,0.34915772
1510_geowiki-landcover-2017,0.7879756,0.2120244
757_lem-brazil,0.78797525,0.2120247
702_martinique-france,0.6508269,0.34917307
91_togo,0.47530097,0.52469903
2978_central-asia,0.19045497,0.80954504
33388_geowiki-landcover-2017,0.32618245,0.6738176
589_ethiopia,0.64363486,0.35636517
29477_geowiki-landcover-2017,0.31053245,0.6894676
580_ethiopia,0.6436345,0.35636547
1176_tanzania-ceo,0.7879756,0.2120244
2183_tanzania-ceo,0.47530198,0.52469796
707_geowiki-landcover-2017,0.66031194,0.33968806
117_croplands,0.4752918,0.5247082
1319_martinique-france,0.65082794,0.34917206
35070_geowiki-landcover-2017,0.7879754,0.21202458
1507_ile-de-france,0.19045407,0.80954593
287_kenya,0.787975,0.212025
24487_geowiki-landcover-2017,0.3262095,0.6737905
5412_ile-de-france,0.19045399,0.809546
2375_central-asia,0.1904545,0.8095455
1806_kenya-non-crop,0.7879734,0.21202658
16007_geowiki-landcover-2017,0.49115348,0.5088465
24613_geowiki-landcover-2017,0.32618734,0.6738127
33554_geowiki-landcover-2017,0.48099852,0.51900154
28778_geowiki-landcover-2017,0.31930307,0.6806969
16015_geowiki-landcover-2017,0.3261885,0.6738115
4139_ile-de-france,0.32618892,0.6738111
31087_geowiki-landcover-2017,0.19045378,0.80954623
10718_croplands,0.787975,0.212025
15086_geowiki-landcover-2017,0.6507528,0.34924722
15252_geowiki-landcover-2017,0.32118484,0.6788151
29943_geowiki-landcover-2017,0.32618833,0.6738117
220_reunion-france,0.4752918,0.5247082
66_geowiki-landcover-2017,0.6508276,0.34917244
3848_ile-de-france,0.19045568,0.8095444
12751_geowiki-landcover-2017,0.47529206,0.5247079
32196_geowiki-landcover-2017,0.32618997,0.67381
3032_canada,0.48099986,0.5190001
523_mali-helmets-labelling-crops,0.3211845,0.67881554
1096_ile-de-france,0.32618916,0.67381084
145_rwanda-ceo,0.78797585,0.21202414
34495_geowiki-landcover-2017,0.32118616,0.6788138
26163_geowiki-landcover-2017,0.3105364,0.68946356
28900_geowiki-landcover-2017,0.4809978,0.5190022
1341_reunion-france,0.6508293,0.3491707
113_tanzania-ceo,0.6600098,0.33999017
7552_geowiki-landcover-2017,0.3105338,0.68946624
5638_canada,0.31066477,0.6893352
4147_croplands,0.65082747,0.34917253
10640_croplands,0.6435278,0.35647222
5288_ile-de-france,0.3104929,0.68950707
17619_geowiki-landcover-2017,0.48085442,0.5191456
13401_geowiki-landcover-2017,0.6507853,0.34921467
30633_geowiki-landcover-2017,0.47321594,0.52678406
24973_geowiki-landcover-2017,0.4911165,0.5088835
33284_geowiki-landcover-2017,0.3193029,0.68069714
878_togo,0.3211822,0.6788178
35665_geowiki-landcover-2017,0.660009,0.339991
3732_central-asia,0.19045419,0.8095459
27583_geowiki-landcover-2017,0.31053144,0.68946856
5010_central-asia,0.19045378,0.80954623
3377_ile-de-france,0.19045387,0.8095462
531_tanzania-rice-ecaas,0.48544195,0.5145581
33122_geowiki-landcover-2017,0.7879756,0.2120244
3419_ile-de-france,0.19045419,0.8095459
2527_geowiki-landcover-2017,0.32118478,0.6788152
646_croplands,0.32618794,0.6738121
1964_kenya-non-crop,0.6508305,0.34916952
1582_martinique-france,0.65082747,0.34917253
2663_central-asia,0.19045757,0.8095424
2413_canada,0.3261883,0.6738117
257_croplands,0.19045746,0.8095426
21359_geowiki-landcover-2017,0.19045426,0.80954576
6988_geowiki-landcover-2017,0.48099858,0.5190014
343_rwanda-ceo,0.7879758,0.21202423
21024_geowiki-landcover-2017,0.31992283,0.6800772
8707_geowiki-landcover-2017,0.6508276,0.34917244
29866_geowiki-landcover-2017,0.19045392,0.8095461
1824_tanzania-ceo,0.6508274,0.34917265
2301_kenya-non-crop,0.7879751,0.2120249
1335_canada,0.31052995,0.68947
992_rwanda-ceo,0.78797567,0.21202433
21120_geowiki-landcover-2017,0.31053758,0.6894624
30977_geowiki-landcover-2017,0.48099923,0.51900077
208_reunion-france,0.7879575,0.21204251
2058_germany,0.31053042,0.6894696
1814_geowiki-landcover-2017,0.47529995,0.52470005
19802_geowiki-landcover-2017,0.6508283,0.34917173
31692_geowiki-landcover-2017,0.65082747,0.34917253
30199_geowiki-landcover-2017,0.32618815,0.67381185
10588_croplands,0.4854418,0.5145582
1021_kenya-non-crop,0.78797585,0.21202418
2984_geowiki-landcover-2017,0.4933119,0.5066881
17620_geowiki-landcover-2017,0.31053346,0.68946654
6817_croplands,0.6436343,0.35636574
9549_geowiki-landcover-2017,0.65082747,0.34917256
3008_canada,0.6460313,0.35396868
2809_central-asia,0.19046047,0.8095395
25831_geowiki-landcover-2017,0.47313976,0.5268602
28078_geowiki-landcover-2017,0.6508273,0.3491727
1504_kenya-non-crop,0.7879747,0.21202524
20_croplands,0.6508269,0.3491731
28859_geowiki-landcover-2017,0.6488556,0.3511444
13756_geowiki-landcover-2017,0.78797555,0.21202444
1227_togo,0.650827,0.34917304
1097_reunion-france,0.7879756,0.2120244
5326_ile-de-france,0.19045395,0.8095461
3528_central-asia,0.31053236,0.68946767
34640_geowiki-landcover-2017,0.48099864,0.51900136
1250_martinique-france,0.65082747,0.34917253
3669_canada,0.31053236,0.68946767
1501_canada,0.48099902,0.51900095
18359_geowiki-landcover-2017,0.47529286,0.52470714
9503_croplands,0.48543966,0.51456034
216_germany,0.1904538,0.80954623
35391_geowiki-landcover-2017,0.4911636,0.50883645
3109_rwanda-ceo,0.78797555,0.2120245
239_tanzania-rice-ecaas,0.48544124,0.51455873
2212_reunion-france,0.7879428,0.21205713
6421_geowiki-landcover-2017,0.3261891,0.6738109
10585_geowiki-landcover-2017,0.64886326,0.35113674
6211_canada,0.32117894,0.6788211
12555_croplands,0.65082747,0.34917256
1200_canada,0.31053218,0.6894678
7344_canada,0.31053227,0.6894677
4235_geowiki-landcover-2017,0.6508277,0.3491723
14021_croplands,0.7879465,0.21205346
3991_central-asia,0.48099947,0.51900053
9455_geowiki-landcover-2017,0.7879728,0.21202716
2689_ile-de-france,0.32621932,0.6737806
31825_geowiki-landcover-2017,0.48099902,0.51900095
398_germany,0.32618904,0.67381096
3250_geowiki-landcover-2017,0.32118705,0.678813
32062_geowiki-landcover-2017,0.48099175,0.5190083
75_ethiopia,0.47315618,0.52684385
33925_geowiki-landcover-2017,0.48099923,0.5190008
31846_geowiki-landcover-2017,0.48099902,0.51900095
52_uganda,0.64363575,0.35636428
5717_ile-de-france,0.19045386,0.8095462
4193_central-asia,0.31927744,0.68072253
5663_ile-de-france,0.19045399,0.809546
32133_geowiki-landcover-2017,0.19045447,0.8095455
4805_ile-de-france,0.19045392,0.8095461
85_kenya,0.643632,0.35636795
16186_geowiki-landcover-2017,0.4809974,0.51900256
29626_geowiki-landcover-2017,0.47313902,0.526861
2329_ile-de-france,0.19045392,0.8095461
21197_geowiki-landcover-2017,0.6508209,0.34917906
6365_canada,0.3105407,0.68945926
4900_ile-de-france,0.31053287,0.6894672
2376_kenya-non-crop,0.78797376,0.21202625
1717_martinique-france,0.650828,0.34917197
33997_geowiki-landcover-2017,0.3261905,0.6738095
13528_croplands,0.4752918,0.5247082
33327_geowiki-landcover-2017,0.49331227,0.50668776
1077_reunion-france,0.6508289,0.34917113
1025_central-asia,0.1904545,0.8095455
3269_ile-de-france,0.19045387,0.8095462
4849_ile-de-france,0.19045496,0.80954504
408_ethiopia,0.6599996,0.34000036
4688_canada,0.31053382,0.6894662
23_kenya-non-crop,0.7879756,0.2120244
7951_geowiki-landcover-2017,0.7879755,0.21202451
17672_geowiki-landcover-2017,0.6508269,0.34917316
3508_ile-de-france,0.19045408,0.80954593
456_togo,0.32118902,0.678811
1107_kenya-non-crop,0.7879758,0.21202423
94_mali-helmets-labelling-crops,0.47529215,0.52470785
10264_geowiki-landcover-2017,0.65082717,0.34917286
3304_canada,0.31053263,0.68946743
10157_geowiki-landcover-2017,0.31930467,0.68069535
2807_central-asia,0.1904645,0.80953556
33408_geowiki-landcover-2017,0.48099834,0.51900166
981_togo,0.32118282,0.67881715
183_ethiopia,0.6436335,0.35636654
118_tanzania,0.6436354,0.35636467
28344_geowiki-landcover-2017,0.7879755,0.21202451
10372_geowiki-landcover-2017,0.7879756,0.2120244
3125_ile-de-france,0.19045395,0.809546
111_mali-non-crop,0.6508261,0.34917393
2683_central-asia,0.19045731,0.8095427
2150_ile-de-france,0.32619023,0.67380977
29857_geowiki-landcover-2017,0.47313845,0.52686155
4228_canada,0.32118192,0.6788181
32043_geowiki-landcover-2017,0.3105322,0.6894677
4919_central-asia,0.19045395,0.809546
7746_canada,0.32118198,0.678818
31586_geowiki-landcover-2017,0.4809988,0.5190012
1849_canada,0.3261885,0.6738115
4415_central-asia,0.19045866,0.80954134
6530_croplands,0.64363605,0.35636392
33664_geowiki-landcover-2017,0.47314903,0.526851
1768_germany,0.4809979,0.5190021
1431_tanzania-ceo,0.7879756,0.2120244
1447_mali-helmets-labelling-crops,0.65081304,0.34918696
68_germany,0.19045453,0.80954546
1898_canada,0.19045386,0.8095462
24536_geowiki-landcover-2017,0.31930286,0.68069714
2453_germany,0.19045419,0.8095459
25854_geowiki-landcover-2017,0.47314486,0.5268552
1539_croplands,0.6436348,0.35636517
31028_geowiki-landcover-2017,0.48099896,0.519001
16982_geowiki-landcover-2017,0.6432796,0.35672036
2559_reunion-france,0.65082794,0.34917206
19285_geowiki-landcover-2017,0.47529173,0.5247083
35822_geowiki-landcover-2017,0.7879755,0.21202455
32294_geowiki-landcover-2017,0.49331215,0.5066878
1269_reunion-france,0.65082735,0.34917265
672_ethiopia,0.7879715,0.21202855
33213_geowiki-landcover-2017,0.48099846,0.5190016
31052_geowiki-landcover-2017,0.48098192,0.5190181
29933_geowiki-landcover-2017,0.48543984,0.51456016
14293_geowiki-landcover-2017,0.64886355,0.35113642
891_rwanda-ceo,0.7879755,0.21202451
1969_reunion-france,0.7879755,0.21202451
1493_geowiki-landcover-2017,0.6436345,0.35636547
1281_mali-helmets-labelling-crops,0.32118303,0.6788169
9115_geowiki-landcover-2017,0.49331215,0.5066879
26913_geowiki-landcover-2017,0.3261891,0.6738109
2895_geowiki-landcover-2017,0.49331278,0.5066873
27738_geowiki-landcover-2017,0.48092484,0.51907516
622_tanzania-ceo,0.6600092,0.3399908
29837_geowiki-landcover-2017,0.3105319,0.6894681
30901_geowiki-landcover-2017,0.31053275,0.68946725
192_martinique-france,0.6508272,0.34917277
21074_geowiki-landcover-2017,0.310533,0.68946695
9631_geowiki-landcover-2017,0.6508277,0.34917226
157_uganda,0.4854417,0.51455826
2344_kenya-non-crop,0.78797555,0.2120245
13721_geowiki-landcover-2017,0.4933121,0.50668794
8000_geowiki-landcover-2017,0.47314298,0.526857
4684_canada,0.31053224,0.6894677
4806_ile-de-france,0.19045404,0.809546
8633_geowiki-landcover-2017,0.491107,0.50889295
15936_geowiki-landcover-2017,0.64886266,0.35113734
2061_reunion-france,0.6508277,0.3491723
456_croplands,0.48099872,0.51900125
1296_canada,0.19045381,0.8095462
4966_ile-de-france,0.19045389,0.8095462
7591_canada,0.31053206,0.6894679
30521_geowiki-landcover-2017,0.32618937,0.6738106
23291_geowiki-landcover-2017,0.4809981,0.5190019
18859_geowiki-landcover-2017,0.32618892,0.6738111
1365_rwanda-ceo,0.78797567,0.21202435
1866_central-asia,0.19045395,0.809546
35790_geowiki-landcover-2017,0.6436341,0.35636595
6953_canada,0.48099822,0.5190018
2248_reunion-france,0.7879755,0.21202452
1875_martinique-france,0.6508274,0.34917256
711_canada,0.31053194,0.689468
13329_geowiki-landcover-2017,0.65083337,0.3491666
1059_rwanda-ceo,0.78797555,0.21202445
149_sudan,0.48544067,0.5145593
597_central-asia,0.19047855,0.8095215
4121_central-asia,0.4809991,0.5190009
3186_geowiki-landcover-2017,0.47539636,0.52460366
2164_germany,0.19045381,0.8095462
29921_geowiki-landcover-2017,0.3105323,0.68946767
518_canada,0.31052753,0.68947244
1001_reunion-france,0.6508216,0.3491783
34049_geowiki-landcover-2017,0.31053594,0.68946403
2500_geowiki-landcover-2017,0.6508279,0.34917215
1221_rwanda-ceo,0.48543993,0.5145601
31241_geowiki-landcover-2017,0.32120857,0.67879146
1279_canada,0.19045375,0.80954623
3814_ile-de-france,0.4809989,0.5190011
2227_ile-de-france,0.31065592,0.6893441
32548_geowiki-landcover-2017,0.4809993,0.5190007
9224_croplands,0.6508014,0.3491986
35527_geowiki-landcover-2017,0.4911588,0.50884116
601_martinique-france,0.65082806,0.34917194
28061_geowiki-landcover-2017,0.32618922,0.6738108
2799_central-asia,0.32620743,0.67379254
14110_croplands,0.6620081,0.3379919
9373_geowiki-landcover-2017,0.6508141,0.34918588
2329_martinique-france,0.6508277,0.3491723
27136_geowiki-landcover-2017,0.6508277,0.34917226
22485_geowiki-landcover-2017,0.6488633,0.35113668
1382_reunion-france,0.6508276,0.3491724
3347_canada,0.4809991,0.5190009
4669_ile-de-france,0.19045398,0.809546
26935_geowiki-landcover-2017,0.48100033,0.51899964
5409_canada,0.1904538,0.80954623
376_tanzania-rice-ecaas,0.6436338,0.35636616
419_geowiki-landcover-2017,0.49331224,0.50668776
9635_geowiki-landcover-2017,0.47529215,0.52470785
4029_geowiki-landcover-2017,0.48099923,0.51900077
329_germany,0.32618904,0.67381096
10803_croplands,0.78797036,0.21202968
1639_kenya-non-crop,0.7879754,0.21202463
4009_ile-de-france,0.19045389,0.8095462
1888_tanzania-ceo,0.78797525,0.2120247
1685_rwanda-ceo,0.78797567,0.21202426
2009_martinique-france,0.65082145,0.34917852
2247_ile-de-france,0.1904541,0.8095459
3078_geowiki-landcover-2017,0.32118264,0.6788174
773_canada,0.19045657,0.80954343
14063_geowiki-landcover-2017,0.49115956,0.50884044
886_germany,0.31053096,0.689469
2216_martinique-france,0.6508281,0.34917185
336_martinique-france,0.6508287,0.34917125
7710_geowiki-landcover-2017,0.48099825,0.5190017
14038_geowiki-landcover-2017,0.31930292,0.6806971
184_tanzania-rice-ecaas,0.643633,0.35636696
21336_geowiki-landcover-2017,0.7877608,0.21223915
17905_geowiki-landcover-2017,0.6508267,0.3491733
31885_geowiki-landcover-2017,0.4911544,0.50884557
2891_geowiki-landcover-2017,0.47529206,0.5247079
4858_central-asia,0.48099723,0.5190028
9482_croplands,0.48544118,0.5145588
24579_geowiki-landcover-2017,0.48183665,0.5181633
2691_kenya-non-crop,0.6436343,0.35636568
1467_rwanda-ceo,0.7879754,0.21202458
1669_martinique-france,0.650828,0.349172
2123_kenya-non-crop,0.78797567,0.21202426
2907_ile-de-france,0.32618952,0.6738105
25684_geowiki-landcover-2017,0.49082056,0.5091794
2426_kenya-non-crop,0.6508332,0.3491668
4889_canada,0.19046098,0.8095391
3020_canada,0.48100403,0.518996
7497_canada,0.31053212,0.68946785
426_central-asia,0.31053063,0.68946934
28712_geowiki-landcover-2017,0.19045438,0.80954564
9977_croplands,0.6436333,0.35636666
5602_geowiki-landcover-2017,0.47313362,0.5268664
2772_central-asia,0.32618997,0.67381
32494_geowiki-landcover-2017,0.6600096,0.33999038
24451_geowiki-landcover-2017,0.6488563,0.35114372
29222_geowiki-landcover-2017,0.32618693,0.6738131
3292_rwanda-ceo,0.78797567,0.2120243
19057_geowiki-landcover-2017,0.48096904,0.519031
452_mali-helmets-labelling-crops,0.32118246,0.6788176
3843_geowiki-landcover-2017,0.3105982,0.6894018
992_mali-helmets-labelling-crops,0.3211827,0.67881733
4131_central-asia,0.31052956,0.68947047
17917_geowiki-landcover-2017,0.48099908,0.5190009
4114_ile-de-france,0.32618916,0.67381084
6422_geowiki-landcover-2017,0.48099908,0.51900095
23832_geowiki-landcover-2017,0.47530985,0.52469015
1767_reunion-france,0.78797567,0.2120243
1522_croplands,0.31053138,0.6894686
945_ile-de-france,0.19045389,0.8095462
2730_canada,0.19045636,0.80954367
6020_canada,0.19045389,0.8095462
4410_central-asia,0.1904628,0.80953723
2277_central-asia,0.19045426,0.80954576
168_central-asia,0.3105343,0.6894657
2138_germany,0.31053212,0.68946785
22134_geowiki-landcover-2017,0.64886343,0.35113654
2977_central-asia,0.19045506,0.8095449
10433_geowiki-landcover-2017,0.6488606,0.35113946
3080_geowiki-landcover-2017,0.6508651,0.34913492
3368_canada,0.19045532,0.8095447
20647_geowiki-landcover-2017,0.6508277,0.3491723
1609_kenya-non-crop,0.78797585,0.21202418
18788_geowiki-landcover-2017,0.49115402,0.508846
2565_ile-de-france,0.19047871,0.8095213
3619_canada,0.31053236,0.68946767
5174_ile-de-france,0.3261892,0.67381084
4112_central-asia,0.31053257,0.68946743
1151_mali-helmets-labelling-crops,0.32118288,0.67881715
1142_tanzania-ceo,0.7879703,0.21202974
1549_rwanda-ceo,0.78797555,0.21202444
10804_croplands,0.6436328,0.35636714
3275_central-asia,0.31053248,0.68946755
4017_ile-de-france,0.19045386,0.8095462
6180_canada,0.3105323,0.68946767
7381_geowiki-landcover-2017,0.48544165,0.5145583
10542_geowiki-landcover-2017,0.48099923,0.5190008
2909_rwanda-ceo,0.78797364,0.21202637
35807_geowiki-landcover-2017,0.66000694,0.33999303
20189_geowiki-landcover-2017,0.32618925,0.6738107
4976_canada,0.19045375,0.80954623
21696_geowiki-landcover-2017,0.48099864,0.51900136
2503_ile-de-france,0.3105319,0.6894681
1158_togo,0.6508271,0.34917295
2170_canada,0.48099846,0.51900154
5271_ile-de-france,0.19045472,0.8095452
3417_central-asia,0.3105325,0.68946755
32233_geowiki-landcover-2017,0.6508275,0.34917244
29993_geowiki-landcover-2017,0.480998,0.51900196
6080_canada,0.19045374,0.80954623
1056_togo,0.6508287,0.34917128
24563_geowiki-landcover-2017,0.64866304,0.3513369
2167_croplands,0.6436343,0.35636568
14777_geowiki-landcover-2017,0.66001964,0.33998033
1259_kenya-non-crop,0.78797567,0.21202426
10650_croplands,0.48544106,0.514559
57_rwanda-ceo,0.78797567,0.21202435
7377_canada,0.32618937,0.6738106
17014_geowiki-landcover-2017,0.7879725,0.21202752
2219_kenya-non-crop,0.78797454,0.21202554
792_tanzania-rice-ecaas,0.7879744,0.21202558
13126_geowiki-landcover-2017,0.4752927,0.52470726
20578_geowiki-landcover-2017,0.49115446,0.5088455
1461_mali-helmets-labelling-crops,0.321183,0.678817
2303_rwanda-ceo,0.78797555,0.2120245
13931_geowiki-landcover-2017,0.3105324,0.68946767
24251_geowiki-landcover-2017,0.48099017,0.5190098
99_tanzania,0.6600083,0.3399917
4790_croplands,0.6436343,0.35636574
1049_croplands,0.6508263,0.34917367
10659_geowiki-landcover-2017,0.787975,0.21202497
295_lem-brazil,0.78797483,0.21202515
2797_central-asia,0.19046354,0.80953646
17903_geowiki-landcover-2017,0.3193029,0.6806971
10770_croplands,0.7879724,0.21202761
4851_canada,0.19045407,0.80954593
6973_geowiki-landcover-2017,0.31053203,0.68946797
4864_canada,0.31053227,0.68946767
3898_geowiki-landcover-2017,0.47313932,0.5268607
4753_geowiki-landcover-2017,0.650827,0.34917304
3971_central-asia,0.3105324,0.68946767
928_reunion-france,0.65082747,0.34917256
2740_reunion-france,0.78776073,0.2122393
9146_croplands,0.47529167,0.52470833
30357_geowiki-landcover-2017,0.64362687,0.35637316
1466_central-asia,0.31053182,0.68946815
1971_martinique-france,0.6508278,0.34917223
3283_ile-de-france,0.19045387,0.8095462
5546_geowiki-landcover-2017,0.32615024,0.67384976
4978_central-asia,0.19045374,0.80954623
16451_geowiki-landcover-2017,0.78797567,0.21202429
22833_geowiki-landcover-2017,0.48099202,0.519008
325_tanzania-ceo,0.660009,0.3399909
17216_geowiki-landcover-2017,0.65082854,0.34917143
1893_kenya-non-crop,0.7879749,0.21202512
29323_geowiki-landcover-2017,0.47312686,0.5268731
234_ethiopia,0.6436335,0.35636654
14745_geowiki-landcover-2017,0.64886516,0.3511348
1767_ile-de-france,0.19045407,0.80954593
2301_martinique-france,0.6508276,0.3491724
13746_croplands,0.48543972,0.5145603
6427_canada,0.48099723,0.5190028
35264_geowiki-landcover-2017,0.32619035,0.67380965
3157_geowiki-landcover-2017,0.49334776,0.5066522
5284_geowiki-landcover-2017,0.65082705,0.34917295
34963_geowiki-landcover-2017,0.32618633,0.67381364
641_canada,0.32618958,0.6738105
223_germany,0.32618952,0.6738105
4879_canada,0.31053245,0.6894676
5895_ile-de-france,0.31053174,0.68946826
325_canada,0.48099923,0.5190008
1037_mali-helmets-labelling-crops,0.3211824,0.67881763
7114_geowiki-landcover-2017,0.6488621,0.35113785
2372_ile-de-france,0.19045389,0.8095462
5642_geowiki-landcover-2017,0.48099858,0.5190014
5333_geowiki-landcover-2017,0.49115455,0.50884545
3251_central-asia,0.31053182,0.6894682
3081_canada,0.48099917,0.5190008
789_germany,0.31053182,0.6894682
96_central-asia,0.31053883,0.6894612
3611_geowiki-landcover-2017,0.3211834,0.6788166
37_ile-de-france,0.1904547,0.8095453
23515_geowiki-landcover-2017,0.19045381,0.8095462
31970_geowiki-landcover-2017,0.49115407,0.5088459
106_mali-non-crop,0.47529265,0.5247073
9010_geowiki-landcover-2017,0.6488634,0.3511366
30091_geowiki-landcover-2017,0.31930268,0.6806973
2300_rwanda-ceo,0.78797495,0.21202508
6090_ile-de-france,0.32618943,0.67381054
12652_geowiki-landcover-2017,0.47313812,0.5268619
1341_canada,0.31053218,0.6894678
6690_geowiki-landcover-2017,0.64886355,0.35113642
11975_geowiki-landcover-2017,0.49115512,0.50884485
16249_geowiki-landcover-2017,0.31930304,0.68069696
5571_ile-de-france,0.19045392,0.8095461
4386_central-asia,0.19048946,0.8095105
514_germany,0.19045392,0.8095461
6233_canada,0.3261891,0.6738109
552_germany,0.32618883,0.67381114
3326_rwanda-ceo,0.78797555,0.21202445
4104_central-asia,0.19045411,0.8095459
23543_geowiki-landcover-2017,0.6488634,0.35113665
522_mali-helmets-labelling-crops,0.32118303,0.6788169
4813_ile-de-france,0.3261245,0.67387545
326_tanzania-rice-ecaas,0.7879754,0.21202458
536_kenya-non-crop,0.7879758,0.21202423
919_reunion-france,0.47529194,0.52470803
827_kenya-non-crop,0.7879756,0.21202436
31579_geowiki-landcover-2017,0.48543626,0.51456374
5254_geowiki-landcover-2017,0.64886266,0.3511373
4868_central-asia,0.19045386,0.8095462
605_mali-helmets-labelling-crops,0.6508157,0.34918427
4052_central-asia,0.4809989,0.51900107
21313_geowiki-landcover-2017,0.32118368,0.67881626
747_central-asia,0.19045466,0.8095453
1464_ile-de-france,0.19045392,0.8095461
1226_tanzania-ceo,0.78797555,0.21202445
976_mali-helmets-labelling-crops,0.47526425,0.52473575
33993_geowiki-landcover-2017,0.19045371,0.8095463
3533_geowiki-landcover-2017,0.6508277,0.3491723
34777_geowiki-landcover-2017,0.48099765,0.5190024
3480_canada,0.19047578,0.80952424
1922_reunion-france,0.78797555,0.21202445
359_togo,0.47529137,0.5247086
1873_martinique-france,0.65082735,0.34917265
3622_canada,0.31053162,0.6894684
2490_germany,0.31053212,0.68946785
19108_geowiki-landcover-2017,0.4731395,0.52686054
11315_geowiki-landcover-2017,0.6488635,0.3511365
1889_rwanda-ceo,0.7879756,0.21202436
2600_kenya-non-crop,0.78797567,0.2120243
34304_geowiki-landcover-2017,0.475292,0.524708
14350_geowiki-landcover-2017,0.48099864,0.51900136
1021_mali-helmets-labelling-crops,0.32118294,0.67881703
35819_geowiki-landcover-2017,0.3211821,0.67881787
1043_ile-de-france,0.4809388,0.5190612
1452_kenya-non-crop,0.6508276,0.34917244
33717_geowiki-landcover-2017,0.19045506,0.8095449
12841_geowiki-landcover-2017,0.64886326,0.35113674
3434_ile-de-france,0.31052053,0.6894795
17659_geowiki-landcover-2017,0.4809987,0.5190013
4827_central-asia,0.31053036,0.68946964
1344_central-asia,0.3261892,0.67381084
1670_kenya-non-crop,0.7879758,0.21202423
17363_geowiki-landcover-2017,0.6508266,0.34917343
1728_kenya-non-crop,0.78797567,0.21202429
1575_tanzania-ceo,0.78796434,0.21203561
1110_germany,0.32618877,0.6738112
1377_central-asia,0.19045404,0.809546
3374_geowiki-landcover-2017,0.47529355,0.5247065
3039_canada,0.4809989,0.5190011
35850_geowiki-landcover-2017,0.3106316,0.6893684
1280_geowiki-landcover-2017,0.7879755,0.21202455
28603_geowiki-landcover-2017,0.19045371,0.8095463
364_reunion-france,0.78797406,0.21202588
202_mali-helmets-labelling-crops,0.475307,0.524693
692_ethiopia,0.78797483,0.21202515
30710_geowiki-landcover-2017,0.48099852,0.5190015
2346_central-asia,0.19045441,0.80954564
664_kenya-non-crop,0.7879755,0.21202451
24450_geowiki-landcover-2017,0.32618773,0.67381227
3590_geowiki-landcover-2017,0.32118225,0.67881775
1968_rwanda-ceo,0.78797585,0.21202418
3084_geowiki-landcover-2017,0.6508321,0.3491679
6701_geowiki-landcover-2017,0.31930444,0.68069553
724_germany,0.19068606,0.80931395
24560_geowiki-landcover-2017,0.32618874,0.67381126
30643_geowiki-landcover-2017,0.49115458,0.50884545
3413_central-asia,0.31053263,0.68946743
1538_geowiki-landcover-2017,0.78797376,0.21202621
572_mali-helmets-labelling-crops,0.47527465,0.5247254
323_croplands,0.3216814,0.67831856
3852_geowiki-landcover-2017,0.31930292,0.6806971
585_germany,0.32618916,0.67381084
10290_croplands,0.64363444,0.35636556
28575_geowiki-landcover-2017,0.7879747,0.21202527
393_togo,0.32118264,0.67881733
33411_geowiki-landcover-2017,0.19045399,0.809546
17393_geowiki-landcover-2017,0.35936496,0.640635
17_geowiki-landcover-2017,0.66000956,0.33999044
29822_geowiki-landcover-2017,0.48543113,0.51456887
4734_central-asia,0.19045398,0.809546
3224_canada,0.48099896,0.51900107
431_tanzania-ceo,0.7879755,0.21202451
5709_canada,0.3211819,0.6788181
13018_croplands,0.64363396,0.35636607
1740_canada,0.19045427,0.8095457
84_croplands,0.47529173,0.5247082
25466_geowiki-landcover-2017,0.48095557,0.5190444
315_tanzania-ceo,0.78795165,0.21204838
15186_geowiki-landcover-2017,0.786974,0.21302593
4928_geowiki-landcover-2017,0.64363104,0.35636893
31795_geowiki-landcover-2017,0.31053063,0.68946934
2015_central-asia,0.19045424,0.80954576
13873_croplands,0.48544234,0.51455766
765_tanzania-rice-ecaas,0.48556545,0.5144346
23239_geowiki-landcover-2017,0.4911541,0.5088459
33496_geowiki-landcover-2017,0.3261892,0.67381084
9978_croplands,0.64363533,0.35636467
54_ethiopia,0.64362913,0.3563709
32736_geowiki-landcover-2017,0.32118154,0.67881846
87_kenya,0.78797555,0.21202445
5013_central-asia,0.31053138,0.6894686
10743_croplands,0.78797346,0.2120265
24402_geowiki-landcover-2017,0.65082747,0.3491725
132_kenya-non-crop,0.78797567,0.21202426
4137_ile-de-france,0.31053504,0.689465
856_geowiki-landcover-2017,0.78797483,0.21202515
9413_geowiki-landcover-2017,0.660009,0.339991
32822_geowiki-landcover-2017,0.6508212,0.34917873
13238_geowiki-landcover-2017,0.32118306,0.6788169
16576_geowiki-landcover-2017,0.6508273,0.34917274
19965_geowiki-landcover-2017,0.32618925,0.6738107
960_canada,0.19045414,0.8095459
4414_croplands,0.4752922,0.52470785
33265_geowiki-landcover-2017,0.48100683,0.51899314
20086_geowiki-landcover-2017,0.31930313,0.68069685
75_tanzania,0.7879751,0.2120249
644_germany,0.32618892,0.6738111
844_lem-brazil,0.6436343,0.35636574
20688_geowiki-landcover-2017,0.6436363,0.35636374
6607_canada,0.32618877,0.6738112
14020_geowiki-landcover-2017,0.4911541,0.50884587
2866_ile-de-france,0.48093513,0.5190649
592_rwanda-ceo,0.6436342,0.3563658
606_ile-de-france,0.19045429,0.8095457
24089_geowiki-landcover-2017,0.65082407,0.349176
33857_geowiki-landcover-2017,0.6508264,0.3491736
219_rwanda-ceo,0.7879758,0.21202421
3226_ile-de-france,0.19045414,0.8095459
18028_geowiki-landcover-2017,0.32618946,0.6738105
1754_kenya-non-crop,0.7879758,0.21202423
32597_geowiki-landcover-2017,0.48103195,0.51896805
2362_central-asia,0.19045457,0.8095454
5076_ile-de-france,0.1904539,0.8095461
4923_ile-de-france,0.48099777,0.5190022
24818_geowiki-landcover-2017,0.47529206,0.5247079
239_tanzania,0.78797555,0.21202445
1562_germany,0.3105322,0.6894677
272_germany,0.32619068,0.67380935
77_tanzania,0.7879751,0.21202494
88_martinique-france,0.65082747,0.34917253
11986_geowiki-landcover-2017,0.48099822,0.5190018
1501_croplands,0.49113104,0.50886893
22252_geowiki-landcover-2017,0.4809977,0.51900226
316_sudan,0.78797215,0.21202782
2524_canada,0.48099917,0.5190008
5848_canada,0.3105323,0.68946767
1791_ile-de-france,0.3105305,0.68946946
4074_central-asia,0.3105331,0.68946683
1088_central-asia,0.19045407,0.80954593
2568_geowiki-landcover-2017,0.78797525,0.2120247
289_central-asia,0.19045562,0.8095444
3734_croplands,0.6436345,0.35636547
11773_geowiki-landcover-2017,0.7879755,0.21202451
522_kenya-non-crop,0.7879758,0.21202423
33409_geowiki-landcover-2017,0.3193316,0.6806684
1780_rwanda-ceo,0.78797555,0.21202445
9000_croplands,0.47529238,0.5247076
2150_canada,0.32618916,0.67381084
802_croplands,0.19045387,0.8095462
11642_croplands,0.32164037,0.6783597
516_ile-de-france,0.4809935,0.5190065
31240_geowiki-landcover-2017,0.6508064,0.34919357
1846_tanzania-ceo,0.7879755,0.21202455
2333_geowiki-landcover-2017,0.65082747,0.34917253
680_tanzania-rice-ecaas,0.66000897,0.33999103
8062_geowiki-landcover-2017,0.7879751,0.2120249
1921_ile-de-france,0.19045392,0.8095461
595_kenya-non-crop,0.6436359,0.35636407
5835_croplands,0.65083355,0.3491664
937_rwanda-ceo,0.7879756,0.2120244
9232_croplands,0.47529614,0.5247039
6733_canada,0.32618997,0.67381
2638_ile-de-france,0.19045395,0.809546
737_canada,0.1904541,0.8095459
4855_central-asia,0.4809999,0.5190001
149_uganda,0.6600086,0.33999133
2945_central-asia,0.3106215,0.6893785
26043_geowiki-landcover-2017,0.49331656,0.5066834
4432_central-asia,0.19045703,0.80954295
4173_central-asia,0.31929067,0.6807093
10142_croplands,0.78797483,0.21202517
80_tanzania-ceo,0.78797525,0.21202475
1529_canada,0.1904541,0.8095459
3509_ile-de-france,0.19045419,0.8095459
6226_geowiki-landcover-2017,0.49115458,0.50884545
3016_rwanda-ceo,0.6436347,0.35636532
14718_geowiki-landcover-2017,0.65082717,0.3491728
1048_central-asia,0.19045395,0.809546
30090_geowiki-landcover-2017,0.48537096,0.51462907
1417_rwanda-ceo,0.78797525,0.2120248
686_reunion-france,0.78797567,0.21202435
8003_geowiki-landcover-2017,0.48099712,0.5190029
8570_geowiki-landcover-2017,0.6508272,0.34917277
1303_mali-helmets-labelling-crops,0.32118276,0.6788173
1537_ile-de-france,0.32618892,0.6738111
383_martinique-france,0.6508276,0.34917235
1582_kenya-non-crop,0.6436343,0.35636568
9859_geowiki-landcover-2017,0.49115518,0.5088448
365_reunion-france,0.7879753,0.21202467
15020_geowiki-landcover-2017,0.4933383,0.5066617
2642_geowiki-landcover-2017,0.3211917,0.6788083
2881_croplands,0.6436345,0.35636556
135_sudan,0.6436344,0.35636565
15338_geowiki-landcover-2017,0.3261891,0.67381096
794_ethiopia,0.7879383,0.2120617
13353_geowiki-landcover-2017,0.6508276,0.34917244
646_martinique-france,0.65082765,0.34917235
27895_geowiki-landcover-2017,0.31053194,0.689468
19724_geowiki-landcover-2017,0.6600065,0.33999342
2173_kenya-non-crop,0.6508282,0.3491718
6767_croplands,0.66001016,0.3399898
3767_ile-de-france,0.19045392,0.8095461
10203_croplands,0.6436046,0.35639542
1179_rwanda-ceo,0.7879755,0.21202452
1260_canada,0.19045381,0.8095462
95_ile-de-france,0.19045392,0.8095461
2071_germany,0.1904539,0.8095461
1137_canada,0.3261891,0.6738109
4753_central-asia,0.3105322,0.6894677
4498_geowiki-landcover-2017,0.65082747,0.34917256
2193_central-asia,0.1904549,0.80954504
2370_geowiki-landcover-2017,0.65082514,0.34917486
12859_croplands,0.47529313,0.5247069
798_mali-helmets-labelling-crops,0.3211827,0.6788173
1196_togo,0.32118392,0.6788161
1150_tanzania-ceo,0.7879755,0.21202451
4915_central-asia,0.19045378,0.80954623
354_rwanda-ceo,0.78797585,0.21202418
35737_geowiki-landcover-2017,0.49115947,0.50884056
447_togo,0.6508264,0.34917367
116_geowiki-landcover-2017,0.49331278,0.5066872
2410_central-asia,0.19045457,0.80954546
387_croplands,0.3194097,0.68059033
376_lem-brazil,0.6600163,0.3399837
675_tanzania-rice-ecaas,0.6435975,0.3564025
225_tanzania-rice-ecaas,0.643634,0.35636598
25666_geowiki-landcover-2017,0.48099938,0.5190006
18754_geowiki-landcover-2017,0.32618997,0.67381
6580_canada,0.3261898,0.67381024
3038_ile-de-france,0.3261886,0.6738114
35387_geowiki-landcover-2017,0.19045386,0.8095462
591_kenya-non-crop,0.7879704,0.21202953
5315_canada,0.32618898,0.6738111
20165_geowiki-landcover-2017,0.47313976,0.52686024
13523_geowiki-landcover-2017,0.6436309,0.3563691
1235_central-asia,0.19045389,0.8095462
687_canada,0.1904542,0.80954576
1337_tanzania-ceo,0.7879756,0.2120244
323_reunion-france,0.6508299,0.34917012
215_croplands,0.19045404,0.809546
32127_geowiki-landcover-2017,0.48099867,0.5190013
16394_geowiki-landcover-2017,0.49336207,0.50663793
6053_geowiki-landcover-2017,0.31054157,0.68945843
1451_rwanda-ceo,0.78797555,0.21202444
12633_geowiki-landcover-2017,0.6488593,0.35114062
10069_croplands,0.64363134,0.35636866
51_geowiki-landcover-2017,0.78797567,0.2120243
1666_tanzania-ceo,0.7879754,0.21202455
1836_ile-de-france,0.19045387,0.8095462
12155_geowiki-landcover-2017,0.6488636,0.3511364
5688_geowiki-landcover-2017,0.7879753,0.21202467
348_reunion-france,0.65082735,0.34917265
2223_reunion-france,0.6508271,0.34917286
2857_canada,0.6508273,0.34917274
12511_croplands,0.475292,0.52470803
4618_ile-de-france,0.31041563,0.6895844
17604_geowiki-landcover-2017,0.47314915,0.5268509
336_tanzania-ceo,0.78797525,0.21202475
1255_canada,0.19045387,0.8095462
860_rwanda-ceo,0.7879754,0.21202458
1089_rwanda-ceo,0.78797555,0.21202445
61_tanzania-ceo,0.78797305,0.21202692
294_central-asia,0.19045529,0.80954474
29194_geowiki-landcover-2017,0.32618913,0.67381084
176_togo,0.6508276,0.34917244
9589_croplands,0.7879722,0.21202779
366_ile-de-france,0.32598108,0.674019
3491_ile-de-france,0.19045389,0.8095462
1139_tanzania-ceo,0.7879756,0.2120244
5905_canada,0.19045447,0.8095455
34183_geowiki-landcover-2017,0.6508267,0.34917328
31878_geowiki-landcover-2017,0.32619107,0.67380893
210_geowiki-landcover-2017,0.7879756,0.2120244
71_uganda,0.64363486,0.35636514
2885_croplands,0.48543984,0.51456016
1718_ile-de-france,0.19045387,0.8095462
1343_central-asia,0.19045389,0.8095462
2341_martinique-france,0.650828,0.34917203
1355_reunion-france,0.6508273,0.34917274
792_martinique-france,0.4753004,0.52469957
537_ethiopia,0.7879754,0.21202464
668_togo,0.32118326,0.67881674
27396_geowiki-landcover-2017,0.49331537,0.50668466
25333_geowiki-landcover-2017,0.48099896,0.519001
2550_reunion-france,0.6508276,0.34917235
31414_geowiki-landcover-2017,0.7879753,0.21202467
1741_geowiki-landcover-2017,0.7879744,0.21202558
34950_geowiki-landcover-2017,0.46914738,0.5308527
15586_geowiki-landcover-2017,0.326189,0.67381096
514_geowiki-landcover-2017,0.65082824,0.34917176
1685_tanzania-ceo,0.78797585,0.21202414
1249_ile-de-france,0.19045389,0.8095462
187_kenya,0.78797454,0.2120255
498_rwanda-ceo,0.6528951,0.34710494
16521_geowiki-landcover-2017,0.49331042,0.5066896
13704_croplands,0.47529042,0.5247096
2589_croplands,0.6436622,0.3563378
18693_geowiki-landcover-2017,0.49114868,0.5088513
611_canada,0.48098582,0.5190142
530_croplands,0.19045444,0.8095455
32361_geowiki-landcover-2017,0.3261891,0.6738109
5048_canada,0.19045374,0.80954623
222_uganda,0.7879743,0.21202572
31964_geowiki-landcover-2017,0.48099884,0.5190012
268_croplands,0.7878853,0.21211468
3777_ile-de-france,0.19045392,0.8095461
11660_geowiki-landcover-2017,0.49331227,0.5066877
1621_martinique-france,0.6508274,0.3491726
3213_geowiki-landcover-2017,0.49332464,0.5066753
16813_geowiki-landcover-2017,0.78797466,0.21202539
2416_germany,0.48099855,0.5190014
32102_geowiki-landcover-2017,0.31304368,0.68695635
3694_central-asia,0.19045404,0.809546
8110_geowiki-landcover-2017,0.65082747,0.34917253
22246_geowiki-landcover-2017,0.32619193,0.6738081
683_mali-helmets-labelling-crops,0.32120672,0.67879325
50_kenya,0.7879752,0.21202482
9174_croplands,0.47529542,0.5247046
12854_geowiki-landcover-2017,0.6508276,0.34917235
548_canada,0.48099878,0.51900125
33029_geowiki-landcover-2017,0.64886826,0.35113168
1654_reunion-france,0.7879671,0.21203287
3612_geowiki-landcover-2017,0.32119614,0.67880386
11629_geowiki-landcover-2017,0.6508652,0.34913477
802_canada,0.19071615,0.80928385
756_ile-de-france,0.19045389,0.8095462
22363_geowiki-landcover-2017,0.48099908,0.5190009
8968_croplands,0.47529256,0.52470744
5992_ile-de-france,0.19045398,0.809546
3686_ile-de-france,0.1904539,0.8095461
29512_geowiki-landcover-2017,0.19045451,0.8095455
19909_geowiki-landcover-2017,0.32619095,0.67380905
1005_reunion-france,0.65083003,0.34916997
828_tanzania-ceo,0.78797555,0.21202444
31619_geowiki-landcover-2017,0.47529843,0.52470154
3297_ile-de-france,0.32618937,0.6738106
791_croplands,0.65082747,0.3491725
11707_geowiki-landcover-2017,0.6488633,0.35113668
1713_ile-de-france,0.32618695,0.67381305
31_tanzania-ceo,0.6508356,0.34916446
25772_geowiki-landcover-2017,0.47315076,0.5268492
143_rwanda-ceo,0.78797567,0.21202435
35152_geowiki-landcover-2017,0.32618916,0.67381084
4829_ile-de-france,0.19045407,0.80954593
734_canada,0.19045982,0.8095402
12525_croplands,0.65082717,0.34917286
1569_reunion-france,0.47529224,0.5247078
31786_geowiki-landcover-2017,0.4809553,0.51904476
9534_croplands,0.787968,0.21203205
4542_central-asia,0.19046982,0.8095302
413_geowiki-landcover-2017,0.78797555,0.21202444
3776_central-asia,0.19045447,0.8095455
19715_geowiki-landcover-2017,0.48100257,0.51899743
32181_geowiki-landcover-2017,0.19045386,0.8095462
251_germany,0.326189,0.673811
1305_kenya-non-crop,0.78797567,0.21202426
59_mali,0.32118317,0.67881685
26610_geowiki-landcover-2017,0.48101264,0.51898736
286_geowiki-landcover-2017,0.650751,0.349249
23269_geowiki-landcover-2017,0.48099834,0.5190017
3910_geowiki-landcover-2017,0.4809991,0.5190009
15249_geowiki-landcover-2017,0.47537217,0.5246278
31799_geowiki-landcover-2017,0.4809966,0.5190034
1536_germany,0.32618898,0.673811
16370_geowiki-landcover-2017,0.65082735,0.34917265
7392_geowiki-landcover-2017,0.31930286,0.68069714
386_martinique-france,0.65082747,0.34917253
2442_central-asia,0.19045433,0.8095457
2018_rwanda-ceo,0.7879754,0.21202464
385_martinique-france,0.6508275,0.34917244
16659_geowiki-landcover-2017,0.78797346,0.21202658
31402_geowiki-landcover-2017,0.31053272,0.6894673
34632_geowiki-landcover-2017,0.48099846,0.51900154
405_togo,0.47529137,0.5247086
35425_geowiki-landcover-2017,0.31930447,0.68069553
6062_croplands,0.64363253,0.35636744
32072_geowiki-landcover-2017,0.31053182,0.6894682
173_tanzania,0.78797036,0.2120296
2653_ile-de-france,0.19045387,0.8095462
34237_geowiki-landcover-2017,0.65082717,0.34917277
247_togo,0.475292,0.524708
31082_geowiki-landcover-2017,0.47529516,0.5247049
46_mali,0.32118234,0.67881763
30624_geowiki-landcover-2017,0.32118332,0.6788167
3412_rwanda-ceo,0.7879755,0.21202455
34452_geowiki-landcover-2017,0.4752919,0.5247081
30810_geowiki-landcover-2017,0.31053224,0.6894677
30389_geowiki-landcover-2017,0.4809993,0.5190007
26841_geowiki-landcover-2017,0.49115387,0.50884616
6995_geowiki-landcover-2017,0.3261891,0.6738109
13892_geowiki-landcover-2017,0.64886343,0.3511366
1222_ile-de-france,0.19045389,0.8095462
1626_central-asia,0.32618445,0.6738156
2435_reunion-france,0.7879755,0.21202451
646_geowiki-landcover-2017,0.6600119,0.3399881
9533_croplands,0.7879685,0.21203147
1816_martinique-france,0.6508279,0.34917206
700_martinique-france,0.6508265,0.34917352
2212_central-asia,0.19045462,0.8095454
7715_canada,0.32617903,0.673821
1385_central-asia,0.19045395,0.809546
196_kenya,0.78545445,0.2145455
20382_geowiki-landcover-2017,0.31053168,0.6894683
7353_canada,0.3105344,0.6894656
4139_central-asia,0.6481707,0.3518293
1423_kenya-non-crop,0.78797525,0.2120247
2242_geowiki-landcover-2017,0.3213117,0.67868835
29227_geowiki-landcover-2017,0.49115273,0.5088473
24273_geowiki-landcover-2017,0.48099923,0.51900077
1114_martinique-france,0.6508271,0.34917295
1248_rwanda-ceo,0.78797495,0.212025
794_reunion-france,0.78792953,0.21207051
10862_croplands,0.78771245,0.21228762
135_lem-brazil,0.7879583,0.21204168
8563_geowiki-landcover-2017,0.64886004,0.35114
12249_geowiki-landcover-2017,0.310553,0.689447
5465_geowiki-landcover-2017,0.6508243,0.3491757
1394_martinique-france,0.6508275,0.34917244
268_kenya,0.78797567,0.21202435
17070_geowiki-landcover-2017,0.32620484,0.6737952
983_canada,0.31053215,0.68946785
3697_ile-de-france,0.19045392,0.8095461
2045_rwanda-ceo,0.78797567,0.21202426
31260_geowiki-landcover-2017,0.4933123,0.5066877
4552_croplands,0.4752929,0.52470714
5497_geowiki-landcover-2017,0.4911358,0.5088642
1236_central-asia,0.19045722,0.8095427
2642_reunion-france,0.65082747,0.34917247
9441_croplands,0.3211827,0.67881733
161_mali-helmets-labelling-crops,0.65082747,0.34917256
6533_geowiki-landcover-2017,0.64886284,0.35113713
28224_geowiki-landcover-2017,0.64886326,0.35113674
2062_central-asia,0.32618672,0.67381334
21560_geowiki-landcover-2017,0.48099884,0.5190012
1107_croplands,0.475292,0.524708
1481_mali-helmets-labelling-crops,0.3211833,0.67881674
3479_geowiki-landcover-2017,0.47530222,0.5246978
2185_germany,0.32619053,0.6738094
1017_ile-de-france,0.19045866,0.80954134
28256_geowiki-landcover-2017,0.49331167,0.50668836
33949_geowiki-landcover-2017,0.6508261,0.34917387
2156_martinique-france,0.65082747,0.34917253
11777_geowiki-landcover-2017,0.4731109,0.5268891
9463_croplands,0.49331233,0.5066877
1578_martinique-france,0.65082747,0.34917247
6913_geowiki-landcover-2017,0.3261889,0.6738111
2266_rwanda-ceo,0.78797567,0.21202435
14058_croplands,0.6440064,0.35599363
5265_canada,0.32618448,0.6738155
21065_geowiki-landcover-2017,0.3261891,0.6738109
1953_martinique-france,0.65082824,0.34917176
29_sudan,0.6436338,0.35636625
267_geowiki-landcover-2017,0.4854427,0.51455724
462_kenya-non-crop,0.6437951,0.35620493
14469_geowiki-landcover-2017,0.6488634,0.35113665
148_ile-de-france,0.19045407,0.80954593
269_croplands,0.4810031,0.5189969
32805_geowiki-landcover-2017,0.48099884,0.5190012
13805_croplands,0.48544,0.51456004
30049_geowiki-landcover-2017,0.78797567,0.21202426
33235_geowiki-landcover-2017,0.48099834,0.5190017
2201_kenya-non-crop,0.6436331,0.35636684
33804_geowiki-landcover-2017,0.5900269,0.40997308
4803_ile-de-france,0.19045395,0.809546
3230_canada,0.48099923,0.5190008
16514_geowiki-landcover-2017,0.7879756,0.2120244
25947_geowiki-landcover-2017,0.6508273,0.34917268
5761_canada,0.3095712,0.6904288
3525_central-asia,0.31053266,0.6894673
775_martinique-france,0.6508277,0.3491723
315_reunion-france,0.78797424,0.21202579
369_kenya-non-crop,0.78797555,0.21202445
301_togo,0.6508268,0.34917316
2440_kenya-non-crop,0.65083164,0.34916836
561_kenya-non-crop,0.78797567,0.2120243
10669_croplands,0.78795636,0.21204364
1326_martinique-france,0.6508269,0.34917316
20307_geowiki-landcover-2017,0.19045395,0.809546
27711_geowiki-landcover-2017,0.32012904,0.679871
510_geowiki-landcover-2017,0.7879751,0.21202485
1590_rwanda-ceo,0.7879756,0.2120244
2030_geowiki-landcover-2017,0.6508274,0.3491726
7826_geowiki-landcover-2017,0.6508266,0.34917337
7587_canada,0.19045381,0.8095462
352_lem-brazil,0.78797495,0.21202508
1072_tanzania-ceo,0.78797525,0.2120247
24042_geowiki-landcover-2017,0.65082216,0.3491779
17570_geowiki-landcover-2017,0.6488628,0.3511372
1938_central-asia,0.3257735,0.67422646
28544_geowiki-landcover-2017,0.31934893,0.68065107
655_tanzania-rice-ecaas,0.48544186,0.51455814
4171_ile-de-france,0.19045419,0.8095459
33589_geowiki-landcover-2017,0.48100007,0.51899993
13988_croplands,0.6436343,0.35636574
926_central-asia,0.48783943,0.51216054
110_kenya-non-crop,0.78797567,0.21202426
1903_canada,0.31053275,0.6894673
2658_ile-de-france,0.19045404,0.809546
13762_croplands,0.4865933,0.51340675
349_tanzania-rice-ecaas,0.64363414,0.35636586
1271_martinique-france,0.6508275,0.34917244
25418_geowiki-landcover-2017,0.31053266,0.6894674
2118_ile-de-france,0.48099768,0.5190024
595_central-asia,0.19045474,0.8095452
357_mali-helmets-labelling-crops,0.650826,0.349174
903_martinique-france,0.6508288,0.3491712
10628_geowiki-landcover-2017,0.32618904,0.67381096
415_martinique-france,0.6508297,0.34917033
4917_croplands,0.6436343,0.35636574
1457_geowiki-landcover-2017,0.78797555,0.21202445
21704_geowiki-landcover-2017,0.6508297,0.34917033
1622_ile-de-france,0.19045386,0.8095462
123_mali-helmets-labelling-crops,0.32118222,0.6788178
4684_croplands,0.6436218,0.3563782
16715_geowiki-landcover-2017,0.78797525,0.2120248
3279_central-asia,0.3105324,0.68946767
9892_geowiki-landcover-2017,0.47529233,0.5247076
3631_central-asia,0.19045404,0.809546
1288_tanzania-ceo,0.78797567,0.21202433
1245_central-asia,0.19045936,0.8095406
4901_geowiki-landcover-2017,0.49115476,0.50884527
96_rwanda-ceo,0.7877053,0.21229467
1263_kenya-non-crop,0.78797567,0.21202426
708_tanzania-rice-ecaas,0.643635,0.35636503
289_ethiopia,0.6488752,0.35112485
766_ethiopia,0.49330893,0.50669104
2576_central-asia,0.1904542,0.80954576
14_reunion-france,0.78797483,0.21202517
1729_kenya-non-crop,0.78797567,0.21202435
1144_martinique-france,0.6508276,0.34917244
20167_geowiki-landcover-2017,0.65082353,0.3491765
4267_canada,0.3211818,0.67881817
140_sudan,0.6436344,0.35636565
1229_reunion-france,0.7879754,0.21202464
6339_canada,0.3261891,0.67381096
1663_kenya-non-crop,0.7879756,0.2120244
4236_canada,0.32118198,0.67881805
9660_geowiki-landcover-2017,0.6508298,0.34917024
5535_ile-de-france,0.3261891,0.67381096
7442_croplands,0.6436351,0.35636488
34271_geowiki-landcover-2017,0.32137704,0.6786229
1513_reunion-france,0.49330896,0.506691
1755_ile-de-france,0.19045542,0.8095446
145_tanzania-ceo,0.65084314,0.3491569
122_canada,0.4809999,0.5190001
11368_geowiki-landcover-2017,0.7879713,0.21202867
212_croplands,0.3261851,0.67381483
20491_geowiki-landcover-2017,0.48099762,0.51900244
49_mali,0.3211839,0.67881614
4655_central-asia,0.31053334,0.68946666
32235_geowiki-landcover-2017,0.7879662,0.21203376
2182_kenya-non-crop,0.47529456,0.5247054
242_reunion-france,0.47530586,0.5246941
969_tanzania-ceo,0.48554203,0.514458
4817_central-asia,0.19045553,0.80954444
2281_reunion-france,0.64363456,0.35636538
652_central-asia,0.4809999,0.5190001
187_mali-helmets-labelling-crops,0.6507717,0.34922835
11268_geowiki-landcover-2017,0.6508274,0.34917256
12141_geowiki-landcover-2017,0.48098913,0.51901084
2101_geowiki-landcover-2017,0.6508277,0.34917226
1086_martinique-france,0.6508279,0.34917206
2287_germany,0.19045378,0.80954623
10610_geowiki-landcover-2017,0.64886343,0.3511366
5182_geowiki-landcover-2017,0.78797567,0.21202435
24_brazil-non-crop,0.6602762,0.33972389
3012_ile-de-france,0.19045395,0.809546
2732_ile-de-france,0.19045392,0.8095461
5024_central-asia,0.19045374,0.80954623
2857_geowiki-landcover-2017,0.65082586,0.3491741
1060_reunion-france,0.66000885,0.33999115
3153_rwanda-ceo,0.78797525,0.2120247
1159_tanzania-ceo,0.6508265,0.3491735
27212_geowiki-landcover-2017,0.4809989,0.5190011
12168_geowiki-landcover-2017,0.3193031,0.6806969
544_tanzania-rice-ecaas,0.6599977,0.34000227
225_sudan,0.6508366,0.34916344
2231_rwanda-ceo,0.7879756,0.2120244
17892_geowiki-landcover-2017,0.3261937,0.67380637
13750_croplands,0.6600088,0.3399912
2646_kenya-non-crop,0.78797525,0.2120248
31960_geowiki-landcover-2017,0.32622015,0.6737799
20459_geowiki-landcover-2017,0.4911542,0.5088458
2583_canada,0.4809999,0.5190001
7_ile-de-france,0.19045419,0.8095459
29813_geowiki-landcover-2017,0.31053218,0.6894678
9142_geowiki-landcover-2017,0.6488664,0.35113358
3321_ile-de-france,0.32619107,0.67380893
26791_geowiki-landcover-2017,0.32619783,0.6738022
835_central-asia,0.49088266,0.5091173
31751_geowiki-landcover-2017,0.31935427,0.6806457
651_togo,0.32118213,0.67881787
1159_kenya-non-crop,0.78797567,0.21202435
681_tanzania-rice-ecaas,0.66000974,0.33999026
6025_ile-de-france,0.19045407,0.80954593
16168_geowiki-landcover-2017,0.48099473,0.5190053
23121_geowiki-landcover-2017,0.7879569,0.2120431
400_germany,0.19045389,0.8095462
2034_tanzania-ceo,0.78795946,0.21204051
4893_geowiki-landcover-2017,0.66000915,0.33999085
3699_canada,0.19045675,0.80954325
625_croplands,0.32618868,0.6738113
429_kenya-non-crop,0.78797555,0.21202444
13148_geowiki-landcover-2017,0.6508274,0.34917265
4985_central-asia,0.19045378,0.80954623
35641_geowiki-landcover-2017,0.7879744,0.21202558
24265_geowiki-landcover-2017,0.49115533,0.5088447
371_canada,0.32618898,0.673811
34526_geowiki-landcover-2017,0.47313946,0.52686054
2451_geowiki-landcover-2017,0.7879754,0.21202464
3663_croplands,0.643636,0.35636407
13143_croplands,0.48544252,0.5145575
1997_tanzania-ceo,0.65082747,0.34917253
1907_ile-de-france,0.19045392,0.8095461
29074_geowiki-landcover-2017,0.32618922,0.6738108
1417_croplands,0.31053218,0.6894678
1547_reunion-france,0.787974,0.21202603
3481_ile-de-france,0.19045389,0.8095462
443_tanzania-rice-ecaas,0.7879753,0.21202467
570_togo,0.4933133,0.5066867
22163_geowiki-landcover-2017,0.4809988,0.5190012
1710_central-asia,0.1904542,0.80954576
3779_central-asia,0.19045451,0.8095455
606_reunion-france,0.6436345,0.35636556
1179_mali-helmets-labelling-crops,0.32118276,0.6788173
26421_geowiki-landcover-2017,0.64865303,0.35134697
32022_geowiki-landcover-2017,0.31930298,0.680697
918_martinique-france,0.65082747,0.34917253
3311_geowiki-landcover-2017,0.64362955,0.35637045
34005_geowiki-landcover-2017,0.31930187,0.68069816
187_lem-brazil,0.64363635,0.35636362
5498_geowiki-landcover-2017,0.6508277,0.34917226
14294_geowiki-landcover-2017,0.65082735,0.34917265
18152_geowiki-landcover-2017,0.47529352,0.5247065
4352_ile-de-france,0.4809988,0.5190012
146_sudan,0.64363444,0.35636556
2747_canada,0.19045395,0.8095461
763_geowiki-landcover-2017,0.7879749,0.21202512
1622_martinique-france,0.49331853,0.5066815
478_canada,0.4810003,0.51899964
3383_geowiki-landcover-2017,0.6436333,0.35636666
14828_geowiki-landcover-2017,0.78797495,0.21202508
3855_geowiki-landcover-2017,0.31053236,0.68946767
2492_ile-de-france,0.3105321,0.6894679
2439_central-asia,0.3261891,0.6738109
434_lem-brazil,0.78797466,0.21202536
981_germany,0.19045389,0.8095462
2428_ile-de-france,0.19045395,0.809546
6050_canada,0.3105322,0.6894677
3087_rwanda-ceo,0.78797567,0.21202435
25656_geowiki-landcover-2017,0.31053516,0.6894648
0_reunion-france,0.78797466,0.2120253
1070_rwanda-ceo,0.78797567,0.21202426
968_mali-helmets-labelling-crops,0.3211897,0.6788103
34782_geowiki-landcover-2017,0.47313967,0.52686036
1939_kenya-non-crop,0.65086716,0.3491328
2858_central-asia,0.19045947,0.8095405
5775_geowiki-landcover-2017,0.6488634,0.35113668
32239_geowiki-landcover-2017,0.4810003,0.51899964
752_central-asia,0.19047293,0.8095271
1756_germany,0.19045517,0.80954486
610_canada,0.32618883,0.67381114
811_togo,0.65087354,0.34912646
26842_geowiki-landcover-2017,0.32619023,0.67380977
24475_geowiki-landcover-2017,0.32618898,0.673811
3080_ile-de-france,0.19045451,0.8095455
35404_geowiki-landcover-2017,0.19047803,0.809522
452_togo,0.6508267,0.34917334
3737_geowiki-landcover-2017,0.49331656,0.50668347
24278_geowiki-landcover-2017,0.48099846,0.5190016
1694_reunion-france,0.65082794,0.34917206
68_sudan,0.7879689,0.21203107
1687_central-asia,0.19045395,0.809546
345_ile-de-france,0.32621613,0.6737839
1803_tanzania-ceo,0.65082747,0.34917253
3129_canada,0.31053087,0.6894691
852_lem-brazil,0.7879755,0.21202452
11497_geowiki-landcover-2017,0.6508276,0.3491724
3420_rwanda-ceo,0.7879754,0.21202463
5919_geowiki-landcover-2017,0.19045395,0.809546
3840_central-asia,0.19045833,0.80954164
2242_reunion-france,0.78797555,0.21202444
20434_geowiki-landcover-2017,0.6488634,0.35113668
84_mali,0.4752878,0.52471215
1330_martinique-france,0.65082717,0.34917286
1714_rwanda-ceo,0.78797567,0.2120243
1504_mali-helmets-labelling-crops,0.32118258,0.6788174
807_mali-helmets-labelling-crops,0.6508229,0.3491771
4369_canada,0.19045381,0.8095462
3427_geowiki-landcover-2017,0.32118213,0.67881787
11_rwanda-ceo,0.7879755,0.21202451
249_lem-brazil,0.6436343,0.3563657
1064_togo,0.65082824,0.34917176
1959_rwanda-ceo,0.7879754,0.21202458
706_central-asia,0.19045478,0.8095452
1485_croplands,0.19047372,0.80952626
34192_geowiki-landcover-2017,0.65083265,0.34916735
279_ile-de-france,0.480998,0.51900196
213_ile-de-france,0.32618904,0.67381096
1127_rwanda-ceo,0.78797555,0.21202445
27232_geowiki-landcover-2017,0.65082747,0.34917253
1322_canada,0.31053212,0.68946785
299_germany,0.3261891,0.67381096
2544_kenya-non-crop,0.78797525,0.21202473
1042_croplands,0.31053376,0.68946624
11043_croplands,0.7879751,0.2120249
11634_geowiki-landcover-2017,0.7879754,0.21202458
16613_geowiki-landcover-2017,0.6402292,0.35977077
15104_geowiki-landcover-2017,0.65084505,0.34915492
2164_central-asia,0.1904543,0.8095457
17692_geowiki-landcover-2017,0.64886343,0.3511365
22406_geowiki-landcover-2017,0.3105325,0.68946755
1129_central-asia,0.1904549,0.80954504
54_tanzania,0.7879756,0.21202436
2909_croplands,0.6436341,0.35636592
688_tanzania-rice-ecaas,0.66000634,0.33999363
10850_croplands,0.78797156,0.2120284
400_kenya-non-crop,0.7879658,0.21203427
3802_ile-de-france,0.19045399,0.809546
2453_ile-de-france,0.19045407,0.80954593
836_reunion-france,0.78797525,0.21202478
13204_geowiki-landcover-2017,0.7879753,0.21202467
6643_canada,0.31053254,0.6894675
25697_geowiki-landcover-2017,0.32618922,0.6738108
28110_geowiki-landcover-2017,0.4809994,0.5190006
3282_geowiki-landcover-2017,0.6600035,0.33999652
273_tanzania-ceo,0.6508272,0.34917277
1705_canada,0.1904591,0.8095409
18824_geowiki-landcover-2017,0.48099753,0.5190025
2627_geowiki-landcover-2017,0.4934518,0.5065482
1869_tanzania-ceo,0.78797567,0.21202435
30691_geowiki-landcover-2017,0.4809652,0.5190348
1527_ile-de-france,0.32302853,0.6769715
4424_croplands,0.6508283,0.34917167
4576_canada,0.19045381,0.8095462
1466_geowiki-landcover-2017,0.78797305,0.21202692
265_germany,0.32618898,0.6738111
82_lem-brazil,0.4854489,0.5145511
5274_geowiki-landcover-2017,0.6508273,0.3491727
6554_canada,0.48099864,0.5190013
3576_canada,0.19045389,0.8095462
143_togo,0.47529638,0.5247036
4617_ile-de-france,0.19045426,0.80954576
13637_geowiki-landcover-2017,0.5919395,0.4080605
7602_canada,0.32618988,0.6738101
6711_canada,0.32619047,0.6738095
23365_geowiki-landcover-2017,0.4911522,0.50884783
31382_geowiki-landcover-2017,0.49330968,0.5066903
1369_kenya-non-crop,0.48543984,0.51456016
3125_croplands,0.64363444,0.35636556
637_ethiopia,0.64363444,0.35636556
2048_central-asia,0.19045426,0.80954576
744_croplands,0.48099872,0.51900125
305_tanzania-rice-ecaas,0.48544455,0.51455545
29747_geowiki-landcover-2017,0.78797334,0.21202663
4851_central-asia,0.48100019,0.51899976
29256_geowiki-landcover-2017,0.19045378,0.80954623
29987_geowiki-landcover-2017,0.319299,0.68070096
32483_geowiki-landcover-2017,0.6488607,0.3511393
665_geowiki-landcover-2017,0.7879754,0.21202455
4497_croplands,0.47530112,0.52469885
11325_geowiki-landcover-2017,0.4933144,0.5066856
1116_canada,0.31053245,0.68946755
8192_geowiki-landcover-2017,0.475292,0.524708
3907_geowiki-landcover-2017,0.48099864,0.5190013
30952_geowiki-landcover-2017,0.47314936,0.52685064
16240_geowiki-landcover-2017,0.49115518,0.5088448
3921_ile-de-france,0.31053218,0.68946785
590_togo,0.32118237,0.67881763
2477_rwanda-ceo,0.7879758,0.21202423
670_croplands,0.47313976,0.52686024
2478_rwanda-ceo,0.78797567,0.2120243
6738_geowiki-landcover-2017,0.6436282,0.35637188
32131_geowiki-landcover-2017,0.31053212,0.68946785
82_tanzania-rice-ecaas,0.6436338,0.35636622
1799_tanzania-ceo,0.6508281,0.3491719
887_ile-de-france,0.19045389,0.8095462
1925_reunion-france,0.78797555,0.21202445
2152_geowiki-landcover-2017,0.6508284,0.34917155
28011_geowiki-landcover-2017,0.49115542,0.5088446
302_tanzania-ceo,0.7879754,0.21202455
756_rwanda-ceo,0.78797567,0.21202435
13857_croplands,0.6436343,0.35636565
6783_croplands,0.7879746,0.21202543
149_ile-de-france,0.19045389,0.8095462
1226_martinique-france,0.65082747,0.34917253
2310_martinique-france,0.6508275,0.34917244
649_central-asia,0.19045462,0.8095454
3710_ile-de-france,0.3105323,0.68946767
21388_geowiki-landcover-2017,0.49105462,0.5089454
316_martinique-france,0.65082747,0.34917253
1720_ile-de-france,0.19045399,0.809546
26718_geowiki-landcover-2017,0.47309807,0.52690196
23102_geowiki-landcover-2017,0.47564343,0.52435654
1470_mali-helmets-labelling-crops,0.32118276,0.6788173
758_canada,0.4809998,0.5190002
2431_reunion-france,0.65083045,0.34916955
5873_croplands,0.6437771,0.35622293
33724_geowiki-landcover-2017,0.6488618,0.35113814
33452_geowiki-landcover-2017,0.48099825,0.5190017
352_rwanda-ceo,0.7879756,0.2120244
17_uganda,0.643635,0.35636497
21372_geowiki-landcover-2017,0.475291,0.5247089
2031_central-asia,0.1904545,0.8095455
4098_canada,0.19045414,0.8095459
17716_geowiki-landcover-2017,0.64363194,0.3563681
1457_ile-de-france,0.19045389,0.8095462
2104_martinique-france,0.6508277,0.34917226
568_kenya-non-crop,0.7879758,0.21202423
16530_geowiki-landcover-2017,0.6501429,0.34985706
10866_geowiki-landcover-2017,0.32618943,0.67381054
34792_geowiki-landcover-2017,0.48099902,0.519001
4748_ile-de-france,0.19045392,0.8095461
18799_geowiki-landcover-2017,0.48099896,0.519001
1348_canada,0.31053218,0.6894678
9_tanzania-rice-ecaas,0.48543978,0.5145602
2578_central-asia,0.19045426,0.80954576
1808_central-asia,0.19045478,0.8095452
30655_geowiki-landcover-2017,0.31053212,0.68946785
4538_geowiki-landcover-2017,0.6600232,0.3399768
12547_croplands,0.65082765,0.34917235
484_rwanda-ceo,0.7879756,0.2120244
23928_geowiki-landcover-2017,0.31930307,0.6806969
21154_geowiki-landcover-2017,0.48100102,0.51899904
12550_geowiki-landcover-2017,0.31053331,0.68946666
796_mali-helmets-labelling-crops,0.32118267,0.6788174
481_togo,0.4752919,0.5247081
19_togo,0.32152462,0.6784754
708_ile-de-france,0.31052974,0.68947023
14480_geowiki-landcover-2017,0.64886343,0.35113654
1578_canada,0.31053326,0.6894667
28870_geowiki-landcover-2017,0.64358634,0.35641366
3602_canada,0.31053206,0.6894679
9316_geowiki-landcover-2017,0.32618946,0.6738105
31788_geowiki-landcover-2017,0.48100945,0.5189905
2081_canada,0.31053272,0.6894673
4256_central-asia,0.31930235,0.6806976
6279_canada,0.31053227,0.6894677
12103_geowiki-landcover-2017,0.4809574,0.5190426
134_mali-non-crop,0.32118332,0.67881674
4558_central-asia,0.3160581,0.68394196
13846_croplands,0.6599816,0.34001842
848_central-asia,0.491155,0.508845
1900_kenya-non-crop,0.78797567,0.21202435
10705_croplands,0.6436343,0.35636574
261_rwanda-ceo,0.78797567,0.21202435
512_mali-helmets-labelling-crops,0.32118675,0.6788132
10636_croplands,0.48544484,0.5145551
1014_germany,0.1904538,0.80954623
1509_central-asia,0.19045389,0.8095462
30101_geowiki-landcover-2017,0.32618803,0.67381203
5479_geowiki-landcover-2017,0.49331298,0.50668705
2464_canada,0.19045419,0.80954576
1422_geowiki-landcover-2017,0.31934047,0.68065953
16289_geowiki-landcover-2017,0.49115485,0.50884515
66_tanzania,0.64363706,0.35636294
302_lem-brazil,0.6436504,0.35634956
3354_geowiki-landcover-2017,0.3211911,0.67880887
3477_ile-de-france,0.19045381,0.8095462
918_ile-de-france,0.19045404,0.809546
4335_ile-de-france,0.3261884,0.6738117
7891_canada,0.32619345,0.67380655
20415_geowiki-landcover-2017,0.4909506,0.5090494
926_ile-de-france,0.19045387,0.8095462
815_central-asia,0.19045499,0.809545
5681_geowiki-landcover-2017,0.6508269,0.34917307
13450_geowiki-landcover-2017,0.65082586,0.3491741
12061_geowiki-landcover-2017,0.47529298,0.524707
1522_tanzania-ceo,0.6436323,0.35636774
2387_kenya-non-crop,0.7879754,0.21202463
6652_canada,0.31053302,0.68946695
4758_ile-de-france,0.19045399,0.809546
1812_canada,0.48099548,0.5190045
609_mali-helmets-labelling-crops,0.32118234,0.67881763
3374_canada,0.4809847,0.5190153
2067_martinique-france,0.6508275,0.34917244
3732_croplands,0.7879754,0.21202463
2938_geowiki-landcover-2017,0.4854392,0.51456076
33381_geowiki-landcover-2017,0.32618922,0.6738108
485_tanzania-rice-ecaas,0.660008,0.33999205
20024_geowiki-landcover-2017,0.64886326,0.35113674
353_mali-helmets-labelling-crops,0.47529286,0.52470714
2087_central-asia,0.19045454,0.80954546
638_mali-helmets-labelling-crops,0.3211828,0.67881715
1105_croplands,0.65082717,0.34917286
4331_croplands,0.47529188,0.52470815
2533_ile-de-france,0.19045387,0.8095462
979_kenya-non-crop,0.78797585,0.21202418
6577_canada,0.19047017,0.80952984
787_rwanda-ceo,0.64363456,0.35636538
2841_canada,0.49115303,0.508847
10052_croplands,0.6436319,0.35636812
81_mali-helmets-labelling-crops,0.3211823,0.6788177
527_geowiki-landcover-2017,0.49332842,0.50667155
7563_canada,0.3105323,0.68946767
2046_canada,0.32618877,0.6738112
952_geowiki-landcover-2017,0.66000897,0.339991
2227_rwanda-ceo,0.78797525,0.2120247
1830_rwanda-ceo,0.78797567,0.2120243
498_ile-de-france,0.19045392,0.8095461
3827_ile-de-france,0.32618988,0.6738101
12933_geowiki-landcover-2017,0.47313964,0.52686036
4450_geowiki-landcover-2017,0.64886343,0.3511366
7389_geowiki-landcover-2017,0.78797555,0.21202444
620_tanzania-ceo,0.6600126,0.3399874
247_ile-de-france,0.32618964,0.67381036
5954_canada,0.31930274,0.68069726
1204_tanzania-ceo,0.6600237,0.33997628
9933_croplands,0.48544264,0.5145574
34841_geowiki-landcover-2017,0.6508271,0.34917295
35245_geowiki-landcover-2017,0.48100403,0.51899594
5435_ile-de-france,0.19045426,0.80954576
28884_geowiki-landcover-2017,0.31053236,0.68946767
20295_geowiki-landcover-2017,0.49115497,0.5088451
10050_croplands,0.64363253,0.3563675
1638_rwanda-ceo,0.7879756,0.2120244
1332_rwanda-ceo,0.78797466,0.21202534
24739_geowiki-landcover-2017,0.64886355,0.35113645
200_central-asia,0.19045557,0.80954444
31845_geowiki-landcover-2017,0.3105322,0.6894677
24110_geowiki-landcover-2017,0.65082693,0.34917307
7962_geowiki-landcover-2017,0.6508276,0.3491724
455_geowiki-landcover-2017,0.66000926,0.3399907
5110_ile-de-france,0.48095375,0.5190462
575_central-asia,0.19045624,0.8095437
10900_geowiki-landcover-2017,0.49331224,0.50668776
32063_geowiki-landcover-2017,0.65082705,0.34917295
2782_canada,0.31053215,0.68946785
2840_rwanda-ceo,0.7879755,0.21202452
916_canada,0.19047101,0.80952895
642_martinique-france,0.6508275,0.34917244
4569_central-asia,0.3192826,0.6807174
11099_geowiki-landcover-2017,0.493307,0.506693
12857_croplands,0.47529376,0.52470624
996_canada,0.31053177,0.68946826
5670_canada,0.19045381,0.8095462
1128_mali-helmets-labelling-crops,0.49331203,0.506688
3244_ile-de-france,0.19045399,0.809546
816_germany,0.32618985,0.6738102
1447_canada,0.48101208,0.51898795
3659_central-asia,0.19045399,0.809546
1807_central-asia,0.19045392,0.8095461
23336_geowiki-landcover-2017,0.48097256,0.5190274
540_geowiki-landcover-2017,0.66001236,0.3399876
22509_geowiki-landcover-2017,0.6508276,0.3491724
23892_geowiki-landcover-2017,0.31053048,0.6894695
4694_geowiki-landcover-2017,0.78797555,0.21202444
5366_ile-de-france,0.19045387,0.8095462
23_mali-non-crop,0.6507133,0.34928665
282_ethiopia,0.64887834,0.35112163
738_martinique-france,0.65082735,0.34917265
5465_ile-de-france,0.19045387,0.8095462
749_lem-brazil,0.78797495,0.21202509
28225_geowiki-landcover-2017,0.47529313,0.5247069
5367_canada,0.19045524,0.80954474
2108_rwanda-ceo,0.7879756,0.2120244
2184_canada,0.48048165,0.5195183
19220_geowiki-landcover-2017,0.48100358,0.51899636
12383_geowiki-landcover-2017,0.64886355,0.35113642
69_reunion-france,0.7879755,0.21202455
31459_geowiki-landcover-2017,0.47313944,0.52686054
7468_canada,0.48099825,0.5190018
2869_geowiki-landcover-2017,0.6508274,0.3491726
20951_geowiki-landcover-2017,0.4911541,0.5088459
1511_germany,0.32619008,0.6738099
2202_central-asia,0.19045427,0.8095457
6760_croplands,0.48544025,0.51455975
3492_geowiki-landcover-2017,0.4753199,0.52468014
24479_geowiki-landcover-2017,0.32618892,0.6738111
14150_croplands,0.7879615,0.21203847
9506_geowiki-landcover-2017,0.64363414,0.35636586
476_mali-helmets-labelling-crops,0.47524363,0.52475643
22937_geowiki-landcover-2017,0.6488737,0.35112625
21774_geowiki-landcover-2017,0.47314027,0.52685976
604_tanzania-ceo,0.6508276,0.34917244
1912_reunion-france,0.78797555,0.21202444
35792_geowiki-landcover-2017,0.48543918,0.5145608
24749_geowiki-landcover-2017,0.6488628,0.35113728
2866_canada,0.47529238,0.52470756
4322_central-asia,0.47313553,0.5268645
3794_canada,0.19045392,0.8095461
257_tanzania-ceo,0.49332038,0.5066796
8169_geowiki-landcover-2017,0.47313696,0.52686304
352_tanzania-rice-ecaas,0.64347804,0.35652196
32473_geowiki-landcover-2017,0.32618806,0.673812
535_tanzania-rice-ecaas,0.787975,0.21202497
3973_ile-de-france,0.3261893,0.67381066
8033_geowiki-landcover-2017,0.6508278,0.3491722
24058_geowiki-landcover-2017,0.32118335,0.6788167
2051_central-asia,0.1904542,0.80954576
12081_geowiki-landcover-2017,0.6436337,0.3563663
3945_canada,0.31053218,0.6894678
1773_geowiki-landcover-2017,0.6508273,0.34917268
4522_croplands,0.6508285,0.34917155
721_mali-helmets-labelling-crops,0.47529283,0.5247072
20575_geowiki-landcover-2017,0.4911543,0.5088457
12928_geowiki-landcover-2017,0.49331552,0.5066845
34170_geowiki-landcover-2017,0.4731513,0.52684873
2839_ile-de-france,0.3105365,0.68946344
3668_canada,0.31053233,0.68946767
35328_geowiki-landcover-2017,0.49115446,0.5088455
10430_geowiki-landcover-2017,0.48099878,0.51900125
535_central-asia,0.19045578,0.8095442
3818_geowiki-landcover-2017,0.4809989,0.51900107
29354_geowiki-landcover-2017,0.3261891,0.6738109
2155_kenya-non-crop,0.7879756,0.2120244
5851_geowiki-landcover-2017,0.6488634,0.35113668
1047_martinique-france,0.6508275,0.34917244
27608_geowiki-landcover-2017,0.4809984,0.5190016
29518_geowiki-landcover-2017,0.31050396,0.6894961
2920_rwanda-ceo,0.78797567,0.2120243
998_martinique-france,0.47531104,0.524689
7869_canada,0.3261891,0.6738109
28379_geowiki-landcover-2017,0.6508273,0.3491727
3381_central-asia,0.31053254,0.6894675
29982_geowiki-landcover-2017,0.32618943,0.67381054
16383_geowiki-landcover-2017,0.65082747,0.34917253
5127_ile-de-france,0.3105331,0.6894669
4472_ile-de-france,0.1904539,0.8095461
1687_reunion-france,0.65082735,0.34917265
434_central-asia,0.1904565,0.8095435
3109_ile-de-france,0.19045414,0.8095459
7083_geowiki-landcover-2017,0.31930304,0.68069696
3082_geowiki-landcover-2017,0.4752918,0.5247082
895_martinique-france,0.65082747,0.34917247
109_mali,0.47529554,0.52470446
1815_reunion-france,0.66000885,0.33999115
11624_croplands,0.6508273,0.34917274
1215_central-asia,0.19045395,0.809546
2721_rwanda-ceo,0.78797567,0.21202426
996_rwanda-ceo,0.78797406,0.21202588
3630_geowiki-landcover-2017,0.6508276,0.3491724
450_ethiopia,0.48544016,0.5145598
646_ile-de-france,0.19045389,0.8095462
18741_geowiki-landcover-2017,0.4752916,0.52470833
1111_martinique-france,0.6508283,0.34917173
2145_kenya-non-crop,0.78797567,0.21202426
2970_ile-de-france,0.19045387,0.8095462
4156_croplands,0.6508275,0.34917244
28857_geowiki-landcover-2017,0.31053218,0.68946785
15767_geowiki-landcover-2017,0.64886296,0.35113704
483_croplands,0.6508278,0.34917217
11083_geowiki-landcover-2017,0.4731756,0.5268244
1489_germany,0.32618746,0.67381257
29909_geowiki-landcover-2017,0.3105323,0.68946767
725_lem-brazil,0.78797555,0.21202445
4501_ile-de-france,0.31050202,0.68949795
1764_canada,0.19045407,0.80954593
30277_geowiki-landcover-2017,0.19045366,0.8095463
14238_geowiki-landcover-2017,0.64363664,0.3563634
6921_geowiki-landcover-2017,0.19045378,0.80954623
1365_reunion-france,0.78791034,0.21208963
1386_tanzania-ceo,0.7879756,0.2120244
25607_geowiki-landcover-2017,0.32620427,0.67379576
267_sudan,0.78796786,0.2120322
31796_geowiki-landcover-2017,0.32618967,0.67381036
29820_geowiki-landcover-2017,0.650827,0.34917304
35650_geowiki-landcover-2017,0.6436339,0.3563661
2496_kenya-non-crop,0.6504824,0.34951755
25592_geowiki-landcover-2017,0.32618976,0.6738103
17697_geowiki-landcover-2017,0.49115473,0.5088453
13210_geowiki-landcover-2017,0.6508277,0.3491723
9192_croplands,0.47529238,0.52470756
587_geowiki-landcover-2017,0.6436338,0.35636616
17046_geowiki-landcover-2017,0.7877183,0.2122817
3458_rwanda-ceo,0.78797555,0.21202445
6669_canada,0.19045457,0.80954546
5671_ile-de-france,0.19045466,0.8095454
708_germany,0.4809949,0.5190051
341_mali-helmets-labelling-crops,0.4752923,0.5247077
62_croplands,0.64886296,0.35113704
34591_geowiki-landcover-2017,0.48099923,0.51900077
555_ile-de-france,0.3261893,0.6738107
2788_geowiki-landcover-2017,0.49331936,0.5066806
3364_canada,0.19045395,0.8095461
5255_geowiki-landcover-2017,0.65082717,0.34917286
14035_geowiki-landcover-2017,0.6488492,0.3511508
1277_germany,0.3261891,0.6738109
470_reunion-france,0.78797555,0.21202444
4922_central-asia,0.19045378,0.80954623
29226_geowiki-landcover-2017,0.32618394,0.6738161
1015_martinique-france,0.6508285,0.3491715
26795_geowiki-landcover-2017,0.32619023,0.67380977
2386_tanzania-ceo,0.65999854,0.34000143
3381_rwanda-ceo,0.78797567,0.21202435
26951_geowiki-landcover-2017,0.47318676,0.5268132
163_mali-helmets-labelling-crops,0.47529227,0.52470773
1156_ile-de-france,0.3261904,0.6738095
26631_geowiki-landcover-2017,0.3261993,0.6738007
2335_rwanda-ceo,0.7879756,0.21202436
2413_kenya-non-crop,0.650828,0.34917203
86_mali-helmets-labelling-crops,0.47514158,0.5248585
1205_ile-de-france,0.48099664,0.5190034
1086_mali-helmets-labelling-crops,0.4752385,0.52476156
1554_germany,0.3261986,0.6738014
1331_mali-helmets-labelling-crops,0.32118636,0.67881364
17826_geowiki-landcover-2017,0.19045816,0.8095419
33999_geowiki-landcover-2017,0.31930295,0.6806971
3003_canada,0.48100838,0.51899165
35603_geowiki-landcover-2017,0.6508274,0.3491726
25405_geowiki-landcover-2017,0.3261897,0.6738103
1800_tanzania-ceo,0.6436348,0.35636517
5746_ile-de-france,0.19045399,0.809546
26607_geowiki-landcover-2017,0.32618943,0.6738106
2108_kenya-non-crop,0.7879756,0.2120244
20886_geowiki-landcover-2017,0.78797483,0.21202515
8203_geowiki-landcover-2017,0.65082765,0.34917235
598_martinique-france,0.65082747,0.34917256
13269_geowiki-landcover-2017,0.6508282,0.3491718
135_germany,0.19045392,0.8095461
33413_geowiki-landcover-2017,0.32618946,0.6738105
13562_croplands,0.65082496,0.34917507
1947_germany,0.19045386,0.8095462
719_ethiopia,0.78789264,0.21210738
6563_canada,0.48099867,0.5190013
837_togo,0.65084505,0.34915498
111_sudan,0.32117784,0.6788221
176_mali-helmets-labelling-crops,0.47529626,0.52470374
444_germany,0.3105321,0.6894679
13738_croplands,0.32118252,0.6788175
2411_ile-de-france,0.31053224,0.6894677
3117_geowiki-landcover-2017,0.49331185,0.5066882
3088_central-asia,0.19045687,0.80954313
4943_central-asia,0.19045378,0.80954623
5763_croplands,0.7879566,0.21204337
6038_canada,0.31053162,0.6894684
24168_geowiki-landcover-2017,0.65082675,0.34917325
1019_rwanda-ceo,0.78797567,0.21202435
794_tanzania-rice-ecaas,0.4854416,0.51455843
18108_geowiki-landcover-2017,0.4809994,0.5190006
6072_ile-de-france,0.19045395,0.809546
29638_geowiki-landcover-2017,0.19045399,0.809546
3002_croplands,0.7879755,0.21202451
1485_kenya-non-crop,0.78797555,0.21202444
224_ethiopia,0.6436335,0.35636654
20874_geowiki-landcover-2017,0.4911544,0.5088456
950_canada,0.19045621,0.80954385
1689_reunion-france,0.65082735,0.34917265
1271_rwanda-ceo,0.78797567,0.21202435
3873_ile-de-france,0.19045392,0.8095461
1855_tanzania-ceo,0.78797305,0.21202697
9846_croplands,0.6436345,0.35636547
2226_ile-de-france,0.32618916,0.67381084
10279_geowiki-landcover-2017,0.47314423,0.52685577
272_rwanda-ceo,0.7879754,0.21202458
17415_geowiki-landcover-2017,0.78797555,0.21202445
1741_germany,0.19045414,0.8095459
1705_kenya-non-crop,0.78797567,0.2120243
176_central-asia,0.19045545,0.8095445
871_canada,0.31053224,0.6894677
10192_geowiki-landcover-2017,0.6508303,0.34916967
1900_canada,0.4809858,0.51901424
5920_canada,0.19045414,0.8095459
1413_mali-helmets-labelling-crops,0.32118288,0.6788171
19038_geowiki-landcover-2017,0.6488633,0.35113668
3850_geowiki-landcover-2017,0.4809992,0.5190008
2031_martinique-france,0.65082747,0.34917253
63_rwanda-ceo,0.78797567,0.2120243
8978_geowiki-landcover-2017,0.6508276,0.3491724
559_tanzania-ceo,0.65082747,0.34917253
11336_geowiki-landcover-2017,0.6508276,0.34917244
3093_ile-de-france,0.19045395,0.809546
3797_geowiki-landcover-2017,0.650829,0.34917104
4115_central-asia,0.310529,0.689471
953_reunion-france,0.6508275,0.34917244
3744_canada,0.31053203,0.68946797
9958_geowiki-landcover-2017,0.6488634,0.35113668
3724_central-asia,0.1904541,0.8095459
1455_mali-helmets-labelling-crops,0.32118255,0.67881745
34550_geowiki-landcover-2017,0.31053317,0.68946683
6841_geowiki-landcover-2017,0.19045466,0.8095454
397_ethiopia,0.6436334,0.35636654
11047_croplands,0.6436331,0.35636684
2127_canada,0.48099917,0.5190008
9727_geowiki-landcover-2017,0.4911549,0.50884515
25195_geowiki-landcover-2017,0.65082914,0.34917083
2305_canada,0.3261929,0.67380714
4144_central-asia,0.31926233,0.6807377
1168_rwanda-ceo,0.7879756,0.2120244
4942_central-asia,0.19045374,0.80954623
3451_central-asia,0.31053254,0.6894675
4809_ile-de-france,0.19045395,0.8095461
1487_germany,0.3261891,0.67381096
9304_geowiki-landcover-2017,0.47313845,0.5268616
538_central-asia,0.19045569,0.80954427
7022_geowiki-landcover-2017,0.31053188,0.6894681
237_sudan,0.6508281,0.34917194
12842_croplands,0.47529626,0.52470374
2659_rwanda-ceo,0.78797555,0.21202444
1070_reunion-france,0.7879755,0.21202451
20191_geowiki-landcover-2017,0.48099825,0.5190017
1814_rwanda-ceo,0.78797567,0.21202435
1656_martinique-france,0.6508266,0.34917337
1691_ile-de-france,0.19045392,0.8095461
577_tanzania-rice-ecaas,0.48543963,0.51456034
5955_canada,0.19045378,0.80954623
11164_geowiki-landcover-2017,0.64363825,0.35636175
10571_geowiki-landcover-2017,0.48099917,0.5190008
9845_croplands,0.6436341,0.35636592
287_canada,0.3261892,0.67381084
2018_germany,0.48099765,0.5190024
2211_kenya-non-crop,0.7879751,0.2120249
28092_geowiki-landcover-2017,0.49115285,0.5088472
152_kenya-non-crop,0.78797567,0.2120243
13458_croplands,0.47640646,0.5235936
2159_central-asia,0.19045426,0.80954576
2214_rwanda-ceo,0.7879755,0.21202451
3986_central-asia,0.31053248,0.68946755
628_canada,0.4809986,0.51900136
23511_geowiki-landcover-2017,0.3193026,0.6806974
32936_geowiki-landcover-2017,0.4752933,0.5247067
5161_canada,0.19045383,0.8095462
1856_ile-de-france,0.19045389,0.8095462
319_germany,0.32618865,0.6738113
2400_central-asia,0.19045438,0.80954564
33763_geowiki-landcover-2017,0.3261891,0.67381096
16960_geowiki-landcover-2017,0.7879754,0.21202458
6908_canada,0.31053218,0.6894678
1360_kenya-non-crop,0.7878777,0.21212225
4934_central-asia,0.19045378,0.80954623
21464_geowiki-landcover-2017,0.49115792,0.50884205
936_togo,0.6508288,0.34917116
4847_canada,0.3105324,0.68946767
6124_geowiki-landcover-2017,0.32619557,0.67380446
545_martinique-france,0.6508275,0.34917244
2346_rwanda-ceo,0.78797525,0.2120247
4678_central-asia,0.31053331,0.68946666
135_tanzania,0.78797454,0.21202546
81_ethiopia,0.4731564,0.5268436
8131_geowiki-landcover-2017,0.6508276,0.34917244
81_ile-de-france,0.48099518,0.5190048
1033_kenya-non-crop,0.78797567,0.2120243
35020_geowiki-landcover-2017,0.49115485,0.50884515
27936_geowiki-landcover-2017,0.6508273,0.34917268
2549_kenya-non-crop,0.7879754,0.21202458
709_kenya-non-crop,0.78797555,0.21202445
2583_kenya-non-crop,0.78797525,0.21202475
883_central-asia,0.19046605,0.80953395
1808_martinique-france,0.65082747,0.34917253
24828_geowiki-landcover-2017,0.6508269,0.34917316
2587_central-asia,0.31053066,0.68946934
19106_geowiki-landcover-2017,0.4731422,0.5268578
585_central-asia,0.19045499,0.809545
1688_geowiki-landcover-2017,0.49331295,0.50668705
1666_canada,0.32618877,0.6738112
18065_geowiki-landcover-2017,0.31932405,0.6806759
4014_canada,0.326189,0.673811
447_croplands,0.47529262,0.5247074
34531_geowiki-landcover-2017,0.326189,0.673811
174_sudan,0.32118353,0.6788165
522_reunion-france,0.78797567,0.21202435
2054_martinique-france,0.6508364,0.3491636
7623_geowiki-landcover-2017,0.65082747,0.34917256
3650_canada,0.19045399,0.809546
1177_tanzania-ceo,0.7879758,0.21202421
1730_rwanda-ceo,0.66000915,0.33999088
5082_ile-de-france,0.19045454,0.80954546
6445_geowiki-landcover-2017,0.32618916,0.67381084
949_togo,0.65082747,0.34917247
6758_canada,0.19045585,0.80954415
10220_croplands,0.78797394,0.21202606
500_tanzania-ceo,0.6508273,0.34917274
12597_croplands,0.47529203,0.524708
29488_geowiki-landcover-2017,0.19045499,0.809545
6842_canada,0.493312,0.506688
31171_geowiki-landcover-2017,0.47529787,0.52470213
25838_geowiki-landcover-2017,0.64885783,0.35114214
21583_geowiki-landcover-2017,0.32618937,0.6738106
28877_geowiki-landcover-2017,0.3261886,0.6738114
2326_rwanda-ceo,0.7879754,0.21202464
4578_central-asia,0.31926382,0.6807361
281_sudan,0.78797007,0.21202998
1631_martinique-france,0.651007,0.348993
1887_geowiki-landcover-2017,0.6508367,0.34916326
607_kenya-non-crop,0.78797567,0.21202435
33316_geowiki-landcover-2017,0.1904575,0.8095425
33057_geowiki-landcover-2017,0.65082175,0.34917822
4728_central-asia,0.19045399,0.809546
12578_croplands,0.47529194,0.52470803
1_mali,0.6508267,0.34917334
3047_canada,0.48099968,0.51900035
1159_canada,0.48099878,0.51900125
9656_geowiki-landcover-2017,0.6488639,0.3511361
4565_central-asia,0.31929156,0.6807084
4931_geowiki-landcover-2017,0.6488634,0.35113668
4164_croplands,0.6508276,0.34917235
4258_ile-de-france,0.1904539,0.8095461
3824_canada,0.19045395,0.809546
31657_geowiki-landcover-2017,0.4935822,0.5064179
232_ile-de-france,0.4809937,0.5190063
10035_croplands,0.6436344,0.35636565
1451_central-asia,0.1904539,0.8095461
11542_geowiki-landcover-2017,0.78797567,0.21202435
935_togo,0.650826,0.34917402
4689_geowiki-landcover-2017,0.3193031,0.6806969
34318_geowiki-landcover-2017,0.65082735,0.34917265
1786_canada,0.31053343,0.68946654
2225_geowiki-landcover-2017,0.6508284,0.3491716
3599_canada,0.19045378,0.80954623
1266_mali-helmets-labelling-crops,0.32119375,0.67880625
62_reunion-france,0.7879751,0.21202494
569_ile-de-france,0.32618803,0.673812
843_rwanda-ceo,0.78797567,0.2120243
5867_geowiki-landcover-2017,0.32618952,0.6738105
3395_rwanda-ceo,0.7879754,0.21202455
603_martinique-france,0.6508275,0.34917244
7260_geowiki-landcover-2017,0.19045436,0.80954564
1085_tanzania-ceo,0.65083015,0.34916988
26450_geowiki-landcover-2017,0.32618895,0.6738111
2404_ile-de-france,0.3105323,0.68946767
2927_central-asia,0.31059253,0.68940747
35229_geowiki-landcover-2017,0.64886045,0.35113955
2699_ile-de-france,0.48099852,0.5190015
2208_central-asia,0.1904543,0.8095457
6755_canada,0.32621196,0.6737881
2318_rwanda-ceo,0.7879755,0.21202451
8390_geowiki-landcover-2017,0.64363086,0.35636914
4073_geowiki-landcover-2017,0.47313994,0.52686006
5959_ile-de-france,0.32894883,0.67105114
30598_geowiki-landcover-2017,0.48099908,0.5190009
20518_geowiki-landcover-2017,0.32618892,0.6738111
3280_ile-de-france,0.19045383,0.8095462
2179_reunion-france,0.6508202,0.3491798
4303_ile-de-france,0.48098117,0.5190188
5003_central-asia,0.1904538,0.80954623
140_tanzania,0.78797424,0.21202575
2043_canada,0.32618508,0.67381495
24069_geowiki-landcover-2017,0.78797483,0.21202517
2430_kenya-non-crop,0.6508324,0.34916762
602_rwanda-ceo,0.7879758,0.21202423
1729_germany,0.3261893,0.6738107
308_tanzania-ceo,0.66000384,0.3399961
6041_canada,0.31053168,0.6894683
1459_croplands,0.19045381,0.8095462
10696_croplands,0.6436372,0.3563628
19754_geowiki-landcover-2017,0.64886296,0.35113704
18893_geowiki-landcover-2017,0.48099878,0.51900125
4562_canada,0.19045374,0.80954623
125_reunion-france,0.78797567,0.21202435
4959_central-asia,0.19045378,0.80954623
1286_kenya-non-crop,0.7879756,0.2120244
6_germany,0.31053206,0.68946797
1959_germany,0.19045399,0.809546
2648_central-asia,0.19045976,0.8095402
10324_geowiki-landcover-2017,0.4731397,0.5268603
21992_geowiki-landcover-2017,0.65082884,0.34917113
991_tanzania-ceo,0.48545292,0.51454705
61_lem-brazil,0.7879754,0.21202458
9822_geowiki-landcover-2017,0.49331406,0.5066859
17107_geowiki-landcover-2017,0.4731397,0.5268603
504_togo,0.32118484,0.6788151
3547_central-asia,0.31053272,0.6894673
703_canada,0.19045503,0.809545
13897_geowiki-landcover-2017,0.4731537,0.5268463
3665_geowiki-landcover-2017,0.49331886,0.50668114
1289_canada,0.31053182,0.6894682
3853_canada,0.1904538,0.80954623
3660_ile-de-france,0.19045402,0.809546
664_lem-brazil,0.7879755,0.21202455
768_croplands,0.3261875,0.6738125
7111_geowiki-landcover-2017,0.6488629,0.3511371
494_central-asia,0.19045985,0.80954015
17195_geowiki-landcover-2017,0.6508273,0.34917274
2525_rwanda-ceo,0.7879754,0.21202458
276_tanzania,0.78797036,0.2120296
4433_croplands,0.6508262,0.34917375
574_martinique-france,0.6508295,0.34917054
21411_geowiki-landcover-2017,0.3105326,0.68946743
34951_geowiki-landcover-2017,0.49331278,0.5066873
20058_geowiki-landcover-2017,0.4810056,0.5189944
10932_geowiki-landcover-2017,0.6508277,0.3491723
973_reunion-france,0.65082747,0.34917253
7285_geowiki-landcover-2017,0.6436343,0.35636574
500_reunion-france,0.7879723,0.21202773
33849_geowiki-landcover-2017,0.310534,0.689466
28456_geowiki-landcover-2017,0.6508276,0.3491724
641_ethiopia,0.78797495,0.21202509
2039_geowiki-landcover-2017,0.65082747,0.34917256
2432_kenya-non-crop,0.650834,0.349166
3318_canada,0.19045462,0.8095454
745_lem-brazil,0.6436351,0.3563649
1638_martinique-france,0.65082747,0.34917253
1794_kenya-non-crop,0.7879755,0.21202451
4008_canada,0.3261921,0.6738079
789_croplands,0.47529703,0.52470297
2573_geowiki-landcover-2017,0.48543796,0.514562
10271_geowiki-landcover-2017,0.7879754,0.21202455
28193_geowiki-landcover-2017,0.49331185,0.5066882
2338_reunion-france,0.78795666,0.21204334
4772_geowiki-landcover-2017,0.65082765,0.34917235
25414_geowiki-landcover-2017,0.3193021,0.6806979
41_lem-brazil,0.787953,0.21204694
2963_ile-de-france,0.19045408,0.80954593
828_mali-helmets-labelling-crops,0.32118243,0.67881763
17841_geowiki-landcover-2017,0.78797525,0.21202478
14045_geowiki-landcover-2017,0.49115473,0.5088453
11639_croplands,0.4752634,0.5247366
17817_geowiki-landcover-2017,0.4911543,0.5088457
12263_geowiki-landcover-2017,0.32621226,0.6737878
46_mali-non-crop,0.49331418,0.5066858
2959_geowiki-landcover-2017,0.49331295,0.50668705
10083_croplands,0.6450505,0.35494947
27_uganda,0.64363515,0.35636485
1617_canada,0.31053218,0.68946785
2161_kenya-non-crop,0.4854432,0.51455677
1386_rwanda-ceo,0.78797567,0.21202426
5485_geowiki-landcover-2017,0.4812126,0.51878744
2666_canada,0.31052667,0.68947333
5664_ile-de-france,0.19045399,0.809546
1457_rwanda-ceo,0.78797525,0.2120248
31175_geowiki-landcover-2017,0.6508268,0.34917322
4227_geowiki-landcover-2017,0.64886343,0.3511365
2232_central-asia,0.19045433,0.8095457
30740_geowiki-landcover-2017,0.31053698,0.6894631
2327_geowiki-landcover-2017,0.78797495,0.21202502
12253_geowiki-landcover-2017,0.6488634,0.3511366
1583_central-asia,0.32618153,0.6738185
22832_geowiki-landcover-2017,0.491154,0.50884604
32005_geowiki-landcover-2017,0.47313976,0.5268602
156_mali-helmets-labelling-crops,0.32124537,0.6787547
18551_geowiki-landcover-2017,0.6508277,0.34917235
21706_geowiki-landcover-2017,0.31054735,0.6894527
5794_geowiki-landcover-2017,0.6508274,0.3491726
1957_rwanda-ceo,0.78797555,0.21202444
11591_geowiki-landcover-2017,0.78797555,0.21202444
1438_central-asia,0.1904539,0.8095461
1695_tanzania-ceo,0.78797555,0.21202445
405_tanzania-rice-ecaas,0.6436317,0.35636824
2381_geowiki-landcover-2017,0.65089524,0.3491047
1524_kenya-non-crop,0.65082747,0.3491725
6157_geowiki-landcover-2017,0.49115333,0.50884664
2440_rwanda-ceo,0.78797555,0.21202445
203_sudan,0.3211828,0.67881715
17409_geowiki-landcover-2017,0.64886355,0.35113645
1579_reunion-france,0.660009,0.33999094
120_uganda,0.48544112,0.5145589
4589_croplands,0.64362204,0.356378
358_mali-helmets-labelling-crops,0.6508234,0.3491766
155_tanzania-rice-ecaas,0.6436204,0.35637963
2337_ile-de-france,0.1904539,0.8095461
329_croplands,0.6508271,0.34917286
2037_germany,0.19045375,0.80954623
23559_geowiki-landcover-2017,0.64363444,0.35636556
14311_geowiki-landcover-2017,0.64886373,0.3511363
3310_ile-de-france,0.19045387,0.8095462
13993_geowiki-landcover-2017,0.78797483,0.21202515
2025_ile-de-france,0.19045399,0.809546
1256_central-asia,0.19045387,0.8095462
421_rwanda-ceo,0.78797567,0.21202426
3666_canada,0.3105324,0.68946767
34859_geowiki-landcover-2017,0.48100144,0.51899856
35_zimbabwe,0.6490931,0.35090685
1780_reunion-france,0.78797334,0.21202666
1876_kenya-non-crop,0.7879756,0.21202436
2517_canada,0.32619068,0.67380935
10165_geowiki-landcover-2017,0.6508278,0.34917215
5636_ile-de-france,0.32618788,0.67381215
29898_geowiki-landcover-2017,0.4752957,0.52470434
4784_central-asia,0.19045378,0.80954623
1782_kenya-non-crop,0.64363587,0.35636416
1531_martinique-france,0.6508279,0.34917206
3584_central-asia,0.3105325,0.68946755
4995_canada,0.31053323,0.6894668
13976_geowiki-landcover-2017,0.32618853,0.6738115
390_martinique-france,0.6508277,0.3491723
1920_tanzania-ceo,0.78797525,0.2120247
2111_central-asia,0.32616153,0.67383844
1331_central-asia,0.32618922,0.6738108
5_germany,0.31053215,0.68946785
2265_tanzania-ceo,0.7879514,0.21204863
30872_geowiki-landcover-2017,0.49115354,0.50884646
2027_tanzania-ceo,0.78797555,0.21202445
27321_geowiki-landcover-2017,0.31053147,0.68946856
66_mali-helmets-labelling-crops,0.32118368,0.67881626
3696_ile-de-france,0.19045395,0.809546
393_central-asia,0.19045472,0.8095452
21141_geowiki-landcover-2017,0.4731396,0.5268604
2504_ile-de-france,0.3105317,0.6894683
4124_ile-de-france,0.3261786,0.67382133
16822_geowiki-landcover-2017,0.65082765,0.34917235
5476_canada,0.31053042,0.6894696
383_tanzania-rice-ecaas,0.78797275,0.21202722
1520_central-asia,0.19045404,0.809546
16014_geowiki-landcover-2017,0.64886254,0.35113746
31494_geowiki-landcover-2017,0.78797364,0.21202643
1035_central-asia,0.19045462,0.8095454
10101_geowiki-landcover-2017,0.65082264,0.34917736
5293_ile-de-france,0.19045387,0.8095462
28419_geowiki-landcover-2017,0.4752917,0.5247083
5979_canada,0.3105324,0.68946767
34658_geowiki-landcover-2017,0.48098823,0.51901174
3281_ile-de-france,0.19045381,0.8095462
1078_central-asia,0.19045392,0.8095461
2869_rwanda-ceo,0.7879756,0.2120244
967_rwanda-ceo,0.78797567,0.21202426
2788_central-asia,0.19045794,0.8095421
30281_geowiki-landcover-2017,0.64363456,0.35636544
32813_geowiki-landcover-2017,0.19045387,0.8095462
2999_rwanda-ceo,0.78797555,0.21202445
5499_geowiki-landcover-2017,0.6488625,0.35113758
30646_geowiki-landcover-2017,0.64886326,0.3511367
901_togo,0.49331173,0.50668824
3102_croplands,0.6436343,0.3563657
3476_geowiki-landcover-2017,0.6508277,0.3491723
10105_geowiki-landcover-2017,0.31924656,0.6807534
154_ethiopia,0.47315633,0.52684367
2473_central-asia,0.19045457,0.8095454
2629_geowiki-landcover-2017,0.65080637,0.34919366
14_croplands,0.49115288,0.5088472
11435_geowiki-landcover-2017,0.78797585,0.21202418
2816_ile-de-france,0.19045392,0.8095461
1146_ile-de-france,0.4809885,0.5190115
1767_canada,0.32618827,0.67381173
39_lem-brazil,0.66001,0.33999002
2987_ile-de-france,0.19045387,0.8095462
5422_geowiki-landcover-2017,0.78795725,0.21204276
72_rwanda-ceo,0.78797567,0.21202435
1121_kenya-non-crop,0.7879756,0.2120244
1410_mali-helmets-labelling-crops,0.32118225,0.67881775
2050_canada,0.19045842,0.80954164
2054_central-asia,0.19045419,0.80954576
732_rwanda-ceo,0.643634,0.35636598
6044_ile-de-france,0.19045392,0.8095461
24967_geowiki-landcover-2017,0.4731413,0.5268587
507_ethiopia,0.7879737,0.21202633
1874_kenya-non-crop,0.78797567,0.21202433
903_canada,0.3105305,0.68946946
179_kenya-non-crop,0.7879758,0.21202423
21837_geowiki-landcover-2017,0.6508265,0.34917355
78_central-asia,0.47313607,0.52686393
3358_central-asia,0.31053284,0.6894672
2500_rwanda-ceo,0.787975,0.212025
529_martinique-france,0.65084255,0.34915742
30383_geowiki-landcover-2017,0.48099902,0.519001
2752_reunion-france,0.78797555,0.2120245
33080_geowiki-landcover-2017,0.47530952,0.5246905
15_kenya-non-crop,0.4854658,0.5145342
990_togo,0.650827,0.349173
8405_geowiki-landcover-2017,0.78797525,0.2120247
373_geowiki-landcover-2017,0.3211822,0.6788178
7430_croplands,0.48544043,0.51455957
20663_geowiki-landcover-2017,0.6508203,0.34917971
781_lem-brazil,0.48547375,0.5145262
2154_tanzania-ceo,0.6436213,0.35637867
1909_central-asia,0.32618392,0.673816
17037_geowiki-landcover-2017,0.49115494,0.5088451
26600_geowiki-landcover-2017,0.48099923,0.51900077
731_martinique-france,0.6508275,0.34917244
1121_reunion-france,0.6508263,0.34917367
7033_geowiki-landcover-2017,0.48099768,0.5190024
1667_tanzania-ceo,0.48545626,0.5145438
42_mali,0.32118317,0.67881685
422_togo,0.47529274,0.52470726
925_rwanda-ceo,0.78797567,0.2120243
3498_croplands,0.6433347,0.35666528
2266_martinique-france,0.65082705,0.34917295
21037_geowiki-landcover-2017,0.44506785,0.5549322
1645_central-asia,0.32618934,0.67381066
621_mali-helmets-labelling-crops,0.32118216,0.6788178
33995_geowiki-landcover-2017,0.65082747,0.34917253
32322_geowiki-landcover-2017,0.32619756,0.67380244
1233_tanzania-ceo,0.7879756,0.2120244
6498_canada,0.32618937,0.6738106
155_uganda,0.6600082,0.33999175
2612_geowiki-landcover-2017,0.6600093,0.33999062
4810_geowiki-landcover-2017,0.48099756,0.5190025
902_reunion-france,0.78797555,0.21202444
23227_geowiki-landcover-2017,0.48099816,0.51900184
1695_central-asia,0.19045429,0.8095457
2017_canada,0.31053358,0.6894664
7049_geowiki-landcover-2017,0.31053227,0.6894677
280_martinique-france,0.6508277,0.3491723
7886_canada,0.3105322,0.6894677
26175_geowiki-landcover-2017,0.64363,0.35637
6252_geowiki-landcover-2017,0.49115357,0.5088464
3976_central-asia,0.31053254,0.6894675
24295_geowiki-landcover-2017,0.48099738,0.5190026
61_central-asia,0.19045429,0.8095457
2399_central-asia,0.19045444,0.8095455
19594_geowiki-landcover-2017,0.65082496,0.34917498
696_ile-de-france,0.19045399,0.809546
3224_ile-de-france,0.19045529,0.80954474
3393_rwanda-ceo,0.78797567,0.2120243
2393_germany,0.326189,0.67381096
892_togo,0.32118225,0.67881775
31668_geowiki-landcover-2017,0.6508282,0.3491718
502_central-asia,0.19045822,0.80954176
3930_canada,0.31052378,0.6894762
32020_geowiki-landcover-2017,0.32618973,0.67381024
4370_geowiki-landcover-2017,0.4731399,0.52686006
389_rwanda-ceo,0.78797567,0.21202435
1838_central-asia,0.19045429,0.8095457
161_sudan,0.47529185,0.52470815
4660_croplands,0.7877568,0.21224318
10642_geowiki-landcover-2017,0.6447772,0.35522285
30476_geowiki-landcover-2017,0.4809994,0.5190006
10110_croplands,0.48544005,0.5145599
5820_ile-de-france,0.32618946,0.6738105
1457_germany,0.1904541,0.8095459
34210_geowiki-landcover-2017,0.3261973,0.67380273
6891_croplands,0.6436341,0.35636586
10302_geowiki-landcover-2017,0.65082747,0.34917253
169_tanzania-rice-ecaas,0.7879744,0.21202557
2350_central-asia,0.32621658,0.6737834
695_togo,0.32118276,0.6788172
2105_tanzania-ceo,0.78797555,0.21202444
708_rwanda-ceo,0.78797424,0.21202575
1861_central-asia,0.19045669,0.80954325
12638_croplands,0.6508271,0.34917286
841_germany,0.19047442,0.80952555
29360_geowiki-landcover-2017,0.19157688,0.8084231
5797_ile-de-france,0.4809744,0.5190256
8989_geowiki-landcover-2017,0.49331284,0.50668716
3912_canada,0.19045517,0.80954486
4932_croplands,0.6436343,0.35636574
1782_rwanda-ceo,0.7879753,0.21202467
1760_canada,0.19045506,0.8095449
91_kenya-non-crop,0.7879758,0.21202423
2245_kenya-non-crop,0.7879741,0.21202588
19667_geowiki-landcover-2017,0.47482717,0.52517277
11293_geowiki-landcover-2017,0.6600089,0.33999112
712_martinique-france,0.65082747,0.34917247
3281_canada,0.6488641,0.35113588
13808_geowiki-landcover-2017,0.48100102,0.518999
4786_ile-de-france,0.19045387,0.8095462
29269_geowiki-landcover-2017,0.32618898,0.673811
1479_canada,0.32622513,0.6737749
895_rwanda-ceo,0.7879755,0.21202455
6009_canada,0.19045414,0.8095459
3991_canada,0.32618898,0.673811
2183_central-asia,0.1904543,0.8095457
1024_rwanda-ceo,0.7879754,0.21202463
12146_geowiki-landcover-2017,0.648863,0.35113698
59_tanzania,0.7879753,0.21202467
796_martinique-france,0.6508376,0.3491624
4049_central-asia,0.31053248,0.68946755
1209_mali-helmets-labelling-crops,0.32118344,0.6788165
4547_geowiki-landcover-2017,0.47529265,0.5247073
1418_ile-de-france,0.19045399,0.809546
4663_canada,0.3105329,0.68946713
173_sudan,0.4752916,0.52470845
4294_canada,0.31053254,0.6894675
1662_ile-de-france,0.19045387,0.8095462
4295_geowiki-landcover-2017,0.49115497,0.5088451
596_germany,0.32618898,0.6738111
337_ile-de-france,0.32618922,0.6738108
2447_kenya-non-crop,0.47541624,0.5245838
2669_canada,0.1904539,0.8095461
650_lem-brazil,0.78797364,0.21202637
86_kenya-non-crop,0.7879755,0.21202455
2136_ile-de-france,0.31106353,0.6889365
1429_mali-helmets-labelling-crops,0.32118243,0.67881763
434_canada,0.48098582,0.5190142
1333_canada,0.3105316,0.68946844
3652_canada,0.19045381,0.8095462
569_mali-helmets-labelling-crops,0.3211857,0.6788143
23359_geowiki-landcover-2017,0.650827,0.34917304
5185_geowiki-landcover-2017,0.6508274,0.34917265
960_mali-helmets-labelling-crops,0.32118243,0.67881763
1988_ile-de-france,0.19045399,0.809546
1997_geowiki-landcover-2017,0.650828,0.34917203
34837_geowiki-landcover-2017,0.31053194,0.6894681
704_tanzania-rice-ecaas,0.78797275,0.2120273
33820_geowiki-landcover-2017,0.32618898,0.673811
9932_croplands,0.7879754,0.21202458
1915_reunion-france,0.78797555,0.21202444
376_rwanda-ceo,0.78797555,0.21202444
401_tanzania-rice-ecaas,0.48544142,0.5145586
35114_geowiki-landcover-2017,0.47529188,0.52470815
769_mali-helmets-labelling-crops,0.3211831,0.6788169
838_togo,0.6508285,0.34917146
307_ethiopia,0.64362794,0.35637203
1857_tanzania-ceo,0.6436801,0.35631984
2517_kenya-non-crop,0.7879754,0.21202463
556_reunion-france,0.64363164,0.35636842
3800_canada,0.19045514,0.8095449
3570_ile-de-france,0.3105321,0.6894679
1150_central-asia,0.19045506,0.8095449
14577_geowiki-landcover-2017,0.65082735,0.34917265
31086_geowiki-landcover-2017,0.48065808,0.51934195
368_ethiopia,0.7879754,0.21202463
3094_central-asia,0.19045591,0.80954415
4244_canada,0.32118693,0.6788131
1447_rwanda-ceo,0.7879701,0.21202983
32917_geowiki-landcover-2017,0.6507087,0.3492913
3586_ile-de-france,0.1904539,0.8095461
5537_geowiki-landcover-2017,0.31053218,0.6894678
14873_croplands,0.6504185,0.3495815
33459_geowiki-landcover-2017,0.6436294,0.3563707
1238_geowiki-landcover-2017,0.7879754,0.21202463
3383_canada,0.32618943,0.67381054
2758_ile-de-france,0.1904539,0.8095461
7607_geowiki-landcover-2017,0.4903419,0.50965816
656_reunion-france,0.78797495,0.21202502
111_rwanda-ceo,0.7879756,0.2120244
1823_geowiki-landcover-2017,0.6508273,0.34917268
2443_canada,0.19045395,0.809546
6561_canada,0.48099872,0.51900125
4420_central-asia,0.19045787,0.8095421
2416_ile-de-france,0.19045392,0.8095461
8129_geowiki-landcover-2017,0.6508275,0.34917244
667_lem-brazil,0.78797376,0.21202618
12509_croplands,0.65082747,0.34917247
1053_tanzania-ceo,0.6438007,0.35619938
15493_geowiki-landcover-2017,0.48100054,0.51899946
1784_kenya-non-crop,0.78797305,0.21202701
6037_ile-de-france,0.19045419,0.8095459
1089_togo,0.6508271,0.34917292
1101_croplands,0.475292,0.524708
2530_ile-de-france,0.19045386,0.8095462
31379_geowiki-landcover-2017,0.48099196,0.51900804
1492_martinique-france,0.6508275,0.34917244
2627_rwanda-ceo,0.78797555,0.21202445
10196_croplands,0.6600104,0.33998966
4143_central-asia,0.197252,0.80274796
6219_geowiki-landcover-2017,0.6488629,0.3511371
1837_rwanda-ceo,0.78797567,0.21202429
6_rwanda-ceo,0.7879749,0.21202512
34502_geowiki-landcover-2017,0.78797567,0.21202429
343_mali-helmets-labelling-crops,0.6508255,0.3491745
18567_geowiki-landcover-2017,0.6508277,0.34917235
3585_central-asia,0.1904542,0.80954576
411_lem-brazil,0.66000897,0.33999103
648_tanzania-rice-ecaas,0.4854627,0.5145373
1810_kenya-non-crop,0.78797585,0.21202418
29980_geowiki-landcover-2017,0.32618904,0.67381096
1658_central-asia,0.3261833,0.6738167
1771_central-asia,0.19045398,0.809546
2770_central-asia,0.19047059,0.80952936
25_rwanda-ceo,0.78797555,0.21202445
1026_kenya-non-crop,0.7879758,0.21202421
5050_ile-de-france,0.4809973,0.51900274
89_mali,0.32118246,0.6788176
1578_geowiki-landcover-2017,0.66000897,0.33999106
31513_geowiki-landcover-2017,0.648863,0.35113698
607_togo,0.6508273,0.3491727
3531_geowiki-landcover-2017,0.6508279,0.34917206
2209_reunion-france,0.7879691,0.21203087
1122_kenya-non-crop,0.78797567,0.21202426
17017_geowiki-landcover-2017,0.47529295,0.524707
6238_canada,0.3261875,0.67381245
17521_geowiki-landcover-2017,0.78797525,0.21202473
3968_ile-de-france,0.3105321,0.6894679
34457_geowiki-landcover-2017,0.47529247,0.5247075
10247_geowiki-landcover-2017,0.65082526,0.34917468
2601_rwanda-ceo,0.78797567,0.21202426
10_germany,0.3261892,0.67381084
10508_geowiki-landcover-2017,0.47314593,0.5268541
2956_rwanda-ceo,0.7879755,0.21202455
534_ethiopia,0.6436343,0.35636574
6495_canada,0.1904541,0.8095459
1404_croplands,0.4731393,0.5268607
13726_croplands,0.49331263,0.5066874
4554_canada,0.19045381,0.8095462
1367_reunion-france,0.6508278,0.3491722
133_central-asia,0.19045603,0.80954397
465_rwanda-ceo,0.78797454,0.21202554
2996_ile-de-france,0.3105306,0.6894694
494_tanzania-rice-ecaas,0.66000843,0.33999154
31272_geowiki-landcover-2017,0.6508276,0.34917235
28276_geowiki-landcover-2017,0.6508276,0.34917235
9845_geowiki-landcover-2017,0.64886343,0.3511366
2217_kenya-non-crop,0.787975,0.21202494
23505_geowiki-landcover-2017,0.64886343,0.3511365
2451_reunion-france,0.7879755,0.21202455
810_ile-de-france,0.19045392,0.8095461
3015_rwanda-ceo,0.78797495,0.21202508
3450_central-asia,0.31053254,0.6894675
3303_canada,0.19045402,0.809546
3102_rwanda-ceo,0.78797567,0.2120243
1042_germany,0.32618904,0.67381096
629_lem-brazil,0.66001093,0.33998913
497_togo,0.32118356,0.67881644
2790_geowiki-landcover-2017,0.6600081,0.33999196
1100_canada,0.3105334,0.6894666
24417_geowiki-landcover-2017,0.49115455,0.5088455
15675_geowiki-landcover-2017,0.6488615,0.3511384
6667_geowiki-landcover-2017,0.64886236,0.3511376
3623_canada,0.31053185,0.68946815
6274_geowiki-landcover-2017,0.4809994,0.5190006
4336_central-asia,0.3192924,0.68070763
29902_geowiki-landcover-2017,0.78797495,0.21202509
9985_geowiki-landcover-2017,0.65082747,0.34917247
902_geowiki-landcover-2017,0.660009,0.33999094
423_croplands,0.4731394,0.5268606
792_central-asia,0.19045505,0.809545
815_reunion-france,0.6508288,0.34917125
2913_rwanda-ceo,0.4854437,0.51455635
7627_canada,0.3261884,0.6738117
3345_canada,0.48099262,0.51900744
1109_croplands,0.6508272,0.34917277
10643_croplands,0.48544112,0.51455885
1551_germany,0.31053197,0.689468
14066_geowiki-landcover-2017,0.31053308,0.6894669
2570_canada,0.32618973,0.6738103
102_tanzania,0.78797567,0.21202426
2449_kenya-non-crop,0.6508281,0.34917194
98_ethiopia,0.6435872,0.35641277
1759_tanzania-ceo,0.6451476,0.35485238
636_reunion-france,0.643639,0.356361
601_ile-de-france,0.19045414,0.8095459
1985_germany,0.19045399,0.809546
379_reunion-france,0.6436345,0.35636547
692_canada,0.29366475,0.7063353
3151_canada,0.19045387,0.8095462
93_mali-helmets-labelling-crops,0.475292,0.52470803
3210_canada,0.48099932,0.5190007
722_togo,0.6508269,0.3491731
18_zimbabwe,0.78797555,0.21202445
1659_canada,0.1904549,0.80954504
13767_geowiki-landcover-2017,0.6600088,0.3399912
681_ile-de-france,0.28855625,0.7114438
5037_central-asia,0.19045375,0.80954623
29312_geowiki-landcover-2017,0.32615992,0.67384005
1061_rwanda-ceo,0.7879755,0.21202451
1315_tanzania-ceo,0.64363456,0.35636538
26367_geowiki-landcover-2017,0.65082717,0.34917277
504_geowiki-landcover-2017,0.6508278,0.34917223
10864_croplands,0.6436121,0.35638788
22_canada,0.32625785,0.6737422
5203_canada,0.19045457,0.8095454
1586_central-asia,0.19045445,0.8095455
3834_ile-de-france,0.32618833,0.6738117
4454_croplands,0.32323727,0.6767627
2264_martinique-france,0.6508275,0.34917244
536_rwanda-ceo,0.7879744,0.21202557
28914_geowiki-landcover-2017,0.4753082,0.52469176
4860_ile-de-france,0.1905191,0.80948085
7698_canada,0.19045378,0.80954623
1949_ile-de-france,0.19045399,0.809546
2027_ile-de-france,0.19045407,0.80954593
32809_geowiki-landcover-2017,0.66000867,0.33999133
893_tanzania-ceo,0.6600114,0.33998856
21222_geowiki-landcover-2017,0.6488637,0.3511364
21_mali,0.47529206,0.5247079
5735_geowiki-landcover-2017,0.6488631,0.35113698
25452_geowiki-landcover-2017,0.47313076,0.52686924
5003_ile-de-france,0.19045395,0.8095461
3_rwanda-ceo,0.7879758,0.21202426
374_geowiki-landcover-2017,0.7879754,0.21202458
1327_mali-helmets-labelling-crops,0.3211897,0.6788103
34962_geowiki-landcover-2017,0.47529182,0.5247082
237_togo,0.47529206,0.5247079
2787_central-asia,0.32619038,0.67380965
524_rwanda-ceo,0.787975,0.21202494
1515_kenya-non-crop,0.6508275,0.34917244
2788_canada,0.19045374,0.80954623
1524_central-asia,0.19045433,0.8095457
30297_geowiki-landcover-2017,0.32618922,0.6738107
4679_croplands,0.6436332,0.35636678
480_kenya-non-crop,0.78797555,0.2120245
384_croplands,0.3105329,0.6894671
224_germany,0.32618985,0.6738102
11881_geowiki-landcover-2017,0.32118565,0.67881435
694_kenya-non-crop,0.7879754,0.21202463
1848_central-asia,0.19045395,0.809546
20569_geowiki-landcover-2017,0.4809987,0.5190013
13879_croplands,0.4854417,0.51455826
13700_geowiki-landcover-2017,0.78797466,0.21202531
1190_germany,0.32619083,0.6738092
2050_central-asia,0.19045424,0.80954576
2364_tanzania-ceo,0.7879755,0.21202455
13397_geowiki-landcover-2017,0.65082943,0.34917054
3349_central-asia,0.31053245,0.6894676
407_croplands,0.32618573,0.67381424
25766_geowiki-landcover-2017,0.3261893,0.67381066
27045_geowiki-landcover-2017,0.65082717,0.3491728
192_central-asia,0.3105346,0.6894654
1858_martinique-france,0.650827,0.349173
2218_central-asia,0.19045427,0.8095457
31853_geowiki-landcover-2017,0.4809984,0.5190016
1314_ile-de-france,0.19045392,0.8095461
174_tanzania-ceo,0.6508257,0.34917432
1400_rwanda-ceo,0.78797525,0.2120247
2615_rwanda-ceo,0.78797585,0.21202418
84_geowiki-landcover-2017,0.78797567,0.2120243
939_rwanda-ceo,0.7879756,0.2120244
789_central-asia,0.3105334,0.6894666
127_tanzania-rice-ecaas,0.48547268,0.5145273
2877_central-asia,0.1904711,0.8095289
11406_geowiki-landcover-2017,0.7879756,0.21202436
1257_mali-helmets-labelling-crops,0.32118288,0.6788171
1200_tanzania-ceo,0.6436415,0.3563585
290_geowiki-landcover-2017,0.4854584,0.5145416
15516_geowiki-landcover-2017,0.4809991,0.5190009
19029_geowiki-landcover-2017,0.31053165,0.6894683
9_canada,0.31054434,0.6894556
559_rwanda-ceo,0.78797567,0.21202435
1542_canada,0.19045392,0.8095461
30766_geowiki-landcover-2017,0.32618892,0.6738111
316_croplands,0.6508271,0.34917295
214_canada,0.32618934,0.6738106
2871_geowiki-landcover-2017,0.32118323,0.6788168
35273_geowiki-landcover-2017,0.3211789,0.67882115
1142_martinique-france,0.65082747,0.34917253
1055_geowiki-landcover-2017,0.78797483,0.21202515
2368_central-asia,0.19045436,0.80954564
554_togo,0.32118246,0.6788176
737_togo,0.6508274,0.3491726
1274_geowiki-landcover-2017,0.65999544,0.34000456
1340_ile-de-france,0.48098782,0.51901215
773_croplands,0.31930456,0.6806954
1989_ile-de-france,0.19045392,0.8095461
21218_geowiki-landcover-2017,0.48099896,0.519001
74_geowiki-landcover-2017,0.65082747,0.34917247
14087_croplands,0.6436331,0.35636693
4299_central-asia,0.47313756,0.52686244
2005_ile-de-france,0.31053978,0.6894602
12006_geowiki-landcover-2017,0.49115473,0.50884527
6536_canada,0.4809989,0.51900107
1442_mali-helmets-labelling-crops,0.65086496,0.349135
2080_central-asia,0.19045447,0.8095455
35415_geowiki-landcover-2017,0.48099875,0.51900125
952_tanzania-ceo,0.78797567,0.21202435
12556_geowiki-landcover-2017,0.49331337,0.50668657
32808_geowiki-landcover-2017,0.47313938,0.5268606
425_tanzania-rice-ecaas,0.6435763,0.35642368
1672_kenya-non-crop,0.7879758,0.21202423
2927_geowiki-landcover-2017,0.6508278,0.34917215
34862_geowiki-landcover-2017,0.31053177,0.68946826
4437_ile-de-france,0.3261893,0.6738107
7961_geowiki-landcover-2017,0.6508265,0.34917346
6791_canada,0.19045381,0.8095462
32806_geowiki-landcover-2017,0.4932944,0.5067056
12964_geowiki-landcover-2017,0.6508279,0.34917206
1651_kenya-non-crop,0.7879754,0.21202463
233_germany,0.326189,0.67381096
300_tanzania,0.6436341,0.35636586
12666_geowiki-landcover-2017,0.7879755,0.21202455
1754_central-asia,0.19045392,0.8095461
1935_ile-de-france,0.19045395,0.8095461
1970_canada,0.31053284,0.6894672
70_central-asia,0.49115375,0.5088462
6909_croplands,0.7879743,0.21202572
2293_tanzania-ceo,0.7879755,0.21202455
3900_canada,0.32598382,0.6740161
6747_croplands,0.48544654,0.5145534
2462_canada,0.32618728,0.6738127
1312_rwanda-ceo,0.64360774,0.35639232
26628_geowiki-landcover-2017,0.33890927,0.66109073
9063_croplands,0.47533584,0.52466416
101_tanzania-rice-ecaas,0.4854397,0.5145603
644_rwanda-ceo,0.7879756,0.2120244
205_central-asia,0.19045591,0.80954415
2233_croplands,0.6436347,0.35636535
17470_geowiki-landcover-2017,0.4810023,0.51899767
13762_geowiki-landcover-2017,0.6508212,0.34917882
978_canada,0.31053203,0.68946797
31271_geowiki-landcover-2017,0.65082747,0.34917256
2144_geowiki-landcover-2017,0.49334764,0.5066523
988_canada,0.19045389,0.8095462
1273_mali-helmets-labelling-crops,0.32118255,0.6788175
72_tanzania-ceo,0.78797334,0.21202663
3172_geowiki-landcover-2017,0.4752926,0.52470744
7243_geowiki-landcover-2017,0.31053317,0.68946683
9386_croplands,0.6508265,0.34917346
392_ethiopia,0.78797394,0.21202606
7434_geowiki-landcover-2017,0.4731368,0.52686316
878_mali-helmets-labelling-crops,0.3211822,0.6788178
2376_central-asia,0.32619002,0.67380995
3274_ile-de-france,0.19045383,0.8095462
7558_canada,0.3105321,0.6894679
5493_geowiki-landcover-2017,0.7879743,0.21202572
10139_geowiki-landcover-2017,0.6508277,0.34917226
119_tanzania,0.64362276,0.3563772
29569_geowiki-landcover-2017,0.19045629,0.8095437
434_rwanda-ceo,0.78797567,0.21202435
7997_geowiki-landcover-2017,0.491156,0.50884396
909_mali-helmets-labelling-crops,0.32118365,0.6788163
6395_geowiki-landcover-2017,0.64886326,0.35113674
26977_geowiki-landcover-2017,0.4731395,0.5268605
2889_rwanda-ceo,0.78797525,0.21202475
1084_tanzania-ceo,0.78797555,0.21202444
817_martinique-france,0.78797466,0.21202539
4293_ile-de-france,0.48099056,0.5190095
1429_tanzania-ceo,0.78797525,0.21202475
3098_rwanda-ceo,0.7879758,0.21202421
6678_geowiki-landcover-2017,0.32619217,0.67380786
446_mali-helmets-labelling-crops,0.32118317,0.67881685
18676_geowiki-landcover-2017,0.6508274,0.34917265
486_martinique-france,0.65082717,0.34917286
726_tanzania-ceo,0.6600094,0.3399906
326_ethiopia,0.64363843,0.35636157
3204_canada,0.32619083,0.6738092
1092_ile-de-france,0.31051576,0.68948424
777_tanzania-rice-ecaas,0.48544213,0.5145579
6931_canada,0.31930313,0.68069685
14895_geowiki-landcover-2017,0.65082747,0.34917247
4783_ile-de-france,0.32618877,0.6738112
184_kenya-non-crop,0.7879756,0.2120244
4232_ile-de-france,0.19045402,0.809546
2244_central-asia,0.1904542,0.80954576
14992_geowiki-landcover-2017,0.6508276,0.34917235
490_canada,0.31054804,0.68945193
4158_central-asia,0.31929684,0.68070316
181_rwanda-ceo,0.7879749,0.21202512
428_ethiopia,0.48543987,0.51456016
582_mali-helmets-labelling-crops,0.32118225,0.67881775
579_canada,0.3105485,0.6894515
23968_geowiki-landcover-2017,0.48098862,0.5190114
2401_germany,0.32618964,0.67381036
2743_ile-de-france,0.19045404,0.809546
2154_canada,0.48099923,0.5190008
14924_geowiki-landcover-2017,0.6488659,0.35113418
53_togo,0.3211822,0.6788178
6460_canada,0.1904538,0.80954623
2612_reunion-france,0.6508306,0.3491694
4739_croplands,0.4752923,0.5247077
10_mali-non-crop,0.3211827,0.6788173
458_kenya-non-crop,0.6436341,0.35636586
1311_kenya-non-crop,0.78797567,0.2120243
6466_canada,0.19045378,0.80954623
10844_geowiki-landcover-2017,0.47313976,0.5268602
3295_central-asia,0.31053236,0.68946767
1592_kenya-non-crop,0.78789073,0.21210922
411_ethiopia,0.6600065,0.33999345
2829_ile-de-france,0.48099878,0.51900125
666_kenya-non-crop,0.7879754,0.21202458
1305_ile-de-france,0.19045392,0.8095461
1174_central-asia,0.19045404,0.809546
25529_geowiki-landcover-2017,0.31052387,0.68947613
395_kenya-non-crop,0.7874064,0.21259363
6046_ile-de-france,0.19047143,0.8095286
105_tanzania,0.78797555,0.21202445
7537_geowiki-landcover-2017,0.19045399,0.809546
1625_germany,0.19045381,0.8095462
2102_canada,0.32618952,0.6738105
18538_geowiki-landcover-2017,0.6508283,0.34917173
1531_ile-de-france,0.32618922,0.6738107
1203_rwanda-ceo,0.7879758,0.21202426
7_togo,0.65078825,0.34921172
6529_canada,0.19045381,0.8095462
31948_geowiki-landcover-2017,0.48099917,0.5190008
35270_geowiki-landcover-2017,0.48099926,0.51900077
18718_geowiki-landcover-2017,0.32715973,0.6728403
603_rwanda-ceo,0.78797555,0.21202444
1307_ile-de-france,0.19045395,0.809546
19907_geowiki-landcover-2017,0.32618943,0.6738106
634_kenya-non-crop,0.78797567,0.21202435
810_reunion-france,0.78797555,0.21202444
22411_geowiki-landcover-2017,0.65082747,0.34917253
10009_geowiki-landcover-2017,0.4731405,0.52685946
2335_canada,0.32618883,0.67381114
240_mali-helmets-labelling-crops,0.47529224,0.5247078
2085_ile-de-france,0.3261913,0.6738087
2069_central-asia,0.32618132,0.67381865
427_ethiopia,0.48544097,0.51455903
2449_reunion-france,0.7879755,0.21202455
825_togo,0.47526568,0.5247343
13903_geowiki-landcover-2017,0.48099062,0.51900935
943_central-asia,0.19049461,0.8095054
8445_geowiki-landcover-2017,0.648861,0.351139
361_togo,0.32128158,0.6787184
2277_kenya-non-crop,0.787975,0.212025
871_rwanda-ceo,0.7879754,0.21202458
1221_togo,0.32121336,0.67878664
4431_geowiki-landcover-2017,0.6488618,0.35113811
548_kenya-non-crop,0.7879756,0.21202436
3869_geowiki-landcover-2017,0.4809974,0.51900256
5802_croplands,0.6436551,0.3563449
5074_central-asia,0.24440007,0.7556
434_geowiki-landcover-2017,0.48629123,0.51370883
160_tanzania,0.643627,0.356373
25206_geowiki-landcover-2017,0.65082496,0.34917507
726_rwanda-ceo,0.78797567,0.2120243
4342_ile-de-france,0.19045438,0.80954564
89_uganda,0.78795904,0.21204096
16602_geowiki-landcover-2017,0.78796846,0.21203154
20380_geowiki-landcover-2017,0.65082717,0.34917286
611_tanzania-rice-ecaas,0.66000974,0.3399902
3932_central-asia,0.48098984,0.5190101
30735_geowiki-landcover-2017,0.4911741,0.5088259
311_tanzania-ceo,0.48544845,0.5145516
9163_geowiki-landcover-2017,0.49331313,0.50668687
22536_geowiki-landcover-2017,0.64886636,0.35113367
870_germany,0.3261891,0.67381096
1233_ile-de-france,0.19045399,0.809546
629_central-asia,0.31052876,0.6894712
576_germany,0.19045389,0.8095462
2251_germany,0.19045535,0.8095446
1117_rwanda-ceo,0.78797585,0.21202418
689_mali-helmets-labelling-crops,0.32118222,0.67881775
4666_ile-de-france,0.48099834,0.51900166
35265_geowiki-landcover-2017,0.47313926,0.5268607
32090_geowiki-landcover-2017,0.49115473,0.50884527
864_tanzania-ceo,0.6508276,0.34917244
25354_geowiki-landcover-2017,0.47323954,0.52676046
1538_ile-de-france,0.32618892,0.6738111
18103_geowiki-landcover-2017,0.326189,0.673811
258_tanzania,0.78795785,0.21204212
4055_geowiki-landcover-2017,0.6508276,0.34917235
224_reunion-france,0.65082514,0.34917483
393_canada,0.32619223,0.6738078
31950_geowiki-landcover-2017,0.65082645,0.34917358
940_canada,0.31053257,0.68946743
3652_central-asia,0.19045399,0.809546
12993_geowiki-landcover-2017,0.6508276,0.34917235
25_tanzania-ceo,0.7879753,0.21202467
836_tanzania-ceo,0.78797096,0.21202908
2051_canada,0.19045407,0.80954593
786_croplands,0.47529444,0.5247056
201_uganda,0.48543978,0.5145602
1784_central-asia,0.19045402,0.809546
3127_rwanda-ceo,0.78797555,0.21202444
2236_rwanda-ceo,0.7879758,0.21202423
4468_central-asia,0.3192988,0.68070126
12469_geowiki-landcover-2017,0.32618293,0.67381704
2640_ile-de-france,0.1904541,0.8095459
2297_central-asia,0.19085602,0.809144
16853_geowiki-landcover-2017,0.6508273,0.34917274
1269_martinique-france,0.65082747,0.34917256
400_central-asia,0.19045499,0.809545
1452_geowiki-landcover-2017,0.7879755,0.21202451
543_martinique-france,0.6508274,0.3491726
5608_canada,0.19045381,0.8095462
9014_geowiki-landcover-2017,0.3105313,0.68946874
3155_geowiki-landcover-2017,0.787975,0.212025
6070_ile-de-france,0.3105307,0.6894693
2470_geowiki-landcover-2017,0.65083617,0.34916386
5308_canada,0.32618892,0.6738111
15105_geowiki-landcover-2017,0.65083003,0.34917003
5163_central-asia,0.3105322,0.6894677
2183_rwanda-ceo,0.7879754,0.21202455
15418_geowiki-landcover-2017,0.65082735,0.34917265
2720_reunion-france,0.78797525,0.21202478
607_lem-brazil,0.78797424,0.21202584
7281_geowiki-landcover-2017,0.6504159,0.34958404
3958_ile-de-france,0.19045389,0.8095462
1010_central-asia,0.19045454,0.80954546
3751_canada,0.19045414,0.8095459
2237_geowiki-landcover-2017,0.78797555,0.21202445
8632_geowiki-landcover-2017,0.6508273,0.34917274
20430_geowiki-landcover-2017,0.3261909,0.6738091
1420_geowiki-landcover-2017,0.4854419,0.5145581
12331_geowiki-landcover-2017,0.49115446,0.50884557
378_croplands,0.65083176,0.3491682
4369_central-asia,0.31809962,0.68190044
16018_geowiki-landcover-2017,0.7879754,0.21202463
4356_croplands,0.65082854,0.34917143
9343_geowiki-landcover-2017,0.65082735,0.34917265
464_germany,0.3260756,0.6739243
3685_canada,0.31053197,0.689468
8225_croplands,0.64362496,0.35637504
32978_geowiki-landcover-2017,0.7878979,0.21210207
562_germany,0.31053227,0.6894677
3738_canada,0.31053227,0.6894677
6398_geowiki-landcover-2017,0.6508267,0.34917334
13058_geowiki-landcover-2017,0.48544112,0.5145589
210_mali-helmets-labelling-crops,0.32118267,0.6788174
506_lem-brazil,0.6436343,0.35636574
4419_central-asia,0.19046202,0.80953795
21893_geowiki-landcover-2017,0.787974,0.21202599
2457_reunion-france,0.47529477,0.52470523
6412_geowiki-landcover-2017,0.64886343,0.3511366
2343_central-asia,0.1904548,0.8095452
7236_canada,0.47312847,0.5268715
35165_geowiki-landcover-2017,0.3193029,0.6806971
853_rwanda-ceo,0.7879755,0.21202451
15783_geowiki-landcover-2017,0.64886355,0.35113645
660_germany,0.19045392,0.8095461
1547_canada,0.4809981,0.5190019
1186_togo,0.32118246,0.6788175
3_zimbabwe,0.7879665,0.21203348
1792_geowiki-landcover-2017,0.78797567,0.2120243
214_ethiopia,0.6436314,0.35636863
4780_canada,0.19045378,0.80954623
652_mali-helmets-labelling-crops,0.32118234,0.67881763
16798_geowiki-landcover-2017,0.6508286,0.34917137
1180_central-asia,0.19045392,0.8095461
890_martinique-france,0.65082747,0.34917256
5662_canada,0.3103041,0.6896959
1049_reunion-france,0.7879753,0.21202467
973_croplands,0.3105321,0.68946785
5595_geowiki-landcover-2017,0.7879755,0.21202451
32880_geowiki-landcover-2017,0.4809963,0.5190037
2174_ile-de-france,0.32618916,0.67381084
409_kenya-non-crop,0.7879755,0.21202451
2049_ile-de-france,0.32618877,0.6738112
20076_geowiki-landcover-2017,0.49115476,0.50884527
32492_geowiki-landcover-2017,0.4809991,0.5190009
14162_croplands,0.78796667,0.21203336
15804_geowiki-landcover-2017,0.6488429,0.35115707
29235_geowiki-landcover-2017,0.49332848,0.50667155
1192_geowiki-landcover-2017,0.78791606,0.21208398
723_ethiopia,0.787971,0.21202897
1564_ile-de-france,0.32618672,0.67381334
133_tanzania-rice-ecaas,0.6436343,0.35636574
17079_geowiki-landcover-2017,0.65082556,0.3491744
589_mali-helmets-labelling-crops,0.475291,0.5247089
22452_geowiki-landcover-2017,0.32618898,0.673811
2140_ile-de-france,0.32619205,0.6738079
296_rwanda-ceo,0.64363146,0.3563685
22035_geowiki-landcover-2017,0.650804,0.34919605
1471_mali-helmets-labelling-crops,0.32118276,0.6788173
5856_geowiki-landcover-2017,0.6488644,0.35113558
4380_ile-de-france,0.19045386,0.8095462
4895_canada,0.47298962,0.5270104
2171_martinique-france,0.6508305,0.34916946
2274_tanzania-ceo,0.78797567,0.21202435
4321_central-asia,0.31930077,0.6806992
2088_croplands,0.4752916,0.52470833
430_ethiopia,0.6600088,0.3399912
2314_kenya-non-crop,0.787972,0.21202801
28086_geowiki-landcover-2017,0.31053218,0.68946785
7576_canada,0.31930313,0.6806969
2659_kenya-non-crop,0.78797567,0.21202426
917_central-asia,0.3261954,0.67380464
3780_ile-de-france,0.19045392,0.8095461
1033_ile-de-france,0.48099884,0.5190012
826_lem-brazil,0.643634,0.356366
1110_tanzania-ceo,0.66007394,0.339926
7574_canada,0.4731395,0.5268605
25231_geowiki-landcover-2017,0.4933107,0.50668937
1544_tanzania-ceo,0.78797555,0.21202444
11653_geowiki-landcover-2017,0.7879755,0.21202455
2460_reunion-france,0.78797555,0.21202444
6719_canada,0.31025884,0.68974113
33194_geowiki-landcover-2017,0.32618868,0.6738113
6454_canada,0.19045381,0.8095462
6715_croplands,0.4854419,0.5145581
3447_rwanda-ceo,0.7879758,0.21202426
30416_geowiki-landcover-2017,0.32618183,0.6738182
5485_canada,0.19045381,0.8095462
5629_ile-de-france,0.1904541,0.8095459
2954_geowiki-landcover-2017,0.47529635,0.5247037
15125_geowiki-landcover-2017,0.32118338,0.6788166
2773_geowiki-landcover-2017,0.6508311,0.34916893
31130_geowiki-landcover-2017,0.7878911,0.2121089
6021_ile-de-france,0.32618925,0.6738107
1201_mali-helmets-labelling-crops,0.3211824,0.67881763
7716_geowiki-landcover-2017,0.6488631,0.3511369
3794_geowiki-landcover-2017,0.4753587,0.52464134
73_tanzania-rice-ecaas,0.48545197,0.514548
1647_kenya-non-crop,0.78797567,0.21202435
1106_martinique-france,0.6508276,0.34917235
470_ile-de-france,0.31053096,0.68946904
10085_geowiki-landcover-2017,0.64364773,0.35635227
929_rwanda-ceo,0.78797567,0.2120243
14364_geowiki-landcover-2017,0.47313964,0.52686036
32038_geowiki-landcover-2017,0.64886194,0.3511381
216_central-asia,0.19045597,0.80954397
275_mali-helmets-labelling-crops,0.49256712,0.50743294
4940_central-asia,0.19045375,0.80954623
2878_ile-de-france,0.48099878,0.51900125
1504_germany,0.32729307,0.6727069
481_tanzania-rice-ecaas,0.78797406,0.21202588
2344_tanzania-ceo,0.78797394,0.2120261
5470_geowiki-landcover-2017,0.3105325,0.68946755
1896_rwanda-ceo,0.78797567,0.2120243
949_central-asia,0.1904626,0.8095374
13595_croplands,0.47529453,0.52470547
2195_central-asia,0.19045457,0.8095454
3178_rwanda-ceo,0.7879756,0.2120244
1173_canada,0.32619792,0.6738021
5434_ile-de-france,0.19045395,0.809546
4873_geowiki-landcover-2017,0.6508277,0.34917235
3975_central-asia,0.48099923,0.51900077
9575_geowiki-landcover-2017,0.65082717,0.3491728
4554_central-asia,0.4810479,0.5189521
19287_geowiki-landcover-2017,0.31053224,0.6894677
272_martinique-france,0.65082747,0.34917253
2119_kenya-non-crop,0.78797567,0.21202433
5059_canada,0.19045375,0.80954623
3880_geowiki-landcover-2017,0.4810002,0.51899976
107_togo,0.6508273,0.34917274
2651_rwanda-ceo,0.78797555,0.21202444
31752_geowiki-landcover-2017,0.32618922,0.6738107
4510_central-asia,0.19045436,0.80954564
3949_ile-de-france,0.19045398,0.809546
903_kenya-non-crop,0.7879756,0.21202436
7276_canada,0.31053227,0.6894677
440_geowiki-landcover-2017,0.7879756,0.2120244
4167_geowiki-landcover-2017,0.64886355,0.35113645
726_lem-brazil,0.7879755,0.21202451
3838_geowiki-landcover-2017,0.31930298,0.680697
1642_central-asia,0.19045395,0.809546
7929_canada,0.19045669,0.80954325
300_ile-de-france,0.19045392,0.8095461
885_martinique-france,0.47529215,0.52470785
2745_central-asia,0.32618934,0.6738106
142_togo,0.47529352,0.5247065
32252_geowiki-landcover-2017,0.4809993,0.51900077
28030_geowiki-landcover-2017,0.65082574,0.34917426
1998_central-asia,0.19045429,0.8095457
3926_central-asia,0.31053233,0.68946767
537_geowiki-landcover-2017,0.78797483,0.21202517
29060_geowiki-landcover-2017,0.32618657,0.67381346
703_tanzania-ceo,0.78797567,0.21202435
205_croplands,0.32619068,0.67380935
490_geowiki-landcover-2017,0.7879755,0.21202455
4789_central-asia,0.19045378,0.80954623
3769_ile-de-france,0.3105282,0.68947184
1062_geowiki-landcover-2017,0.78797555,0.21202445
3519_rwanda-ceo,0.78797567,0.21202433
22259_geowiki-landcover-2017,0.32619274,0.67380726
3387_central-asia,0.31053254,0.6894675
6739_canada,0.48099935,0.5190007
1939_ile-de-france,0.19045383,0.8095462
5903_geowiki-landcover-2017,0.64886194,0.3511381
999_central-asia,0.19046426,0.80953574
6239_geowiki-landcover-2017,0.48099807,0.51900196
4411_geowiki-landcover-2017,0.49114373,0.50885624
31823_geowiki-landcover-2017,0.3261892,0.67381084
9917_geowiki-landcover-2017,0.6436344,0.35636562
33760_geowiki-landcover-2017,0.31053224,0.6894677
8685_geowiki-landcover-2017,0.31930518,0.6806948
1433_rwanda-ceo,0.7879756,0.2120244
7471_croplands,0.48544344,0.5145565
31054_geowiki-landcover-2017,0.78797126,0.21202873
270_rwanda-ceo,0.78797567,0.21202426
4848_croplands,0.6436345,0.35636547
4765_ile-de-france,0.31051952,0.6894804
5589_ile-de-france,0.19045399,0.809546
2733_canada,0.31053218,0.68946785
297_martinique-france,0.6508276,0.34917235
261_tanzania-rice-ecaas,0.64363194,0.3563681
1336_martinique-france,0.6508276,0.34917235
17812_geowiki-landcover-2017,0.48099983,0.5190002
5061_central-asia,0.326189,0.673811
2849_rwanda-ceo,0.78797555,0.21202445
6681_canada,0.19045387,0.8095462
4566_geowiki-landcover-2017,0.7879754,0.21202464
10378_geowiki-landcover-2017,0.48099947,0.51900053
26722_geowiki-landcover-2017,0.4911744,0.5088256
19870_geowiki-landcover-2017,0.49115568,0.5088443
27066_geowiki-landcover-2017,0.31053963,0.6894604
332_canada,0.4809998,0.51900023
21116_geowiki-landcover-2017,0.6488589,0.3511411
3783_geowiki-landcover-2017,0.6436351,0.3563649
23282_geowiki-landcover-2017,0.64886314,0.3511369
1118_reunion-france,0.7879754,0.21202458
727_lem-brazil,0.64363825,0.3563618
1202_canada,0.19045381,0.8095462
196_central-asia,0.19045639,0.80954367
28831_geowiki-landcover-2017,0.6508277,0.34917226
18521_geowiki-landcover-2017,0.6488453,0.35115469
247_ethiopia,0.6436332,0.35636675
534_kenya-non-crop,0.78797567,0.2120243
2596_geowiki-landcover-2017,0.78797525,0.2120248
297_canada,0.32618898,0.673811
1893_rwanda-ceo,0.7879758,0.21202423
3578_central-asia,0.31053105,0.6894689
6882_croplands,0.64363617,0.35636386
2429_rwanda-ceo,0.7879758,0.21202421
155_sudan,0.7877832,0.21221678
2209_central-asia,0.19045451,0.8095455
9894_geowiki-landcover-2017,0.7879755,0.21202451
12578_geowiki-landcover-2017,0.6488621,0.3511379
10764_geowiki-landcover-2017,0.47313905,0.526861
1124_reunion-france,0.7879744,0.21202554
5184_canada,0.31053227,0.6894677
4352_central-asia,0.31929427,0.6807058
3471_canada,0.48099762,0.51900244
13760_croplands,0.64363456,0.35636538
542_canada,0.48099944,0.51900053
2330_tanzania-ceo,0.78797495,0.21202502
2000_canada,0.48097295,0.51902705
79_ile-de-france,0.19045389,0.8095462
2541_central-asia,0.19045436,0.80954564
1407_rwanda-ceo,0.78797436,0.21202566
1548_tanzania-ceo,0.6508269,0.34917316
25814_geowiki-landcover-2017,0.49115485,0.50884515
6908_geowiki-landcover-2017,0.7879718,0.21202824
994_central-asia,0.31927922,0.6807208
333_ile-de-france,0.4809828,0.51901716
26553_geowiki-landcover-2017,0.64886355,0.35113648
34821_geowiki-landcover-2017,0.48099896,0.519001
83_tanzania,0.6600065,0.3399935
155_germany,0.48099875,0.51900125
4146_ile-de-france,0.32618934,0.6738106
6215_canada,0.19045386,0.8095462
30108_geowiki-landcover-2017,0.19045562,0.8095444
326_central-asia,0.6488528,0.35114717
31144_geowiki-landcover-2017,0.65082735,0.34917265
5662_geowiki-landcover-2017,0.32619175,0.6738082
13509_geowiki-landcover-2017,0.47529116,0.52470887
3664_ile-de-france,0.19045389,0.8095462
9237_croplands,0.6512789,0.3487211
33266_geowiki-landcover-2017,0.32618937,0.6738106
893_reunion-france,0.7879756,0.21202436
12209_geowiki-landcover-2017,0.47529593,0.5247041
4891_ile-de-france,0.19045429,0.8095457
13227_geowiki-landcover-2017,0.7879755,0.21202451
1573_ile-de-france,0.32618892,0.6738111
415_togo,0.3211822,0.6788178
9256_geowiki-landcover-2017,0.31930315,0.68069685
14936_geowiki-landcover-2017,0.6508276,0.34917235
2431_rwanda-ceo,0.78797466,0.21202534
1972_ile-de-france,0.19045392,0.8095461
14427_geowiki-landcover-2017,0.4731399,0.5268601
16164_geowiki-landcover-2017,0.4731397,0.5268603
5339_geowiki-landcover-2017,0.19053687,0.80946314
594_togo,0.32119635,0.6788036
1492_ile-de-france,0.19045389,0.8095462
1088_croplands,0.47528613,0.5247139
547_martinique-france,0.6508275,0.34917244
31044_geowiki-landcover-2017,0.3261892,0.67381084
4481_ile-de-france,0.1904587,0.80954134
5852_geowiki-landcover-2017,0.31930506,0.68069494
4769_geowiki-landcover-2017,0.64886296,0.35113704
8739_geowiki-landcover-2017,0.47314078,0.5268592
29736_geowiki-landcover-2017,0.32625556,0.67374444
2019_central-asia,0.19045395,0.809546
4758_geowiki-landcover-2017,0.6508278,0.34917223
16332_geowiki-landcover-2017,0.7879751,0.2120249
5424_canada,0.19045381,0.8095462
32567_geowiki-landcover-2017,0.32618922,0.6738108
10923_geowiki-landcover-2017,0.4731405,0.52685946
339_rwanda-ceo,0.78797555,0.21202445
16643_geowiki-landcover-2017,0.65082747,0.34917247
19_croplands,0.648858,0.35114202
827_tanzania-ceo,0.65082747,0.34917253
5009_ile-de-france,0.19045395,0.809546
1386_mali-helmets-labelling-crops,0.47530094,0.5246991
3048_central-asia,0.31055412,0.68944585
32161_geowiki-landcover-2017,0.4801964,0.51980364
20791_geowiki-landcover-2017,0.6508275,0.34917244
5199_ile-de-france,0.19045389,0.8095462
3450_ile-de-france,0.19045399,0.809546
12504_croplands,0.47529265,0.5247074
6867_croplands,0.64363444,0.35636556
31267_geowiki-landcover-2017,0.6508277,0.3491723
25718_geowiki-landcover-2017,0.64886314,0.3511369
33957_geowiki-landcover-2017,0.65082514,0.34917486
23647_geowiki-landcover-2017,0.48196292,0.518037
3091_geowiki-landcover-2017,0.6508279,0.34917215
15835_geowiki-landcover-2017,0.6488637,0.3511364
767_ile-de-france,0.31053185,0.68946815
1037_croplands,0.19045419,0.80954576
10840_geowiki-landcover-2017,0.6488571,0.35114285
592_canada,0.48099875,0.51900125
7613_canada,0.19045612,0.8095439
762_kenya-non-crop,0.66000915,0.33999085
562_geowiki-landcover-2017,0.7879753,0.21202467
30484_geowiki-landcover-2017,0.6508261,0.34917387
6571_geowiki-landcover-2017,0.49110928,0.50889075
2570_kenya-non-crop,0.6436343,0.35636574
33363_geowiki-landcover-2017,0.31053227,0.68946767
30663_geowiki-landcover-2017,0.48099902,0.51900095
2166_tanzania-ceo,0.66000897,0.33999103
10224_geowiki-landcover-2017,0.6600162,0.33998382
2853_ile-de-france,0.190455,0.809545
7711_geowiki-landcover-2017,0.6607823,0.33921772
33_uganda,0.6436345,0.35636547
19448_geowiki-landcover-2017,0.31930333,0.6806967
4636_ile-de-france,0.3105321,0.6894679
4454_ile-de-france,0.32619008,0.67380995
1738_tanzania-ceo,0.64363337,0.35636663
1450_martinique-france,0.6508277,0.34917226
1011_germany,0.19045375,0.80954623
2520_canada,0.4809982,0.5190018
5056_geowiki-landcover-2017,0.6508271,0.34917286
21080_geowiki-landcover-2017,0.31053218,0.6894678
2316_ile-de-france,0.19045389,0.8095462
21488_geowiki-landcover-2017,0.4809986,0.51900136
10477_geowiki-landcover-2017,0.48098934,0.51901066
301_canada,0.31053206,0.6894679
5797_geowiki-landcover-2017,0.48099944,0.51900053
16788_geowiki-landcover-2017,0.6508276,0.34917235
130_central-asia,0.19045594,0.809544
798_reunion-france,0.7879751,0.21202485
7162_geowiki-landcover-2017,0.3211797,0.6788203
1313_mali-helmets-labelling-crops,0.65083045,0.3491696
1633_central-asia,0.19045398,0.809546
5558_geowiki-landcover-2017,0.48099896,0.519001
1555_central-asia,0.19046243,0.8095376
80_mali-helmets-labelling-crops,0.4746476,0.5253524
3627_central-asia,0.19045404,0.80954593
1276_martinique-france,0.65082747,0.34917253
28252_geowiki-landcover-2017,0.4809833,0.5190167
655_lem-brazil,0.78797555,0.21202445
1401_tanzania-ceo,0.78797567,0.21202426
256_reunion-france,0.7879755,0.21202455
25780_geowiki-landcover-2017,0.6488637,0.3511363
34181_geowiki-landcover-2017,0.65082717,0.34917277
11810_geowiki-landcover-2017,0.6508277,0.3491723
4873_central-asia,0.19045386,0.8095462
634_croplands,0.4731394,0.5268606
1106_germany,0.48099798,0.519002
574_rwanda-ceo,0.78797585,0.21202418
15016_geowiki-landcover-2017,0.6601704,0.33982962
9434_croplands,0.6508277,0.3491723
6624_canada,0.48099807,0.5190019
360_kenya-non-crop,0.6436345,0.35636547
391_sudan,0.4752915,0.5247085
1659_rwanda-ceo,0.6436346,0.35636535
285_sudan,0.6434699,0.35653007
606_tanzania-ceo,0.64363164,0.35636836
4717_geowiki-landcover-2017,0.65083486,0.34916517
16105_geowiki-landcover-2017,0.48099917,0.5190008
16557_geowiki-landcover-2017,0.7879755,0.21202452
5062_central-asia,0.19045378,0.80954623
34979_geowiki-landcover-2017,0.49115613,0.50884384
1930_canada,0.19045433,0.8095457
3009_canada,0.4814099,0.5185901
182_kenya-non-crop,0.78797495,0.21202508
10193_croplands,0.64363414,0.35636586
2611_ile-de-france,0.19045387,0.8095462
2893_ile-de-france,0.48099795,0.5190021
28770_geowiki-landcover-2017,0.32118386,0.67881614
1526_martinique-france,0.6508275,0.34917244
25599_geowiki-landcover-2017,0.48101383,0.51898617
23958_geowiki-landcover-2017,0.48099545,0.5190046
2007_canada,0.480998,0.51900196
877_tanzania-ceo,0.7879756,0.21202436
2404_rwanda-ceo,0.78797555,0.21202445
34693_geowiki-landcover-2017,0.19045857,0.80954146
1539_tanzania-ceo,0.49331212,0.5066879
11516_geowiki-landcover-2017,0.6508284,0.34917164
4298_canada,0.19045374,0.80954623
719_togo,0.6508271,0.34917292
359_canada,0.48099542,0.5190046
33038_geowiki-landcover-2017,0.4752915,0.5247085
1461_croplands,0.48099786,0.51900214
2879_central-asia,0.19046597,0.80953395
1445_ile-de-france,0.19045407,0.80954593
246_central-asia,0.31930336,0.68069667
2204_croplands,0.7879754,0.21202455
9953_geowiki-landcover-2017,0.4752965,0.5247035
29533_geowiki-landcover-2017,0.64363796,0.35636202
2095_reunion-france,0.6508274,0.3491726
2695_canada,0.190683,0.809317
2192_canada,0.32618967,0.6738103
9134_croplands,0.47529173,0.5247082
1016_reunion-france,0.65082467,0.34917533
2074_croplands,0.7879755,0.21202455
1328_central-asia,0.32618874,0.67381126
6403_canada,0.48099896,0.519001
7296_geowiki-landcover-2017,0.32665265,0.6733473
10875_geowiki-landcover-2017,0.47314382,0.52685624
4433_geowiki-landcover-2017,0.7879756,0.2120244
9070_geowiki-landcover-2017,0.6508257,0.34917435
2942_central-asia,0.31054962,0.68945044
5056_ile-de-france,0.32618892,0.6738111
7309_geowiki-landcover-2017,0.32618877,0.6738112
2495_canada,0.19045457,0.80954546
660_canada,0.4809894,0.5190106
4974_ile-de-france,0.19045877,0.8095412
290_togo,0.47529185,0.52470815
1827_rwanda-ceo,0.7879758,0.21202426
7838_geowiki-landcover-2017,0.78797525,0.2120247
12451_geowiki-landcover-2017,0.4809984,0.51900166
963_canada,0.19049613,0.8095039
15048_geowiki-landcover-2017,0.6488562,0.3511438
1272_germany,0.19045466,0.8095454
4539_ile-de-france,0.19045392,0.8095461
2265_ile-de-france,0.19045389,0.8095462
313_tanzania,0.4856256,0.5143744
27629_geowiki-landcover-2017,0.6488636,0.3511364
537_croplands,0.3260154,0.67398465
12665_geowiki-landcover-2017,0.6508339,0.3491661
2624_reunion-france,0.6508277,0.3491723
10896_croplands,0.64363396,0.35636607
24_kenya-non-crop,0.78797466,0.21202534
14186_croplands,0.787968,0.21203196
35813_geowiki-landcover-2017,0.4752916,0.5247084
1749_central-asia,0.19045529,0.80954474
497_ile-de-france,0.19045395,0.809546
322_sudan,0.48543897,0.514561
1651_ile-de-france,0.19045386,0.8095462
508_togo,0.32118243,0.67881763
13743_geowiki-landcover-2017,0.6508289,0.34917113
1440_kenya-non-crop,0.6508281,0.34917194
12716_geowiki-landcover-2017,0.49115485,0.5088452
7278_canada,0.31053218,0.68946785
31969_geowiki-landcover-2017,0.48099902,0.51900095
5352_ile-de-france,0.1904539,0.8095461
22202_geowiki-landcover-2017,0.6508268,0.34917322
35089_geowiki-landcover-2017,0.19045371,0.8095463
34994_geowiki-landcover-2017,0.48099908,0.5190009
901_mali-helmets-labelling-crops,0.32118255,0.6788175
3655_croplands,0.48545197,0.514548
2008_tanzania-ceo,0.7879753,0.21202467
869_central-asia,0.49115315,0.5088469
9723_geowiki-landcover-2017,0.648864,0.3511361
17683_geowiki-landcover-2017,0.3193036,0.68069637
5899_canada,0.19045395,0.809546
1426_tanzania-ceo,0.6436238,0.35637614
31965_geowiki-landcover-2017,0.19045487,0.80954516
4719_ile-de-france,0.19045392,0.8095461
5002_canada,0.4809732,0.51902676
2392_canada,0.32619053,0.6738094
35226_geowiki-landcover-2017,0.787971,0.21202897
32443_geowiki-landcover-2017,0.48099908,0.51900095
872_martinique-france,0.65082765,0.34917235
28284_geowiki-landcover-2017,0.6508267,0.34917328
5100_canada,0.19045374,0.80954623
1378_kenya-non-crop,0.7879729,0.21202704
757_tanzania-ceo,0.78797555,0.21202444
1836_rwanda-ceo,0.78797555,0.21202444
34788_geowiki-landcover-2017,0.31053227,0.68946767
1473_central-asia,0.19045392,0.8095461
8302_geowiki-landcover-2017,0.31053218,0.6894678
25673_geowiki-landcover-2017,0.47313944,0.5268606
3820_canada,0.19045419,0.8095459
168_martinique-france,0.65082914,0.3491709
11037_geowiki-landcover-2017,0.31054032,0.6894596
9224_geowiki-landcover-2017,0.65082335,0.34917662
2939_croplands,0.64363444,0.35636556
15643_geowiki-landcover-2017,0.3261889,0.6738111
29233_geowiki-landcover-2017,0.326198,0.67380196
5966_canada,0.47529167,0.52470833
30595_geowiki-landcover-2017,0.64886326,0.35113674
441_central-asia,0.19045612,0.8095439
786_central-asia,0.19045478,0.8095452
10053_croplands,0.48544028,0.5145597
5153_ile-de-france,0.19045398,0.809546
10531_geowiki-landcover-2017,0.32618874,0.67381126
2540_central-asia,0.19045427,0.8095457
1587_geowiki-landcover-2017,0.78797525,0.2120248
2141_croplands,0.47531715,0.5246828
1704_canada,0.310533,0.689467
763_central-asia,0.1904545,0.8095455
7097_canada,0.19045523,0.80954474
429_croplands,0.19045645,0.8095435
10603_geowiki-landcover-2017,0.78796923,0.21203077
6178_canada,0.19045383,0.8095462
2539_ile-de-france,0.190457,0.80954295
192_kenya,0.78797567,0.21202435
4075_ile-de-france,0.19045389,0.8095462
243_tanzania-ceo,0.6600095,0.3399905
2074_germany,0.19045374,0.80954623
2451_central-asia,0.1904547,0.8095453
555_tanzania-ceo,0.7879755,0.21202455
3950_canada,0.4809987,0.5190013
1014_central-asia,0.19045462,0.8095454
608_reunion-france,0.64363706,0.35636294
885_croplands,0.48099923,0.51900077
26729_geowiki-landcover-2017,0.47313976,0.52686024
4792_central-asia,0.1904538,0.80954623
30265_geowiki-landcover-2017,0.48099908,0.5190009
250_canada,0.32618985,0.6738102
35140_geowiki-landcover-2017,0.48099953,0.5190005
14253_geowiki-landcover-2017,0.48101705,0.51898295
2031_canada,0.3261889,0.6738111
1275_reunion-france,0.65082675,0.34917325
2842_canada,0.4911498,0.50885016
14001_geowiki-landcover-2017,0.78797555,0.21202445
7142_canada,0.32618842,0.6738116
1207_kenya-non-crop,0.78797567,0.21202433
25596_geowiki-landcover-2017,0.6508274,0.3491726
13908_geowiki-landcover-2017,0.4809989,0.5190011
13640_geowiki-landcover-2017,0.64886224,0.3511377
18388_geowiki-landcover-2017,0.49331245,0.5066875
13209_geowiki-landcover-2017,0.7879751,0.2120249
2990_central-asia,0.19045454,0.80954546
7226_geowiki-landcover-2017,0.48099896,0.519001
879_germany,0.32618883,0.67381114
1548_canada,0.19045445,0.8095455
96_lem-brazil,0.78797555,0.21202444
654_rwanda-ceo,0.7879754,0.21202463
1822_reunion-france,0.6508275,0.34917244
3470_geowiki-landcover-2017,0.485412,0.514588
7906_geowiki-landcover-2017,0.32118478,0.67881525
2677_reunion-france,0.65082735,0.34917265
4435_ile-de-france,0.32618937,0.6738106
7326_canada,0.19045407,0.80954593
2867_ile-de-france,0.48099846,0.51900154
340_mali-helmets-labelling-crops,0.4752938,0.52470624
7593_geowiki-landcover-2017,0.3261883,0.6738117
33312_geowiki-landcover-2017,0.4911515,0.5088485
3895_geowiki-landcover-2017,0.32618946,0.6738105
786_tanzania-rice-ecaas,0.4854497,0.51455027
10390_geowiki-landcover-2017,0.48100254,0.5189975
799_lem-brazil,0.6600087,0.3399913
3499_ile-de-france,0.1904539,0.8095461
17357_geowiki-landcover-2017,0.65082747,0.34917253
3050_rwanda-ceo,0.7879756,0.2120244
880_mali-helmets-labelling-crops,0.4752825,0.5247175
3024_geowiki-landcover-2017,0.6508268,0.34917316
3621_geowiki-landcover-2017,0.6508278,0.34917223
936_germany,0.32618937,0.6738106
3026_central-asia,0.19045782,0.8095422
298_ethiopia,0.47315675,0.52684325
3252_ile-de-france,0.19045389,0.8095462
5168_ile-de-france,0.48094946,0.51905054
697_canada,0.48096576,0.51903427
669_mali-helmets-labelling-crops,0.47529265,0.5247073
22779_geowiki-landcover-2017,0.78797567,0.21202433
646_ethiopia,0.7879751,0.21202485
1050_kenya-non-crop,0.7879755,0.21202455
1626_geowiki-landcover-2017,0.7879541,0.21204594
16257_geowiki-landcover-2017,0.31930327,0.6806968
3122_canada,0.31053218,0.68946785
788_mali-helmets-labelling-crops,0.3211828,0.67881715
4024_ile-de-france,0.19045404,0.809546
22150_geowiki-landcover-2017,0.64886034,0.35113966
20667_geowiki-landcover-2017,0.6508279,0.34917212
8971_croplands,0.47529215,0.52470785
1564_kenya-non-crop,0.6508318,0.34916812
20958_geowiki-landcover-2017,0.4809989,0.5190011
261_croplands,0.65082747,0.34917256
2157_martinique-france,0.6508282,0.3491718
178_lem-brazil,0.7879754,0.21202458
29922_geowiki-landcover-2017,0.4855053,0.5144947
25692_geowiki-landcover-2017,0.49115506,0.5088449
1375_ile-de-france,0.3105305,0.68946946
146_ethiopia,0.47323385,0.5267661
2608_ile-de-france,0.19045404,0.809546
1763_geowiki-landcover-2017,0.650828,0.34917197
2559_geowiki-landcover-2017,0.6508277,0.3491723
10483_croplands,0.6436326,0.35636744
31051_geowiki-landcover-2017,0.32618898,0.673811
249_croplands,0.4752916,0.5247084
6869_geowiki-landcover-2017,0.49115422,0.5088458
390_tanzania-ceo,0.47529238,0.5247076
122_kenya,0.7879755,0.21202451
1117_central-asia,0.19045407,0.80954593
2604_ile-de-france,0.19045392,0.8095461
13676_geowiki-landcover-2017,0.78797334,0.21202663
8697_geowiki-landcover-2017,0.6508275,0.34917244
2436_germany,0.3261891,0.67381096
18237_geowiki-landcover-2017,0.650827,0.34917298
35687_geowiki-landcover-2017,0.6436341,0.35636586
6440_canada,0.19045496,0.80954504
135_canada,0.48099908,0.51900095
1941_canada,0.32618985,0.6738102
1191_rwanda-ceo,0.78797555,0.21202445
359_tanzania-rice-ecaas,0.6436323,0.35636774
16476_geowiki-landcover-2017,0.6508273,0.34917274
3477_rwanda-ceo,0.78797555,0.21202445
3354_canada,0.31926587,0.68073416
1667_ile-de-france,0.1904539,0.8095461
1723_rwanda-ceo,0.7879758,0.21202423
432_germany,0.19051501,0.809485
12473_geowiki-landcover-2017,0.31930304,0.68069696
2344_geowiki-landcover-2017,0.6508266,0.34917337
1456_rwanda-ceo,0.78797567,0.21202435
30337_geowiki-landcover-2017,0.32619047,0.6738095
241_sudan,0.6600105,0.33998954
2726_ile-de-france,0.19045392,0.8095461
35738_geowiki-landcover-2017,0.6508278,0.34917223
16104_geowiki-landcover-2017,0.64886355,0.35113645
5051_central-asia,0.31053218,0.6894678
156_kenya,0.7879756,0.21202436
3771_ile-de-france,0.19045395,0.8095461
6343_geowiki-landcover-2017,0.32617015,0.6738299
1278_central-asia,0.19045392,0.8095461
34112_geowiki-landcover-2017,0.31053215,0.68946785
717_germany,0.19045378,0.80954623
18734_geowiki-landcover-2017,0.48099875,0.51900125
6801_canada,0.32618898,0.6738111
1378_geowiki-landcover-2017,0.78797555,0.21202444
5218_ile-de-france,0.1904539,0.8095461
2212_germany,0.3261888,0.67381114
585_tanzania-rice-ecaas,0.48543987,0.51456016
20096_geowiki-landcover-2017,0.6487686,0.3512314
931_martinique-france,0.65082717,0.34917277
415_mali-helmets-labelling-crops,0.47528517,0.5247148
1187_central-asia,0.32617515,0.67382485
1326_tanzania-ceo,0.7879756,0.2120244
16245_geowiki-landcover-2017,0.47320002,0.5268
11039_geowiki-landcover-2017,0.78797376,0.21202625
8094_geowiki-landcover-2017,0.3261906,0.6738094
25291_geowiki-landcover-2017,0.3261892,0.6738108
1849_central-asia,0.19045608,0.8095439
25475_geowiki-landcover-2017,0.31930345,0.68069655
6740_croplands,0.6436347,0.35636532
3344_rwanda-ceo,0.78797567,0.21202426
2507_germany,0.3105318,0.6894682
1777_kenya-non-crop,0.78797585,0.21202414
19997_geowiki-landcover-2017,0.648858,0.35114196
4970_ile-de-france,0.19045389,0.8095462
538_ile-de-france,0.32618913,0.67381084
1615_germany,0.4809886,0.5190114
1258_ile-de-france,0.32613954,0.6738605
2829_geowiki-landcover-2017,0.4933122,0.50668776
1414_reunion-france,0.47529423,0.5247057
12_martinique-france,0.6508276,0.3491724
2136_rwanda-ceo,0.7879755,0.21202455
173_kenya,0.78797567,0.21202435
1867_geowiki-landcover-2017,0.6508949,0.34910515
149_kenya-non-crop,0.7879756,0.21202436
3779_ile-de-france,0.31053162,0.68946844
21573_geowiki-landcover-2017,0.48099896,0.51900107
858_mali-helmets-labelling-crops,0.49331146,0.50668854
202_ethiopia,0.6436336,0.35636637
2825_rwanda-ceo,0.7879754,0.21202463
5380_geowiki-landcover-2017,0.31053272,0.6894673
680_reunion-france,0.78797555,0.21202445
34113_geowiki-landcover-2017,0.19045426,0.80954576
34496_geowiki-landcover-2017,0.65082747,0.34917247
3244_rwanda-ceo,0.78797567,0.21202435
2172_rwanda-ceo,0.7879756,0.2120244
6692_geowiki-landcover-2017,0.19067429,0.80932575
4267_geowiki-landcover-2017,0.319303,0.68069696
24263_geowiki-landcover-2017,0.3105331,0.68946683
2329_central-asia,0.19045442,0.80954564
1985_martinique-france,0.6508277,0.3491723
3373_rwanda-ceo,0.78797567,0.21202426
227_geowiki-landcover-2017,0.65082735,0.34917265
551_germany,0.4809947,0.5190053
2316_reunion-france,0.78797525,0.21202478
220_tanzania-ceo,0.66004527,0.33995476
8991_croplands,0.4752927,0.52470726
4163_croplands,0.47529784,0.52470213
4997_central-asia,0.19045378,0.80954623
561_ile-de-france,0.32619002,0.67380995
19328_geowiki-landcover-2017,0.48099896,0.519001
7532_canada,0.47529233,0.5247077
6781_croplands,0.4854506,0.51454943
35101_geowiki-landcover-2017,0.19045436,0.80954564
3698_geowiki-landcover-2017,0.6508295,0.34917045
302_rwanda-ceo,0.78797567,0.2120243
1713_tanzania-ceo,0.78797567,0.21202433
540_croplands,0.47529167,0.52470833
194_ethiopia,0.6436331,0.3563669
8297_geowiki-landcover-2017,0.6508248,0.34917524
5529_ile-de-france,0.32617113,0.6738289
1464_tanzania-ceo,0.52250123,0.4774988
3860_ile-de-france,0.3261899,0.67381006
486_ethiopia,0.48545465,0.5145453
16279_geowiki-landcover-2017,0.6508186,0.34918135
2185_ile-de-france,0.19045426,0.80954576
1238_tanzania-ceo,0.7879751,0.21202485
203_lem-brazil,0.7879511,0.21204887
618_geowiki-landcover-2017,0.78797555,0.2120245
413_croplands,0.6508254,0.3491746
4404_central-asia,0.19047076,0.8095292
595_reunion-france,0.7879663,0.21203369
10521_geowiki-landcover-2017,0.4911548,0.50884527
9780_geowiki-landcover-2017,0.78796995,0.21203013
75_canada,0.48099604,0.5190039
11410_geowiki-landcover-2017,0.7879756,0.2120244
7717_canada,0.31053203,0.68946797
98_croplands,0.4752917,0.5247083
2641_ile-de-france,0.1904542,0.80954576
3374_ile-de-france,0.19045386,0.8095462
2116_germany,0.3261892,0.6738108
4821_ile-de-france,0.19045395,0.809546
493_rwanda-ceo,0.78797567,0.2120243
3822_croplands,0.47487384,0.52512616
3553_geowiki-landcover-2017,0.6508279,0.34917212
119_sudan,0.6436293,0.3563707
7373_canada,0.32618916,0.67381084
976_kenya-non-crop,0.78797585,0.21202418
19262_geowiki-landcover-2017,0.31053352,0.6894665
1282_martinique-france,0.65082747,0.34917253
698_rwanda-ceo,0.7879758,0.21202421
14185_croplands,0.64353335,0.35646668
1205_germany,0.3261891,0.67381096
4405_croplands,0.4752915,0.52470857
3936_central-asia,0.48099884,0.5190012
1680_ile-de-france,0.19045419,0.80954576
1512_ile-de-france,0.1904539,0.8095461
33677_geowiki-landcover-2017,0.19045722,0.8095427
5052_canada,0.19045374,0.80954623
1367_tanzania-ceo,0.475292,0.52470803
14924_croplands,0.32619,0.67380995
1038_reunion-france,0.7879754,0.21202463
30843_geowiki-landcover-2017,0.31061345,0.68938655
24980_geowiki-landcover-2017,0.49331152,0.5066885
3854_central-asia,0.19046135,0.80953866
27705_geowiki-landcover-2017,0.32618922,0.6738108
9619_geowiki-landcover-2017,0.6488631,0.35113698
4100_geowiki-landcover-2017,0.6436328,0.3563672
2394_canada,0.19045404,0.809546
18679_geowiki-landcover-2017,0.64373624,0.35626382
290_germany,0.32618833,0.6738117
6097_geowiki-landcover-2017,0.3105382,0.68946177
22205_geowiki-landcover-2017,0.64886063,0.3511393
3513_central-asia,0.3105324,0.6894676
3473_geowiki-landcover-2017,0.32313377,0.67686623
840_ile-de-france,0.19045395,0.809546
23600_geowiki-landcover-2017,0.64886355,0.35113642
10845_geowiki-landcover-2017,0.64886343,0.3511365
13529_croplands,0.65082717,0.34917286
1759_geowiki-landcover-2017,0.78797483,0.21202523
360_reunion-france,0.65081793,0.34918213
1920_geowiki-landcover-2017,0.6508271,0.34917292
1402_germany,0.1904554,0.8095446
3897_geowiki-landcover-2017,0.47313964,0.52686036
801_mali-helmets-labelling-crops,0.32118392,0.6788161
9499_croplands,0.66000825,0.33999175
33366_geowiki-landcover-2017,0.31053218,0.6894678
1674_canada,0.31053245,0.6894676
758_martinique-france,0.6508275,0.34917244
1394_rwanda-ceo,0.7879754,0.21202463
967_mali-helmets-labelling-crops,0.65082,0.34917995
4146_central-asia,0.3191868,0.68081313
31146_geowiki-landcover-2017,0.49115446,0.5088455
27089_geowiki-landcover-2017,0.6488625,0.3511375
1333_geowiki-landcover-2017,0.66000897,0.3399911
6328_geowiki-landcover-2017,0.6488634,0.35113668
973_central-asia,0.19046296,0.809537
1417_ile-de-france,0.1904539,0.8095461
8839_geowiki-landcover-2017,0.7879753,0.21202467
5744_canada,0.19045383,0.8095462
1961_reunion-france,0.78797555,0.21202445
655_mali-helmets-labelling-crops,0.6508266,0.34917337
5405_ile-de-france,0.19045389,0.8095462
2064_kenya-non-crop,0.6508282,0.3491718
18191_geowiki-landcover-2017,0.6508275,0.34917244
3620_ile-de-france,0.19045474,0.8095452
553_tanzania-ceo,0.7879755,0.21202451
90_kenya,0.7878023,0.21219772
797_geowiki-landcover-2017,0.78797334,0.21202666
17421_geowiki-landcover-2017,0.6488634,0.35113665
16239_geowiki-landcover-2017,0.4854747,0.5145253
3021_central-asia,0.19046047,0.8095395
6055_croplands,0.475544,0.52445596
2162_kenya-non-crop,0.78797567,0.21202435
2146_croplands,0.65083516,0.34916484
1998_martinique-france,0.47529292,0.52470714
1418_reunion-france,0.64360565,0.35639435
529_germany,0.1904539,0.8095461
3555_rwanda-ceo,0.78797525,0.21202475
4344_croplands,0.47529194,0.5247081
29017_geowiki-landcover-2017,0.6508272,0.34917277
31812_geowiki-landcover-2017,0.48099902,0.519001
2263_geowiki-landcover-2017,0.78797525,0.2120247
3380_rwanda-ceo,0.7879755,0.21202451
1193_kenya-non-crop,0.6488746,0.35112536
379_ethiopia,0.787975,0.212025
1373_rwanda-ceo,0.78797346,0.2120265
1_croplands,0.31930307,0.6806969
11949_geowiki-landcover-2017,0.48099992,0.51900005
347_ile-de-france,0.4809839,0.5190161
10941_geowiki-landcover-2017,0.49331215,0.5066878
2550_ile-de-france,0.19045973,0.80954033
1812_rwanda-ceo,0.78797567,0.21202429
30407_geowiki-landcover-2017,0.48091462,0.51908535
24534_geowiki-landcover-2017,0.32618895,0.6738111
29332_geowiki-landcover-2017,0.4731401,0.5268599
4497_central-asia,0.19045407,0.80954593
23398_geowiki-landcover-2017,0.1904559,0.80954415
1601_reunion-france,0.7879754,0.21202458
4601_croplands,0.64363194,0.35636812
19123_geowiki-landcover-2017,0.64886355,0.35113648
20323_geowiki-landcover-2017,0.64886355,0.35113642
41_rwanda-ceo,0.78797555,0.21202445
146_rwanda-ceo,0.78797585,0.21202418
5559_geowiki-landcover-2017,0.4911544,0.50884557
6237_geowiki-landcover-2017,0.3261891,0.67381096
3646_ile-de-france,0.32618168,0.6738183
1854_germany,0.32618883,0.67381114
3399_ile-de-france,0.19045457,0.8095454
26597_geowiki-landcover-2017,0.32618794,0.6738121
1888_martinique-france,0.65082747,0.3491725
3668_central-asia,0.19045399,0.809546
232_canada,0.3261896,0.6738104
611_reunion-france,0.48544052,0.5145595
5555_ile-de-france,0.19045392,0.8095461
2197_rwanda-ceo,0.78797567,0.2120243
3286_ile-de-france,0.19045386,0.8095462
2226_central-asia,0.19045429,0.8095457
215_uganda,0.78797346,0.2120265
1182_tanzania-ceo,0.6436363,0.35636377
144_tanzania,0.7879732,0.21202675
34664_geowiki-landcover-2017,0.3105321,0.6894679
16188_geowiki-landcover-2017,0.4911547,0.5088453
5538_canada,0.19045416,0.8095459
22425_geowiki-landcover-2017,0.49115676,0.50884324
3076_croplands,0.6436332,0.35636675
13645_geowiki-landcover-2017,0.6600061,0.33999383
8175_geowiki-landcover-2017,0.6600092,0.3399908
6967_canada,0.48099148,0.5190085
22301_geowiki-landcover-2017,0.48090455,0.5190955
34843_geowiki-landcover-2017,0.25758457,0.7424155
34542_geowiki-landcover-2017,0.31053764,0.68946236
849_rwanda-ceo,0.78797555,0.21202444
5185_ile-de-france,0.48099872,0.51900125
31868_geowiki-landcover-2017,0.32618913,0.67381084
21199_geowiki-landcover-2017,0.32618988,0.67381006
6002_geowiki-landcover-2017,0.3261889,0.6738111
1930_geowiki-landcover-2017,0.6508113,0.34918863
26936_geowiki-landcover-2017,0.6488618,0.3511382
19350_geowiki-landcover-2017,0.31930372,0.68069625
1185_canada,0.32619014,0.6738099
631_central-asia,0.19045478,0.8095452
8161_geowiki-landcover-2017,0.6508276,0.34917244
942_germany,0.31053203,0.68946797
1624_kenya-non-crop,0.78797555,0.21202444
10667_geowiki-landcover-2017,0.32618743,0.67381257
338_tanzania-ceo,0.6510945,0.34890553
18884_geowiki-landcover-2017,0.4809989,0.5190011
30461_geowiki-landcover-2017,0.47529194,0.5247081
15813_geowiki-landcover-2017,0.4731399,0.5268601
1198_rwanda-ceo,0.7879755,0.21202455
1569_germany,0.19045378,0.80954623
267_ethiopia,0.47314763,0.52685237
7473_geowiki-landcover-2017,0.31053206,0.6894679
14181_geowiki-landcover-2017,0.31930298,0.680697
6141_ile-de-france,0.19045392,0.8095461
1331_rwanda-ceo,0.78797555,0.21202445
2776_canada,0.32618818,0.6738118
496_lem-brazil,0.6600093,0.3399907
4474_croplands,0.650827,0.34917304
2221_kenya-non-crop,0.48543903,0.51456094
340_martinique-france,0.7879686,0.21203144
9002_geowiki-landcover-2017,0.64886284,0.3511371
3417_geowiki-landcover-2017,0.6508275,0.34917244
895_croplands,0.4911548,0.50884527
27170_geowiki-landcover-2017,0.6437329,0.35626715
1435_martinique-france,0.6508277,0.3491723
2186_tanzania-ceo,0.78797495,0.21202502
35263_geowiki-landcover-2017,0.3104766,0.6895234
8560_geowiki-landcover-2017,0.49327916,0.50672084
2199_tanzania-ceo,0.78797555,0.21202444
2280_germany,0.19045378,0.80954623
5336_ile-de-france,0.19045395,0.809546
1087_togo,0.4933128,0.5066872
1494_germany,0.3261891,0.6738109
21217_geowiki-landcover-2017,0.64887,0.35112998
7592_canada,0.19046108,0.8095389
10696_geowiki-landcover-2017,0.47313985,0.5268601
23788_geowiki-landcover-2017,0.4731394,0.5268606
805_central-asia,0.1904548,0.8095452
5028_geowiki-landcover-2017,0.47313967,0.52686036
323_tanzania-rice-ecaas,0.660009,0.33999094
402_sudan,0.65082914,0.3491709
30095_geowiki-landcover-2017,0.31054327,0.68945676
1008_croplands,0.19045371,0.8095463
7624_geowiki-landcover-2017,0.64886326,0.35113674
15850_geowiki-landcover-2017,0.47313967,0.52686036
55_canada,0.48099944,0.51900053
1772_germany,0.4809986,0.51900136
27695_geowiki-landcover-2017,0.7879746,0.21202539
3827_geowiki-landcover-2017,0.48099917,0.5190008
1770_canada,0.48099604,0.5190039
6019_geowiki-landcover-2017,0.47313914,0.52686083
15953_geowiki-landcover-2017,0.64885867,0.3511413
725_geowiki-landcover-2017,0.78797555,0.2120245
3505_croplands,0.48543987,0.51456016
32203_geowiki-landcover-2017,0.48099902,0.51900095
2427_germany,0.32619244,0.67380756
17166_geowiki-landcover-2017,0.49115553,0.50884444
6342_canada,0.48099867,0.5190013
641_ile-de-france,0.19045392,0.8095461
30048_geowiki-landcover-2017,0.32618922,0.6738108
31802_geowiki-landcover-2017,0.31053436,0.6894656
1260_germany,0.31053215,0.68946785
503_lem-brazil,0.6436343,0.35636574
238_geowiki-landcover-2017,0.7879747,0.21202527
1966_central-asia,0.19045395,0.809546
13324_geowiki-landcover-2017,0.7879756,0.2120244
3255_central-asia,0.31053233,0.68946767
885_mali-helmets-labelling-crops,0.47529107,0.5247089
25514_geowiki-landcover-2017,0.6488632,0.3511368
5985_ile-de-france,0.19045399,0.809546
10067_croplands,0.6600076,0.33999237
21173_geowiki-landcover-2017,0.49101645,0.50898355
1852_martinique-france,0.65082735,0.34917265
344_tanzania-ceo,0.7879755,0.21202455
2206_tanzania-ceo,0.65999895,0.340001
1248_canada,0.3105322,0.6894677
31958_geowiki-landcover-2017,0.31053227,0.6894677
526_rwanda-ceo,0.78797567,0.21202426
3977_geowiki-landcover-2017,0.4911859,0.5088141
8150_geowiki-landcover-2017,0.31930238,0.68069756
27461_geowiki-landcover-2017,0.7879669,0.2120331
1407_croplands,0.31053197,0.689468
6697_geowiki-landcover-2017,0.48098972,0.5190103
22518_geowiki-landcover-2017,0.648863,0.35113698
22247_geowiki-landcover-2017,0.6488627,0.3511373
613_germany,0.19045374,0.80954623
1358_tanzania-ceo,0.6436348,0.35636526
778_ile-de-france,0.4809989,0.51900107
27592_geowiki-landcover-2017,0.48099965,0.51900035
977_reunion-france,0.65082747,0.34917247
11933_geowiki-landcover-2017,0.7879751,0.21202485
9834_geowiki-landcover-2017,0.6434951,0.35650498
2658_reunion-france,0.65082747,0.34917253
1319_central-asia,0.1904539,0.8095461
9106_geowiki-landcover-2017,0.6508276,0.34917244
44_tanzania,0.66000867,0.33999133
8609_geowiki-landcover-2017,0.7879754,0.21202458
1861_germany,0.19045404,0.809546
849_ile-de-france,0.19045389,0.8095462
13982_croplands,0.48544106,0.514559
726_ethiopia,0.66000915,0.33999082
523_canada,0.19046271,0.80953723
364_mali-helmets-labelling-crops,0.65082383,0.3491761
823_tanzania-ceo,0.78797567,0.2120243
30871_geowiki-landcover-2017,0.49115387,0.50884616
617_ile-de-france,0.19045389,0.8095462
461_reunion-france,0.7879754,0.21202464
3140_rwanda-ceo,0.78797525,0.2120248
823_germany,0.3261966,0.67380345
1258_reunion-france,0.7879754,0.21202458
9488_croplands,0.66000843,0.33999154
22850_geowiki-landcover-2017,0.4933133,0.5066867
12637_geowiki-landcover-2017,0.66000897,0.33999103
12426_geowiki-landcover-2017,0.64886326,0.35113674
2158_germany,0.19045503,0.809545
589_tanzania-rice-ecaas,0.48544186,0.51455814
216_tanzania,0.7874506,0.2125494
1410_croplands,0.32618964,0.67381036
58_ile-de-france,0.31052515,0.6894748
14683_geowiki-landcover-2017,0.64885676,0.35114324
14975_geowiki-landcover-2017,0.6508271,0.34917286
5049_central-asia,0.3105319,0.6894681
302_canada,0.48099896,0.519001
10744_croplands,0.6436244,0.35637558
128_canada,0.4809977,0.51900226
13974_croplands,0.6436343,0.35636565
25795_geowiki-landcover-2017,0.6508279,0.34917206
10791_geowiki-landcover-2017,0.4809984,0.5190016
2194_central-asia,0.32618922,0.6738108
831_ile-de-france,0.19045389,0.8095462
3249_canada,0.3261891,0.67381096
428_rwanda-ceo,0.78797567,0.21202435
4901_croplands,0.78797424,0.21202575
9394_geowiki-landcover-2017,0.4809968,0.5190033
24207_geowiki-landcover-2017,0.32120752,0.6787924
1269_rwanda-ceo,0.7879755,0.21202452
12986_geowiki-landcover-2017,0.6508317,0.3491683
603_tanzania-rice-ecaas,0.48544604,0.51455396
317_kenya-non-crop,0.7879756,0.21202436
5791_geowiki-landcover-2017,0.78797555,0.2120245
3092_geowiki-landcover-2017,0.32118243,0.67881763
28830_geowiki-landcover-2017,0.48099902,0.51900095
20567_geowiki-landcover-2017,0.6488549,0.3511451
14483_geowiki-landcover-2017,0.6488621,0.35113788
15441_geowiki-landcover-2017,0.65082735,0.34917265
1516_germany,0.32618898,0.673811
624_tanzania-rice-ecaas,0.48544106,0.5145589
27855_geowiki-landcover-2017,0.31053218,0.68946785
1119_geowiki-landcover-2017,0.66000974,0.3399902
6215_geowiki-landcover-2017,0.64886266,0.35113734
261_kenya-non-crop,0.78797555,0.21202445
1000_rwanda-ceo,0.78797567,0.21202433
1731_kenya-non-crop,0.78797567,0.21202429
3775_croplands,0.4854405,0.51455957
23311_geowiki-landcover-2017,0.48099902,0.51900095
3959_ile-de-france,0.19045395,0.809546
1664_rwanda-ceo,0.64363456,0.3563654
937_canada,0.31053236,0.68946767
32340_geowiki-landcover-2017,0.19045435,0.8095457
2340_martinique-france,0.65082747,0.34917247
27098_geowiki-landcover-2017,0.65082943,0.34917063
842_martinique-france,0.6508276,0.34917235
101_rwanda-ceo,0.78797567,0.2120243
5576_geowiki-landcover-2017,0.6488631,0.35113698
1094_reunion-france,0.78797495,0.21202502
6494_canada,0.3261891,0.67381096
1708_germany,0.19045381,0.8095462
1152_kenya-non-crop,0.7879756,0.2120244
22703_geowiki-landcover-2017,0.64886206,0.351138
2547_ile-de-france,0.3105296,0.68947035
663_mali-helmets-labelling-crops,0.4752928,0.52470726
9640_geowiki-landcover-2017,0.47313964,0.52686036
6757_croplands,0.6436343,0.35636568
3362_rwanda-ceo,0.7879749,0.21202512
395_croplands,0.31051123,0.68948877
887_croplands,0.47529167,0.5247083
28883_geowiki-landcover-2017,0.4809993,0.5190007
588_martinique-france,0.6508276,0.34917235
1815_geowiki-landcover-2017,0.7879755,0.21202451
17_sudan,0.650828,0.349172
6112_canada,0.32618904,0.67381096
1032_geowiki-landcover-2017,0.48544383,0.5145561
2270_geowiki-landcover-2017,0.787967,0.21203294
17861_geowiki-landcover-2017,0.49037245,0.5096275
29962_geowiki-landcover-2017,0.475368,0.52463204
9464_geowiki-landcover-2017,0.7875359,0.21246408
16401_geowiki-landcover-2017,0.6508276,0.34917235
1051_rwanda-ceo,0.7879754,0.21202463
4665_central-asia,0.3105329,0.6894671
215_germany,0.48099875,0.51900125
1285_ile-de-france,0.19045404,0.809546
2319_rwanda-ceo,0.78797567,0.21202433
3073_geowiki-landcover-2017,0.6508273,0.3491727
1571_germany,0.31053227,0.6894677
635_central-asia,0.19045453,0.80954546
23172_geowiki-landcover-2017,0.32618895,0.6738111
79_mali,0.32118234,0.67881763
3579_geowiki-landcover-2017,0.47529212,0.5247079
2101_canada,0.35697132,0.64302874
563_lem-brazil,0.6436345,0.35636556
345_tanzania-rice-ecaas,0.6436272,0.35637277
1928_canada,0.48099896,0.51900107
5114_ile-de-france,0.3105321,0.68946785
18271_geowiki-landcover-2017,0.49114072,0.5088593
4770_geowiki-landcover-2017,0.49115458,0.50884545
9_tanzania,0.48543972,0.5145603
33178_geowiki-landcover-2017,0.6488613,0.3511387
3016_canada,0.48100275,0.51899725
7650_canada,0.3261891,0.6738109
10400_geowiki-landcover-2017,0.31025642,0.6897436
2349_ile-de-france,0.19045386,0.8095462
32616_geowiki-landcover-2017,0.6508277,0.3491723
8051_geowiki-landcover-2017,0.65081924,0.34918082
4399_central-asia,0.19051684,0.8094831
301_mali-helmets-labelling-crops,0.3211824,0.67881763
32748_geowiki-landcover-2017,0.47803906,0.5219609
361_rwanda-ceo,0.6436344,0.35636565
430_tanzania-rice-ecaas,0.4854398,0.5145602
1931_rwanda-ceo,0.78797525,0.2120247
2933_central-asia,0.19046678,0.8095332
2745_geowiki-landcover-2017,0.49331152,0.5066885
341_ethiopia,0.78797483,0.21202517
2785_canada,0.1904585,0.80954146
14143_croplands,0.78797555,0.21202444
6039_geowiki-landcover-2017,0.48100084,0.51899916
183_togo,0.32118535,0.67881465
2517_reunion-france,0.7879737,0.21202633
13733_geowiki-landcover-2017,0.4731423,0.52685773
890_central-asia,0.19046044,0.8095396
391_croplands,0.32118922,0.6788108
1969_geowiki-landcover-2017,0.7879754,0.21202458
166_canada,0.32618988,0.6738101
1402_mali-helmets-labelling-crops,0.32118565,0.67881435
16627_geowiki-landcover-2017,0.78797525,0.21202473
326_canada,0.48099852,0.5190014
27710_geowiki-landcover-2017,0.32621616,0.6737839
2312_rwanda-ceo,0.7879758,0.21202423
21461_geowiki-landcover-2017,0.3261892,0.67381084
19515_geowiki-landcover-2017,0.37523472,0.6247652
17992_geowiki-landcover-2017,0.3261906,0.6738094
1358_canada,0.31053206,0.6894679
10605_croplands,0.4854625,0.5145375
22214_geowiki-landcover-2017,0.47313988,0.5268601
2384_martinique-france,0.6508276,0.3491724
6268_geowiki-landcover-2017,0.31930298,0.680697
1862_geowiki-landcover-2017,0.78797585,0.21202414
2219_croplands,0.6436341,0.35636595
1983_germany,0.19045389,0.8095462
157_lem-brazil,0.66009974,0.33990023
1710_canada,0.31053197,0.689468
208_kenya,0.7879735,0.21202648
19546_geowiki-landcover-2017,0.4752945,0.5247055
1639_central-asia,0.32618904,0.67381096
29_uganda,0.6436317,0.35636824
7748_canada,0.3211845,0.67881554
2494_ile-de-france,0.19045386,0.8095462
18039_geowiki-landcover-2017,0.31053182,0.68946815
1949_germany,0.31052732,0.6894727
4020_central-asia,0.3105382,0.6894618
3845_croplands,0.47529238,0.5247076
10559_geowiki-landcover-2017,0.64886326,0.35113674
24357_geowiki-landcover-2017,0.32618985,0.6738102
685_geowiki-landcover-2017,0.78797215,0.21202786
6862_geowiki-landcover-2017,0.4752947,0.5247053
4716_canada,0.4752909,0.5247091
3285_rwanda-ceo,0.78797567,0.21202435
22666_geowiki-landcover-2017,0.31930283,0.68069714
336_tanzania,0.64363486,0.35636514
6894_canada,0.31059876,0.6894012
25499_geowiki-landcover-2017,0.3193269,0.68067306
1155_mali-helmets-labelling-crops,0.32118252,0.6788175
22592_geowiki-landcover-2017,0.4911547,0.5088453
35398_geowiki-landcover-2017,0.3261905,0.6738095
7771_geowiki-landcover-2017,0.6488634,0.3511366
62_kenya,0.78797555,0.21202445
13981_geowiki-landcover-2017,0.64886147,0.35113856
1872_tanzania-ceo,0.7879747,0.21202528
18775_geowiki-landcover-2017,0.49115542,0.50884455
941_canada,0.3105329,0.6894671
33737_geowiki-landcover-2017,0.19045426,0.80954576
351_sudan,0.7879749,0.21202512
598_canada,0.48099896,0.519001
2922_ile-de-france,0.3266338,0.6733662
5623_ile-de-france,0.480971,0.519029
13986_geowiki-landcover-2017,0.6508275,0.34917244
766_central-asia,0.19045532,0.8095447
952_central-asia,0.19046551,0.80953455
3221_ile-de-france,0.19045411,0.8095459
3505_ile-de-france,0.19045399,0.809546
26270_geowiki-landcover-2017,0.47540745,0.5245926
43_ile-de-france,0.3105299,0.6894701
416_ethiopia,0.4854386,0.5145614
30734_geowiki-landcover-2017,0.31930274,0.68069726
7209_geowiki-landcover-2017,0.1904539,0.8095461
3637_geowiki-landcover-2017,0.65082675,0.34917325
29620_geowiki-landcover-2017,0.65082735,0.34917265
7794_canada,0.47529182,0.52470815
26845_geowiki-landcover-2017,0.31930414,0.68069583
8965_geowiki-landcover-2017,0.32618937,0.6738106
468_martinique-france,0.65082747,0.3491725
2229_canada,0.19045381,0.8095462
35180_geowiki-landcover-2017,0.3261889,0.6738111
594_croplands,0.65080035,0.3491997
48_ile-de-france,0.19045392,0.8095461
15744_geowiki-landcover-2017,0.65082735,0.34917265
3462_ile-de-france,0.19045387,0.8095462
1134_rwanda-ceo,0.78797585,0.21202414
1062_martinique-france,0.6508277,0.3491723
2011_germany,0.32618895,0.6738111
25737_geowiki-landcover-2017,0.32618576,0.67381424
767_germany,0.19045389,0.8095462
450_rwanda-ceo,0.78797567,0.2120243
9891_croplands,0.78797394,0.2120261
3309_geowiki-landcover-2017,0.47529256,0.52470744
10751_croplands,0.7879754,0.21202464
12_brazil-non-crop,0.49166673,0.50833327
1276_canada,0.31052995,0.68947
1975_martinique-france,0.6508288,0.34917116
2746_geowiki-landcover-2017,0.47530198,0.524698
8578_geowiki-landcover-2017,0.48543647,0.5145635
5243_canada,0.32618913,0.67381084
4110_ile-de-france,0.19045392,0.8095461
1208_mali-helmets-labelling-crops,0.32118246,0.6788176
1158_mali-helmets-labelling-crops,0.32118252,0.6788175
4984_geowiki-landcover-2017,0.49331337,0.5066866
204_tanzania-rice-ecaas,0.64363396,0.35636607
18040_geowiki-landcover-2017,0.31052557,0.68947446
21794_geowiki-landcover-2017,0.48099852,0.5190015
782_mali-helmets-labelling-crops,0.3211834,0.6788166
1872_ile-de-france,0.19045386,0.8095462
1469_kenya-non-crop,0.78797567,0.21202435
2603_kenya-non-crop,0.7879759,0.21202411
18117_geowiki-landcover-2017,0.65082717,0.34917286
6613_canada,0.32618973,0.6738103
1630_rwanda-ceo,0.78797555,0.21202445
11354_geowiki-landcover-2017,0.7879751,0.2120249
32264_geowiki-landcover-2017,0.31053218,0.6894678
1632_canada,0.19045381,0.8095462
2177_rwanda-ceo,0.7879744,0.21202554
621_togo,0.475292,0.52470803
2225_germany,0.31053212,0.68946785
570_geowiki-landcover-2017,0.78753495,0.21246503
12823_croplands,0.4752938,0.52470624
27745_geowiki-landcover-2017,0.19045763,0.8095424
9843_croplands,0.78797555,0.21202445
1709_rwanda-ceo,0.78797364,0.21202637
2694_central-asia,0.19046216,0.8095379
32470_geowiki-landcover-2017,0.4911546,0.50884545
438_croplands,0.19045387,0.8095462
2430_canada,0.4809857,0.5190143
724_ile-de-france,0.19045576,0.80954427
2522_canada,0.48099935,0.51900065
4377_croplands,0.4752898,0.5247102
4930_central-asia,0.19045375,0.80954623
9031_geowiki-landcover-2017,0.6488631,0.35113698
9474_croplands,0.48543966,0.51456034
2842_central-asia,0.19045691,0.80954313
816_ethiopia,0.4854396,0.5145604
21064_geowiki-landcover-2017,0.31053203,0.68946797
1942_rwanda-ceo,0.7879756,0.2120244
26372_geowiki-landcover-2017,0.49331367,0.50668633
1510_rwanda-ceo,0.7879754,0.21202458
1025_ile-de-france,0.1904539,0.8095461
116_reunion-france,0.78797495,0.21202505
4989_ile-de-france,0.19045387,0.8095462
15432_geowiki-landcover-2017,0.6508281,0.34917185
1729_tanzania-ceo,0.65082717,0.34917277
5749_geowiki-landcover-2017,0.64886343,0.3511365
5737_canada,0.19045378,0.80954623
1354_martinique-france,0.6508276,0.34917235
809_central-asia,0.19045487,0.80954516
6648_canada,0.19045395,0.809546
330_geowiki-landcover-2017,0.78797525,0.2120247
6711_croplands,0.6436315,0.35636848
433_tanzania-ceo,0.78797555,0.21202444
31307_geowiki-landcover-2017,0.48098478,0.51901525
593_canada,0.4809998,0.51900023
14584_geowiki-landcover-2017,0.4933129,0.5066871
14417_geowiki-landcover-2017,0.48099557,0.51900446
397_lem-brazil,0.78785086,0.21214913
26415_geowiki-landcover-2017,0.48099878,0.51900125
2487_germany,0.32619065,0.67380935
15309_geowiki-landcover-2017,0.78797567,0.21202429
4285_canada,0.48099875,0.51900125
2643_central-asia,0.19045727,0.8095427
1483_geowiki-landcover-2017,0.6508277,0.3491723
1079_kenya-non-crop,0.7879755,0.21202451
1108_tanzania-ceo,0.7879755,0.21202452
6394_geowiki-landcover-2017,0.49115327,0.5088467
2032_kenya-non-crop,0.47529426,0.5247057
19184_geowiki-landcover-2017,0.4809993,0.5190007
1962_reunion-france,0.78797525,0.21202473
6260_canada,0.1904539,0.8095461
244_tanzania,0.6436387,0.3563613
158_canada,0.32618943,0.6738106
1716_kenya-non-crop,0.7879758,0.21202426
13427_geowiki-landcover-2017,0.650827,0.34917304
31761_geowiki-landcover-2017,0.49115434,0.5088456
5963_geowiki-landcover-2017,0.48099896,0.519001
2620_reunion-france,0.7879755,0.21202452
15219_geowiki-landcover-2017,0.48543984,0.51456016
25871_geowiki-landcover-2017,0.4911548,0.50884527
1530_tanzania-ceo,0.78795695,0.21204303
193_ethiopia,0.6436331,0.35636684
272_sudan,0.787975,0.212025
2948_central-asia,0.32619065,0.67380935
2373_kenya-non-crop,0.7879746,0.21202543
14724_geowiki-landcover-2017,0.49331227,0.5066877
4623_croplands,0.78796065,0.21203934
1878_central-asia,0.19045404,0.809546
2182_martinique-france,0.6508276,0.34917244
911_tanzania-ceo,0.6508273,0.3491727
5502_canada,0.19045399,0.809546
5849_ile-de-france,0.19045389,0.8095462
6575_geowiki-landcover-2017,0.65082556,0.34917438
5569_canada,0.3105323,0.68946767
3999_ile-de-france,0.30978927,0.69021076
824_lem-brazil,0.64363354,0.35636646
8388_geowiki-landcover-2017,0.6488634,0.35113668
913_croplands,0.7879629,0.21203709
12438_croplands,0.65082705,0.34917295
4178_central-asia,0.31928426,0.68071574
35025_geowiki-landcover-2017,0.32618946,0.6738105
960_ile-de-france,0.19046842,0.8095316
911_croplands,0.31053182,0.6894682
83_kenya,0.78797525,0.2120247
15939_geowiki-landcover-2017,0.47313973,0.52686024
9498_geowiki-landcover-2017,0.64886326,0.35113674
29313_geowiki-landcover-2017,0.31053197,0.689468
26828_geowiki-landcover-2017,0.64886206,0.3511379
24298_geowiki-landcover-2017,0.48092645,0.5190736
6065_canada,0.31053227,0.6894677
7844_canada,0.4809924,0.5190076
30731_geowiki-landcover-2017,0.19045374,0.80954623
301_ethiopia,0.47315404,0.526846
8275_geowiki-landcover-2017,0.32618943,0.67381054
4552_canada,0.3105324,0.68946767
2341_reunion-france,0.6508271,0.34917286
2229_ile-de-france,0.19045392,0.8095461
7842_canada,0.32618997,0.67381006
33219_geowiki-landcover-2017,0.48099825,0.5190018
9499_geowiki-landcover-2017,0.321182,0.678818
20378_geowiki-landcover-2017,0.32618865,0.6738114
4161_ile-de-france,0.19045389,0.8095462
4059_central-asia,0.31053245,0.6894676
10654_geowiki-landcover-2017,0.4752956,0.5247044
6526_geowiki-landcover-2017,0.491162,0.50883794
1738_geowiki-landcover-2017,0.6508276,0.34917235
448_germany,0.48099852,0.5190015
25536_geowiki-landcover-2017,0.64886266,0.35113734
22804_geowiki-landcover-2017,0.6508274,0.3491726
5620_geowiki-landcover-2017,0.31053227,0.6894677
17350_geowiki-landcover-2017,0.47313958,0.5268604
15083_geowiki-landcover-2017,0.65082717,0.34917286
20931_geowiki-landcover-2017,0.48099884,0.5190012
626_ile-de-france,0.1904539,0.8095461
1404_germany,0.32618865,0.6738113
3901_geowiki-landcover-2017,0.64886236,0.35113764
4816_geowiki-landcover-2017,0.49333706,0.50666296
1420_croplands,0.31052876,0.68947124
1360_ile-de-france,0.480983,0.51901704
655_tanzania-ceo,0.787975,0.21202494
23768_geowiki-landcover-2017,0.6508274,0.3491726
33354_geowiki-landcover-2017,0.49331185,0.5066882
2052_canada,0.32618788,0.67381215
362_germany,0.31050754,0.68949246
8552_geowiki-landcover-2017,0.64886343,0.3511366
35304_geowiki-landcover-2017,0.3105308,0.6894692
19198_geowiki-landcover-2017,0.32618904,0.67381096
9006_croplands,0.65082747,0.34917247
257_mali-helmets-labelling-crops,0.47516397,0.524836
563_germany,0.31052926,0.68947077
2207_kenya-non-crop,0.7879744,0.21202557
24227_geowiki-landcover-2017,0.4932952,0.5067048
722_tanzania-ceo,0.48544195,0.5145581
11405_geowiki-landcover-2017,0.78797495,0.21202508
2231_canada,0.19045483,0.80954516
25303_geowiki-landcover-2017,0.4809994,0.5190006
2794_central-asia,0.19047233,0.80952764
6514_canada,0.19045374,0.80954623
23_ile-de-france,0.19045436,0.80954564
19537_geowiki-landcover-2017,0.65082586,0.34917417
27647_geowiki-landcover-2017,0.31053254,0.6894675
7750_canada,0.32118207,0.6788179
1864_canada,0.1904541,0.8095459
291_martinique-france,0.6508875,0.3491125
2415_rwanda-ceo,0.78797567,0.2120243
8683_geowiki-landcover-2017,0.65082747,0.34917247
35730_geowiki-landcover-2017,0.65082747,0.34917253
2262_croplands,0.48544517,0.51455486
771_canada,0.19045478,0.8095452
1246_mali-helmets-labelling-crops,0.32118294,0.67881703
10638_croplands,0.4854407,0.51455927
1909_germany,0.19045402,0.809546
7_zimbabwe,0.48546162,0.51453835
17941_geowiki-landcover-2017,0.32618794,0.6738121
23581_geowiki-landcover-2017,0.6508278,0.34917215
597_ile-de-france,0.3261884,0.6738116
522_martinique-france,0.65082747,0.34917247
3536_ile-de-france,0.19045395,0.8095461
399_mali-helmets-labelling-crops,0.3211833,0.67881674
3100_rwanda-ceo,0.7879755,0.21202455
3499_central-asia,0.19045395,0.809546
417_kenya-non-crop,0.6600118,0.3399882
1602_rwanda-ceo,0.78797567,0.21202435
1810_ile-de-france,0.19045395,0.8095461
29232_geowiki-landcover-2017,0.4809948,0.5190052
29840_geowiki-landcover-2017,0.32618913,0.67381084
16556_geowiki-landcover-2017,0.6508275,0.34917244
527_rwanda-ceo,0.78797567,0.21202435
286_ile-de-france,0.31054565,0.6894544
651_germany,0.32618898,0.673811
8036_geowiki-landcover-2017,0.64886206,0.35113794
321_central-asia,0.19047536,0.80952466
30375_geowiki-landcover-2017,0.32618868,0.6738113
764_mali-helmets-labelling-crops,0.4933162,0.50668377
11699_geowiki-landcover-2017,0.7879752,0.21202482
2821_central-asia,0.19045731,0.8095427
6864_geowiki-landcover-2017,0.31053177,0.68946826
411_togo,0.32118323,0.6788168
2441_ile-de-france,0.1904539,0.8095461
1514_germany,0.31053153,0.6894685
787_germany,0.19045375,0.80954623
5777_ile-de-france,0.31053287,0.6894672
1446_croplands,0.32618946,0.6738105
27076_geowiki-landcover-2017,0.4809946,0.51900536
2429_germany,0.32618922,0.6738107
841_canada,0.48099416,0.51900584
745_ethiopia,0.66000855,0.33999145
506_togo,0.32118234,0.67881763
2825_canada,0.3261868,0.67381316
31766_geowiki-landcover-2017,0.31053135,0.6894687
1991_rwanda-ceo,0.7879756,0.21202436
25597_geowiki-landcover-2017,0.4809864,0.51901364
762_germany,0.19045374,0.80954623
595_togo,0.3211839,0.67881614
1308_mali-helmets-labelling-crops,0.32118544,0.6788146
2637_canada,0.19045378,0.80954623
2671_geowiki-landcover-2017,0.48544043,0.51455957
12459_geowiki-landcover-2017,0.19050106,0.80949897
1510_reunion-france,0.78797185,0.21202813
8353_geowiki-landcover-2017,0.48543945,0.5145606
200_sudan,0.32118234,0.67881763
10450_geowiki-landcover-2017,0.4911556,0.50884444
4062_geowiki-landcover-2017,0.3261893,0.67381066
6947_canada,0.48099917,0.5190008
7512_canada,0.31053537,0.6894646
10016_croplands,0.7879688,0.21203119
3904_central-asia,0.48099864,0.5190013
1257_togo,0.4933259,0.5066741
2391_ile-de-france,0.19045386,0.8095462
151_ile-de-france,0.3255994,0.6744006
34103_geowiki-landcover-2017,0.19045398,0.809546
1289_rwanda-ceo,0.7879758,0.21202423
24614_geowiki-landcover-2017,0.48100135,0.5189987
4775_geowiki-landcover-2017,0.66002804,0.33997196
293_ethiopia,0.47315907,0.5268409
1594_ile-de-france,0.32618943,0.67381054
27992_geowiki-landcover-2017,0.49115485,0.5088452
164_kenya,0.78797555,0.21202444
261_kenya,0.78797555,0.21202444
20980_geowiki-landcover-2017,0.31053218,0.6894678
4627_croplands,0.6436271,0.35637295
3607_ile-de-france,0.3261683,0.6738317
4448_ile-de-france,0.32618943,0.67381054
8845_geowiki-landcover-2017,0.64885134,0.35114864
759_martinique-france,0.6508275,0.34917244
491_ile-de-france,0.19045414,0.8095459
2721_reunion-france,0.47529286,0.52470714
4645_central-asia,0.19047114,0.8095289
540_central-asia,0.19045623,0.8095437
73_germany,0.19045419,0.8095459
1932_reunion-france,0.47529587,0.52470416
1019_ile-de-france,0.19045389,0.8095462
12286_geowiki-landcover-2017,0.19045381,0.8095462
29215_geowiki-landcover-2017,0.32618943,0.67381054
6104_ile-de-france,0.19045402,0.809546
4972_canada,0.3105322,0.6894677
345_canada,0.32618967,0.67381036
13525_geowiki-landcover-2017,0.78797555,0.21202444
7718_canada,0.19049591,0.80950415
31427_geowiki-landcover-2017,0.65083444,0.3491655
2771_reunion-france,0.78797454,0.21202554
3299_rwanda-ceo,0.7879755,0.21202451
4398_geowiki-landcover-2017,0.7879756,0.2120244
568_central-asia,0.31038246,0.6896175
1253_martinique-france,0.65082765,0.34917235
2585_canada,0.48099974,0.51900023
31037_geowiki-landcover-2017,0.48099896,0.519001
2_togo,0.32119632,0.6788036
7770_canada,0.47529194,0.52470803
2678_canada,0.4254979,0.57450217
1336_geowiki-landcover-2017,0.7879755,0.21202451
2870_geowiki-landcover-2017,0.6508277,0.3491723
5086_canada,0.19045378,0.80954623
2474_canada,0.19045387,0.8095462
19031_geowiki-landcover-2017,0.47313946,0.52686054
4747_ile-de-france,0.1904539,0.8095461
458_tanzania-rice-ecaas,0.4854401,0.5145599
635_croplands,0.48572364,0.5142763
9428_croplands,0.32118237,0.67881763
1863_central-asia,0.32618058,0.67381936
35497_geowiki-landcover-2017,0.49331254,0.50668746
7670_canada,0.32618985,0.6738102
1638_croplands,0.6436383,0.35636163
4859_ile-de-france,0.3261893,0.6738107
35522_geowiki-landcover-2017,0.48099887,0.5190011
34265_geowiki-landcover-2017,0.6436345,0.35636547
18325_geowiki-landcover-2017,0.47529227,0.52470773
31618_geowiki-landcover-2017,0.78797317,0.21202682
18918_geowiki-landcover-2017,0.49115473,0.5088453
34535_geowiki-landcover-2017,0.48099753,0.5190025
459_tanzania-rice-ecaas,0.78797257,0.21202737
7270_canada,0.31053212,0.68946785
4798_ile-de-france,0.19045392,0.8095461
1257_reunion-france,0.7879755,0.21202455
3026_canada,0.48100168,0.5189983
1306_martinique-france,0.6508275,0.34917244
2094_canada,0.3261876,0.6738123
1813_tanzania-ceo,0.49331498,0.506685
8969_croplands,0.47529644,0.52470356
34709_geowiki-landcover-2017,0.3261898,0.6738102
27106_geowiki-landcover-2017,0.49331963,0.50668037
1290_germany,0.3261892,0.6738108
3767_canada,0.19053435,0.8094657
23601_geowiki-landcover-2017,0.4809993,0.5190007
2275_martinique-france,0.6508276,0.34917235
1247_mali-helmets-labelling-crops,0.3211827,0.6788173
26627_geowiki-landcover-2017,0.47313932,0.52686065
2335_central-asia,0.19045511,0.8095449
2687_rwanda-ceo,0.7879754,0.21202458
763_rwanda-ceo,0.7879758,0.21202426
19800_geowiki-landcover-2017,0.4731397,0.5268603
28345_geowiki-landcover-2017,0.48099923,0.5190008
2947_ile-de-france,0.19045402,0.809546
4893_central-asia,0.19045378,0.80954623
26109_geowiki-landcover-2017,0.48101738,0.51898265
4463_central-asia,0.47313774,0.52686226
4535_ile-de-france,0.19045414,0.8095459
2253_germany,0.19045386,0.8095462
30955_geowiki-landcover-2017,0.32618934,0.6738106
23313_geowiki-landcover-2017,0.4752912,0.5247088
19514_geowiki-landcover-2017,0.64369184,0.35630816
6687_canada,0.32618865,0.6738113
16914_geowiki-landcover-2017,0.47529194,0.52470803
374_togo,0.3211831,0.6788169
2507_reunion-france,0.6508276,0.34917235
17085_geowiki-landcover-2017,0.4911594,0.50884056
2474_ile-de-france,0.32618725,0.6738128
5095_canada,0.19045374,0.80954623
8912_geowiki-landcover-2017,0.78797454,0.2120255
4126_central-asia,0.19045407,0.80954593
2134_tanzania-ceo,0.78797495,0.21202502
11446_geowiki-landcover-2017,0.7879753,0.21202467
5135_ile-de-france,0.19045404,0.809546
2894_rwanda-ceo,0.7878579,0.21214212
7775_geowiki-landcover-2017,0.6508278,0.34917215
473_reunion-france,0.6508281,0.34917194
1190_canada,0.32618958,0.6738104
21168_geowiki-landcover-2017,0.48099867,0.5190013
22870_geowiki-landcover-2017,0.787974,0.21202599
951_germany,0.19046025,0.80953974
1598_geowiki-landcover-2017,0.7879734,0.21202658
47_ile-de-france,0.31053153,0.6894685
6146_ile-de-france,0.19045389,0.8095462
5007_geowiki-landcover-2017,0.78797555,0.21202444
18209_geowiki-landcover-2017,0.4933139,0.5066861
42_togo,0.47528908,0.5247109
33347_geowiki-landcover-2017,0.32618,0.67381996
89_rwanda-ceo,0.7879758,0.21202423
3757_canada,0.19045487,0.80954516
1020_rwanda-ceo,0.7879754,0.21202463
387_reunion-france,0.65083295,0.34916702
19607_geowiki-landcover-2017,0.47529233,0.5247077
1191_canada,0.19045462,0.8095454
1304_tanzania-ceo,0.78797555,0.21202444
1837_ile-de-france,0.19045542,0.8095446
2467_canada,0.32618934,0.6738106
271_canada,0.1904541,0.8095459
29159_geowiki-landcover-2017,0.19045389,0.8095462
1413_germany,0.19045381,0.8095462
1117_geowiki-landcover-2017,0.7879756,0.21202436
5228_central-asia,0.31930295,0.6806971
2896_geowiki-landcover-2017,0.65082747,0.34917253
25496_geowiki-landcover-2017,0.48099926,0.51900077
713_kenya-non-crop,0.78797555,0.21202444
7056_canada,0.19045378,0.80954623
2651_ile-de-france,0.19045395,0.8095461
118_tanzania-rice-ecaas,0.48544005,0.51456
3597_rwanda-ceo,0.6600186,0.33998135
1916_tanzania-ceo,0.65109515,0.3489049
283_central-asia,0.3193021,0.6806979
33955_geowiki-landcover-2017,0.31930283,0.68069714
4874_canada,0.3105324,0.68946767
850_geowiki-landcover-2017,0.6438136,0.35618642
6099_ile-de-france,0.19045441,0.80954564
6898_canada,0.19045451,0.8095455
18165_geowiki-landcover-2017,0.6508265,0.34917355
1514_tanzania-ceo,0.7879753,0.21202467
10103_croplands,0.643634,0.35636604
11581_geowiki-landcover-2017,0.6436346,0.35636535
21365_geowiki-landcover-2017,0.6508269,0.3491731
3280_central-asia,0.3105324,0.68946767
4655_geowiki-landcover-2017,0.78797495,0.21202502
5987_ile-de-france,0.19045398,0.809546
4796_geowiki-landcover-2017,0.7879751,0.21202485
3364_central-asia,0.31053323,0.6894668
11625_croplands,0.65082717,0.3491728
9624_geowiki-landcover-2017,0.6508279,0.34917215
3741_geowiki-landcover-2017,0.47549063,0.5245094
2919_canada,0.48099872,0.51900125
26123_geowiki-landcover-2017,0.48099548,0.5190045
10699_geowiki-landcover-2017,0.6488631,0.3511369
10692_croplands,0.78797483,0.21202515
3955_central-asia,0.31053236,0.68946767
1123_togo,0.32118276,0.6788173
6612_geowiki-landcover-2017,0.6508269,0.3491731
3601_ile-de-france,0.19045389,0.8095462
6204_geowiki-landcover-2017,0.47313672,0.5268633
325_germany,0.3105324,0.68946767
26670_geowiki-landcover-2017,0.6488634,0.3511366
14404_geowiki-landcover-2017,0.3105323,0.68946767
4786_canada,0.19045381,0.8095462
29209_geowiki-landcover-2017,0.19136542,0.8086346
876_germany,0.19045772,0.80954224
526_canada,0.31053004,0.68946993
2437_rwanda-ceo,0.78797567,0.2120243
187_tanzania,0.48543987,0.5145601
22523_geowiki-landcover-2017,0.491167,0.508833
27810_geowiki-landcover-2017,0.64886016,0.3511399
5505_geowiki-landcover-2017,0.64885265,0.35114732
206_tanzania,0.787975,0.21202494
150_germany,0.32618898,0.673811
1521_germany,0.19045718,0.8095428
7541_geowiki-landcover-2017,0.65083784,0.34916216
10059_geowiki-landcover-2017,0.6508275,0.34917244
26647_geowiki-landcover-2017,0.31930292,0.6806971
17286_geowiki-landcover-2017,0.6508275,0.34917244
747_rwanda-ceo,0.6436326,0.35636738
517_kenya-non-crop,0.7879758,0.21202423
3296_ile-de-france,0.19045386,0.8095462
636_kenya-non-crop,0.78797567,0.21202435
7583_canada,0.31930572,0.6806943
7937_geowiki-landcover-2017,0.64886343,0.3511365
143_tanzania-rice-ecaas,0.64363027,0.35636976
5259_ile-de-france,0.19045399,0.809546
22816_geowiki-landcover-2017,0.48099923,0.51900077
30068_geowiki-landcover-2017,0.6436337,0.3563663
895_ile-de-france,0.19045386,0.8095462
193_reunion-france,0.78797555,0.21202445
7323_canada,0.31053162,0.6894684
507_tanzania-ceo,0.4854405,0.51455957
2538_kenya-non-crop,0.7879754,0.21202458
3626_central-asia,0.19045407,0.80954593
24262_geowiki-landcover-2017,0.64886314,0.3511368
261_reunion-france,0.650827,0.34917304
24390_geowiki-landcover-2017,0.64886326,0.3511367
6381_geowiki-landcover-2017,0.32618952,0.6738105
18034_geowiki-landcover-2017,0.6488623,0.3511377
38_tanzania-ceo,0.78797555,0.21202445
719_rwanda-ceo,0.78797483,0.21202515
7626_geowiki-landcover-2017,0.32619867,0.67380136
1_mali-non-crop,0.6508274,0.34917256
1095_central-asia,0.19045395,0.809546
27903_geowiki-landcover-2017,0.49114737,0.50885266
23284_geowiki-landcover-2017,0.32618883,0.67381114
4788_croplands,0.6436343,0.35636568
1741_ile-de-france,0.19045386,0.8095462
13557_croplands,0.6508247,0.34917527
3028_canada,0.48099962,0.5190004
5404_canada,0.19045381,0.8095462
566_tanzania-ceo,0.7879751,0.2120249
3217_central-asia,0.48093173,0.5190683
759_rwanda-ceo,0.7879754,0.21202458
1392_canada,0.31052893,0.6894711
13922_geowiki-landcover-2017,0.47314453,0.5268555
29422_geowiki-landcover-2017,0.32618946,0.6738105
118_rwanda-ceo,0.7879755,0.21202451
313_canada,0.48099923,0.5190008
700_ile-de-france,0.19045775,0.80954224
1726_germany,0.31053206,0.68946797
1671_germany,0.1904555,0.8095445
493_canada,0.48099962,0.5190004
1415_ile-de-france,0.3261891,0.6738109
3811_ile-de-france,0.19045389,0.8095462
28079_geowiki-landcover-2017,0.4911545,0.5088455
155_tanzania-ceo,0.78797466,0.21202539
3593_central-asia,0.19045404,0.809546
35758_geowiki-landcover-2017,0.78797275,0.2120273
554_central-asia,0.19045542,0.8095446
2848_ile-de-france,0.48099497,0.519005
33726_geowiki-landcover-2017,0.31053218,0.6894678
371_martinique-france,0.6508275,0.34917244
1057_mali-helmets-labelling-crops,0.32118258,0.67881745
2277_ile-de-france,0.31053334,0.6894666
107_sudan,0.47528648,0.52471346
3084_canada,0.48099917,0.5190008
841_mali-helmets-labelling-crops,0.3211823,0.6788177
22928_geowiki-landcover-2017,0.6508274,0.34917256
4543_ile-de-france,0.19045399,0.809546
1851_geowiki-landcover-2017,0.49332097,0.50667906
1604_tanzania-ceo,0.65082705,0.34917295
5795_ile-de-france,0.31053343,0.6894666
536_lem-brazil,0.7879754,0.21202463
10586_geowiki-landcover-2017,0.64880836,0.3511916
294_sudan,0.493316,0.506684
3478_rwanda-ceo,0.78797555,0.21202445
4435_croplands,0.47598884,0.52401114
1545_reunion-france,0.7879756,0.21202436
27498_geowiki-landcover-2017,0.787975,0.212025
4669_central-asia,0.31053287,0.6894672
8787_geowiki-landcover-2017,0.47993708,0.52006286
14198_geowiki-landcover-2017,0.32618985,0.6738102
18384_geowiki-landcover-2017,0.6508269,0.3491731
1637_tanzania-ceo,0.66000855,0.33999145
1738_ile-de-france,0.19045398,0.809546
1689_ile-de-france,0.19045399,0.809546
21012_geowiki-landcover-2017,0.48099896,0.51900107
4207_ile-de-france,0.19045985,0.80954015
33225_geowiki-landcover-2017,0.1904545,0.8095455
296_germany,0.32618916,0.67381084
2531_geowiki-landcover-2017,0.3211838,0.67881626
690_croplands,0.19045381,0.8095462
891_central-asia,0.19046137,0.80953866
2742_ile-de-france,0.19045395,0.809546
3122_croplands,0.48544163,0.5145583
65_mali-helmets-labelling-crops,0.32118246,0.6788175
13379_geowiki-landcover-2017,0.66000885,0.33999115
378_germany,0.32618928,0.6738107
2055_tanzania-ceo,0.66000617,0.3399938
12806_geowiki-landcover-2017,0.7879751,0.21202485
20505_geowiki-landcover-2017,0.3261903,0.6738097
14874_croplands,0.475292,0.524708
23182_geowiki-landcover-2017,0.48099864,0.5190013
994_mali-helmets-labelling-crops,0.46868917,0.53131086
2625_rwanda-ceo,0.78797555,0.21202444
35638_geowiki-landcover-2017,0.6436344,0.35636556
13127_geowiki-landcover-2017,0.6508276,0.34917244
2212_ile-de-france,0.32619697,0.67380303
5912_geowiki-landcover-2017,0.3261892,0.6738108
40_geowiki-landcover-2017,0.78796905,0.21203096
780_mali-helmets-labelling-crops,0.32118306,0.6788169
12789_geowiki-landcover-2017,0.65082717,0.34917286
23873_geowiki-landcover-2017,0.4809989,0.51900107
31641_geowiki-landcover-2017,0.19045372,0.8095463
753_rwanda-ceo,0.78797525,0.2120247
1145_central-asia,0.19045395,0.809546
1402_kenya-non-crop,0.6600094,0.3399906
13851_geowiki-landcover-2017,0.6488634,0.35113665
32402_geowiki-landcover-2017,0.48099682,0.5190032
2599_rwanda-ceo,0.7879751,0.21202485
17218_geowiki-landcover-2017,0.6488659,0.3511341
4092_ile-de-france,0.19045381,0.8095462
14028_geowiki-landcover-2017,0.64886355,0.35113648
4516_ile-de-france,0.19045389,0.8095462
1347_kenya-non-crop,0.6436345,0.35636556
5584_ile-de-france,0.19045399,0.809546
201_croplands,0.19045407,0.80954593
2410_ile-de-france,0.19045392,0.8095461
4254_geowiki-landcover-2017,0.65082717,0.3491728
3376_ile-de-france,0.19045404,0.809546
30658_geowiki-landcover-2017,0.32658753,0.6734125
189_croplands,0.32613102,0.67386895
3060_canada,0.48100007,0.51899993
1064_kenya-non-crop,0.78797567,0.21202426
1044_croplands,0.19045715,0.8095429
588_canada,0.48099896,0.51900107
697_geowiki-landcover-2017,0.7879758,0.21202423
525_mali-helmets-labelling-crops,0.6508276,0.3491724
2531_germany,0.19045392,0.8095461
1215_martinique-france,0.6508273,0.3491727
2630_kenya-non-crop,0.78797567,0.21202435
31770_geowiki-landcover-2017,0.64886224,0.3511377
11636_croplands,0.47529122,0.5247088
2094_geowiki-landcover-2017,0.6508767,0.34912327
34908_geowiki-landcover-2017,0.19045897,0.809541
1102_reunion-france,0.78797555,0.21202445
9692_geowiki-landcover-2017,0.6508277,0.34917235
3375_canada,0.32619047,0.6738095
162_kenya,0.78797555,0.21202444
23069_geowiki-landcover-2017,0.78797525,0.2120248
490_reunion-france,0.66000885,0.33999112
3566_central-asia,0.31053242,0.68946755
1811_ile-de-france,0.19045389,0.8095462
3181_geowiki-landcover-2017,0.65082765,0.34917235
734_martinique-france,0.65082765,0.34917235
711_tanzania-rice-ecaas,0.6436331,0.35636684
925_martinique-france,0.65082747,0.34917253
82_ethiopia,0.47315758,0.5268424
8148_geowiki-landcover-2017,0.6508277,0.3491723
1262_germany,0.32618943,0.6738106
34560_geowiki-landcover-2017,0.4731395,0.52686054
5217_central-asia,0.19045499,0.809545
6331_canada,0.3261892,0.67381084
5798_geowiki-landcover-2017,0.319304,0.680696
26327_geowiki-landcover-2017,0.6508274,0.3491726
1520_canada,0.31053072,0.6894692
25997_geowiki-landcover-2017,0.6508277,0.34917226
5178_central-asia,0.19045433,0.8095457
32985_geowiki-landcover-2017,0.6436315,0.3563685
3480_central-asia,0.31053236,0.68946767
1490_kenya-non-crop,0.66000915,0.33999082
186_kenya-non-crop,0.7879758,0.21202423
1269_germany,0.32618922,0.6738108
16658_geowiki-landcover-2017,0.7879735,0.21202643
2035_central-asia,0.19045624,0.8095437
7275_canada,0.31053245,0.6894676
2614_geowiki-landcover-2017,0.47529733,0.52470267
282_canada,0.3261893,0.67381066
43_lem-brazil,0.66001266,0.33998734
349_kenya-non-crop,0.7879756,0.21202436
2254_geowiki-landcover-2017,0.6508274,0.34917265
13936_geowiki-landcover-2017,0.47315434,0.5268457
1443_central-asia,0.19045833,0.80954164
6296_canada,0.19045404,0.809546
2881_rwanda-ceo,0.78797525,0.2120247
1229_canada,0.31022784,0.6897722
392_mali-helmets-labelling-crops,0.47529262,0.5247074
23066_geowiki-landcover-2017,0.6508277,0.3491723
2634_kenya-non-crop,0.78797567,0.21202426
441_ethiopia,0.6600457,0.33995435
2629_canada,0.32618803,0.673812
506_mali-helmets-labelling-crops,0.32118216,0.6788178
547_tanzania-ceo,0.7879758,0.21202426
2716_reunion-france,0.7879755,0.21202455
7523_canada,0.32619098,0.67380905
2245_tanzania-ceo,0.78797567,0.21202435
3853_geowiki-landcover-2017,0.48099923,0.5190008
30774_geowiki-landcover-2017,0.6488631,0.3511369
73_central-asia,0.31930268,0.6806974
3606_geowiki-landcover-2017,0.4933148,0.5066852
12859_geowiki-landcover-2017,0.47529212,0.5247079
276_tanzania-rice-ecaas,0.48544014,0.51455986
918_central-asia,0.19046117,0.80953884
1184_martinique-france,0.6508274,0.3491726
6378_canada,0.31053206,0.6894679
3518_geowiki-landcover-2017,0.65082747,0.34917247
29580_geowiki-landcover-2017,0.4752933,0.52470666
32869_geowiki-landcover-2017,0.49331167,0.50668836
3052_central-asia,0.48112988,0.5188702
9985_croplands,0.6600108,0.33998924
1792_martinique-france,0.65082747,0.34917247
25675_geowiki-landcover-2017,0.3261902,0.6738098
1367_mali-helmets-labelling-crops,0.47527507,0.52472496
1580_reunion-france,0.6600087,0.3399913
10690_croplands,0.6436344,0.35636565
83_lem-brazil,0.48544022,0.51455975
28918_geowiki-landcover-2017,0.3105332,0.68946683
6402_canada,0.48096922,0.5190308
3268_ile-de-france,0.19045386,0.8095462
3185_canada,0.31065103,0.689349
3843_ile-de-france,0.19045426,0.80954576
235_croplands,0.19045404,0.809546
1246_central-asia,0.19045392,0.8095461
2616_reunion-france,0.6508278,0.34917217
590_central-asia,0.1904548,0.8095452
2062_rwanda-ceo,0.78797555,0.21202445
33078_geowiki-landcover-2017,0.6436338,0.35636625
565_central-asia,0.3105338,0.68946624
17157_geowiki-landcover-2017,0.48099938,0.5190006
25974_geowiki-landcover-2017,0.47529218,0.52470785
22501_geowiki-landcover-2017,0.32619008,0.67380995
2728_ile-de-france,0.19045694,0.809543
11577_croplands,0.47529265,0.5247073
2603_geowiki-landcover-2017,0.49331307,0.5066869
3255_geowiki-landcover-2017,0.6508277,0.3491723
1922_kenya-non-crop,0.48543474,0.5145652
5105_ile-de-france,0.4809989,0.5190011
9358_geowiki-landcover-2017,0.4752968,0.52470315
1534_geowiki-landcover-2017,0.6609256,0.33907434
9326_croplands,0.7879756,0.2120244
1391_canada,0.31052005,0.68947995
32_germany,0.1904542,0.80954576
33531_geowiki-landcover-2017,0.4809993,0.5190007
2590_central-asia,0.19045427,0.8095457
2190_geowiki-landcover-2017,0.4752949,0.52470505
10937_geowiki-landcover-2017,0.64886326,0.35113674
528_central-asia,0.19045632,0.80954367
3749_canada,0.19045436,0.80954564
3496_geowiki-landcover-2017,0.65082645,0.34917358
3300_central-asia,0.3105321,0.6894679
5166_ile-de-france,0.48099145,0.5190086
517_tanzania-ceo,0.6508276,0.34917244
21182_geowiki-landcover-2017,0.6508277,0.3491723
13579_geowiki-landcover-2017,0.48542476,0.5145752
30423_geowiki-landcover-2017,0.32618943,0.6738106
15138_geowiki-landcover-2017,0.6508279,0.34917206
2302_canada,0.48099908,0.5190009
2456_reunion-france,0.4752962,0.52470374
1615_rwanda-ceo,0.7879758,0.21202423
375_sudan,0.48543942,0.51456064
4726_canada,0.47529128,0.5247087
1532_canada,0.19045392,0.8095461
27314_geowiki-landcover-2017,0.78793913,0.2120609
32979_geowiki-landcover-2017,0.47529244,0.52470756
34766_geowiki-landcover-2017,0.31053266,0.6894673
1072_geowiki-landcover-2017,0.7875436,0.21245639
1291_mali-helmets-labelling-crops,0.32118258,0.6788174
14107_croplands,0.7879751,0.21202485
8942_geowiki-landcover-2017,0.3105326,0.68946743
18043_geowiki-landcover-2017,0.19045395,0.809546
1653_central-asia,0.32618874,0.67381126
98_ile-de-france,0.19045433,0.8095457
4815_canada,0.19045392,0.8095461
8369_geowiki-landcover-2017,0.648864,0.351136
1655_ile-de-france,0.19045386,0.8095462
3388_central-asia,0.3105325,0.6894675
7015_geowiki-landcover-2017,0.48099902,0.51900095
5842_canada,0.19045383,0.8095462
2762_geowiki-landcover-2017,0.6508277,0.3491723
17118_geowiki-landcover-2017,0.6508275,0.34917244
30798_geowiki-landcover-2017,0.19045661,0.8095434
26496_geowiki-landcover-2017,0.32618898,0.673811
2693_ile-de-france,0.32618922,0.6738107
469_ethiopia,0.6600087,0.33999127
649_reunion-france,0.78797555,0.21202445
1120_canada,0.31054398,0.68945605
22359_geowiki-landcover-2017,0.49113867,0.5088613
7567_canada,0.19045383,0.8095462
24394_geowiki-landcover-2017,0.3105323,0.68946767
33789_geowiki-landcover-2017,0.31930375,0.68069625
2245_canada,0.31053236,0.68946767
6903_canada,0.19045587,0.80954415
115_rwanda-ceo,0.78797525,0.2120247
603_reunion-france,0.4855021,0.51449794
4266_central-asia,0.3193022,0.6806978
24242_geowiki-landcover-2017,0.3105347,0.68946534
3430_canada,0.32619005,0.67380995
34018_geowiki-landcover-2017,0.19045404,0.809546
2143_kenya-non-crop,0.7879755,0.21202451
27341_geowiki-landcover-2017,0.472774,0.52722603
1153_ile-de-france,0.48099896,0.519001
7174_geowiki-landcover-2017,0.480578,0.519422
22139_geowiki-landcover-2017,0.64886314,0.3511369
2041_canada,0.19045378,0.80954623
2775_ile-de-france,0.19045404,0.809546
31198_geowiki-landcover-2017,0.65082717,0.34917277
169_ile-de-france,0.19045389,0.8095462
5136_canada,0.19045381,0.8095462
2296_kenya-non-crop,0.78797495,0.21202502
4400_central-asia,0.19050904,0.80949104
12826_geowiki-landcover-2017,0.4810009,0.5189991
335_rwanda-ceo,0.78797567,0.21202426
27700_geowiki-landcover-2017,0.64886296,0.351137
22_tanzania,0.64363456,0.35636544
156_lem-brazil,0.66000843,0.33999154
15615_geowiki-landcover-2017,0.3261898,0.67381024
3056_ile-de-france,0.31052145,0.6894786
2910_canada,0.19045374,0.80954623
4098_ile-de-france,0.19045392,0.8095461
5464_ile-de-france,0.19045389,0.8095462
187_tanzania-rice-ecaas,0.6436334,0.3563666
31048_geowiki-landcover-2017,0.31053156,0.68946844
10109_croplands,0.48545083,0.51454914
5191_geowiki-landcover-2017,0.6508278,0.34917217
2553_kenya-non-crop,0.7879755,0.21202455
876_reunion-france,0.7879754,0.21202463
30855_geowiki-landcover-2017,0.4911546,0.5088454
30793_geowiki-landcover-2017,0.3261891,0.67381096
378_tanzania,0.78797555,0.21202444
23153_geowiki-landcover-2017,0.32643527,0.6735648
1816_rwanda-ceo,0.6436347,0.35636532
1090_rwanda-ceo,0.78797567,0.21202426
16835_geowiki-landcover-2017,0.32118502,0.67881495
2904_canada,0.3105326,0.68946743
406_lem-brazil,0.4854506,0.51454943
2694_geowiki-landcover-2017,0.32121512,0.67878485
788_kenya-non-crop,0.6436343,0.35636568
2290_tanzania-ceo,0.7879718,0.2120282
12942_geowiki-landcover-2017,0.65082747,0.34917253
2119_geowiki-landcover-2017,0.6508101,0.34918985
6325_canada,0.31053182,0.68946815
682_tanzania-ceo,0.6436344,0.35636565
10629_croplands,0.48544067,0.5145593
2423_kenya-non-crop,0.65083104,0.34916896
9970_croplands,0.6436339,0.35636616
17091_geowiki-landcover-2017,0.65082765,0.34917235
3481_geowiki-landcover-2017,0.6508238,0.3491763
1042_reunion-france,0.65082747,0.34917253
6810_geowiki-landcover-2017,0.65082717,0.3491728
2298_germany,0.48097646,0.51902354
33479_geowiki-landcover-2017,0.49115744,0.5088426
5804_canada,0.19045383,0.8095462
26839_geowiki-landcover-2017,0.64886314,0.35113683
662_croplands,0.47529233,0.5247077
29590_geowiki-landcover-2017,0.32619077,0.67380923
19298_geowiki-landcover-2017,0.32619,0.67381
9446_croplands,0.3211827,0.6788173
13455_geowiki-landcover-2017,0.6508274,0.3491726
2810_rwanda-ceo,0.48544568,0.5145543
4024_central-asia,0.31053525,0.6894647
5997_canada,0.19045374,0.80954623
9997_geowiki-landcover-2017,0.7879751,0.2120249
4645_ile-de-france,0.31053516,0.6894648
32627_geowiki-landcover-2017,0.48099917,0.5190008
34954_geowiki-landcover-2017,0.31053218,0.68946785
2417_canada,0.3261799,0.6738201
936_martinique-france,0.6508275,0.34917244
861_germany,0.48099804,0.51900196
1949_reunion-france,0.6600087,0.33999127
517_ile-de-france,0.3261044,0.6738956
5876_ile-de-france,0.31053224,0.6894677
1054_martinique-france,0.6508276,0.34917235
2516_canada,0.48100054,0.51899946
5003_canada,0.32618508,0.67381495
35_tanzania,0.7879747,0.21202524
2629_ile-de-france,0.19046779,0.8095323
4344_central-asia,0.47311932,0.5268807
838_reunion-france,0.65082765,0.34917235
325_ethiopia,0.78797466,0.2120253
9456_croplands,0.41356626,0.58643377
374_croplands,0.31053218,0.68946785
1288_kenya-non-crop,0.66001266,0.33998734
27191_geowiki-landcover-2017,0.7879751,0.2120249
5380_canada,0.3261912,0.67380875
27735_geowiki-landcover-2017,0.49115047,0.5088495
822_martinique-france,0.6508287,0.34917128
763_mali-helmets-labelling-crops,0.3212092,0.6787908
2165_central-asia,0.19045438,0.80954564
30045_geowiki-landcover-2017,0.48544145,0.51455855
428_geowiki-landcover-2017,0.660057,0.33994302
3048_canada,0.48099953,0.5190005
1901_tanzania-ceo,0.78797555,0.21202445
23669_geowiki-landcover-2017,0.64886326,0.3511367
35531_geowiki-landcover-2017,0.6507866,0.34921345
714_geowiki-landcover-2017,0.7879749,0.21202512
30564_geowiki-landcover-2017,0.31053248,0.68946755
31506_geowiki-landcover-2017,0.6436342,0.3563658
1917_geowiki-landcover-2017,0.6508278,0.34917215
545_lem-brazil,0.64365554,0.35634443
28005_geowiki-landcover-2017,0.47313985,0.5268601
6978_geowiki-landcover-2017,0.7879756,0.21202436
29403_geowiki-landcover-2017,0.19045378,0.80954623
1537_geowiki-landcover-2017,0.78797096,0.21202908
1430_geowiki-landcover-2017,0.7879753,0.21202467
15244_geowiki-landcover-2017,0.6508277,0.34917226
6595_canada,0.32618952,0.6738105
35598_geowiki-landcover-2017,0.4752883,0.5247117
1037_reunion-france,0.7879753,0.21202467
716_reunion-france,0.6600089,0.33999112
1300_martinique-france,0.6508278,0.34917215
177_martinique-france,0.65082747,0.34917247
2442_germany,0.31053025,0.6894698
23717_geowiki-landcover-2017,0.3261891,0.6738109
5549_ile-de-france,0.19045389,0.8095462
184_uganda,0.7879752,0.21202481
88_central-asia,0.3105312,0.68946886
5130_central-asia,0.19045873,0.8095412
31818_geowiki-landcover-2017,0.3261891,0.67381096
602_kenya-non-crop,0.7879738,0.21202616
44_lem-brazil,0.6600093,0.33999065
8414_geowiki-landcover-2017,0.6508276,0.34917244
3263_canada,0.32619244,0.67380756
16192_geowiki-landcover-2017,0.64886355,0.35113642
112_kenya,0.6436357,0.35636428
2241_croplands,0.7879754,0.21202458
24454_geowiki-landcover-2017,0.47289556,0.52710444
2322_canada,0.3261891,0.6738109
17599_geowiki-landcover-2017,0.65082717,0.3491728
2088_germany,0.19045842,0.80954164
2328_rwanda-ceo,0.7879756,0.2120244
16443_geowiki-landcover-2017,0.6508277,0.34917226
21161_geowiki-landcover-2017,0.31053218,0.68946785
692_reunion-france,0.6600089,0.33999112
940_ile-de-france,0.19045404,0.809546
5496_geowiki-landcover-2017,0.47313958,0.5268604
2604_rwanda-ceo,0.7879755,0.21202455
3700_canada,0.19045457,0.8095454
1011_croplands,0.31053212,0.68946785
3928_canada,0.4809984,0.51900166
15057_geowiki-landcover-2017,0.6508274,0.3491726
7116_geowiki-landcover-2017,0.6508263,0.34917367
33682_geowiki-landcover-2017,0.32618913,0.67381084
9240_croplands,0.64341927,0.3565807
1539_martinique-france,0.6508276,0.34917235
1654_ile-de-france,0.19045389,0.8095462
627_croplands,0.19045395,0.8095461
2640_rwanda-ceo,0.7879752,0.21202482
5311_geowiki-landcover-2017,0.31930313,0.68069685
2389_ile-de-france,0.31053007,0.68947
21606_geowiki-landcover-2017,0.32618868,0.6738113
357_sudan,0.78797555,0.21202444
5833_ile-de-france,0.19045386,0.8095462
7920_canada,0.32618904,0.67381096
34933_geowiki-landcover-2017,0.48099864,0.5190013
22130_geowiki-landcover-2017,0.648863,0.35113698
1777_rwanda-ceo,0.7879754,0.21202463
1401_reunion-france,0.6600086,0.33999133
19256_geowiki-landcover-2017,0.47529173,0.5247083
196_uganda,0.48544025,0.51455975
957_togo,0.49331117,0.5066888
3832_central-asia,0.19045599,0.80954397
909_germany,0.32618964,0.67381036
3368_rwanda-ceo,0.78797567,0.2120243
5257_geowiki-landcover-2017,0.32619673,0.67380327
12095_geowiki-landcover-2017,0.648863,0.35113698
633_ethiopia,0.7879754,0.21202463
2585_reunion-france,0.65124464,0.34875536
11339_geowiki-landcover-2017,0.78797007,0.21202998
370_ile-de-france,0.4809919,0.51900804
6247_canada,0.31053194,0.6894681
64_tanzania-ceo,0.7879755,0.21202455
30679_geowiki-landcover-2017,0.4809982,0.51900184
3170_canada,0.19045386,0.8095462
7733_geowiki-landcover-2017,0.78797567,0.21202426
32089_geowiki-landcover-2017,0.31053177,0.68946826
21648_geowiki-landcover-2017,0.31930348,0.6806965
131_reunion-france,0.78797525,0.2120248
3315_geowiki-landcover-2017,0.3211847,0.6788153
2067_canada,0.19045386,0.8095462
13_ile-de-france,0.32618958,0.6738105
1781_rwanda-ceo,0.7879754,0.21202463
2012_reunion-france,0.65082717,0.34917286
11661_geowiki-landcover-2017,0.7879749,0.21202512
231_canada,0.3261913,0.6738087
52_mali,0.32118234,0.67881763
449_martinique-france,0.65082747,0.34917253
4981_geowiki-landcover-2017,0.4933124,0.50668764
1397_central-asia,0.19045395,0.8095461
5075_geowiki-landcover-2017,0.787974,0.21202603
3238_canada,0.48099962,0.5190004
4524_croplands,0.4752947,0.5247053
2236_canada,0.190457,0.809543
4359_ile-de-france,0.19045404,0.809546
2742_central-asia,0.32618997,0.67381
5415_ile-de-france,0.19045389,0.8095462
865_rwanda-ceo,0.7879756,0.2120244
946_reunion-france,0.6508273,0.34917274
1120_central-asia,0.19045392,0.8095461
6668_canada,0.19045404,0.80954593
3298_rwanda-ceo,0.6600094,0.3399906
5235_ile-de-france,0.48099566,0.51900434
881_ile-de-france,0.19045387,0.8095462
793_canada,0.3261893,0.67381066
1116_ile-de-france,0.31053227,0.6894677
107_mali-non-crop,0.4752926,0.52470744
4771_geowiki-landcover-2017,0.32618952,0.6738105
18603_geowiki-landcover-2017,0.49115467,0.5088453
24254_geowiki-landcover-2017,0.4809987,0.5190013
4314_ile-de-france,0.48099762,0.51900244
2152_kenya-non-crop,0.78797567,0.2120243
3203_geowiki-landcover-2017,0.6509868,0.3490132
59_martinique-france,0.6508286,0.34917137
1200_mali-helmets-labelling-crops,0.3211834,0.6788166
300_geowiki-landcover-2017,0.48543984,0.51456016
289_ile-de-france,0.3261863,0.6738137
1861_ile-de-france,0.19045389,0.8095462
820_geowiki-landcover-2017,0.6602977,0.3397023
3123_rwanda-ceo,0.7879756,0.2120244
1039_martinique-france,0.6508276,0.3491724
313_martinique-france,0.65156806,0.34843197
168_mali-helmets-labelling-crops,0.32118246,0.6788175
13705_geowiki-landcover-2017,0.49331167,0.5066883
840_central-asia,0.49115306,0.50884694
877_togo,0.32118335,0.6788166
3206_ile-de-france,0.32618767,0.6738123
33401_geowiki-landcover-2017,0.31052974,0.68947023
945_germany,0.3261893,0.6738107
4534_geowiki-landcover-2017,0.64886314,0.3511368
1735_martinique-france,0.65082854,0.34917143
28723_geowiki-landcover-2017,0.48099908,0.5190009
2163_rwanda-ceo,0.7879754,0.21202458
3970_canada,0.32618904,0.67381096
8141_geowiki-landcover-2017,0.49115416,0.50884587
1130_canada,0.1904543,0.8095457
2441_reunion-france,0.7879754,0.21202458
20146_geowiki-landcover-2017,0.48099902,0.51900095
27465_geowiki-landcover-2017,0.6508266,0.34917343
771_reunion-france,0.6508275,0.34917244
258_central-asia,0.3193007,0.6806993
1098_canada,0.31053218,0.6894678
3570_canada,0.31052843,0.6894716
1905_canada,0.3105325,0.68946755
2221_geowiki-landcover-2017,0.650827,0.34917304
30305_geowiki-landcover-2017,0.7879753,0.21202467
14599_geowiki-landcover-2017,0.47318676,0.52681327
25672_geowiki-landcover-2017,0.49114743,0.50885254
2394_central-asia,0.3261775,0.67382246
19561_geowiki-landcover-2017,0.65082717,0.34917277
705_germany,0.19045381,0.8095462
9520_croplands,0.6436343,0.35636568
35513_geowiki-landcover-2017,0.65074295,0.34925708
13_brazil-non-crop,0.6436694,0.35633054
4510_croplands,0.47529936,0.5247007
29602_geowiki-landcover-2017,0.19045419,0.8095459
167_sudan,0.32118177,0.6788183
847_togo,0.49331185,0.5066881
15714_geowiki-landcover-2017,0.31930512,0.6806949
919_kenya-non-crop,0.78797567,0.21202426
380_kenya-non-crop,0.7879756,0.2120244
456_ile-de-france,0.31053168,0.6894683
3016_ile-de-france,0.19045389,0.8095462
20068_geowiki-landcover-2017,0.31053197,0.689468
2976_canada,0.32618946,0.6738105
4258_canada,0.3211818,0.67881817
6060_canada,0.31053224,0.6894677
386_tanzania-ceo,0.78797567,0.21202426
507_canada,0.48094591,0.5190541
2251_rwanda-ceo,0.7879754,0.21202463
8047_geowiki-landcover-2017,0.66945267,0.33054736
18247_geowiki-landcover-2017,0.32619354,0.6738064
3659_ile-de-france,0.1904539,0.8095461
247_tanzania,0.7879754,0.21202455
822_togo,0.6508275,0.34917244
4765_canada,0.1904538,0.80954623
20614_geowiki-landcover-2017,0.65082747,0.3491725
1736_martinique-france,0.65082747,0.34917256
28666_geowiki-landcover-2017,0.3105431,0.6894569
1005_ile-de-france,0.3261893,0.6738107
6978_canada,0.32618883,0.67381114
24480_geowiki-landcover-2017,0.64886326,0.35113674
16179_geowiki-landcover-2017,0.48099685,0.5190031
8520_geowiki-landcover-2017,0.49335417,0.50664586
16625_geowiki-landcover-2017,0.6600047,0.3399953
402_ethiopia,0.66000825,0.33999175
5885_ile-de-france,0.1904542,0.80954576
14699_croplands,0.47529516,0.5247049
1579_kenya-non-crop,0.6436341,0.35636586
1845_kenya-non-crop,0.78797567,0.21202433
1351_rwanda-ceo,0.7879758,0.21202426
430_ile-de-france,0.1904541,0.8095459
1012_mali-helmets-labelling-crops,0.32118276,0.6788173
551_central-asia,0.19046532,0.80953467
640_canada,0.48099285,0.5190071
3460_central-asia,0.31053236,0.68946767
1066_ile-de-france,0.31060272,0.6893973
9465_geowiki-landcover-2017,0.6600158,0.33998415
1144_kenya-non-crop,0.78797555,0.21202445
8882_geowiki-landcover-2017,0.48099908,0.5190009
2366_germany,0.19045389,0.8095462
395_geowiki-landcover-2017,0.7879747,0.21202527
3998_canada,0.31053218,0.68946785
9554_geowiki-landcover-2017,0.47529206,0.5247079
4475_croplands,0.4752941,0.52470595
20044_geowiki-landcover-2017,0.6600073,0.33999276
1846_central-asia,0.19045389,0.8095462
457_ethiopia,0.66000855,0.3399915
13982_geowiki-landcover-2017,0.48099896,0.51900107
5961_geowiki-landcover-2017,0.48099872,0.51900125
13942_geowiki-landcover-2017,0.48099926,0.51900077
30170_geowiki-landcover-2017,0.78797495,0.21202508
399_ethiopia,0.78796476,0.21203521
1355_canada,0.31053254,0.6894675
3750_ile-de-france,0.19045392,0.8095461
343_germany,0.326189,0.67381096
13085_geowiki-landcover-2017,0.6508271,0.34917295
8642_geowiki-landcover-2017,0.6488451,0.35115486
2384_tanzania-ceo,0.7879756,0.2120244
26070_geowiki-landcover-2017,0.65080917,0.34919083
4725_croplands,0.4752947,0.5247053
22508_geowiki-landcover-2017,0.3193032,0.6806968
6163_geowiki-landcover-2017,0.64886355,0.35113648
14625_geowiki-landcover-2017,0.50192285,0.49807718
1361_germany,0.3105322,0.6894677
381_martinique-france,0.65082747,0.34917253
258_rwanda-ceo,0.66000926,0.3399908
1738_martinique-france,0.6508276,0.3491724
222_kenya,0.7879754,0.21202463
313_ile-de-france,0.48099855,0.5190014
25919_geowiki-landcover-2017,0.48102367,0.51897633
587_germany,0.19045381,0.8095462
1784_ile-de-france,0.19045398,0.809546
2513_central-asia,0.19045576,0.80954427
17609_geowiki-landcover-2017,0.31053302,0.68946695
1502_martinique-france,0.6508275,0.34917244
1007_martinique-france,0.65082777,0.34917226
805_mali-helmets-labelling-crops,0.32118225,0.67881775
402_kenya-non-crop,0.6436345,0.35636547
4582_croplands,0.47530234,0.52469766
554_kenya-non-crop,0.78797567,0.21202426
1840_geowiki-landcover-2017,0.6436323,0.35636768
15738_geowiki-landcover-2017,0.6436342,0.3563658
18789_geowiki-landcover-2017,0.48099908,0.5190009
1005_martinique-france,0.49331227,0.50668776
751_ile-de-france,0.19948913,0.8005109
817_germany,0.31053218,0.6894678
6796_geowiki-landcover-2017,0.4911547,0.5088453
6507_geowiki-landcover-2017,0.31053835,0.68946165
562_tanzania-ceo,0.7879754,0.21202463
641_togo,0.49358213,0.50641793
513_central-asia,0.19046608,0.8095339
1105_mali-helmets-labelling-crops,0.32118255,0.6788175
2166_kenya-non-crop,0.7879758,0.21202426
3187_ile-de-france,0.19045483,0.80954516
34814_geowiki-landcover-2017,0.32619226,0.6738077
18378_geowiki-landcover-2017,0.6508264,0.34917358
328_martinique-france,0.6508276,0.34917244
2774_rwanda-ceo,0.7879758,0.21202423
689_rwanda-ceo,0.7879756,0.21202436
3475_rwanda-ceo,0.6436351,0.35636497
430_tanzania-ceo,0.7879756,0.21202436
1323_ile-de-france,0.3261875,0.6738125
5068_ile-de-france,0.48099908,0.51900095
27224_geowiki-landcover-2017,0.49331686,0.5066831
717_rwanda-ceo,0.7879756,0.2120244
5861_geowiki-landcover-2017,0.32118192,0.6788181
28258_geowiki-landcover-2017,0.6508271,0.34917286
755_martinique-france,0.6508275,0.34917244
34653_geowiki-landcover-2017,0.49113485,0.5088652
27312_geowiki-landcover-2017,0.4911538,0.50884616
29744_geowiki-landcover-2017,0.64886343,0.3511366
6670_croplands,0.6436375,0.35636258
4675_ile-de-france,0.31053165,0.6894683
658_central-asia,0.31053376,0.68946624
5657_canada,0.31050536,0.68949467
4693_geowiki-landcover-2017,0.65082747,0.34917256
3051_geowiki-landcover-2017,0.65082717,0.34917286
803_geowiki-landcover-2017,0.48544022,0.51455975
10377_geowiki-landcover-2017,0.78797483,0.21202517
2675_kenya-non-crop,0.66001976,0.3399803
17228_geowiki-landcover-2017,0.49115464,0.5088454
0_mali-helmets-labelling-crops,0.6508276,0.34917244
16856_geowiki-landcover-2017,0.7879756,0.2120244
2051_rwanda-ceo,0.78797567,0.21202426
30849_geowiki-landcover-2017,0.64886343,0.3511365
6139_ile-de-france,0.19045389,0.8095462
34701_geowiki-landcover-2017,0.48099878,0.51900125
483_rwanda-ceo,0.78797555,0.21202444
1049_kenya-non-crop,0.78797567,0.2120243
2001_kenya-non-crop,0.6508288,0.3491712
321_sudan,0.660008,0.33999196
9363_geowiki-landcover-2017,0.4752938,0.52470624
11951_geowiki-landcover-2017,0.7879723,0.21202773
25638_geowiki-landcover-2017,0.49115467,0.5088454
5553_geowiki-landcover-2017,0.48099864,0.5190013
1488_kenya-non-crop,0.7879734,0.21202658
1203_central-asia,0.19045399,0.809546
782_martinique-france,0.6508277,0.3491723
13629_geowiki-landcover-2017,0.4731397,0.5268603
979_canada,0.19045666,0.8095434
3728_canada,0.31053236,0.68946767
34956_geowiki-landcover-2017,0.32619014,0.6738099
4059_geowiki-landcover-2017,0.6508276,0.34917244
1980_central-asia,0.19045398,0.809546
14319_geowiki-landcover-2017,0.4911548,0.5088452
19912_geowiki-landcover-2017,0.6488525,0.35114753
14089_geowiki-landcover-2017,0.64886355,0.35113648
88_tanzania,0.78797555,0.21202444
376_croplands,0.6508274,0.34917265
194_tanzania,0.48543984,0.51456016
808_croplands,0.19045383,0.8095462
9272_geowiki-landcover-2017,0.642949,0.35705107
1382_ile-de-france,0.32618877,0.6738112
19208_geowiki-landcover-2017,0.3261904,0.6738095
3560_ile-de-france,0.48099613,0.51900387
4035_canada,0.31053206,0.6894679
400_mali-helmets-labelling-crops,0.49380916,0.50619084
4582_ile-de-france,0.31053224,0.6894677
1570_martinique-france,0.6508275,0.34917244
408_reunion-france,0.7879755,0.21202451
223_rwanda-ceo,0.78797525,0.21202475
749_kenya-non-crop,0.7879756,0.2120244
6267_canada,0.31052887,0.6894711
1646_reunion-france,0.4752922,0.5247078
741_tanzania-rice-ecaas,0.48544297,0.514557
5081_ile-de-france,0.3261891,0.6738109
169_mali-helmets-labelling-crops,0.321183,0.678817
1201_martinique-france,0.65082747,0.34917256
282_croplands,0.47528434,0.52471566
4323_ile-de-france,0.3105325,0.68946755
5_martinique-france,0.65082866,0.34917134
3640_central-asia,0.19045399,0.809546
56_kenya-non-crop,0.7879749,0.21202512
2537_geowiki-landcover-2017,0.49339288,0.5066072
604_kenya-non-crop,0.78797567,0.21202435
24054_geowiki-landcover-2017,0.4933114,0.5066886
3437_ile-de-france,0.19045386,0.8095462
1078_rwanda-ceo,0.78797555,0.21202445
17888_geowiki-landcover-2017,0.19088747,0.8091125
9375_croplands,0.3213107,0.6786893
853_reunion-france,0.6508275,0.34917244
29107_geowiki-landcover-2017,0.32618967,0.67381036
2031_germany,0.19045392,0.8095461
27776_geowiki-landcover-2017,0.6488633,0.35113668
769_lem-brazil,0.7879754,0.21202458
22123_geowiki-landcover-2017,0.19045395,0.809546
518_germany,0.19045411,0.8095459
27816_geowiki-landcover-2017,0.64886284,0.35113713
632_ile-de-france,0.19045399,0.809546
4131_ile-de-france,0.480998,0.51900196
442_togo,0.6508267,0.34917334
869_croplands,0.47531942,0.5246806
3826_geowiki-landcover-2017,0.48099908,0.5190009
11076_geowiki-landcover-2017,0.49115527,0.50884473
1683_canada,0.31053257,0.68946743
1310_kenya-non-crop,0.7879755,0.21202451
13080_geowiki-landcover-2017,0.4731395,0.5268605
33913_geowiki-landcover-2017,0.19045454,0.80954546
8862_geowiki-landcover-2017,0.64886355,0.35113642
712_canada,0.19045629,0.8095437
3974_geowiki-landcover-2017,0.47313803,0.52686197
107_canada,0.48099005,0.51900995
34636_geowiki-landcover-2017,0.19045712,0.8095429
29318_geowiki-landcover-2017,0.65082777,0.34917226
11573_geowiki-landcover-2017,0.7879754,0.21202458
2595_ile-de-france,0.19045395,0.809546
828_togo,0.65082747,0.34917256
4362_canada,0.1904538,0.80954623
2070_canada,0.19045381,0.8095462
2621_central-asia,0.19045436,0.80954564
873_mali-helmets-labelling-crops,0.321183,0.67881703
310_martinique-france,0.65101683,0.34898317
4455_geowiki-landcover-2017,0.48543972,0.5145603
2495_central-asia,0.1904543,0.8095457
2380_rwanda-ceo,0.7879756,0.2120244
925_central-asia,0.1904695,0.80953056
2650_kenya-non-crop,0.7879754,0.21202458
32493_geowiki-landcover-2017,0.66000986,0.33999017
34408_geowiki-landcover-2017,0.6602747,0.3397253
1330_tanzania-ceo,0.6436338,0.35636622
1171_kenya-non-crop,0.78797567,0.21202426
1019_togo,0.6508278,0.34917223
14911_croplands,0.48099816,0.51900184
358_sudan,0.6436341,0.35636586
4729_central-asia,0.19045398,0.809546
33681_geowiki-landcover-2017,0.19045372,0.8095463
8549_geowiki-landcover-2017,0.6508276,0.34917235
4739_canada,0.3261891,0.6738109
672_tanzania-ceo,0.7879754,0.21202458
21439_geowiki-landcover-2017,0.65082747,0.34917256
5442_ile-de-france,0.19045408,0.80954593
394_togo,0.3211821,0.67881787
2524_germany,0.48099878,0.51900125
12722_geowiki-landcover-2017,0.31053388,0.6894661
43_sudan,0.6508292,0.34917083
7122_canada,0.48098356,0.51901644
11883_geowiki-landcover-2017,0.65082717,0.34917286
607_germany,0.19045395,0.809546
245_canada,0.48099852,0.5190014
1356_reunion-france,0.6508293,0.34917068
1082_ile-de-france,0.3262018,0.67379814
582_reunion-france,0.7879753,0.21202467
9400_croplands,0.49331278,0.5066872
18720_geowiki-landcover-2017,0.48099765,0.5190024
5487_canada,0.19045378,0.80954623
19294_geowiki-landcover-2017,0.4809703,0.51902974
19798_geowiki-landcover-2017,0.6508273,0.34917274
6060_croplands,0.64363307,0.35636693
35424_geowiki-landcover-2017,0.19045383,0.8095462
32932_geowiki-landcover-2017,0.64886004,0.3511399
28159_geowiki-landcover-2017,0.6436327,0.3563673
6295_canada,0.1904541,0.8095459
28633_geowiki-landcover-2017,0.65082705,0.34917295
932_rwanda-ceo,0.78797555,0.21202444
19851_geowiki-landcover-2017,0.6508273,0.3491727
5530_canada,0.19045399,0.809546
23652_geowiki-landcover-2017,0.47529322,0.5247068
4972_geowiki-landcover-2017,0.78797525,0.2120248
5195_ile-de-france,0.19045395,0.809546
25883_geowiki-landcover-2017,0.3105361,0.6894639
7949_geowiki-landcover-2017,0.6488528,0.35114715
14487_geowiki-landcover-2017,0.31053212,0.68946785
3829_ile-de-france,0.326214,0.673786
3549_geowiki-landcover-2017,0.65082765,0.34917235
8544_geowiki-landcover-2017,0.65999174,0.34000826
31662_geowiki-landcover-2017,0.49296632,0.5070337
35075_geowiki-landcover-2017,0.47313884,0.52686113
4236_ile-de-france,0.19045386,0.8095462
10019_geowiki-landcover-2017,0.6508279,0.34917212
3797_ile-de-france,0.326189,0.67381096
1496_rwanda-ceo,0.64363146,0.3563685
300_tanzania-rice-ecaas,0.65999615,0.34000385
3_ethiopia,0.6488688,0.35113117
1060_tanzania-ceo,0.787968,0.21203205
19390_geowiki-landcover-2017,0.6488634,0.35113668
3992_geowiki-landcover-2017,0.49115455,0.50884545
688_canada,0.19045414,0.8095459
8433_geowiki-landcover-2017,0.64886343,0.3511366
1550_reunion-france,0.7879753,0.21202467
772_kenya-non-crop,0.7879756,0.21202436
1395_germany,0.19045381,0.8095462
2164_ile-de-france,0.48099878,0.51900125
364_rwanda-ceo,0.7879756,0.2120244
25301_geowiki-landcover-2017,0.6488565,0.35114342
13697_croplands,0.6508273,0.34917268
62_mali,0.6493596,0.35064042
7308_canada,0.19045416,0.8095459
7687_geowiki-landcover-2017,0.32618877,0.6738112
862_togo,0.78797406,0.21202599
7_martinique-france,0.65082747,0.34917256
959_central-asia,0.19045922,0.80954075
1716_geowiki-landcover-2017,0.6600255,0.33997458
2133_geowiki-landcover-2017,0.78796643,0.21203354
35002_geowiki-landcover-2017,0.31053257,0.68946743
11263_geowiki-landcover-2017,0.47529212,0.5247079
7941_canada,0.48099723,0.5190028
34213_geowiki-landcover-2017,0.3211857,0.6788143
9762_geowiki-landcover-2017,0.6600088,0.3399912
1697_rwanda-ceo,0.78797555,0.21202444
15724_geowiki-landcover-2017,0.47313926,0.5268607
2628_central-asia,0.32619694,0.67380303
1053_martinique-france,0.6508276,0.34917235
1010_reunion-france,0.6508273,0.3491727
6015_canada,0.19045414,0.8095459
3797_canada,0.19045533,0.8095447
520_tanzania-ceo,0.78797525,0.21202478
3407_canada,0.32619807,0.67380196
18895_geowiki-landcover-2017,0.3193176,0.6806824
2342_rwanda-ceo,0.78797555,0.2120245
1426_central-asia,0.31053212,0.68946785
6105_canada,0.19045378,0.80954623
5252_canada,0.3261849,0.67381513
687_lem-brazil,0.7879755,0.21202451
5570_canada,0.19045372,0.8095463
2318_tanzania-ceo,0.78797245,0.21202758
177_germany,0.326189,0.67381096
431_martinique-france,0.650828,0.34917203
2038_reunion-france,0.6508274,0.3491726
498_ethiopia,0.7879751,0.2120249
25804_geowiki-landcover-2017,0.49115467,0.5088454
2245_ile-de-france,0.3261824,0.67381763
37_kenya-non-crop,0.78797555,0.21202445
969_geowiki-landcover-2017,0.78797555,0.21202445
1675_geowiki-landcover-2017,0.48556295,0.514437
3390_rwanda-ceo,0.7879754,0.21202458
10484_croplands,0.78797364,0.21202643
285_germany,0.310532,0.68946797
493_togo,0.32118222,0.6788178
32403_geowiki-landcover-2017,0.19045383,0.8095462
4630_canada,0.19045754,0.8095425
7881_geowiki-landcover-2017,0.4809988,0.5190012
1748_central-asia,0.31053206,0.6894679
27601_geowiki-landcover-2017,0.48099917,0.5190008
2828_central-asia,0.1904575,0.8095425
2533_canada,0.32618946,0.6738105
599_reunion-france,0.48544,0.51456
2130_reunion-france,0.47529542,0.52470464
1311_germany,0.32618967,0.67381036
6035_canada,0.19045505,0.809545
85_rwanda-ceo,0.7879758,0.21202423
2435_germany,0.19045378,0.80954623
2299_canada,0.19045447,0.8095455
5855_geowiki-landcover-2017,0.48099872,0.51900125
24922_geowiki-landcover-2017,0.64886284,0.3511372
4666_central-asia,0.310533,0.68946695
5586_ile-de-france,0.19045395,0.8095461
31223_geowiki-landcover-2017,0.4933114,0.50668854
2014_central-asia,0.31053236,0.68946767
349_croplands,0.6600021,0.3399979
10523_geowiki-landcover-2017,0.4810906,0.5189094
1106_canada,0.3105323,0.68946767
3856_ile-de-france,0.19045404,0.809546
5564_canada,0.31053433,0.6894657
5023_ile-de-france,0.19045395,0.8095461
34657_geowiki-landcover-2017,0.19045389,0.8095462
23996_geowiki-landcover-2017,0.7879723,0.21202768
3890_ile-de-france,0.19045395,0.8095461
3821_central-asia,0.19045511,0.8095449
4076_ile-de-france,0.32618782,0.6738122
102_ethiopia,0.64359516,0.35640487
21038_geowiki-landcover-2017,0.31053516,0.6894648
16528_geowiki-landcover-2017,0.65084606,0.34915397
379_croplands,0.19045429,0.8095457
1029_ile-de-france,0.19045387,0.8095462
30443_geowiki-landcover-2017,0.32618934,0.6738106
696_tanzania-ceo,0.6600091,0.3399909
3750_croplands,0.48543125,0.51456875
11811_geowiki-landcover-2017,0.65082765,0.34917235
4358_ile-de-france,0.19049285,0.8095071
20162_geowiki-landcover-2017,0.64886343,0.3511366
10790_croplands,0.66004467,0.33995536
13345_geowiki-landcover-2017,0.7879267,0.2120733
869_togo,0.32118225,0.67881775
701_ethiopia,0.7879754,0.21202463
35019_geowiki-landcover-2017,0.3105249,0.6894751
30870_geowiki-landcover-2017,0.4911546,0.50884545
18973_geowiki-landcover-2017,0.48099878,0.51900125
4006_canada,0.19045717,0.8095429
312_mali-helmets-labelling-crops,0.32118258,0.6788174
2142_reunion-france,0.6508276,0.34917235
28640_geowiki-landcover-2017,0.32618883,0.67381114
515_germany,0.19045687,0.80954313
1378_ile-de-france,0.31053478,0.6894652
1134_ile-de-france,0.32618836,0.6738117
7933_canada,0.3105324,0.68946767
14128_geowiki-landcover-2017,0.650829,0.34917104
5977_geowiki-landcover-2017,0.48098978,0.51901025
1795_canada,0.31053236,0.68946767
22343_geowiki-landcover-2017,0.64886314,0.3511368
2560_rwanda-ceo,0.78797555,0.21202445
6613_geowiki-landcover-2017,0.7879721,0.21202794
715_tanzania-ceo,0.7879734,0.21202658
196_lem-brazil,0.66000944,0.33999056
505_central-asia,0.19045985,0.80954015
2641_canada,0.19045386,0.8095462
13839_geowiki-landcover-2017,0.6488634,0.3511366
2793_canada,0.19045383,0.8095462
5161_ile-de-france,0.32618877,0.6738112
26794_geowiki-landcover-2017,0.49115565,0.5088443
13423_geowiki-landcover-2017,0.49331427,0.50668573
6002_ile-de-france,0.31053302,0.68946695
1692_central-asia,0.19045392,0.8095461
2757_rwanda-ceo,0.7879756,0.2120244
10685_geowiki-landcover-2017,0.47313982,0.5268602
6669_croplands,0.6436335,0.35636646
40_lem-brazil,0.78797454,0.21202546
1194_central-asia,0.19045414,0.8095459
975_canada,0.31053248,0.68946755
112_canada,0.3261908,0.67380923
4628_ile-de-france,0.1904543,0.8095457
15815_geowiki-landcover-2017,0.48099896,0.519001
15766_geowiki-landcover-2017,0.47313967,0.52686036
18150_geowiki-landcover-2017,0.3211836,0.6788164
115_kenya,0.78797483,0.21202523
219_togo,0.47529212,0.5247079
1490_tanzania-ceo,0.64363486,0.3563651
1486_germany,0.31053206,0.6894679
301_central-asia,0.19045517,0.80954486
730_lem-brazil,0.6436387,0.3563613
23472_geowiki-landcover-2017,0.64886314,0.3511368
1249_central-asia,0.19045436,0.80954564
18_sudan,0.493299,0.506701
31401_geowiki-landcover-2017,0.47528967,0.5247103
485_geowiki-landcover-2017,0.6600131,0.33998695
4824_central-asia,0.19045487,0.80954516
8676_geowiki-landcover-2017,0.6508273,0.34917268
3176_ile-de-france,0.19045389,0.8095462
1112_kenya-non-crop,0.78797567,0.21202426
133_tanzania-ceo,0.6508381,0.34916186
1258_rwanda-ceo,0.7879753,0.21202467
4736_croplands,0.6508272,0.34917277
5010_geowiki-landcover-2017,0.78797555,0.21202445
1487_geowiki-landcover-2017,0.7879754,0.21202464
1207_martinique-france,0.65082747,0.34917253
4592_canada,0.4730496,0.52695036
21239_geowiki-landcover-2017,0.47315103,0.526849
1803_rwanda-ceo,0.78797555,0.21202444
1073_central-asia,0.326189,0.67381096
681_kenya-non-crop,0.78797567,0.2120243
3208_geowiki-landcover-2017,0.6600083,0.33999166
5878_ile-de-france,0.19045389,0.8095462
14684_croplands,0.4752922,0.5247078
9182_croplands,0.47529274,0.52470726
9234_geowiki-landcover-2017,0.6488635,0.3511365
1404_kenya-non-crop,0.7879756,0.2120244
195_ethiopia,0.6436326,0.35636744
518_mali-helmets-labelling-crops,0.47529033,0.52470964
17810_geowiki-landcover-2017,0.48099917,0.5190008
2560_central-asia,0.19045419,0.8095459
2356_ile-de-france,0.19045392,0.8095461
1_togo,0.47529206,0.5247079
4840_central-asia,0.48099974,0.51900023
3718_canada,0.19074747,0.8092525
10167_croplands,0.643632,0.356368
6415_geowiki-landcover-2017,0.3262494,0.6737506
294_geowiki-landcover-2017,0.4933488,0.50665116
31066_geowiki-landcover-2017,0.64362943,0.3563706
1403_germany,0.4809975,0.5190025
1443_reunion-france,0.7879622,0.21203777
2856_canada,0.49331093,0.50668913
1476_germany,0.32616556,0.67383444
34727_geowiki-landcover-2017,0.48099902,0.51900095
170_ethiopia,0.4734991,0.52650094
4860_central-asia,0.3105336,0.6894664
34_tanzania-ceo,0.4933131,0.5066869
26804_geowiki-landcover-2017,0.48099813,0.51900184
33586_geowiki-landcover-2017,0.48543984,0.51456016
11989_geowiki-landcover-2017,0.49119058,0.5088094
4538_ile-de-france,0.19045389,0.8095462
1967_germany,0.32618886,0.6738111
3545_central-asia,0.31053242,0.68946755
1071_central-asia,0.3261874,0.6738126
2682_kenya-non-crop,0.7879756,0.2120244
2022_central-asia,0.32618874,0.67381126
11526_geowiki-landcover-2017,0.6508276,0.34917244
4017_canada,0.326189,0.67381096
1541_central-asia,0.3261274,0.67387253
2974_geowiki-landcover-2017,0.4752919,0.5247081
3058_rwanda-ceo,0.78797555,0.21202444
7331_geowiki-landcover-2017,0.31053218,0.68946785
29167_geowiki-landcover-2017,0.19046201,0.80953795
1713_kenya-non-crop,0.78797585,0.21202418
574_togo,0.4933233,0.50667673
24253_geowiki-landcover-2017,0.48099917,0.5190008
6860_croplands,0.6436332,0.35636678
497_tanzania-rice-ecaas,0.7879692,0.21203077
911_canada,0.3104939,0.68950605
768_tanzania-rice-ecaas,0.6436274,0.35637262
14060_geowiki-landcover-2017,0.47311804,0.526882
12409_geowiki-landcover-2017,0.48099902,0.51900095
1843_germany,0.19045381,0.8095462
1550_central-asia,0.19045515,0.80954486
6893_canada,0.3165748,0.6834252
34_mali,0.47529173,0.5247082
1573_martinique-france,0.6508276,0.34917244
18353_geowiki-landcover-2017,0.48099884,0.5190012
14376_geowiki-landcover-2017,0.4913987,0.50860125
11182_geowiki-landcover-2017,0.66001946,0.3399805
3165_rwanda-ceo,0.7879754,0.21202458
850_tanzania-ceo,0.78797555,0.21202445
975_martinique-france,0.6508268,0.34917316
2801_canada,0.32619008,0.6738099
2207_croplands,0.7879755,0.21202455
3204_ile-de-france,0.19045386,0.8095462
2210_rwanda-ceo,0.78797567,0.21202435
2010_central-asia,0.19045395,0.8095461
5811_canada,0.19045381,0.8095462
30841_geowiki-landcover-2017,0.19045389,0.8095462
16277_geowiki-landcover-2017,0.78797555,0.21202444
13882_croplands,0.48544022,0.51455975
1954_germany,0.31053177,0.68946826
3287_central-asia,0.48099667,0.51900333
144_central-asia,0.19045666,0.8095434
1461_geowiki-landcover-2017,0.78796,0.21203995
20120_geowiki-landcover-2017,0.6508231,0.34917688
4243_central-asia,0.190455,0.809545
28718_geowiki-landcover-2017,0.4731397,0.52686036
665_croplands,0.48099896,0.519001
4954_geowiki-landcover-2017,0.78797555,0.21202444
32610_geowiki-landcover-2017,0.31053212,0.68946785
1516_martinique-france,0.6508276,0.34917244
35438_geowiki-landcover-2017,0.47529194,0.5247081
924_rwanda-ceo,0.7879756,0.2120244
11542_croplands,0.3211988,0.6788012
4149_croplands,0.6508275,0.34917244
9711_geowiki-landcover-2017,0.4809973,0.5190027
4680_canada,0.19045386,0.8095462
4547_ile-de-france,0.19045392,0.8095461
1320_rwanda-ceo,0.78797567,0.21202435
4626_geowiki-landcover-2017,0.6508274,0.34917265
813_togo,0.49366006,0.5063399
127_ile-de-france,0.19045389,0.8095462
774_rwanda-ceo,0.7879713,0.2120287
578_togo,0.3211842,0.67881584
2315_germany,0.19045463,0.8095454
30044_geowiki-landcover-2017,0.3261893,0.67381066
1917_rwanda-ceo,0.7879756,0.2120244
4909_geowiki-landcover-2017,0.6436343,0.35636574
33011_geowiki-landcover-2017,0.32119328,0.6788067
3825_geowiki-landcover-2017,0.31053272,0.6894673
619_martinique-france,0.6508273,0.3491727
26174_geowiki-landcover-2017,0.6508186,0.34918138
659_kenya-non-crop,0.6436356,0.3563644
40_canada,0.4809971,0.5190029
23429_geowiki-landcover-2017,0.64886177,0.35113826
15624_geowiki-landcover-2017,0.47313252,0.52686745
5057_geowiki-landcover-2017,0.78797555,0.21202444
407_central-asia,0.19045454,0.80954546
593_croplands,0.4809992,0.5190008
692_togo,0.32118207,0.6788179
428_reunion-france,0.7879751,0.21202485
22807_geowiki-landcover-2017,0.32618988,0.67381006
738_reunion-france,0.78797555,0.21202445
22466_geowiki-landcover-2017,0.48099345,0.51900655
7526_geowiki-landcover-2017,0.32618958,0.6738104
6734_canada,0.32618967,0.6738103
273_rwanda-ceo,0.7879756,0.2120244
3683_canada,0.3192941,0.68070585
16694_geowiki-landcover-2017,0.7879296,0.21207044
11650_geowiki-landcover-2017,0.6508284,0.3491716
14097_croplands,0.48545152,0.5145485
188_croplands,0.6436349,0.35636505
1823_ile-de-france,0.19045387,0.8095462
751_germany,0.3261891,0.6738109
1641_martinique-france,0.65082747,0.34917253
28_kenya,0.7879756,0.2120244
4913_canada,0.19045466,0.8095454
3831_ile-de-france,0.3261865,0.67381346
420_ethiopia,0.66000885,0.33999115
2072_geowiki-landcover-2017,0.6508276,0.3491724
2662_geowiki-landcover-2017,0.49330956,0.50669044
5740_ile-de-france,0.1904539,0.8095461
7543_geowiki-landcover-2017,0.32138896,0.67861104
14248_geowiki-landcover-2017,0.31930366,0.68069637
6785_croplands,0.7879219,0.21207814
4148_ile-de-france,0.3261884,0.6738117
744_ethiopia,0.78797495,0.21202502
5906_ile-de-france,0.48099807,0.51900196
32756_geowiki-landcover-2017,0.31053594,0.6894641
6844_canada,0.49327958,0.5067204
25055_geowiki-landcover-2017,0.49329978,0.5067002
3836_central-asia,0.19045712,0.8095429
6637_canada,0.32618818,0.6738118
6405_canada,0.4809988,0.5190012
1229_ile-de-france,0.19045503,0.809545
13695_croplands,0.475284,0.524716
3138_canada,0.19045472,0.8095452
35607_geowiki-landcover-2017,0.49115467,0.5088453
46_kenya-non-crop,0.7879754,0.21202463
410_sudan,0.78796035,0.21203965
2434_central-asia,0.19045441,0.80954564
6208_geowiki-landcover-2017,0.47528768,0.5247123
3135_canada,0.32618883,0.67381114
13841_croplands,0.4854405,0.51455957
423_ile-de-france,0.19045387,0.8095462
819_lem-brazil,0.6600093,0.33999065
10393_geowiki-landcover-2017,0.31053218,0.6894678
1704_geowiki-landcover-2017,0.6600101,0.33998993
3613_canada,0.3105324,0.68946767
771_tanzania-ceo,0.6436348,0.35636517
2003_geowiki-landcover-2017,0.7879756,0.2120244
502_kenya-non-crop,0.78797585,0.21202418
3938_geowiki-landcover-2017,0.31053248,0.68946755
890_tanzania-ceo,0.7879758,0.21202423
1173_geowiki-landcover-2017,0.64363444,0.35636556
6147_canada,0.32618898,0.673811
2117_tanzania-ceo,0.4933125,0.5066875
3415_central-asia,0.31053257,0.68946743
4571_canada,0.19045378,0.80954623
39_zimbabwe,0.64363295,0.35636705
7822_geowiki-landcover-2017,0.3105323,0.68946767
32845_geowiki-landcover-2017,0.6508258,0.34917417
26891_geowiki-landcover-2017,0.32621008,0.6737899
739_togo,0.493218,0.506782
566_ethiopia,0.64363205,0.35636795
3807_ile-de-france,0.3262185,0.6737815
31917_geowiki-landcover-2017,0.19045372,0.8095463
14229_geowiki-landcover-2017,0.48099902,0.519001
3987_ile-de-france,0.19045395,0.809546
21533_geowiki-landcover-2017,0.4731396,0.5268604
15775_geowiki-landcover-2017,0.78796023,0.2120398
1152_central-asia,0.3261893,0.6738107
6126_geowiki-landcover-2017,0.49299,0.50701004
380_canada,0.48099902,0.51900095
371_tanzania-ceo,0.78797567,0.21202433
35211_geowiki-landcover-2017,0.6507789,0.34922114
11798_geowiki-landcover-2017,0.6508275,0.34917244
2092_tanzania-ceo,0.6600118,0.33998814
3639_central-asia,0.19045399,0.809546
156_geowiki-landcover-2017,0.6508267,0.34917334
3094_geowiki-landcover-2017,0.6508274,0.3491726
27666_geowiki-landcover-2017,0.47314775,0.52685225
1715_kenya-non-crop,0.7879758,0.21202426
22043_geowiki-landcover-2017,0.48099917,0.5190008
6004_ile-de-france,0.32618943,0.67381054
571_canada,0.31053236,0.68946767
30590_geowiki-landcover-2017,0.480993,0.519007
2705_rwanda-ceo,0.78797525,0.2120248
22717_geowiki-landcover-2017,0.6508281,0.34917185
2803_canada,0.3262142,0.6737858
2790_ile-de-france,0.19045386,0.8095462
3248_rwanda-ceo,0.7879738,0.21202616
61_reunion-france,0.7879755,0.21202455
26428_geowiki-landcover-2017,0.6488628,0.35113725
5768_canada,0.31053248,0.68946755
2044_canada,0.32618675,0.6738132
1975_kenya-non-crop,0.6508295,0.34917054
28952_geowiki-landcover-2017,0.648855,0.35114503
565_kenya-non-crop,0.7879758,0.21202423
3749_ile-de-france,0.19045427,0.8095457
7725_canada,0.31053784,0.6894621
28311_geowiki-landcover-2017,0.7878616,0.21213843
3025_geowiki-landcover-2017,0.6508278,0.3491722
5097_ile-de-france,0.1904547,0.8095453
3738_ile-de-france,0.31053224,0.6894677
2309_central-asia,0.19045436,0.80954564
4732_ile-de-france,0.1904539,0.8095461
1723_martinique-france,0.6508276,0.34917244
19389_geowiki-landcover-2017,0.48099878,0.51900125
1591_kenya-non-crop,0.6436347,0.35636535
637_canada,0.48099884,0.5190012
27105_geowiki-landcover-2017,0.7879744,0.21202557
4500_geowiki-landcover-2017,0.6508279,0.34917215
1010_martinique-france,0.6508276,0.34917235
2400_germany,0.1904542,0.80954576
14031_geowiki-landcover-2017,0.47895455,0.52104545
133_sudan,0.64363396,0.35636607
99_ile-de-france,0.19045395,0.809546
268_ile-de-france,0.48099545,0.5190046
15362_geowiki-landcover-2017,0.3259722,0.67402786
3434_canada,0.32618943,0.6738106
16848_geowiki-landcover-2017,0.643636,0.35636407
394_germany,0.19047502,0.809525
23323_geowiki-landcover-2017,0.31056032,0.68943965
5787_ile-de-france,0.4809987,0.5190013
29903_geowiki-landcover-2017,0.6436342,0.35636577
28763_geowiki-landcover-2017,0.32618868,0.6738113
3256_ile-de-france,0.19045399,0.809546
635_ile-de-france,0.19045395,0.809546
6003_ile-de-france,0.3261906,0.6738094
971_germany,0.32618922,0.6738107
801_ile-de-france,0.31052268,0.6894773
2156_ile-de-france,0.32618943,0.6738106
83_ethiopia,0.47315618,0.52684385
460_canada,0.3105437,0.6894563
2346_geowiki-landcover-2017,0.65076053,0.3492394
14220_geowiki-landcover-2017,0.6488625,0.35113752
1910_germany,0.3261874,0.6738126
3722_ile-de-france,0.19045389,0.8095462
20_kenya-non-crop,0.64363545,0.3563645
8421_geowiki-landcover-2017,0.3259157,0.67408425
34744_geowiki-landcover-2017,0.19045381,0.8095462
11966_geowiki-landcover-2017,0.64886355,0.35113648
8475_geowiki-landcover-2017,0.7879755,0.21202455
4936_central-asia,0.19045374,0.80954623
4570_croplands,0.6436291,0.3563709
23697_geowiki-landcover-2017,0.3261978,0.6738022
1233_kenya-non-crop,0.64363515,0.3563648
12450_geowiki-landcover-2017,0.4911585,0.5088415
1511_martinique-france,0.6508276,0.34917235
30076_geowiki-landcover-2017,0.6600874,0.3399126
35076_geowiki-landcover-2017,0.6488459,0.35115412
1782_geowiki-landcover-2017,0.78797555,0.21202444
131_martinique-france,0.65082747,0.34917256
23_zimbabwe,0.6436344,0.35636556
1697_germany,0.32618988,0.6738101
912_canada,0.19046222,0.8095378
436_tanzania-ceo,0.78797305,0.21202692
2157_geowiki-landcover-2017,0.650827,0.349173
3912_ile-de-france,0.3105324,0.6894676
423_martinique-france,0.6508288,0.3491712
33437_geowiki-landcover-2017,0.31053188,0.6894681
28125_geowiki-landcover-2017,0.3193029,0.68069714
63_martinique-france,0.7879738,0.21202616
9374_geowiki-landcover-2017,0.48099908,0.5190009
1025_tanzania-ceo,0.7879755,0.21202451
8535_geowiki-landcover-2017,0.48099935,0.51900065
3292_central-asia,0.4567102,0.5432898
2312_germany,0.1904538,0.80954623
56_mali-helmets-labelling-crops,0.47529128,0.5247087
5478_geowiki-landcover-2017,0.65082717,0.34917277
341_lem-brazil,0.6609137,0.33908632
1406_rwanda-ceo,0.7879758,0.21202423
530_mali-helmets-labelling-crops,0.6508249,0.34917507
2343_rwanda-ceo,0.7879754,0.21202458
35450_geowiki-landcover-2017,0.65082747,0.3491725
4199_central-asia,0.3192818,0.6807182
2642_rwanda-ceo,0.7879758,0.21202423
34032_geowiki-landcover-2017,0.47529206,0.5247079
9208_geowiki-landcover-2017,0.65082747,0.34917253
9_reunion-france,0.7879747,0.21202527
2072_germany,0.19045374,0.80954623
974_reunion-france,0.6508273,0.3491727
32867_geowiki-landcover-2017,0.47314215,0.52685785
265_kenya,0.64363515,0.35636485
7082_canada,0.49325606,0.50674397
28486_geowiki-landcover-2017,0.6508891,0.34911093
314_reunion-france,0.65117055,0.3488295
1018_martinique-france,0.6508277,0.3491723
13273_geowiki-landcover-2017,0.6508276,0.34917244
33042_geowiki-landcover-2017,0.6599079,0.34009215
1887_rwanda-ceo,0.78797567,0.21202435
4609_canada,0.3105323,0.68946767
3500_rwanda-ceo,0.78797495,0.21202508
3389_ile-de-france,0.19045395,0.809546
1576_ile-de-france,0.32618916,0.67381084
1240_kenya-non-crop,0.49337274,0.5066272
4924_geowiki-landcover-2017,0.6600099,0.33999008
26131_geowiki-landcover-2017,0.65081,0.34918997
1965_rwanda-ceo,0.7879754,0.21202458
10282_geowiki-landcover-2017,0.7879755,0.21202455
1659_geowiki-landcover-2017,0.6600104,0.33998966
3338_geowiki-landcover-2017,0.32118282,0.67881715
228_sudan,0.65082914,0.34917092
2246_geowiki-landcover-2017,0.47536585,0.5246342
81_kenya-non-crop,0.78797495,0.21202505
10762_geowiki-landcover-2017,0.6488623,0.3511377
1468_mali-helmets-labelling-crops,0.47529396,0.52470607
17551_geowiki-landcover-2017,0.31053343,0.6894666
5048_ile-de-france,0.31054157,0.68945843
6549_geowiki-landcover-2017,0.48119944,0.51880056
917_germany,0.19045395,0.809546
1911_kenya-non-crop,0.78797567,0.21202435
19897_geowiki-landcover-2017,0.48099884,0.5190012
28304_geowiki-landcover-2017,0.6508273,0.34917274
3931_canada,0.3105202,0.68947977
29216_geowiki-landcover-2017,0.48099878,0.51900125
1081_ile-de-france,0.32618913,0.67381084
26181_geowiki-landcover-2017,0.6508271,0.34917286
533_reunion-france,0.64362925,0.35637078
21698_geowiki-landcover-2017,0.78797394,0.21202606
8473_geowiki-landcover-2017,0.65082735,0.34917265
2545_central-asia,0.32618883,0.67381114
2390_rwanda-ceo,0.7879754,0.21202458
4808_canada,0.19045378,0.80954623
674_ethiopia,0.6436255,0.3563745
1871_germany,0.32618904,0.67381096
13793_geowiki-landcover-2017,0.47314036,0.52685964
373_rwanda-ceo,0.78797585,0.21202418
2383_reunion-france,0.78797555,0.21202445
1531_geowiki-landcover-2017,0.65082747,0.34917253
21123_geowiki-landcover-2017,0.49135685,0.50864315
2973_ile-de-france,0.19045496,0.80954504
2032_ile-de-france,0.19045395,0.8095461
281_togo,0.3211821,0.67881787
33380_geowiki-landcover-2017,0.19045374,0.80954623
1582_central-asia,0.32592043,0.67407954
6390_geowiki-landcover-2017,0.31051934,0.68948066
2815_central-asia,0.19046907,0.8095309
1360_reunion-france,0.6508888,0.34911123
4256_ile-de-france,0.1904539,0.8095461
1543_central-asia,0.19046588,0.80953413
767_rwanda-ceo,0.78797567,0.21202426
3132_canada,0.31052592,0.68947405
4471_central-asia,0.31930202,0.680698
1641_ile-de-france,0.19045517,0.80954486
6853_canada,0.32118198,0.67881805
24457_geowiki-landcover-2017,0.49115464,0.5088454
25682_geowiki-landcover-2017,0.49115404,0.5088459
1776_kenya-non-crop,0.78797436,0.2120256
8055_geowiki-landcover-2017,0.47308317,0.5269168
6593_canada,0.19045407,0.80954593
1402_reunion-france,0.6508274,0.34917256
246_martinique-france,0.6508275,0.34917244
5742_canada,0.31053218,0.6894678
2112_kenya-non-crop,0.78797567,0.2120243
34676_geowiki-landcover-2017,0.19045995,0.8095401
7757_canada,0.3211819,0.6788181
4765_central-asia,0.1904538,0.80954623
54_lem-brazil,0.66000855,0.33999142
3091_central-asia,0.1904687,0.80953133
23114_geowiki-landcover-2017,0.3211971,0.6788029
13194_geowiki-landcover-2017,0.7855411,0.21445894
24002_geowiki-landcover-2017,0.65082705,0.34917295
1090_ile-de-france,0.3105372,0.6894628
12873_geowiki-landcover-2017,0.6508245,0.34917554
9021_croplands,0.65082455,0.34917542
4665_ile-de-france,0.19045395,0.8095461
3086_croplands,0.48544383,0.51455617
30478_geowiki-landcover-2017,0.3193029,0.6806971
3667_ile-de-france,0.3261986,0.6738014
1879_rwanda-ceo,0.6436873,0.3563127
2214_martinique-france,0.65082747,0.34917253
17989_geowiki-landcover-2017,0.48099896,0.519001
9180_croplands,0.47529668,0.5247033
22640_geowiki-landcover-2017,0.3105328,0.6894672
2532_rwanda-ceo,0.78797466,0.21202534
21_germany,0.31052658,0.68947345
600_martinique-france,0.6508282,0.3491718
26219_geowiki-landcover-2017,0.47530103,0.524699
1898_germany,0.32618886,0.6738111
5197_canada,0.31053224,0.6894677
430_mali-helmets-labelling-crops,0.32118255,0.67881745
1931_geowiki-landcover-2017,0.78795975,0.21204025
1005_canada,0.32618952,0.6738105
7513_geowiki-landcover-2017,0.6508278,0.34917215
34_geowiki-landcover-2017,0.78796786,0.21203215
2113_tanzania-ceo,0.7874306,0.21256946
4383_geowiki-landcover-2017,0.4854398,0.5145602
4204_central-asia,0.31928182,0.6807182
3760_canada,0.19045462,0.8095454
5225_geowiki-landcover-2017,0.48099968,0.5190003
1009_tanzania-ceo,0.7879754,0.21202463
143_kenya-non-crop,0.78797567,0.21202435
822_germany,0.19045378,0.80954623
5772_geowiki-landcover-2017,0.4809993,0.51900077
34090_geowiki-landcover-2017,0.4731396,0.5268604
2261_central-asia,0.19045424,0.80954576
1747_central-asia,0.19045436,0.80954564
445_canada,0.48095644,0.51904356
586_togo,0.32118222,0.6788178
836_geowiki-landcover-2017,0.65082747,0.34917253
1537_martinique-france,0.65082747,0.34917247
29398_geowiki-landcover-2017,0.32618952,0.6738105
1701_germany,0.31053218,0.68946785
9104_croplands,0.4854961,0.51450396
1556_martinique-france,0.6508289,0.34917104
8142_geowiki-landcover-2017,0.6488634,0.3511366
5148_ile-de-france,0.19045426,0.80954576
13605_croplands,0.6436026,0.35639745
26976_geowiki-landcover-2017,0.6508258,0.34917417
22947_geowiki-landcover-2017,0.78797567,0.21202435
1718_kenya-non-crop,0.78797585,0.21202418
12088_geowiki-landcover-2017,0.6488631,0.3511369
21504_geowiki-landcover-2017,0.49115515,0.50884485
4467_croplands,0.32118356,0.67881644
12159_geowiki-landcover-2017,0.6488706,0.35112944
7808_geowiki-landcover-2017,0.65082705,0.34917295
15952_geowiki-landcover-2017,0.49115437,0.5088456
5857_geowiki-landcover-2017,0.64886326,0.35113674
6822_croplands,0.7879752,0.21202485
30729_geowiki-landcover-2017,0.19045381,0.8095462
5079_ile-de-france,0.32618934,0.6738106
32574_geowiki-landcover-2017,0.19045386,0.8095462
20_kenya,0.78797555,0.21202444
1210_tanzania-ceo,0.7879756,0.21202436
7928_geowiki-landcover-2017,0.49115542,0.5088446
2472_central-asia,0.19045457,0.8095454
3310_rwanda-ceo,0.787975,0.21202494
1610_reunion-france,0.65082777,0.34917226
776_mali-helmets-labelling-crops,0.3211824,0.67881763
162_rwanda-ceo,0.7879755,0.21202451
12627_geowiki-landcover-2017,0.64886296,0.35113704
2029_canada,0.48099884,0.5190012
1555_canada,0.31053272,0.6894673
5186_geowiki-landcover-2017,0.32618964,0.67381036
2882_croplands,0.6436372,0.35636288
2713_reunion-france,0.78797245,0.21202756
28755_geowiki-landcover-2017,0.31053254,0.6894675
4186_ile-de-france,0.48099416,0.51900584
11218_geowiki-landcover-2017,0.78797567,0.21202426
3319_central-asia,0.19045416,0.8095459
3257_rwanda-ceo,0.78797567,0.21202433
14913_geowiki-landcover-2017,0.78797424,0.21202579
10731_croplands,0.64363444,0.35636556
4193_ile-de-france,0.32645157,0.67354846
613_kenya-non-crop,0.7879756,0.2120244
281_martinique-france,0.6508279,0.34917206
1244_reunion-france,0.78797424,0.21202579
265_tanzania,0.78797555,0.21202445
11285_geowiki-landcover-2017,0.4810003,0.51899964
9389_croplands,0.47529247,0.52470756
15149_geowiki-landcover-2017,0.65082747,0.34917253
2024_germany,0.19045736,0.80954266
2357_ile-de-france,0.1904539,0.8095461
1326_central-asia,0.32618865,0.6738114
4077_canada,0.19045389,0.8095462
3897_ile-de-france,0.31053308,0.6894669
25476_geowiki-landcover-2017,0.48099723,0.51900274
323_tanzania-ceo,0.4933217,0.5066783
8446_geowiki-landcover-2017,0.6508275,0.34917244
239_togo,0.47529227,0.5247078
6490_geowiki-landcover-2017,0.32618904,0.67381096
2279_canada,0.3105323,0.68946767
25747_geowiki-landcover-2017,0.32618934,0.67381066
11745_geowiki-landcover-2017,0.643654,0.356346
3727_croplands,0.78797525,0.21202475
570_croplands,0.7879751,0.2120249
1609_canada,0.19045371,0.8095463
1016_kenya-non-crop,0.7879758,0.21202423
1892_rwanda-ceo,0.7879754,0.21202463
25527_geowiki-landcover-2017,0.64886355,0.35113645
12350_geowiki-landcover-2017,0.6488634,0.3511366
15823_geowiki-landcover-2017,0.64886355,0.35113648
5127_geowiki-landcover-2017,0.49331534,0.5066847
1081_reunion-france,0.7879753,0.21202467
2442_kenya-non-crop,0.6508311,0.34916893
2215_canada,0.19045378,0.80954623
1435_croplands,0.64886296,0.35113704
7494_canada,0.19045466,0.8095454
573_tanzania-rice-ecaas,0.48544016,0.5145598
28314_geowiki-landcover-2017,0.6508276,0.34917244
2732_canada,0.31052732,0.6894727
446_canada,0.1904539,0.8095461
93_rwanda-ceo,0.7879755,0.21202452
887_martinique-france,0.65082747,0.34917253
243_canada,0.4809984,0.51900166
1581_rwanda-ceo,0.7879755,0.21202451
1625_geowiki-landcover-2017,0.78797555,0.21202444
4816_canada,0.31078315,0.68921685
2676_canada,0.19045395,0.809546
249_togo,0.321183,0.678817
1253_canada,0.19045398,0.809546
5424_ile-de-france,0.1904539,0.8095461
1566_ile-de-france,0.3261893,0.67381066
3108_rwanda-ceo,0.78797424,0.21202575
13041_geowiki-landcover-2017,0.6508276,0.34917235
1240_ile-de-france,0.19045436,0.80954564
1395_reunion-france,0.7879734,0.21202663
251_tanzania,0.7879754,0.21202458
25928_geowiki-landcover-2017,0.78797346,0.21202655
887_germany,0.32618898,0.673811
719_croplands,0.3211822,0.6788178
751_togo,0.6508274,0.3491726
2673_reunion-france,0.47531074,0.52468926
4439_ile-de-france,0.32618904,0.67381096
531_rwanda-ceo,0.78797567,0.21202426
20894_geowiki-landcover-2017,0.7879756,0.2120244
9261_croplands,0.49331418,0.5066858
591_ile-de-france,0.32618758,0.67381245
2248_geowiki-landcover-2017,0.6437969,0.3562031
2459_canada,0.32615715,0.6738429
1248_mali-helmets-labelling-crops,0.3211831,0.6788169
3028_ile-de-france,0.31053227,0.6894677
3722_geowiki-landcover-2017,0.47528812,0.52471185
16568_geowiki-landcover-2017,0.6488632,0.3511368
21029_geowiki-landcover-2017,0.19045381,0.8095462
361_geowiki-landcover-2017,0.78797555,0.21202445
4588_ile-de-france,0.32617232,0.67382765
1119_reunion-france,0.65082735,0.34917265
11179_geowiki-landcover-2017,0.66000944,0.3399905
750_germany,0.45000345,0.54999655
3266_central-asia,0.3105324,0.68946767
6677_geowiki-landcover-2017,0.32618922,0.6738107
1934_canada,0.1904554,0.8095446
34624_geowiki-landcover-2017,0.19045383,0.8095462
952_ile-de-france,0.4809755,0.5190245
18853_geowiki-landcover-2017,0.48099965,0.51900035
43_geowiki-landcover-2017,0.6508278,0.34917223
2322_martinique-france,0.6508279,0.34917206
29628_geowiki-landcover-2017,0.6488209,0.35117915
1595_central-asia,0.19045395,0.809546
121_mali-helmets-labelling-crops,0.6507646,0.3492354
2782_geowiki-landcover-2017,0.65082765,0.34917235
1234_reunion-france,0.7879755,0.21202451
26941_geowiki-landcover-2017,0.64882064,0.35117936
372_rwanda-ceo,0.78797555,0.21202445
1262_reunion-france,0.78797555,0.21202445
414_togo,0.32118246,0.6788175
13102_geowiki-landcover-2017,0.643634,0.35636604
4954_ile-de-france,0.19045404,0.809546
92_ethiopia,0.4737919,0.5262081
3010_canada,0.48332542,0.5166746
13939_geowiki-landcover-2017,0.65082604,0.34917396
1381_rwanda-ceo,0.7879749,0.21202512
30200_geowiki-landcover-2017,0.31053227,0.6894677
852_central-asia,0.49115214,0.5088479
32100_geowiki-landcover-2017,0.19045404,0.809546
7972_geowiki-landcover-2017,0.6488661,0.35113388
13779_geowiki-landcover-2017,0.49115476,0.50884527
33536_geowiki-landcover-2017,0.48101264,0.5189873
109_sudan,0.6508229,0.34917718
4261_geowiki-landcover-2017,0.49115467,0.5088453
11977_geowiki-landcover-2017,0.47313958,0.5268605
18945_geowiki-landcover-2017,0.31930295,0.6806971
3379_canada,0.47699496,0.523005
3113_rwanda-ceo,0.78797567,0.2120243
25554_geowiki-landcover-2017,0.32619002,0.67380995
607_ile-de-france,0.32618868,0.6738113
5712_canada,0.3211819,0.6788181
69_mali-helmets-labelling-crops,0.47529215,0.52470785
909_martinique-france,0.65082735,0.34917265
964_kenya-non-crop,0.78797585,0.21202418
4562_central-asia,0.31927988,0.68072015
6403_geowiki-landcover-2017,0.3261893,0.67381066
12884_croplands,0.4752925,0.5247075
317_canada,0.32618952,0.6738105
2961_canada,0.31053224,0.6894677
870_togo,0.32118213,0.67881787
3695_geowiki-landcover-2017,0.49420032,0.5057997
1236_germany,0.19053128,0.80946875
470_rwanda-ceo,0.7879756,0.2120244
2794_rwanda-ceo,0.7879754,0.21202455
35482_geowiki-landcover-2017,0.31919003,0.68081
4759_central-asia,0.19045408,0.80954593
4681_canada,0.19045389,0.8095462
32067_geowiki-landcover-2017,0.48100087,0.51899916
1187_geowiki-landcover-2017,0.78797567,0.21202435
20973_geowiki-landcover-2017,0.64886355,0.35113648
6132_geowiki-landcover-2017,0.3105332,0.68946683
1611_kenya-non-crop,0.78797585,0.21202414
30177_geowiki-landcover-2017,0.4752914,0.52470857
245_central-asia,0.31930777,0.6806922
1480_central-asia,0.19045402,0.809546
664_reunion-france,0.7879756,0.2120244
1549_reunion-france,0.7879755,0.21202455
34594_geowiki-landcover-2017,0.48099774,0.51900226
12447_geowiki-landcover-2017,0.48099902,0.519001
9926_geowiki-landcover-2017,0.6600093,0.3399907
2570_ile-de-france,0.4809865,0.51901346
1969_tanzania-ceo,0.66001123,0.33998877
3527_ile-de-france,0.1904539,0.8095461
932_mali-helmets-labelling-crops,0.32118374,0.67881626
26018_geowiki-landcover-2017,0.49116632,0.50883365
1613_ile-de-france,0.32618943,0.67381054
446_tanzania-ceo,0.7879755,0.21202451
6682_canada,0.19045386,0.8095462
5765_geowiki-landcover-2017,0.48100102,0.518999
2295_geowiki-landcover-2017,0.6508276,0.34917244
122_lem-brazil,0.7879728,0.21202716
3676_central-asia,0.1904541,0.8095459
35018_geowiki-landcover-2017,0.3261823,0.67381763
1458_canada,0.48099953,0.5190005
4189_canada,0.48099875,0.51900125
701_tanzania-ceo,0.6436345,0.35636547
13470_croplands,0.4752925,0.5247075
1159_ile-de-france,0.4809964,0.51900357
680_tanzania-ceo,0.78797525,0.2120247
2344_canada,0.31053218,0.6894678
2080_canada,0.48099896,0.519001
4251_geowiki-landcover-2017,0.49115714,0.5088428
24671_geowiki-landcover-2017,0.65082717,0.34917277
319_ethiopia,0.6491835,0.35081652
69_togo,0.6508235,0.3491765
1362_geowiki-landcover-2017,0.4933574,0.50664264
6858_canada,0.3211822,0.6788178
17268_geowiki-landcover-2017,0.64886284,0.35113713
1125_ile-de-france,0.19045387,0.8095462
1617_kenya-non-crop,0.7879758,0.21202423
29316_geowiki-landcover-2017,0.32618913,0.67381084
183_sudan,0.47529253,0.5247075
2996_central-asia,0.31060925,0.6893908
4260_canada,0.32118192,0.67881805
2055_canada,0.4809989,0.51900107
11901_geowiki-landcover-2017,0.78797585,0.21202418
153_uganda,0.78797495,0.21202502
18780_geowiki-landcover-2017,0.47314063,0.5268594
1758_ile-de-france,0.19045407,0.80954593
810_croplands,0.19045381,0.8095462
15980_geowiki-landcover-2017,0.49115416,0.50884587
150_kenya-non-crop,0.7878663,0.2121337
2037_central-asia,0.19045433,0.8095457
35093_geowiki-landcover-2017,0.4933121,0.50668794
17050_geowiki-landcover-2017,0.6508216,0.3491784
782_germany,0.3261815,0.6738185
32360_geowiki-landcover-2017,0.19045389,0.8095462
31221_geowiki-landcover-2017,0.7879744,0.21202554
1740_tanzania-ceo,0.6508272,0.34917277
2792_canada,0.19045803,0.80954194
4445_croplands,0.65096366,0.3490364
29016_geowiki-landcover-2017,0.6508276,0.34917244
719_geowiki-landcover-2017,0.6600039,0.3399961
67_mali-non-crop,0.6508278,0.3491722
1103_central-asia,0.19045395,0.809546
6764_canada,0.32619107,0.67380893
22274_geowiki-landcover-2017,0.3261891,0.6738109
10773_croplands,0.64363396,0.35636607
1981_martinique-france,0.65082836,0.34917164
23058_geowiki-landcover-2017,0.4752947,0.5247053
894_central-asia,0.19045587,0.80954415
568_croplands,0.65082705,0.34917295
23198_geowiki-landcover-2017,0.64886343,0.3511365
12303_geowiki-landcover-2017,0.31053215,0.68946785
2124_kenya-non-crop,0.78797567,0.21202426
3764_ile-de-france,0.19045389,0.8095462
2882_canada,0.49115428,0.50884575
195_ile-de-france,0.19045389,0.8095462
4466_geowiki-landcover-2017,0.32118258,0.6788174
358_geowiki-landcover-2017,0.65082616,0.34917387
1900_germany,0.19045398,0.809546
10062_geowiki-landcover-2017,0.65083694,0.34916306
16941_geowiki-landcover-2017,0.6508529,0.34914708
6622_geowiki-landcover-2017,0.47529224,0.5247078
913_tanzania-ceo,0.7879754,0.21202464
1845_ile-de-france,0.19045395,0.809546
4209_canada,0.3211819,0.6788181
1730_martinique-france,0.65082747,0.34917253
23694_geowiki-landcover-2017,0.4752922,0.52470785
14075_geowiki-landcover-2017,0.4911548,0.5088452
1303_canada,0.19045392,0.8095461
13835_geowiki-landcover-2017,0.4911548,0.5088452
753_ethiopia,0.6435609,0.3564391
3568_ile-de-france,0.19045398,0.809546
32525_geowiki-landcover-2017,0.4726506,0.5273494
2222_martinique-france,0.65082735,0.34917265
32221_geowiki-landcover-2017,0.6436345,0.35636556
282_geowiki-landcover-2017,0.6600046,0.33999538
4619_ile-de-france,0.1904541,0.8095459
24611_geowiki-landcover-2017,0.48099962,0.5190004
3951_canada,0.48099884,0.5190012
601_germany,0.3261891,0.6738109
14060_croplands,0.7879683,0.21203175
2764_geowiki-landcover-2017,0.32125506,0.678745
10008_geowiki-landcover-2017,0.6508269,0.34917316
4919_canada,0.19045462,0.8095454
630_ile-de-france,0.19045873,0.8095412
986_canada,0.31053203,0.68946797
23767_geowiki-landcover-2017,0.48099908,0.5190009
33788_geowiki-landcover-2017,0.6508264,0.34917358
19146_geowiki-landcover-2017,0.64885217,0.35114783
1374_rwanda-ceo,0.7879758,0.21202426
9839_croplands,0.6436337,0.3563663
30325_geowiki-landcover-2017,0.32618904,0.67381096
12323_geowiki-landcover-2017,0.4911551,0.5088449
560_canada,0.48099953,0.5190005
19040_geowiki-landcover-2017,0.32748002,0.67252
11748_geowiki-landcover-2017,0.6508278,0.3491722
662_canada,0.48098618,0.51901376
5925_canada,0.31053212,0.68946785
5882_ile-de-france,0.31053227,0.6894677
9152_croplands,0.4933119,0.5066881
12091_geowiki-landcover-2017,0.31053212,0.68946785
638_tanzania-ceo,0.787971,0.21202897
3296_canada,0.49115977,0.50884026
13635_geowiki-landcover-2017,0.6508278,0.34917223
13491_geowiki-landcover-2017,0.7879664,0.21203366
3330_central-asia,0.31053242,0.68946755
6530_canada,0.32618654,0.67381346
13699_geowiki-landcover-2017,0.7879724,0.21202761
1009_central-asia,0.19045472,0.8095452
67_lem-brazil,0.7876442,0.21235579
2627_kenya-non-crop,0.78797555,0.21202444
3566_geowiki-landcover-2017,0.47529456,0.5247054
2132_kenya-non-crop,0.78797567,0.21202426
12957_geowiki-landcover-2017,0.47531214,0.5246878
10395_geowiki-landcover-2017,0.49115446,0.50884557
2527_germany,0.32618904,0.67381096
662_central-asia,0.31053355,0.6894664
24669_geowiki-landcover-2017,0.48100388,0.5189961
20789_geowiki-landcover-2017,0.78797525,0.21202478
6152_canada,0.32618877,0.6738112
18974_geowiki-landcover-2017,0.47313958,0.5268604
6473_geowiki-landcover-2017,0.48099908,0.51900095
21119_geowiki-landcover-2017,0.19045387,0.8095462
1507_canada,0.19045499,0.809545
3933_ile-de-france,0.19045386,0.8095462
7756_geowiki-landcover-2017,0.4809982,0.51900184
12403_geowiki-landcover-2017,0.4933871,0.5066129
31731_geowiki-landcover-2017,0.47322157,0.5267784
1453_central-asia,0.19045392,0.8095461
1492_kenya-non-crop,0.6600097,0.33999038
412_mali-helmets-labelling-crops,0.32118294,0.67881703
15869_geowiki-landcover-2017,0.64886343,0.3511366
24882_geowiki-landcover-2017,0.64886266,0.35113734
7603_canada,0.19046138,0.8095386
26624_geowiki-landcover-2017,0.31065524,0.68934476
1498_croplands,0.31053296,0.6894671
386_germany,0.3261891,0.67381096
2261_rwanda-ceo,0.7879755,0.21202451
3696_central-asia,0.19045407,0.80954593
673_lem-brazil,0.787975,0.212025
7571_geowiki-landcover-2017,0.32619935,0.67380065
502_rwanda-ceo,0.78797567,0.21202435
17001_geowiki-landcover-2017,0.7879751,0.21202485
8278_geowiki-landcover-2017,0.78797424,0.21202584
3121_canada,0.480991,0.51900905
1797_geowiki-landcover-2017,0.78797495,0.212025
2868_central-asia,0.19046988,0.80953014
22369_geowiki-landcover-2017,0.48099896,0.51900107
7060_geowiki-landcover-2017,0.6436345,0.35636547
1448_martinique-france,0.6508276,0.3491724
7068_canada,0.31053317,0.68946683
9402_croplands,0.32118315,0.6788169
1283_ile-de-france,0.3261864,0.6738136
8550_geowiki-landcover-2017,0.65082747,0.34917253
1821_germany,0.19702868,0.80297136
4174_central-asia,0.31929415,0.6807058
3397_rwanda-ceo,0.78797567,0.2120243
32568_geowiki-landcover-2017,0.19045445,0.8095455
568_mali-helmets-labelling-crops,0.32118675,0.6788133
2263_central-asia,0.19045427,0.8095457
2614_kenya-non-crop,0.66000956,0.33999044
837_kenya-non-crop,0.78797567,0.21202435
32172_geowiki-landcover-2017,0.4911539,0.5088461
886_reunion-france,0.78797466,0.2120253
320_ethiopia,0.649192,0.35080808
1747_martinique-france,0.6508282,0.34917185
2181_rwanda-ceo,0.78797567,0.21202435
975_germany,0.19045378,0.80954623
28117_geowiki-landcover-2017,0.6508273,0.34917274
26004_geowiki-landcover-2017,0.48099968,0.5190003
2268_martinique-france,0.6508277,0.3491723
970_croplands,0.19045392,0.8095461
24249_geowiki-landcover-2017,0.32620025,0.67379975
16219_geowiki-landcover-2017,0.31930384,0.6806961
393_tanzania-rice-ecaas,0.64363045,0.3563696
5_ile-de-france,0.19045389,0.8095462
1621_canada,0.1904687,0.80953133
26889_geowiki-landcover-2017,0.64886373,0.3511363
3573_rwanda-ceo,0.78797525,0.2120248
8296_geowiki-landcover-2017,0.48099497,0.51900506
1912_geowiki-landcover-2017,0.48100975,0.5189902
1230_mali-helmets-labelling-crops,0.47528985,0.5247101
2200_ile-de-france,0.19045395,0.809546
5950_canada,0.47313914,0.52686083
3697_geowiki-landcover-2017,0.6508281,0.34917185
79_germany,0.19045375,0.80954623
2687_ile-de-france,0.32619,0.67380995
11899_geowiki-landcover-2017,0.6488637,0.3511364
3042_canada,0.4809998,0.51900023
5_mali-non-crop,0.6508282,0.3491718
76_tanzania-ceo,0.66000926,0.3399907
333_mali-helmets-labelling-crops,0.47529182,0.5247082
413_martinique-france,0.65082824,0.34917176
1161_canada,0.48099917,0.5190008
1214_togo,0.6508263,0.34917367
718_canada,0.31053182,0.68946815
4470_geowiki-landcover-2017,0.319303,0.68069696
33719_geowiki-landcover-2017,0.32618898,0.673811
10661_croplands,0.4854401,0.51455986
649_togo,0.6508239,0.34917608
9899_geowiki-landcover-2017,0.6600106,0.33998945
19833_geowiki-landcover-2017,0.48104632,0.5189537
984_mali-helmets-labelling-crops,0.32118252,0.6788175
5162_geowiki-landcover-2017,0.7879754,0.21202464
2078_germany,0.32618067,0.6738193
2282_rwanda-ceo,0.78797585,0.21202418
26150_geowiki-landcover-2017,0.4933137,0.5066863
1974_germany,0.19045375,0.80954623
444_central-asia,0.19045608,0.80954397
9548_croplands,0.48543963,0.51456034
5980_canada,0.19045383,0.8095462
1004_germany,0.19045375,0.80954623
1005_germany,0.32618847,0.67381155
1119_canada,0.31053275,0.6894673
1213_togo,0.65082765,0.34917235
445_tanzania-rice-ecaas,0.7879746,0.21202543
30958_geowiki-landcover-2017,0.48099872,0.51900125
5376_ile-de-france,0.19045386,0.8095462
17756_geowiki-landcover-2017,0.47313964,0.52686036
947_rwanda-ceo,0.78797567,0.2120243
27322_geowiki-landcover-2017,0.32618964,0.67381036
8987_croplands,0.6508269,0.3491731
11132_geowiki-landcover-2017,0.49114528,0.50885475
844_germany,0.19045398,0.809546
6503_geowiki-landcover-2017,0.32618898,0.673811
27782_geowiki-landcover-2017,0.49115503,0.5088449
2277_rwanda-ceo,0.78797555,0.21202445
7300_canada,0.31053224,0.6894677
1954_central-asia,0.19045395,0.809546
5848_ile-de-france,0.48099864,0.51900136
115_lem-brazil,0.78797555,0.21202445
1795_rwanda-ceo,0.7879754,0.21202458
25387_geowiki-landcover-2017,0.3078822,0.6921178
32703_geowiki-landcover-2017,0.65082747,0.34917256
4453_geowiki-landcover-2017,0.65082705,0.34917295
2804_canada,0.19045433,0.8095457
1667_canada,0.19045404,0.809546
11066_geowiki-landcover-2017,0.6488627,0.3511373
35772_geowiki-landcover-2017,0.47529173,0.5247083
3251_geowiki-landcover-2017,0.6508278,0.3491722
31627_geowiki-landcover-2017,0.3105336,0.6894664
3954_geowiki-landcover-2017,0.48099926,0.51900077
14320_geowiki-landcover-2017,0.48099935,0.5190007
13823_croplands,0.48545942,0.51454055
15935_geowiki-landcover-2017,0.6488629,0.3511371
14186_geowiki-landcover-2017,0.47314003,0.52686
3736_geowiki-landcover-2017,0.6436234,0.3563766
926_martinique-france,0.6508277,0.3491723
1014_canada,0.48100007,0.51899993
2744_canada,0.19045441,0.80954564
682_reunion-france,0.78797466,0.2120253
9772_geowiki-landcover-2017,0.7879755,0.21202451
24555_geowiki-landcover-2017,0.47964475,0.5203552
1863_germany,0.19045378,0.80954623
1555_ile-de-france,0.1904539,0.8095461
1715_ile-de-france,0.19045386,0.8095462
9479_croplands,0.48544022,0.51455975
417_rwanda-ceo,0.78797525,0.2120247
8204_geowiki-landcover-2017,0.6508258,0.34917426
14968_geowiki-landcover-2017,0.7879593,0.21204071
15508_geowiki-landcover-2017,0.48099887,0.5190011
1545_germany,0.4809561,0.5190439
107_tanzania-rice-ecaas,0.4854401,0.51455986
4234_geowiki-landcover-2017,0.4911546,0.5088454
5373_canada,0.19046344,0.8095366
1350_canada,0.31053197,0.689468
4671_central-asia,0.31053326,0.6894667
1613_rwanda-ceo,0.78797436,0.21202569
13955_geowiki-landcover-2017,0.47313976,0.5268602
23170_geowiki-landcover-2017,0.31067955,0.68932045
498_mali-helmets-labelling-crops,0.49331018,0.5066898
2192_tanzania-ceo,0.6436344,0.35636565
1830_canada,0.19045435,0.8095457
29681_geowiki-landcover-2017,0.31053254,0.6894675
810_rwanda-ceo,0.7879754,0.21202463
344_sudan,0.6508269,0.34917316
5900_ile-de-france,0.19045387,0.8095462
32671_geowiki-landcover-2017,0.32618913,0.67381084
1656_geowiki-landcover-2017,0.7879753,0.21202467
334_reunion-france,0.78797466,0.2120253
6148_ile-de-france,0.3261892,0.6738108
1598_kenya-non-crop,0.6436345,0.35636556
5568_canada,0.19045389,0.8095462
3621_canada,0.4809939,0.5190061
4699_geowiki-landcover-2017,0.7879751,0.21202485
35539_geowiki-landcover-2017,0.4809994,0.5190006
1860_germany,0.31053174,0.68946826
1252_central-asia,0.19045407,0.80954593
164_martinique-france,0.65082747,0.34917247
1388_canada,0.31090432,0.6890957
2501_reunion-france,0.78797525,0.21202475
9689_geowiki-landcover-2017,0.31930292,0.6806971
9317_geowiki-landcover-2017,0.6508292,0.34917083
2282_geowiki-landcover-2017,0.6508298,0.3491702
1631_canada,0.31053805,0.68946195
3452_central-asia,0.48099887,0.5190011
13225_geowiki-landcover-2017,0.78797525,0.21202475
614_rwanda-ceo,0.78797567,0.21202435
135_tanzania-ceo,0.78797567,0.21202435
4206_geowiki-landcover-2017,0.65082747,0.34917253
7290_canada,0.31053212,0.68946785
80_rwanda-ceo,0.78797567,0.21202429
4870_ile-de-france,0.19045474,0.8095452
18460_geowiki-landcover-2017,0.64886576,0.35113427
3692_ile-de-france,0.19045395,0.809546
2738_ile-de-france,0.31053233,0.68946767
1937_canada,0.3261893,0.6738107
1808_ile-de-france,0.32618976,0.6738103
2115_croplands,0.4796252,0.52037483
588_tanzania-ceo,0.64451224,0.35548773
1017_martinique-france,0.6508285,0.3491715
256_central-asia,0.31930187,0.68069816
34200_geowiki-landcover-2017,0.4752909,0.5247091
1375_kenya-non-crop,0.6600105,0.33998954
18576_geowiki-landcover-2017,0.64886504,0.3511349
31981_geowiki-landcover-2017,0.19045419,0.8095459
238_martinique-france,0.65082717,0.34917286
19322_geowiki-landcover-2017,0.48100802,0.51899195
9028_croplands,0.47529227,0.52470773
7570_canada,0.19045378,0.80954623
3238_geowiki-landcover-2017,0.49331516,0.50668484
11778_geowiki-landcover-2017,0.78797555,0.21202445
7653_geowiki-landcover-2017,0.32618922,0.6738108
11943_geowiki-landcover-2017,0.6508275,0.34917244
581_croplands,0.19045392,0.8095461
899_martinique-france,0.6508277,0.34917235
69_lem-brazil,0.4854407,0.51455927
2367_geowiki-landcover-2017,0.78797555,0.21202444
24405_geowiki-landcover-2017,0.47313988,0.5268601
13406_croplands,0.6436345,0.35636547
69_kenya-non-crop,0.7879755,0.21202451
24950_geowiki-landcover-2017,0.47529182,0.52470815
4825_ile-de-france,0.19045395,0.809546
33_martinique-france,0.65083236,0.3491677
5200_canada,0.31053227,0.6894677
3086_ile-de-france,0.31051108,0.6894889
877_ile-de-france,0.31052887,0.6894711
1994_martinique-france,0.6508269,0.34917307
984_ile-de-france,0.19047317,0.8095268
1852_germany,0.31053203,0.68946797
20121_geowiki-landcover-2017,0.47313967,0.52686036
614_central-asia,0.19045451,0.8095455
1805_tanzania-ceo,0.78797346,0.21202655
6032_ile-de-france,0.19045633,0.80954367
1648_kenya-non-crop,0.7879756,0.2120244
1903_reunion-france,0.78797525,0.2120248
3995_geowiki-landcover-2017,0.4731395,0.5268605
348_germany,0.32618842,0.6738116
1713_germany,0.3105324,0.68946767
196_rwanda-ceo,0.78797555,0.21202445
2198_canada,0.32619354,0.6738064
2923_ile-de-france,0.31053165,0.6894683
25236_geowiki-landcover-2017,0.49330541,0.50669456
7871_canada,0.3261886,0.6738114
779_martinique-france,0.6508276,0.34917235
76_canada,0.31053326,0.6894667
60_tanzania-ceo,0.7879755,0.21202451
1497_rwanda-ceo,0.78797567,0.21202426
31625_geowiki-landcover-2017,0.78797567,0.2120243
4037_canada,0.31027436,0.68972564
767_kenya-non-crop,0.6436389,0.35636106
2567_rwanda-ceo,0.7879758,0.21202423
310_kenya-non-crop,0.7879756,0.2120244
1557_kenya-non-crop,0.6508282,0.3491718
746_mali-helmets-labelling-crops,0.3211828,0.67881715
1515_central-asia,0.19132923,0.80867076
3119_canada,0.19045794,0.8095421
1572_germany,0.1904566,0.8095434
477_croplands,0.4854395,0.5145605
6018_ile-de-france,0.32618934,0.6738106
2139_germany,0.19046102,0.80953896
2689_geowiki-landcover-2017,0.6508296,0.34917042
34615_geowiki-landcover-2017,0.48099813,0.5190019
20003_geowiki-landcover-2017,0.4731395,0.5268605
2261_canada,0.19045441,0.80954564
33865_geowiki-landcover-2017,0.47313946,0.52686054
699_croplands,0.19045372,0.8095463
1850_tanzania-ceo,0.6360938,0.36390623
81_tanzania-rice-ecaas,0.48544073,0.51455927
8837_croplands,0.78797126,0.21202873
27104_geowiki-landcover-2017,0.78797567,0.2120243
30565_geowiki-landcover-2017,0.19045381,0.8095462
2673_geowiki-landcover-2017,0.475292,0.524708
30089_geowiki-landcover-2017,0.47515726,0.52484274
12353_geowiki-landcover-2017,0.47314036,0.52685964
1057_rwanda-ceo,0.78797567,0.21202426
11703_geowiki-landcover-2017,0.4812655,0.5187346
32400_geowiki-landcover-2017,0.32618937,0.6738106
3250_rwanda-ceo,0.78773385,0.21226607
17472_geowiki-landcover-2017,0.3192952,0.68070483
25288_geowiki-landcover-2017,0.48099875,0.51900125
1477_croplands,0.31053218,0.68946785
16628_geowiki-landcover-2017,0.64363074,0.35636926
4632_canada,0.1904539,0.8095461
1876_germany,0.19045378,0.80954623
1287_tanzania-ceo,0.64363474,0.35636526
933_martinique-france,0.6508277,0.3491723
857_martinique-france,0.6508274,0.3491726
16133_geowiki-landcover-2017,0.78797555,0.21202444
33988_geowiki-landcover-2017,0.6488634,0.35113665
1137_central-asia,0.19045395,0.8095461
1784_rwanda-ceo,0.78797567,0.21202433
4932_geowiki-landcover-2017,0.3105324,0.68946767
1731_tanzania-ceo,0.66003096,0.33996907
2937_canada,0.31053382,0.6894662
143_mali-helmets-labelling-crops,0.47529206,0.5247079
6196_geowiki-landcover-2017,0.32618952,0.6738105
11827_geowiki-landcover-2017,0.7879751,0.21202485
15426_geowiki-landcover-2017,0.6508278,0.34917215
1353_croplands,0.6390264,0.36097363
1150_germany,0.19045392,0.8095461
6735_geowiki-landcover-2017,0.65082717,0.34917286
1727_tanzania-ceo,0.78797567,0.21202435
1517_rwanda-ceo,0.78797483,0.21202515
1031_geowiki-landcover-2017,0.78797305,0.21202692
2247_reunion-france,0.6508278,0.34917223
4908_geowiki-landcover-2017,0.66000843,0.33999154
1001_geowiki-landcover-2017,0.66000915,0.33999085
34375_geowiki-landcover-2017,0.78797495,0.21202502
34586_geowiki-landcover-2017,0.47963178,0.5203682
2335_martinique-france,0.6508297,0.34917033
1664_reunion-france,0.6508276,0.34917235
22159_geowiki-landcover-2017,0.64885974,0.35114026
2299_geowiki-landcover-2017,0.65082765,0.34917235
1301_central-asia,0.19045392,0.8095461
1143_germany,0.31053206,0.6894679
30501_geowiki-landcover-2017,0.31053227,0.6894677
3395_canada,0.48099902,0.51900095
2026_germany,0.19045419,0.8095459
6165_ile-de-france,0.1904539,0.8095461
232_kenya-non-crop,0.7879756,0.2120244
3754_ile-de-france,0.19045386,0.8095462
4343_croplands,0.6508266,0.34917346
435_kenya-non-crop,0.6436341,0.35636586
25664_geowiki-landcover-2017,0.49115375,0.5088463
2691_rwanda-ceo,0.78797567,0.21202426
1894_canada,0.19045392,0.8095461
2493_geowiki-landcover-2017,0.6508281,0.34917185
33634_geowiki-landcover-2017,0.3261878,0.67381227
14931_croplands,0.64886177,0.3511383
20457_geowiki-landcover-2017,0.65082747,0.34917253
2492_reunion-france,0.78797275,0.2120273
3172_ile-de-france,0.3105322,0.6894677
31467_geowiki-landcover-2017,0.78797567,0.21202433
1902_rwanda-ceo,0.78797567,0.2120243
21397_geowiki-landcover-2017,0.47305247,0.52694756
33133_geowiki-landcover-2017,0.19045487,0.80954516
25337_geowiki-landcover-2017,0.19052294,0.80947703
1076_togo,0.49331236,0.50668764
30964_geowiki-landcover-2017,0.32618895,0.6738111
1133_reunion-france,0.7879755,0.21202451
6700_croplands,0.48544627,0.5145537
2757_geowiki-landcover-2017,0.6508284,0.3491716
2028_kenya-non-crop,0.6508284,0.3491716
7656_geowiki-landcover-2017,0.48102793,0.5189721
2520_ile-de-france,0.31053218,0.68946785
373_croplands,0.31053218,0.6894678
1120_martinique-france,0.65082747,0.34917256
2766_central-asia,0.3261971,0.67380285
4843_ile-de-france,0.19045462,0.8095454
25065_geowiki-landcover-2017,0.6508265,0.34917355
2421_kenya-non-crop,0.6605253,0.33947468
7337_geowiki-landcover-2017,0.48099628,0.5190037
26973_geowiki-landcover-2017,0.4752915,0.52470857
43_tanzania,0.48544553,0.51455444
4468_geowiki-landcover-2017,0.6508277,0.34917235
5253_ile-de-france,0.32618847,0.67381155
1468_croplands,0.31025168,0.68974835
1121_ile-de-france,0.32617685,0.6738232
24307_geowiki-landcover-2017,0.3262131,0.67378694
14994_geowiki-landcover-2017,0.78797495,0.21202502
26485_geowiki-landcover-2017,0.48099962,0.5190004
31428_geowiki-landcover-2017,0.64363456,0.3563654
538_reunion-france,0.48546368,0.5145363
9363_croplands,0.49330348,0.5066965
5748_canada,0.19045381,0.8095462
5250_canada,0.19045386,0.8095462
3278_canada,0.64886373,0.35113627
2422_kenya-non-crop,0.6508435,0.3491565
1787_reunion-france,0.7879754,0.21202463
149_reunion-france,0.7878743,0.2121257
1883_reunion-france,0.7879756,0.2120244
2201_germany,0.19045381,0.8095462
2002_kenya-non-crop,0.6508287,0.34917134
2476_germany,0.19045386,0.8095462
1815_central-asia,0.19045395,0.809546
1739_martinique-france,0.6508277,0.34917235
6975_croplands,0.6436342,0.3563658
21413_geowiki-landcover-2017,0.32618958,0.6738105
25029_geowiki-landcover-2017,0.3105368,0.6894632
18599_geowiki-landcover-2017,0.48100045,0.5189996
35004_geowiki-landcover-2017,0.47529155,0.5247085
7481_canada,0.19045389,0.8095462
31232_geowiki-landcover-2017,0.49331245,0.5066876
2636_reunion-france,0.47530586,0.52469414
18459_geowiki-landcover-2017,0.49114552,0.50885445
4864_central-asia,0.19045499,0.809545
2273_martinique-france,0.6508272,0.34917277
2287_martinique-france,0.65082747,0.34917253
5124_ile-de-france,0.4809989,0.5190011
1904_germany,0.31051543,0.6894846
7711_canada,0.48099294,0.519007
841_lem-brazil,0.7879755,0.21202451
3772_canada,0.32616282,0.6738372
2670_kenya-non-crop,0.64363444,0.35636556
17127_geowiki-landcover-2017,0.4731397,0.5268603
15984_geowiki-landcover-2017,0.49115482,0.5088452
1139_canada,0.32611105,0.6738889
842_canada,0.48099354,0.51900643
34588_geowiki-landcover-2017,0.19045435,0.8095457
6346_geowiki-landcover-2017,0.32618913,0.67381084
3360_canada,0.47313923,0.5268608
34736_geowiki-landcover-2017,0.1904538,0.80954623
3278_central-asia,0.31053266,0.6894673
754_martinique-france,0.49331236,0.50668764
131_tanzania-ceo,0.64363486,0.35636517
5219_ile-de-france,0.19045389,0.8095462
25799_geowiki-landcover-2017,0.64886105,0.35113892
33_brazil-non-crop,0.7879589,0.21204108
774_martinique-france,0.6508272,0.34917277
9388_croplands,0.6508278,0.34917215
1761_germany,0.3261891,0.6738109
7115_geowiki-landcover-2017,0.3261892,0.67381084
914_germany,0.32618898,0.673811
864_kenya-non-crop,0.7879756,0.2120244
1230_canada,0.19047226,0.8095277
2606_reunion-france,0.7879378,0.2120622
915_geowiki-landcover-2017,0.7874153,0.21258472
6522_canada,0.19045381,0.8095462
10931_geowiki-landcover-2017,0.4809994,0.5190006
7340_canada,0.31053197,0.689468
4651_central-asia,0.31053278,0.6894672
8580_geowiki-landcover-2017,0.65082705,0.34917295
4656_canada,0.19045517,0.80954486
1361_canada,0.19045414,0.8095459
446_geowiki-landcover-2017,0.7879669,0.21203311
25951_geowiki-landcover-2017,0.65082747,0.34917247
251_kenya,0.78797567,0.21202435
8252_geowiki-landcover-2017,0.31053674,0.6894632
1214_tanzania-ceo,0.78797567,0.21202429
1361_ile-de-france,0.1904542,0.80954576
29831_geowiki-landcover-2017,0.47308397,0.52691597
3243_canada,0.3261909,0.6738091
11439_geowiki-landcover-2017,0.650829,0.34917098
26200_geowiki-landcover-2017,0.78797466,0.21202536
29299_geowiki-landcover-2017,0.48099908,0.5190009
511_ile-de-france,0.48099786,0.51900214
1528_tanzania-ceo,0.4933121,0.50668794
1731_martinique-france,0.65082735,0.34917265
1515_reunion-france,0.6508276,0.34917244
2278_central-asia,0.19045436,0.80954564
4598_croplands,0.6436328,0.35636714
32330_geowiki-landcover-2017,0.32618922,0.6738107
26523_geowiki-landcover-2017,0.48099872,0.51900125
26108_geowiki-landcover-2017,0.65082586,0.3491741
14240_geowiki-landcover-2017,0.4911535,0.50884646
34310_geowiki-landcover-2017,0.31052944,0.6894706
2196_germany,0.19045381,0.8095462
1074_geowiki-landcover-2017,0.7879756,0.2120244
1198_geowiki-landcover-2017,0.7879755,0.21202455
5598_canada,0.47529167,0.5247083
29752_geowiki-landcover-2017,0.47529194,0.52470803
102_reunion-france,0.7879756,0.2120244
4416_croplands,0.47529194,0.52470803
15339_geowiki-landcover-2017,0.6508288,0.34917125
33087_geowiki-landcover-2017,0.48100677,0.51899326
4925_ile-de-france,0.19045386,0.8095462
468_central-asia,0.19047865,0.8095213
33249_geowiki-landcover-2017,0.19045378,0.80954623
4439_canada,0.3211819,0.6788181
16_mali,0.47529227,0.52470773
1140_kenya-non-crop,0.78797567,0.21202433
2548_geowiki-landcover-2017,0.47526428,0.52473575
1647_tanzania-ceo,0.66001123,0.33998883
26084_geowiki-landcover-2017,0.6508273,0.34917274
696_lem-brazil,0.4854459,0.51455414
5062_geowiki-landcover-2017,0.6508308,0.34916916
12496_croplands,0.47529262,0.5247074
258_tanzania-rice-ecaas,0.7879755,0.21202455
256_canada,0.32618952,0.6738105
1054_rwanda-ceo,0.78797567,0.2120243
32463_geowiki-landcover-2017,0.3261891,0.67381096
1011_rwanda-ceo,0.7879756,0.2120244
695_ile-de-france,0.19045395,0.809546
10049_croplands,0.64363426,0.35636577
16326_geowiki-landcover-2017,0.65082747,0.34917256
3510_ile-de-france,0.19045392,0.8095461
4445_geowiki-landcover-2017,0.4933125,0.5066875
6623_geowiki-landcover-2017,0.4809958,0.5190042
661_rwanda-ceo,0.64363456,0.35636538
5532_canada,0.19045375,0.80954623
557_tanzania-ceo,0.78797567,0.2120243
3665_ile-de-france,0.19045389,0.8095462
2588_central-asia,0.19045426,0.80954576
32054_geowiki-landcover-2017,0.48099786,0.51900214
736_canada,0.3105338,0.6894662
1922_tanzania-ceo,0.6436344,0.35636556
6062_ile-de-france,0.19045389,0.8095462
1766_rwanda-ceo,0.7879755,0.21202455
2561_ile-de-france,0.32612154,0.6738785
1559_geowiki-landcover-2017,0.78797567,0.2120243
6362_geowiki-landcover-2017,0.3262226,0.6737774
35120_geowiki-landcover-2017,0.19045378,0.80954623
2574_ile-de-france,0.19045395,0.8095461
16972_geowiki-landcover-2017,0.6508268,0.34917316
5076_geowiki-landcover-2017,0.6488631,0.3511369
2128_geowiki-landcover-2017,0.65083295,0.34916702
28833_geowiki-landcover-2017,0.47313857,0.5268614
8788_geowiki-landcover-2017,0.4731378,0.52686226
6335_canada,0.32618898,0.673811
1182_mali-helmets-labelling-crops,0.32118246,0.6788176
2937_geowiki-landcover-2017,0.32118416,0.67881584
4718_central-asia,0.19045389,0.8095462
32854_geowiki-landcover-2017,0.64361405,0.35638592
32352_geowiki-landcover-2017,0.48099497,0.51900506
91_tanzania-ceo,0.7879753,0.21202467
341_tanzania,0.6436351,0.35636488
561_togo,0.32118264,0.6788174
5006_canada,0.31053203,0.68946797
7278_geowiki-landcover-2017,0.48544037,0.5145596
10599_croplands,0.78797525,0.21202475
767_tanzania-rice-ecaas,0.48543966,0.51456034
181_germany,0.3261824,0.6738176
2416_kenya-non-crop,0.6508284,0.34917164
2704_rwanda-ceo,0.7879756,0.2120244
4700_ile-de-france,0.3105318,0.6894682
1018_central-asia,0.19045457,0.8095454
18925_geowiki-landcover-2017,0.6488634,0.35113668
2128_croplands,0.7879597,0.21204033
1262_rwanda-ceo,0.78797567,0.2120243
20485_geowiki-landcover-2017,0.3261891,0.6738109
1963_canada,0.310533,0.689467
851_reunion-france,0.78797555,0.21202444
11903_geowiki-landcover-2017,0.32618922,0.6738108
122_ile-de-france,0.19045395,0.809546
557_togo,0.3211824,0.67881763
2093_canada,0.19045392,0.8095461
12120_geowiki-landcover-2017,0.49115115,0.5088489
724_ethiopia,0.6436343,0.35636568
134_sudan,0.4854389,0.5145611
7511_canada,0.1904552,0.80954486
4660_canada,0.3105323,0.68946767
10602_croplands,0.48544005,0.5145599
1668_germany,0.4809978,0.5190022
4608_ile-de-france,0.4809976,0.51900244
22086_geowiki-landcover-2017,0.64886343,0.35113654
9017_croplands,0.49332765,0.5066724
1738_reunion-france,0.6508275,0.34917244
491_martinique-france,0.6508274,0.3491726
236_rwanda-ceo,0.78797555,0.21202445
4631_croplands,0.6436299,0.3563701
17718_geowiki-landcover-2017,0.64886326,0.35113674
31656_geowiki-landcover-2017,0.49124008,0.5087599
2064_rwanda-ceo,0.78797567,0.21202435
888_rwanda-ceo,0.78797466,0.21202536
3891_canada,0.1904538,0.80954623
714_mali-helmets-labelling-crops,0.47529238,0.5247076
668_tanzania-rice-ecaas,0.6436023,0.35639766
7586_geowiki-landcover-2017,0.48100185,0.5189981
3200_geowiki-landcover-2017,0.6508264,0.3491736
15510_geowiki-landcover-2017,0.6488636,0.3511364
938_croplands,0.65082574,0.34917426
19974_geowiki-landcover-2017,0.32619053,0.67380947
842_rwanda-ceo,0.7879744,0.21202554
449_croplands,0.47313762,0.5268624
31776_geowiki-landcover-2017,0.6488618,0.35113814
2117_rwanda-ceo,0.78797567,0.2120243
3452_canada,0.49114937,0.50885063
639_central-asia,0.19045717,0.8095429
282_tanzania-ceo,0.32118532,0.6788147
3511_rwanda-ceo,0.78797555,0.2120245
18229_geowiki-landcover-2017,0.6488634,0.3511366
7265_canada,0.32618687,0.6738131
26095_geowiki-landcover-2017,0.65082747,0.34917253
1748_rwanda-ceo,0.78797555,0.21202445
2512_rwanda-ceo,0.64360774,0.35639232
2079_central-asia,0.19045441,0.80954564
2392_ile-de-france,0.19045387,0.8095462
8193_geowiki-landcover-2017,0.7879756,0.2120244
10748_geowiki-landcover-2017,0.49115455,0.50884545
215_lem-brazil,0.48544094,0.5145591
263_tanzania-ceo,0.65080005,0.34919992
2454_geowiki-landcover-2017,0.650826,0.349174
2079_canada,0.48099577,0.5190042
1689_germany,0.48097312,0.5190269
354_croplands,0.47529265,0.5247074
12973_geowiki-landcover-2017,0.64886355,0.35113645
501_togo,0.32118356,0.67881644
8879_geowiki-landcover-2017,0.47313944,0.52686054
1255_kenya-non-crop,0.6508249,0.34917507
16360_geowiki-landcover-2017,0.6508268,0.34917316
8525_geowiki-landcover-2017,0.47313645,0.5268636
18038_geowiki-landcover-2017,0.47313705,0.5268629
822_geowiki-landcover-2017,0.78797567,0.21202426
2202_martinique-france,0.6508289,0.34917104
911_mali-helmets-labelling-crops,0.4933125,0.5066875
33361_geowiki-landcover-2017,0.6436341,0.35636592
512_ile-de-france,0.48096916,0.5190308
15413_geowiki-landcover-2017,0.650828,0.349172
676_canada,0.3261916,0.6738084
19916_geowiki-landcover-2017,0.31053254,0.6894675
6471_canada,0.1904565,0.8095435
6098_ile-de-france,0.31052548,0.6894745
2772_rwanda-ceo,0.78797555,0.21202445
2040_rwanda-ceo,0.78797567,0.2120243
1733_martinique-france,0.65082747,0.34917256
6407_canada,0.3105347,0.68946534
1732_geowiki-landcover-2017,0.78797495,0.21202505
27852_geowiki-landcover-2017,0.49115607,0.5088439
4599_ile-de-france,0.31053245,0.68946755
1865_rwanda-ceo,0.7879755,0.21202455
33931_geowiki-landcover-2017,0.47530302,0.52469695
5711_geowiki-landcover-2017,0.32619563,0.6738044
276_kenya-non-crop,0.48565614,0.51434386
24270_geowiki-landcover-2017,0.3261715,0.67382854
20776_geowiki-landcover-2017,0.7879755,0.21202451
21284_geowiki-landcover-2017,0.49115485,0.5088452
1099_ile-de-france,0.19045472,0.8095452
820_lem-brazil,0.7879749,0.21202512
13564_croplands,0.47529227,0.52470773
2142_tanzania-ceo,0.48543984,0.51456016
10339_geowiki-landcover-2017,0.64853466,0.35146537
16968_geowiki-landcover-2017,0.64886355,0.35113645
20_mali-helmets-labelling-crops,0.3211834,0.6788166
1263_rwanda-ceo,0.78797567,0.2120243
5099_canada,0.19045375,0.80954623
4180_canada,0.48099545,0.5190046
2336_reunion-france,0.65082705,0.34917295
26060_geowiki-landcover-2017,0.6508276,0.34917235
6965_geowiki-landcover-2017,0.32618898,0.6738111
1194_canada,0.32618997,0.67381
26480_geowiki-landcover-2017,0.4911545,0.5088455
4373_geowiki-landcover-2017,0.7879754,0.21202463
17596_geowiki-landcover-2017,0.49115488,0.50884515
17741_geowiki-landcover-2017,0.31930298,0.680697
2149_central-asia,0.19045454,0.80954546
3423_canada,0.3261891,0.67381096
11583_geowiki-landcover-2017,0.6508276,0.34917244
7971_geowiki-landcover-2017,0.6508278,0.34917215
680_kenya-non-crop,0.78797555,0.21202445
376_tanzania-ceo,0.6508271,0.34917286
9905_geowiki-landcover-2017,0.31053233,0.68946767
26267_geowiki-landcover-2017,0.6508282,0.3491718
9551_croplands,0.64364356,0.35635638
6639_geowiki-landcover-2017,0.6508257,0.34917432
701_central-asia,0.19045503,0.809545
17273_geowiki-landcover-2017,0.326189,0.67381096
23537_geowiki-landcover-2017,0.19045426,0.80954576
412_ethiopia,0.66000575,0.33999422
7739_canada,0.3211842,0.6788158
18922_geowiki-landcover-2017,0.19045381,0.8095462
28890_geowiki-landcover-2017,0.1904538,0.80954623
1996_tanzania-ceo,0.78797585,0.21202418
5064_geowiki-landcover-2017,0.643634,0.35636604
24444_geowiki-landcover-2017,0.64886314,0.3511369
77_uganda,0.78797525,0.21202475
2381_germany,0.32619008,0.6738099
3239_ile-de-france,0.19045389,0.8095462
2731_rwanda-ceo,0.78797567,0.21202435
1893_central-asia,0.1962167,0.8037833
379_tanzania-rice-ecaas,0.6436343,0.35636574
16068_geowiki-landcover-2017,0.6436351,0.35636497
497_mali-helmets-labelling-crops,0.32118234,0.67881763
116_sudan,0.6436288,0.35637125
33774_geowiki-landcover-2017,0.19045381,0.8095462
2895_croplands,0.78797436,0.21202566
1487_canada,0.48099923,0.5190008
13747_croplands,0.4854401,0.5145599
4176_canada,0.31053218,0.68946785
188_martinique-france,0.6508277,0.34917226
6244_canada,0.19045381,0.8095462
2213_ile-de-france,0.32618985,0.6738101
12130_geowiki-landcover-2017,0.64886194,0.351138
969_canada,0.3105326,0.68946743
16119_geowiki-landcover-2017,0.4933125,0.5066875
16496_geowiki-landcover-2017,0.48100343,0.5189966
689_germany,0.19045419,0.80954576
1708_kenya-non-crop,0.78797567,0.21202426
1126_martinique-france,0.65082747,0.34917253
1796_martinique-france,0.65082747,0.34917253
437_rwanda-ceo,0.7879755,0.21202452
2263_rwanda-ceo,0.78797585,0.21202418
3475_geowiki-landcover-2017,0.659955,0.34004492
32_mali,0.32118234,0.67881763
1894_ile-de-france,0.1904539,0.8095461
1517_canada,0.32619536,0.67380464
3372_central-asia,0.31053242,0.68946755
2346_ile-de-france,0.19045392,0.8095461
10682_geowiki-landcover-2017,0.32619536,0.67380464
5078_canada,0.19045374,0.80954623
301_reunion-france,0.6436345,0.3563655
3806_ile-de-france,0.19045414,0.8095459
34082_geowiki-landcover-2017,0.3105319,0.6894681
18259_geowiki-landcover-2017,0.31053203,0.68946797
5637_canada,0.19045404,0.809546
945_canada,0.31053197,0.689468
840_croplands,0.32618883,0.67381114
3790_geowiki-landcover-2017,0.6436253,0.3563747
1226_germany,0.32618997,0.67381
6057_geowiki-landcover-2017,0.31930333,0.6806967
697_tanzania-rice-ecaas,0.48544014,0.51455986
3014_rwanda-ceo,0.78797567,0.21202435
10573_geowiki-landcover-2017,0.326189,0.67381096
8273_geowiki-landcover-2017,0.49115402,0.508846
292_central-asia,0.19045545,0.8095445
4136_croplands,0.65082705,0.34917295
248_central-asia,0.47310337,0.5268966
959_canada,0.1904542,0.80954576
14944_geowiki-landcover-2017,0.6508272,0.34917277
16058_geowiki-landcover-2017,0.49115595,0.508844
14022_croplands,0.6436343,0.35636568
51_sudan,0.65082926,0.34917074
1580_tanzania-ceo,0.7879754,0.21202463
6104_geowiki-landcover-2017,0.64885885,0.35114118
3214_central-asia,0.31053224,0.6894677
493_reunion-france,0.66000897,0.33999103
1740_germany,0.48099592,0.5190041
1439_croplands,0.31055,0.68944997
13518_geowiki-landcover-2017,0.7879754,0.21202455
5688_ile-de-france,0.1904539,0.8095461
1222_canada,0.3105319,0.6894681
463_ile-de-france,0.19045395,0.809546
27662_geowiki-landcover-2017,0.6488613,0.3511387
448_lem-brazil,0.6436341,0.35636592
1171_central-asia,0.3261862,0.67381376
35413_geowiki-landcover-2017,0.49331406,0.5066859
3664_croplands,0.7879756,0.2120244
1558_geowiki-landcover-2017,0.64363456,0.35636544
1352_mali-helmets-labelling-crops,0.3211834,0.6788166
5987_geowiki-landcover-2017,0.3105393,0.68946075
3036_geowiki-landcover-2017,0.6508274,0.3491726
30124_geowiki-landcover-2017,0.32118106,0.678819
12729_geowiki-landcover-2017,0.6508278,0.34917223
1893_reunion-france,0.64363694,0.3563631
5078_ile-de-france,0.3261915,0.67380846
2836_central-asia,0.1904591,0.8095409
26268_geowiki-landcover-2017,0.6508275,0.34917244
2738_rwanda-ceo,0.78797567,0.21202426
11638_croplands,0.47536597,0.524634
8816_geowiki-landcover-2017,0.32618883,0.67381114
2235_ile-de-france,0.480986,0.519014
27887_geowiki-landcover-2017,0.64886355,0.35113648
1147_central-asia,0.19045389,0.8095462
1217_geowiki-landcover-2017,0.7879753,0.21202467
2140_geowiki-landcover-2017,0.47529465,0.52470535
14402_geowiki-landcover-2017,0.64884096,0.35115907
1985_ile-de-france,0.32618454,0.6738154
33730_geowiki-landcover-2017,0.31103778,0.6889622
2310_kenya-non-crop,0.78797495,0.21202502
5849_canada,0.19045381,0.8095462
31283_geowiki-landcover-2017,0.47717288,0.52282715
1163_mali-helmets-labelling-crops,0.32118282,0.67881715
803_reunion-france,0.7879753,0.21202467
6272_canada,0.19045372,0.8095463
1119_rwanda-ceo,0.78797567,0.21202433
562_mali-helmets-labelling-crops,0.3211823,0.6788177
989_kenya-non-crop,0.7879758,0.21202423
10887_geowiki-landcover-2017,0.66000915,0.33999085
2321_rwanda-ceo,0.7879755,0.21202451
530_ethiopia,0.7879717,0.21202828
19822_geowiki-landcover-2017,0.6508273,0.3491727
46_martinique-france,0.65087366,0.34912634
14971_croplands,0.6436338,0.35636616
2295_kenya-non-crop,0.7879749,0.21202512
11915_geowiki-landcover-2017,0.4809989,0.5190011
219_croplands,0.31053218,0.6894678
5302_ile-de-france,0.19045529,0.80954474
14765_geowiki-landcover-2017,0.7879585,0.21204148
6262_canada,0.3104835,0.6895165
1024_germany,0.3105322,0.6894677
375_tanzania-rice-ecaas,0.6436344,0.35636565
6101_canada,0.19045378,0.80954623
29075_geowiki-landcover-2017,0.19045731,0.8095427
11613_geowiki-landcover-2017,0.78797525,0.2120248
580_martinique-france,0.65082717,0.34917277
474_mali-helmets-labelling-crops,0.32118374,0.67881626
32069_geowiki-landcover-2017,0.3261889,0.6738111
5509_canada,0.3105322,0.6894677
28384_geowiki-landcover-2017,0.6508356,0.34916446
10952_geowiki-landcover-2017,0.64363444,0.35636556
3683_central-asia,0.19045399,0.809546
5524_ile-de-france,0.19045387,0.8095462
35720_geowiki-landcover-2017,0.6508275,0.34917244
2157_ile-de-france,0.19045395,0.809546
14126_geowiki-landcover-2017,0.64886343,0.35113654
10711_geowiki-landcover-2017,0.19045389,0.8095462
2732_rwanda-ceo,0.7879756,0.2120244
1379_tanzania-ceo,0.6436337,0.35636628
921_ile-de-france,0.326193,0.673807
1358_reunion-france,0.6508279,0.34917215
20355_geowiki-landcover-2017,0.65082747,0.34917253
2941_geowiki-landcover-2017,0.6508286,0.3491714
1454_rwanda-ceo,0.78797567,0.21202435
699_reunion-france,0.660009,0.33999094
461_martinique-france,0.65083605,0.3491639
117_sudan,0.48543623,0.5145638
1746_ile-de-france,0.19045399,0.809546
301_croplands,0.65082717,0.34917277
7508_geowiki-landcover-2017,0.6508277,0.3491723
10665_geowiki-landcover-2017,0.64886373,0.3511363
18755_geowiki-landcover-2017,0.64886343,0.3511366
30893_geowiki-landcover-2017,0.32618925,0.6738107
733_kenya-non-crop,0.78797567,0.21202429
126_tanzania-rice-ecaas,0.7879751,0.21202485
27381_geowiki-landcover-2017,0.65999097,0.34000903
247_kenya,0.7879756,0.2120244
33455_geowiki-landcover-2017,0.19045718,0.8095428
281_reunion-france,0.65082484,0.3491751
2788_rwanda-ceo,0.78797567,0.21202435
1515_ile-de-france,0.19045441,0.80954564
124_germany,0.19045383,0.8095462
1777_geowiki-landcover-2017,0.6508276,0.34917244
23290_geowiki-landcover-2017,0.64886326,0.35113674
572_ethiopia,0.78797364,0.21202636
2871_ile-de-france,0.32618958,0.6738105
111_ile-de-france,0.19045404,0.809546
1134_central-asia,0.19045395,0.809546
25621_geowiki-landcover-2017,0.19045378,0.80954623
2038_germany,0.1905106,0.8094894
29125_geowiki-landcover-2017,0.31053218,0.6894678
1538_martinique-france,0.6508275,0.34917244
15109_geowiki-landcover-2017,0.65975803,0.34024194
30343_geowiki-landcover-2017,0.7879755,0.21202451
1025_kenya-non-crop,0.78797555,0.21202444
3386_canada,0.4809989,0.51900107
1994_rwanda-ceo,0.7879754,0.21202458
25_togo,0.78797454,0.21202546
7953_canada,0.32616234,0.67383766
1211_rwanda-ceo,0.7879755,0.21202451
2583_rwanda-ceo,0.7879754,0.21202458
696_martinique-france,0.65082747,0.34917256
2428_rwanda-ceo,0.78797567,0.21202429
663_lem-brazil,0.6600093,0.33999062
8342_geowiki-landcover-2017,0.31053245,0.6894676
813_ile-de-france,0.19045399,0.809546
479_martinique-france,0.65082735,0.34917265
1620_kenya-non-crop,0.78797567,0.21202435
1490_croplands,0.19045399,0.809546
3540_rwanda-ceo,0.78797555,0.21202445
2265_canada,0.19045392,0.8095461
11922_geowiki-landcover-2017,0.6485757,0.3514243
23270_geowiki-landcover-2017,0.31930295,0.680697
13984_geowiki-landcover-2017,0.49115473,0.50884527
2389_croplands,0.48543832,0.5145617
32553_geowiki-landcover-2017,0.32618937,0.6738106
19319_geowiki-landcover-2017,0.4911551,0.50884485
1734_germany,0.32618946,0.6738105
209_tanzania,0.78796935,0.21203065
17900_geowiki-landcover-2017,0.3193029,0.68069714
919_germany,0.19045381,0.8095462
576_ethiopia,0.48544022,0.51455975
3848_canada,0.19045378,0.80954623
1391_central-asia,0.1904539,0.8095461
262_rwanda-ceo,0.6600113,0.33998874
30327_geowiki-landcover-2017,0.31231466,0.6876854
15341_geowiki-landcover-2017,0.65082824,0.34917176
4056_canada,0.3261891,0.6738109
13162_geowiki-landcover-2017,0.6508276,0.34917235
2411_reunion-france,0.7879751,0.21202485
1265_rwanda-ceo,0.7879756,0.2120244
247_germany,0.48099858,0.5190014
1856_tanzania-ceo,0.7879659,0.21203403
156_ile-de-france,0.19045404,0.809546
842_lem-brazil,0.7879754,0.21202463
3604_geowiki-landcover-2017,0.49330914,0.50669086
2964_canada,0.31053254,0.6894675
2567_canada,0.48099962,0.51900035
34101_geowiki-landcover-2017,0.31930286,0.68069714
1141_tanzania-ceo,0.7879751,0.21202485
21766_geowiki-landcover-2017,0.65082735,0.34917265
9424_croplands,0.32118848,0.6788115
212_rwanda-ceo,0.78797555,0.2120245
986_central-asia,0.31929013,0.68070984
4794_ile-de-france,0.19045389,0.8095462
23362_geowiki-landcover-2017,0.47529238,0.52470756
6994_geowiki-landcover-2017,0.47529182,0.52470815
4347_central-asia,0.31928378,0.6807162
13900_geowiki-landcover-2017,0.64886284,0.35113713
1525_ile-de-france,0.326173,0.673827
24046_geowiki-landcover-2017,0.6508278,0.34917223
3721_canada,0.19045386,0.8095462
996_reunion-france,0.65082747,0.34917247
1867_ile-de-france,0.19045392,0.8095461
10919_geowiki-landcover-2017,0.32619026,0.67380977
13872_croplands,0.64363354,0.35636646
2577_ile-de-france,0.31052753,0.68947244
2126_rwanda-ceo,0.78797555,0.21202445
4693_croplands,0.4752949,0.5247051
5617_ile-de-france,0.19045404,0.809546
84_mali-non-crop,0.65082747,0.34917253
1608_reunion-france,0.78797555,0.21202444
6079_ile-de-france,0.19045389,0.8095462
1266_martinique-france,0.6508275,0.34917244
2659_central-asia,0.1904567,0.8095434
579_martinique-france,0.65082765,0.34917235
388_ethiopia,0.48544046,0.51455957
6892_croplands,0.48545682,0.5145431
1360_rwanda-ceo,0.78797555,0.21202445
1169_kenya-non-crop,0.7879755,0.21202451
1028_central-asia,0.19045445,0.8095455
208_ile-de-france,0.32618934,0.6738106
6789_croplands,0.6600097,0.33999035
3222_canada,0.48099875,0.51900125
30614_geowiki-landcover-2017,0.19045562,0.8095444
12445_croplands,0.6508275,0.34917244
18_tanzania,0.78797483,0.21202515
783_reunion-france,0.66000885,0.3399912
7568_canada,0.19045487,0.80954516
3015_ile-de-france,0.19045392,0.8095461
3094_croplands,0.6436343,0.3563657
30114_geowiki-landcover-2017,0.19045378,0.80954623
34074_geowiki-landcover-2017,0.65082747,0.34917253
8200_geowiki-landcover-2017,0.7879756,0.2120244
9189_croplands,0.49331364,0.50668633
4578_geowiki-landcover-2017,0.47529233,0.5247076
569_martinique-france,0.65082747,0.34917256
1101_germany,0.19045378,0.80954623
693_martinique-france,0.65082717,0.34917286
30825_geowiki-landcover-2017,0.48099923,0.5190008
25548_geowiki-landcover-2017,0.6488634,0.35113668
25030_geowiki-landcover-2017,0.32618988,0.67381006
12870_geowiki-landcover-2017,0.65082806,0.34917194
16664_geowiki-landcover-2017,0.7879744,0.21202554
752_tanzania-ceo,0.78797555,0.21202445
14482_geowiki-landcover-2017,0.4911548,0.50884527
26927_geowiki-landcover-2017,0.64880294,0.3511971
2472_kenya-non-crop,0.7877997,0.21220025
1588_central-asia,0.19045395,0.8095461
2005_central-asia,0.19045487,0.80954516
21_tanzania-ceo,0.78797495,0.212025
1414_martinique-france,0.6508278,0.34917215
3432_canada,0.32618934,0.6738106
1078_reunion-france,0.65082794,0.34917206
6012_ile-de-france,0.19045398,0.809546
1183_ile-de-france,0.48098817,0.5190118
1106_croplands,0.6508275,0.34917244
269_canada,0.1905675,0.8094325
20401_geowiki-landcover-2017,0.3105322,0.6894677
7083_canada,0.32118204,0.6788179
32220_geowiki-landcover-2017,0.6508274,0.3491726
4358_geowiki-landcover-2017,0.6508288,0.34917125
17932_geowiki-landcover-2017,0.6488633,0.35113668
20066_geowiki-landcover-2017,0.49115598,0.508844
22260_geowiki-landcover-2017,0.48099867,0.5190013
1387_kenya-non-crop,0.78797525,0.2120247
1125_reunion-france,0.64367133,0.35632867
670_central-asia,0.19045845,0.8095415
596_lem-brazil,0.78797126,0.21202873
29472_geowiki-landcover-2017,0.3261775,0.67382246
4821_canada,0.19045407,0.80954593
2746_reunion-france,0.6508276,0.34917235
33091_geowiki-landcover-2017,0.78797555,0.21202444
6319_canada,0.3105316,0.68946844
2447_reunion-france,0.7879756,0.2120244
24565_geowiki-landcover-2017,0.32618925,0.6738107
14_kenya-non-crop,0.7879758,0.21202426
4021_ile-de-france,0.19045389,0.8095462
4814_canada,0.1904539,0.8095461
9159_geowiki-landcover-2017,0.4809999,0.5190001
54_mali-helmets-labelling-crops,0.3211823,0.6788177
21713_geowiki-landcover-2017,0.78797495,0.21202508
1630_tanzania-ceo,0.78797525,0.21202475
18372_geowiki-landcover-2017,0.6508274,0.3491726
457_kenya-non-crop,0.787975,0.21202497
1791_germany,0.48099735,0.5190026
32685_geowiki-landcover-2017,0.31053048,0.6894696
33372_geowiki-landcover-2017,0.32618883,0.67381114
29891_geowiki-landcover-2017,0.48099738,0.5190026
14371_geowiki-landcover-2017,0.64886326,0.35113677
300_martinique-france,0.65082747,0.34917247
30082_geowiki-landcover-2017,0.32620126,0.67379874
1365_croplands,0.47529215,0.52470785
20746_geowiki-landcover-2017,0.6508271,0.34917286
350_ethiopia,0.78797394,0.21202606
186_reunion-france,0.7879755,0.21202451
23281_geowiki-landcover-2017,0.64886326,0.35113674
2269_rwanda-ceo,0.78797567,0.21202435
19006_geowiki-landcover-2017,0.31053495,0.68946505
478_kenya-non-crop,0.6436343,0.35636574
3230_rwanda-ceo,0.7879754,0.21202458
29802_geowiki-landcover-2017,0.6508276,0.3491724
58_germany,0.19045374,0.80954623
32036_geowiki-landcover-2017,0.48099902,0.51900095
591_tanzania-ceo,0.7879755,0.21202451
35509_geowiki-landcover-2017,0.32618883,0.67381114
2878_rwanda-ceo,0.7879758,0.21202421
1135_mali-helmets-labelling-crops,0.32118288,0.6788171
1643_ile-de-france,0.19045386,0.8095462
1545_canada,0.31052828,0.6894717
16231_geowiki-landcover-2017,0.64886314,0.3511369
14379_geowiki-landcover-2017,0.326189,0.67381096
1709_tanzania-ceo,0.78797525,0.2120247
3528_geowiki-landcover-2017,0.3211827,0.67881733
587_canada,0.31051803,0.689482
6231_geowiki-landcover-2017,0.32721096,0.67278904
26_mali,0.47551543,0.5244846
126_uganda,0.48543978,0.5145602
17506_geowiki-landcover-2017,0.6601435,0.33985648
6107_geowiki-landcover-2017,0.32618928,0.6738107
572_tanzania-ceo,0.4854402,0.5145598
936_reunion-france,0.7879756,0.2120244
1043_reunion-france,0.7879754,0.21202463
3687_canada,0.31053087,0.6894691
30009_geowiki-landcover-2017,0.7879754,0.21202458
659_togo,0.3211956,0.6788044
2425_rwanda-ceo,0.78797555,0.21202445
16522_geowiki-landcover-2017,0.64363664,0.3563634
7115_canada,0.31053224,0.6894677
2244_martinique-france,0.6508285,0.34917155
6752_croplands,0.48544005,0.51456
79_kenya-non-crop,0.48544005,0.5145599
70_reunion-france,0.66000885,0.33999115
18984_geowiki-landcover-2017,0.3261897,0.6738103
1154_kenya-non-crop,0.7879756,0.2120244
279_lem-brazil,0.48544055,0.51455945
1309_ile-de-france,0.19045444,0.8095455
254_rwanda-ceo,0.78797567,0.21202435
2019_kenya-non-crop,0.47529304,0.52470696
705_kenya-non-crop,0.7879752,0.21202485
792_togo,0.32118258,0.6788174
1282_geowiki-landcover-2017,0.4854405,0.51455957
1121_tanzania-ceo,0.660009,0.33999094
298_tanzania,0.7879679,0.21203205
1388_croplands,0.49331185,0.5066881
18217_geowiki-landcover-2017,0.4810057,0.5189943
3048_ile-de-france,0.19045389,0.8095462
1757_ile-de-france,0.19055076,0.8094492
699_togo,0.32118216,0.6788178
663_croplands,0.48099455,0.5190054
4332_ile-de-france,0.32541928,0.6745807
477_lem-brazil,0.78797525,0.21202478
1481_ile-de-france,0.19045392,0.8095461
7054_geowiki-landcover-2017,0.48099908,0.51900095
94_rwanda-ceo,0.78797567,0.21202435
1059_kenya-non-crop,0.78797567,0.2120243
19529_geowiki-landcover-2017,0.49115476,0.50884527
2446_central-asia,0.19045436,0.80954564
634_germany,0.32619974,0.67380023
2079_ile-de-france,0.48099846,0.5190016
91_tanzania,0.78797555,0.21202444
161_martinique-france,0.65082747,0.34917247
21588_geowiki-landcover-2017,0.7879635,0.21203649
2021_geowiki-landcover-2017,0.6508274,0.3491726
1002_martinique-france,0.6508275,0.34917244
29766_geowiki-landcover-2017,0.47529146,0.52470857
2120_reunion-france,0.6508276,0.3491724
3915_ile-de-france,0.31053236,0.68946767
20864_geowiki-landcover-2017,0.4810018,0.51899827
27961_geowiki-landcover-2017,0.64886105,0.35113892
1482_geowiki-landcover-2017,0.78797555,0.21202445
20309_geowiki-landcover-2017,0.6488536,0.35114643
11799_geowiki-landcover-2017,0.65082735,0.34917265
1314_kenya-non-crop,0.78797567,0.21202435
30192_geowiki-landcover-2017,0.3261776,0.6738224
987_tanzania-ceo,0.7879754,0.21202458
35099_geowiki-landcover-2017,0.64363074,0.35636923
949_tanzania-ceo,0.78797483,0.21202517
2116_tanzania-ceo,0.78797567,0.21202426
74_mali-non-crop,0.32118258,0.67881745
10196_geowiki-landcover-2017,0.6508267,0.3491733
2160_reunion-france,0.7736325,0.22636746
34775_geowiki-landcover-2017,0.31053358,0.6894664
4759_geowiki-landcover-2017,0.7879708,0.21202923
34384_geowiki-landcover-2017,0.32118288,0.67881715
1671_canada,0.19045387,0.8095462
23262_geowiki-landcover-2017,0.648863,0.35113698
4731_canada,0.19045378,0.80954623
1047_croplands,0.31053254,0.6894675
4376_croplands,0.47529194,0.52470803
204_croplands,0.3105346,0.6894654
441_martinique-france,0.6508276,0.3491724
34845_geowiki-landcover-2017,0.6508273,0.34917268
19565_geowiki-landcover-2017,0.32619357,0.67380637
13999_geowiki-landcover-2017,0.3105538,0.6894462
2184_germany,0.32579723,0.67420274
2016_ile-de-france,0.19045582,0.80954415
1497_canada,0.48099935,0.51900065
12309_geowiki-landcover-2017,0.31053326,0.6894667
496_kenya-non-crop,0.485441,0.51455903
983_ile-de-france,0.31052795,0.6894721
481_ile-de-france,0.19045398,0.809546
2244_kenya-non-crop,0.78797424,0.21202575
18056_geowiki-landcover-2017,0.4809993,0.51900077
5022_geowiki-landcover-2017,0.78792995,0.21207002
35476_geowiki-landcover-2017,0.4911504,0.5088496
2050_rwanda-ceo,0.78773385,0.21226607
11684_geowiki-landcover-2017,0.32118222,0.67881775
211_tanzania-ceo,0.78797567,0.21202426
15927_geowiki-landcover-2017,0.49115476,0.50884527
6796_canada,0.48099846,0.5190016
10244_geowiki-landcover-2017,0.7879709,0.21202911
81_mali,0.6508213,0.3491786
1364_central-asia,0.19045395,0.809546
2011_canada,0.19045408,0.80954593
511_tanzania-ceo,0.6599981,0.34000182
163_lem-brazil,0.7879754,0.21202455
5463_ile-de-france,0.31047258,0.6895274
1550_ile-de-france,0.48099867,0.5190013
734_tanzania-ceo,0.78797567,0.2120243
1047_ile-de-france,0.32618898,0.6738111
2145_central-asia,0.32618788,0.67381215
2161_central-asia,0.19045478,0.8095452
6526_croplands,0.78795815,0.21204185
29505_geowiki-landcover-2017,0.47313622,0.52686375
5064_canada,0.19045375,0.80954623
9962_croplands,0.48548076,0.5145193
56_ile-de-france,0.19045395,0.809546
33687_geowiki-landcover-2017,0.6454265,0.35457346
466_geowiki-landcover-2017,0.7879711,0.21202885
578_central-asia,0.19045542,0.8095446
2456_rwanda-ceo,0.64363587,0.35636416
5607_canada,0.19045374,0.80954623
3006_ile-de-france,0.19045392,0.8095461
422_germany,0.19045381,0.8095462
1512_reunion-france,0.6508266,0.34917346
1658_geowiki-landcover-2017,0.6600093,0.33999062
2051_tanzania-ceo,0.6436351,0.35636497
2008_geowiki-landcover-2017,0.65082747,0.34917253
18712_geowiki-landcover-2017,0.4809999,0.5190001
12567_croplands,0.6507671,0.34923288
5008_ile-de-france,0.19045387,0.8095462
362_geowiki-landcover-2017,0.6436344,0.35636562
1700_tanzania-ceo,0.7879708,0.21202914
1865_germany,0.4809973,0.5190027
10069_geowiki-landcover-2017,0.6488631,0.35113698
1650_tanzania-ceo,0.7879758,0.21202426
4515_ile-de-france,0.19045389,0.8095462
2313_reunion-france,0.78797555,0.21202445
3988_geowiki-landcover-2017,0.4911624,0.50883764
6590_canada,0.32618833,0.6738117
870_ile-de-france,0.19045395,0.8095461
2007_rwanda-ceo,0.7879756,0.2120244
1171_martinique-france,0.6508276,0.34917244
33917_geowiki-landcover-2017,0.64885914,0.3511409
10634_croplands,0.643631,0.35636902
31967_geowiki-landcover-2017,0.3193027,0.68069726
4542_canada,0.47529173,0.5247083
1291_canada,0.31053135,0.6894687
11008_geowiki-landcover-2017,0.78796184,0.21203813
30610_geowiki-landcover-2017,0.65082777,0.34917226
6518_canada,0.19045378,0.80954623
18458_geowiki-landcover-2017,0.648854,0.35114595
13497_geowiki-landcover-2017,0.6603615,0.33963853
2259_kenya-non-crop,0.787975,0.212025
373_togo,0.32118258,0.6788174
4422_croplands,0.47529253,0.52470744
22524_geowiki-landcover-2017,0.32618898,0.673811
28227_geowiki-landcover-2017,0.6508351,0.34916487
27857_geowiki-landcover-2017,0.4731397,0.5268603
28176_geowiki-landcover-2017,0.6508274,0.3491726
8331_geowiki-landcover-2017,0.32118616,0.6788138
10754_croplands,0.6600712,0.3399288
9598_geowiki-landcover-2017,0.6508278,0.34917223
706_mali-helmets-labelling-crops,0.47529194,0.5247081
365_geowiki-landcover-2017,0.7879756,0.2120244
929_mali-helmets-labelling-crops,0.32118276,0.6788172
381_togo,0.32118464,0.6788154
32814_geowiki-landcover-2017,0.65082836,0.34917164
1927_tanzania-ceo,0.7879755,0.21202451
778_croplands,0.19045375,0.80954623
10512_geowiki-landcover-2017,0.32618883,0.67381114
27531_geowiki-landcover-2017,0.7879754,0.21202463
866_martinique-france,0.6508276,0.34917235
33082_geowiki-landcover-2017,0.6508275,0.34917244
34894_geowiki-landcover-2017,0.1904542,0.80954576
1008_geowiki-landcover-2017,0.78797567,0.21202433
3180_canada,0.31053236,0.68946767
1086_kenya-non-crop,0.65999395,0.34000608
29944_geowiki-landcover-2017,0.31053224,0.6894677
1443_canada,0.48100176,0.51899827
1233_germany,0.3261875,0.6738125
1645_martinique-france,0.6508276,0.34917235
2149_geowiki-landcover-2017,0.6508275,0.34917244
2686_ile-de-france,0.32619068,0.67380935
550_canada,0.48099962,0.5190004
760_germany,0.19046612,0.8095339
3220_central-asia,0.31053224,0.6894677
2485_kenya-non-crop,0.49332058,0.5066794
8589_geowiki-landcover-2017,0.3261897,0.6738103
461_rwanda-ceo,0.78797555,0.21202445
9359_croplands,0.4933124,0.50668764
26473_geowiki-landcover-2017,0.4810122,0.5189878
13414_geowiki-landcover-2017,0.6508276,0.34917235
503_kenya-non-crop,0.78797567,0.21202426
834_germany,0.31053254,0.6894675
10619_croplands,0.6600219,0.33997813
30612_geowiki-landcover-2017,0.4752914,0.52470857
35251_geowiki-landcover-2017,0.32618904,0.67381096
2486_geowiki-landcover-2017,0.6508281,0.34917194
715_togo,0.47529432,0.52470565
3077_geowiki-landcover-2017,0.32118258,0.6788174
4446_geowiki-landcover-2017,0.64886343,0.3511366
5856_ile-de-france,0.19046466,0.8095354
1379_rwanda-ceo,0.78797567,0.21202426
11814_geowiki-landcover-2017,0.65082717,0.34917286
33436_geowiki-landcover-2017,0.19045389,0.8095462
713_tanzania-rice-ecaas,0.48544016,0.5145598
11743_geowiki-landcover-2017,0.3212443,0.6787557
2156_kenya-non-crop,0.78797567,0.2120243
12795_geowiki-landcover-2017,0.32641366,0.67358637
28267_geowiki-landcover-2017,0.31053373,0.6894663
30553_geowiki-landcover-2017,0.48099878,0.51900125
5357_croplands,0.64362013,0.3563799
2260_germany,0.32688567,0.67311436
2093_croplands,0.47529212,0.5247079
1327_central-asia,0.19045419,0.8095459
7869_geowiki-landcover-2017,0.475292,0.52470803
16877_geowiki-landcover-2017,0.65082353,0.3491765
1630_geowiki-landcover-2017,0.78795075,0.21204925
465_central-asia,0.19046429,0.8095357
2395_tanzania-ceo,0.78797555,0.21202445
111_tanzania-rice-ecaas,0.48547179,0.51452816
4349_canada,0.4809984,0.5190016
2021_martinique-france,0.49331227,0.50668776
1774_tanzania-ceo,0.65082747,0.34917256
5211_central-asia,0.19045526,0.80954474
172_geowiki-landcover-2017,0.4933135,0.5066865
26277_geowiki-landcover-2017,0.65082717,0.34917277
23930_geowiki-landcover-2017,0.78797483,0.21202515
1093_mali-helmets-labelling-crops,0.3211824,0.67881763
418_reunion-france,0.47529528,0.5247047
25569_geowiki-landcover-2017,0.3193037,0.6806963
3840_canada,0.19045419,0.8095459
4632_croplands,0.7879743,0.21202572
23896_geowiki-landcover-2017,0.48102933,0.51897067
4092_geowiki-landcover-2017,0.48099917,0.5190008
832_canada,0.1904541,0.8095459
19217_geowiki-landcover-2017,0.47642314,0.52357686
632_mali-helmets-labelling-crops,0.32118258,0.67881745
6477_canada,0.19045378,0.80954623
231_mali-helmets-labelling-crops,0.47529233,0.5247077
26465_geowiki-landcover-2017,0.32616866,0.67383134
35_croplands,0.64362097,0.3563791
8931_geowiki-landcover-2017,0.4911547,0.5088453
3257_geowiki-landcover-2017,0.47529203,0.524708
32428_geowiki-landcover-2017,0.3261995,0.6738005
1879_germany,0.32618892,0.6738111
34425_geowiki-landcover-2017,0.64857394,0.35142606
183_uganda,0.6436354,0.35636458
2087_tanzania-ceo,0.47529322,0.5247068
27272_geowiki-landcover-2017,0.4752923,0.5247077
7636_geowiki-landcover-2017,0.49115345,0.5088465
19201_geowiki-landcover-2017,0.47313935,0.52686065
17556_geowiki-landcover-2017,0.47529206,0.5247079
32987_geowiki-landcover-2017,0.66000855,0.33999145
3377_canada,0.3261942,0.6738058
2162_martinique-france,0.6508275,0.34917244
26857_geowiki-landcover-2017,0.48099908,0.5190009
4725_central-asia,0.19045386,0.8095462
18852_geowiki-landcover-2017,0.64886343,0.3511366
7180_canada,0.48099864,0.5190013
19375_geowiki-landcover-2017,0.32618928,0.6738107
2295_germany,0.32618865,0.6738114
2549_rwanda-ceo,0.7879756,0.21202436
11500_geowiki-landcover-2017,0.66000074,0.33999923
2323_central-asia,0.3105318,0.6894682
2773_ile-de-france,0.3261878,0.67381227
24446_geowiki-landcover-2017,0.4911546,0.5088454
1249_mali-helmets-labelling-crops,0.3211828,0.67881715
6079_canada,0.19045374,0.80954623
14667_geowiki-landcover-2017,0.6508267,0.3491733
1794_geowiki-landcover-2017,0.6508281,0.34917194
18593_geowiki-landcover-2017,0.64886343,0.35113654
355_mali-helmets-labelling-crops,0.6508274,0.3491726
590_geowiki-landcover-2017,0.7879756,0.21202436
2198_ile-de-france,0.32614115,0.6738588
1927_geowiki-landcover-2017,0.78797495,0.21202502
6450_canada,0.3261835,0.67381644
23314_geowiki-landcover-2017,0.6488622,0.3511378
1848_ile-de-france,0.19045386,0.8095462
13464_geowiki-landcover-2017,0.47313613,0.5268639
934_germany,0.32618958,0.6738104
9971_croplands,0.6436114,0.35638866
785_martinique-france,0.65082747,0.3491725
201_lem-brazil,0.6600095,0.3399905
735_kenya-non-crop,0.78797066,0.21202932
32371_geowiki-landcover-2017,0.31053227,0.68946767
1809_germany,0.19045381,0.8095462
881_tanzania-ceo,0.6436338,0.35636625
452_tanzania-rice-ecaas,0.6600109,0.33998916
21432_geowiki-landcover-2017,0.6488637,0.3511364
2040_kenya-non-crop,0.47529337,0.5247066
12537_croplands,0.65082717,0.3491728
179_sudan,0.32118532,0.6788147
18050_geowiki-landcover-2017,0.3105469,0.68945307
5745_geowiki-landcover-2017,0.4809984,0.51900166
5287_ile-de-france,0.19045426,0.80954576
790_canada,0.31053206,0.6894679
3136_canada,0.19045511,0.8095449
36_ethiopia,0.47314745,0.5268526
5897_canada,0.19045383,0.8095462
7597_canada,0.19045381,0.8095462
2092_germany,0.31053206,0.6894679
4376_central-asia,0.19059108,0.8094089
52_central-asia,0.48097998,0.51902
253_tanzania-rice-ecaas,0.6436343,0.35636574
11517_geowiki-landcover-2017,0.6508272,0.34917277
12829_geowiki-landcover-2017,0.65082747,0.34917256
2028_geowiki-landcover-2017,0.7879754,0.21202463
86_reunion-france,0.78797364,0.21202636
30157_geowiki-landcover-2017,0.64363444,0.35636556
11620_geowiki-landcover-2017,0.6508259,0.34917408
1917_tanzania-ceo,0.78797555,0.21202445
4496_ile-de-france,0.19045389,0.8095462
32966_geowiki-landcover-2017,0.4752849,0.52471507
4473_ile-de-france,0.1904539,0.8095461
104_ethiopia,0.6436248,0.3563752
11505_geowiki-landcover-2017,0.78797555,0.21202445
34570_geowiki-landcover-2017,0.32618916,0.67381084
2241_tanzania-ceo,0.78797495,0.21202502
1521_canada,0.19045375,0.80954623
5889_ile-de-france,0.19045387,0.8095462
12377_geowiki-landcover-2017,0.64885414,0.35114592
3785_ile-de-france,0.32618997,0.67381006
276_geowiki-landcover-2017,0.47529292,0.52470714
34999_geowiki-landcover-2017,0.6508273,0.34917268
1595_reunion-france,0.78797525,0.2120248
10784_croplands,0.7879477,0.21205224
2072_ile-de-france,0.19045389,0.8095462
33991_geowiki-landcover-2017,0.3105332,0.68946683
398_sudan,0.65233725,0.34766278
933_canada,0.3091947,0.69080526
2287_geowiki-landcover-2017,0.65082747,0.34917253
1679_rwanda-ceo,0.7879755,0.21202455
1896_canada,0.19045402,0.809546
4320_ile-de-france,0.32618946,0.6738105
266_martinique-france,0.65082765,0.34917235
15321_geowiki-landcover-2017,0.47529206,0.5247079
1538_tanzania-ceo,0.66000855,0.33999142
3804_canada,0.19046675,0.8095333
11756_geowiki-landcover-2017,0.47529116,0.5247088
5682_geowiki-landcover-2017,0.64886355,0.35113642
7901_canada,0.49090636,0.50909364
3290_canada,0.49115676,0.5088432
2154_central-asia,0.32618427,0.6738157
1657_canada,0.19045462,0.8095454
761_togo,0.65082747,0.3491725
702_croplands,0.1904538,0.80954623
4431_central-asia,0.19045615,0.80954385
29424_geowiki-landcover-2017,0.31053528,0.6894647
6839_canada,0.32118195,0.67881805
2723_canada,0.19045416,0.8095459
1234_central-asia,0.1904554,0.8095446
25618_geowiki-landcover-2017,0.48099908,0.51900095
983_germany,0.48099735,0.5190026
14_togo,0.6508211,0.3491789
29770_geowiki-landcover-2017,0.4752954,0.52470464
11872_geowiki-landcover-2017,0.3261892,0.67381084
31977_geowiki-landcover-2017,0.31053287,0.6894672
28660_geowiki-landcover-2017,0.46280956,0.53719044
1062_rwanda-ceo,0.78797555,0.21202445
464_lem-brazil,0.64363354,0.35636646
7780_canada,0.4752918,0.5247082
32279_geowiki-landcover-2017,0.31052127,0.6894787
533_togo,0.78797525,0.21202473
336_mali-helmets-labelling-crops,0.32118767,0.6788123
176_germany,0.48099095,0.51900905
9_ile-de-france,0.19045392,0.8095461
5401_canada,0.32619616,0.67380387
1398_kenya-non-crop,0.4854408,0.5145592
14455_geowiki-landcover-2017,0.64886326,0.35113674
254_ile-de-france,0.48099795,0.5190021
1150_ile-de-france,0.32618925,0.6738107
5332_ile-de-france,0.19045392,0.8095461
389_germany,0.31052628,0.68947375
2353_germany,0.31053182,0.68946815
3371_rwanda-ceo,0.78797555,0.21202444
3073_croplands,0.4854656,0.5145344
7131_canada,0.19045483,0.80954516
873_ile-de-france,0.19045444,0.8095455
33978_geowiki-landcover-2017,0.47529173,0.5247082
5921_geowiki-landcover-2017,0.32619107,0.67380893
7450_canada,0.32618892,0.6738111
21078_geowiki-landcover-2017,0.4910997,0.50890034
3601_central-asia,0.19045419,0.8095459
13910_geowiki-landcover-2017,0.47313923,0.5268608
30787_geowiki-landcover-2017,0.48100019,0.5189999
922_kenya-non-crop,0.78797555,0.21202444
213_sudan,0.32118246,0.6788176
28588_geowiki-landcover-2017,0.48099908,0.5190009
2208_croplands,0.78797305,0.21202692
1316_mali-helmets-labelling-crops,0.32118508,0.6788149
2994_rwanda-ceo,0.78797567,0.21202426
7460_canada,0.31053215,0.68946785
19616_geowiki-landcover-2017,0.78797424,0.2120258
27960_geowiki-landcover-2017,0.6488635,0.3511365
121_canada,0.48099986,0.5190001
2753_canada,0.32618865,0.6738113
2737_reunion-france,0.7879754,0.21202458
361_ile-de-france,0.3105321,0.6894679
280_tanzania-rice-ecaas,0.78797185,0.21202818
3326_ile-de-france,0.48099846,0.51900154
5043_central-asia,0.19045372,0.8095463
3722_central-asia,0.19045408,0.80954593
5196_central-asia,0.19045387,0.8095462
18997_geowiki-landcover-2017,0.48100585,0.51899415
1167_geowiki-landcover-2017,0.7879756,0.2120244
35048_geowiki-landcover-2017,0.32618952,0.6738105
1844_martinique-france,0.650827,0.34917304
6481_canada,0.19045383,0.8095462
9461_croplands,0.32118437,0.6788156
2309_tanzania-ceo,0.4854401,0.5145599
17616_geowiki-landcover-2017,0.3105311,0.68946886
80_martinique-france,0.7879754,0.21202455
1454_mali-helmets-labelling-crops,0.32118267,0.6788174
33835_geowiki-landcover-2017,0.48099768,0.5190024
107_mali-helmets-labelling-crops,0.6508274,0.34917265
27668_geowiki-landcover-2017,0.480998,0.51900196
6271_canada,0.19045392,0.8095461
29680_geowiki-landcover-2017,0.3261892,0.67381084
855_reunion-france,0.7879755,0.21202455
205_ethiopia,0.6436337,0.35636628
22830_geowiki-landcover-2017,0.78797466,0.2120253
7515_canada,0.19109331,0.8089067
656_ile-de-france,0.19045407,0.80954593
851_lem-brazil,0.6435635,0.35643646
68_geowiki-landcover-2017,0.65082335,0.34917662
217_tanzania,0.643616,0.35638398
1263_tanzania-ceo,0.66001225,0.33998778
637_togo,0.65082747,0.34917247
4830_central-asia,0.19045404,0.809546
1217_croplands,0.47529238,0.52470756
4501_central-asia,0.19045433,0.8095457
736_geowiki-landcover-2017,0.6599108,0.3400892
1147_canada,0.4809989,0.51900107
18417_geowiki-landcover-2017,0.48099872,0.51900125
3808_geowiki-landcover-2017,0.47529224,0.5247078
11851_geowiki-landcover-2017,0.47529724,0.5247028
34011_geowiki-landcover-2017,0.32619488,0.6738051
681_togo,0.4752916,0.5247084
12626_geowiki-landcover-2017,0.64363515,0.3563648
7643_geowiki-landcover-2017,0.3261891,0.67381096
1511_tanzania-ceo,0.65082747,0.34917256
17582_geowiki-landcover-2017,0.48099524,0.51900476
1504_ile-de-france,0.19045404,0.809546
2680_canada,0.31052655,0.68947345
32345_geowiki-landcover-2017,0.19045416,0.8095459
3130_geowiki-landcover-2017,0.3211858,0.6788142
6321_canada,0.31053227,0.68946767
15270_geowiki-landcover-2017,0.6508254,0.34917468
26954_geowiki-landcover-2017,0.32617944,0.67382056
5436_ile-de-france,0.1904541,0.8095459
257_lem-brazil,0.7879751,0.21202485
19466_geowiki-landcover-2017,0.78797466,0.21202534
2165_kenya-non-crop,0.78797525,0.21202475
29804_geowiki-landcover-2017,0.6508269,0.34917307
4516_canada,0.19045494,0.80954504
874_togo,0.6508275,0.34917244
1715_rwanda-ceo,0.7879756,0.2120244
404_kenya-non-crop,0.78797495,0.21202502
2484_geowiki-landcover-2017,0.6508279,0.34917215
5040_canada,0.19045374,0.80954623
2350_ile-de-france,0.19045383,0.8095462
5971_canada,0.19045383,0.8095462
4438_ile-de-france,0.32618946,0.6738105
3206_geowiki-landcover-2017,0.6508284,0.34917164
7581_canada,0.31930274,0.68069726
9467_croplands,0.47528958,0.5247104
847_canada,0.48100373,0.51899624
3878_central-asia,0.19056404,0.80943596
2722_reunion-france,0.7879729,0.21202704
2209_kenya-non-crop,0.6436379,0.3563621
1057_geowiki-landcover-2017,0.48543966,0.51456034
11_uganda,0.66001946,0.3399805
4691_central-asia,0.31053272,0.6894673
1504_reunion-france,0.6508287,0.34917125
2425_reunion-france,0.65083075,0.3491693
441_rwanda-ceo,0.7879755,0.21202455
10648_geowiki-landcover-2017,0.47529083,0.52470917
10681_croplands,0.64363426,0.35636577
1871_rwanda-ceo,0.78797525,0.2120248
318_mali-helmets-labelling-crops,0.32118234,0.6788177
857_mali-helmets-labelling-crops,0.32118323,0.6788168
2398_canada,0.3261898,0.6738102
1726_rwanda-ceo,0.78797567,0.21202426
6840_canada,0.32118207,0.6788179
996_croplands,0.47313893,0.5268611
5402_geowiki-landcover-2017,0.64885503,0.35114497
26178_geowiki-landcover-2017,0.32619,0.67381
1241_martinique-france,0.6508276,0.34917244
2400_geowiki-landcover-2017,0.650827,0.349173
10452_geowiki-landcover-2017,0.64886355,0.35113645
3039_central-asia,0.19045857,0.80954146
6678_croplands,0.6436353,0.3563647
1540_ile-de-france,0.32619393,0.6738061
571_lem-brazil,0.66000855,0.33999142
263_kenya,0.78797567,0.21202429
14473_geowiki-landcover-2017,0.48099917,0.5190008
2184_ile-de-france,0.19045782,0.8095422
6066_ile-de-france,0.19053693,0.809463
6464_geowiki-landcover-2017,0.6508277,0.34917235
16883_geowiki-landcover-2017,0.48543987,0.51456016
2370_germany,0.19045378,0.80954623
599_tanzania-rice-ecaas,0.48544163,0.51455843
15801_geowiki-landcover-2017,0.4911543,0.5088457
1995_rwanda-ceo,0.7879756,0.2120244
4750_central-asia,0.31053227,0.6894677
3773_croplands,0.6436342,0.35636577
616_togo,0.6508276,0.34917244
6650_canada,0.31067246,0.6893276
3735_ile-de-france,0.19045392,0.8095461
748_ethiopia,0.4993103,0.5006897
14581_geowiki-landcover-2017,0.65082574,0.34917426
6363_geowiki-landcover-2017,0.3261249,0.6738751
1534_germany,0.3261891,0.6738109
9655_geowiki-landcover-2017,0.78797096,0.212029
17650_geowiki-landcover-2017,0.32618967,0.67381036
1230_ile-de-france,0.19045399,0.809546
2367_rwanda-ceo,0.78797567,0.21202426
904_tanzania-ceo,0.7879756,0.2120244
308_martinique-france,0.32124746,0.67875254
3884_canada,0.19045386,0.8095462
6762_canada,0.3261827,0.67381734
16872_geowiki-landcover-2017,0.6437778,0.3562222
4179_central-asia,0.31928805,0.6807119
4220_geowiki-landcover-2017,0.19112974,0.80887026
2596_ile-de-france,0.19045387,0.8095462
3572_central-asia,0.3105324,0.68946767
5852_canada,0.1904538,0.80954623
4502_canada,0.3105322,0.6894677
25388_geowiki-landcover-2017,0.3261898,0.6738102
887_rwanda-ceo,0.787775,0.21222503
282_kenya-non-crop,0.7879756,0.2120244
29005_geowiki-landcover-2017,0.19045436,0.80954564
13496_geowiki-landcover-2017,0.65082747,0.34917256
4527_ile-de-france,0.1904539,0.8095461
10321_geowiki-landcover-2017,0.6508261,0.34917393
2209_geowiki-landcover-2017,0.78797567,0.2120243
33928_geowiki-landcover-2017,0.65082484,0.34917518
9236_croplands,0.4933133,0.5066866
814_martinique-france,0.65082747,0.34917247
2005_canada,0.19045375,0.80954623
1020_geowiki-landcover-2017,0.78774565,0.21225433
13_kenya-non-crop,0.787975,0.21202494
6954_geowiki-landcover-2017,0.3261886,0.6738114
294_martinique-france,0.65082794,0.34917206
2513_canada,0.48100019,0.51899976
626_rwanda-ceo,0.78797126,0.21202873
7143_canada,0.1904542,0.80954576
4962_ile-de-france,0.19045392,0.8095461
32395_geowiki-landcover-2017,0.3105322,0.6894677
1386_reunion-france,0.6508265,0.3491735
4569_ile-de-france,0.31051356,0.68948644
1881_canada,0.19045407,0.80954593
7029_canada,0.64888793,0.3511121
27983_geowiki-landcover-2017,0.4809974,0.51900256
1662_rwanda-ceo,0.78797567,0.21202435
512_geowiki-landcover-2017,0.6507885,0.34921145
32262_geowiki-landcover-2017,0.326189,0.67381096
5291_geowiki-landcover-2017,0.65081316,0.34918684
1705_central-asia,0.19045395,0.8095461
4345_canada,0.31053194,0.6894681
30083_geowiki-landcover-2017,0.6436324,0.35636762
