,0,1
1309_central-asia,0.27417025,0.7258297
3_canada,0.4367416,0.5632584
4309_croplands,0.27241537,0.7275846
1334_martinique-france,0.60171044,0.39828953
2490_geowiki-landcover-2017,0.85279113,0.14720888
2306_germany,0.42179692,0.578203
20472_geowiki-landcover-2017,0.42179164,0.5782083
2792_geowiki-landcover-2017,0.5845364,0.41546363
5955_ile-de-france,0.43673953,0.5632605
17349_geowiki-landcover-2017,0.58453923,0.41546077
5570_geowiki-landcover-2017,0.7444869,0.25551307
34900_geowiki-landcover-2017,0.41932228,0.58067775
21447_geowiki-landcover-2017,0.7502356,0.24976434
23931_geowiki-landcover-2017,0.42179444,0.5782055
3161_canada,0.27241513,0.72758484
35043_geowiki-landcover-2017,0.43674105,0.56325895
161_geowiki-landcover-2017,0.59193385,0.40806612
703_ile-de-france,0.27241582,0.72758424
1137_kenya-non-crop,0.73666567,0.2633343
3978_geowiki-landcover-2017,0.43660247,0.5633975
1579_rwanda-ceo,0.73557156,0.2644285
366_geowiki-landcover-2017,0.7502365,0.24976349
18078_geowiki-landcover-2017,0.5992746,0.40072545
3434_rwanda-ceo,0.85279816,0.14720185
14085_geowiki-landcover-2017,0.42674932,0.5732507
31290_geowiki-landcover-2017,0.5845227,0.4154773
603_central-asia,0.2724166,0.72758347
4770_canada,0.2724155,0.7275845
27982_geowiki-landcover-2017,0.59924346,0.40075654
8439_geowiki-landcover-2017,0.7366651,0.26333487
2489_central-asia,0.2724169,0.72758305
9934_geowiki-landcover-2017,0.74449086,0.25550917
32462_geowiki-landcover-2017,0.27241555,0.7275845
26593_geowiki-landcover-2017,0.60656095,0.39343908
2673_kenya-non-crop,0.7366651,0.2633348
3440_geowiki-landcover-2017,0.42180917,0.57819086
5758_geowiki-landcover-2017,0.6017109,0.39828905
5496_ile-de-france,0.4217927,0.57820725
1572_canada,0.2724153,0.72758466
1189_togo,0.41932055,0.5806795
317_ile-de-france,0.27241546,0.72758454
3099_canada,0.43674144,0.5632585
15127_geowiki-landcover-2017,0.5992725,0.4007275
35860_geowiki-landcover-2017,0.748329,0.25167102
12576_geowiki-landcover-2017,0.42676648,0.5732335
2334_martinique-france,0.5845441,0.41545588
34579_geowiki-landcover-2017,0.27244636,0.72755367
2142_geowiki-landcover-2017,0.74448913,0.2555109
1774_martinique-france,0.60170615,0.39829382
34212_geowiki-landcover-2017,0.5845405,0.4154595
2351_martinique-france,0.7444862,0.2555138
839_central-asia,0.27241695,0.72758305
2199_martinique-france,0.6017114,0.39828864
218_central-asia,0.27241713,0.7275829
233_togo,0.42179507,0.57820493
5877_canada,0.27241528,0.7275847
2088_kenya-non-crop,0.85279834,0.1472017
19385_geowiki-landcover-2017,0.2724153,0.7275847
182_uganda,0.5919094,0.4080906
2050_geowiki-landcover-2017,0.73664224,0.26335776
93_ethiopia,0.73666525,0.26333478
9444_geowiki-landcover-2017,0.4217954,0.5782046
6521_canada,0.2724169,0.72758317
192_lem-brazil,0.59190804,0.408092
9024_croplands,0.4367444,0.56325567
1935_kenya-non-crop,0.8527887,0.14721128
1196_ile-de-france,0.42179537,0.57820463
7653_canada,0.27241516,0.72758484
4838_ile-de-france,0.27241528,0.7275847
1476_ile-de-france,0.27241534,0.72758466
27694_geowiki-landcover-2017,0.42674914,0.5732509
1211_germany,0.27241626,0.7275837
17213_geowiki-landcover-2017,0.4367433,0.5632567
10072_croplands,0.4267694,0.5732306
2175_central-asia,0.2724174,0.7275826
3098_croplands,0.59191054,0.40808952
11055_geowiki-landcover-2017,0.5845339,0.4154662
5344_canada,0.27241588,0.72758406
9511_croplands,0.42668736,0.57331264
922_martinique-france,0.6016752,0.3983248
184_canada,0.27241537,0.72758466
4875_ile-de-france,0.27241537,0.72758466
3106_croplands,0.606595,0.39340502
398_central-asia,0.27241638,0.72758365
853_lem-brazil,0.7366426,0.26335743
2064_tanzania-ceo,0.58453923,0.4154608
9967_croplands,0.42674887,0.5732511
10562_geowiki-landcover-2017,0.43674237,0.56325763
474_rwanda-ceo,0.8527967,0.14720328
1829_kenya-non-crop,0.7483424,0.2516576
6216_canada,0.27449745,0.72550255
1750_tanzania-ceo,0.7366659,0.26333404
14957_geowiki-landcover-2017,0.7443115,0.2556885
3456_geowiki-landcover-2017,0.41932034,0.5806797
6345_canada,0.42180708,0.57819295
6658_canada,0.27241522,0.7275848
19065_geowiki-landcover-2017,0.41932252,0.58067745
6790_geowiki-landcover-2017,0.42179564,0.57820433
9138_croplands,0.4217954,0.57820463
324_germany,0.27241597,0.727584
5678_ile-de-france,0.2724154,0.7275846
7864_canada,0.27241537,0.7275846
2951_canada,0.4367416,0.56325847
19957_geowiki-landcover-2017,0.59193,0.40807003
1769_central-asia,0.42203426,0.57796574
1043_geowiki-landcover-2017,0.5845371,0.41546285
2868_rwanda-ceo,0.5919509,0.40804917
655_germany,0.2724152,0.7275848
213_kenya-non-crop,0.85279346,0.14720653
3418_ile-de-france,0.27241543,0.7275846
13130_geowiki-landcover-2017,0.4217955,0.5782045
1331_martinique-france,0.5848644,0.41513565
113_tanzania,0.7366662,0.2633338
21257_geowiki-landcover-2017,0.744485,0.25551495
35324_geowiki-landcover-2017,0.2724152,0.72758484
936_mali-helmets-labelling-crops,0.4238112,0.5761888
3497_ile-de-france,0.27241516,0.72758484
3707_central-asia,0.27242726,0.72757274
815_ile-de-france,0.2724153,0.7275847
451_croplands,0.42179528,0.57820475
537_central-asia,0.42240205,0.5775979
473_tanzania-rice-ecaas,0.5845623,0.41543767
1614_tanzania-ceo,0.8527965,0.14720349
2581_reunion-france,0.6017091,0.39829087
907_canada,0.2724153,0.7275847
130_geowiki-landcover-2017,0.8527972,0.14720273
9044_geowiki-landcover-2017,0.7502368,0.24976313
18356_geowiki-landcover-2017,0.42674935,0.57325065
3042_rwanda-ceo,0.8527982,0.14720179
1982_martinique-france,0.60338074,0.39661926
321_canada,0.2724154,0.7275846
35351_geowiki-landcover-2017,0.27542678,0.7245732
5526_canada,0.27241543,0.7275846
2404_germany,0.4217946,0.57820547
4541_central-asia,0.2724162,0.7275838
234_sudan,0.7444907,0.25550938
6670_canada,0.27241704,0.72758293
643_canada,0.27241516,0.72758484
726_martinique-france,0.42181757,0.5781824
180_germany,0.35471442,0.6452856
2798_central-asia,0.27241638,0.7275836
23624_geowiki-landcover-2017,0.6017109,0.39828908
1847_ile-de-france,0.2724152,0.7275848
2193_canada,0.43674162,0.56325835
13753_croplands,0.27242547,0.72757447
1849_reunion-france,0.6017014,0.3982986
8334_geowiki-landcover-2017,0.4367413,0.56325865
2629_rwanda-ceo,0.59572166,0.4042783
10729_croplands,0.5919056,0.4080944
1986_reunion-france,0.5919135,0.40808648
35686_geowiki-landcover-2017,0.58453846,0.41546154
728_ile-de-france,0.27241546,0.72758454
3964_geowiki-landcover-2017,0.7444907,0.2555093
2517_ile-de-france,0.42179498,0.57820505
3901_canada,0.2724153,0.72758466
21598_geowiki-landcover-2017,0.4267494,0.57325053
23529_geowiki-landcover-2017,0.27241746,0.7275825
16047_geowiki-landcover-2017,0.4267495,0.57325053
1121_germany,0.6017019,0.39829808
2387_martinique-france,0.6015705,0.39842948
1285_central-asia,0.27464917,0.72535086
2446_geowiki-landcover-2017,0.74449104,0.25550896
16_brazil-non-crop,0.7444908,0.25550923
32513_geowiki-landcover-2017,0.43674213,0.56325793
4676_central-asia,0.272416,0.727584
316_lem-brazil,0.5845314,0.41546857
5432_ile-de-france,0.27241516,0.72758484
12983_geowiki-landcover-2017,0.8527965,0.14720343
542_germany,0.4217797,0.57822037
16364_geowiki-landcover-2017,0.27241603,0.72758394
14502_geowiki-landcover-2017,0.60169214,0.39830783
825_central-asia,0.27241623,0.72758377
6273_geowiki-landcover-2017,0.42673847,0.5732615
967_geowiki-landcover-2017,0.59191066,0.40808934
2437_canada,0.42179593,0.5782041
4379_canada,0.2724152,0.72758484
319_tanzania-ceo,0.5993133,0.4006867
2092_martinique-france,0.74448234,0.25551763
3352_rwanda-ceo,0.8527959,0.14720413
5671_geowiki-landcover-2017,0.4267491,0.5732509
583_croplands,0.2724153,0.7275847
4283_geowiki-landcover-2017,0.5845407,0.4154593
1412_ile-de-france,0.421782,0.57821804
23212_geowiki-landcover-2017,0.272416,0.72758394
1718_tanzania-ceo,0.591911,0.408089
10136_geowiki-landcover-2017,0.74833167,0.25166836
3405_geowiki-landcover-2017,0.5845341,0.4154659
1252_kenya-non-crop,0.8527967,0.14720336
1332_kenya-non-crop,0.75023717,0.24976282
5453_canada,0.27241507,0.7275849
232_sudan,0.58453906,0.41546097
898_central-asia,0.2724156,0.7275844
1410_reunion-france,0.6017008,0.39829916
1981_rwanda-ceo,0.85279727,0.14720267
6429_geowiki-landcover-2017,0.43674433,0.56325567
4081_canada,0.27241546,0.72758454
468_kenya-non-crop,0.59191066,0.40808934
757_rwanda-ceo,0.591911,0.40808898
11587_geowiki-landcover-2017,0.8527982,0.14720175
5494_ile-de-france,0.42179444,0.5782056
778_lem-brazil,0.7444909,0.25550905
30244_geowiki-landcover-2017,0.73666525,0.26333478
3807_geowiki-landcover-2017,0.7444908,0.25550923
16690_geowiki-landcover-2017,0.74448586,0.2555142
20039_geowiki-landcover-2017,0.42179668,0.5782034
211_rwanda-ceo,0.7502384,0.24976158
3688_ile-de-france,0.27241528,0.7275847
2429_kenya-non-crop,0.5845394,0.41546056
6125_canada,0.42178372,0.57821625
32506_geowiki-landcover-2017,0.27243385,0.7275662
922_canada,0.27241513,0.72758484
4713_geowiki-landcover-2017,0.41932422,0.5806758
29305_geowiki-landcover-2017,0.601709,0.39829096
28238_geowiki-landcover-2017,0.5845627,0.41543734
2057_rwanda-ceo,0.8527981,0.14720197
10079_croplands,0.7502335,0.24976653
305_tanzania-ceo,0.7366658,0.26333416
33167_geowiki-landcover-2017,0.42179492,0.57820505
2223_tanzania-ceo,0.744497,0.25550306
287_ile-de-france,0.27241573,0.7275843
4497_canada,0.27241623,0.72758377
174_tanzania-rice-ecaas,0.73666555,0.26333445
869_martinique-france,0.6017122,0.39828777
3371_ile-de-france,0.4383901,0.56160986
473_mali-helmets-labelling-crops,0.5845393,0.41546068
21505_geowiki-landcover-2017,0.5919018,0.40809822
1321_tanzania-ceo,0.85279757,0.14720245
34037_geowiki-landcover-2017,0.27241528,0.7275847
916_germany,0.42179233,0.5782077
5430_canada,0.27241528,0.7275847
2085_tanzania-ceo,0.73666555,0.26333448
2283_reunion-france,0.59191066,0.4080893
28239_geowiki-landcover-2017,0.42178178,0.5782182
3740_canada,0.27241638,0.72758365
2488_germany,0.27241534,0.72758466
22648_geowiki-landcover-2017,0.85279816,0.14720187
1457_kenya-non-crop,0.74446374,0.25553626
18386_geowiki-landcover-2017,0.7444909,0.25550905
3724_geowiki-landcover-2017,0.58452463,0.41547534
7069_canada,0.27241775,0.7275823
157_ile-de-france,0.2724152,0.72758484
13740_croplands,0.27241546,0.7275846
4521_croplands,0.42179483,0.5782051
1172_tanzania-ceo,0.59192103,0.408079
14778_geowiki-landcover-2017,0.5845394,0.41546056
35375_geowiki-landcover-2017,0.42674944,0.57325053
3731_geowiki-landcover-2017,0.42180791,0.57819206
21662_geowiki-landcover-2017,0.5919027,0.4080973
4669_canada,0.6017111,0.3982889
1969_rwanda-ceo,0.5919598,0.40804023
3952_central-asia,0.58442724,0.41557276
767_mali-helmets-labelling-crops,0.4238122,0.57618773
1930_ile-de-france,0.42179495,0.57820505
2976_rwanda-ceo,0.852798,0.147202
28325_geowiki-landcover-2017,0.5919873,0.40801266
4682_central-asia,0.43652347,0.5634765
33118_geowiki-landcover-2017,0.41932067,0.5806793
2261_croplands,0.6017089,0.39829105
4943_ile-de-france,0.2724154,0.7275846
1698_ile-de-france,0.27241513,0.72758484
2999_ile-de-france,0.27241594,0.72758406
5398_canada,0.2724153,0.72758466
1764_kenya-non-crop,0.8527953,0.14720473
11552_croplands,0.42179745,0.57820255
25073_geowiki-landcover-2017,0.85279834,0.1472017
3185_rwanda-ceo,0.8527981,0.14720194
69_tanzania-ceo,0.60656303,0.39343697
1036_ile-de-france,0.27241546,0.72758454
359_ethiopia,0.73666567,0.26333436
14142_geowiki-landcover-2017,0.43673196,0.56326807
478_ile-de-france,0.42179242,0.5782076
5320_canada,0.27241716,0.7275828
2491_germany,0.4217933,0.57820666
26542_geowiki-landcover-2017,0.42179483,0.57820517
730_central-asia,0.27242023,0.7275798
4523_geowiki-landcover-2017,0.74448997,0.25550997
1819_canada,0.27241525,0.7275847
34124_geowiki-landcover-2017,0.59190595,0.40809405
23560_geowiki-landcover-2017,0.43674114,0.5632589
822_ile-de-france,0.27241528,0.7275847
3139_ile-de-france,0.27241522,0.7275848
756_kenya-non-crop,0.5894616,0.41053835
869_ile-de-france,0.2724274,0.7275726
17684_geowiki-landcover-2017,0.42179397,0.57820606
29208_geowiki-landcover-2017,0.42674276,0.5732572
499_geowiki-landcover-2017,0.7366661,0.26333395
734_togo,0.74448526,0.25551474
7433_geowiki-landcover-2017,0.27241525,0.7275848
957_geowiki-landcover-2017,0.75023526,0.2497647
649_croplands,0.27241617,0.7275838
19259_geowiki-landcover-2017,0.42674902,0.57325095
33567_geowiki-landcover-2017,0.27241516,0.72758484
256_germany,0.2724153,0.7275847
722_central-asia,0.27273127,0.7272687
16233_geowiki-landcover-2017,0.60655946,0.39344054
1834_martinique-france,0.7444899,0.2555101
833_tanzania-ceo,0.42674965,0.5732504
7889_canada,0.2724152,0.7275848
3639_ile-de-france,0.43674016,0.56325984
5032_ile-de-france,0.42166448,0.5783356
24908_geowiki-landcover-2017,0.74449015,0.25550988
89_tanzania,0.7366658,0.2633342
18907_geowiki-landcover-2017,0.4365741,0.5634259
26081_geowiki-landcover-2017,0.43678027,0.5632197
19892_geowiki-landcover-2017,0.2724156,0.72758436
9237_geowiki-landcover-2017,0.4218401,0.57815987
7061_geowiki-landcover-2017,0.5845335,0.41546652
1595_ile-de-france,0.4217949,0.5782051
4760_canada,0.27241597,0.727584
28353_geowiki-landcover-2017,0.85180706,0.14819293
14203_geowiki-landcover-2017,0.4367411,0.5632589
478_rwanda-ceo,0.85279816,0.14720185
35260_geowiki-landcover-2017,0.58453506,0.4154649
29147_geowiki-landcover-2017,0.27241528,0.7275847
22462_geowiki-landcover-2017,0.42179894,0.57820106
6784_croplands,0.59190893,0.40809107
655_ethiopia,0.5915491,0.4084509
839_canada,0.27241513,0.72758484
989_martinique-france,0.74433637,0.25566363
133_reunion-france,0.75023615,0.2497638
2413_germany,0.2724162,0.72758377
825_rwanda-ceo,0.7502371,0.24976286
1699_geowiki-landcover-2017,0.42181388,0.5781861
3598_geowiki-landcover-2017,0.58453894,0.41546106
20061_geowiki-landcover-2017,0.60170597,0.39829403
2664_canada,0.2724158,0.72758424
30853_geowiki-landcover-2017,0.27241823,0.7275818
2024_geowiki-landcover-2017,0.5893696,0.41063038
13221_geowiki-landcover-2017,0.8527976,0.14720237
22691_geowiki-landcover-2017,0.4217958,0.5782042
961_rwanda-ceo,0.852794,0.14720596
22682_geowiki-landcover-2017,0.42674926,0.5732508
27828_geowiki-landcover-2017,0.27246332,0.7275367
193_tanzania,0.59192234,0.40807766
7671_geowiki-landcover-2017,0.42731485,0.5726851
508_tanzania-ceo,0.8527978,0.14720221
20064_geowiki-landcover-2017,0.58453673,0.41546327
22409_geowiki-landcover-2017,0.4267515,0.5732485
10590_geowiki-landcover-2017,0.4367735,0.56322646
1262_ile-de-france,0.27241677,0.7275832
22709_geowiki-landcover-2017,0.42674962,0.5732504
273_lem-brazil,0.58700246,0.41299754
1225_geowiki-landcover-2017,0.73666394,0.26333606
17490_geowiki-landcover-2017,0.42674926,0.5732508
16044_geowiki-landcover-2017,0.75023496,0.24976504
3908_canada,0.2724152,0.72758484
9881_croplands,0.42180216,0.57819784
855_canada,0.27241528,0.7275847
3411_central-asia,0.59921813,0.40078187
34981_geowiki-landcover-2017,0.27241507,0.7275849
9_germany,0.4217955,0.5782045
4455_croplands,0.42178375,0.57821625
433_germany,0.2724156,0.72758436
2209_germany,0.27241534,0.72758466
1749_canada,0.4217958,0.5782042
4080_ile-de-france,0.27241516,0.72758484
383_canada,0.42179596,0.57820404
2638_geowiki-landcover-2017,0.5845394,0.41546062
6510_canada,0.27241567,0.72758436
3681_geowiki-landcover-2017,0.5845394,0.41546065
574_kenya-non-crop,0.8527982,0.14720179
5581_geowiki-landcover-2017,0.5919137,0.4080863
2059_rwanda-ceo,0.7366634,0.26333657
4823_canada,0.27241516,0.72758484
7243_canada,0.27241582,0.72758424
712_reunion-france,0.59191054,0.40808943
12392_geowiki-landcover-2017,0.4217954,0.5782046
1611_rwanda-ceo,0.73652506,0.2634749
3229_central-asia,0.4192813,0.5807187
2646_canada,0.2725473,0.72745264
1251_central-asia,0.42451787,0.57548213
6864_croplands,0.5919101,0.40808985
208_uganda,0.59192175,0.40807825
3957_central-asia,0.58451545,0.41548452
350_mali-helmets-labelling-crops,0.5845392,0.4154608
449_ile-de-france,0.2724151,0.7275849
1152_canada,0.27241525,0.7275847
2727_ile-de-france,0.27241525,0.7275848
180_uganda,0.5919105,0.40808952
35468_geowiki-landcover-2017,0.59191066,0.40808934
31739_geowiki-landcover-2017,0.27241525,0.7275847
22125_geowiki-landcover-2017,0.60654557,0.39345443
970_martinique-france,0.7444838,0.25551617
1191_togo,0.59927493,0.40072507
10533_geowiki-landcover-2017,0.27241543,0.7275846
288_lem-brazil,0.58454305,0.41545698
13730_croplands,0.4217953,0.57820463
23710_geowiki-landcover-2017,0.4217953,0.57820463
1537_rwanda-ceo,0.7366659,0.26333407
861_rwanda-ceo,0.8527982,0.14720172
4478_canada,0.2724151,0.72758484
26865_geowiki-landcover-2017,0.27241743,0.7275826
931_central-asia,0.27241594,0.72758406
241_martinique-france,0.601709,0.39829096
1613_martinique-france,0.60171294,0.3982871
3019_rwanda-ceo,0.73666674,0.26333326
24_ethiopia,0.73666376,0.26333624
4364_canada,0.2724155,0.7275845
324_croplands,0.27241585,0.7275841
4693_ile-de-france,0.27241683,0.7275832
13790_croplands,0.42182282,0.5781772
3575_geowiki-landcover-2017,0.41932163,0.58067834
29648_geowiki-landcover-2017,0.58453906,0.4154609
4005_central-asia,0.42074046,0.5792596
2904_central-asia,0.27241707,0.72758293
2388_reunion-france,0.750234,0.24976599
537_kenya-non-crop,0.852798,0.147202
757_tanzania-rice-ecaas,0.7366583,0.26334172
397_tanzania-rice-ecaas,0.73666424,0.26333573
20924_geowiki-landcover-2017,0.591909,0.40809098
25375_geowiki-landcover-2017,0.43674147,0.5632585
1383_germany,0.2724155,0.7275845
10678_geowiki-landcover-2017,0.27243212,0.72756785
12870_croplands,0.5843934,0.4156066
317_ethiopia,0.736665,0.26333493
274_kenya-non-crop,0.73666555,0.26333445
1406_canada,0.27241609,0.72758394
10156_geowiki-landcover-2017,0.7444908,0.25550923
778_geowiki-landcover-2017,0.5919128,0.40808725
4819_canada,0.27241576,0.72758424
636_ethiopia,0.73664206,0.26335794
5317_canada,0.2724208,0.72757924
3252_geowiki-landcover-2017,0.5845392,0.4154608
366_kenya-non-crop,0.7366659,0.26333407
14541_geowiki-landcover-2017,0.42674747,0.5732525
746_canada,0.2724276,0.72757244
558_reunion-france,0.59191036,0.40808967
2655_kenya-non-crop,0.58945626,0.41054374
5089_ile-de-france,0.272456,0.727544
37_ethiopia,0.7366663,0.26333365
27912_geowiki-landcover-2017,0.27241695,0.72758305
17869_geowiki-landcover-2017,0.27241558,0.7275845
584_tanzania-rice-ecaas,0.7359572,0.2640428
1009_reunion-france,0.6017085,0.3982915
28321_geowiki-landcover-2017,0.5919212,0.40807876
25654_geowiki-landcover-2017,0.60171443,0.39828557
868_rwanda-ceo,0.6061825,0.39381754
237_kenya-non-crop,0.73666525,0.26333478
23207_geowiki-landcover-2017,0.27241597,0.72758406
204_tanzania-ceo,0.5845395,0.41546053
2627_reunion-france,0.7502356,0.24976443
1604_germany,0.27241585,0.7275841
24576_geowiki-landcover-2017,0.4367409,0.56325907
23970_geowiki-landcover-2017,0.6017083,0.39829174
709_lem-brazil,0.7486746,0.25132546
938_kenya-non-crop,0.7366662,0.26333386
71_kenya,0.7366663,0.26333365
11044_croplands,0.5918828,0.40811718
2451_ile-de-france,0.27241525,0.7275848
8345_geowiki-landcover-2017,0.750237,0.249763
35111_geowiki-landcover-2017,0.42179325,0.5782068
3698_central-asia,0.27243713,0.7275629
3172_rwanda-ceo,0.58945763,0.41054234
22071_geowiki-landcover-2017,0.272415,0.72758496
3158_canada,0.27241516,0.72758484
171_lem-brazil,0.5845457,0.41545433
1205_mali-helmets-labelling-crops,0.43132573,0.56867427
3162_geowiki-landcover-2017,0.59188986,0.40811014
3295_rwanda-ceo,0.75023735,0.24976265
74_croplands,0.5845386,0.4154614
2889_geowiki-landcover-2017,0.5845393,0.41546065
3260_canada,0.27243084,0.7275692
1363_rwanda-ceo,0.5919204,0.4080796
1838_canada,0.27241516,0.72758484
1280_kenya-non-crop,0.5919104,0.40808952
2657_geowiki-landcover-2017,0.74449104,0.2555089
112_mali-non-crop,0.4218102,0.5781898
9424_geowiki-landcover-2017,0.7366653,0.26333475
1045_ile-de-france,0.2724155,0.7275845
1270_togo,0.2724596,0.72754043
1325_central-asia,0.27416995,0.72583
5045_central-asia,0.4192742,0.5807258
28701_geowiki-landcover-2017,0.42179492,0.5782051
11736_geowiki-landcover-2017,0.58453906,0.4154609
69_martinique-france,0.4217962,0.5782038
4361_geowiki-landcover-2017,0.852798,0.14720203
763_togo,0.58449614,0.4155039
355_ile-de-france,0.2724152,0.7275848
2306_martinique-france,0.42179662,0.5782034
695_canada,0.60170996,0.39829
67_reunion-france,0.7502331,0.24976689
11040_croplands,0.4267484,0.57325155
245_tanzania,0.85279584,0.14720419
15422_geowiki-landcover-2017,0.58453786,0.4154622
1972_kenya-non-crop,0.74448913,0.2555109
1802_reunion-france,0.7502337,0.24976629
10104_croplands,0.59190357,0.40809646
4754_geowiki-landcover-2017,0.58945596,0.41054404
6808_croplands,0.59190816,0.40809178
2657_kenya-non-crop,0.5894583,0.4105417
3433_rwanda-ceo,0.85279816,0.14720187
1574_rwanda-ceo,0.7483589,0.25164106
55_rwanda-ceo,0.59191185,0.40808815
1900_rwanda-ceo,0.5919122,0.40808782
491_germany,0.27241847,0.72758156
261_ethiopia,0.7366661,0.26333395
2921_rwanda-ceo,0.85279816,0.14720187
1505_geowiki-landcover-2017,0.75010324,0.24989675
9056_geowiki-landcover-2017,0.27241552,0.7275845
460_tanzania-rice-ecaas,0.73666865,0.26333132
2219_ile-de-france,0.27241832,0.7275817
32082_geowiki-landcover-2017,0.5845395,0.41546056
1566_canada,0.27241546,0.72758454
1245_canada,0.2724151,0.72758484
1960_martinique-france,0.74448806,0.2555119
871_geowiki-landcover-2017,0.73666674,0.26333332
663_martinique-france,0.42179355,0.5782065
26059_geowiki-landcover-2017,0.41932923,0.5806708
17013_geowiki-landcover-2017,0.7366658,0.26333418
500_germany,0.42179564,0.5782044
2280_kenya-non-crop,0.58453834,0.41546163
1008_central-asia,0.27241644,0.7275836
608_canada,0.2724151,0.7275849
50_reunion-france,0.5919104,0.40808955
5245_canada,0.2724151,0.72758484
1765_canada,0.2724152,0.7275848
2311_rwanda-ceo,0.85232353,0.1476765
499_ethiopia,0.7366592,0.26334077
1343_tanzania-ceo,0.7444909,0.25550905
30744_geowiki-landcover-2017,0.43674237,0.56325763
2042_tanzania-ceo,0.586372,0.41362792
27876_geowiki-landcover-2017,0.58453965,0.41546038
2532_ile-de-france,0.27241632,0.7275837
1120_tanzania-ceo,0.7444833,0.25551665
2252_reunion-france,0.75023675,0.24976327
21059_geowiki-landcover-2017,0.42674914,0.5732509
793_tanzania-rice-ecaas,0.74449986,0.25550014
51_uganda,0.7366662,0.26333386
4998_ile-de-france,0.4217953,0.57820463
1279_rwanda-ceo,0.7502364,0.24976358
6068_canada,0.27244467,0.72755533
414_ile-de-france,0.27241918,0.7275808
411_geowiki-landcover-2017,0.591909,0.408091
3109_canada,0.27241522,0.7275848
51_mali-helmets-labelling-crops,0.5845383,0.41546178
21642_geowiki-landcover-2017,0.42674926,0.5732508
316_kenya,0.7366677,0.2633323
978_rwanda-ceo,0.59191316,0.40808684
32206_geowiki-landcover-2017,0.4217961,0.5782039
241_kenya,0.8527972,0.14720273
372_mali-helmets-labelling-crops,0.5845393,0.41546074
1087_reunion-france,0.5919108,0.40808925
29237_geowiki-landcover-2017,0.2724162,0.7275838
13666_geowiki-landcover-2017,0.5845392,0.41546088
1228_togo,0.7444894,0.25551057
3845_canada,0.27241498,0.72758496
33837_geowiki-landcover-2017,0.58452976,0.41547018
718_reunion-france,0.4267498,0.5732502
10_kenya-non-crop,0.7366658,0.2633342
1915_germany,0.4217944,0.5782056
6315_geowiki-landcover-2017,0.6066007,0.3933993
13691_geowiki-landcover-2017,0.59191096,0.408089
4552_ile-de-france,0.27241918,0.7275808
899_central-asia,0.27241582,0.72758424
32173_geowiki-landcover-2017,0.27241537,0.72758466
132_germany,0.42179525,0.57820475
259_tanzania-rice-ecaas,0.5894582,0.41054174
2441_kenya-non-crop,0.58453935,0.41546065
4232_geowiki-landcover-2017,0.85279775,0.14720231
17031_geowiki-landcover-2017,0.5919106,0.40808937
948_togo,0.5845383,0.41546172
995_reunion-france,0.6016046,0.39839548
5527_canada,0.27241525,0.7275848
173_mali-helmets-labelling-crops,0.5845392,0.41546088
17447_geowiki-landcover-2017,0.5845393,0.41546065
35516_geowiki-landcover-2017,0.42179087,0.5782091
2908_geowiki-landcover-2017,0.7444909,0.25550905
31979_geowiki-landcover-2017,0.27241525,0.7275847
1398_mali-helmets-labelling-crops,0.42179492,0.5782051
3595_canada,0.27241516,0.72758484
4877_canada,0.2724152,0.7275848
2084_ile-de-france,0.43673715,0.5632628
25537_geowiki-landcover-2017,0.5918411,0.40815893
16827_geowiki-landcover-2017,0.85279644,0.14720355
123_reunion-france,0.59191036,0.4080896
12879_croplands,0.4218005,0.5781995
1641_geowiki-landcover-2017,0.42675138,0.5732487
23604_geowiki-landcover-2017,0.6018024,0.39819756
3751_ile-de-france,0.42169654,0.5783035
5015_canada,0.2724703,0.7275297
1269_canada,0.27241516,0.72758484
25371_geowiki-landcover-2017,0.27241537,0.72758466
4490_croplands,0.27241778,0.7275822
4467_canada,0.42169616,0.5783039
27284_geowiki-landcover-2017,0.7502367,0.24976327
113_central-asia,0.27241623,0.72758377
1755_martinique-france,0.60171187,0.39828816
30_kenya-non-crop,0.7366656,0.26333442
24713_geowiki-landcover-2017,0.74449086,0.25550917
1227_martinique-france,0.42179045,0.5782096
315_rwanda-ceo,0.75023615,0.24976383
401_lem-brazil,0.60206103,0.39793897
519_reunion-france,0.6015766,0.39842334
33453_geowiki-landcover-2017,0.42670017,0.5732998
31926_geowiki-landcover-2017,0.2724153,0.72758466
886_croplands,0.27241534,0.72758466
10510_geowiki-landcover-2017,0.42604718,0.57395285
1693_canada,0.27241507,0.7275849
426_martinique-france,0.7444868,0.2555132
640_martinique-france,0.7502352,0.24976474
20844_geowiki-landcover-2017,0.74448365,0.25551632
3290_central-asia,0.5844703,0.4155298
6119_canada,0.42179507,0.5782049
522_tanzania-ceo,0.73666924,0.26333076
27933_geowiki-landcover-2017,0.6017099,0.3982901
740_geowiki-landcover-2017,0.59191054,0.40808943
4064_central-asia,0.5843809,0.41561908
2981_central-asia,0.27241656,0.72758347
4918_central-asia,0.2724551,0.7275449
29716_geowiki-landcover-2017,0.27241546,0.72758454
1704_ile-de-france,0.2724152,0.72758484
630_ethiopia,0.85279703,0.14720291
1833_tanzania-ceo,0.42179683,0.57820314
17593_geowiki-landcover-2017,0.4217973,0.5782027
3781_central-asia,0.42177764,0.5782224
9558_geowiki-landcover-2017,0.584539,0.415461
16894_geowiki-landcover-2017,0.5919106,0.40808937
4646_canada,0.27241513,0.72758484
26453_geowiki-landcover-2017,0.27241644,0.7275835
705_tanzania-ceo,0.7366651,0.26333487
6458_canada,0.27241513,0.72758484
1949_canada,0.2724152,0.7275848
34229_geowiki-landcover-2017,0.736668,0.26333204
235_kenya-non-crop,0.8527979,0.14720213
1037_tanzania-ceo,0.5919106,0.40808943
5141_central-asia,0.27242005,0.72758
2163_kenya-non-crop,0.85279816,0.14720185
32159_geowiki-landcover-2017,0.436742,0.563258
242_martinique-france,0.74448746,0.25551257
3170_geowiki-landcover-2017,0.5845394,0.41546056
5305_canada,0.27241525,0.7275847
1106_rwanda-ceo,0.750237,0.24976306
6324_geowiki-landcover-2017,0.27251765,0.7274823
2507_rwanda-ceo,0.8527981,0.14720197
30845_geowiki-landcover-2017,0.27241546,0.72758454
22953_geowiki-landcover-2017,0.43674204,0.56325793
904_martinique-france,0.7366623,0.26333773
6056_canada,0.42179585,0.57820415
2418_canada,0.2724152,0.7275848
2720_geowiki-landcover-2017,0.58453894,0.41546106
27946_geowiki-landcover-2017,0.4217953,0.57820475
16290_geowiki-landcover-2017,0.42674926,0.5732508
3998_geowiki-landcover-2017,0.42675748,0.5732425
2598_ile-de-france,0.27241513,0.72758484
854_mali-helmets-labelling-crops,0.42181158,0.5781885
23699_geowiki-landcover-2017,0.59191304,0.40808702
19288_geowiki-landcover-2017,0.27241752,0.7275825
27588_geowiki-landcover-2017,0.27241516,0.72758484
28847_geowiki-landcover-2017,0.4361196,0.5638804
14067_croplands,0.42184347,0.57815653
650_ile-de-france,0.27242497,0.72757506
20080_geowiki-landcover-2017,0.27244473,0.72755533
2340_geowiki-landcover-2017,0.42179555,0.57820445
623_lem-brazil,0.58454406,0.415456
6080_geowiki-landcover-2017,0.7444828,0.25551724
34936_geowiki-landcover-2017,0.2724168,0.7275832
217_canada,0.27241573,0.7275843
3447_ile-de-france,0.27241528,0.7275847
107_central-asia,0.2724161,0.7275838
3232_geowiki-landcover-2017,0.41932636,0.58067364
1293_mali-helmets-labelling-crops,0.42181185,0.5781881
218_geowiki-landcover-2017,0.7444908,0.25550926
111_ethiopia,0.73666674,0.26333332
2519_geowiki-landcover-2017,0.5845393,0.41546065
145_ile-de-france,0.2724152,0.7275848
114_kenya,0.7366662,0.2633338
2263_canada,0.27243018,0.7275698
33056_geowiki-landcover-2017,0.42179546,0.5782046
794_ile-de-france,0.27547616,0.72452384
138_lem-brazil,0.5846023,0.4153977
21890_geowiki-landcover-2017,0.42179516,0.5782049
335_sudan,0.7444972,0.2555028
25297_geowiki-landcover-2017,0.2724162,0.7275838
32128_geowiki-landcover-2017,0.42144817,0.5785518
3997_canada,0.27241525,0.7275848
633_central-asia,0.2724173,0.7275827
11038_geowiki-landcover-2017,0.59190935,0.40809065
2952_central-asia,0.27241609,0.7275839
3441_rwanda-ceo,0.75023687,0.24976309
9694_geowiki-landcover-2017,0.73665875,0.26334125
18376_geowiki-landcover-2017,0.59190863,0.40809137
6768_canada,0.2724153,0.72758466
341_ile-de-france,0.2724152,0.7275848
597_mali-helmets-labelling-crops,0.5845393,0.41546074
926_mali-helmets-labelling-crops,0.42381173,0.5761882
4356_canada,0.27241528,0.7275847
4519_canada,0.27241504,0.72758496
2564_rwanda-ceo,0.85279703,0.14720297
1011_central-asia,0.27241653,0.72758347
16503_geowiki-landcover-2017,0.59927607,0.40072393
6758_croplands,0.6065611,0.39343894
1229_central-asia,0.2746326,0.7253674
3742_geowiki-landcover-2017,0.5845396,0.4154604
31_rwanda-ceo,0.73666555,0.26333448
22116_geowiki-landcover-2017,0.606555,0.39344501
27704_geowiki-landcover-2017,0.4267491,0.5732509
9935_geowiki-landcover-2017,0.7444904,0.25550956
20669_geowiki-landcover-2017,0.74832976,0.25167027
3103_croplands,0.5919099,0.4080901
1963_martinique-france,0.7444878,0.25551218
11847_geowiki-landcover-2017,0.8527981,0.1472019
2045_germany,0.42179263,0.5782074
11147_geowiki-landcover-2017,0.5992749,0.40072516
384_kenya-non-crop,0.73666716,0.26333284
13545_croplands,0.42175937,0.5782406
26306_geowiki-landcover-2017,0.74449044,0.25550956
32274_geowiki-landcover-2017,0.27241525,0.7275847
14158_geowiki-landcover-2017,0.584539,0.41546097
1404_reunion-france,0.7502313,0.24976866
4300_canada,0.27241975,0.7275803
139_central-asia,0.2724159,0.72758406
6696_croplands,0.5919086,0.40809137
227_tanzania-rice-ecaas,0.7366658,0.2633342
4447_croplands,0.4217922,0.57820785
34_togo,0.74448925,0.25551075
6436_canada,0.27241525,0.7275848
3405_rwanda-ceo,0.59191096,0.40808907
245_togo,0.42179835,0.57820165
19011_geowiki-landcover-2017,0.7366658,0.2633342
2775_reunion-france,0.75023675,0.24976327
1680_germany,0.43665785,0.56334215
593_tanzania-ceo,0.85279703,0.14720295
1171_mali-helmets-labelling-crops,0.43132597,0.568674
9609_geowiki-landcover-2017,0.74448746,0.2555125
6399_geowiki-landcover-2017,0.4220338,0.5779663
7686_canada,0.27241528,0.7275847
217_uganda,0.5919202,0.4080798
2105_rwanda-ceo,0.85279816,0.14720187
11656_croplands,0.41932383,0.58067614
35801_geowiki-landcover-2017,0.7444895,0.25551057
8964_geowiki-landcover-2017,0.7444884,0.25551158
28917_geowiki-landcover-2017,0.5919093,0.40809077
2167_geowiki-landcover-2017,0.74824995,0.25175005
2501_geowiki-landcover-2017,0.5845403,0.41545966
24140_geowiki-landcover-2017,0.27241746,0.7275826
13540_croplands,0.42179468,0.5782053
20214_geowiki-landcover-2017,0.60657537,0.39342463
2785_ile-de-france,0.2724151,0.72758484
3730_croplands,0.4267433,0.57325673
3126_geowiki-landcover-2017,0.74446833,0.2555317
4652_canada,0.43649763,0.56350243
368_geowiki-landcover-2017,0.74449086,0.25550917
1455_martinique-france,0.60168654,0.3983135
29011_geowiki-landcover-2017,0.2724151,0.7275849
3482_ile-de-france,0.2724152,0.72758484
2335_geowiki-landcover-2017,0.7284273,0.27157268
6142_geowiki-landcover-2017,0.42671746,0.57328254
811_central-asia,0.27241865,0.7275813
5004_canada,0.2724152,0.72758484
12262_geowiki-landcover-2017,0.5992693,0.4007308
29176_geowiki-landcover-2017,0.2724156,0.72758436
34751_geowiki-landcover-2017,0.2724152,0.7275848
6253_canada,0.27241525,0.7275848
15301_geowiki-landcover-2017,0.85278994,0.14721008
1699_kenya-non-crop,0.85279715,0.14720286
31113_geowiki-landcover-2017,0.4223851,0.5776149
13087_geowiki-landcover-2017,0.4367797,0.56322026
27371_geowiki-landcover-2017,0.7444907,0.25550938
2129_central-asia,0.2724175,0.7275825
995_togo,0.5845389,0.41546112
18256_geowiki-landcover-2017,0.42181954,0.57818043
2114_geowiki-landcover-2017,0.7444907,0.2555093
24423_geowiki-landcover-2017,0.59191084,0.4080892
1180_reunion-france,0.75023603,0.24976394
2049_geowiki-landcover-2017,0.8526392,0.14736079
404_martinique-france,0.42179626,0.57820374
1196_mali-helmets-labelling-crops,0.43132526,0.56867474
27759_geowiki-landcover-2017,0.27241713,0.7275829
34764_geowiki-landcover-2017,0.27241838,0.7275816
1514_martinique-france,0.4218124,0.57818764
1363_croplands,0.58453894,0.41546106
201_geowiki-landcover-2017,0.4267511,0.5732489
2138_central-asia,0.27247632,0.7275237
668_kenya-non-crop,0.73666614,0.26333386
2969_canada,0.4367416,0.56325835
872_central-asia,0.27241564,0.72758436
24670_geowiki-landcover-2017,0.7502321,0.24976787
33175_geowiki-landcover-2017,0.27241516,0.72758484
3382_rwanda-ceo,0.75025976,0.24974027
303_canada,0.4367139,0.5632861
23_canada,0.27241525,0.7275848
19581_geowiki-landcover-2017,0.7444903,0.25550964
6923_canada,0.27241507,0.7275849
24364_geowiki-landcover-2017,0.27245677,0.7275432
7487_canada,0.42179483,0.5782051
796_tanzania-rice-ecaas,0.73666567,0.26333433
30520_geowiki-landcover-2017,0.27241525,0.7275848
1254_rwanda-ceo,0.7502379,0.24976207
450_tanzania-ceo,0.59191066,0.40808928
1074_tanzania-ceo,0.41932127,0.5806787
2299_martinique-france,0.6017117,0.39828834
120_kenya-non-crop,0.85279715,0.14720286
30578_geowiki-landcover-2017,0.60656357,0.39343643
32138_geowiki-landcover-2017,0.27241537,0.72758466
2897_ile-de-france,0.2724152,0.7275848
3061_ile-de-france,0.2724152,0.72758484
2778_canada,0.2724155,0.7275845
451_ethiopia,0.4201527,0.5798473
34519_geowiki-landcover-2017,0.73662925,0.26337075
1842_central-asia,0.42231834,0.57768166
6251_geowiki-landcover-2017,0.42179564,0.5782044
10309_geowiki-landcover-2017,0.8527978,0.14720221
18348_geowiki-landcover-2017,0.43674225,0.56325775
2475_rwanda-ceo,0.75023705,0.24976295
1819_germany,0.2724152,0.7275848
3934_ile-de-france,0.2724153,0.72758466
4479_ile-de-france,0.42179045,0.5782096
18265_geowiki-landcover-2017,0.43674564,0.56325436
1487_kenya-non-crop,0.74832916,0.2516708
698_central-asia,0.272417,0.72758293
14681_geowiki-landcover-2017,0.7502355,0.24976447
9_uganda,0.85279644,0.14720353
13008_geowiki-landcover-2017,0.58453834,0.41546163
4844_central-asia,0.27241576,0.7275843
141_ile-de-france,0.2724152,0.72758484
29665_geowiki-landcover-2017,0.7502373,0.24976268
5413_geowiki-landcover-2017,0.42674956,0.5732505
2613_canada,0.2724152,0.7275848
16013_geowiki-landcover-2017,0.27242112,0.7275789
6818_croplands,0.59190816,0.4080918
14514_geowiki-landcover-2017,0.27241626,0.7275837
3271_central-asia,0.5844993,0.41550064
9144_croplands,0.42179483,0.5782051
119_mali,0.58453906,0.41546097
11357_geowiki-landcover-2017,0.5845383,0.4154617
10826_geowiki-landcover-2017,0.43673918,0.5632608
718_rwanda-ceo,0.6065821,0.39341792
404_reunion-france,0.75023675,0.24976327
25582_geowiki-landcover-2017,0.5919062,0.40809378
26332_geowiki-landcover-2017,0.74448866,0.2555113
690_mali-helmets-labelling-crops,0.58453786,0.4154621
12456_croplands,0.5845446,0.41545543
2286_canada,0.27242094,0.72757906
842_germany,0.2724152,0.7275848
3491_central-asia,0.41927397,0.580726
122_uganda,0.59191144,0.40808856
28858_geowiki-landcover-2017,0.42179596,0.57820404
1411_kenya-non-crop,0.5919104,0.40808952
3407_rwanda-ceo,0.59191364,0.4080864
2012_germany,0.40723687,0.5927631
442_germany,0.27241588,0.72758406
1842_germany,0.4217954,0.57820463
28773_geowiki-landcover-2017,0.42678207,0.5732179
4345_central-asia,0.27241558,0.7275844
2311_ile-de-france,0.27241543,0.7275846
23173_geowiki-landcover-2017,0.42179677,0.5782032
12687_geowiki-landcover-2017,0.59191597,0.4080841
6970_croplands,0.5919089,0.40809116
6866_croplands,0.59190613,0.40809387
184_ile-de-france,0.27241525,0.7275848
1675_central-asia,0.2726102,0.7273898
367_tanzania,0.7366635,0.26333648
1855_germany,0.27241588,0.7275841
13600_croplands,0.60170704,0.39829296
2549_germany,0.2724529,0.7275471
1275_tanzania-ceo,0.5845395,0.41546056
6336_geowiki-landcover-2017,0.42179412,0.5782059
2299_central-asia,0.27241734,0.7275827
29406_geowiki-landcover-2017,0.27241513,0.72758484
10563_geowiki-landcover-2017,0.4367413,0.56325865
4541_ile-de-france,0.43674105,0.56325895
14964_croplands,0.74444777,0.25555223
23826_geowiki-landcover-2017,0.5845409,0.4154591
250_sudan,0.74448997,0.25550997
2018_central-asia,0.42185187,0.5781481
2203_kenya-non-crop,0.74451786,0.25548217
158_mali-helmets-labelling-crops,0.5845384,0.41546154
18844_geowiki-landcover-2017,0.27243266,0.7275673
711_tanzania-ceo,0.58453953,0.41546044
31439_geowiki-landcover-2017,0.584539,0.415461
16022_geowiki-landcover-2017,0.74448764,0.2555124
35041_geowiki-landcover-2017,0.42179546,0.5782046
3260_central-asia,0.584434,0.41556603
374_ile-de-france,0.27241516,0.72758484
1367_kenya-non-crop,0.7366655,0.26333454
32_croplands,0.5992911,0.40070888
13328_geowiki-landcover-2017,0.7502357,0.24976432
22215_geowiki-landcover-2017,0.42674926,0.5732508
2730_geowiki-landcover-2017,0.5845412,0.4154588
2342_tanzania-ceo,0.5919109,0.4080891
22_sudan,0.58453774,0.4154623
2292_reunion-france,0.7495271,0.25047293
1469_mali-helmets-labelling-crops,0.43132597,0.568674
2965_central-asia,0.2724174,0.7275826
554_ethiopia,0.4267546,0.5732454
2714_geowiki-landcover-2017,0.58453923,0.41546074
5873_canada,0.2724152,0.7275848
233_ethiopia,0.5845393,0.4154607
24190_geowiki-landcover-2017,0.42179707,0.5782029
2247_croplands,0.59190696,0.40809304
1933_ile-de-france,0.27241546,0.72758454
2375_rwanda-ceo,0.85279816,0.14720182
7343_geowiki-landcover-2017,0.2724162,0.72758377
21675_geowiki-landcover-2017,0.42674965,0.5732503
7105_geowiki-landcover-2017,0.42179182,0.57820815
964_reunion-france,0.42179778,0.57820225
869_canada,0.2724152,0.7275848
1262_martinique-france,0.4217832,0.57821685
32589_geowiki-landcover-2017,0.27241537,0.72758466
436_rwanda-ceo,0.73666173,0.2633383
1312_geowiki-landcover-2017,0.7365753,0.26342472
13604_croplands,0.6017036,0.39829642
3980_canada,0.27241534,0.72758466
1652_tanzania-ceo,0.59191084,0.4080892
464_tanzania-ceo,0.852797,0.14720303
25330_geowiki-landcover-2017,0.43673766,0.5632623
6920_geowiki-landcover-2017,0.2724151,0.7275849
353_tanzania,0.8526842,0.14731584
3508_central-asia,0.5843707,0.4156294
30087_geowiki-landcover-2017,0.42179567,0.57820433
105_tanzania-ceo,0.7444896,0.2555104
7372_canada,0.27241626,0.7275837
1117_kenya-non-crop,0.7481292,0.25187078
5404_geowiki-landcover-2017,0.8527932,0.14720678
1926_tanzania-ceo,0.8527982,0.14720178
189_sudan,0.58453876,0.4154612
11969_geowiki-landcover-2017,0.6017097,0.39829028
25198_geowiki-landcover-2017,0.73666674,0.26333332
945_rwanda-ceo,0.5919129,0.4080871
9518_croplands,0.4217961,0.5782039
1356_germany,0.42179155,0.57820845
2136_germany,0.42172822,0.57827175
24106_geowiki-landcover-2017,0.5846985,0.4153015
602_ethiopia,0.73666584,0.26333416
3246_geowiki-landcover-2017,0.57834136,0.42165866
1495_germany,0.43674394,0.5632561
26513_geowiki-landcover-2017,0.2724317,0.7275683
6718_croplands,0.59190726,0.4080927
240_rwanda-ceo,0.5919126,0.40808734
1572_geowiki-landcover-2017,0.59191155,0.40808845
557_ethiopia,0.59191066,0.40808934
12326_geowiki-landcover-2017,0.60656077,0.39343923
14349_geowiki-landcover-2017,0.4218091,0.57819086
903_croplands,0.27241537,0.72758466
670_lem-brazil,0.744431,0.25556898
20510_geowiki-landcover-2017,0.7399559,0.2600441
17329_geowiki-landcover-2017,0.8527364,0.14726353
16319_geowiki-landcover-2017,0.60170686,0.3982932
3335_canada,0.27241495,0.727585
14835_geowiki-landcover-2017,0.85278046,0.14721954
31808_geowiki-landcover-2017,0.2724154,0.7275846
330_mali-helmets-labelling-crops,0.4218114,0.5781886
3217_canada,0.27281845,0.72718155
4623_central-asia,0.2724156,0.72758436
3926_geowiki-landcover-2017,0.421796,0.578204
10782_croplands,0.5919097,0.40809035
2191_germany,0.27241525,0.7275848
32705_geowiki-landcover-2017,0.5845379,0.41546208
2086_croplands,0.42179587,0.57820415
147_geowiki-landcover-2017,0.5894553,0.41054472
675_togo,0.5845384,0.41546157
2245_reunion-france,0.60171044,0.39828953
25693_geowiki-landcover-2017,0.4217952,0.5782048
14989_geowiki-landcover-2017,0.4217992,0.5782008
1337_central-asia,0.4239512,0.5760488
7752_canada,0.27241808,0.7275819
4343_central-asia,0.27241558,0.7275844
29764_geowiki-landcover-2017,0.27241588,0.72758406
238_mali-helmets-labelling-crops,0.58453876,0.41546124
5202_ile-de-france,0.27241537,0.72758466
1461_reunion-france,0.7502273,0.24977274
30782_geowiki-landcover-2017,0.2724151,0.72758484
6735_croplands,0.5919043,0.40809575
875_martinique-france,0.75023735,0.2497626
3858_canada,0.2724151,0.72758484
5219_central-asia,0.41932276,0.5806772
1081_croplands,0.58453184,0.41546813
7462_canada,0.27241522,0.7275848
1423_reunion-france,0.59190995,0.40809003
2331_central-asia,0.27241695,0.72758305
2482_germany,0.42179504,0.578205
1973_kenya-non-crop,0.7444904,0.25550964
21_tanzania-rice-ecaas,0.7366635,0.26333645
14722_croplands,0.41932184,0.58067816
30700_geowiki-landcover-2017,0.27241525,0.7275847
2312_martinique-france,0.8527951,0.14720486
25938_geowiki-landcover-2017,0.58453363,0.41546643
3188_geowiki-landcover-2017,0.58461934,0.41538063
24389_geowiki-landcover-2017,0.43673918,0.56326085
454_mali-helmets-labelling-crops,0.5845392,0.4154608
5864_canada,0.27241695,0.72758305
25262_geowiki-landcover-2017,0.7444883,0.25551176
1007_canada,0.27241677,0.7275832
11961_geowiki-landcover-2017,0.43673962,0.5632604
16365_geowiki-landcover-2017,0.85279757,0.1472024
25739_geowiki-landcover-2017,0.5919111,0.40808892
34_zimbabwe,0.42179623,0.57820374
1403_reunion-france,0.42179674,0.57820326
1604_ile-de-france,0.2724153,0.7275847
1446_geowiki-landcover-2017,0.75023425,0.24976568
3674_ile-de-france,0.2724153,0.72758466
4749_geowiki-landcover-2017,0.74449074,0.25550932
4259_croplands,0.42179245,0.5782076
207_martinique-france,0.60171026,0.39828974
6593_geowiki-landcover-2017,0.5992739,0.40072608
5580_canada,0.4217958,0.5782043
10831_geowiki-landcover-2017,0.27241537,0.7275846
4940_ile-de-france,0.27241546,0.72758454
316_ethiopia,0.7366658,0.2633342
5204_ile-de-france,0.27241534,0.72758466
3706_central-asia,0.27242747,0.72757256
190_reunion-france,0.42179564,0.57820433
21485_geowiki-landcover-2017,0.4217805,0.5782195
32562_geowiki-landcover-2017,0.5919093,0.4080907
141_kenya-non-crop,0.85279477,0.14720523
2846_rwanda-ceo,0.8527982,0.14720178
676_geowiki-landcover-2017,0.5845394,0.41546065
2630_reunion-france,0.59191054,0.40808943
203_tanzania-ceo,0.5919129,0.40808702
1831_reunion-france,0.7502356,0.24976434
7914_canada,0.2724235,0.7275765
1323_canada,0.2724151,0.7275849
34116_geowiki-landcover-2017,0.2724153,0.7275847
5755_ile-de-france,0.27241513,0.72758484
13860_croplands,0.42674738,0.5732526
15160_geowiki-landcover-2017,0.5845419,0.41545805
32234_geowiki-landcover-2017,0.60656077,0.3934392
1422_germany,0.2724156,0.7275844
690_ethiopia,0.7366607,0.26333928
3786_central-asia,0.27241862,0.7275814
600_geowiki-landcover-2017,0.58455384,0.41544622
798_tanzania-rice-ecaas,0.7366501,0.26334995
241_tanzania-rice-ecaas,0.7366659,0.26333404
23927_geowiki-landcover-2017,0.58454305,0.41545698
6008_canada,0.2724153,0.7275847
5713_canada,0.272417,0.72758293
1395_rwanda-ceo,0.5919128,0.4080872
6572_geowiki-landcover-2017,0.7441779,0.25582212
3378_ile-de-france,0.2724152,0.72758484
12313_geowiki-landcover-2017,0.6065527,0.39344728
5809_ile-de-france,0.27241537,0.72758466
1108_germany,0.27241525,0.7275847
7634_canada,0.27241516,0.72758484
20445_geowiki-landcover-2017,0.43675217,0.56324786
7948_canada,0.42179576,0.5782043
21020_geowiki-landcover-2017,0.2724152,0.7275848
320_central-asia,0.27241847,0.72758156
8652_geowiki-landcover-2017,0.59075963,0.40924037
1249_canada,0.2724151,0.7275849
7940_canada,0.42179564,0.5782044
13768_geowiki-landcover-2017,0.74449843,0.25550157
289_sudan,0.74449027,0.25550973
4964_ile-de-france,0.27241594,0.72758406
27957_geowiki-landcover-2017,0.42673358,0.5732664
9120_geowiki-landcover-2017,0.5845392,0.4154608
1776_rwanda-ceo,0.852798,0.147202
26036_geowiki-landcover-2017,0.42179596,0.57820404
1771_canada,0.42179593,0.5782041
728_togo,0.7444904,0.25550956
1870_central-asia,0.2728413,0.72715867
2135_canada,0.6017111,0.3982889
680_rwanda-ceo,0.8527982,0.14720179
20204_geowiki-landcover-2017,0.2724153,0.72758466
13879_geowiki-landcover-2017,0.750231,0.24976894
14485_geowiki-landcover-2017,0.4267491,0.5732509
8582_geowiki-landcover-2017,0.42189968,0.5781003
3150_ile-de-france,0.27241564,0.72758436
12035_geowiki-landcover-2017,0.436741,0.56325895
1117_togo,0.74449074,0.25550932
15110_geowiki-landcover-2017,0.7366655,0.2633345
16934_geowiki-landcover-2017,0.74448854,0.2555114
1625_tanzania-ceo,0.8527978,0.1472022
243_ethiopia,0.5845394,0.41546062
11011_geowiki-landcover-2017,0.42674917,0.5732509
31904_geowiki-landcover-2017,0.27241552,0.7275845
4583_ile-de-france,0.41955006,0.58044994
2370_martinique-france,0.58453673,0.41546324
2756_central-asia,0.27241752,0.72758245
18074_geowiki-landcover-2017,0.27241597,0.727584
2113_rwanda-ceo,0.75023806,0.24976198
228_uganda,0.7502366,0.24976346
2043_martinique-france,0.8527951,0.14720488
2500_reunion-france,0.60667104,0.3933289
2210_ile-de-france,0.27241573,0.7275843
12631_geowiki-landcover-2017,0.42179626,0.57820374
5342_canada,0.2724152,0.7275848
35337_geowiki-landcover-2017,0.6017111,0.3982889
2667_central-asia,0.42179444,0.5782056
34431_geowiki-landcover-2017,0.74448156,0.2555185
28717_geowiki-landcover-2017,0.5845364,0.41546357
3755_croplands,0.58453935,0.41546065
2229_germany,0.42159724,0.57840276
4948_ile-de-france,0.4217954,0.57820463
89_kenya-non-crop,0.8527947,0.14720528
14688_croplands,0.4217963,0.5782037
1250_rwanda-ceo,0.7483295,0.25167042
656_croplands,0.2724152,0.7275848
2775_central-asia,0.2724162,0.7275838
10154_croplands,0.5919099,0.4080901
1182_kenya-non-crop,0.59191024,0.40808976
7723_geowiki-landcover-2017,0.74449134,0.25550872
150_martinique-france,0.4217954,0.57820463
3672_ile-de-france,0.27241546,0.72758454
12413_geowiki-landcover-2017,0.60656226,0.3934377
758_ile-de-france,0.27241558,0.7275845
21387_geowiki-landcover-2017,0.2731987,0.72680134
1157_mali-helmets-labelling-crops,0.43132484,0.56867516
28992_geowiki-landcover-2017,0.5835293,0.41647077
21255_geowiki-landcover-2017,0.4217959,0.5782041
10746_geowiki-landcover-2017,0.42176378,0.5782362
394_rwanda-ceo,0.5919123,0.40808767
1373_kenya-non-crop,0.73666567,0.2633343
891_kenya-non-crop,0.8527953,0.14720467
4220_canada,0.27241918,0.7275808
1839_rwanda-ceo,0.8527982,0.14720179
13976_croplands,0.42680752,0.5731925
1803_geowiki-landcover-2017,0.60171276,0.39828718
1628_germany,0.2724154,0.7275846
665_lem-brazil,0.58453727,0.41546267
2175_canada,0.43674153,0.56325847
31102_geowiki-landcover-2017,0.2724154,0.7275846
1497_mali-helmets-labelling-crops,0.4222046,0.5777954
24413_geowiki-landcover-2017,0.60656095,0.39343908
26651_geowiki-landcover-2017,0.42203712,0.57796293
15861_geowiki-landcover-2017,0.7502368,0.24976313
5103_geowiki-landcover-2017,0.85279834,0.14720166
17060_geowiki-landcover-2017,0.5845377,0.41546234
1094_central-asia,0.42451644,0.5754835
132_martinique-france,0.2724897,0.72751033
441_tanzania-ceo,0.59191054,0.40808943
17343_geowiki-landcover-2017,0.5919108,0.40808925
33418_geowiki-landcover-2017,0.2724152,0.7275848
2011_reunion-france,0.591909,0.408091
20_canada,0.2724155,0.7275845
917_reunion-france,0.5919072,0.40809277
14771_geowiki-landcover-2017,0.5845434,0.41545656
2853_rwanda-ceo,0.59191144,0.40808854
26963_geowiki-landcover-2017,0.42179608,0.5782039
2554_central-asia,0.27241713,0.7275829
6423_canada,0.27242205,0.727578
169_kenya,0.8527926,0.14720738
16059_geowiki-landcover-2017,0.4267496,0.5732504
19151_geowiki-landcover-2017,0.27241504,0.72758496
72_canada,0.2724152,0.7275848
6084_ile-de-france,0.2724155,0.7275845
6527_geowiki-landcover-2017,0.85279435,0.14720568
9218_geowiki-landcover-2017,0.8527979,0.14720213
760_croplands,0.58453774,0.4154622
1319_germany,0.27241525,0.7275847
34126_geowiki-landcover-2017,0.74448854,0.2555115
208_lem-brazil,0.42180154,0.57819843
551_togo,0.4217958,0.5782042
20848_geowiki-landcover-2017,0.5844817,0.41551828
195_uganda,0.5919203,0.40807965
1007_germany,0.27261028,0.72738975
30664_geowiki-landcover-2017,0.59190834,0.4080917
4932_ile-de-france,0.27241528,0.7275847
33460_geowiki-landcover-2017,0.4267493,0.5732507
6764_geowiki-landcover-2017,0.27260908,0.7273909
603_germany,0.27241677,0.7275832
34368_geowiki-landcover-2017,0.4217966,0.57820344
34483_geowiki-landcover-2017,0.7444907,0.25550932
452_martinique-france,0.6017122,0.39828777
21263_geowiki-landcover-2017,0.43674934,0.56325066
29888_geowiki-landcover-2017,0.6016478,0.39835224
30550_geowiki-landcover-2017,0.27241516,0.72758484
97_central-asia,0.2724312,0.7275688
27853_geowiki-landcover-2017,0.43674237,0.56325763
100_central-asia,0.2724204,0.7275796
126_tanzania-ceo,0.5845396,0.4154604
1485_germany,0.4217894,0.5782106
23_togo,0.41932636,0.58067364
731_togo,0.74448997,0.25550997
2153_martinique-france,0.60171133,0.39828864
15550_geowiki-landcover-2017,0.27241606,0.72758394
10029_croplands,0.5919085,0.4080915
1475_kenya-non-crop,0.43674496,0.563255
1588_ile-de-france,0.2724151,0.7275849
30_uganda,0.7366651,0.26333487
17829_geowiki-landcover-2017,0.2724152,0.7275848
33074_geowiki-landcover-2017,0.5844971,0.41550285
3496_central-asia,0.41927734,0.5807227
1518_geowiki-landcover-2017,0.85279703,0.14720295
164_germany,0.27241567,0.72758436
34717_geowiki-landcover-2017,0.2724153,0.7275847
7268_geowiki-landcover-2017,0.42179492,0.5782051
13868_geowiki-landcover-2017,0.4367712,0.5632288
6557_geowiki-landcover-2017,0.8527979,0.14720215
1808_rwanda-ceo,0.5919119,0.40808806
27979_geowiki-landcover-2017,0.5919112,0.4080888
13192_geowiki-landcover-2017,0.74832934,0.25167066
1164_reunion-france,0.6017112,0.3982888
3757_geowiki-landcover-2017,0.5845393,0.41546068
23844_geowiki-landcover-2017,0.27242497,0.727575
3561_ile-de-france,0.27241558,0.7275844
158_reunion-france,0.4369925,0.56300753
854_reunion-france,0.6017106,0.3982894
5950_geowiki-landcover-2017,0.8526396,0.14736032
3355_ile-de-france,0.2724152,0.7275848
2053_central-asia,0.27241725,0.7275827
34773_geowiki-landcover-2017,0.27241513,0.72758484
2127_geowiki-landcover-2017,0.74448955,0.25551048
5246_canada,0.27241644,0.7275835
2379_rwanda-ceo,0.75024956,0.24975045
15932_geowiki-landcover-2017,0.27241546,0.72758454
6332_canada,0.27241617,0.7275838
686_martinique-france,0.42181772,0.5781823
21101_geowiki-landcover-2017,0.43674105,0.56325895
1609_geowiki-landcover-2017,0.75023615,0.24976383
2655_geowiki-landcover-2017,0.4193261,0.58067393
212_uganda,0.59191763,0.40808234
30387_geowiki-landcover-2017,0.2724156,0.72758436
3243_rwanda-ceo,0.85279566,0.14720432
23200_geowiki-landcover-2017,0.6065608,0.39343914
24380_geowiki-landcover-2017,0.43675554,0.56324446
4017_geowiki-landcover-2017,0.42675534,0.5732447
24012_geowiki-landcover-2017,0.4367593,0.56324077
7356_geowiki-landcover-2017,0.60171014,0.39828983
16601_geowiki-landcover-2017,0.7444914,0.2555086
35064_geowiki-landcover-2017,0.2724179,0.7275821
20370_geowiki-landcover-2017,0.42648658,0.57351345
25676_geowiki-landcover-2017,0.42179593,0.5782041
6706_canada,0.2724161,0.7275839
25503_geowiki-landcover-2017,0.42179567,0.57820433
4876_central-asia,0.27247447,0.72752553
31397_geowiki-landcover-2017,0.42180902,0.578191
250_lem-brazil,0.7364885,0.2635115
4357_central-asia,0.27241567,0.72758436
4442_central-asia,0.27241606,0.72758394
24856_geowiki-landcover-2017,0.42179492,0.5782051
596_ile-de-france,0.27241546,0.72758454
330_ethiopia,0.736666,0.263334
4666_croplands,0.42180198,0.578198
33747_geowiki-landcover-2017,0.2724181,0.72758186
14908_geowiki-landcover-2017,0.60171247,0.3982876
1332_ile-de-france,0.2724167,0.72758335
29513_geowiki-landcover-2017,0.74447995,0.25552002
465_germany,0.27241617,0.7275838
1591_germany,0.27241525,0.7275847
26678_geowiki-landcover-2017,0.4367409,0.56325907
1210_martinique-france,0.591911,0.40808898
5799_croplands,0.42179778,0.5782022
1570_ile-de-france,0.272471,0.7275289
1104_canada,0.42126694,0.578733
1231_germany,0.4217989,0.57820106
1461_central-asia,0.2746331,0.72536683
119_martinique-france,0.6017114,0.39828858
31229_geowiki-landcover-2017,0.2724159,0.72758406
1950_germany,0.421795,0.578205
1093_martinique-france,0.6016902,0.39830986
170_kenya-non-crop,0.8524502,0.14754982
22612_geowiki-landcover-2017,0.75021005,0.24978995
8423_geowiki-landcover-2017,0.591815,0.40818498
2128_tanzania-ceo,0.5919068,0.4080932
9746_geowiki-landcover-2017,0.75023717,0.24976282
9893_geowiki-landcover-2017,0.42179602,0.578204
1769_geowiki-landcover-2017,0.42179698,0.578203
459_togo,0.73665524,0.26334476
2008_germany,0.27241853,0.72758144
28411_geowiki-landcover-2017,0.73666525,0.26333478
1008_rwanda-ceo,0.5919107,0.40808928
2279_martinique-france,0.6017115,0.3982885
3454_canada,0.60655487,0.39344513
34044_geowiki-landcover-2017,0.58448243,0.41551757
13776_croplands,0.4217972,0.5782028
19068_geowiki-landcover-2017,0.27241573,0.7275843
23407_geowiki-landcover-2017,0.27242547,0.7275746
867_germany,0.2724183,0.7275817
23244_geowiki-landcover-2017,0.59190816,0.40809187
496_tanzania-ceo,0.8508514,0.1491486
10596_croplands,0.5913175,0.40868255
31478_geowiki-landcover-2017,0.74448586,0.25551417
12417_geowiki-landcover-2017,0.59927624,0.4007238
1311_central-asia,0.27417028,0.72582966
1979_kenya-non-crop,0.7444911,0.2555089
1165_germany,0.27241552,0.7275845
17396_geowiki-landcover-2017,0.42692167,0.57307833
3801_ile-de-france,0.27241534,0.72758466
24285_geowiki-landcover-2017,0.27241606,0.72758394
6268_canada,0.27241516,0.72758484
1927_germany,0.2724179,0.72758216
816_central-asia,0.2724185,0.7275815
1910_canada,0.27241525,0.7275848
804_ile-de-france,0.2724152,0.72758484
2041_martinique-france,0.75017357,0.24982645
21584_geowiki-landcover-2017,0.272417,0.72758293
660_lem-brazil,0.73665386,0.2633462
1359_martinique-france,0.75023615,0.2497638
611_mali-helmets-labelling-crops,0.5845387,0.4154613
6322_canada,0.27241516,0.72758484
20754_geowiki-landcover-2017,0.85274756,0.1472525
491_togo,0.5845394,0.41546062
34303_geowiki-landcover-2017,0.75023466,0.24976528
16997_geowiki-landcover-2017,0.42675027,0.5732497
12483_croplands,0.7444856,0.25551438
4828_geowiki-landcover-2017,0.73662513,0.2633749
872_tanzania-ceo,0.8527906,0.14720933
12869_geowiki-landcover-2017,0.58453697,0.4154631
26539_geowiki-landcover-2017,0.2724151,0.72758484
3431_ile-de-france,0.2724155,0.7275845
1342_canada,0.2724151,0.7275849
1293_geowiki-landcover-2017,0.5919089,0.4080911
110_kenya,0.7366662,0.2633338
1583_martinique-france,0.42179513,0.5782049
19443_geowiki-landcover-2017,0.41932687,0.5806731
746_kenya-non-crop,0.73666567,0.2633343
3904_canada,0.2724588,0.7275412
1576_rwanda-ceo,0.736663,0.26333708
224_kenya-non-crop,0.8527982,0.14720172
2183_reunion-france,0.7502368,0.24976319
10821_geowiki-landcover-2017,0.7444904,0.25550964
847_germany,0.27243662,0.7275634
529_reunion-france,0.42674926,0.5732508
187_germany,0.42179307,0.5782069
288_rwanda-ceo,0.8527982,0.14720175
1452_rwanda-ceo,0.8527982,0.14720172
9405_geowiki-landcover-2017,0.6039226,0.39607736
9703_geowiki-landcover-2017,0.59191084,0.4080892
15180_geowiki-landcover-2017,0.74449146,0.25550857
677_geowiki-landcover-2017,0.7366655,0.26333454
21149_geowiki-landcover-2017,0.43672246,0.56327754
26786_geowiki-landcover-2017,0.5919109,0.4080891
31784_geowiki-landcover-2017,0.57401663,0.42598334
739_ethiopia,0.73666734,0.26333266
23918_geowiki-landcover-2017,0.42179555,0.5782045
18992_geowiki-landcover-2017,0.42675465,0.5732453
3586_geowiki-landcover-2017,0.4217973,0.5782027
507_germany,0.4376451,0.5623549
792_reunion-france,0.4217954,0.5782046
4922_croplands,0.42180106,0.5781989
12184_geowiki-landcover-2017,0.2724487,0.7275513
12231_geowiki-landcover-2017,0.43674055,0.5632594
1577_geowiki-landcover-2017,0.5919097,0.40809026
2397_canada,0.2724152,0.72758484
4577_canada,0.27241516,0.72758484
1945_rwanda-ceo,0.8527982,0.14720176
8699_geowiki-landcover-2017,0.58453834,0.4154617
8967_geowiki-landcover-2017,0.2724301,0.7275699
1978_kenya-non-crop,0.74449104,0.2555089
3595_rwanda-ceo,0.73666793,0.26333207
634_canada,0.43673986,0.5632601
4894_geowiki-landcover-2017,0.60171634,0.3982837
25952_geowiki-landcover-2017,0.6017134,0.3982866
1565_central-asia,0.27246395,0.7275361
1670_tanzania-ceo,0.5845393,0.41546074
86_togo,0.58453876,0.41546124
648_croplands,0.59187776,0.40812224
24586_geowiki-landcover-2017,0.42674935,0.57325065
812_canada,0.27241525,0.7275847
1955_tanzania-ceo,0.73652506,0.26347497
2132_ile-de-france,0.2724161,0.7275839
5578_canada,0.42179576,0.5782043
1408_geowiki-landcover-2017,0.85279775,0.14720231
19463_geowiki-landcover-2017,0.5992749,0.40072507
1119_kenya-non-crop,0.7366657,0.26333427
1458_ile-de-france,0.27241558,0.7275844
4832_canada,0.2724152,0.72758484
33824_geowiki-landcover-2017,0.27241528,0.7275847
264_canada,0.27241948,0.72758055
32426_geowiki-landcover-2017,0.43674022,0.5632598
545_togo,0.5845407,0.4154593
6781_geowiki-landcover-2017,0.5992973,0.40070271
152_uganda,0.42675254,0.57324743
58_kenya-non-crop,0.7366659,0.26333404
28039_geowiki-landcover-2017,0.606561,0.39343897
4779_ile-de-france,0.2724152,0.7275848
3033_ile-de-france,0.2724152,0.72758484
2547_rwanda-ceo,0.59191024,0.40808976
80_togo,0.58453906,0.41546097
3930_geowiki-landcover-2017,0.42674956,0.5732504
1247_kenya-non-crop,0.5845392,0.41546082
23384_geowiki-landcover-2017,0.6065611,0.39343894
2051_germany,0.6016198,0.39838022
25094_geowiki-landcover-2017,0.6065654,0.39343458
682_ethiopia,0.5845272,0.41547278
10687_croplands,0.59184664,0.4081534
3919_canada,0.27241525,0.7275847
4112_ile-de-france,0.4217835,0.5782165
23671_geowiki-landcover-2017,0.42179555,0.5782044
2947_central-asia,0.2724158,0.72758424
2853_geowiki-landcover-2017,0.5845385,0.41546145
8039_geowiki-landcover-2017,0.58453906,0.41546097
2178_tanzania-ceo,0.85276777,0.14723222
4579_canada,0.27241525,0.7275847
2_sudan,0.5845392,0.4154608
144_togo,0.58453876,0.4154612
30574_geowiki-landcover-2017,0.6017106,0.39828932
6777_canada,0.27241552,0.7275845
34707_geowiki-landcover-2017,0.27241516,0.72758484
3774_central-asia,0.27242076,0.72757924
4856_canada,0.42179292,0.5782071
35416_geowiki-landcover-2017,0.42179537,0.57820463
1380_mali-helmets-labelling-crops,0.42179543,0.5782046
25557_geowiki-landcover-2017,0.60656047,0.39343953
8827_geowiki-landcover-2017,0.27241546,0.72758454
516_germany,0.42179042,0.5782096
29883_geowiki-landcover-2017,0.27242005,0.72757995
5278_ile-de-france,0.2724152,0.72758484
571_germany,0.27241555,0.7275845
17823_geowiki-landcover-2017,0.4267495,0.57325053
15235_geowiki-landcover-2017,0.5845392,0.41546082
296_geowiki-landcover-2017,0.59191024,0.40808973
21_mali-helmets-labelling-crops,0.5845381,0.41546187
22654_geowiki-landcover-2017,0.59191155,0.40808845
1432_ile-de-france,0.27241516,0.72758484
833_reunion-france,0.75023204,0.24976796
915_canada,0.43673858,0.56326145
17479_geowiki-landcover-2017,0.7444714,0.25552863
7722_canada,0.27241543,0.7275846
4_mali-non-crop,0.60171074,0.3982893
713_canada,0.27241516,0.72758484
9244_geowiki-landcover-2017,0.43674138,0.56325865
5340_ile-de-france,0.421792,0.57820797
1574_martinique-france,0.73666245,0.26333752
969_croplands,0.60656047,0.39343953
546_togo,0.4217958,0.5782043
19994_geowiki-landcover-2017,0.606561,0.39343894
213_tanzania-ceo,0.85279715,0.1472029
114_mali-helmets-labelling-crops,0.58453894,0.41546106
509_kenya-non-crop,0.852796,0.14720403
1835_canada,0.27241516,0.72758484
2249_geowiki-landcover-2017,0.58457816,0.4154218
31247_geowiki-landcover-2017,0.7500171,0.24998292
1039_ile-de-france,0.2724153,0.7275847
4912_canada,0.2724153,0.7275847
1036_tanzania-ceo,0.58946323,0.4105367
2506_reunion-france,0.59192014,0.40807992
6619_canada,0.27273256,0.72726744
20703_geowiki-landcover-2017,0.4267535,0.5732465
1691_martinique-france,0.7444857,0.2555143
1903_ile-de-france,0.27241525,0.7275848
3346_rwanda-ceo,0.59572154,0.40427846
3421_central-asia,0.41926432,0.5807357
636_germany,0.27241525,0.7275847
12788_geowiki-landcover-2017,0.736663,0.263337
18935_geowiki-landcover-2017,0.27242196,0.72757804
12458_croplands,0.5845437,0.41545624
2148_croplands,0.27247328,0.7275267
30708_geowiki-landcover-2017,0.4367412,0.5632588
2488_kenya-non-crop,0.7366659,0.26333407
91_geowiki-landcover-2017,0.58453923,0.41546074
2268_tanzania-ceo,0.5854706,0.4145294
3278_geowiki-landcover-2017,0.58454037,0.41545966
336_rwanda-ceo,0.85279834,0.1472017
9478_geowiki-landcover-2017,0.5845393,0.4154607
1398_martinique-france,0.6017139,0.39828607
2197_ile-de-france,0.2724153,0.7275847
202_germany,0.4217953,0.57820475
9561_croplands,0.42172852,0.57827145
39_tanzania-ceo,0.7501944,0.24980563
31680_geowiki-landcover-2017,0.58453804,0.41546196
6003_canada,0.42179373,0.5782063
14861_geowiki-landcover-2017,0.27243197,0.7275681
129_ethiopia,0.58945704,0.410543
1063_rwanda-ceo,0.8527982,0.14720178
23286_geowiki-landcover-2017,0.60656136,0.39343867
586_ethiopia,0.73666567,0.26333433
2371_central-asia,0.27241713,0.7275829
28298_geowiki-landcover-2017,0.7444907,0.25550938
1254_canada,0.27241507,0.7275849
2470_rwanda-ceo,0.59191537,0.4080846
4951_canada,0.27241552,0.7275845
1567_ile-de-france,0.27241516,0.72758484
2067_croplands,0.5845397,0.4154603
3558_rwanda-ceo,0.5919104,0.40808955
5857_canada,0.27241516,0.72758484
1278_germany,0.27241588,0.72758406
33336_geowiki-landcover-2017,0.43673748,0.5632625
555_mali-helmets-labelling-crops,0.5845386,0.4154614
23093_geowiki-landcover-2017,0.7444908,0.25550926
14359_geowiki-landcover-2017,0.27241632,0.7275837
555_canada,0.43674153,0.56325847
3916_canada,0.2724152,0.72758484
4065_ile-de-france,0.27241692,0.72758305
24552_geowiki-landcover-2017,0.4267494,0.57325053
30502_geowiki-landcover-2017,0.27241516,0.72758484
407_canada,0.42178887,0.5782111
1875_reunion-france,0.4217938,0.5782062
19472_geowiki-landcover-2017,0.74331033,0.25668967
14959_geowiki-landcover-2017,0.59191054,0.40808952
6620_geowiki-landcover-2017,0.5842663,0.4157337
31887_geowiki-landcover-2017,0.42179564,0.5782044
1266_togo,0.6066077,0.39339232
25709_geowiki-landcover-2017,0.42674965,0.5732503
9089_geowiki-landcover-2017,0.42179656,0.57820344
30704_geowiki-landcover-2017,0.27241546,0.72758454
4312_ile-de-france,0.27241525,0.7275848
6843_canada,0.27241707,0.72758293
85_lem-brazil,0.42180893,0.5781911
4641_croplands,0.42180866,0.57819134
1899_germany,0.42169735,0.5783026
20851_geowiki-landcover-2017,0.41932076,0.58067924
4459_ile-de-france,0.27242804,0.72757196
3903_ile-de-france,0.42179427,0.57820576
20294_geowiki-landcover-2017,0.43673903,0.56326103
2616_rwanda-ceo,0.59194016,0.40805987
32727_geowiki-landcover-2017,0.7444918,0.25550812
2603_rwanda-ceo,0.7502362,0.24976376
1847_kenya-non-crop,0.85279775,0.14720222
1987_central-asia,0.27248073,0.7275192
2140_martinique-france,0.85278463,0.14721538
4846_ile-de-france,0.2724152,0.72758484
998_germany,0.27243158,0.72756845
1268_central-asia,0.27459207,0.72540796
3628_geowiki-landcover-2017,0.41934147,0.58065856
7271_canada,0.27241525,0.7275848
22885_geowiki-landcover-2017,0.60171044,0.39828956
1663_martinique-france,0.6017299,0.39827007
31622_geowiki-landcover-2017,0.8527976,0.14720236
3610_central-asia,0.2724285,0.7275715
730_ile-de-france,0.42179415,0.5782058
5005_ile-de-france,0.27242294,0.7275771
11072_geowiki-landcover-2017,0.8527982,0.14720175
7249_geowiki-landcover-2017,0.59192276,0.40807724
1091_kenya-non-crop,0.7366658,0.2633342
26527_geowiki-landcover-2017,0.60656095,0.39343905
147_tanzania-ceo,0.5845385,0.4154615
3844_ile-de-france,0.2724158,0.72758424
2594_ile-de-france,0.2724151,0.7275849
4382_geowiki-landcover-2017,0.42179564,0.5782044
8288_geowiki-landcover-2017,0.5919104,0.40808955
1342_central-asia,0.2741715,0.7258285
26655_geowiki-landcover-2017,0.42674917,0.5732508
17840_geowiki-landcover-2017,0.60656136,0.39343858
26526_geowiki-landcover-2017,0.7502368,0.24976319
29849_geowiki-landcover-2017,0.42179567,0.57820433
269_ile-de-france,0.2724158,0.72758424
48_zimbabwe,0.5919102,0.4080898
4990_central-asia,0.2733306,0.7266694
26687_geowiki-landcover-2017,0.4367444,0.56325555
4451_ile-de-france,0.42179367,0.5782063
31931_geowiki-landcover-2017,0.27241528,0.7275847
790_mali-helmets-labelling-crops,0.4238116,0.5761884
818_kenya-non-crop,0.7366657,0.26333427
10044_geowiki-landcover-2017,0.7496935,0.2503065
4936_ile-de-france,0.4367408,0.5632592
1433_mali-helmets-labelling-crops,0.5845258,0.41547424
2414_central-asia,0.2724169,0.72758305
707_ethiopia,0.6017007,0.39829925
21023_geowiki-landcover-2017,0.2724158,0.72758424
34890_geowiki-landcover-2017,0.27241632,0.7275837
3914_canada,0.43674228,0.56325775
6_ile-de-france,0.42177048,0.5782295
19014_geowiki-landcover-2017,0.42674917,0.57325083
14149_geowiki-landcover-2017,0.42674956,0.5732504
501_martinique-france,0.42179498,0.57820505
7122_geowiki-landcover-2017,0.2724219,0.7275781
589_tanzania-ceo,0.7366661,0.26333395
10254_geowiki-landcover-2017,0.75019705,0.24980299
91_central-asia,0.27241856,0.72758144
10436_geowiki-landcover-2017,0.43674174,0.56325823
3654_ile-de-france,0.2724152,0.72758484
2322_geowiki-landcover-2017,0.7366412,0.26335874
465_lem-brazil,0.7361265,0.26387352
1767_kenya-non-crop,0.8527972,0.14720283
31874_geowiki-landcover-2017,0.27241522,0.7275848
1547_germany,0.43675292,0.5632471
5926_canada,0.27241525,0.7275847
187_martinique-france,0.59190965,0.40809035
44_ile-de-france,0.2724178,0.7275822
15208_geowiki-landcover-2017,0.58454096,0.415459
1374_canada,0.27241507,0.7275849
2804_central-asia,0.27241638,0.72758365
2331_tanzania-ceo,0.5919711,0.40802887
30685_geowiki-landcover-2017,0.4214609,0.57853913
2160_tanzania-ceo,0.59191096,0.40808907
374_martinique-france,0.74836576,0.25163424
10808_croplands,0.58453894,0.4154611
1250_ile-de-france,0.27241546,0.72758454
3345_rwanda-ceo,0.5919129,0.4080871
1679_canada,0.27241525,0.7275847
5096_geowiki-landcover-2017,0.6065595,0.39344043
1328_germany,0.27241665,0.72758335
1845_rwanda-ceo,0.75027514,0.24972486
22174_geowiki-landcover-2017,0.43673584,0.56326413
2323_kenya-non-crop,0.41932485,0.5806752
247_sudan,0.58945566,0.41054434
4568_geowiki-landcover-2017,0.5854918,0.4145082
222_reunion-france,0.60146004,0.39853993
2381_ile-de-france,0.2724152,0.7275848
15606_geowiki-landcover-2017,0.41939244,0.5806076
1019_kenya-non-crop,0.7366653,0.26333472
30282_geowiki-landcover-2017,0.2724153,0.72758466
8995_croplands,0.2724156,0.7275844
13728_geowiki-landcover-2017,0.58426636,0.41573364
21373_geowiki-landcover-2017,0.4267488,0.5732512
7313_canada,0.27241516,0.72758484
1443_ile-de-france,0.27241552,0.7275845
524_tanzania-ceo,0.5919109,0.4080891
1511_rwanda-ceo,0.5919128,0.40808722
3980_central-asia,0.5845139,0.4154861
1140_canada,0.27241513,0.72758484
28931_geowiki-landcover-2017,0.58453894,0.4154611
32634_geowiki-landcover-2017,0.42179352,0.5782065
10415_geowiki-landcover-2017,0.43674114,0.5632588
1094_mali-helmets-labelling-crops,0.43132588,0.5686741
4514_geowiki-landcover-2017,0.27241504,0.72758496
26003_geowiki-landcover-2017,0.5845393,0.4154607
22204_geowiki-landcover-2017,0.60655403,0.393446
2107_reunion-france,0.59191835,0.40808165
11080_geowiki-landcover-2017,0.59191036,0.4080896
3615_geowiki-landcover-2017,0.5845381,0.41546187
27827_geowiki-landcover-2017,0.4367416,0.56325847
5621_ile-de-france,0.2724154,0.7275846
2266_kenya-non-crop,0.58945835,0.41054162
2471_central-asia,0.27241698,0.727583
14040_geowiki-landcover-2017,0.6065673,0.3934327
1381_kenya-non-crop,0.736686,0.26331407
799_togo,0.58453727,0.41546273
2055_kenya-non-crop,0.5845466,0.4154533
513_ethiopia,0.852798,0.14720203
6809_croplands,0.59190303,0.40809697
377_reunion-france,0.5919105,0.40808952
15893_geowiki-landcover-2017,0.42179587,0.5782041
966_kenya-non-crop,0.8527972,0.14720283
2524_reunion-france,0.6065611,0.39343885
543_reunion-france,0.7502365,0.24976349
1805_central-asia,0.27284116,0.7271588
15496_geowiki-landcover-2017,0.27241516,0.72758484
27930_geowiki-landcover-2017,0.4217958,0.5782043
23403_geowiki-landcover-2017,0.606561,0.393439
112_croplands,0.4216365,0.5783635
6502_canada,0.27241537,0.72758466
10608_croplands,0.42700928,0.5729907
24864_geowiki-landcover-2017,0.7366648,0.26333523
19718_geowiki-landcover-2017,0.7503685,0.24963146
16106_geowiki-landcover-2017,0.8527974,0.14720267
1876_central-asia,0.2728413,0.72715867
658_martinique-france,0.7458172,0.25418282
8397_geowiki-landcover-2017,0.6065611,0.39343885
1359_kenya-non-crop,0.7366653,0.26333466
18792_geowiki-landcover-2017,0.27241704,0.72758293
32304_geowiki-landcover-2017,0.27241525,0.7275848
17227_geowiki-landcover-2017,0.5918621,0.40813792
22323_geowiki-landcover-2017,0.43674287,0.5632571
1390_tanzania-ceo,0.59191406,0.408086
9382_croplands,0.42179632,0.5782037
476_central-asia,0.27241725,0.72758275
570_martinique-france,0.60672855,0.39327142
2290_ile-de-france,0.27241543,0.7275846
709_rwanda-ceo,0.7502368,0.24976319
982_croplands,0.2725172,0.72748274
6300_geowiki-landcover-2017,0.42179587,0.57820415
12648_geowiki-landcover-2017,0.7366654,0.26333457
801_ethiopia,0.5992766,0.4007234
3334_central-asia,0.41927117,0.5807288
709_central-asia,0.27241743,0.7275826
633_lem-brazil,0.5845434,0.41545656
25942_geowiki-landcover-2017,0.42179593,0.5782041
2258_central-asia,0.27241722,0.72758275
163_rwanda-ceo,0.5919204,0.4080796
114_geowiki-landcover-2017,0.75024164,0.2497583
619_geowiki-landcover-2017,0.7502339,0.24976608
30328_geowiki-landcover-2017,0.584533,0.415467
905_kenya-non-crop,0.7366662,0.26333386
27868_geowiki-landcover-2017,0.6017117,0.39828837
547_mali-helmets-labelling-crops,0.5845392,0.41546085
5065_ile-de-france,0.2724151,0.72758484
22129_geowiki-landcover-2017,0.6016905,0.39830953
33113_geowiki-landcover-2017,0.5894451,0.41055486
1080_rwanda-ceo,0.7502372,0.24976279
1379_central-asia,0.2746327,0.72536737
2905_geowiki-landcover-2017,0.58453166,0.4154683
1240_central-asia,0.27463296,0.72536707
8307_geowiki-landcover-2017,0.42218077,0.5778192
1721_martinique-france,0.60171103,0.39828897
4799_geowiki-landcover-2017,0.5919109,0.4080891
30140_geowiki-landcover-2017,0.27241516,0.72758484
11727_geowiki-landcover-2017,0.42179555,0.57820445
22661_geowiki-landcover-2017,0.58458537,0.4154147
3892_ile-de-france,0.2724155,0.72758454
986_mali-helmets-labelling-crops,0.42381212,0.5761879
3_reunion-france,0.41991332,0.5800867
5388_geowiki-landcover-2017,0.42674896,0.573251
20094_geowiki-landcover-2017,0.5919472,0.40805283
2158_kenya-non-crop,0.8527944,0.14720555
2507_ile-de-france,0.27241534,0.72758466
830_kenya-non-crop,0.7366653,0.26333472
426_rwanda-ceo,0.58945566,0.41054437
28964_geowiki-landcover-2017,0.5845387,0.4154613
15851_geowiki-landcover-2017,0.42674938,0.57325065
15616_geowiki-landcover-2017,0.7444888,0.25551116
328_kenya-non-crop,0.8527981,0.14720194
21252_geowiki-landcover-2017,0.42179635,0.5782037
32997_geowiki-landcover-2017,0.59927684,0.40072313
2109_martinique-france,0.5845374,0.41546264
33205_geowiki-landcover-2017,0.27241525,0.7275848
3738_croplands,0.5919079,0.40809202
1614_kenya-non-crop,0.82474494,0.17525502
2510_central-asia,0.2724169,0.72758305
34759_geowiki-landcover-2017,0.27241522,0.7275848
1012_togo,0.5845393,0.41546074
2664_kenya-non-crop,0.5894555,0.4105445
12548_geowiki-landcover-2017,0.60656065,0.39343935
4743_central-asia,0.27247396,0.727526
225_uganda,0.5919106,0.40808943
5035_central-asia,0.4192713,0.5807287
5033_geowiki-landcover-2017,0.6065605,0.39343953
2486_germany,0.27241623,0.72758377
10_mali-helmets-labelling-crops,0.5845385,0.41546154
31335_geowiki-landcover-2017,0.2724369,0.72756314
5488_ile-de-france,0.27241585,0.7275841
5728_canada,0.2724151,0.7275849
2629_central-asia,0.27244467,0.72755533
2897_canada,0.27254245,0.7274576
5383_geowiki-landcover-2017,0.41932335,0.5806766
199_kenya,0.73666614,0.2633339
1407_ile-de-france,0.27241525,0.7275847
19168_geowiki-landcover-2017,0.42674917,0.5732508
731_ethiopia,0.73666614,0.2633339
2838_geowiki-landcover-2017,0.41933465,0.58066535
4646_central-asia,0.27241597,0.72758406
2143_croplands,0.4217963,0.5782037
3863_ile-de-france,0.27241585,0.7275841
1187_mali-helmets-labelling-crops,0.42181075,0.57818925
6790_croplands,0.5919075,0.40809253
4208_ile-de-france,0.42179286,0.57820714
2489_ile-de-france,0.27241716,0.7275828
4535_central-asia,0.42179647,0.5782035
2739_canada,0.27241516,0.72758484
24378_geowiki-landcover-2017,0.6065608,0.3934391
1562_ile-de-france,0.43674156,0.56325847
2520_rwanda-ceo,0.59191126,0.40808877
234_kenya,0.7370948,0.26290512
25_uganda,0.73666203,0.26333794
8022_geowiki-landcover-2017,0.5845397,0.4154603
529_tanzania-rice-ecaas,0.5846401,0.4153599
1224_geowiki-landcover-2017,0.4193292,0.58067083
2050_martinique-france,0.60171366,0.39828634
4338_canada,0.27241546,0.72758454
13540_geowiki-landcover-2017,0.7483294,0.25167063
469_kenya-non-crop,0.59191084,0.4080892
156_ethiopia,0.85279745,0.1472025
1034_tanzania-ceo,0.7443061,0.2556939
2272_tanzania-ceo,0.59190226,0.4080977
849_germany,0.27241576,0.7275843
1974_tanzania-ceo,0.7366659,0.26333407
3713_ile-de-france,0.2724151,0.72758484
34769_geowiki-landcover-2017,0.27241513,0.72758484
1971_central-asia,0.42186823,0.5781318
200_tanzania-rice-ecaas,0.7366624,0.26333764
12782_geowiki-landcover-2017,0.74449086,0.25550914
2309_ile-de-france,0.2724152,0.72758484
16227_geowiki-landcover-2017,0.7502374,0.24976255
800_rwanda-ceo,0.7502372,0.24976282
30395_geowiki-landcover-2017,0.27241504,0.72758496
1761_rwanda-ceo,0.75000423,0.2499958
30341_geowiki-landcover-2017,0.7444865,0.25551352
3457_geowiki-landcover-2017,0.5845416,0.41545838
2130_rwanda-ceo,0.59191096,0.408089
4779_canada,0.27241626,0.7275837
26635_geowiki-landcover-2017,0.5918075,0.4081925
1990_reunion-france,0.59191,0.40808994
1054_tanzania-ceo,0.85278773,0.14721224
6088_ile-de-france,0.4217946,0.57820535
564_martinique-france,0.74446553,0.2555344
11320_geowiki-landcover-2017,0.744491,0.25550902
2547_germany,0.42179662,0.5782034
6125_geowiki-landcover-2017,0.744489,0.25551102
2468_germany,0.4217956,0.5782044
203_uganda,0.5919179,0.40808216
30023_geowiki-landcover-2017,0.42179874,0.57820123
569_ethiopia,0.736666,0.26333398
33607_geowiki-landcover-2017,0.42675048,0.5732495
1195_martinique-france,0.7483258,0.25167415
28035_geowiki-landcover-2017,0.42179668,0.5782034
26011_geowiki-landcover-2017,0.5845395,0.41546056
15581_geowiki-landcover-2017,0.60656106,0.39343894
2277_germany,0.42179564,0.5782044
27995_geowiki-landcover-2017,0.4218095,0.57819057
1152_geowiki-landcover-2017,0.8527942,0.14720583
24072_geowiki-landcover-2017,0.7445411,0.25545886
6692_croplands,0.7502344,0.24976559
108_canada,0.2724155,0.7275845
20331_geowiki-landcover-2017,0.27241534,0.72758466
1673_ile-de-france,0.27241546,0.72758454
2933_canada,0.27241516,0.72758484
4088_canada,0.27241528,0.7275847
22055_geowiki-landcover-2017,0.6065612,0.39343885
766_mali-helmets-labelling-crops,0.4218121,0.5781879
92_kenya-non-crop,0.85277855,0.14722146
1942_central-asia,0.27247638,0.7275236
726_canada,0.27241516,0.72758484
2253_martinique-france,0.75022477,0.24977529
809_germany,0.43674204,0.56325793
771_mali-helmets-labelling-crops,0.42381185,0.57618815
1760_geowiki-landcover-2017,0.73666424,0.2633358
1615_canada,0.42179593,0.5782041
21402_geowiki-landcover-2017,0.6017106,0.3982894
353_ile-de-france,0.42169344,0.57830656
4304_ile-de-france,0.4217948,0.5782052
135_uganda,0.73660064,0.26339933
1435_canada,0.43674183,0.5632582
6382_canada,0.27241528,0.7275847
32552_geowiki-landcover-2017,0.2724153,0.72758466
4059_canada,0.27241534,0.72758466
731_reunion-france,0.5919104,0.40808955
1596_canada,0.2724152,0.7275848
5448_ile-de-france,0.27241534,0.72758466
1592_canada,0.2724153,0.72758466
2796_rwanda-ceo,0.7502352,0.24976479
877_martinique-france,0.6017104,0.39828965
12296_geowiki-landcover-2017,0.27241588,0.7275841
588_croplands,0.27241504,0.72758496
4690_canada,0.42179587,0.57820415
365_rwanda-ceo,0.8527936,0.1472064
5339_canada,0.27241516,0.72758484
28686_geowiki-landcover-2017,0.2724152,0.7275848
184_kenya,0.85279495,0.14720501
18714_geowiki-landcover-2017,0.42179602,0.578204
30092_geowiki-landcover-2017,0.27241522,0.7275848
3533_ile-de-france,0.2724152,0.72758484
5776_ile-de-france,0.27241543,0.7275846
1657_germany,0.2724173,0.7275827
16096_geowiki-landcover-2017,0.4367466,0.5632534
19263_geowiki-landcover-2017,0.4217864,0.5782136
7863_geowiki-landcover-2017,0.43674138,0.5632586
2128_kenya-non-crop,0.85279834,0.1472017
18127_geowiki-landcover-2017,0.5844334,0.41556665
3729_ile-de-france,0.2724204,0.72757953
3438_rwanda-ceo,0.591938,0.40806195
3724_canada,0.2724151,0.72758484
6413_canada,0.42179576,0.5782043
4938_ile-de-france,0.27241525,0.7275847
6946_geowiki-landcover-2017,0.43674156,0.56325847
1916_canada,0.4367416,0.5632584
288_germany,0.27241597,0.727584
1701_rwanda-ceo,0.8527981,0.14720197
25824_geowiki-landcover-2017,0.43674085,0.5632592
1199_togo,0.5845407,0.41545925
1065_kenya-non-crop,0.73666453,0.2633355
3819_geowiki-landcover-2017,0.744491,0.25550902
1608_central-asia,0.27246422,0.7275357
7180_geowiki-landcover-2017,0.2724152,0.72758484
34167_geowiki-landcover-2017,0.7444839,0.25551608
7245_canada,0.2724151,0.7275849
2489_rwanda-ceo,0.8527979,0.14720213
9538_geowiki-landcover-2017,0.43673962,0.5632603
828_lem-brazil,0.74449426,0.2555057
4985_canada,0.2724152,0.7275848
3997_ile-de-france,0.2724153,0.72758466
30392_geowiki-landcover-2017,0.2724155,0.7275845
31072_geowiki-landcover-2017,0.42179772,0.5782023
1748_germany,0.27241546,0.72758454
5_mali,0.58453834,0.41546163
844_croplands,0.5843817,0.4156183
1636_croplands,0.59190786,0.40809214
560_mali-helmets-labelling-crops,0.58453864,0.41546136
2428_kenya-non-crop,0.5845395,0.4154605
1713_central-asia,0.27261212,0.7273879
3219_canada,0.27242276,0.72757727
11570_croplands,0.74448997,0.25551003
6874_canada,0.2724172,0.7275828
1709_central-asia,0.27261266,0.7273873
1758_canada,0.27241525,0.7275847
14431_geowiki-landcover-2017,0.4367422,0.5632578
16157_geowiki-landcover-2017,0.58453315,0.4154669
23164_geowiki-landcover-2017,0.27241609,0.7275839
3077_canada,0.43674183,0.5632581
3216_geowiki-landcover-2017,0.421798,0.578202
1228_central-asia,0.4186085,0.5813915
653_germany,0.6013709,0.3986291
1811_rwanda-ceo,0.7366612,0.26333877
7760_canada,0.2724173,0.7275827
1026_ile-de-france,0.27241534,0.72758466
3351_ile-de-france,0.2724156,0.7275844
233_croplands,0.27241576,0.72758424
3684_geowiki-landcover-2017,0.41932157,0.5806784
11622_croplands,0.5845386,0.4154614
2112_rwanda-ceo,0.85279757,0.1472024
96_germany,0.4217938,0.5782062
2996_rwanda-ceo,0.7366658,0.2633342
1577_ile-de-france,0.27241674,0.7275833
9186_croplands,0.6017104,0.39828962
3909_ile-de-france,0.27241525,0.7275848
22294_geowiki-landcover-2017,0.2724161,0.7275839
1527_croplands,0.4267529,0.5732471
13763_croplands,0.2724219,0.7275781
2111_ile-de-france,0.2724172,0.7275828
14073_geowiki-landcover-2017,0.42674902,0.573251
3535_rwanda-ceo,0.750237,0.249763
8722_geowiki-landcover-2017,0.5919273,0.40807268
1338_rwanda-ceo,0.85279524,0.14720477
443_lem-brazil,0.5919037,0.40809628
513_rwanda-ceo,0.42676243,0.57323754
2339_martinique-france,0.7444879,0.25551218
11545_croplands,0.4217954,0.5782046
2632_central-asia,0.2724174,0.7275826
20421_geowiki-landcover-2017,0.2724193,0.72758067
6183_geowiki-landcover-2017,0.43674153,0.56325847
32049_geowiki-landcover-2017,0.27241513,0.72758484
31089_geowiki-landcover-2017,0.4217962,0.57820386
19456_geowiki-landcover-2017,0.6017106,0.39828932
6248_canada,0.2724153,0.7275847
25221_geowiki-landcover-2017,0.73669076,0.26330918
3526_geowiki-landcover-2017,0.4217961,0.57820386
367_germany,0.27241552,0.7275845
18067_geowiki-landcover-2017,0.42674902,0.57325095
666_togo,0.5845381,0.4154619
3655_central-asia,0.2724375,0.7275625
130_mali-non-crop,0.6017111,0.39828894
5239_geowiki-landcover-2017,0.6065605,0.39343953
1567_germany,0.27241528,0.7275847
10157_croplands,0.59191,0.40808997
4065_central-asia,0.58438104,0.41561896
4503_central-asia,0.42180064,0.5781993
550_croplands,0.5845385,0.41546154
1087_kenya-non-crop,0.7366659,0.26333404
22665_geowiki-landcover-2017,0.42179644,0.5782036
23691_geowiki-landcover-2017,0.85279816,0.14720185
133_lem-brazil,0.5845435,0.4154564
2056_martinique-france,0.5845323,0.41546765
2834_ile-de-france,0.4217887,0.5782113
34868_geowiki-landcover-2017,0.27249646,0.7275036
468_mali-helmets-labelling-crops,0.58453953,0.41546047
25944_geowiki-landcover-2017,0.4193222,0.58067775
1517_geowiki-landcover-2017,0.7502366,0.2497634
20_tanzania,0.7366651,0.26333487
16237_geowiki-landcover-2017,0.58452284,0.41547713
17973_geowiki-landcover-2017,0.5845194,0.4154806
2861_canada,0.7444845,0.25551552
385_rwanda-ceo,0.59191537,0.40808463
3515_central-asia,0.41918123,0.5808187
232_lem-brazil,0.6017159,0.39828408
5606_geowiki-landcover-2017,0.2725273,0.72747266
5729_ile-de-france,0.27241516,0.72758484
679_kenya-non-crop,0.7366654,0.26333457
13599_geowiki-landcover-2017,0.5917201,0.40827984
12471_croplands,0.27242398,0.727576
4902_canada,0.2724152,0.7275848
34445_geowiki-landcover-2017,0.7366651,0.2633348
4101_canada,0.27241513,0.72758484
33541_geowiki-landcover-2017,0.42674002,0.57326
2788_ile-de-france,0.27241525,0.7275848
3875_canada,0.2724153,0.7275847
66_ethiopia,0.7366668,0.26333323
3455_geowiki-landcover-2017,0.4193214,0.58067864
13346_geowiki-landcover-2017,0.59189147,0.40810853
797_kenya-non-crop,0.73666567,0.26333436
86_geowiki-landcover-2017,0.59191,0.40809003
4005_geowiki-landcover-2017,0.42179585,0.57820415
1657_martinique-france,0.5992903,0.4007097
2090_croplands,0.27241653,0.72758347
191_tanzania-rice-ecaas,0.73666495,0.26333505
1110_kenya-non-crop,0.7483394,0.2516606
10354_geowiki-landcover-2017,0.42674956,0.5732504
2734_reunion-france,0.75023675,0.24976322
333_togo,0.74449015,0.25550982
2805_geowiki-landcover-2017,0.74449027,0.25550973
9506_croplands,0.4267238,0.57327616
4403_canada,0.42108297,0.578917
7499_canada,0.27242544,0.7275746
791_germany,0.4217958,0.5782042
1837_geowiki-landcover-2017,0.7441221,0.25587794
22622_geowiki-landcover-2017,0.58452475,0.41547522
536_ile-de-france,0.27241525,0.7275848
955_mali-helmets-labelling-crops,0.42181182,0.5781881
2198_reunion-france,0.7502365,0.24976349
20801_geowiki-landcover-2017,0.73661214,0.26338786
1084_rwanda-ceo,0.75023705,0.24976295
7967_geowiki-landcover-2017,0.60171086,0.39828914
4720_croplands,0.42179212,0.57820785
29260_geowiki-landcover-2017,0.27241528,0.7275847
1924_kenya-non-crop,0.5845359,0.41546413
243_reunion-france,0.42179602,0.578204
26360_geowiki-landcover-2017,0.58455694,0.41544303
6766_croplands,0.59190583,0.4080941
676_togo,0.5845379,0.41546205
1701_geowiki-landcover-2017,0.5919274,0.40807256
1044_ile-de-france,0.27241528,0.7275847
3680_ile-de-france,0.43671927,0.56328076
12147_geowiki-landcover-2017,0.27241534,0.72758466
771_ile-de-france,0.43623006,0.56376994
18612_geowiki-landcover-2017,0.601702,0.39829805
1590_reunion-france,0.42180592,0.578194
621_geowiki-landcover-2017,0.5919139,0.40808615
1316_tanzania-ceo,0.7444915,0.25550848
4700_croplands,0.4217966,0.5782034
407_tanzania-ceo,0.8527678,0.14723222
1960_geowiki-landcover-2017,0.5918995,0.40810046
777_ile-de-france,0.27267078,0.72732925
29281_geowiki-landcover-2017,0.27241525,0.7275848
809_mali-helmets-labelling-crops,0.4218004,0.5781996
1421_kenya-non-crop,0.59191066,0.40808934
1045_martinique-france,0.59927756,0.40072244
1984_rwanda-ceo,0.85279727,0.14720267
29897_geowiki-landcover-2017,0.5845395,0.41546056
1563_canada,0.2724152,0.7275848
176_uganda,0.5919126,0.40808743
6081_geowiki-landcover-2017,0.59191024,0.4080897
98_sudan,0.58453935,0.41546065
22050_geowiki-landcover-2017,0.4267513,0.5732487
1717_ile-de-france,0.2724152,0.7275848
4855_croplands,0.59168935,0.40831062
474_martinique-france,0.42179668,0.5782034
3111_rwanda-ceo,0.7502362,0.24976379
18145_geowiki-landcover-2017,0.7366654,0.26333457
1629_canada,0.4217974,0.57820255
4767_ile-de-france,0.2724151,0.7275849
2770_reunion-france,0.6065634,0.3934366
4741_central-asia,0.27247408,0.7275259
17879_geowiki-landcover-2017,0.27248058,0.7275194
24310_geowiki-landcover-2017,0.43674183,0.5632581
5136_central-asia,0.27241597,0.727584
2125_kenya-non-crop,0.8527982,0.14720172
779_germany,0.4217934,0.5782066
4894_central-asia,0.2724462,0.7275538
1551_tanzania-ceo,0.7444972,0.2555028
3107_rwanda-ceo,0.73666584,0.2633341
35206_geowiki-landcover-2017,0.27241585,0.7275841
375_mali-helmets-labelling-crops,0.5845393,0.41546074
1763_ile-de-france,0.27241525,0.7275848
11771_geowiki-landcover-2017,0.5845392,0.41546082
2691_central-asia,0.27241835,0.7275817
10662_croplands,0.5919005,0.4080995
1359_rwanda-ceo,0.59193534,0.40806466
1888_rwanda-ceo,0.59191215,0.40808785
3007_rwanda-ceo,0.75023717,0.24976282
1287_ile-de-france,0.27242807,0.7275719
10247_croplands,0.59190553,0.40809444
2941_canada,0.27241525,0.7275848
2541_canada,0.27241546,0.72758454
4247_canada,0.2724155,0.7275845
2218_ile-de-france,0.27241525,0.7275847
546_ile-de-france,0.2724161,0.7275839
3588_ile-de-france,0.27241525,0.7275848
851_canada,0.27241528,0.7275847
522_ile-de-france,0.2724153,0.72758466
1523_rwanda-ceo,0.8527982,0.14720172
640_geowiki-landcover-2017,0.5918734,0.40812653
26486_geowiki-landcover-2017,0.27241537,0.7275846
6646_geowiki-landcover-2017,0.42181006,0.5781899
6958_canada,0.43674144,0.5632586
2286_ile-de-france,0.2724152,0.7275848
2656_rwanda-ceo,0.7502037,0.24979627
424_ethiopia,0.7483293,0.2516707
2479_germany,0.43673933,0.5632606
6418_geowiki-landcover-2017,0.27241573,0.7275843
2649_geowiki-landcover-2017,0.7449789,0.25502104
2334_reunion-france,0.60170525,0.39829472
241_croplands,0.43674108,0.5632589
34357_geowiki-landcover-2017,0.42179602,0.578204
1696_canada,0.27241516,0.72758484
5863_canada,0.27253667,0.7274633
4897_croplands,0.75023574,0.2497642
1939_reunion-france,0.5919105,0.40808952
2270_kenya-non-crop,0.58454216,0.4154578
30422_geowiki-landcover-2017,0.6017099,0.3982901
35050_geowiki-landcover-2017,0.4217956,0.5782044
767_martinique-france,0.6017063,0.3982937
750_reunion-france,0.75023556,0.24976443
14935_geowiki-landcover-2017,0.73666656,0.2633334
36_mali,0.58453727,0.41546273
3932_geowiki-landcover-2017,0.59190553,0.40809447
836_togo,0.75022477,0.24977529
1001_mali-helmets-labelling-crops,0.42380908,0.5761909
1568_rwanda-ceo,0.73666567,0.2633343
2931_ile-de-france,0.2724153,0.72758466
512_tanzania-ceo,0.7366656,0.26333442
2222_geowiki-landcover-2017,0.85271215,0.14728782
29103_geowiki-landcover-2017,0.60171425,0.39828575
35306_geowiki-landcover-2017,0.42179555,0.57820445
364_croplands,0.27241516,0.72758484
200_germany,0.42179573,0.5782043
4226_geowiki-landcover-2017,0.42674965,0.57325035
1407_reunion-france,0.59190875,0.40809128
32398_geowiki-landcover-2017,0.7502353,0.24976468
7729_canada,0.2724152,0.72758484
9440_geowiki-landcover-2017,0.58945864,0.41054133
927_reunion-france,0.5919081,0.40809187
304_sudan,0.5919104,0.40808955
4202_central-asia,0.2724166,0.7275834
31_kenya-non-crop,0.7366659,0.26333407
12775_geowiki-landcover-2017,0.6017807,0.39821932
1509_ile-de-france,0.42179283,0.5782072
31894_geowiki-landcover-2017,0.27241516,0.72758484
5272_geowiki-landcover-2017,0.5919096,0.40809035
211_kenya,0.73667294,0.26332706
1510_croplands,0.42179206,0.5782079
3518_central-asia,0.58433706,0.415663
32396_geowiki-landcover-2017,0.2724155,0.7275845
2520_germany,0.2724153,0.7275847
12626_croplands,0.41937026,0.5806297
9929_geowiki-landcover-2017,0.7444932,0.25550684
712_geowiki-landcover-2017,0.59191054,0.40808943
33400_geowiki-landcover-2017,0.42179587,0.57820415
591_reunion-france,0.5919175,0.40808243
4317_ile-de-france,0.27244183,0.72755814
13020_geowiki-landcover-2017,0.74449104,0.25550896
2252_canada,0.2724156,0.72758436
31313_geowiki-landcover-2017,0.5845389,0.41546112
4999_ile-de-france,0.42178455,0.5782154
20158_geowiki-landcover-2017,0.42674825,0.5732518
18222_geowiki-landcover-2017,0.58453965,0.41546035
19358_geowiki-landcover-2017,0.58358306,0.41641694
4057_ile-de-france,0.42179435,0.5782056
681_reunion-france,0.5919104,0.40808952
483_central-asia,0.27243438,0.72756565
26666_geowiki-landcover-2017,0.606561,0.39343897
10155_croplands,0.5919069,0.4080931
2137_rwanda-ceo,0.7366648,0.26333523
521_central-asia,0.2724156,0.72758436
920_martinique-france,0.6017112,0.39828873
403_togo,0.5845379,0.4154621
1919_ile-de-france,0.2724152,0.7275848
10046_croplands,0.59190995,0.40809008
521_reunion-france,0.42179856,0.5782015
3542_rwanda-ceo,0.7366455,0.26335445
12040_geowiki-landcover-2017,0.2724165,0.72758347
4300_central-asia,0.27241647,0.7275835
410_kenya-non-crop,0.7366661,0.26333395
2313_geowiki-landcover-2017,0.7366659,0.26333404
27483_geowiki-landcover-2017,0.5992732,0.40072682
34003_geowiki-landcover-2017,0.27241558,0.7275844
8876_geowiki-landcover-2017,0.4367396,0.56326044
1808_canada,0.27241513,0.72758484
27472_geowiki-landcover-2017,0.7444868,0.2555132
29508_geowiki-landcover-2017,0.58453906,0.41546097
3205_rwanda-ceo,0.85279834,0.1472017
11795_geowiki-landcover-2017,0.74448746,0.2555125
22894_geowiki-landcover-2017,0.8527646,0.1472354
11490_geowiki-landcover-2017,0.7444288,0.25557122
4263_canada,0.27241594,0.72758406
1772_tanzania-ceo,0.4217965,0.5782035
16825_geowiki-landcover-2017,0.5895654,0.41043463
7774_canada,0.41931617,0.5806839
15611_geowiki-landcover-2017,0.7502364,0.24976353
398_ile-de-france,0.27241617,0.7275838
14039_geowiki-landcover-2017,0.27241567,0.72758436
7921_canada,0.27242082,0.7275792
214_togo,0.4217955,0.5782045
1753_geowiki-landcover-2017,0.74448997,0.25551003
32313_geowiki-landcover-2017,0.42179602,0.578204
2780_geowiki-landcover-2017,0.4217965,0.5782035
101_central-asia,0.2724162,0.7275838
821_central-asia,0.2724169,0.72758305
1249_geowiki-landcover-2017,0.7366663,0.2633337
6765_geowiki-landcover-2017,0.43674213,0.56325793
1263_togo,0.58452797,0.41547206
4138_croplands,0.5845383,0.41546172
28711_geowiki-landcover-2017,0.5919108,0.40808925
54_germany,0.27246323,0.72753674
1791_central-asia,0.2728411,0.72715884
493_kenya-non-crop,0.7366657,0.26333427
704_ile-de-france,0.2724156,0.72758436
891_tanzania-ceo,0.7366659,0.26333407
3678_central-asia,0.27251002,0.72749
7144_canada,0.2724152,0.72758484
3461_ile-de-france,0.2724156,0.72758436
539_geowiki-landcover-2017,0.7366608,0.2633392
16656_geowiki-landcover-2017,0.74449056,0.2555094
10494_croplands,0.5919038,0.4080962
311_tanzania-rice-ecaas,0.736666,0.26333398
1826_tanzania-ceo,0.5919124,0.4080876
1618_martinique-france,0.5919309,0.40806904
27641_geowiki-landcover-2017,0.43674168,0.56325835
29_mali-non-crop,0.42181006,0.5781899
5305_geowiki-landcover-2017,0.27241638,0.72758365
333_germany,0.27241537,0.72758466
1450_tanzania-ceo,0.73635715,0.26364285
29375_geowiki-landcover-2017,0.27241516,0.72758484
5160_canada,0.27241525,0.7275847
3653_central-asia,0.2724393,0.7275607
9394_croplands,0.4217967,0.57820326
3363_rwanda-ceo,0.7505386,0.24946138
694_tanzania-rice-ecaas,0.5846505,0.4153495
1476_canada,0.43673888,0.56326115
160_canada,0.27241758,0.72758245
631_ethiopia,0.85279685,0.1472031
5375_ile-de-france,0.42177787,0.5782221
1864_ile-de-france,0.27241567,0.72758436
28291_geowiki-landcover-2017,0.6017114,0.39828864
21922_geowiki-landcover-2017,0.7444983,0.2555017
20748_geowiki-landcover-2017,0.42179564,0.57820433
1991_kenya-non-crop,0.58453953,0.4154604
3467_ile-de-france,0.27241516,0.72758484
2115_kenya-non-crop,0.8527982,0.14720172
264_tanzania,0.7366659,0.26333407
701_germany,0.2724157,0.72758436
1787_canada,0.43673927,0.56326073
30823_geowiki-landcover-2017,0.27241537,0.72758466
1551_canada,0.27241918,0.7275808
5779_geowiki-landcover-2017,0.43675187,0.5632481
337_rwanda-ceo,0.7366659,0.26333407
152_sudan,0.7364001,0.26359987
161_rwanda-ceo,0.8527982,0.14720172
875_croplands,0.5845388,0.4154612
4744_central-asia,0.27247405,0.72752595
970_rwanda-ceo,0.85279816,0.14720182
681_croplands,0.6038825,0.39611754
269_central-asia,0.27241716,0.7275828
921_rwanda-ceo,0.73666567,0.2633343
8199_geowiki-landcover-2017,0.27241504,0.72758496
1936_canada,0.2724155,0.7275845
15891_geowiki-landcover-2017,0.58454007,0.4154599
1104_kenya-non-crop,0.7483279,0.25167212
23259_geowiki-landcover-2017,0.2724155,0.7275845
397_kenya-non-crop,0.7366659,0.26333407
2021_ile-de-france,0.4217882,0.57821184
6201_canada,0.2724152,0.7275848
608_togo,0.5845392,0.41546082
1650_rwanda-ceo,0.7366653,0.26333466
26825_geowiki-landcover-2017,0.2724316,0.7275684
6627_canada,0.27241617,0.7275838
11053_croplands,0.5918948,0.40810522
33885_geowiki-landcover-2017,0.421796,0.578204
4907_geowiki-landcover-2017,0.75023717,0.24976282
5576_canada,0.2724155,0.72758454
564_tanzania-rice-ecaas,0.7365864,0.26341364
1815_martinique-france,0.7444869,0.25551307
20477_geowiki-landcover-2017,0.75023717,0.24976282
11842_geowiki-landcover-2017,0.584539,0.41546103
1326_ile-de-france,0.2724214,0.72757864
476_ethiopia,0.73665965,0.26334035
977_canada,0.2724151,0.72758484
1657_central-asia,0.272464,0.727536
28144_geowiki-landcover-2017,0.59190965,0.40809035
521_togo,0.42179444,0.5782056
31516_geowiki-landcover-2017,0.7366584,0.2633416
1019_mali-helmets-labelling-crops,0.42180732,0.5781927
18423_geowiki-landcover-2017,0.8527877,0.14721236
25742_geowiki-landcover-2017,0.7444901,0.2555099
307_canada,0.2724153,0.72758466
880_reunion-france,0.7502364,0.24976358
13631_geowiki-landcover-2017,0.58454025,0.41545975
5087_canada,0.27241558,0.7275844
2466_germany,0.42179647,0.5782035
28715_geowiki-landcover-2017,0.27241546,0.72758454
114_mali,0.584539,0.415461
16918_geowiki-landcover-2017,0.7501556,0.2498444
147_tanzania-rice-ecaas,0.73666394,0.2633361
10884_croplands,0.41932172,0.5806782
4099_canada,0.4217762,0.57822376
35227_geowiki-landcover-2017,0.42179555,0.5782045
6102_ile-de-france,0.2724157,0.7275843
4307_geowiki-landcover-2017,0.43673757,0.56326246
31732_geowiki-landcover-2017,0.27241516,0.72758484
6539_canada,0.27241606,0.72758394
1963_central-asia,0.27257574,0.72742426
32790_geowiki-landcover-2017,0.5918083,0.40819168
10724_croplands,0.5919084,0.4080916
6296_geowiki-landcover-2017,0.2724155,0.7275845
1513_germany,0.42178226,0.57821774
1523_ile-de-france,0.27241525,0.7275847
31829_geowiki-landcover-2017,0.27241516,0.72758484
2694_canada,0.42179492,0.57820505
580_togo,0.42179593,0.5782041
5675_canada,0.2724151,0.72758484
742_mali-helmets-labelling-crops,0.4193248,0.5806752
35149_geowiki-landcover-2017,0.2724152,0.72758484
220_croplands,0.2724152,0.7275848
714_croplands,0.58462477,0.41537517
34222_geowiki-landcover-2017,0.42179587,0.5782041
23469_geowiki-landcover-2017,0.27241886,0.7275812
17186_geowiki-landcover-2017,0.7428966,0.25710338
13760_geowiki-landcover-2017,0.42126924,0.57873076
2129_canada,0.27241516,0.72758484
270_lem-brazil,0.42185447,0.5781455
28876_geowiki-landcover-2017,0.27241507,0.7275849
6517_canada,0.2724301,0.72756994
7467_geowiki-landcover-2017,0.74432576,0.25567418
1583_germany,0.42179587,0.5782041
1985_canada,0.2724152,0.7275848
2591_croplands,0.42179623,0.57820374
279_kenya-non-crop,0.73666584,0.2633341
81_central-asia,0.27241623,0.72758377
3124_croplands,0.42680073,0.5731992
18646_geowiki-landcover-2017,0.742767,0.257233
4330_central-asia,0.27241558,0.7275845
25049_geowiki-landcover-2017,0.58448386,0.4155161
4887_central-asia,0.2724458,0.7275542
2108_central-asia,0.27241802,0.727582
3845_geowiki-landcover-2017,0.42674923,0.5732508
5718_ile-de-france,0.27241543,0.7275846
345_sudan,0.584537,0.415463
14746_croplands,0.5845508,0.4154492
587_togo,0.5845361,0.4154639
154_central-asia,0.2724158,0.72758424
30919_geowiki-landcover-2017,0.2724151,0.7275849
12291_geowiki-landcover-2017,0.27241552,0.7275845
3974_ile-de-france,0.4217792,0.57822084
3431_geowiki-landcover-2017,0.5369629,0.463037
24181_geowiki-landcover-2017,0.7444905,0.25550947
22423_geowiki-landcover-2017,0.4217956,0.5782044
972_reunion-france,0.5845215,0.41547856
489_reunion-france,0.27241865,0.7275813
21209_geowiki-landcover-2017,0.42675066,0.57324934
297_rwanda-ceo,0.7500244,0.24997559
82_mali-non-crop,0.43689287,0.56310713
3124_ile-de-france,0.4217265,0.57827353
6710_canada,0.27241534,0.72758466
748_central-asia,0.27242294,0.72757703
34203_geowiki-landcover-2017,0.6017048,0.39829522
2110_croplands,0.42178968,0.5782103
1261_ile-de-france,0.27241573,0.72758424
26932_geowiki-landcover-2017,0.59191144,0.40808854
7023_geowiki-landcover-2017,0.2724165,0.72758347
2175_martinique-france,0.74448633,0.25551367
752_ile-de-france,0.2724153,0.7275847
27994_geowiki-landcover-2017,0.42177093,0.5782291
3328_geowiki-landcover-2017,0.5845378,0.4154622
61_mali-non-crop,0.42179638,0.5782036
111_tanzania-ceo,0.7366183,0.26338175
7117_canada,0.27241528,0.7275847
6903_croplands,0.5919099,0.4080901
790_croplands,0.2724151,0.7275849
119_mali-non-crop,0.6017109,0.39828908
21118_geowiki-landcover-2017,0.4367416,0.5632584
2515_kenya-non-crop,0.8527867,0.14721324
25728_geowiki-landcover-2017,0.73653525,0.26346478
794_canada,0.2724152,0.7275848
11722_geowiki-landcover-2017,0.7444846,0.25551546
200_kenya-non-crop,0.85279757,0.14720245
2160_germany,0.42179415,0.5782058
9004_croplands,0.27241567,0.72758436
2121_central-asia,0.27241725,0.72758275
3631_geowiki-landcover-2017,0.5845392,0.41546085
7837_canada,0.28354096,0.7164591
243_croplands,0.27241516,0.72758484
1705_tanzania-ceo,0.7444907,0.25550932
912_reunion-france,0.60171247,0.39828756
586_tanzania-rice-ecaas,0.7366266,0.2633734
1459_tanzania-ceo,0.73666525,0.2633348
2102_ile-de-france,0.27241847,0.72758156
2828_geowiki-landcover-2017,0.58452916,0.4154709
12589_croplands,0.7444802,0.25551975
3030_canada,0.60169685,0.39830312
4127_ile-de-france,0.42179257,0.57820743
196_reunion-france,0.5921854,0.40781462
461_ethiopia,0.7483286,0.25167137
13659_geowiki-landcover-2017,0.59191626,0.4080837
34619_geowiki-landcover-2017,0.2724153,0.7275847
2353_geowiki-landcover-2017,0.43674237,0.56325763
30842_geowiki-landcover-2017,0.4217968,0.5782032
30504_geowiki-landcover-2017,0.60171115,0.39828882
320_martinique-france,0.5992851,0.40071487
19832_geowiki-landcover-2017,0.7502364,0.24976358
174_geowiki-landcover-2017,0.74448925,0.25551072
2735_geowiki-landcover-2017,0.58453864,0.4154613
1405_croplands,0.42183653,0.5781635
373_sudan,0.7444909,0.25550914
3270_rwanda-ceo,0.750237,0.24976306
26391_geowiki-landcover-2017,0.27241623,0.72758377
31477_geowiki-landcover-2017,0.42179585,0.57820415
35118_geowiki-landcover-2017,0.42674917,0.5732508
5075_central-asia,0.42176893,0.5782311
1261_tanzania-ceo,0.5919114,0.4080886
4258_croplands,0.42179587,0.57820415
1652_martinique-france,0.42176512,0.57823485
32013_geowiki-landcover-2017,0.2724175,0.7275825
7534_canada,0.58453894,0.41546106
446_ile-de-france,0.421795,0.578205
1693_tanzania-ceo,0.58453697,0.415463
2413_ile-de-france,0.27241516,0.72758484
1256_tanzania-ceo,0.7502313,0.24976867
125_ethiopia,0.7366661,0.26333395
4852_canada,0.27241525,0.7275847
910_rwanda-ceo,0.750237,0.249763
35169_geowiki-landcover-2017,0.7444903,0.25550964
1427_mali-helmets-labelling-crops,0.58452594,0.415474
3302_ile-de-france,0.27241525,0.7275848
6190_geowiki-landcover-2017,0.58453923,0.4154608
13634_geowiki-landcover-2017,0.5919103,0.4080897
25184_geowiki-landcover-2017,0.7444905,0.25550947
915_martinique-france,0.6017137,0.39828628
7464_canada,0.42179587,0.57820415
27725_geowiki-landcover-2017,0.2725533,0.72744673
2365_rwanda-ceo,0.7366798,0.2633202
539_ethiopia,0.750226,0.249774
2899_ile-de-france,0.27241513,0.72758484
1937_germany,0.27241528,0.7275847
99_tanzania-ceo,0.744461,0.255539
758_rwanda-ceo,0.750236,0.24976403
35010_geowiki-landcover-2017,0.42675513,0.57324487
5910_canada,0.2724155,0.7275845
7468_croplands,0.58452946,0.4154705
2234_germany,0.42189568,0.5781043
1860_kenya-non-crop,0.7366658,0.26333416
20_zimbabwe,0.59190124,0.40809873
931_mali-helmets-labelling-crops,0.42381188,0.5761881
2069_germany,0.4217956,0.5782044
25474_geowiki-landcover-2017,0.42179573,0.5782043
4481_croplands,0.42179587,0.5782041
1530_canada,0.421761,0.578239
22890_geowiki-landcover-2017,0.75023687,0.2497631
2659_ile-de-france,0.27241576,0.7275843
24506_geowiki-landcover-2017,0.6065559,0.39344412
66_reunion-france,0.43679935,0.56320065
28435_geowiki-landcover-2017,0.7444896,0.2555104
1891_tanzania-ceo,0.5919535,0.40804648
14939_croplands,0.58453864,0.41546136
3173_geowiki-landcover-2017,0.41932148,0.5806786
377_sudan,0.74448997,0.25551003
8441_geowiki-landcover-2017,0.60158193,0.398418
12519_croplands,0.5845369,0.4154631
2179_geowiki-landcover-2017,0.85279745,0.1472025
22793_geowiki-landcover-2017,0.41932565,0.5806744
1878_canada,0.2724152,0.72758484
22840_geowiki-landcover-2017,0.43678427,0.56321573
5441_canada,0.2724152,0.72758484
28751_geowiki-landcover-2017,0.4267379,0.57326216
1237_ile-de-france,0.436741,0.56325895
5208_ile-de-france,0.27241528,0.7275847
215_central-asia,0.27241597,0.727584
2330_reunion-france,0.6016707,0.3983293
6452_canada,0.4367398,0.5632602
6878_croplands,0.42677304,0.573227
2660_reunion-france,0.74444705,0.25555292
2375_tanzania-ceo,0.8527927,0.14720729
20792_geowiki-landcover-2017,0.4193222,0.58067775
1569_tanzania-ceo,0.7444834,0.2555166
6334_canada,0.2724154,0.7275846
18883_geowiki-landcover-2017,0.4217993,0.5782007
30397_geowiki-landcover-2017,0.27241644,0.7275835
30824_geowiki-landcover-2017,0.4367416,0.56325847
2807_ile-de-france,0.27241802,0.727582
3271_geowiki-landcover-2017,0.5845393,0.41546065
35744_geowiki-landcover-2017,0.60170776,0.39829224
15700_geowiki-landcover-2017,0.43670076,0.56329924
10990_geowiki-landcover-2017,0.7366664,0.26333362
29336_geowiki-landcover-2017,0.750237,0.24976306
23877_geowiki-landcover-2017,0.27242312,0.7275769
15524_geowiki-landcover-2017,0.27241495,0.7275851
934_central-asia,0.2724162,0.72758377
28911_geowiki-landcover-2017,0.6066766,0.3933234
1121_togo,0.74449015,0.2555099
652_tanzania-ceo,0.8527927,0.14720733
599_germany,0.3709733,0.6290267
4508_ile-de-france,0.2724152,0.72758484
595_lem-brazil,0.59223497,0.40776503
5065_geowiki-landcover-2017,0.6065617,0.39343822
18182_geowiki-landcover-2017,0.7444885,0.2555115
13021_geowiki-landcover-2017,0.58453894,0.4154611
2634_central-asia,0.2724161,0.7275839
33068_geowiki-landcover-2017,0.58455265,0.41544735
33358_geowiki-landcover-2017,0.4199574,0.58004266
35290_geowiki-landcover-2017,0.74448854,0.25551146
1696_tanzania-ceo,0.7366654,0.26333457
3726_central-asia,0.2724286,0.7275714
1088_tanzania-ceo,0.75027466,0.24972536
2450_ile-de-france,0.27241525,0.7275847
2690_kenya-non-crop,0.59190995,0.40809008
3912_geowiki-landcover-2017,0.5845391,0.41546088
310_croplands,0.27241704,0.72758293
18522_geowiki-landcover-2017,0.4193271,0.58067286
3718_geowiki-landcover-2017,0.58451146,0.41548854
25683_geowiki-landcover-2017,0.43674257,0.56325746
3124_geowiki-landcover-2017,0.41932228,0.5806777
24826_geowiki-landcover-2017,0.5919085,0.40809146
3341_canada,0.2724152,0.72758484
8663_geowiki-landcover-2017,0.42674917,0.57325083
614_ile-de-france,0.2724675,0.7275325
17243_geowiki-landcover-2017,0.74448717,0.25551283
26730_geowiki-landcover-2017,0.5919109,0.4080891
9732_geowiki-landcover-2017,0.5925766,0.40742335
5557_ile-de-france,0.27241516,0.72758484
6927_geowiki-landcover-2017,0.4367432,0.5632568
1_tanzania,0.7366649,0.26333514
18752_geowiki-landcover-2017,0.6065605,0.39343947
470_mali-helmets-labelling-crops,0.5845383,0.41546178
2399_rwanda-ceo,0.60674345,0.39325652
3219_central-asia,0.4192815,0.5807185
4733_croplands,0.2724253,0.7275747
873_croplands,0.7444909,0.25550914
1344_reunion-france,0.6017555,0.3982445
14370_geowiki-landcover-2017,0.85279816,0.14720182
7637_geowiki-landcover-2017,0.60656095,0.39343905
848_canada,0.27241537,0.72758466
34115_geowiki-landcover-2017,0.2724153,0.72758466
3342_geowiki-landcover-2017,0.59013295,0.40986702
86_rwanda-ceo,0.7366662,0.2633338
1959_kenya-non-crop,0.7444907,0.25550932
11637_geowiki-landcover-2017,0.7502351,0.24976492
4949_ile-de-france,0.27241558,0.7275844
4569_geowiki-landcover-2017,0.41933513,0.5806649
4810_ile-de-france,0.2724157,0.72758436
8545_croplands,0.4217998,0.57820016
140_kenya-non-crop,0.7366661,0.26333395
23644_geowiki-landcover-2017,0.60170907,0.39829096
35047_geowiki-landcover-2017,0.73666555,0.26333448
800_germany,0.4217946,0.57820547
1246_kenya-non-crop,0.7444905,0.25550947
629_reunion-france,0.59191054,0.4080895
293_tanzania-rice-ecaas,0.73666435,0.2633356
5800_croplands,0.42179754,0.5782024
27858_geowiki-landcover-2017,0.42688257,0.5731174
2305_tanzania-ceo,0.7502027,0.24979728
254_germany,0.27241546,0.7275846
635_geowiki-landcover-2017,0.6017135,0.39828655
15915_geowiki-landcover-2017,0.59191006,0.40808994
3219_geowiki-landcover-2017,0.41932273,0.5806773
136_togo,0.58453894,0.41546106
3929_ile-de-france,0.27241695,0.72758305
2218_tanzania-ceo,0.74448216,0.25551787
32593_geowiki-landcover-2017,0.2724151,0.7275849
3678_canada,0.6017062,0.39829382
1070_mali-helmets-labelling-crops,0.42181113,0.57818884
21221_geowiki-landcover-2017,0.6065612,0.39343876
27615_geowiki-landcover-2017,0.27241537,0.72758466
2665_ile-de-france,0.4367412,0.56325877
1353_tanzania-ceo,0.5919121,0.40808785
970_canada,0.2724152,0.72758484
307_togo,0.58453953,0.41546047
11764_geowiki-landcover-2017,0.7502368,0.24976313
262_tanzania-rice-ecaas,0.7366645,0.2633356
19559_geowiki-landcover-2017,0.8527978,0.14720221
365_sudan,0.7444907,0.25550932
457_croplands,0.42179552,0.5782045
97_ethiopia,0.7366646,0.26333544
27651_geowiki-landcover-2017,0.2724155,0.72758454
33905_geowiki-landcover-2017,0.59189516,0.4081049
10120_croplands,0.42180353,0.57819647
21623_geowiki-landcover-2017,0.74832875,0.25167122
26544_geowiki-landcover-2017,0.27241674,0.7275833
16267_geowiki-landcover-2017,0.6065627,0.3934373
1802_martinique-france,0.6017112,0.39828876
12512_croplands,0.5845383,0.41546178
8187_geowiki-landcover-2017,0.75023514,0.24976483
21144_geowiki-landcover-2017,0.27241668,0.72758335
1419_tanzania-ceo,0.73671013,0.26328987
1506_canada,0.2724153,0.7275847
2580_central-asia,0.2724174,0.7275826
1277_reunion-france,0.7502368,0.24976313
1254_martinique-france,0.60169274,0.39830723
6980_canada,0.4367415,0.5632585
2151_croplands,0.2724252,0.72757477
16709_geowiki-landcover-2017,0.74449176,0.2555082
7113_geowiki-landcover-2017,0.27241552,0.7275845
314_togo,0.42179602,0.578204
4735_central-asia,0.4368018,0.56319815
2530_germany,0.2724153,0.72758466
997_reunion-france,0.60655916,0.39344084
5324_geowiki-landcover-2017,0.2724624,0.7275376
1843_reunion-france,0.5917286,0.4082714
5797_canada,0.27241603,0.72758394
17148_geowiki-landcover-2017,0.7505831,0.24941684
741_martinique-france,0.42181796,0.57818204
30488_geowiki-landcover-2017,0.42674926,0.5732508
4_croplands,0.7502368,0.24976319
5149_central-asia,0.41735286,0.5826472
16442_geowiki-landcover-2017,0.5992758,0.40072417
2222_ile-de-france,0.2724152,0.7275848
21725_geowiki-landcover-2017,0.7502364,0.24976353
647_geowiki-landcover-2017,0.7503194,0.2496806
707_lem-brazil,0.43624806,0.5637519
4892_canada,0.27241543,0.7275846
754_ile-de-france,0.27241546,0.72758454
615_ethiopia,0.85279477,0.14720516
23346_geowiki-landcover-2017,0.27241546,0.72758454
2005_rwanda-ceo,0.85279834,0.1472017
1420_martinique-france,0.42184398,0.57815605
8704_geowiki-landcover-2017,0.4218075,0.57819253
24500_geowiki-landcover-2017,0.27241543,0.7275846
58_togo,0.58453786,0.41546214
30442_geowiki-landcover-2017,0.43674147,0.5632585
1721_tanzania-ceo,0.6017285,0.3982715
3810_geowiki-landcover-2017,0.5845394,0.41546056
1510_ile-de-france,0.27241525,0.7275848
2452_central-asia,0.27241695,0.72758305
1268_togo,0.5919194,0.40808058
870_canada,0.2724181,0.7275819
2308_ile-de-france,0.42179516,0.5782049
2342_germany,0.27241802,0.727582
334_sudan,0.73666644,0.26333356
2634_canada,0.27241525,0.7275848
26027_geowiki-landcover-2017,0.42179507,0.578205
19862_geowiki-landcover-2017,0.60171187,0.3982881
1424_reunion-france,0.59191006,0.40808994
21292_geowiki-landcover-2017,0.43674007,0.56325996
1491_germany,0.2724161,0.7275838
1230_reunion-france,0.7502212,0.2497788
31639_geowiki-landcover-2017,0.41932097,0.58067906
19627_geowiki-landcover-2017,0.74448776,0.25551224
34455_geowiki-landcover-2017,0.2762535,0.7237465
216_croplands,0.2724153,0.7275847
2219_central-asia,0.27241814,0.72758186
33901_geowiki-landcover-2017,0.27241653,0.72758347
4248_canada,0.43673554,0.5632644
2734_geowiki-landcover-2017,0.41943392,0.58056605
11659_geowiki-landcover-2017,0.41932163,0.58067834
8717_geowiki-landcover-2017,0.42655239,0.57344764
25391_geowiki-landcover-2017,0.27241525,0.7275847
4912_central-asia,0.27245507,0.72754496
2928_canada,0.27241516,0.72758484
31919_geowiki-landcover-2017,0.27241516,0.72758484
16072_geowiki-landcover-2017,0.59190065,0.4080993
5410_canada,0.27241504,0.72758496
691_germany,0.42179444,0.5782056
4144_croplands,0.41932,0.58068
3332_geowiki-landcover-2017,0.5845393,0.4154607
9015_croplands,0.2724196,0.72758037
12549_geowiki-landcover-2017,0.27241597,0.72758406
3931_ile-de-france,0.27241525,0.7275847
5879_ile-de-france,0.2724181,0.7275819
1991_martinique-france,0.75023293,0.2497671
2442_geowiki-landcover-2017,0.748282,0.25171798
6579_canada,0.2724177,0.72758234
33648_geowiki-landcover-2017,0.42674753,0.57325244
2033_kenya-non-crop,0.74449027,0.25550973
25324_geowiki-landcover-2017,0.42675546,0.5732446
542_lem-brazil,0.5845408,0.4154592
904_ile-de-france,0.436736,0.56326395
2947_canada,0.4367405,0.5632595
740_ethiopia,0.8527974,0.14720267
2251_croplands,0.5918427,0.40815726
35524_geowiki-landcover-2017,0.27241513,0.72758484
11782_geowiki-landcover-2017,0.75023574,0.24976423
35647_geowiki-landcover-2017,0.6017125,0.39828745
1375_central-asia,0.2746327,0.7253673
2243_rwanda-ceo,0.75023633,0.24976362
33076_geowiki-landcover-2017,0.5992774,0.40072265
40_reunion-france,0.59190977,0.4080902
5368_canada,0.27241594,0.72758406
372_martinique-france,0.6016621,0.3983379
391_ile-de-france,0.43675452,0.5632454
99_reunion-france,0.5919126,0.4080874
15440_geowiki-landcover-2017,0.85279125,0.1472088
175_tanzania-ceo,0.5845391,0.41546088
3506_ile-de-france,0.27241525,0.7275848
2890_central-asia,0.272416,0.727584
28339_geowiki-landcover-2017,0.8527961,0.14720388
5455_ile-de-france,0.27241567,0.72758436
9353_geowiki-landcover-2017,0.5919117,0.40808836
3104_central-asia,0.27241614,0.7275838
197_sudan,0.5845392,0.41546085
14850_geowiki-landcover-2017,0.42179823,0.5782018
13718_geowiki-landcover-2017,0.7444891,0.2555109
27652_geowiki-landcover-2017,0.60655904,0.39344093
5710_canada,0.27241695,0.72758305
3102_ile-de-france,0.33095962,0.66904044
14917_croplands,0.42179757,0.5782024
420_kenya-non-crop,0.85279816,0.14720185
1086_togo,0.42181167,0.5781883
16864_geowiki-landcover-2017,0.74446976,0.2555302
26821_geowiki-landcover-2017,0.59188503,0.40811494
3653_croplands,0.59070444,0.40929556
716_rwanda-ceo,0.7367372,0.26326287
1785_central-asia,0.42231843,0.5776816
6400_canada,0.2724174,0.7275826
2304_reunion-france,0.59191054,0.40808943
988_ile-de-france,0.42179483,0.57820517
11836_geowiki-landcover-2017,0.42180064,0.5781993
1535_martinique-france,0.60171074,0.39828923
2072_martinique-france,0.6017127,0.39828733
32740_geowiki-landcover-2017,0.58945704,0.41054294
11635_geowiki-landcover-2017,0.5919106,0.40808943
25044_geowiki-landcover-2017,0.5919117,0.40808827
15295_geowiki-landcover-2017,0.7366662,0.2633338
33577_geowiki-landcover-2017,0.4217952,0.5782048
16818_geowiki-landcover-2017,0.58453923,0.41546077
5319_ile-de-france,0.27241525,0.7275848
15247_geowiki-landcover-2017,0.5919101,0.40808985
835_martinique-france,0.58453876,0.4154612
30560_geowiki-landcover-2017,0.4367416,0.5632584
3849_canada,0.27241525,0.7275847
27532_geowiki-landcover-2017,0.8527979,0.14720207
2519_canada,0.2724152,0.7275848
780_tanzania-rice-ecaas,0.5847225,0.41527754
21483_geowiki-landcover-2017,0.2725296,0.7274704
875_central-asia,0.27241656,0.72758347
2020_canada,0.2724152,0.7275848
1676_canada,0.2724154,0.7275846
6179_canada,0.27241597,0.727584
1178_rwanda-ceo,0.5919112,0.40808883
6003_geowiki-landcover-2017,0.27241832,0.7275817
4777_ile-de-france,0.2724152,0.72758484
35643_geowiki-landcover-2017,0.58453923,0.41546077
18269_geowiki-landcover-2017,0.7444908,0.25550926
14218_geowiki-landcover-2017,0.42674917,0.5732508
1970_geowiki-landcover-2017,0.7502381,0.2497619
288_tanzania,0.7366959,0.2633041
5753_canada,0.2724153,0.7275847
765_rwanda-ceo,0.5919109,0.4080891
288_kenya-non-crop,0.7366661,0.26333395
97_kenya-non-crop,0.7366654,0.26333457
17550_geowiki-landcover-2017,0.43674114,0.5632588
23161_geowiki-landcover-2017,0.27241555,0.7275845
3014_canada,0.43674302,0.563257
54_togo,0.58453745,0.41546252
2679_reunion-france,0.7502313,0.24976867
3905_canada,0.27241516,0.72758484
5366_canada,0.2724166,0.72758347
1635_kenya-non-crop,0.73666424,0.2633358
24667_geowiki-landcover-2017,0.60656065,0.39343932
1376_geowiki-landcover-2017,0.7502332,0.2497668
21569_geowiki-landcover-2017,0.4193238,0.58067626
1351_germany,0.42179307,0.57820696
4331_canada,0.27241552,0.7275845
356_reunion-france,0.6017189,0.39828104
26038_geowiki-landcover-2017,0.5845413,0.41545868
2583_ile-de-france,0.43674144,0.5632586
111_central-asia,0.27241662,0.72758335
400_tanzania-rice-ecaas,0.7366654,0.26333457
9848_geowiki-landcover-2017,0.7366659,0.2633341
10580_geowiki-landcover-2017,0.75023717,0.24976282
6291_canada,0.27241525,0.7275848
32270_geowiki-landcover-2017,0.2724151,0.72758484
22351_geowiki-landcover-2017,0.42675337,0.57324666
748_croplands,0.41944003,0.58056
10017_croplands,0.42674938,0.57325065
1203_kenya-non-crop,0.74833,0.25166997
4542_croplands,0.42179564,0.57820433
1000_croplands,0.4217981,0.5782019
360_sudan,0.73677945,0.2632206
1169_tanzania-ceo,0.6018024,0.39819756
328_sudan,0.74832803,0.251672
25704_geowiki-landcover-2017,0.42179698,0.578203
4457_canada,0.27241513,0.72758484
31817_geowiki-landcover-2017,0.2724151,0.72758484
6957_geowiki-landcover-2017,0.27241683,0.72758317
3328_canada,0.27242038,0.7275796
2428_geowiki-landcover-2017,0.41932115,0.5806788
593_germany,0.42179385,0.5782062
27451_geowiki-landcover-2017,0.8527982,0.14720178
16849_geowiki-landcover-2017,0.5845397,0.41546032
3304_ile-de-france,0.27241525,0.7275847
4783_canada,0.27241513,0.72758484
34215_geowiki-landcover-2017,0.7444905,0.25550947
273_canada,0.27241802,0.7275819
17698_geowiki-landcover-2017,0.6065606,0.3934394
692_germany,0.4217938,0.5782062
5907_ile-de-france,0.42179525,0.57820475
2022_kenya-non-crop,0.74448913,0.2555109
8230_croplands,0.2724289,0.72757107
28416_geowiki-landcover-2017,0.4367449,0.56325513
31834_geowiki-landcover-2017,0.27241546,0.7275846
30858_geowiki-landcover-2017,0.42179525,0.57820475
2642_canada,0.27241552,0.7275845
698_canada,0.60170937,0.39829063
1170_kenya-non-crop,0.7366651,0.2633348
14100_croplands,0.5919037,0.4080963
2977_geowiki-landcover-2017,0.5845393,0.41546065
1406_tanzania-ceo,0.8527957,0.1472043
797_tanzania-rice-ecaas,0.7366653,0.26333466
20005_geowiki-landcover-2017,0.43674144,0.5632585
497_ethiopia,0.8527981,0.1472019
6341_canada,0.42179525,0.57820475
285_ethiopia,0.7483294,0.25167063
4389_croplands,0.2724174,0.72758263
173_central-asia,0.27241683,0.72758317
1040_canada,0.42179683,0.5782032
4538_central-asia,0.42179278,0.57820725
4401_central-asia,0.27241576,0.7275843
2114_kenya-non-crop,0.85279834,0.1472017
1169_geowiki-landcover-2017,0.5919101,0.40808985
14615_geowiki-landcover-2017,0.4217961,0.57820386
5155_canada,0.4217957,0.57820433
2357_central-asia,0.27241966,0.7275803
3435_central-asia,0.4192707,0.5807293
1715_central-asia,0.27260992,0.72739005
3120_ile-de-france,0.27241567,0.72758436
4801_ile-de-france,0.2724152,0.7275848
13864_geowiki-landcover-2017,0.42676625,0.5732338
3677_central-asia,0.4214502,0.5785498
5361_canada,0.27241674,0.7275833
23061_geowiki-landcover-2017,0.5919119,0.40808803
688_kenya-non-crop,0.7366649,0.26333508
1434_central-asia,0.27245477,0.7275452
24156_geowiki-landcover-2017,0.8527982,0.14720176
33386_geowiki-landcover-2017,0.4217967,0.57820326
3628_central-asia,0.27242795,0.727572
280_germany,0.42179412,0.5782058
18275_geowiki-landcover-2017,0.4268185,0.5731815
16_zimbabwe,0.5919045,0.40809554
1201_ile-de-france,0.27241588,0.72758406
141_uganda,0.7366012,0.26339883
1612_canada,0.42179593,0.5782041
22519_geowiki-landcover-2017,0.73666453,0.26333544
15101_geowiki-landcover-2017,0.42674917,0.5732508
967_germany,0.42181754,0.57818246
4482_geowiki-landcover-2017,0.6065597,0.39344034
29576_geowiki-landcover-2017,0.2724176,0.72758245
20822_geowiki-landcover-2017,0.4217948,0.5782052
664_togo,0.58453476,0.4154652
17375_geowiki-landcover-2017,0.60171044,0.3982896
9591_geowiki-landcover-2017,0.42675036,0.5732496
31036_geowiki-landcover-2017,0.27241546,0.72758454
1509_tanzania-ceo,0.75023687,0.24976309
7044_canada,0.4217915,0.57820857
617_geowiki-landcover-2017,0.7366656,0.26333442
1522_canada,0.2724152,0.7275848
1910_geowiki-landcover-2017,0.27241632,0.7275837
1914_ile-de-france,0.2724153,0.72758466
29453_geowiki-landcover-2017,0.42179537,0.57820463
9907_geowiki-landcover-2017,0.74449074,0.25550932
21068_geowiki-landcover-2017,0.6015605,0.39843956
963_reunion-france,0.7502324,0.24976759
747_tanzania-rice-ecaas,0.73665416,0.26334587
765_martinique-france,0.42178953,0.5782105
33831_geowiki-landcover-2017,0.27241537,0.72758466
24399_geowiki-landcover-2017,0.42176858,0.57823145
1368_reunion-france,0.42179593,0.5782041
26763_geowiki-landcover-2017,0.4267494,0.57325053
12030_geowiki-landcover-2017,0.27241525,0.7275847
13_germany,0.2724161,0.7275839
15692_geowiki-landcover-2017,0.42674896,0.573251
1051_togo,0.58453906,0.41546097
12118_geowiki-landcover-2017,0.60170984,0.3982902
303_ile-de-france,0.27241734,0.7275827
33592_geowiki-landcover-2017,0.60656065,0.39343935
5104_ile-de-france,0.27241513,0.72758484
18794_geowiki-landcover-2017,0.59191084,0.40808913
29503_geowiki-landcover-2017,0.42179754,0.5782024
1912_germany,0.27241534,0.72758466
33625_geowiki-landcover-2017,0.42179745,0.57820255
691_geowiki-landcover-2017,0.59191036,0.40808964
665_canada,0.60169905,0.39830095
35408_geowiki-landcover-2017,0.43674144,0.5632586
14486_geowiki-landcover-2017,0.60171247,0.39828756
25670_geowiki-landcover-2017,0.60170937,0.3982907
20301_geowiki-landcover-2017,0.60575175,0.39424828
118_tanzania-ceo,0.59196866,0.40803128
663_geowiki-landcover-2017,0.58453923,0.41546077
955_togo,0.59927124,0.40072873
1368_geowiki-landcover-2017,0.7502366,0.24976349
14909_geowiki-landcover-2017,0.8527944,0.1472056
22112_geowiki-landcover-2017,0.43648493,0.56351507
29830_geowiki-landcover-2017,0.58453697,0.415463
5874_geowiki-landcover-2017,0.6017107,0.39828932
625_kenya-non-crop,0.73666555,0.26333448
914_ile-de-france,0.42178774,0.57821226
21621_geowiki-landcover-2017,0.6065606,0.39343944
35555_geowiki-landcover-2017,0.41932207,0.5806779
33206_geowiki-landcover-2017,0.27241582,0.72758424
2350_canada,0.2724153,0.72758466
2157_kenya-non-crop,0.85279816,0.14720185
4331_central-asia,0.272416,0.727584
331_sudan,0.7366605,0.26333955
24995_geowiki-landcover-2017,0.584537,0.41546297
3863_canada,0.2724152,0.72758484
1450_rwanda-ceo,0.8527974,0.1472026
5294_ile-de-france,0.27241558,0.7275845
1601_canada,0.2724151,0.72758484
298_martinique-france,0.43674302,0.5632569
29046_geowiki-landcover-2017,0.7366655,0.26333454
440_ethiopia,0.75022954,0.24977046
1474_rwanda-ceo,0.73666555,0.26333445
35102_geowiki-landcover-2017,0.58451486,0.41548508
2313_ile-de-france,0.27241522,0.7275848
556_ile-de-france,0.27241552,0.7275845
16970_geowiki-landcover-2017,0.60492545,0.39507452
27802_geowiki-landcover-2017,0.27241552,0.7275845
14416_geowiki-landcover-2017,0.27242357,0.72757643
721_tanzania-ceo,0.42180637,0.57819366
552_tanzania-ceo,0.7366662,0.26333383
676_kenya-non-crop,0.73518556,0.2648144
927_togo,0.8527976,0.14720231
597_rwanda-ceo,0.7483294,0.25167057
11604_geowiki-landcover-2017,0.8526182,0.1473818
5209_geowiki-landcover-2017,0.27241507,0.7275849
1734_tanzania-ceo,0.85279727,0.14720267
3370_canada,0.4367404,0.5632596
2103_croplands,0.42179754,0.5782024
2131_rwanda-ceo,0.85279816,0.14720179
1211_kenya-non-crop,0.8527974,0.1472026
1398_germany,0.2724154,0.7275846
22633_geowiki-landcover-2017,0.42674926,0.5732508
202_tanzania,0.59192204,0.40807799
230_germany,0.27241558,0.7275844
2523_canada,0.2724151,0.72758484
1720_tanzania-ceo,0.60649604,0.393504
1415_germany,0.2724157,0.7275843
7945_canada,0.42179587,0.57820415
3089_geowiki-landcover-2017,0.5845394,0.41546065
2480_kenya-non-crop,0.8527965,0.14720349
1338_ile-de-france,0.42179504,0.578205
978_central-asia,0.27241936,0.72758067
56_mali-non-crop,0.60171074,0.3982893
1374_kenya-non-crop,0.7366375,0.2633625
4138_geowiki-landcover-2017,0.5845493,0.41545063
4519_ile-de-france,0.42178228,0.57821774
168_rwanda-ceo,0.7502373,0.24976268
1172_togo,0.85278976,0.1472102
10723_croplands,0.42182717,0.57817286
3314_central-asia,0.41930568,0.5806943
32295_geowiki-landcover-2017,0.27241543,0.7275846
916_geowiki-landcover-2017,0.5919086,0.4080914
501_kenya-non-crop,0.85279566,0.14720435
21323_geowiki-landcover-2017,0.42179555,0.5782044
1253_germany,0.42179564,0.5782044
2363_rwanda-ceo,0.7502368,0.24976319
976_togo,0.74449027,0.25550973
217_martinique-france,0.42178157,0.57821846
1325_germany,0.27241528,0.7275847
2717_canada,0.27241525,0.7275847
9361_croplands,0.43674237,0.56325763
12520_croplands,0.58453804,0.41546196
850_martinique-france,0.4217986,0.5782015
238_germany,0.27241528,0.7275847
13729_croplands,0.2724156,0.7275844
14267_geowiki-landcover-2017,0.43667695,0.563323
4514_ile-de-france,0.4217953,0.57820463
2640_canada,0.27241516,0.72758484
31465_geowiki-landcover-2017,0.42179516,0.5782048
33518_geowiki-landcover-2017,0.60656023,0.39343977
14336_geowiki-landcover-2017,0.42687994,0.57312006
5455_canada,0.27241588,0.72758406
558_central-asia,0.27241638,0.72758365
1129_canada,0.27241543,0.7275846
291_lem-brazil,0.5845555,0.41544446
14869_geowiki-landcover-2017,0.74449056,0.25550944
321_ile-de-france,0.27241513,0.72758484
369_togo,0.42179647,0.5782035
1484_germany,0.27241588,0.72758406
13554_croplands,0.42179555,0.5782044
234_martinique-france,0.4352879,0.56471217
14780_croplands,0.584542,0.41545802
1934_tanzania-ceo,0.7366549,0.26334512
21941_geowiki-landcover-2017,0.42179656,0.57820344
2621_geowiki-landcover-2017,0.7444172,0.25558278
5429_canada,0.27241504,0.72758496
73_ethiopia,0.73666644,0.26333353
7141_geowiki-landcover-2017,0.8527976,0.14720236
17946_geowiki-landcover-2017,0.42675123,0.57324874
2719_canada,0.27241516,0.72758484
34014_geowiki-landcover-2017,0.42182416,0.57817584
2506_kenya-non-crop,0.7445588,0.2554412
11553_croplands,0.42179623,0.57820374
2052_reunion-france,0.60171044,0.39828953
10437_geowiki-landcover-2017,0.4367413,0.56325877
2222_central-asia,0.27241883,0.7275812
8242_geowiki-landcover-2017,0.75023675,0.24976322
4748_canada,0.2724157,0.72758436
2410_reunion-france,0.5919107,0.40808928
21298_geowiki-landcover-2017,0.426759,0.573241
816_reunion-france,0.6017197,0.39828035
25802_geowiki-landcover-2017,0.6065515,0.3934484
23_germany,0.4217955,0.5782045
22263_geowiki-landcover-2017,0.5919097,0.40809026
4228_ile-de-france,0.27241555,0.7275845
3223_rwanda-ceo,0.59191096,0.408089
25020_geowiki-landcover-2017,0.27244163,0.7275583
447_germany,0.42179567,0.57820433
27757_geowiki-landcover-2017,0.4367416,0.56325835
3444_ile-de-france,0.42179483,0.57820517
30728_geowiki-landcover-2017,0.27241507,0.7275849
33482_geowiki-landcover-2017,0.5919132,0.40808684
30391_geowiki-landcover-2017,0.2724155,0.7275845
732_canada,0.27241516,0.72758484
18868_geowiki-landcover-2017,0.42676875,0.5732312
10197_geowiki-landcover-2017,0.5919094,0.40809056
3043_rwanda-ceo,0.75023687,0.24976309
3588_rwanda-ceo,0.7366627,0.26333725
166_tanzania-rice-ecaas,0.7366635,0.26333645
262_lem-brazil,0.58454394,0.415456
26992_geowiki-landcover-2017,0.5918983,0.40810165
1652_ile-de-france,0.27241522,0.7275848
6802_croplands,0.5919098,0.4080901
416_geowiki-landcover-2017,0.59927577,0.4007242
404_ethiopia,0.58454174,0.41545823
284_kenya-non-crop,0.85279757,0.1472024
19042_geowiki-landcover-2017,0.42179456,0.57820547
2861_ile-de-france,0.2724158,0.72758424
200_rwanda-ceo,0.75023824,0.24976175
816_croplands,0.42179587,0.57820415
8304_geowiki-landcover-2017,0.5845388,0.41546112
2886_rwanda-ceo,0.8527949,0.1472051
30606_geowiki-landcover-2017,0.27241516,0.72758484
1650_canada,0.2724153,0.72758466
9966_croplands,0.42674878,0.5732512
2220_geowiki-landcover-2017,0.74449044,0.25550953
2851_ile-de-france,0.27241695,0.727583
303_lem-brazil,0.58454406,0.41545597
28118_geowiki-landcover-2017,0.60169274,0.39830726
5969_geowiki-landcover-2017,0.2724169,0.72758305
33443_geowiki-landcover-2017,0.4367021,0.5632979
452_ethiopia,0.74832904,0.25167093
5140_ile-de-france,0.2724152,0.7275848
29583_geowiki-landcover-2017,0.27241513,0.72758484
23525_geowiki-landcover-2017,0.59191066,0.40808934
5122_central-asia,0.27241573,0.7275843
1228_ile-de-france,0.2732756,0.7267243
21775_geowiki-landcover-2017,0.42179668,0.5782034
1867_rwanda-ceo,0.59191084,0.4080892
131_tanzania,0.85279727,0.14720272
1763_canada,0.27241537,0.72758466
165_togo,0.5845388,0.4154612
436_ethiopia,0.59190935,0.40809062
4499_croplands,0.27241606,0.72758394
203_ile-de-france,0.27241516,0.72758484
12891_geowiki-landcover-2017,0.4217997,0.57820034
6032_geowiki-landcover-2017,0.7444881,0.25551188
12322_geowiki-landcover-2017,0.43669704,0.56330293
13705_croplands,0.42179477,0.5782052
1676_martinique-france,0.750233,0.24976698
2527_central-asia,0.27242982,0.72757024
1205_canada,0.27241516,0.72758484
5255_canada,0.27241525,0.7275848
3423_ile-de-france,0.2724155,0.7275845
33689_geowiki-landcover-2017,0.5828737,0.41712627
619_mali-helmets-labelling-crops,0.58453876,0.41546124
4273_central-asia,0.27241567,0.72758436
999_mali-helmets-labelling-crops,0.42380437,0.57619566
2137_germany,0.4217953,0.57820475
35629_geowiki-landcover-2017,0.5845524,0.41544756
30220_geowiki-landcover-2017,0.73666525,0.26333478
20211_geowiki-landcover-2017,0.60168666,0.3983134
17670_geowiki-landcover-2017,0.42189813,0.5781019
18572_geowiki-landcover-2017,0.59927493,0.40072507
747_reunion-france,0.42681858,0.5731814
29365_geowiki-landcover-2017,0.4217947,0.5782053
10684_croplands,0.6017183,0.3982817
22_togo,0.8527944,0.14720559
1577_tanzania-ceo,0.59191024,0.40808973
280_central-asia,0.27241597,0.727584
6924_canada,0.27241507,0.7275849
47_kenya,0.7366662,0.26333386
1869_martinique-france,0.42179456,0.57820547
15704_geowiki-landcover-2017,0.42179585,0.57820415
960_tanzania-ceo,0.7366656,0.26333442
2521_reunion-france,0.6017108,0.39828914
20116_geowiki-landcover-2017,0.4217966,0.57820344
5436_geowiki-landcover-2017,0.5893616,0.41063833
311_ile-de-france,0.27241552,0.7275845
2253_reunion-france,0.75023574,0.24976428
774_central-asia,0.27241609,0.7275839
15648_geowiki-landcover-2017,0.60656244,0.3934376
534_croplands,0.5845375,0.41546243
420_croplands,0.42179564,0.57820433
1801_ile-de-france,0.27241537,0.7275846
16724_geowiki-landcover-2017,0.4267654,0.57323456
1301_tanzania-ceo,0.59193325,0.40806672
33584_geowiki-landcover-2017,0.421794,0.578206
24717_geowiki-landcover-2017,0.6065693,0.39343077
3938_ile-de-france,0.27241513,0.72758484
472_martinique-france,0.4217956,0.5782044
2913_canada,0.27241525,0.7275848
3170_rwanda-ceo,0.8527982,0.14720175
769_germany,0.42164716,0.57835287
1177_kenya-non-crop,0.73666537,0.26333463
14950_croplands,0.27241904,0.727581
7850_canada,0.27241823,0.72758174
3343_rwanda-ceo,0.59193516,0.40806487
1567_martinique-france,0.4218122,0.57818776
33956_geowiki-landcover-2017,0.27241537,0.72758466
368_lem-brazil,0.8527779,0.1472221
1848_martinique-france,0.74448556,0.25551444
349_canada,0.2724153,0.72758466
19460_geowiki-landcover-2017,0.5845386,0.4154614
33220_geowiki-landcover-2017,0.27241552,0.7275845
24073_geowiki-landcover-2017,0.7445327,0.25546736
5812_croplands,0.42179593,0.5782041
785_geowiki-landcover-2017,0.5919086,0.4080914
2480_central-asia,0.42168364,0.57831633
20282_geowiki-landcover-2017,0.27242005,0.72758
33609_geowiki-landcover-2017,0.43674156,0.56325847
19000_geowiki-landcover-2017,0.42179555,0.5782045
2914_central-asia,0.27241606,0.72758394
28889_geowiki-landcover-2017,0.27241525,0.7275848
2922_rwanda-ceo,0.5919118,0.40808824
614_tanzania-rice-ecaas,0.7366656,0.26333442
1281_central-asia,0.27463305,0.7253669
1021_central-asia,0.27241677,0.7275832
2763_central-asia,0.2724162,0.72758377
4320_central-asia,0.2724162,0.7275838
2831_ile-de-france,0.27241525,0.7275848
4384_central-asia,0.2724156,0.72758436
5001_canada,0.27241528,0.7275847
4449_ile-de-france,0.43674174,0.5632583
22987_geowiki-landcover-2017,0.2724185,0.7275815
2554_reunion-france,0.60171014,0.3982899
22932_geowiki-landcover-2017,0.58945113,0.41054887
4772_canada,0.4367413,0.56325865
31079_geowiki-landcover-2017,0.2724169,0.72758305
1156_rwanda-ceo,0.59191126,0.4080887
23787_geowiki-landcover-2017,0.42674926,0.5732508
30007_geowiki-landcover-2017,0.27241576,0.7275843
12385_geowiki-landcover-2017,0.591911,0.40808898
284_tanzania-rice-ecaas,0.8527953,0.1472047
3971_canada,0.27241546,0.72758454
3764_canada,0.2724153,0.72758466
14938_croplands,0.5845384,0.41546154
35078_geowiki-landcover-2017,0.6017111,0.39828897
1244_mali-helmets-labelling-crops,0.43132353,0.5686765
778_reunion-france,0.7502364,0.24976353
3396_rwanda-ceo,0.75023586,0.24976411
15380_geowiki-landcover-2017,0.7483309,0.25166914
85_central-asia,0.2724181,0.7275819
216_ile-de-france,0.27241534,0.72758466
525_tanzania-rice-ecaas,0.73658586,0.2634142
749_ile-de-france,0.27241525,0.7275848
3500_ile-de-france,0.27241522,0.7275848
1213_geowiki-landcover-2017,0.59191096,0.40808907
13220_geowiki-landcover-2017,0.7366616,0.2633384
1569_canada,0.42179334,0.57820666
13431_geowiki-landcover-2017,0.5919098,0.40809014
1107_mali-helmets-labelling-crops,0.4313251,0.56867486
10313_geowiki-landcover-2017,0.42675003,0.57325
5594_ile-de-france,0.2724153,0.7275847
637_reunion-france,0.7502335,0.24976653
10275_geowiki-landcover-2017,0.5919098,0.40809017
767_canada,0.2724152,0.72758484
2329_rwanda-ceo,0.59191144,0.40808856
262_mali-helmets-labelling-crops,0.4218123,0.5781877
4697_geowiki-landcover-2017,0.43674296,0.56325704
33412_geowiki-landcover-2017,0.4367413,0.56325865
1239_martinique-france,0.6017004,0.3982996
28873_geowiki-landcover-2017,0.27241522,0.7275848
639_canada,0.2724169,0.72758305
382_canada,0.42179587,0.57820415
872_germany,0.27257508,0.7274249
13856_geowiki-landcover-2017,0.5906961,0.4093039
21638_geowiki-landcover-2017,0.42192817,0.5780718
3532_central-asia,0.4218343,0.57816565
12374_geowiki-landcover-2017,0.4267494,0.5732506
1385_canada,0.2724152,0.7275848
3606_central-asia,0.27242893,0.72757107
2826_rwanda-ceo,0.58945566,0.41054437
611_central-asia,0.27241674,0.7275833
1695_canada,0.27241525,0.7275848
12602_croplands,0.5845384,0.41546154
263_croplands,0.42179555,0.57820445
1044_reunion-france,0.59191054,0.40808952
4180_central-asia,0.27257574,0.72742426
5813_canada,0.2724152,0.72758484
1028_kenya-non-crop,0.8527972,0.14720276
275_togo,0.4217966,0.57820344
26549_geowiki-landcover-2017,0.43673652,0.5632634
12667_geowiki-landcover-2017,0.2724152,0.7275848
5832_geowiki-landcover-2017,0.27241528,0.7275847
2854_geowiki-landcover-2017,0.5839892,0.4160108
671_central-asia,0.27242076,0.7275793
837_croplands,0.5845356,0.4154644
159_kenya-non-crop,0.852798,0.147202
18908_geowiki-landcover-2017,0.7502333,0.2497667
220_lem-brazil,0.44461837,0.55538166
523_tanzania-ceo,0.7474472,0.25255278
1181_rwanda-ceo,0.85279524,0.14720476
18355_geowiki-landcover-2017,0.8527949,0.14720514
17916_geowiki-landcover-2017,0.426748,0.573252
2696_kenya-non-crop,0.59191024,0.40808976
636_martinique-france,0.8527959,0.14720413
1422_canada,0.27241725,0.72758275
30038_geowiki-landcover-2017,0.4217959,0.5782041
4352_canada,0.4217931,0.5782069
4878_canada,0.2724153,0.7275847
945_tanzania-ceo,0.59191436,0.40808564
55_croplands,0.5919023,0.4080977
10809_croplands,0.5845392,0.41546088
1250_canada,0.2724151,0.7275849
7495_geowiki-landcover-2017,0.43674102,0.56325895
932_kenya-non-crop,0.73666376,0.26333624
33160_geowiki-landcover-2017,0.2724154,0.7275846
17137_geowiki-landcover-2017,0.6065685,0.39343148
5117_canada,0.2724154,0.7275846
15997_geowiki-landcover-2017,0.42674875,0.57325125
18866_geowiki-landcover-2017,0.2724151,0.72758484
1293_kenya-non-crop,0.75023663,0.24976335
3214_geowiki-landcover-2017,0.74449503,0.25550494
11087_geowiki-landcover-2017,0.5894638,0.4105362
28739_geowiki-landcover-2017,0.59191024,0.4080897
1353_germany,0.42179468,0.57820535
2195_geowiki-landcover-2017,0.59191334,0.4080866
20598_geowiki-landcover-2017,0.85279167,0.14720836
5248_ile-de-france,0.27241534,0.72758466
14586_geowiki-landcover-2017,0.4193274,0.5806726
2198_rwanda-ceo,0.5919111,0.40808892
3127_croplands,0.5919099,0.4080901
24229_geowiki-landcover-2017,0.7444909,0.25550905
471_martinique-france,0.42179516,0.5782049
4387_central-asia,0.27241558,0.7275845
1039_kenya-non-crop,0.852798,0.147202
1149_togo,0.58454233,0.41545764
2358_central-asia,0.272417,0.72758293
5943_canada,0.27241513,0.72758484
11457_geowiki-landcover-2017,0.6065612,0.3934388
4186_canada,0.42179045,0.5782096
3943_geowiki-landcover-2017,0.5845372,0.41546282
2457_central-asia,0.27241695,0.727583
13446_geowiki-landcover-2017,0.7444831,0.25551686
1216_ile-de-france,0.43674046,0.5632595
10018_croplands,0.4267733,0.57322663
14093_geowiki-landcover-2017,0.27241525,0.7275847
2146_rwanda-ceo,0.59572154,0.40427846
498_germany,0.27241647,0.7275835
11556_croplands,0.42179507,0.57820493
772_reunion-france,0.42179602,0.578204
758_lem-brazil,0.58454025,0.41545975
6968_croplands,0.5919098,0.40809017
1408_rwanda-ceo,0.8527981,0.14720194
1464_mali-helmets-labelling-crops,0.43132564,0.5686743
30686_geowiki-landcover-2017,0.4367419,0.5632581
4897_ile-de-france,0.2724152,0.7275848
307_reunion-france,0.75023556,0.24976443
384_sudan,0.7444904,0.25550964
836_central-asia,0.27241725,0.72758275
4102_geowiki-landcover-2017,0.58452064,0.41547936
1924_ile-de-france,0.27241528,0.7275847
302_croplands,0.42169976,0.57830024
4834_ile-de-france,0.27241525,0.7275848
33247_geowiki-landcover-2017,0.6017056,0.39829442
35752_geowiki-landcover-2017,0.73662883,0.26337117
1042_ile-de-france,0.27241516,0.72758484
8574_geowiki-landcover-2017,0.8527979,0.14720212
2347_rwanda-ceo,0.7367302,0.26326972
9850_geowiki-landcover-2017,0.7444898,0.25551024
1197_germany,0.27267712,0.7273229
34429_geowiki-landcover-2017,0.2724153,0.7275847
2925_canada,0.60167855,0.39832142
1315_martinique-france,0.45172057,0.5482794
14053_croplands,0.5919096,0.40809038
10135_croplands,0.59190524,0.4080947
354_geowiki-landcover-2017,0.60171384,0.3982862
2549_ile-de-france,0.42179516,0.5782048
665_rwanda-ceo,0.7502372,0.24976274
41_geowiki-landcover-2017,0.58945715,0.41054285
1137_martinique-france,0.60169226,0.3983078
35766_geowiki-landcover-2017,0.4193456,0.5806544
1077_togo,0.5919119,0.4080881
12078_geowiki-landcover-2017,0.42179936,0.57820064
3576_geowiki-landcover-2017,0.5845395,0.41546056
2185_reunion-france,0.5919112,0.4080888
30417_geowiki-landcover-2017,0.42189798,0.578102
2101_central-asia,0.27241725,0.72758275
239_croplands,0.2724153,0.7275847
1353_central-asia,0.27463284,0.7253671
20354_geowiki-landcover-2017,0.75023603,0.24976397
185_central-asia,0.42178926,0.5782107
728_reunion-france,0.5919102,0.40808982
1635_germany,0.42155546,0.5784445
2343_germany,0.27241853,0.7275815
21423_geowiki-landcover-2017,0.59191084,0.4080892
259_reunion-france,0.42178065,0.5782193
4854_central-asia,0.2724157,0.7275843
3413_canada,0.4367412,0.56325877
10148_geowiki-landcover-2017,0.59191096,0.40808907
108_mali,0.58453923,0.41546074
571_tanzania-ceo,0.7366659,0.26333404
2369_rwanda-ceo,0.73666626,0.2633337
968_canada,0.27241516,0.72758484
72_lem-brazil,0.4267607,0.5732393
303_geowiki-landcover-2017,0.58453965,0.41546032
13012_geowiki-landcover-2017,0.42674965,0.57325035
4184_geowiki-landcover-2017,0.5919085,0.40809146
13706_croplands,0.42179587,0.57820415
22823_geowiki-landcover-2017,0.599274,0.40072602
816_tanzania-ceo,0.5845971,0.41540295
12618_geowiki-landcover-2017,0.7444909,0.25550914
6090_geowiki-landcover-2017,0.6017112,0.39828873
5544_geowiki-landcover-2017,0.59190243,0.40809762
873_rwanda-ceo,0.58947504,0.41052493
788_germany,0.27241588,0.72758406
8766_geowiki-landcover-2017,0.42675015,0.5732498
31365_geowiki-landcover-2017,0.7444901,0.2555099
2647_ile-de-france,0.2724151,0.7275849
2864_canada,0.421793,0.578207
10256_geowiki-landcover-2017,0.6017061,0.39829394
276_croplands,0.4217961,0.57820386
15956_geowiki-landcover-2017,0.6065622,0.3934378
14543_geowiki-landcover-2017,0.85279185,0.14720817
668_martinique-france,0.6016986,0.39830142
158_uganda,0.7502348,0.24976519
32893_geowiki-landcover-2017,0.4217956,0.5782044
683_ile-de-france,0.27258736,0.7274126
22261_geowiki-landcover-2017,0.27241507,0.72758496
24921_geowiki-landcover-2017,0.42179206,0.5782079
10392_geowiki-landcover-2017,0.42700467,0.5729953
13834_croplands,0.59190816,0.40809187
1498_germany,0.27243835,0.72756165
315_croplands,0.27260345,0.72739655
3049_ile-de-france,0.2724161,0.7275839
2066_geowiki-landcover-2017,0.852798,0.14720199
1800_geowiki-landcover-2017,0.74449044,0.25550953
1125_tanzania-ceo,0.58453643,0.41546357
26373_geowiki-landcover-2017,0.7444898,0.2555102
4927_geowiki-landcover-2017,0.7443694,0.25563064
1113_togo,0.74449015,0.25550982
2220_reunion-france,0.4367416,0.5632584
5312_canada,0.43674135,0.56325865
80_central-asia,0.42675138,0.5732486
25756_geowiki-landcover-2017,0.6065132,0.3934868
435_rwanda-ceo,0.59191096,0.40808907
5066_geowiki-landcover-2017,0.42179596,0.578204
550_tanzania-rice-ecaas,0.8527966,0.14720337
736_tanzania-ceo,0.59191084,0.4080891
756_togo,0.8527951,0.14720488
4876_canada,0.27241516,0.72758484
2845_ile-de-france,0.27241525,0.7275848
857_ile-de-france,0.27241516,0.72758484
3229_rwanda-ceo,0.5919108,0.40808925
33734_geowiki-landcover-2017,0.27241537,0.72758466
4_martinique-france,0.8527967,0.14720336
553_ethiopia,0.60656077,0.39343926
399_kenya-non-crop,0.7366657,0.26333427
2144_kenya-non-crop,0.8527982,0.14720179
29604_geowiki-landcover-2017,0.58453894,0.41546112
27470_geowiki-landcover-2017,0.5992762,0.4007238
1286_tanzania-ceo,0.59191096,0.408089
1164_canada,0.27241525,0.7275847
3885_canada,0.27241525,0.7275847
445_reunion-france,0.5919103,0.4080897
14332_geowiki-landcover-2017,0.60656095,0.39343905
10558_geowiki-landcover-2017,0.42674908,0.57325095
20069_geowiki-landcover-2017,0.59191084,0.4080892
2741_ile-de-france,0.2724158,0.72758424
11082_geowiki-landcover-2017,0.42179796,0.578202
24325_geowiki-landcover-2017,0.2724153,0.72758466
893_rwanda-ceo,0.73666567,0.26333436
13953_geowiki-landcover-2017,0.4217963,0.5782037
13224_geowiki-landcover-2017,0.7500866,0.24991335
3677_ile-de-france,0.2724152,0.72758484
623_geowiki-landcover-2017,0.58945656,0.4105435
180_tanzania-ceo,0.59190935,0.40809062
30398_geowiki-landcover-2017,0.2724152,0.72758484
34424_geowiki-landcover-2017,0.852789,0.14721103
5222_ile-de-france,0.27241588,0.72758406
23037_geowiki-landcover-2017,0.8527963,0.14720364
14081_croplands,0.59172624,0.40827373
33716_geowiki-landcover-2017,0.4217958,0.5782043
383_togo,0.42179772,0.5782023
20552_geowiki-landcover-2017,0.27245256,0.7275474
15236_geowiki-landcover-2017,0.5844692,0.41553086
1203_tanzania-ceo,0.73666495,0.26333505
1505_croplands,0.60171247,0.3982876
4856_ile-de-france,0.27241558,0.7275845
5347_canada,0.42179585,0.57820415
3217_rwanda-ceo,0.5919114,0.4080886
625_central-asia,0.2724172,0.7275828
5658_ile-de-france,0.27241525,0.7275848
2047_canada,0.27241513,0.72758484
71_reunion-france,0.59191024,0.40808976
141_sudan,0.5845302,0.41546986
2708_geowiki-landcover-2017,0.5845015,0.41549852
2559_central-asia,0.27241695,0.727583
34809_geowiki-landcover-2017,0.2724153,0.7275847
2929_geowiki-landcover-2017,0.584539,0.415461
28730_geowiki-landcover-2017,0.58668363,0.41331634
16028_geowiki-landcover-2017,0.5919096,0.40809038
21585_geowiki-landcover-2017,0.59191096,0.40808907
12171_geowiki-landcover-2017,0.7502368,0.24976319
11472_geowiki-landcover-2017,0.7444859,0.25551406
279_rwanda-ceo,0.7366657,0.26333427
18021_geowiki-landcover-2017,0.6013352,0.3986648
6229_geowiki-landcover-2017,0.59187186,0.40812817
935_germany,0.2724154,0.7275846
6045_geowiki-landcover-2017,0.7502222,0.24977785
1289_germany,0.42121443,0.5787856
17783_geowiki-landcover-2017,0.8527982,0.14720179
2221_tanzania-ceo,0.58453983,0.41546023
27717_geowiki-landcover-2017,0.42213547,0.57786447
313_rwanda-ceo,0.73665977,0.26334023
3406_geowiki-landcover-2017,0.43674204,0.56325793
4243_geowiki-landcover-2017,0.75023687,0.24976309
638_geowiki-landcover-2017,0.5919102,0.40808982
1173_germany,0.27241632,0.72758365
4326_ile-de-france,0.42179507,0.5782049
732_germany,0.272447,0.72755307
1222_rwanda-ceo,0.7502371,0.24976291
1347_geowiki-landcover-2017,0.59191066,0.40808928
742_martinique-france,0.4217954,0.5782046
6835_geowiki-landcover-2017,0.42179707,0.5782029
23000_geowiki-landcover-2017,0.42179573,0.5782043
10840_croplands,0.42183366,0.57816637
1304_martinique-france,0.75019974,0.24980025
2691_ile-de-france,0.27241537,0.72758466
538_lem-brazil,0.58456594,0.4154341
1335_croplands,0.74448526,0.2555148
34109_geowiki-landcover-2017,0.27241582,0.72758424
20181_geowiki-landcover-2017,0.60655296,0.39344707
18804_geowiki-landcover-2017,0.42674926,0.5732508
13586_croplands,0.4217946,0.57820547
12235_geowiki-landcover-2017,0.7502361,0.24976389
24008_geowiki-landcover-2017,0.42688203,0.573118
1234_togo,0.58453745,0.41546255
7021_geowiki-landcover-2017,0.42179844,0.5782016
3898_canada,0.2724153,0.7275847
524_germany,0.4217953,0.5782047
4819_ile-de-france,0.4367386,0.5632614
5956_ile-de-france,0.27241513,0.72758484
301_tanzania-ceo,0.59191036,0.40808964
1953_geowiki-landcover-2017,0.74456465,0.25543538
6408_geowiki-landcover-2017,0.4217934,0.5782066
1447_geowiki-landcover-2017,0.59190935,0.40809062
12144_geowiki-landcover-2017,0.42745057,0.57254946
2084_croplands,0.4217952,0.5782048
637_rwanda-ceo,0.8527981,0.14720194
285_ile-de-france,0.42179242,0.5782076
380_tanzania-ceo,0.7366658,0.26333416
4602_canada,0.42179513,0.5782049
33257_geowiki-landcover-2017,0.27241546,0.72758454
631_martinique-france,0.4218161,0.5781839
10252_geowiki-landcover-2017,0.7444907,0.2555093
523_reunion-france,0.61495423,0.38504574
1570_rwanda-ceo,0.73666316,0.26333684
23510_geowiki-landcover-2017,0.75023615,0.2497638
1603_rwanda-ceo,0.7366654,0.26333457
3418_canada,0.4367413,0.56325865
114_mali-non-crop,0.60171,0.39828998
4575_ile-de-france,0.2724152,0.7275848
53_martinique-france,0.74448615,0.25551388
197_reunion-france,0.7502366,0.24976346
158_ethiopia,0.73666626,0.26333374
22808_geowiki-landcover-2017,0.6017114,0.39828864
24702_geowiki-landcover-2017,0.5919114,0.4080886
6921_canada,0.27241525,0.7275847
34582_geowiki-landcover-2017,0.2724151,0.7275849
19339_geowiki-landcover-2017,0.27241525,0.7275848
34474_geowiki-landcover-2017,0.5845387,0.4154613
155_togo,0.5845392,0.41546085
1242_geowiki-landcover-2017,0.599277,0.40072292
474_central-asia,0.2724172,0.7275828
943_ile-de-france,0.2724165,0.72758347
3745_geowiki-landcover-2017,0.42234498,0.577655
314_geowiki-landcover-2017,0.8527965,0.14720343
5112_central-asia,0.27241567,0.72758436
2609_geowiki-landcover-2017,0.584539,0.415461
292_croplands,0.58454406,0.41545597
6218_geowiki-landcover-2017,0.27241746,0.7275825
11555_croplands,0.60170305,0.39829692
4849_central-asia,0.27241588,0.72758406
17693_geowiki-landcover-2017,0.60670924,0.3932908
22107_geowiki-landcover-2017,0.60656065,0.39343932
550_ethiopia,0.59190977,0.40809023
1533_geowiki-landcover-2017,0.75023615,0.24976388
2361_geowiki-landcover-2017,0.5845368,0.4154632
880_germany,0.27241564,0.72758436
2590_croplands,0.4217986,0.57820135
4611_canada,0.27242234,0.7275776
642_reunion-france,0.75023687,0.24976309
947_martinique-france,0.7443915,0.2556085
1544_martinique-france,0.73665667,0.26334333
15222_geowiki-landcover-2017,0.41932636,0.58067364
30_canada,0.43673962,0.5632604
1764_rwanda-ceo,0.7483239,0.25167602
201_tanzania-ceo,0.59191364,0.4080864
518_croplands,0.5919104,0.4080896
25365_geowiki-landcover-2017,0.27241525,0.7275847
795_ethiopia,0.7483294,0.25167063
1132_rwanda-ceo,0.7502379,0.24976206
34677_geowiki-landcover-2017,0.27241504,0.72758496
30668_geowiki-landcover-2017,0.4367406,0.56325936
1146_mali-helmets-labelling-crops,0.43132612,0.5686739
680_ile-de-france,0.42179522,0.5782048
4557_croplands,0.42179593,0.5782041
9365_croplands,0.27241537,0.72758466
624_geowiki-landcover-2017,0.5919126,0.4080874
325_tanzania,0.7366666,0.26333338
836_mali-helmets-labelling-crops,0.4217447,0.57825524
15454_geowiki-landcover-2017,0.59191203,0.40808794
28959_geowiki-landcover-2017,0.5919117,0.40808836
80_kenya-non-crop,0.852798,0.147202
18084_geowiki-landcover-2017,0.606561,0.39343902
1409_reunion-france,0.59191084,0.4080892
7642_canada,0.2724155,0.7275845
725_togo,0.7444904,0.25550956
29625_geowiki-landcover-2017,0.43676466,0.5632353
1257_rwanda-ceo,0.59191096,0.408089
2197_canada,0.43674168,0.56325835
3294_canada,0.6065599,0.39344016
3882_central-asia,0.2724337,0.7275663
3194_croplands,0.4218473,0.57815266
1833_martinique-france,0.8527951,0.1472049
671_lem-brazil,0.5846213,0.41537872
32248_geowiki-landcover-2017,0.58453983,0.4154602
2316_martinique-france,0.7444881,0.2555119
1911_tanzania-ceo,0.74458236,0.25541764
23709_geowiki-landcover-2017,0.42674914,0.5732509
5565_geowiki-landcover-2017,0.8527981,0.1472019
4585_canada,0.2724153,0.7275847
875_kenya-non-crop,0.73666584,0.2633341
3382_ile-de-france,0.2724153,0.7275847
1048_mali-helmets-labelling-crops,0.43132597,0.568674
377_germany,0.2724153,0.72758466
9398_croplands,0.27241576,0.7275843
4574_ile-de-france,0.27241507,0.7275849
31104_geowiki-landcover-2017,0.27241552,0.7275845
2291_geowiki-landcover-2017,0.5845375,0.41546246
3280_geowiki-landcover-2017,0.584539,0.41546103
168_geowiki-landcover-2017,0.7366598,0.26334012
18371_geowiki-landcover-2017,0.59927493,0.40072507
2638_rwanda-ceo,0.7366681,0.26333183
5560_canada,0.2724154,0.7275846
23218_geowiki-landcover-2017,0.4367421,0.56325793
7182_canada,0.27241647,0.7275835
2660_canada,0.42178798,0.5782121
10209_croplands,0.5919087,0.4080913
755_lem-brazil,0.5845424,0.41545764
1569_martinique-france,0.42179826,0.5782017
1241_ile-de-france,0.43672872,0.5632713
1006_central-asia,0.2724162,0.7275838
595_ethiopia,0.7366655,0.2633345
515_geowiki-landcover-2017,0.43673345,0.5632665
291_sudan,0.5845363,0.41546366
27234_geowiki-landcover-2017,0.5845262,0.41547385
10114_croplands,0.5914471,0.4085529
68_canada,0.27242893,0.72757107
3881_canada,0.27241546,0.72758454
41_martinique-france,0.60170794,0.39829206
27250_geowiki-landcover-2017,0.7444909,0.25550914
21763_geowiki-landcover-2017,0.7444177,0.25558227
33435_geowiki-landcover-2017,0.4367416,0.56325847
2829_central-asia,0.2724165,0.72758347
166_geowiki-landcover-2017,0.58453923,0.41546077
2081_germany,0.27241546,0.72758454
1539_central-asia,0.27246404,0.72753596
6026_ile-de-france,0.27241546,0.72758454
13150_geowiki-landcover-2017,0.5845386,0.4154614
34073_geowiki-landcover-2017,0.27241507,0.72758496
29551_geowiki-landcover-2017,0.2724155,0.72758454
2348_geowiki-landcover-2017,0.85279816,0.14720182
765_central-asia,0.27241644,0.7275835
35057_geowiki-landcover-2017,0.6065622,0.39343777
4086_ile-de-france,0.43674085,0.5632592
518_central-asia,0.27241677,0.7275832
29303_geowiki-landcover-2017,0.4367413,0.56325877
24206_geowiki-landcover-2017,0.7444805,0.2555195
3944_ile-de-france,0.27241585,0.7275841
2161_reunion-france,0.6017112,0.39828882
2713_rwanda-ceo,0.73665977,0.26334023
1204_kenya-non-crop,0.5919106,0.40808943
734_germany,0.421731,0.578269
26815_geowiki-landcover-2017,0.6065597,0.39344025
3447_geowiki-landcover-2017,0.73666495,0.26333505
2223_rwanda-ceo,0.75023514,0.24976483
410_germany,0.27241528,0.7275847
7559_geowiki-landcover-2017,0.5992773,0.40072268
547_tanzania-rice-ecaas,0.58454186,0.4154582
29657_geowiki-landcover-2017,0.58453804,0.41546202
960_kenya-non-crop,0.85279435,0.14720568
8056_geowiki-landcover-2017,0.74996054,0.25003943
24290_geowiki-landcover-2017,0.27241516,0.72758484
6344_geowiki-landcover-2017,0.42179585,0.57820415
29033_geowiki-landcover-2017,0.27241775,0.7275823
64_mali-helmets-labelling-crops,0.58453906,0.41546097
17999_geowiki-landcover-2017,0.5845394,0.41546062
9574_geowiki-landcover-2017,0.7444908,0.25550923
18870_geowiki-landcover-2017,0.4267496,0.5732504
30519_geowiki-landcover-2017,0.42179504,0.578205
5738_canada,0.27241516,0.72758484
2629_kenya-non-crop,0.85279477,0.1472052
2536_germany,0.4217961,0.57820386
101_tanzania,0.7366661,0.26333395
3496_rwanda-ceo,0.5923151,0.40768486
6631_canada,0.42179573,0.5782043
9906_geowiki-landcover-2017,0.7444899,0.25551006
3820_geowiki-landcover-2017,0.5845393,0.41546068
376_sudan,0.58453906,0.41546088
1369_geowiki-landcover-2017,0.59191126,0.40808877
24222_geowiki-landcover-2017,0.41931897,0.58068097
901_martinique-france,0.59927654,0.40072343
4951_central-asia,0.2725094,0.7274906
3756_central-asia,0.27242023,0.7275798
25410_geowiki-landcover-2017,0.27241528,0.7275847
5940_canada,0.27241516,0.72758484
77_ethiopia,0.7366661,0.26333395
2133_tanzania-ceo,0.5919112,0.4080888
1945_kenya-non-crop,0.5845395,0.4154605
3398_geowiki-landcover-2017,0.7444908,0.25550923
12218_geowiki-landcover-2017,0.27241528,0.7275847
4776_geowiki-landcover-2017,0.43674713,0.56325287
23128_geowiki-landcover-2017,0.60171133,0.39828867
30629_geowiki-landcover-2017,0.27241513,0.72758484
23083_geowiki-landcover-2017,0.74449074,0.25550926
31064_geowiki-landcover-2017,0.4217823,0.57821774
2217_central-asia,0.27241722,0.7275828
1506_croplands,0.42179677,0.5782032
16824_geowiki-landcover-2017,0.5896307,0.4103693
3736_ile-de-france,0.27242222,0.7275778
7136_canada,0.42179587,0.57820415
6156_geowiki-landcover-2017,0.42675042,0.5732496
3357_rwanda-ceo,0.7366618,0.26333815
1343_ile-de-france,0.27242005,0.72757995
15378_geowiki-landcover-2017,0.7502365,0.24976349
2690_reunion-france,0.59191084,0.4080892
1330_canada,0.27241516,0.72758484
3923_central-asia,0.4192808,0.5807192
25508_geowiki-landcover-2017,0.4217966,0.5782034
124_geowiki-landcover-2017,0.5919106,0.40808943
58_tanzania,0.73666567,0.2633343
4838_canada,0.2724151,0.72758484
4288_geowiki-landcover-2017,0.74448633,0.25551367
2863_rwanda-ceo,0.5919116,0.40808836
3739_canada,0.27241528,0.7275847
1966_reunion-france,0.59191024,0.40808976
1098_ile-de-france,0.27241516,0.72758484
4632_ile-de-france,0.27241525,0.7275848
2264_canada,0.2724152,0.72758484
1238_reunion-france,0.59191084,0.4080892
23096_geowiki-landcover-2017,0.748329,0.251671
1015_germany,0.2724153,0.7275847
983_tanzania-ceo,0.5919006,0.40809944
6626_canada,0.27241552,0.7275845
1613_canada,0.4217959,0.5782041
852_kenya-non-crop,0.7366632,0.26333675
26743_geowiki-landcover-2017,0.4367437,0.5632563
3409_central-asia,0.4192648,0.5807352
18168_geowiki-landcover-2017,0.7502368,0.24976319
854_ile-de-france,0.27241573,0.7275843
34231_geowiki-landcover-2017,0.42181647,0.57818353
2218_germany,0.27241662,0.7275834
351_rwanda-ceo,0.852793,0.14720704
2269_central-asia,0.27241683,0.72758317
11862_geowiki-landcover-2017,0.59190977,0.40809023
491_central-asia,0.27241626,0.7275837
20511_geowiki-landcover-2017,0.43675286,0.5632471
430_martinique-france,0.59191126,0.40808877
170_sudan,0.5845384,0.41546157
991_rwanda-ceo,0.7366617,0.26333833
1829_martinique-france,0.5845348,0.4154652
5707_ile-de-france,0.4367408,0.5632592
420_togo,0.5845363,0.41546375
550_rwanda-ceo,0.5919108,0.40808922
29_kenya,0.736666,0.26333398
10635_croplands,0.5918969,0.40810305
377_tanzania-ceo,0.74442697,0.25557303
805_tanzania-ceo,0.5845408,0.41545925
31116_geowiki-landcover-2017,0.74449044,0.25550953
574_reunion-france,0.59191054,0.40808943
26037_geowiki-landcover-2017,0.4217955,0.5782045
8630_geowiki-landcover-2017,0.43972263,0.5602774
1296_germany,0.27241558,0.7275845
638_germany,0.42179453,0.57820547
1742_martinique-france,0.744488,0.25551197
3778_geowiki-landcover-2017,0.5845512,0.41544876
241_canada,0.27241528,0.7275847
12480_geowiki-landcover-2017,0.5919107,0.40808928
4815_ile-de-france,0.2724153,0.72758466
506_ethiopia,0.7366646,0.2633354
3063_geowiki-landcover-2017,0.27255407,0.7274459
18590_geowiki-landcover-2017,0.85263824,0.14736174
760_geowiki-landcover-2017,0.7444908,0.25550926
5580_geowiki-landcover-2017,0.2724431,0.7275569
9173_geowiki-landcover-2017,0.42674914,0.5732509
575_rwanda-ceo,0.736666,0.26333398
807_croplands,0.7444907,0.25550938
7921_geowiki-landcover-2017,0.5919502,0.40804985
563_rwanda-ceo,0.85277903,0.14722103
2367_kenya-non-crop,0.74449044,0.25550953
42_rwanda-ceo,0.4268778,0.57312226
3716_geowiki-landcover-2017,0.7444909,0.25550905
15778_geowiki-landcover-2017,0.8527982,0.14720175
2_reunion-france,0.591909,0.40809098
103_mali-non-crop,0.60171044,0.39828953
5307_geowiki-landcover-2017,0.74448997,0.25550997
162_tanzania-ceo,0.73666567,0.2633343
3137_geowiki-landcover-2017,0.4217945,0.5782055
1777_tanzania-ceo,0.59191185,0.40808815
5044_canada,0.27241516,0.72758484
470_central-asia,0.27241662,0.7275834
4482_ile-de-france,0.27241886,0.7275812
5000_geowiki-landcover-2017,0.42182624,0.57817376
1619_canada,0.27241525,0.7275848
1991_canada,0.27241528,0.7275847
49_mali-non-crop,0.60171574,0.39828423
26690_geowiki-landcover-2017,0.42674863,0.57325137
265_tanzania-rice-ecaas,0.7366662,0.26333386
8416_geowiki-landcover-2017,0.59927505,0.4007249
802_mali-helmets-labelling-crops,0.42381117,0.57618886
9392_croplands,0.42178977,0.57821023
620_tanzania-rice-ecaas,0.7363591,0.2636409
1098_tanzania-ceo,0.73666257,0.26333737
22540_geowiki-landcover-2017,0.42179525,0.57820475
4378_croplands,0.42179835,0.57820165
8519_croplands,0.4219127,0.57808733
750_croplands,0.27241528,0.7275847
6864_canada,0.27241695,0.727583
29389_geowiki-landcover-2017,0.27241632,0.7275837
1006_canada,0.2724201,0.72757995
5799_ile-de-france,0.27241534,0.72758466
32750_geowiki-landcover-2017,0.58453786,0.4154621
487_ile-de-france,0.2724153,0.7275847
8945_geowiki-landcover-2017,0.60652643,0.39347357
18888_geowiki-landcover-2017,0.4267516,0.5732484
11891_geowiki-landcover-2017,0.58453995,0.41546
1967_tanzania-ceo,0.59190196,0.40809804
395_lem-brazil,0.744466,0.25553402
2683_canada,0.27241945,0.72758055
503_geowiki-landcover-2017,0.5840234,0.41597658
65_togo,0.58453894,0.41546106
20465_geowiki-landcover-2017,0.43674076,0.5632593
1606_reunion-france,0.42179808,0.57820195
90_rwanda-ceo,0.7502371,0.24976286
1916_germany,0.2724166,0.7275834
715_reunion-france,0.6065608,0.3934391
3093_central-asia,0.42179525,0.57820475
23665_geowiki-landcover-2017,0.7444888,0.2555112
30257_geowiki-landcover-2017,0.4367413,0.5632587
8498_geowiki-landcover-2017,0.4367428,0.56325716
19_martinique-france,0.8527913,0.14720865
814_togo,0.41932043,0.5806796
11912_geowiki-landcover-2017,0.59927607,0.40072393
875_tanzania-ceo,0.5845397,0.41546032
5234_geowiki-landcover-2017,0.5845388,0.4154612
3258_rwanda-ceo,0.591911,0.40808895
2308_germany,0.27241534,0.72758466
669_croplands,0.42179635,0.5782036
12135_geowiki-landcover-2017,0.2724152,0.7275848
3991_ile-de-france,0.42179522,0.5782048
266_tanzania-ceo,0.73666537,0.26333463
14103_geowiki-landcover-2017,0.6065611,0.39343888
30246_geowiki-landcover-2017,0.2724174,0.72758263
35708_geowiki-landcover-2017,0.58453935,0.41546065
247_tanzania-rice-ecaas,0.7366656,0.26333436
2887_canada,0.2724188,0.7275812
3430_geowiki-landcover-2017,0.5845385,0.41546145
8513_geowiki-landcover-2017,0.58454317,0.41545686
153_rwanda-ceo,0.7366663,0.26333365
26938_geowiki-landcover-2017,0.27241635,0.72758365
7289_canada,0.42179585,0.57820415
1594_germany,0.4217953,0.57820475
5152_geowiki-landcover-2017,0.41931978,0.5806802
2545_geowiki-landcover-2017,0.58453834,0.41546163
12864_croplands,0.42180547,0.5781945
295_mali-helmets-labelling-crops,0.42181158,0.5781884
11503_geowiki-landcover-2017,0.5918873,0.4081127
27707_geowiki-landcover-2017,0.27241507,0.7275849
1838_martinique-france,0.43666738,0.56333256
19136_geowiki-landcover-2017,0.43674818,0.56325185
11776_geowiki-landcover-2017,0.85279816,0.14720179
30833_geowiki-landcover-2017,0.43674162,0.56325835
73_togo,0.5845392,0.41546088
5917_canada,0.2724151,0.7275849
950_togo,0.58452964,0.4154704
442_mali-helmets-labelling-crops,0.5845392,0.41546082
47_martinique-france,0.42179614,0.57820386
2527_ile-de-france,0.27241716,0.7275828
1982_central-asia,0.42186785,0.57813215
262_geowiki-landcover-2017,0.41932425,0.5806758
901_germany,0.27246565,0.72753435
5063_canada,0.2724153,0.7275847
1604_martinique-france,0.60170597,0.39829403
1071_reunion-france,0.75022703,0.24977301
3056_canada,0.4367416,0.56325847
4392_ile-de-france,0.27241552,0.7275845
1796_ile-de-france,0.27241674,0.7275833
16356_geowiki-landcover-2017,0.85279816,0.14720179
14579_geowiki-landcover-2017,0.5919095,0.40809044
1680_tanzania-ceo,0.5919139,0.4080861
460_mali-helmets-labelling-crops,0.58453864,0.41546136
3070_central-asia,0.27241656,0.72758347
15761_geowiki-landcover-2017,0.4218087,0.57819134
17856_geowiki-landcover-2017,0.27242157,0.7275784
6202_canada,0.43674174,0.5632583
9161_geowiki-landcover-2017,0.73666644,0.26333353
1079_central-asia,0.27254966,0.7274503
1109_geowiki-landcover-2017,0.59191024,0.40808973
11898_geowiki-landcover-2017,0.5845355,0.41546455
1671_geowiki-landcover-2017,0.7502329,0.24976711
980_kenya-non-crop,0.85279715,0.14720283
3214_canada,0.4267483,0.57325166
123_mali,0.5845385,0.41546154
14168_geowiki-landcover-2017,0.7502356,0.24976434
6623_canada,0.272421,0.727579
103_lem-brazil,0.58470654,0.4152935
2438_ile-de-france,0.2724151,0.72758484
21132_geowiki-landcover-2017,0.2724164,0.7275836
515_kenya-non-crop,0.58946955,0.41053042
1851_canada,0.2724151,0.7275849
34_croplands,0.60171074,0.39828923
32_rwanda-ceo,0.5919119,0.4080881
515_canada,0.27241516,0.72758484
41_mali-helmets-labelling-crops,0.5845345,0.41546544
4252_central-asia,0.43674254,0.56325746
17862_geowiki-landcover-2017,0.2724874,0.7275126
1056_germany,0.27241513,0.72758484
3654_geowiki-landcover-2017,0.58454347,0.41545656
30792_geowiki-landcover-2017,0.27241513,0.72758484
2733_geowiki-landcover-2017,0.4367423,0.5632577
29189_geowiki-landcover-2017,0.27241513,0.72758484
12584_geowiki-landcover-2017,0.42178923,0.5782108
1866_tanzania-ceo,0.60171944,0.3982806
5836_croplands,0.4367447,0.56325537
34038_geowiki-landcover-2017,0.60656154,0.3934384
10599_geowiki-landcover-2017,0.2724151,0.7275849
5253_geowiki-landcover-2017,0.74448913,0.25551084
325_ile-de-france,0.4217948,0.5782052
14333_geowiki-landcover-2017,0.7502291,0.24977086
4934_ile-de-france,0.27241546,0.72758454
744_reunion-france,0.59191066,0.40808934
1174_canada,0.2724151,0.7275849
1186_canada,0.27241522,0.7275848
322_tanzania-rice-ecaas,0.85279685,0.14720313
21030_geowiki-landcover-2017,0.27241528,0.7275847
33733_geowiki-landcover-2017,0.2724155,0.7275845
7074_canada,0.4217942,0.57820576
1650_kenya-non-crop,0.7366625,0.2633375
3456_rwanda-ceo,0.75023687,0.24976309
3945_central-asia,0.58449924,0.41550076
4515_central-asia,0.42179638,0.5782036
13501_geowiki-landcover-2017,0.6065619,0.39343813
3781_geowiki-landcover-2017,0.5845392,0.41546088
1288_martinique-france,0.5845381,0.4154619
30260_geowiki-landcover-2017,0.42179716,0.5782029
272_ethiopia,0.73666584,0.2633341
513_ile-de-france,0.27241525,0.7275848
6547_geowiki-landcover-2017,0.58453953,0.41546044
675_kenya-non-crop,0.73664176,0.26335827
1826_martinique-france,0.4217925,0.5782075
1682_tanzania-ceo,0.7502405,0.24975947
2390_germany,0.42135048,0.5786495
3241_central-asia,0.4193254,0.5806745
457_geowiki-landcover-2017,0.73665965,0.26334035
5827_ile-de-france,0.2724154,0.7275846
293_martinique-france,0.7444896,0.2555104
5675_ile-de-france,0.27242672,0.7275732
188_germany,0.42179203,0.57820797
1137_ile-de-france,0.43645227,0.56354773
8155_geowiki-landcover-2017,0.59191227,0.4080877
1400_ile-de-france,0.27241576,0.72758424
2408_kenya-non-crop,0.584539,0.415461
202_ile-de-france,0.4367416,0.56325847
724_togo,0.7444903,0.25550964
370_germany,0.42175585,0.57824415
377_rwanda-ceo,0.8527979,0.14720206
30879_geowiki-landcover-2017,0.27241528,0.7275847
12960_geowiki-landcover-2017,0.73667777,0.26332223
2149_canada,0.43674138,0.56325865
498_geowiki-landcover-2017,0.60655695,0.39344305
2274_germany,0.42179567,0.57820433
17246_geowiki-landcover-2017,0.43675876,0.5632413
7740_canada,0.27241802,0.727582
6_mali,0.5845275,0.41547245
453_tanzania-rice-ecaas,0.7366651,0.26333487
2661_reunion-france,0.5919068,0.40809318
31914_geowiki-landcover-2017,0.42567223,0.57432777
369_tanzania-ceo,0.85277736,0.14722261
28281_geowiki-landcover-2017,0.42179573,0.5782043
575_germany,0.2724156,0.72758436
2027_canada,0.27241528,0.7275847
1540_martinique-france,0.58453786,0.4154621
32068_geowiki-landcover-2017,0.4267484,0.57325155
2624_central-asia,0.2724229,0.7275771
7443_canada,0.272416,0.72758394
29148_geowiki-landcover-2017,0.27241522,0.7275848
1038_tanzania-ceo,0.59191084,0.4080892
1158_rwanda-ceo,0.5919104,0.40808955
482_tanzania-ceo,0.7502362,0.24976376
1574_tanzania-ceo,0.58453953,0.41546047
1238_kenya-non-crop,0.74448997,0.25551006
2255_reunion-france,0.59191054,0.40808952
30709_geowiki-landcover-2017,0.27241513,0.72758484
994_ile-de-france,0.2724175,0.7275825
3347_geowiki-landcover-2017,0.5845399,0.41546008
657_togo,0.58453506,0.4154649
2000_rwanda-ceo,0.7502372,0.24976282
1072_rwanda-ceo,0.42675862,0.57324135
28_mali-helmets-labelling-crops,0.58453834,0.41546166
5806_croplands,0.6017067,0.39829335
5711_canada,0.272417,0.72758293
26352_geowiki-landcover-2017,0.7444909,0.25550905
5927_geowiki-landcover-2017,0.27241904,0.7275809
27913_geowiki-landcover-2017,0.60655004,0.39344993
6607_geowiki-landcover-2017,0.27243614,0.72756386
15914_geowiki-landcover-2017,0.42674968,0.5732503
2425_geowiki-landcover-2017,0.7445014,0.25549856
29775_geowiki-landcover-2017,0.4217954,0.57820463
436_croplands,0.4217953,0.5782047
18393_geowiki-landcover-2017,0.4218017,0.5781984
12324_geowiki-landcover-2017,0.58453727,0.41546267
10328_geowiki-landcover-2017,0.27246478,0.72753525
15254_geowiki-landcover-2017,0.5845399,0.41546008
386_ethiopia,0.60677266,0.39322728
23572_geowiki-landcover-2017,0.42674938,0.57325065
11046_geowiki-landcover-2017,0.42179468,0.57820535
422_tanzania-rice-ecaas,0.73666376,0.2633363
221_croplands,0.2724153,0.72758466
17277_geowiki-landcover-2017,0.58453965,0.41546038
848_ile-de-france,0.27301446,0.7269855
15146_geowiki-landcover-2017,0.5919071,0.40809295
424_tanzania-ceo,0.73666567,0.2633343
8521_croplands,0.59191,0.40809003
33182_geowiki-landcover-2017,0.4367434,0.5632566
19258_geowiki-landcover-2017,0.42674917,0.5732508
4801_central-asia,0.27244693,0.7275531
21289_geowiki-landcover-2017,0.60171115,0.39828888
711_mali-helmets-labelling-crops,0.5845392,0.41546088
19883_geowiki-landcover-2017,0.27241504,0.72758496
183_kenya-non-crop,0.7366658,0.2633342
6981_canada,0.27243623,0.7275638
1582_ile-de-france,0.2724172,0.7275828
2035_geowiki-landcover-2017,0.7502476,0.24975237
2458_reunion-france,0.6017111,0.3982889
1063_martinique-france,0.60170996,0.39829007
809_togo,0.58453304,0.41546696
2542_geowiki-landcover-2017,0.5845394,0.41546062
1516_ile-de-france,0.27241686,0.72758317
1313_tanzania-ceo,0.74449027,0.2555097
26758_geowiki-landcover-2017,0.7502371,0.24976291
697_rwanda-ceo,0.85279775,0.14720228
10056_croplands,0.42684528,0.57315475
709_croplands,0.4218056,0.57819444
9659_geowiki-landcover-2017,0.60656023,0.39343974
9546_croplands,0.42179492,0.5782051
1278_martinique-france,0.43683615,0.5631638
2105_ile-de-france,0.2724152,0.7275848
4161_central-asia,0.27241594,0.72758406
10853_croplands,0.5845403,0.41545966
1061_croplands,0.42179552,0.5782045
1008_reunion-france,0.6017082,0.39829183
33198_geowiki-landcover-2017,0.2724151,0.7275849
2456_canada,0.4217961,0.57820386
1795_geowiki-landcover-2017,0.41932178,0.5806782
294_ile-de-france,0.2724155,0.72758454
5920_geowiki-landcover-2017,0.7444753,0.25552467
1753_central-asia,0.4220346,0.57796544
2495_rwanda-ceo,0.591912,0.40808803
1381_canada,0.27241525,0.7275847
1409_rwanda-ceo,0.8527934,0.14720663
18985_geowiki-landcover-2017,0.42179573,0.5782043
4243_ile-de-france,0.27241546,0.72758454
17606_geowiki-landcover-2017,0.27241585,0.7275841
103_kenya-non-crop,0.7366624,0.2633376
4513_croplands,0.42179692,0.578203
306_lem-brazil,0.5845407,0.4154593
2328_kenya-non-crop,0.59190834,0.4080917
1121_martinique-france,0.5845359,0.4154641
25600_geowiki-landcover-2017,0.4267686,0.5732314
529_rwanda-ceo,0.591911,0.40808898
2701_reunion-france,0.6065622,0.39343783
19086_geowiki-landcover-2017,0.60664326,0.39335677
6637_geowiki-landcover-2017,0.42180508,0.5781949
279_tanzania-rice-ecaas,0.73666495,0.26333505
7669_canada,0.2724152,0.72758484
8171_geowiki-landcover-2017,0.43673554,0.5632644
2121_croplands,0.42179564,0.5782044
16687_geowiki-landcover-2017,0.7366653,0.26333472
27056_geowiki-landcover-2017,0.2724152,0.7275848
4811_canada,0.27242023,0.7275798
179_germany,0.27241597,0.72758406
16152_geowiki-landcover-2017,0.4267516,0.5732483
743_central-asia,0.27241823,0.7275818
3987_geowiki-landcover-2017,0.7366503,0.2633497
30756_geowiki-landcover-2017,0.58453923,0.41546077
609_tanzania-ceo,0.74448764,0.25551233
8504_geowiki-landcover-2017,0.85279816,0.14720185
33090_geowiki-landcover-2017,0.8527965,0.14720353
716_canada,0.27241525,0.7275848
1637_ile-de-france,0.27241558,0.7275845
19192_geowiki-landcover-2017,0.43674204,0.56325793
2946_ile-de-france,0.2724155,0.7275845
1033_togo,0.58447665,0.4155233
412_ile-de-france,0.4217569,0.5782431
5060_geowiki-landcover-2017,0.7487045,0.25129545
92_tanzania,0.73666483,0.2633352
2015_ile-de-france,0.27241534,0.72758466
2043_tanzania-ceo,0.58453953,0.41546044
2009_kenya-non-crop,0.74449086,0.25550917
2478_germany,0.42179373,0.5782063
364_tanzania-rice-ecaas,0.73666453,0.2633355
3356_rwanda-ceo,0.59191096,0.40808907
1951_central-asia,0.2724752,0.72752476
390_kenya-non-crop,0.7366664,0.26333365
10432_geowiki-landcover-2017,0.2724151,0.72758484
1825_canada,0.2724153,0.7275847
332_croplands,0.2724154,0.7275846
272_togo,0.42179728,0.5782027
2184_kenya-non-crop,0.5845388,0.41546112
1042_canada,0.2724235,0.7275765
845_central-asia,0.27241644,0.7275836
504_lem-brazil,0.74449116,0.2555088
139_tanzania,0.7366555,0.26334453
1048_tanzania-ceo,0.74447817,0.2555218
15725_geowiki-landcover-2017,0.5845454,0.4154547
1351_mali-helmets-labelling-crops,0.42179677,0.5782032
34796_geowiki-landcover-2017,0.27242547,0.7275746
32495_geowiki-landcover-2017,0.42179614,0.57820386
12608_croplands,0.41932243,0.58067757
1193_martinique-france,0.4267506,0.5732494
4146_croplands,0.41932076,0.58067924
10887_croplands,0.5845383,0.41546175
2266_germany,0.27241525,0.7275847
1789_reunion-france,0.59191024,0.40808976
6054_canada,0.2724162,0.72758377
1782_canada,0.4365982,0.5634018
227_ile-de-france,0.27243564,0.72756433
857_reunion-france,0.75023633,0.24976367
3096_ile-de-france,0.27241525,0.7275847
1886_geowiki-landcover-2017,0.7444908,0.25550923
9443_geowiki-landcover-2017,0.4338402,0.56615984
5204_central-asia,0.4192639,0.5807361
1725_kenya-non-crop,0.85279584,0.14720415
238_croplands,0.2724152,0.7275848
1362_canada,0.27241525,0.7275848
30165_geowiki-landcover-2017,0.42179602,0.578204
25037_geowiki-landcover-2017,0.4219426,0.5780574
1288_rwanda-ceo,0.8527974,0.14720263
1017_togo,0.7442853,0.25571474
10087_croplands,0.59190917,0.40809077
93_ile-de-france,0.2724153,0.7275847
554_tanzania-rice-ecaas,0.73656505,0.263435
12702_geowiki-landcover-2017,0.60656077,0.39343923
20160_geowiki-landcover-2017,0.4630909,0.5369091
2587_ile-de-france,0.27241552,0.7275845
2312_central-asia,0.2724171,0.72758293
34783_geowiki-landcover-2017,0.27243385,0.7275662
398_tanzania-rice-ecaas,0.58721066,0.41278934
3452_croplands,0.59190726,0.40809277
9550_geowiki-landcover-2017,0.42675346,0.57324654
338_ile-de-france,0.42179006,0.57820994
13952_geowiki-landcover-2017,0.43674183,0.5632581
14093_croplands,0.5919045,0.40809554
733_tanzania-ceo,0.7502367,0.24976327
1213_central-asia,0.27487847,0.7251215
30887_geowiki-landcover-2017,0.43675333,0.56324667
1007_mali-helmets-labelling-crops,0.4238086,0.57619137
34311_geowiki-landcover-2017,0.73665404,0.26334602
1380_tanzania-ceo,0.5919103,0.4080897
9923_geowiki-landcover-2017,0.7444904,0.25550956
1037_togo,0.74449027,0.2555097
1322_kenya-non-crop,0.7502341,0.24976589
7042_geowiki-landcover-2017,0.27241498,0.727585
334_ethiopia,0.8527962,0.14720382
22418_geowiki-landcover-2017,0.7444706,0.25552943
866_croplands,0.584748,0.415252
13840_geowiki-landcover-2017,0.4267491,0.5732509
4671_geowiki-landcover-2017,0.59191084,0.4080892
2523_geowiki-landcover-2017,0.5992454,0.4007546
11034_croplands,0.59191024,0.40808976
13817_geowiki-landcover-2017,0.60656065,0.39343935
6563_geowiki-landcover-2017,0.43673244,0.5632675
1929_central-asia,0.27247542,0.7275246
12372_geowiki-landcover-2017,0.42677167,0.57322836
26567_geowiki-landcover-2017,0.43675512,0.5632449
1909_kenya-non-crop,0.8527979,0.14720207
1817_rwanda-ceo,0.7362802,0.26371983
1249_tanzania-ceo,0.73666495,0.26333505
25486_geowiki-landcover-2017,0.2724152,0.72758484
1870_canada,0.27241516,0.72758484
13440_geowiki-landcover-2017,0.74441093,0.25558907
7525_geowiki-landcover-2017,0.42179602,0.578204
252_martinique-france,0.60171086,0.39828914
31_canada,0.4367412,0.56325877
319_ile-de-france,0.27241775,0.7275823
700_reunion-france,0.5919029,0.40809712
13006_geowiki-landcover-2017,0.42179573,0.5782043
440_canada,0.27241525,0.7275847
4324_croplands,0.42178774,0.57821226
242_tanzania-ceo,0.73666584,0.26333416
742_central-asia,0.27241722,0.72758275
3538_ile-de-france,0.27241516,0.72758484
245_ile-de-france,0.27241558,0.7275844
2345_canada,0.2724198,0.7275802
1750_canada,0.2724154,0.7275846
5470_ile-de-france,0.27241576,0.72758424
7490_canada,0.42176574,0.57823426
16988_geowiki-landcover-2017,0.74448997,0.25550997
7127_canada,0.27241609,0.7275839
720_reunion-france,0.750226,0.249774
3793_canada,0.27241516,0.72758484
1441_mali-helmets-labelling-crops,0.42179516,0.5782049
32338_geowiki-landcover-2017,0.27241525,0.7275848
4175_central-asia,0.27241683,0.72758317
21248_geowiki-landcover-2017,0.7502288,0.24977113
4027_central-asia,0.5844676,0.4155324
4286_geowiki-landcover-2017,0.7444903,0.25550964
1792_germany,0.27241516,0.72758484
1564_canada,0.27242807,0.72757196
16281_geowiki-landcover-2017,0.7366677,0.26333234
355_togo,0.5845385,0.41546154
23009_geowiki-landcover-2017,0.41950953,0.5804905
1539_canada,0.42179555,0.5782045
4381_geowiki-landcover-2017,0.5992772,0.4007228
1988_reunion-france,0.5919104,0.40808952
27682_geowiki-landcover-2017,0.43674183,0.5632581
34280_geowiki-landcover-2017,0.5845028,0.4154972
1127_togo,0.74417686,0.25582314
1839_ile-de-france,0.42179507,0.57820493
3408_ile-de-france,0.2724152,0.7275848
505_mali-helmets-labelling-crops,0.5845374,0.41546258
464_croplands,0.2724151,0.72758484
101_mali,0.58453894,0.41546106
7223_geowiki-landcover-2017,0.27241516,0.72758484
1512_canada,0.27241516,0.72758484
5166_geowiki-landcover-2017,0.58453953,0.41546047
128_togo,0.58454055,0.41545942
32768_geowiki-landcover-2017,0.7444884,0.25551158
1747_tanzania-ceo,0.7366658,0.2633342
1665_tanzania-ceo,0.7444908,0.25550923
390_mali-helmets-labelling-crops,0.58453906,0.41546088
30394_geowiki-landcover-2017,0.27241924,0.7275808
7769_geowiki-landcover-2017,0.42182463,0.57817537
21206_geowiki-landcover-2017,0.7366643,0.26333568
905_central-asia,0.42179424,0.57820576
56_germany,0.27241606,0.72758394
3019_ile-de-france,0.2724152,0.7275848
32285_geowiki-landcover-2017,0.27241936,0.72758067
33486_geowiki-landcover-2017,0.27242237,0.7275776
106_tanzania,0.8527903,0.1472097
339_togo,0.7444854,0.2555146
349_mali-helmets-labelling-crops,0.5845393,0.4154607
4647_central-asia,0.27241582,0.72758424
6845_canada,0.43673933,0.5632607
2712_geowiki-landcover-2017,0.5845395,0.41546053
4982_geowiki-landcover-2017,0.7484202,0.25157982
32299_geowiki-landcover-2017,0.27241528,0.7275847
1705_ile-de-france,0.27241522,0.7275848
498_croplands,0.42179397,0.578206
1956_martinique-france,0.6017322,0.39826778
4959_ile-de-france,0.27241886,0.7275812
670_reunion-france,0.5919102,0.4080898
7133_geowiki-landcover-2017,0.5894562,0.41054374
3604_ile-de-france,0.27252638,0.7274736
12707_geowiki-landcover-2017,0.4367411,0.5632589
3225_canada,0.4367417,0.5632583
28910_geowiki-landcover-2017,0.27241623,0.72758377
4769_ile-de-france,0.27241614,0.7275838
4622_ile-de-france,0.27241513,0.72758484
1580_martinique-france,0.6017108,0.39828923
1545_tanzania-ceo,0.7502312,0.24976881
290_central-asia,0.27241567,0.72758436
329_ethiopia,0.7366657,0.26333427
1162_germany,0.2724154,0.7275846
791_ethiopia,0.41932222,0.58067775
1861_martinique-france,0.4217961,0.5782039
8497_croplands,0.42180088,0.5781991
3361_central-asia,0.41927376,0.58072627
5290_canada,0.27241507,0.7275849
765_ethiopia,0.4194115,0.5805885
41_ile-de-france,0.27241516,0.72758484
32366_geowiki-landcover-2017,0.58453834,0.4154617
740_martinique-france,0.42181763,0.57818234
2313_canada,0.27241537,0.7275846
23422_geowiki-landcover-2017,0.60577,0.39423004
26458_geowiki-landcover-2017,0.42674935,0.57325065
2099_tanzania-ceo,0.7366654,0.26333457
803_rwanda-ceo,0.5919115,0.40808848
4150_geowiki-landcover-2017,0.7366661,0.26333395
15504_geowiki-landcover-2017,0.43673775,0.5632623
1589_rwanda-ceo,0.7366662,0.2633338
20508_geowiki-landcover-2017,0.5894373,0.41056266
210_kenya,0.85277563,0.1472244
21687_geowiki-landcover-2017,0.60656166,0.3934384
508_ethiopia,0.73666376,0.2633362
12271_geowiki-landcover-2017,0.27243912,0.7275609
11645_croplands,0.58453655,0.41546345
2270_rwanda-ceo,0.85279816,0.14720187
15058_geowiki-landcover-2017,0.5993897,0.40061033
2015_martinique-france,0.5844724,0.41552755
2535_geowiki-landcover-2017,0.5845387,0.4154613
784_geowiki-landcover-2017,0.73666435,0.26333568
1292_central-asia,0.42451778,0.5754822
35558_geowiki-landcover-2017,0.58453786,0.4154622
2864_ile-de-france,0.27242,0.72758
13566_croplands,0.42171967,0.5782803
1034_kenya-non-crop,0.73666567,0.26333433
1222_tanzania-ceo,0.7502153,0.24978471
17772_geowiki-landcover-2017,0.6059175,0.3940825
618_germany,0.42179564,0.5782044
1179_ile-de-france,0.2724243,0.7275757
1857_geowiki-landcover-2017,0.74448997,0.25551006
1224_rwanda-ceo,0.5919295,0.4080705
29054_geowiki-landcover-2017,0.27241534,0.72758466
2711_canada,0.27241507,0.7275849
21184_geowiki-landcover-2017,0.2724156,0.7275844
32961_geowiki-landcover-2017,0.5845394,0.41546062
180_mali-helmets-labelling-crops,0.5845389,0.41546112
5145_central-asia,0.27250952,0.7274905
1953_reunion-france,0.75023615,0.2497638
1522_reunion-france,0.7502366,0.24976346
853_togo,0.73668164,0.26331836
17708_geowiki-landcover-2017,0.42179555,0.57820445
1201_togo,0.5845373,0.41546267
1785_rwanda-ceo,0.7366651,0.2633348
101_ethiopia,0.73666465,0.26333535
1188_germany,0.27241626,0.7275837
1180_rwanda-ceo,0.7502379,0.24976206
3613_geowiki-landcover-2017,0.74448764,0.2555124
24641_geowiki-landcover-2017,0.60656095,0.39343902
3851_croplands,0.7444875,0.25551242
1928_tanzania-ceo,0.81415176,0.18584824
7253_geowiki-landcover-2017,0.42182425,0.5781757
678_central-asia,0.42179114,0.57820886
5034_central-asia,0.41916522,0.5808348
672_lem-brazil,0.73665506,0.26334494
6805_canada,0.27241525,0.7275847
12568_geowiki-landcover-2017,0.59191746,0.40808252
702_germany,0.42179507,0.5782049
4605_croplands,0.42174634,0.5782537
776_geowiki-landcover-2017,0.7444908,0.25550926
2124_ile-de-france,0.27712852,0.7228715
1449_rwanda-ceo,0.75025505,0.24974497
6745_geowiki-landcover-2017,0.58453876,0.4154612
2775_rwanda-ceo,0.59191126,0.40808877
5372_ile-de-france,0.27241564,0.72758436
169_martinique-france,0.669034,0.33096603
6242_canada,0.27241516,0.72758484
16578_geowiki-landcover-2017,0.7444905,0.25550947
524_central-asia,0.27241609,0.7275839
1325_kenya-non-crop,0.5845386,0.41546145
299_canada,0.27241567,0.72758436
145_kenya-non-crop,0.8527979,0.14720207
21090_geowiki-landcover-2017,0.27241513,0.72758484
705_geowiki-landcover-2017,0.5919098,0.40809014
12071_geowiki-landcover-2017,0.27243787,0.7275621
1018_kenya-non-crop,0.85279775,0.14720222
23645_geowiki-landcover-2017,0.74448717,0.25551283
97_canada,0.2724153,0.72758466
10307_geowiki-landcover-2017,0.5919111,0.40808892
7493_geowiki-landcover-2017,0.421796,0.578204
23999_geowiki-landcover-2017,0.59928185,0.40071818
38_germany,0.42179492,0.5782051
30211_geowiki-landcover-2017,0.5845376,0.4154624
12268_geowiki-landcover-2017,0.5905598,0.4094402
33230_geowiki-landcover-2017,0.27241513,0.72758484
287_tanzania-rice-ecaas,0.7366651,0.2633348
6803_canada,0.2724152,0.72758484
104_uganda,0.5919099,0.4080901
346_ile-de-france,0.27241528,0.7275847
5844_ile-de-france,0.2724151,0.72758484
682_lem-brazil,0.7361328,0.26386717
33834_geowiki-landcover-2017,0.42179638,0.5782036
10133_croplands,0.5917555,0.40824446
6135_geowiki-landcover-2017,0.75023687,0.24976309
16453_geowiki-landcover-2017,0.74449086,0.25550917
230_croplands,0.2724153,0.7275847
3056_central-asia,0.4217962,0.57820374
259_ile-de-france,0.27241695,0.72758305
2412_canada,0.27241513,0.72758484
3844_geowiki-landcover-2017,0.5919121,0.40808788
13886_croplands,0.4267422,0.57325786
4421_ile-de-france,0.27241525,0.7275847
5478_ile-de-france,0.27247003,0.72752994
25154_geowiki-landcover-2017,0.5995558,0.40044424
251_reunion-france,0.42180014,0.57819986
4795_geowiki-landcover-2017,0.5919167,0.40808326
962_germany,0.27241796,0.7275821
2029_rwanda-ceo,0.5919108,0.40808925
31730_geowiki-landcover-2017,0.27241552,0.7275845
3656_canada,0.2724205,0.7275795
1428_kenya-non-crop,0.8527972,0.14720273
20674_geowiki-landcover-2017,0.42179745,0.57820255
27581_geowiki-landcover-2017,0.2724156,0.72758436
32148_geowiki-landcover-2017,0.6065594,0.3934406
23328_geowiki-landcover-2017,0.27241525,0.7275847
13160_geowiki-landcover-2017,0.85257816,0.14742178
24666_geowiki-landcover-2017,0.43674153,0.56325847
13072_croplands,0.42680305,0.57319695
1444_geowiki-landcover-2017,0.5919106,0.40808937
437_canada,0.27241516,0.72758484
2479_kenya-non-crop,0.7366657,0.26333427
31571_geowiki-landcover-2017,0.5845423,0.4154578
5310_ile-de-france,0.27241576,0.7275843
924_germany,0.42179552,0.5782045
10195_geowiki-landcover-2017,0.5919104,0.40808955
4893_canada,0.27241546,0.72758454
14524_geowiki-landcover-2017,0.75022185,0.24977817
1578_kenya-non-crop,0.7502356,0.24976434
1480_mali-helmets-labelling-crops,0.43132612,0.56867385
1269_tanzania-ceo,0.75023395,0.24976604
2879_rwanda-ceo,0.75023705,0.24976295
24569_geowiki-landcover-2017,0.42674953,0.5732505
21009_geowiki-landcover-2017,0.27241567,0.72758436
34359_geowiki-landcover-2017,0.58453804,0.415462
649_lem-brazil,0.5845486,0.4154514
5636_canada,0.4217955,0.5782045
575_mali-helmets-labelling-crops,0.58453685,0.4154631
4108_geowiki-landcover-2017,0.7444904,0.25550961
6822_geowiki-landcover-2017,0.42675278,0.5732472
4336_canada,0.27241534,0.72758466
9904_geowiki-landcover-2017,0.59190816,0.40809187
3126_ile-de-france,0.2724152,0.72758484
9151_croplands,0.27241543,0.7275846
22530_geowiki-landcover-2017,0.75023496,0.24976508
2294_germany,0.4217955,0.5782045
24655_geowiki-landcover-2017,0.27241528,0.7275847
2730_ile-de-france,0.27241546,0.72758454
24694_geowiki-landcover-2017,0.426752,0.573248
2303_germany,0.27241534,0.72758466
4489_canada,0.42179567,0.57820433
2014_rwanda-ceo,0.59191144,0.40808856
2396_rwanda-ceo,0.85279036,0.14720964
29322_geowiki-landcover-2017,0.27241516,0.72758484
1812_martinique-france,0.5897991,0.41020086
32910_geowiki-landcover-2017,0.42179865,0.57820135
10010_croplands,0.5918934,0.40810657
499_ile-de-france,0.421792,0.57820797
13788_geowiki-landcover-2017,0.4267491,0.5732509
11387_croplands,0.42180145,0.5781985
526_martinique-france,0.42179826,0.5782018
49_kenya,0.736666,0.26333398
2522_rwanda-ceo,0.591921,0.408079
3715_croplands,0.42179573,0.5782043
15698_geowiki-landcover-2017,0.43674108,0.5632589
1515_canada,0.4217953,0.57820475
1806_rwanda-ceo,0.59192103,0.4080789
996_kenya-non-crop,0.8527972,0.14720273
1103_kenya-non-crop,0.7483278,0.2516722
7952_canada,0.2724152,0.7275848
2723_geowiki-landcover-2017,0.58453804,0.41546202
2014_kenya-non-crop,0.74449027,0.25550973
7102_canada,0.27241632,0.7275837
535_germany,0.27241862,0.7275814
370_tanzania-rice-ecaas,0.73665935,0.26334062
2156_geowiki-landcover-2017,0.4207207,0.57927924
1471_germany,0.41516554,0.58483446
6012_geowiki-landcover-2017,0.42674744,0.57325256
17422_geowiki-landcover-2017,0.42675325,0.5732468
3907_ile-de-france,0.4217954,0.57820463
1445_croplands,0.42177916,0.57822084
1876_martinique-france,0.4217971,0.5782029
406_ile-de-france,0.2725786,0.72742146
35599_geowiki-landcover-2017,0.41932735,0.5806727
13232_geowiki-landcover-2017,0.74449104,0.2555089
23494_geowiki-landcover-2017,0.60656023,0.39343974
1974_kenya-non-crop,0.744491,0.25550902
2371_reunion-france,0.5919111,0.4080889
14050_croplands,0.5919093,0.40809077
357_rwanda-ceo,0.8527976,0.14720236
360_martinique-france,0.43674386,0.56325614
9959_geowiki-landcover-2017,0.5845488,0.41545126
741_mali-helmets-labelling-crops,0.58453804,0.41546196
22594_geowiki-landcover-2017,0.27241674,0.7275832
781_germany,0.42179483,0.5782051
12007_geowiki-landcover-2017,0.8527963,0.14720364
20943_geowiki-landcover-2017,0.2724154,0.7275846
28093_geowiki-landcover-2017,0.42179722,0.5782028
15740_geowiki-landcover-2017,0.58453953,0.41546047
438_mali-helmets-labelling-crops,0.5845392,0.4154608
3680_central-asia,0.2724372,0.7275628
4831_geowiki-landcover-2017,0.7444908,0.25550923
29002_geowiki-landcover-2017,0.59190995,0.40809003
19221_geowiki-landcover-2017,0.8527978,0.14720216
5416_ile-de-france,0.2724153,0.72758466
195_kenya,0.73666656,0.2633334
28371_geowiki-landcover-2017,0.59191084,0.4080892
1022_rwanda-ceo,0.8527982,0.14720176
2389_geowiki-landcover-2017,0.7366654,0.26333463
25736_geowiki-landcover-2017,0.5894545,0.41054553
1206_kenya-non-crop,0.8527981,0.14720194
898_germany,0.42179507,0.5782049
12530_geowiki-landcover-2017,0.6065574,0.3934426
4417_ile-de-france,0.27241543,0.7275846
8174_geowiki-landcover-2017,0.74449074,0.25550926
30011_geowiki-landcover-2017,0.7366639,0.26333615
3193_ile-de-france,0.27241516,0.72758484
634_tanzania-ceo,0.73659116,0.2634088
19588_geowiki-landcover-2017,0.27242696,0.727573
629_croplands,0.5845394,0.41546065
11051_croplands,0.59190875,0.40809128
555_geowiki-landcover-2017,0.59191054,0.40808952
2362_ile-de-france,0.2724304,0.7275696
2577_reunion-france,0.6017042,0.39829585
296_martinique-france,0.59191066,0.40808934
1171_ile-de-france,0.27241588,0.72758406
6635_canada,0.27241513,0.72758484
29459_geowiki-landcover-2017,0.4217954,0.5782046
3560_rwanda-ceo,0.74833673,0.2516633
5018_ile-de-france,0.27241528,0.7275847
7882_canada,0.27241528,0.7275847
180_central-asia,0.27241784,0.7275822
1365_tanzania-ceo,0.5919108,0.4080892
1262_geowiki-landcover-2017,0.59190893,0.4080911
4743_ile-de-france,0.27241516,0.72758484
4443_ile-de-france,0.60158044,0.39841956
23423_geowiki-landcover-2017,0.27241603,0.72758394
27013_geowiki-landcover-2017,0.42178822,0.57821184
1194_martinique-france,0.5919075,0.40809253
29581_geowiki-landcover-2017,0.5919104,0.40808952
4820_ile-de-france,0.42167848,0.5783215
5723_geowiki-landcover-2017,0.60656184,0.3934382
23438_geowiki-landcover-2017,0.42675036,0.57324964
9468_geowiki-landcover-2017,0.41933006,0.58066994
514_martinique-france,0.750139,0.24986099
1350_ile-de-france,0.27241513,0.72758484
164_geowiki-landcover-2017,0.73666114,0.2633389
2443_reunion-france,0.75023615,0.24976388
932_central-asia,0.27241573,0.7275843
16844_geowiki-landcover-2017,0.8527976,0.14720239
2534_canada,0.27241588,0.72758406
318_sudan,0.5845392,0.4154608
780_rwanda-ceo,0.59191054,0.40808943
33030_geowiki-landcover-2017,0.58452994,0.41547006
476_togo,0.5845393,0.41546074
15626_geowiki-landcover-2017,0.59190476,0.40809524
2528_central-asia,0.28969088,0.71030915
1394_germany,0.4217954,0.5782046
182_lem-brazil,0.74451774,0.2554822
624_togo,0.5845426,0.4154574
1593_tanzania-ceo,0.5845405,0.41545954
26978_geowiki-landcover-2017,0.60656005,0.39343998
150_sudan,0.58454007,0.41545996
31014_geowiki-landcover-2017,0.2724164,0.7275836
600_central-asia,0.43674287,0.5632571
31008_geowiki-landcover-2017,0.4399635,0.56003654
1779_reunion-france,0.5919106,0.4080894
19563_geowiki-landcover-2017,0.7483303,0.2516697
31318_geowiki-landcover-2017,0.4217946,0.5782054
31875_geowiki-landcover-2017,0.2724177,0.72758234
9207_croplands,0.43674168,0.56325835
2562_kenya-non-crop,0.7366534,0.26334658
179_rwanda-ceo,0.75024253,0.2497575
3534_rwanda-ceo,0.7366681,0.26333192
5275_canada,0.2725439,0.7274561
1100_togo,0.74449897,0.25550103
2465_canada,0.27241546,0.72758454
17382_geowiki-landcover-2017,0.42184418,0.5781558
28430_geowiki-landcover-2017,0.5845392,0.41546088
34551_geowiki-landcover-2017,0.27241558,0.7275844
4878_central-asia,0.27244693,0.7275531
8215_geowiki-landcover-2017,0.601711,0.39828902
12424_geowiki-landcover-2017,0.8527917,0.14720824
2323_rwanda-ceo,0.8527979,0.14720215
16736_geowiki-landcover-2017,0.4218086,0.5781914
5881_ile-de-france,0.2724153,0.7275847
1600_tanzania-ceo,0.736665,0.263335
6695_geowiki-landcover-2017,0.85279775,0.14720225
29093_geowiki-landcover-2017,0.27241543,0.7275846
22941_geowiki-landcover-2017,0.2724152,0.72758484
4963_ile-de-france,0.2724151,0.7275849
28383_geowiki-landcover-2017,0.5919106,0.40808937
4603_canada,0.2724153,0.7275847
17355_geowiki-landcover-2017,0.27241498,0.72758496
34757_geowiki-landcover-2017,0.43673426,0.5632657
1864_kenya-non-crop,0.7366469,0.26335314
1712_central-asia,0.27260992,0.72739005
86_ile-de-france,0.2724152,0.72758484
29808_geowiki-landcover-2017,0.42179552,0.5782045
8259_geowiki-landcover-2017,0.8527953,0.14720473
3862_ile-de-france,0.27241552,0.7275845
31697_geowiki-landcover-2017,0.8527943,0.14720574
2035_reunion-france,0.60171074,0.39828932
1250_kenya-non-crop,0.8527981,0.1472019
28782_geowiki-landcover-2017,0.27241537,0.72758466
3858_central-asia,0.27241793,0.7275821
1553_reunion-france,0.42179564,0.5782044
1701_martinique-france,0.6016696,0.39833033
1226_croplands,0.5845392,0.41546082
25364_geowiki-landcover-2017,0.4367348,0.5632652
842_croplands,0.2724153,0.72758466
14976_geowiki-landcover-2017,0.5919106,0.40808943
1636_germany,0.4217811,0.57821894
15499_geowiki-landcover-2017,0.43674123,0.56325877
23521_geowiki-landcover-2017,0.43676037,0.56323963
32144_geowiki-landcover-2017,0.27241525,0.7275847
472_croplands,0.58453965,0.41546032
27069_geowiki-landcover-2017,0.4217945,0.5782055
3241_ile-de-france,0.27241555,0.7275845
2998_croplands,0.42179787,0.5782021
575_kenya-non-crop,0.85279816,0.14720179
1141_germany,0.42179435,0.57820565
23392_geowiki-landcover-2017,0.43674514,0.56325483
5662_ile-de-france,0.27241525,0.7275847
18770_geowiki-landcover-2017,0.75015706,0.24984297
5126_ile-de-france,0.43674147,0.5632585
29634_geowiki-landcover-2017,0.58453983,0.4154602
940_rwanda-ceo,0.73666644,0.26333356
2502_geowiki-landcover-2017,0.8527922,0.14720777
2890_geowiki-landcover-2017,0.5845404,0.41545957
22467_geowiki-landcover-2017,0.42179564,0.57820433
5805_geowiki-landcover-2017,0.27241832,0.7275817
2039_reunion-france,0.6017111,0.3982889
21103_geowiki-landcover-2017,0.4267495,0.57325053
11856_geowiki-landcover-2017,0.59191066,0.4080893
2579_reunion-france,0.60170984,0.3982901
30616_geowiki-landcover-2017,0.27241644,0.7275836
423_tanzania-rice-ecaas,0.7363976,0.2636024
2348_martinique-france,0.58445907,0.41554096
10703_croplands,0.42675662,0.5732434
29594_geowiki-landcover-2017,0.42179573,0.5782043
17248_geowiki-landcover-2017,0.42180362,0.57819635
749_mali-helmets-labelling-crops,0.42181158,0.5781884
18100_geowiki-landcover-2017,0.27241862,0.7275814
4022_geowiki-landcover-2017,0.42180192,0.578198
11060_croplands,0.59189975,0.40810022
1774_geowiki-landcover-2017,0.42179602,0.578204
5516_geowiki-landcover-2017,0.42675036,0.57324964
8837_geowiki-landcover-2017,0.4217959,0.5782041
1419_ile-de-france,0.27241653,0.72758347
1044_rwanda-ceo,0.7502368,0.24976315
16130_geowiki-landcover-2017,0.7483062,0.2516938
1377_ile-de-france,0.27242392,0.7275761
5203_geowiki-landcover-2017,0.27241552,0.7275845
513_togo,0.42192298,0.5780771
5870_geowiki-landcover-2017,0.59162587,0.40837413
31816_geowiki-landcover-2017,0.43673185,0.5632681
7761_canada,0.27241707,0.72758293
22361_geowiki-landcover-2017,0.42667684,0.57332313
21715_geowiki-landcover-2017,0.42179552,0.5782045
621_lem-brazil,0.5845424,0.41545755
801_croplands,0.5845472,0.41545278
2114_central-asia,0.27241743,0.7275826
31258_geowiki-landcover-2017,0.4217967,0.57820326
1963_rwanda-ceo,0.85279775,0.14720231
7935_canada,0.27241558,0.7275844
1768_tanzania-ceo,0.5919106,0.40808937
15074_geowiki-landcover-2017,0.42188162,0.5781184
12834_croplands,0.421667,0.578333
571_ethiopia,0.73666406,0.26333594
1534_croplands,0.42675388,0.57324606
29782_geowiki-landcover-2017,0.60656106,0.39343894
2183_martinique-france,0.60170925,0.39829072
6949_canada,0.43674153,0.56325847
19218_geowiki-landcover-2017,0.7444907,0.25550938
4555_croplands,0.42179263,0.5782074
2637_reunion-france,0.59191066,0.40808934
14534_geowiki-landcover-2017,0.75013036,0.24986966
15649_geowiki-landcover-2017,0.73666406,0.2633359
11045_geowiki-landcover-2017,0.589456,0.41054392
27120_geowiki-landcover-2017,0.6017114,0.39828864
4330_ile-de-france,0.32470533,0.67529464
4400_ile-de-france,0.2724152,0.7275848
31_croplands,0.41932124,0.58067876
5918_geowiki-landcover-2017,0.5992758,0.40072414
383_ethiopia,0.42690787,0.5730921
9144_geowiki-landcover-2017,0.42675486,0.57324517
4629_canada,0.4217884,0.5782116
1354_tanzania-ceo,0.5845399,0.4154601
1952_canada,0.27241513,0.72758484
32504_geowiki-landcover-2017,0.2724152,0.7275848
60_ethiopia,0.7366659,0.26333404
2259_rwanda-ceo,0.59191096,0.408089
953_rwanda-ceo,0.7502361,0.24976389
27614_geowiki-landcover-2017,0.43672916,0.56327087
1218_reunion-france,0.5919102,0.40808982
1242_ile-de-france,0.43674198,0.563258
5203_central-asia,0.41931558,0.5806844
325_sudan,0.5845385,0.41546145
3010_rwanda-ceo,0.8527982,0.14720172
1771_ile-de-france,0.27241516,0.72758484
3287_ile-de-france,0.2724153,0.72758466
7220_geowiki-landcover-2017,0.7366631,0.26333693
143_ile-de-france,0.2724152,0.72758484
2247_martinique-france,0.74448746,0.25551257
24_martinique-france,0.5845379,0.4154621
1301_ile-de-france,0.27242377,0.72757626
15158_geowiki-landcover-2017,0.73666626,0.2633337
2712_central-asia,0.27241623,0.72758377
3539_central-asia,0.27250987,0.72749007
1031_croplands,0.5845392,0.41546088
371_togo,0.42179635,0.5782037
2216_croplands,0.42181638,0.5781836
6806_croplands,0.5919096,0.40809044
19941_geowiki-landcover-2017,0.606561,0.39343894
30920_geowiki-landcover-2017,0.2724152,0.7275848
2761_reunion-france,0.7502368,0.24976313
34546_geowiki-landcover-2017,0.27241516,0.72758484
2385_geowiki-landcover-2017,0.74448806,0.2555119
4175_ile-de-france,0.2724153,0.7275847
1916_ile-de-france,0.2724153,0.7275847
2286_tanzania-ceo,0.5845392,0.41546085
461_geowiki-landcover-2017,0.59195465,0.4080454
24650_geowiki-landcover-2017,0.4367413,0.56325877
10939_geowiki-landcover-2017,0.744489,0.255511
19552_geowiki-landcover-2017,0.7444897,0.25551024
23476_geowiki-landcover-2017,0.606561,0.39343894
1130_ile-de-france,0.2724154,0.7275846
9242_geowiki-landcover-2017,0.41932324,0.58067673
331_mali-helmets-labelling-crops,0.4218118,0.57818824
29769_geowiki-landcover-2017,0.5845385,0.41546154
1403_tanzania-ceo,0.7444909,0.25550905
4685_ile-de-france,0.2724156,0.72758436
14725_croplands,0.4376963,0.5623037
623_canada,0.60171115,0.39828885
10013_geowiki-landcover-2017,0.43910515,0.5608948
1213_martinique-france,0.42179734,0.57820266
18097_geowiki-landcover-2017,0.42675075,0.5732493
14773_geowiki-landcover-2017,0.8527976,0.14720233
3581_canada,0.30299878,0.6970013
3298_ile-de-france,0.2724153,0.7275847
1955_geowiki-landcover-2017,0.58436644,0.41563362
1949_central-asia,0.42186132,0.5781387
799_kenya-non-crop,0.7366658,0.2633342
12542_geowiki-landcover-2017,0.436742,0.563258
21200_geowiki-landcover-2017,0.42674989,0.5732501
5619_ile-de-france,0.42178926,0.5782107
2751_geowiki-landcover-2017,0.5839996,0.41600046
33795_geowiki-landcover-2017,0.42179555,0.5782044
1576_central-asia,0.27246404,0.727536
26423_geowiki-landcover-2017,0.42179602,0.578204
8083_geowiki-landcover-2017,0.5845393,0.41546065
1871_ile-de-france,0.2724171,0.7275829
21036_geowiki-landcover-2017,0.2724156,0.7275844
10739_geowiki-landcover-2017,0.4217961,0.5782039
109_tanzania,0.85279685,0.14720319
4996_canada,0.27241516,0.72758484
1933_canada,0.27241522,0.7275848
34631_geowiki-landcover-2017,0.27241516,0.72758484
3709_ile-de-france,0.4217464,0.57825357
34276_geowiki-landcover-2017,0.5845388,0.41546118
381_kenya-non-crop,0.85279816,0.14720187
2349_reunion-france,0.75023663,0.24976335
375_reunion-france,0.601711,0.39828902
17795_geowiki-landcover-2017,0.27241594,0.72758406
2305_rwanda-ceo,0.73666555,0.26333445
535_lem-brazil,0.58454186,0.41545814
2188_rwanda-ceo,0.85279435,0.14720565
3348_rwanda-ceo,0.85279346,0.14720652
1065_mali-helmets-labelling-crops,0.4313255,0.56867445
29885_geowiki-landcover-2017,0.2724153,0.7275847
1137_germany,0.27243367,0.72756636
2119_reunion-france,0.6017104,0.39828962
6453_geowiki-landcover-2017,0.43672147,0.5632785
280_geowiki-landcover-2017,0.5919946,0.40800545
32658_geowiki-landcover-2017,0.60171074,0.39828923
2083_central-asia,0.27241752,0.72758245
19937_geowiki-landcover-2017,0.4217957,0.57820433
5500_canada,0.27241525,0.7275848
701_lem-brazil,0.73666424,0.26333573
12613_geowiki-landcover-2017,0.43674,0.56325996
10817_geowiki-landcover-2017,0.42179132,0.5782087
2412_ile-de-france,0.27241626,0.7275837
114_tanzania-rice-ecaas,0.7366658,0.26333416
2055_central-asia,0.27241898,0.7275811
1875_geowiki-landcover-2017,0.6017109,0.39828908
24981_geowiki-landcover-2017,0.60656077,0.3934392
13811_geowiki-landcover-2017,0.2724153,0.7275847
1766_central-asia,0.27261,0.72739005
35125_geowiki-landcover-2017,0.42179623,0.57820374
9351_geowiki-landcover-2017,0.4267158,0.57328415
2216_canada,0.4217957,0.57820433
6120_canada,0.42179546,0.5782046
19526_geowiki-landcover-2017,0.41932005,0.58067995
23_geowiki-landcover-2017,0.42183882,0.5781612
33629_geowiki-landcover-2017,0.4217962,0.57820386
20136_geowiki-landcover-2017,0.7444897,0.2555103
10036_croplands,0.42675036,0.5732496
4995_ile-de-france,0.2724153,0.72758466
746_reunion-france,0.7502361,0.24976392
15_croplands,0.60654926,0.39345077
32061_geowiki-landcover-2017,0.2724156,0.72758436
200_reunion-france,0.2724156,0.72758436
30928_geowiki-landcover-2017,0.27241552,0.7275845
400_ethiopia,0.7444901,0.2555099
862_tanzania-ceo,0.736659,0.26334098
20_togo,0.73655945,0.26344058
47_mali-helmets-labelling-crops,0.5845366,0.41546342
660_martinique-france,0.6016998,0.39830017
1438_tanzania-ceo,0.5919106,0.40808937
2134_rwanda-ceo,0.85279834,0.1472017
1364_rwanda-ceo,0.85279703,0.14720297
2877_croplands,0.7502366,0.24976346
2324_ile-de-france,0.2724152,0.7275848
321_martinique-france,0.6016547,0.39834532
74_tanzania,0.7366656,0.26333442
3667_geowiki-landcover-2017,0.58453953,0.41546047
35508_geowiki-landcover-2017,0.601711,0.39828905
10785_croplands,0.59190524,0.4080948
749_croplands,0.27241525,0.7275848
32745_geowiki-landcover-2017,0.42179844,0.5782016
3664_central-asia,0.4218217,0.5781783
15820_geowiki-landcover-2017,0.85277814,0.14722183
4592_croplands,0.42180094,0.5781991
1358_kenya-non-crop,0.8527982,0.14720179
1358_martinique-france,0.27242103,0.72757894
34510_geowiki-landcover-2017,0.73666555,0.26333445
1109_canada,0.2724152,0.72758484
725_rwanda-ceo,0.85279715,0.14720286
2111_rwanda-ceo,0.7366642,0.26333582
8740_geowiki-landcover-2017,0.43674144,0.5632586
1916_reunion-france,0.5919097,0.40809035
13885_croplands,0.591905,0.40809503
1440_central-asia,0.27254987,0.72745013
1340_kenya-non-crop,0.8527974,0.1472026
1250_central-asia,0.2746326,0.72536737
34882_geowiki-landcover-2017,0.42179507,0.5782049
2252_tanzania-ceo,0.8527968,0.14720322
4626_ile-de-france,0.27242005,0.72758
18798_geowiki-landcover-2017,0.27241558,0.7275845
930_martinique-france,0.60170937,0.39829063
2868_geowiki-landcover-2017,0.584542,0.41545802
20150_geowiki-landcover-2017,0.27241728,0.7275827
12584_croplands,0.58453786,0.4154621
179_central-asia,0.2724158,0.72758424
5789_canada,0.42179587,0.57820415
6556_canada,0.42000037,0.5799996
84_rwanda-ceo,0.7366649,0.26333514
723_germany,0.4367416,0.56325847
143_central-asia,0.27241558,0.7275844
961_ile-de-france,0.27241525,0.7275848
34605_geowiki-landcover-2017,0.27241638,0.7275836
1439_germany,0.27241576,0.72758424
13825_croplands,0.5918952,0.4081048
11_ile-de-france,0.42179516,0.5782048
3521_ile-de-france,0.4367397,0.5632603
3103_rwanda-ceo,0.7502364,0.24976358
3629_central-asia,0.27242935,0.7275707
24681_geowiki-landcover-2017,0.6017094,0.39829057
271_ile-de-france,0.27287447,0.7271255
944_reunion-france,0.6017058,0.39829415
2309_martinique-france,0.42179397,0.57820606
2969_central-asia,0.27241734,0.7275827
776_martinique-france,0.60171026,0.39828968
1048_geowiki-landcover-2017,0.5845386,0.4154614
8012_geowiki-landcover-2017,0.5845393,0.41546068
2873_central-asia,0.27241573,0.72758424
602_martinique-france,0.75023043,0.24976955
3147_geowiki-landcover-2017,0.58453894,0.41546106
1488_croplands,0.42179874,0.5782013
4316_ile-de-france,0.42179516,0.5782049
537_canada,0.27241552,0.7275845
28313_geowiki-landcover-2017,0.42180264,0.57819736
6425_canada,0.2724156,0.72758436
2297_canada,0.27241543,0.7275846
17069_geowiki-landcover-2017,0.5845394,0.41546056
178_ile-de-france,0.27241525,0.7275847
3787_geowiki-landcover-2017,0.42179635,0.5782036
17282_geowiki-landcover-2017,0.2724154,0.7275846
11608_geowiki-landcover-2017,0.5919101,0.40808985
2172_germany,0.42178395,0.578216
1716_rwanda-ceo,0.73666495,0.26333505
17758_geowiki-landcover-2017,0.27244988,0.72755015
31582_geowiki-landcover-2017,0.60171133,0.39828864
3188_ile-de-france,0.27241525,0.7275847
4807_central-asia,0.27244693,0.72755307
2923_geowiki-landcover-2017,0.7444859,0.25551412
30541_geowiki-landcover-2017,0.2724903,0.7275097
882_ile-de-france,0.27241823,0.7275818
2311_central-asia,0.272417,0.727583
1632_ile-de-france,0.42179477,0.5782052
1771_rwanda-ceo,0.7502371,0.24976291
3744_ile-de-france,0.2737297,0.7262703
38_sudan,0.58453935,0.41546065
1883_central-asia,0.27284104,0.727159
2711_central-asia,0.27241632,0.7275837
674_geowiki-landcover-2017,0.59189975,0.40810025
2665_central-asia,0.42181656,0.5781834
1239_central-asia,0.27463272,0.7253673
2400_ile-de-france,0.27241525,0.7275848
573_tanzania-ceo,0.7502367,0.24976327
5207_geowiki-landcover-2017,0.4217956,0.5782044
49_ethiopia,0.736666,0.26333398
357_lem-brazil,0.5845399,0.41546008
30438_geowiki-landcover-2017,0.27241525,0.7275848
674_ile-de-france,0.27241528,0.7275847
2486_reunion-france,0.75023675,0.24976322
2137_ile-de-france,0.27241898,0.727581
4701_ile-de-france,0.27241644,0.7275836
642_mali-helmets-labelling-crops,0.58453727,0.41546273
16348_geowiki-landcover-2017,0.5919126,0.4080874
6069_ile-de-france,0.2725427,0.7274573
416_togo,0.58453786,0.4154622
3216_rwanda-ceo,0.59191084,0.4080891
17883_geowiki-landcover-2017,0.279131,0.72086895
12277_geowiki-landcover-2017,0.42181924,0.57818073
5252_ile-de-france,0.42179516,0.5782048
32397_geowiki-landcover-2017,0.43673813,0.56326187
1050_ile-de-france,0.27241513,0.72758484
9225_geowiki-landcover-2017,0.5919094,0.40809053
2450_kenya-non-crop,0.58453816,0.41546187
9463_geowiki-landcover-2017,0.58453727,0.41546276
5374_ile-de-france,0.27244186,0.72755814
2476_central-asia,0.42179444,0.5782056
27977_geowiki-landcover-2017,0.5919108,0.40808925
13612_geowiki-landcover-2017,0.7444909,0.25550914
461_canada,0.2724151,0.72758484
981_geowiki-landcover-2017,0.59191066,0.4080893
823_canada,0.2724153,0.7275847
18407_geowiki-landcover-2017,0.2724163,0.7275837
268_reunion-france,0.42179587,0.57820415
2511_ile-de-france,0.42179412,0.5782058
27878_geowiki-landcover-2017,0.74432135,0.25567862
6772_croplands,0.5919101,0.4080899
145_tanzania-rice-ecaas,0.73666483,0.2633352
25983_geowiki-landcover-2017,0.42179754,0.5782024
1528_rwanda-ceo,0.59191096,0.40808907
5465_canada,0.43674168,0.56325835
4609_geowiki-landcover-2017,0.2724151,0.7275849
33712_geowiki-landcover-2017,0.43674168,0.56325835
3512_ile-de-france,0.27241525,0.7275848
20700_geowiki-landcover-2017,0.74448985,0.25551015
10690_geowiki-landcover-2017,0.2724152,0.7275848
393_croplands,0.5919108,0.40808922
7464_geowiki-landcover-2017,0.41931158,0.5806884
1239_reunion-france,0.5919112,0.40808877
2068_germany,0.2724152,0.72758484
745_kenya-non-crop,0.7366953,0.26330468
2885_ile-de-france,0.42179474,0.5782053
5157_central-asia,0.41735253,0.58264744
21_ethiopia,0.7366643,0.26333568
10257_geowiki-landcover-2017,0.59191054,0.40808943
1032_rwanda-ceo,0.8527962,0.14720382
29780_geowiki-landcover-2017,0.43674174,0.5632583
2609_rwanda-ceo,0.8527934,0.14720663
2162_ile-de-france,0.27241516,0.72758484
10703_geowiki-landcover-2017,0.42179206,0.57820797
3740_croplands,0.7499739,0.25002608
2038_central-asia,0.27241904,0.727581
4301_croplands,0.6017076,0.39829242
4384_croplands,0.4217946,0.5782054
4702_central-asia,0.27241623,0.72758377
2615_central-asia,0.27241725,0.72758275
2482_rwanda-ceo,0.5919114,0.40808868
6795_canada,0.42179188,0.5782081
2011_central-asia,0.272465,0.727535
693_tanzania-rice-ecaas,0.7366601,0.2633399
409_germany,0.27244264,0.7275574
13404_geowiki-landcover-2017,0.7366659,0.26333404
2763_canada,0.27241522,0.7275848
6986_croplands,0.59191054,0.40808943
645_central-asia,0.42179182,0.5782082
16026_geowiki-landcover-2017,0.58453953,0.41546047
4467_ile-de-france,0.27241558,0.7275845
4001_ile-de-france,0.27241516,0.72758484
2251_reunion-france,0.6017097,0.39829028
2939_ile-de-france,0.27241513,0.72758484
498_tanzania-ceo,0.85279524,0.14720477
1686_martinique-france,0.7362689,0.26373115
6035_ile-de-france,0.4217954,0.57820463
34527_geowiki-landcover-2017,0.2724153,0.7275847
175_tanzania,0.73666614,0.2633339
483_germany,0.42179376,0.57820624
29468_geowiki-landcover-2017,0.27241552,0.7275845
8147_geowiki-landcover-2017,0.43674156,0.56325847
2740_central-asia,0.27241674,0.7275833
13369_geowiki-landcover-2017,0.58453983,0.4154602
370_togo,0.42179587,0.57820415
2484_kenya-non-crop,0.73666614,0.2633339
221_mali-helmets-labelling-crops,0.584539,0.415461
6678_canada,0.27242926,0.7275707
6314_canada,0.2724152,0.72758484
547_central-asia,0.2724155,0.7275845
5077_geowiki-landcover-2017,0.591941,0.40805903
25606_geowiki-landcover-2017,0.2724181,0.7275819
3473_rwanda-ceo,0.7366662,0.2633338
59_canada,0.27241513,0.72758484
2297_reunion-france,0.75023615,0.2497638
6025_geowiki-landcover-2017,0.606561,0.39343894
419_reunion-france,0.42179468,0.57820535
6366_canada,0.2724262,0.7275738
26681_geowiki-landcover-2017,0.4217993,0.5782007
120_ethiopia,0.73666584,0.2633341
16585_geowiki-landcover-2017,0.73663324,0.26336676
5172_central-asia,0.4191119,0.5808881
1000_geowiki-landcover-2017,0.750221,0.24977906
18427_geowiki-landcover-2017,0.606561,0.39343894
1130_geowiki-landcover-2017,0.75034887,0.2496511
13235_geowiki-landcover-2017,0.5919097,0.40809035
6581_canada,0.60656065,0.3934393
13478_geowiki-landcover-2017,0.7502366,0.2497634
3342_rwanda-ceo,0.75023705,0.24976295
1566_central-asia,0.27246666,0.72753334
11594_geowiki-landcover-2017,0.59190875,0.40809125
2173_canada,0.43674168,0.56325835
544_central-asia,0.27242833,0.7275717
6697_canada,0.27241525,0.7275847
5954_geowiki-landcover-2017,0.7444908,0.25550926
806_lem-brazil,0.7366354,0.26336455
10068_geowiki-landcover-2017,0.42674917,0.5732509
11274_geowiki-landcover-2017,0.60655963,0.39344034
12116_geowiki-landcover-2017,0.43674147,0.5632585
4384_ile-de-france,0.2724156,0.72758436
23435_geowiki-landcover-2017,0.6065609,0.3934391
2342_kenya-non-crop,0.8527981,0.14720193
25185_geowiki-landcover-2017,0.7366662,0.2633338
25886_geowiki-landcover-2017,0.7444579,0.25554213
2841_geowiki-landcover-2017,0.7364636,0.26353636
31590_geowiki-landcover-2017,0.7366661,0.26333395
24458_geowiki-landcover-2017,0.4267494,0.57325065
32536_geowiki-landcover-2017,0.27241546,0.72758454
8319_geowiki-landcover-2017,0.4372057,0.5627943
24191_geowiki-landcover-2017,0.42179564,0.5782044
30452_geowiki-landcover-2017,0.2724151,0.72758484
1125_martinique-france,0.42179224,0.57820773
2325_central-asia,0.27241728,0.7275827
1792_rwanda-ceo,0.73571914,0.26428086
12462_croplands,0.58453894,0.41546112
4993_ile-de-france,0.27241537,0.72758466
471_canada,0.43674582,0.56325424
5046_ile-de-france,0.41960946,0.5803905
6428_canada,0.2724152,0.72758484
5980_ile-de-france,0.4367382,0.56326187
31790_geowiki-landcover-2017,0.27241838,0.7275816
5150_canada,0.27241516,0.72758484
512_lem-brazil,0.58454186,0.4154581
742_rwanda-ceo,0.7327292,0.26727074
1208_rwanda-ceo,0.8527903,0.14720969
858_lem-brazil,0.5845507,0.41544932
118_mali-non-crop,0.60170853,0.39829147
16541_geowiki-landcover-2017,0.5894543,0.41054568
25433_geowiki-landcover-2017,0.5919103,0.4080897
3233_geowiki-landcover-2017,0.5845438,0.41545624
2483_central-asia,0.27241704,0.72758293
657_croplands,0.5845393,0.4154607
30739_geowiki-landcover-2017,0.27241522,0.7275848
2613_central-asia,0.2724176,0.7275824
1558_ile-de-france,0.27241582,0.72758424
7546_geowiki-landcover-2017,0.2724151,0.72758484
46_tanzania,0.7366658,0.2633342
6282_canada,0.2724152,0.72758484
23126_geowiki-landcover-2017,0.60294265,0.39705732
20254_geowiki-landcover-2017,0.59191126,0.40808877
1008_martinique-france,0.73666304,0.263337
1943_rwanda-ceo,0.7366658,0.2633342
5285_geowiki-landcover-2017,0.42179707,0.5782029
2958_central-asia,0.27241632,0.7275837
3868_canada,0.27241525,0.7275848
249_kenya,0.73666584,0.2633341
1030_martinique-france,0.8527849,0.14721511
4614_geowiki-landcover-2017,0.43326315,0.5667368
502_martinique-france,0.42179495,0.57820505
2681_ile-de-france,0.27241516,0.72758484
11_sudan,0.58453864,0.4154613
763_germany,0.27241543,0.7275846
1105_rwanda-ceo,0.73666555,0.26333445
23823_geowiki-landcover-2017,0.7502367,0.24976335
9409_croplands,0.42179778,0.5782022
1236_reunion-france,0.6017108,0.3982892
12194_geowiki-landcover-2017,0.5919113,0.40808868
2213_martinique-france,0.5919111,0.4080889
211_kenya-non-crop,0.7366719,0.26332805
1034_ile-de-france,0.42179552,0.5782045
96_kenya-non-crop,0.7366628,0.26333717
554_reunion-france,0.7502094,0.24979062
591_canada,0.2724154,0.7275846
14613_geowiki-landcover-2017,0.601711,0.39828902
8851_geowiki-landcover-2017,0.4217956,0.5782044
2541_germany,0.27241558,0.7275845
422_reunion-france,0.59191024,0.4080897
5549_canada,0.2724152,0.7275848
6_togo,0.5845392,0.41546082
1344_germany,0.42179328,0.5782067
3419_central-asia,0.4192647,0.58073527
404_ile-de-france,0.42179528,0.57820475
6542_geowiki-landcover-2017,0.58943784,0.41056213
9193_croplands,0.42167893,0.5783211
12452_geowiki-landcover-2017,0.43664712,0.5633529
1848_tanzania-ceo,0.74449015,0.25550988
2178_central-asia,0.2724182,0.7275818
259_central-asia,0.27241552,0.7275845
1364_reunion-france,0.75023603,0.24976398
4015_canada,0.27241525,0.7275848
20553_geowiki-landcover-2017,0.27241632,0.7275837
694_mali-helmets-labelling-crops,0.584539,0.41546103
2525_kenya-non-crop,0.73665965,0.26334035
1430_germany,0.2724165,0.7275835
2691_reunion-france,0.5919108,0.40808925
863_reunion-france,0.75023335,0.2497667
922_germany,0.27242154,0.72757846
700_geowiki-landcover-2017,0.7366178,0.26338217
1408_reunion-france,0.5918924,0.40810758
13608_geowiki-landcover-2017,0.58453906,0.41546088
3176_rwanda-ceo,0.73662376,0.26337627
2832_canada,0.27241528,0.7275847
15582_geowiki-landcover-2017,0.42179117,0.5782088
4035_central-asia,0.58446103,0.41553897
615_canada,0.6017094,0.39829054
24194_geowiki-landcover-2017,0.4217961,0.5782039
16814_geowiki-landcover-2017,0.744491,0.255509
18929_geowiki-landcover-2017,0.4367417,0.5632583
14388_geowiki-landcover-2017,0.2724155,0.7275845
17948_geowiki-landcover-2017,0.42179316,0.5782069
26919_geowiki-landcover-2017,0.42674917,0.5732509
23236_geowiki-landcover-2017,0.42674446,0.57325554
604_mali-helmets-labelling-crops,0.5845366,0.41546342
17271_geowiki-landcover-2017,0.744492,0.25550804
483_kenya-non-crop,0.73666584,0.2633341
1921_kenya-non-crop,0.58453894,0.41546106
2189_germany,0.42179376,0.57820624
34290_geowiki-landcover-2017,0.7366645,0.26333556
24861_geowiki-landcover-2017,0.8527979,0.14720212
23292_geowiki-landcover-2017,0.4367606,0.5632394
3017_rwanda-ceo,0.7362802,0.26371983
14110_geowiki-landcover-2017,0.58450854,0.41549143
13524_geowiki-landcover-2017,0.5919106,0.40808943
4533_central-asia,0.42179865,0.57820135
7076_canada,0.6015929,0.39840707
7454_geowiki-landcover-2017,0.42179364,0.5782063
34725_geowiki-landcover-2017,0.27241525,0.7275847
10_croplands,0.42674968,0.5732503
13623_geowiki-landcover-2017,0.58945537,0.4105446
26519_geowiki-landcover-2017,0.60655373,0.3934463
17020_geowiki-landcover-2017,0.59966964,0.40033033
7145_canada,0.2724152,0.7275848
31244_geowiki-landcover-2017,0.7366662,0.26333383
2713_ile-de-france,0.2724174,0.7275826
6879_canada,0.27241626,0.7275837
198_mali-helmets-labelling-crops,0.58453774,0.4154622
9_kenya,0.7366662,0.2633338
1544_rwanda-ceo,0.8527982,0.14720172
656_ethiopia,0.5919101,0.40808985
6266_canada,0.2724152,0.7275848
2656_ile-de-france,0.2724153,0.72758466
33_reunion-france,0.5919093,0.40809077
6125_ile-de-france,0.27241525,0.7275848
4260_central-asia,0.27241567,0.72758436
22233_geowiki-landcover-2017,0.27241537,0.7275846
9136_geowiki-landcover-2017,0.6017812,0.3982188
2419_canada,0.2724151,0.7275849
2097_canada,0.2724156,0.7275844
23119_geowiki-landcover-2017,0.7502282,0.2497718
114_tanzania,0.7366654,0.26333457
14883_geowiki-landcover-2017,0.8527967,0.14720331
6956_geowiki-landcover-2017,0.5845833,0.41541666
6769_canada,0.27241576,0.7275843
26558_geowiki-landcover-2017,0.27243072,0.7275693
1658_reunion-france,0.7502367,0.24976327
2386_ile-de-france,0.42177474,0.5782253
3979_central-asia,0.5845146,0.4154854
1206_ile-de-france,0.4217947,0.5782053
5678_geowiki-landcover-2017,0.42676556,0.57323444
2901_canada,0.60655975,0.39344025
24169_geowiki-landcover-2017,0.74447864,0.25552136
13656_geowiki-landcover-2017,0.58453935,0.41546065
10_ethiopia,0.736666,0.263334
5362_canada,0.2724154,0.7275846
3830_central-asia,0.42171553,0.57828444
7175_canada,0.27241516,0.72758484
7839_canada,0.2724158,0.72758424
6061_croplands,0.4217959,0.5782041
1072_reunion-france,0.7502367,0.24976327
18115_geowiki-landcover-2017,0.7444905,0.25550953
2447_canada,0.27241585,0.7275841
1844_central-asia,0.4223166,0.57768345
6189_geowiki-landcover-2017,0.6065612,0.39343885
30647_geowiki-landcover-2017,0.27241498,0.72758496
2728_canada,0.2724151,0.7275849
680_lem-brazil,0.7366534,0.26334658
1357_tanzania-ceo,0.42180625,0.5781937
173_geowiki-landcover-2017,0.73665935,0.26334068
28461_geowiki-landcover-2017,0.74435943,0.25564054
3730_ile-de-france,0.2724152,0.72758484
20195_geowiki-landcover-2017,0.74448955,0.25551048
766_tanzania-rice-ecaas,0.73666555,0.26333445
17630_geowiki-landcover-2017,0.2724157,0.7275843
26650_geowiki-landcover-2017,0.42675325,0.5732468
628_ile-de-france,0.27241507,0.7275849
1320_germany,0.2724153,0.7275847
712_lem-brazil,0.58454967,0.4154503
79_kenya,0.7366658,0.2633342
22454_geowiki-landcover-2017,0.5919106,0.40808937
1848_canada,0.27241516,0.72758484
803_canada,0.2724152,0.7275848
2661_ile-de-france,0.27241528,0.7275847
622_tanzania-rice-ecaas,0.7366186,0.26338145
1924_rwanda-ceo,0.5919114,0.4080886
3408_central-asia,0.4192639,0.5807361
8090_geowiki-landcover-2017,0.58453965,0.41546035
31635_geowiki-landcover-2017,0.27241522,0.7275848
32905_geowiki-landcover-2017,0.58453864,0.41546133
660_croplands,0.58453876,0.41546124
337_tanzania-ceo,0.60172594,0.3982741
20451_geowiki-landcover-2017,0.7444903,0.25550964
5032_canada,0.27241507,0.7275849
2749_reunion-france,0.59190637,0.40809363
7467_croplands,0.5845679,0.41543213
524_ethiopia,0.85279816,0.14720182
228_mali-helmets-labelling-crops,0.584539,0.415461
241_ile-de-france,0.27241525,0.7275847
918_kenya-non-crop,0.852797,0.14720307
815_togo,0.58453745,0.41546255
30251_geowiki-landcover-2017,0.59650534,0.40349463
60_ile-de-france,0.27242017,0.72757983
34269_geowiki-landcover-2017,0.58944935,0.41055062
6311_geowiki-landcover-2017,0.42179573,0.5782043
136_mali,0.5845386,0.41546145
5911_geowiki-landcover-2017,0.42674878,0.57325125
22450_geowiki-landcover-2017,0.6017125,0.39828748
853_mali-helmets-labelling-crops,0.27242824,0.7275717
1016_ile-de-france,0.27241597,0.72758406
4633_canada,0.272421,0.727579
5198_central-asia,0.4192831,0.5807169
2434_canada,0.27241516,0.72758484
1153_martinique-france,0.60162413,0.3983758
0_brazil-non-crop,0.74449044,0.25550953
435_togo,0.7444822,0.2555178
12557_croplands,0.584538,0.41546202
2608_canada,0.2724151,0.7275849
7915_geowiki-landcover-2017,0.852797,0.14720307
1190_geowiki-landcover-2017,0.59190845,0.40809155
2838_rwanda-ceo,0.7366655,0.26333454
544_germany,0.27243018,0.7275698
26395_geowiki-landcover-2017,0.43674567,0.5632543
21268_geowiki-landcover-2017,0.606561,0.39343897
4917_canada,0.2724151,0.7275849
2212_rwanda-ceo,0.85279495,0.14720507
6493_canada,0.2724152,0.7275848
5016_ile-de-france,0.2724152,0.7275848
6389_canada,0.27241537,0.72758466
27883_geowiki-landcover-2017,0.42179596,0.57820404
4279_geowiki-landcover-2017,0.42674902,0.57325095
7703_canada,0.27244556,0.72755444
30876_geowiki-landcover-2017,0.58453363,0.41546643
4655_croplands,0.27241853,0.72758144
2485_reunion-france,0.75023603,0.24976398
21047_geowiki-landcover-2017,0.27241537,0.72758466
13009_geowiki-landcover-2017,0.7366664,0.26333365
266_tanzania-rice-ecaas,0.85279715,0.14720286
14557_geowiki-landcover-2017,0.60656166,0.39343837
2926_central-asia,0.4217945,0.5782055
23530_geowiki-landcover-2017,0.6065595,0.39344043
4984_ile-de-france,0.27241507,0.72758496
3872_geowiki-landcover-2017,0.5845383,0.41546175
565_ile-de-france,0.27241534,0.72758466
21340_geowiki-landcover-2017,0.272416,0.727584
388_central-asia,0.27241623,0.72758377
2630_geowiki-landcover-2017,0.5845395,0.4154605
334_tanzania,0.7366648,0.2633353
253_togo,0.42171937,0.5782806
13700_croplands,0.27241525,0.7275847
3261_central-asia,0.41928285,0.58071715
2632_canada,0.27241582,0.72758424
1516_kenya-non-crop,0.7444909,0.25550914
4639_croplands,0.421817,0.57818305
3170_ile-de-france,0.2724152,0.72758484
145_germany,0.42179555,0.57820445
3382_central-asia,0.41826594,0.581734
5602_ile-de-france,0.42675024,0.57324976
3913_geowiki-landcover-2017,0.7444513,0.25554878
12559_croplands,0.41932377,0.58067626
3280_canada,0.60656124,0.39343876
1168_ile-de-france,0.27241525,0.7275848
4385_croplands,0.27241856,0.72758144
4539_croplands,0.42179537,0.57820463
209_lem-brazil,0.42188323,0.57811683
4554_ile-de-france,0.27241594,0.72758406
2652_geowiki-landcover-2017,0.5845386,0.41546142
529_ethiopia,0.8527966,0.14720337
4611_ile-de-france,0.2724154,0.7275846
2324_kenya-non-crop,0.59191036,0.4080896
21654_geowiki-landcover-2017,0.42674977,0.57325023
979_central-asia,0.27241752,0.72758245
965_mali-helmets-labelling-crops,0.42181215,0.5781878
10998_geowiki-landcover-2017,0.7444897,0.2555103
4328_canada,0.2724268,0.72757316
3545_rwanda-ceo,0.85279816,0.14720185
921_canada,0.27241513,0.72758484
5153_canada,0.42181256,0.5781874
975_tanzania-ceo,0.7366637,0.26333636
3302_geowiki-landcover-2017,0.5845401,0.41545984
122_geowiki-landcover-2017,0.5845377,0.4154623
9955_geowiki-landcover-2017,0.27241883,0.7275812
4382_croplands,0.4217985,0.5782015
198_germany,0.27257693,0.7274231
33585_geowiki-landcover-2017,0.42675075,0.5732493
2158_ile-de-france,0.42178935,0.57821065
1901_central-asia,0.27284193,0.7271581
8761_geowiki-landcover-2017,0.75023603,0.24976394
2508_central-asia,0.2724172,0.7275828
1479_germany,0.42166755,0.5783324
947_reunion-france,0.4367438,0.5632562
3545_ile-de-france,0.27241507,0.72758496
9376_croplands,0.27636865,0.7236313
14068_geowiki-landcover-2017,0.5845392,0.41546082
1679_germany,0.27241737,0.72758263
1010_canada,0.27241546,0.72758454
12850_geowiki-landcover-2017,0.60626894,0.39373106
2467_rwanda-ceo,0.73666066,0.26333934
2781_rwanda-ceo,0.7502366,0.2497634
1970_rwanda-ceo,0.8527982,0.14720175
429_mali-helmets-labelling-crops,0.58453894,0.41546112
2073_germany,0.42179492,0.57820505
1868_central-asia,0.27284184,0.7271582
21_tanzania,0.7366653,0.26333466
12541_croplands,0.41932026,0.5806797
22220_geowiki-landcover-2017,0.4367412,0.56325877
112_geowiki-landcover-2017,0.42179605,0.5782039
916_togo,0.58453864,0.41546133
841_central-asia,0.27241644,0.7275836
12655_geowiki-landcover-2017,0.7444907,0.25550932
1253_kenya-non-crop,0.7502377,0.24976228
4837_central-asia,0.27296942,0.7270306
30712_geowiki-landcover-2017,0.27241555,0.7275845
2926_canada,0.2724152,0.7275848
5049_canada,0.2724164,0.7275836
12839_croplands,0.42179576,0.5782043
26312_geowiki-landcover-2017,0.85278344,0.14721653
13858_croplands,0.59190243,0.4080976
6902_canada,0.27241525,0.7275848
2018_kenya-non-crop,0.74449086,0.25550914
6216_geowiki-landcover-2017,0.7481172,0.25188285
12974_geowiki-landcover-2017,0.601711,0.39828902
9993_croplands,0.59191054,0.40808952
462_rwanda-ceo,0.736665,0.263335
6684_croplands,0.5919101,0.40808985
681_lem-brazil,0.7366428,0.2633572
2250_reunion-france,0.42179635,0.5782036
3_tanzania-ceo,0.85279703,0.14720298
35713_geowiki-landcover-2017,0.5845392,0.4154608
4518_croplands,0.27245167,0.7275483
2213_canada,0.2724151,0.72758484
16646_geowiki-landcover-2017,0.4193239,0.58067614
4316_central-asia,0.27241609,0.7275839
5403_canada,0.27241507,0.72758496
5712_ile-de-france,0.4217926,0.57820743
21821_geowiki-landcover-2017,0.58454,0.41546
24644_geowiki-landcover-2017,0.42672333,0.57327664
1320_ile-de-france,0.2724152,0.72758484
177_tanzania-ceo,0.8527852,0.14721477
1729_martinique-france,0.43096521,0.5690348
18287_geowiki-landcover-2017,0.75023127,0.24976876
364_martinique-france,0.5919111,0.40808886
11301_geowiki-landcover-2017,0.8527979,0.14720207
26132_geowiki-landcover-2017,0.599269,0.40073097
1214_martinique-france,0.42179573,0.5782043
2032_canada,0.42179567,0.57820433
5156_canada,0.6017086,0.3982914
282_togo,0.42179397,0.57820606
1188_mali-helmets-labelling-crops,0.431326,0.568674
2594_central-asia,0.272417,0.727583
5041_geowiki-landcover-2017,0.42179745,0.57820255
3151_geowiki-landcover-2017,0.7444904,0.25550956
860_germany,0.6016965,0.39830357
4641_ile-de-france,0.42177427,0.5782258
2218_croplands,0.4217967,0.57820326
2494_reunion-france,0.7502368,0.24976313
983_martinique-france,0.7444779,0.25552207
28301_geowiki-landcover-2017,0.5913997,0.4086003
454_kenya-non-crop,0.7502366,0.2497634
390_ethiopia,0.5894839,0.41051608
1889_kenya-non-crop,0.8527967,0.14720334
851_kenya-non-crop,0.7366657,0.26333427
3692_canada,0.27241802,0.7275819
260_lem-brazil,0.58454525,0.41545472
795_tanzania-rice-ecaas,0.584545,0.41545495
31636_geowiki-landcover-2017,0.5845392,0.41546088
5437_geowiki-landcover-2017,0.6017108,0.39828923
192_rwanda-ceo,0.75025606,0.24974394
682_togo,0.58453804,0.41546202
6937_canada,0.4367428,0.5632572
3017_central-asia,0.4217946,0.5782054
7147_geowiki-landcover-2017,0.27241516,0.72758484
5603_ile-de-france,0.2724151,0.72758484
16961_geowiki-landcover-2017,0.85279834,0.1472017
1366_croplands,0.42182377,0.57817626
626_lem-brazil,0.5845515,0.41544846
1755_tanzania-ceo,0.7483296,0.25167036
693_togo,0.5845206,0.4154794
644_ile-de-france,0.2724174,0.7275826
23312_geowiki-landcover-2017,0.60640985,0.39359012
17002_geowiki-landcover-2017,0.7502366,0.24976346
34656_geowiki-landcover-2017,0.43674242,0.56325763
1652_reunion-france,0.4217967,0.57820326
619_lem-brazil,0.58454216,0.41545787
208_mali-helmets-labelling-crops,0.5845393,0.41546074
3016_central-asia,0.27241617,0.7275838
348_rwanda-ceo,0.5845423,0.41545773
2610_geowiki-landcover-2017,0.7444891,0.2555109
1073_ile-de-france,0.27243784,0.7275621
1073_martinique-france,0.4267419,0.5732581
9520_geowiki-landcover-2017,0.42674917,0.5732509
32572_geowiki-landcover-2017,0.42179593,0.5782041
2567_ile-de-france,0.42179555,0.57820445
6158_geowiki-landcover-2017,0.42676798,0.573232
2290_geowiki-landcover-2017,0.58453923,0.4154608
2946_canada,0.27241516,0.72758484
1660_central-asia,0.27261052,0.7273895
2224_ile-de-france,0.27241516,0.72758484
3439_geowiki-landcover-2017,0.58453894,0.4154611
1844_geowiki-landcover-2017,0.6017107,0.39828932
11452_geowiki-landcover-2017,0.8527917,0.14720821
6691_canada,0.27241537,0.72758466
2169_canada,0.60170615,0.39829388
26733_geowiki-landcover-2017,0.42179435,0.5782056
2448_canada,0.27241534,0.72758466
31906_geowiki-landcover-2017,0.27241546,0.7275846
20462_geowiki-landcover-2017,0.42674902,0.57325095
11626_croplands,0.41932413,0.5806759
3536_central-asia,0.2725115,0.7274885
194_uganda,0.59190893,0.40809107
7471_canada,0.42179516,0.5782049
12260_geowiki-landcover-2017,0.75026196,0.24973801
2833_central-asia,0.27241588,0.72758406
1405_germany,0.27241558,0.7275845
1771_germany,0.42179564,0.5782044
4172_geowiki-landcover-2017,0.8527905,0.14720957
10012_geowiki-landcover-2017,0.42674938,0.57325065
1799_rwanda-ceo,0.750237,0.24976306
32287_geowiki-landcover-2017,0.43674132,0.56325865
341_canada,0.27242094,0.72757906
28219_geowiki-landcover-2017,0.74832875,0.25167122
859_tanzania-ceo,0.744491,0.25550902
378_lem-brazil,0.58454037,0.41545963
1351_reunion-france,0.6017115,0.39828846
5113_ile-de-france,0.2724651,0.7275349
3649_canada,0.2724154,0.7275846
31372_geowiki-landcover-2017,0.5845393,0.41546074
533_tanzania-rice-ecaas,0.73666424,0.2633358
563_tanzania-rice-ecaas,0.7366654,0.26333457
22951_geowiki-landcover-2017,0.6017109,0.39828914
3020_rwanda-ceo,0.7502375,0.2497625
2816_rwanda-ceo,0.85279757,0.14720246
33237_geowiki-landcover-2017,0.42179567,0.57820433
2370_kenya-non-crop,0.5845401,0.4154599
13372_geowiki-landcover-2017,0.4221341,0.5778659
1489_croplands,0.4217966,0.5782034
1599_tanzania-ceo,0.5919169,0.40808308
10877_geowiki-landcover-2017,0.27242428,0.7275757
13720_geowiki-landcover-2017,0.74834764,0.25165236
3578_rwanda-ceo,0.5919112,0.40808883
2446_rwanda-ceo,0.85279816,0.14720185
2872_central-asia,0.2724158,0.72758424
30939_geowiki-landcover-2017,0.43674034,0.56325966
7726_canada,0.4217573,0.57824266
5439_geowiki-landcover-2017,0.584543,0.41545698
318_croplands,0.27241513,0.72758484
3482_central-asia,0.41926366,0.58073634
2127_central-asia,0.2724175,0.7275825
968_rwanda-ceo,0.85279816,0.14720187
894_canada,0.27241522,0.7275848
1464_rwanda-ceo,0.75023687,0.24976309
4657_ile-de-france,0.4200337,0.5799663
3079_croplands,0.5919089,0.4080912
10116_croplands,0.4267372,0.57326275
137_lem-brazil,0.5845435,0.41545647
2408_geowiki-landcover-2017,0.7366558,0.26334426
2047_ile-de-france,0.27241516,0.72758484
4430_ile-de-france,0.27241668,0.72758335
686_mali-helmets-labelling-crops,0.41932422,0.5806758
4407_ile-de-france,0.27246103,0.72753894
866_mali-helmets-labelling-crops,0.42180082,0.5781992
85_tanzania-rice-ecaas,0.7366659,0.2633341
3397_central-asia,0.41826263,0.58173734
6277_canada,0.4217959,0.5782041
483_canada,0.4367416,0.56325847
28663_geowiki-landcover-2017,0.2724153,0.72758466
18405_geowiki-landcover-2017,0.6065611,0.39343885
1405_kenya-non-crop,0.73666567,0.26333436
2350_kenya-non-crop,0.7445072,0.25549284
24117_geowiki-landcover-2017,0.60170925,0.39829072
15369_geowiki-landcover-2017,0.7502335,0.24976656
1758_tanzania-ceo,0.5919101,0.40808985
35764_geowiki-landcover-2017,0.5845533,0.41544667
584_kenya-non-crop,0.7366662,0.26333386
34699_geowiki-landcover-2017,0.27241525,0.7275848
711_croplands,0.2724151,0.7275849
4709_croplands,0.27241692,0.72758305
5399_geowiki-landcover-2017,0.74449104,0.25550896
29611_geowiki-landcover-2017,0.7444904,0.25550956
564_tanzania-ceo,0.7502357,0.24976432
1282_germany,0.42177537,0.57822466
11724_geowiki-landcover-2017,0.7502382,0.24976185
14159_geowiki-landcover-2017,0.7502317,0.24976836
23993_geowiki-landcover-2017,0.7444891,0.2555109
5189_central-asia,0.41889617,0.5811038
27102_geowiki-landcover-2017,0.8527979,0.14720206
2582_canada,0.2724154,0.7275846
16911_geowiki-landcover-2017,0.7444909,0.25550914
15394_geowiki-landcover-2017,0.5992805,0.40071955
1848_rwanda-ceo,0.736666,0.26333398
2560_ile-de-france,0.2724155,0.72758454
12282_geowiki-landcover-2017,0.58990586,0.41009414
33260_geowiki-landcover-2017,0.60170805,0.39829192
206_tanzania-rice-ecaas,0.73666394,0.26333606
26471_geowiki-landcover-2017,0.43674526,0.5632547
3807_canada,0.27241796,0.7275821
9378_geowiki-landcover-2017,0.42174718,0.5782528
2548_kenya-non-crop,0.59191054,0.40808952
23891_geowiki-landcover-2017,0.27244002,0.72756
273_tanzania,0.73666126,0.26333874
624_central-asia,0.27241695,0.72758305
18_martinique-france,0.58453673,0.41546324
134_reunion-france,0.59191054,0.40808943
17631_geowiki-landcover-2017,0.2724188,0.7275812
876_togo,0.7444897,0.25551024
5651_ile-de-france,0.4217953,0.57820475
999_reunion-france,0.4217958,0.5782042
1113_central-asia,0.27255216,0.72744787
563_croplands,0.42179546,0.5782046
21312_geowiki-landcover-2017,0.5885999,0.41140014
3882_ile-de-france,0.27241546,0.7275846
32471_geowiki-landcover-2017,0.42180458,0.57819545
1600_kenya-non-crop,0.59191036,0.40808964
21688_geowiki-landcover-2017,0.7502365,0.24976349
7462_croplands,0.58453834,0.41546166
31764_geowiki-landcover-2017,0.43583164,0.56416833
9273_geowiki-landcover-2017,0.5919101,0.40808985
652_croplands,0.27241552,0.7275845
5559_ile-de-france,0.27241644,0.7275835
8263_geowiki-landcover-2017,0.7444908,0.25550926
225_geowiki-landcover-2017,0.73666644,0.26333356
2396_geowiki-landcover-2017,0.8527981,0.14720194
29867_geowiki-landcover-2017,0.58453864,0.41546133
95_tanzania-rice-ecaas,0.7366651,0.26333487
32479_geowiki-landcover-2017,0.27241838,0.7275816
29519_geowiki-landcover-2017,0.5845415,0.41545844
29986_geowiki-landcover-2017,0.7444865,0.25551352
1481_kenya-non-crop,0.59928626,0.4007137
2619_rwanda-ceo,0.85279346,0.14720656
333_kenya-non-crop,0.85279775,0.14720227
4003_geowiki-landcover-2017,0.42678487,0.5732151
2304_ile-de-france,0.2724152,0.7275848
3285_geowiki-landcover-2017,0.75021243,0.24978764
4165_central-asia,0.27241766,0.72758234
23165_geowiki-landcover-2017,0.43674162,0.56325835
7856_geowiki-landcover-2017,0.43674156,0.56325847
2632_reunion-france,0.60327023,0.3967297
1946_kenya-non-crop,0.7444896,0.2555104
2307_kenya-non-crop,0.5845456,0.41545436
2488_ile-de-france,0.4217949,0.5782051
304_central-asia,0.27241552,0.7275845
1506_central-asia,0.4186177,0.5813823
30597_geowiki-landcover-2017,0.27241516,0.72758484
2165_rwanda-ceo,0.7502467,0.24975331
7257_canada,0.42179498,0.57820505
2297_tanzania-ceo,0.85278594,0.14721406
30802_geowiki-landcover-2017,0.4367448,0.5632552
209_mali-helmets-labelling-crops,0.5845388,0.41546118
15720_geowiki-landcover-2017,0.4267491,0.5732509
584_canada,0.27241567,0.72758436
12551_geowiki-landcover-2017,0.42674932,0.5732507
2398_ile-de-france,0.27241525,0.7275848
18343_geowiki-landcover-2017,0.42179638,0.5782036
6626_geowiki-landcover-2017,0.42676243,0.57323754
15012_geowiki-landcover-2017,0.42674854,0.5732514
940_kenya-non-crop,0.8527953,0.14720465
5785_canada,0.2724152,0.7275848
22048_geowiki-landcover-2017,0.27241975,0.72758025
32842_geowiki-landcover-2017,0.42179716,0.57820284
8555_croplands,0.4217966,0.5782034
10806_geowiki-landcover-2017,0.5919079,0.40809202
1636_ile-de-france,0.2724155,0.72758454
4652_central-asia,0.2724158,0.72758424
20060_geowiki-landcover-2017,0.43674153,0.56325847
4682_geowiki-landcover-2017,0.7366663,0.26333365
20568_geowiki-landcover-2017,0.42674816,0.5732519
12431_geowiki-landcover-2017,0.7502319,0.24976805
2107_tanzania-ceo,0.736666,0.26333398
1544_ile-de-france,0.27241552,0.7275845
1112_reunion-france,0.5918111,0.4081889
3967_geowiki-landcover-2017,0.74449086,0.25550917
3870_central-asia,0.27244416,0.7275558
34191_geowiki-landcover-2017,0.7366571,0.26334292
33646_geowiki-landcover-2017,0.27241614,0.7275838
126_reunion-france,0.59191054,0.40808943
507_martinique-france,0.4217963,0.5782037
28897_geowiki-landcover-2017,0.42179587,0.57820415
27199_geowiki-landcover-2017,0.584057,0.4159431
1882_geowiki-landcover-2017,0.59191024,0.4080897
1954_canada,0.2724152,0.72758484
4626_croplands,0.584531,0.41546902
484_canada,0.43674368,0.5632563
34150_geowiki-landcover-2017,0.85279834,0.1472017
2070_germany,0.27241674,0.7275832
18881_geowiki-landcover-2017,0.59190995,0.40809003
22238_geowiki-landcover-2017,0.4267495,0.57325053
9290_geowiki-landcover-2017,0.4367658,0.5632342
7896_canada,0.27241537,0.72758466
1463_geowiki-landcover-2017,0.591911,0.40808895
1038_canada,0.42179385,0.5782062
11758_geowiki-landcover-2017,0.5894555,0.41054448
3694_ile-de-france,0.27241525,0.7275847
2987_central-asia,0.27241683,0.7275832
2963_central-asia,0.27241722,0.72758275
1791_kenya-non-crop,0.852797,0.14720304
1971_geowiki-landcover-2017,0.59190977,0.40809023
3882_geowiki-landcover-2017,0.59191066,0.40808934
29086_geowiki-landcover-2017,0.27241516,0.72758484
4187_central-asia,0.27241609,0.7275839
9961_croplands,0.59190184,0.40809816
796_central-asia,0.27241856,0.72758144
17341_geowiki-landcover-2017,0.2724364,0.7275636
412_sudan,0.58452785,0.4154722
1414_germany,0.27241576,0.7275843
2537_kenya-non-crop,0.7366593,0.26334074
2954_canada,0.27241647,0.7275835
6540_canada,0.42179468,0.57820535
265_kenya-non-crop,0.73666185,0.26333812
23690_geowiki-landcover-2017,0.4217956,0.5782044
703_rwanda-ceo,0.7502364,0.24976358
7518_canada,0.42103824,0.57896173
4715_central-asia,0.27241853,0.72758144
829_croplands,0.42675465,0.5732453
3514_ile-de-france,0.27241513,0.72758484
1620_central-asia,0.27247146,0.7275286
4120_central-asia,0.42178816,0.57821184
4296_central-asia,0.27241817,0.7275818
2551_kenya-non-crop,0.7502368,0.24976319
4654_canada,0.43683738,0.5631626
44_mali,0.58453906,0.41546088
665_central-asia,0.2724215,0.7275785
2365_tanzania-ceo,0.7366653,0.26333466
4770_ile-de-france,0.42179555,0.57820445
18072_geowiki-landcover-2017,0.74446064,0.2555394
2689_rwanda-ceo,0.75023615,0.24976388
174_ile-de-france,0.27241525,0.7275847
815_lem-brazil,0.59424466,0.4057553
31902_geowiki-landcover-2017,0.42178822,0.5782117
34437_geowiki-landcover-2017,0.5845382,0.41546178
33164_geowiki-landcover-2017,0.42179757,0.5782024
1339_geowiki-landcover-2017,0.5894577,0.41054234
2814_geowiki-landcover-2017,0.42180744,0.57819253
1278_mali-helmets-labelling-crops,0.4313247,0.56867534
2623_rwanda-ceo,0.5919473,0.40805268
2504_kenya-non-crop,0.8527884,0.1472116
5132_geowiki-landcover-2017,0.85279816,0.14720185
13_mali,0.5845302,0.41546986
16667_geowiki-landcover-2017,0.4218001,0.57819986
826_geowiki-landcover-2017,0.7483301,0.25166982
4705_croplands,0.60171676,0.39828324
278_mali-helmets-labelling-crops,0.421809,0.57819104
3135_ile-de-france,0.27241525,0.7275847
6680_croplands,0.59191066,0.40808934
49_tanzania-rice-ecaas,0.7366597,0.26334032
959_martinique-france,0.6017137,0.3982863
90_tanzania-ceo,0.7366815,0.2633185
1263_geowiki-landcover-2017,0.59191376,0.40808618
2471_reunion-france,0.5919132,0.40808678
5708_geowiki-landcover-2017,0.42179564,0.5782044
33022_geowiki-landcover-2017,0.75023663,0.2497634
2240_geowiki-landcover-2017,0.8527979,0.14720206
30179_geowiki-landcover-2017,0.43674138,0.56325865
4153_central-asia,0.2724158,0.72758424
4555_geowiki-landcover-2017,0.58945554,0.41054443
27607_geowiki-landcover-2017,0.42179537,0.57820463
3063_ile-de-france,0.27241525,0.7275848
1453_mali-helmets-labelling-crops,0.42220515,0.57779485
245_croplands,0.4217928,0.5782072
299_tanzania-ceo,0.59191084,0.4080892
1491_martinique-france,0.6015959,0.39840412
5522_ile-de-france,0.27241513,0.72758484
531_reunion-france,0.7502338,0.24976617
8040_geowiki-landcover-2017,0.42179492,0.57820505
2248_canada,0.2724166,0.7275834
29310_geowiki-landcover-2017,0.42162517,0.5783748
4270_ile-de-france,0.27241525,0.7275848
22098_geowiki-landcover-2017,0.4217926,0.57820743
11096_geowiki-landcover-2017,0.750237,0.24976306
3986_geowiki-landcover-2017,0.8527979,0.14720206
1181_mali-helmets-labelling-crops,0.43132505,0.568675
9402_geowiki-landcover-2017,0.41932365,0.5806763
843_canada,0.27241525,0.7275848
30214_geowiki-landcover-2017,0.6017098,0.3982902
1015_mali-helmets-labelling-crops,0.42381144,0.57618856
1626_germany,0.27241656,0.72758347
33024_geowiki-landcover-2017,0.7366783,0.26332173
2049_reunion-france,0.6017111,0.39828894
237_croplands,0.5919026,0.4080974
2401_ile-de-france,0.2724152,0.72758484
1943_reunion-france,0.7502363,0.2497637
1632_tanzania-ceo,0.7502372,0.24976274
6465_canada,0.2724152,0.7275848
28700_geowiki-landcover-2017,0.584539,0.415461
1321_geowiki-landcover-2017,0.736666,0.26333398
3317_geowiki-landcover-2017,0.7444908,0.25550923
7672_canada,0.27241513,0.72758484
2688_reunion-france,0.60656065,0.39343935
405_tanzania-ceo,0.5919104,0.40808952
27324_geowiki-landcover-2017,0.42177045,0.5782296
10716_croplands,0.42180544,0.57819456
4263_ile-de-france,0.27241522,0.7275848
4624_canada,0.2724154,0.7275846
903_geowiki-landcover-2017,0.42179573,0.5782043
1785_martinique-france,0.5992764,0.4007236
23854_geowiki-landcover-2017,0.85279626,0.14720377
23698_geowiki-landcover-2017,0.7444822,0.2555178
971_geowiki-landcover-2017,0.7366516,0.26334846
33098_geowiki-landcover-2017,0.736666,0.26333398
360_tanzania-rice-ecaas,0.7366611,0.26333892
3376_geowiki-landcover-2017,0.58453864,0.41546133
14960_croplands,0.58448416,0.41551584
1563_tanzania-ceo,0.7366659,0.26333407
6961_geowiki-landcover-2017,0.7366658,0.26333416
21091_geowiki-landcover-2017,0.27241525,0.7275847
2265_reunion-france,0.59191054,0.40808943
2175_geowiki-landcover-2017,0.7444909,0.25550914
683_kenya-non-crop,0.852789,0.14721103
909_togo,0.41932058,0.58067936
9393_croplands,0.2724167,0.7275833
34716_geowiki-landcover-2017,0.2724155,0.7275845
16654_geowiki-landcover-2017,0.7502371,0.24976291
10090_croplands,0.59190917,0.40809086
18_kenya,0.73666656,0.2633334
9255_geowiki-landcover-2017,0.2725169,0.7274831
22407_geowiki-landcover-2017,0.42179492,0.5782051
20081_geowiki-landcover-2017,0.27241588,0.72758406
989_tanzania-ceo,0.7366662,0.2633338
2125_ile-de-france,0.2724153,0.72758466
2300_geowiki-landcover-2017,0.73666346,0.2633365
3389_rwanda-ceo,0.7366658,0.2633342
14392_geowiki-landcover-2017,0.42178026,0.5782198
295_kenya-non-crop,0.73666567,0.26333436
227_mali-helmets-labelling-crops,0.5845392,0.41546085
2154_ile-de-france,0.27241588,0.7275841
6197_geowiki-landcover-2017,0.59927666,0.40072334
3649_croplands,0.5919034,0.4080966
7548_canada,0.27241758,0.72758245
4507_geowiki-landcover-2017,0.4367415,0.5632585
886_canada,0.27241516,0.72758484
5631_canada,0.2724151,0.72758484
414_mali-helmets-labelling-crops,0.584539,0.415461
1088_rwanda-ceo,0.5919122,0.40808776
3047_central-asia,0.2724174,0.7275826
1585_ile-de-france,0.27241525,0.7275847
5913_canada,0.27241528,0.7275847
798_lem-brazil,0.5845377,0.4154623
16155_geowiki-landcover-2017,0.73665637,0.2633437
2856_central-asia,0.27241647,0.7275835
3591_canada,0.27241546,0.72758454
2612_canada,0.2724151,0.7275849
2168_kenya-non-crop,0.8527982,0.14720172
3395_geowiki-landcover-2017,0.74448895,0.25551108
2960_rwanda-ceo,0.59191096,0.408089
3483_ile-de-france,0.27241597,0.727584
4590_croplands,0.4217973,0.57820266
35400_geowiki-landcover-2017,0.27241546,0.72758454
4367_ile-de-france,0.27243146,0.7275685
6865_canada,0.27241695,0.72758305
7043_canada,0.42179516,0.5782049
2294_central-asia,0.27241728,0.7275827
30315_geowiki-landcover-2017,0.58453953,0.41546047
33283_geowiki-landcover-2017,0.27241609,0.72758394
2536_canada,0.27241576,0.7275843
2093_central-asia,0.42179334,0.57820666
5681_ile-de-france,0.2724153,0.7275847
412_geowiki-landcover-2017,0.7366646,0.2633354
2090_kenya-non-crop,0.8527982,0.14720172
251_geowiki-landcover-2017,0.75023425,0.24976572
14952_croplands,0.4218203,0.5781797
360_geowiki-landcover-2017,0.5919101,0.4080899
740_togo,0.7444866,0.2555135
3147_ile-de-france,0.2724152,0.7275848
4629_croplands,0.42180774,0.5781923
206_lem-brazil,0.5918279,0.40817204
906_tanzania-ceo,0.73666424,0.2633358
15503_geowiki-landcover-2017,0.27241865,0.7275813
1550_tanzania-ceo,0.7366658,0.2633342
25631_geowiki-landcover-2017,0.5845385,0.41546154
1443_croplands,0.42179692,0.578203
32830_geowiki-landcover-2017,0.42179316,0.57820684
6683_croplands,0.7502364,0.24976358
26435_geowiki-landcover-2017,0.27241638,0.7275836
5317_ile-de-france,0.2724151,0.72758484
32122_geowiki-landcover-2017,0.60170823,0.3982918
52_canada,0.27241525,0.7275847
30106_geowiki-landcover-2017,0.60655767,0.3934423
2029_reunion-france,0.60170627,0.39829373
2272_geowiki-landcover-2017,0.60171306,0.39828694
17563_geowiki-landcover-2017,0.60655904,0.39344093
1442_reunion-france,0.7502368,0.24976319
93_croplands,0.42179468,0.5782053
957_mali-helmets-labelling-crops,0.42181158,0.57818836
21288_geowiki-landcover-2017,0.60655653,0.3934434
1346_central-asia,0.27417034,0.72582966
27680_geowiki-landcover-2017,0.272416,0.727584
1172_germany,0.42179456,0.57820547
6952_canada,0.4367415,0.5632585
1314_canada,0.27241516,0.72758484
27283_geowiki-landcover-2017,0.58453596,0.415464
31050_geowiki-landcover-2017,0.2724152,0.72758484
25888_geowiki-landcover-2017,0.74826527,0.25173473
223_ile-de-france,0.27241516,0.72758484
16950_geowiki-landcover-2017,0.7444909,0.25550905
8789_geowiki-landcover-2017,0.6017112,0.39828882
13659_croplands,0.60171175,0.39828825
97_martinique-france,0.73641616,0.2635838
63_geowiki-landcover-2017,0.7444907,0.25550932
33976_geowiki-landcover-2017,0.27241537,0.72758466
6114_ile-de-france,0.42179516,0.5782048
585_martinique-france,0.6017112,0.39828882
509_ile-de-france,0.2724155,0.7275845
194_togo,0.42179644,0.57820356
1297_ile-de-france,0.27241576,0.72758424
2958_ile-de-france,0.27241546,0.72758454
751_mali-helmets-labelling-crops,0.4218122,0.57818776
2643_rwanda-ceo,0.7502353,0.24976468
4650_central-asia,0.27241582,0.72758424
8114_geowiki-landcover-2017,0.42674935,0.57325065
14621_geowiki-landcover-2017,0.58453894,0.41546112
2058_rwanda-ceo,0.591911,0.40808895
619_kenya-non-crop,0.7366658,0.26333416
5554_canada,0.27241513,0.72758484
21296_geowiki-landcover-2017,0.42669442,0.57330555
10006_croplands,0.42242926,0.5775707
4672_ile-de-france,0.421795,0.578205
19673_geowiki-landcover-2017,0.591911,0.40808898
1585_geowiki-landcover-2017,0.58453864,0.4154613
32028_geowiki-landcover-2017,0.2724154,0.7275846
1099_canada,0.27241528,0.7275847
1064_geowiki-landcover-2017,0.59190804,0.40809193
7367_geowiki-landcover-2017,0.27241525,0.7275848
18658_geowiki-landcover-2017,0.42675763,0.5732424
4628_canada,0.4164273,0.5835727
13718_croplands,0.584527,0.415473
5226_central-asia,0.5919026,0.40809745
1681_canada,0.27241534,0.72758466
854_central-asia,0.2724174,0.72758263
94_croplands,0.27242568,0.72757435
2356_kenya-non-crop,0.85279775,0.14720227
5649_ile-de-france,0.2724152,0.7275848
5141_ile-de-france,0.42179516,0.5782049
27842_geowiki-landcover-2017,0.4368241,0.5631759
6321_geowiki-landcover-2017,0.4217941,0.57820594
796_ethiopia,0.58946216,0.4105378
22316_geowiki-landcover-2017,0.4267491,0.5732509
319_tanzania-rice-ecaas,0.7366654,0.26333457
35139_geowiki-landcover-2017,0.4217961,0.5782039
1526_geowiki-landcover-2017,0.8527981,0.1472019
2271_ile-de-france,0.27241918,0.7275808
1487_martinique-france,0.4367627,0.5632373
3656_central-asia,0.27244455,0.72755545
3253_geowiki-landcover-2017,0.74448085,0.2555191
1174_geowiki-landcover-2017,0.42179593,0.5782041
2074_canada,0.27241534,0.72758466
3413_rwanda-ceo,0.7366659,0.26333404
2383_kenya-non-crop,0.5845383,0.41546175
331_tanzania-rice-ecaas,0.7366649,0.26333508
967_central-asia,0.2724179,0.7275821
1380_central-asia,0.42451298,0.575487
5458_geowiki-landcover-2017,0.6017115,0.39828846
2917_ile-de-france,0.4217952,0.5782048
5726_ile-de-france,0.27241537,0.72758466
371_germany,0.42179546,0.5782046
314_tanzania,0.5919968,0.4080032
3520_ile-de-france,0.2724153,0.7275847
23473_geowiki-landcover-2017,0.6065589,0.3934411
4142_ile-de-france,0.27241537,0.72758466
2806_geowiki-landcover-2017,0.58453906,0.41546097
20327_geowiki-landcover-2017,0.42179704,0.57820296
2235_croplands,0.42179906,0.578201
4824_canada,0.27241516,0.72758484
3793_ile-de-france,0.2724156,0.72758436
774_togo,0.5845393,0.4154607
7059_geowiki-landcover-2017,0.4268267,0.5731733
24738_geowiki-landcover-2017,0.7444867,0.25551334
629_canada,0.27241588,0.72758406
5180_central-asia,0.4191119,0.5808881
1422_rwanda-ceo,0.7502372,0.24976273
3607_geowiki-landcover-2017,0.5845361,0.41546398
24696_geowiki-landcover-2017,0.6017111,0.39828897
338_lem-brazil,0.58454084,0.4154592
1850_rwanda-ceo,0.4267748,0.57322526
8755_geowiki-landcover-2017,0.27241606,0.72758394
450_canada,0.27241513,0.72758484
2481_ile-de-france,0.27241597,0.727584
10546_geowiki-landcover-2017,0.73663765,0.26336232
9620_geowiki-landcover-2017,0.426761,0.57323897
3307_rwanda-ceo,0.7502372,0.24976274
1178_togo,0.58453786,0.4154621
1854_rwanda-ceo,0.7502368,0.24976319
565_togo,0.59190995,0.40809005
21_kenya-non-crop,0.73666626,0.2633337
477_kenya-non-crop,0.7502366,0.24976349
184_tanzania-ceo,0.75023687,0.24976309
1719_ile-de-france,0.27241525,0.7275847
2671_kenya-non-crop,0.7366406,0.26335943
17169_geowiki-landcover-2017,0.27242503,0.72757494
29374_geowiki-landcover-2017,0.27241513,0.72758484
3055_canada,0.4367416,0.56325847
17_rwanda-ceo,0.7502376,0.24976242
842_tanzania-ceo,0.59191066,0.40808934
429_tanzania-ceo,0.59191555,0.40808442
24905_geowiki-landcover-2017,0.60656506,0.39343494
4501_geowiki-landcover-2017,0.59189814,0.4081018
4298_central-asia,0.27243555,0.72756445
11726_geowiki-landcover-2017,0.78037876,0.21962123
6543_canada,0.27241516,0.72758484
6058_croplands,0.42179537,0.57820463
1711_rwanda-ceo,0.8527774,0.14722252
1062_tanzania-ceo,0.8527974,0.14720264
16380_geowiki-landcover-2017,0.7444909,0.2555091
10142_geowiki-landcover-2017,0.5919109,0.4080891
9130_geowiki-landcover-2017,0.7502499,0.2497501
184_central-asia,0.27243635,0.7275636
3161_rwanda-ceo,0.6083276,0.3916724
6428_geowiki-landcover-2017,0.42179602,0.578204
69_germany,0.42179573,0.5782043
1394_central-asia,0.27417088,0.7258291
963_geowiki-landcover-2017,0.4267516,0.57324845
214_geowiki-landcover-2017,0.5845385,0.41546154
21160_geowiki-landcover-2017,0.42179373,0.5782063
8492_croplands,0.4217975,0.5782025
2002_canada,0.27241516,0.72758484
1499_rwanda-ceo,0.5919111,0.40808886
26079_geowiki-landcover-2017,0.7444933,0.2555067
1028_germany,0.42179546,0.5782046
6274_canada,0.42179587,0.57820415
8774_geowiki-landcover-2017,0.7502349,0.2497651
6369_canada,0.4217923,0.57820773
2584_canada,0.2724153,0.7275847
2442_rwanda-ceo,0.4268778,0.57312226
225_reunion-france,0.6017119,0.39828807
456_tanzania-ceo,0.4193177,0.5806823
21467_geowiki-landcover-2017,0.5919118,0.40808827
1984_martinique-france,0.42179683,0.57820314
924_reunion-france,0.6017209,0.39827913
139_togo,0.58453923,0.41546074
4011_geowiki-landcover-2017,0.42227736,0.57772267
19327_geowiki-landcover-2017,0.43674153,0.56325847
14061_croplands,0.42184162,0.57815844
6710_croplands,0.5918843,0.40811574
4707_central-asia,0.27241707,0.72758293
223_lem-brazil,0.42179883,0.57820123
1454_central-asia,0.27245563,0.7275443
9872_geowiki-landcover-2017,0.5845395,0.41546056
2797_rwanda-ceo,0.75023663,0.24976335
15513_geowiki-landcover-2017,0.4367195,0.5632805
3885_central-asia,0.2724246,0.72757536
2874_rwanda-ceo,0.8527967,0.14720328
1263_martinique-france,0.43663198,0.563368
20621_geowiki-landcover-2017,0.42675,0.57325
10621_croplands,0.5919068,0.4080932
3818_canada,0.2724153,0.72758466
1435_geowiki-landcover-2017,0.7502441,0.24975595
29368_geowiki-landcover-2017,0.2724153,0.7275847
10672_croplands,0.601265,0.39873496
30907_geowiki-landcover-2017,0.59156376,0.4084363
3627_canada,0.2724152,0.72758484
1956_ile-de-france,0.4217949,0.5782051
1139_germany,0.27241558,0.7275844
10693_geowiki-landcover-2017,0.6065608,0.3934391
106_ethiopia,0.73666567,0.26333436
31901_geowiki-landcover-2017,0.41932172,0.58067834
25254_geowiki-landcover-2017,0.5845395,0.41546056
319_tanzania,0.5920271,0.40797287
25376_geowiki-landcover-2017,0.2724151,0.72758484
4493_geowiki-landcover-2017,0.2724196,0.72758037
419_germany,0.4217742,0.5782258
1722_central-asia,0.27260998,0.72739005
25461_geowiki-landcover-2017,0.2724152,0.72758484
24445_geowiki-landcover-2017,0.7502314,0.24976858
1118_togo,0.7444857,0.2555143
346_geowiki-landcover-2017,0.5845392,0.41546088
331_germany,0.2724157,0.7275843
545_ethiopia,0.59191066,0.4080893
5388_canada,0.272416,0.72758394
986_rwanda-ceo,0.73666555,0.26333445
1919_geowiki-landcover-2017,0.42179585,0.57820415
2514_rwanda-ceo,0.7502372,0.24976273
27041_geowiki-landcover-2017,0.85279703,0.14720295
24656_geowiki-landcover-2017,0.27241537,0.72758466
31698_geowiki-landcover-2017,0.7338259,0.26617408
3406_ile-de-france,0.2724174,0.72758263
821_germany,0.2724153,0.7275847
26232_geowiki-landcover-2017,0.85263306,0.14736693
487_togo,0.5845388,0.4154612
2761_geowiki-landcover-2017,0.7444909,0.25550905
4473_croplands,0.4217953,0.5782047
3664_geowiki-landcover-2017,0.8495409,0.15045911
5208_central-asia,0.41931903,0.58068097
985_togo,0.5845392,0.4154608
1921_canada,0.27241522,0.7275848
21114_geowiki-landcover-2017,0.27241537,0.72758466
5181_ile-de-france,0.2724169,0.72758317
2146_geowiki-landcover-2017,0.7366658,0.2633342
737_croplands,0.42669,0.57330996
14171_geowiki-landcover-2017,0.60632193,0.39367813
3979_canada,0.2724152,0.72758484
19036_geowiki-landcover-2017,0.40781817,0.59218186
643_togo,0.7443978,0.25560218
212_tanzania,0.59192365,0.4080764
2034_rwanda-ceo,0.85279816,0.14720179
2628_canada,0.27241537,0.72758466
28747_geowiki-landcover-2017,0.43674368,0.5632563
1308_martinique-france,0.85279536,0.1472046
4312_central-asia,0.27241662,0.7275834
13759_croplands,0.4217953,0.5782047
641_kenya-non-crop,0.7366656,0.26333436
213_canada,0.27241525,0.7275848
22_ile-de-france,0.27241525,0.7275848
34242_geowiki-landcover-2017,0.5894636,0.41053644
10555_geowiki-landcover-2017,0.5919108,0.40808925
2291_tanzania-ceo,0.5919104,0.40808952
7469_croplands,0.59927505,0.4007249
1955_canada,0.2724152,0.72758484
6961_canada,0.43674517,0.56325483
1723_tanzania-ceo,0.7366651,0.26333487
25939_geowiki-landcover-2017,0.7366663,0.26333365
15047_geowiki-landcover-2017,0.58947873,0.4105212
966_togo,0.5845389,0.41546112
572_rwanda-ceo,0.5919112,0.40808883
25803_geowiki-landcover-2017,0.42179537,0.57820463
30650_geowiki-landcover-2017,0.4217956,0.5782044
8322_geowiki-landcover-2017,0.736666,0.26333398
24284_geowiki-landcover-2017,0.42183205,0.578168
5953_ile-de-france,0.43674195,0.56325805
4338_ile-de-france,0.2724156,0.72758436
1366_kenya-non-crop,0.7361822,0.2638178
2779_rwanda-ceo,0.73557156,0.2644285
2061_central-asia,0.27241752,0.72758245
2808_geowiki-landcover-2017,0.74457103,0.255429
5360_ile-de-france,0.2724151,0.72758484
2645_croplands,0.4217958,0.5782043
32226_geowiki-landcover-2017,0.4367373,0.5632627
4597_canada,0.2724153,0.7275847
60_geowiki-landcover-2017,0.7502366,0.2497634
1054_kenya-non-crop,0.73666584,0.26333416
460_lem-brazil,0.59189916,0.40810087
1363_reunion-france,0.7502348,0.24976519
8554_geowiki-landcover-2017,0.59191054,0.40808943
30055_geowiki-landcover-2017,0.27242506,0.727575
361_canada,0.27241558,0.7275844
8143_geowiki-landcover-2017,0.58453774,0.41546223
17629_geowiki-landcover-2017,0.4217961,0.57820386
2377_kenya-non-crop,0.5845407,0.41545933
730_tanzania-rice-ecaas,0.7366649,0.26333514
1144_canada,0.27241516,0.72758484
3731_central-asia,0.27243373,0.7275663
1863_rwanda-ceo,0.7497663,0.25023368
3929_central-asia,0.5845006,0.4154994
9655_croplands,0.42177352,0.5782265
10164_geowiki-landcover-2017,0.6047199,0.39528015
4780_ile-de-france,0.2724153,0.7275847
205_mali-helmets-labelling-crops,0.58446753,0.41553247
2538_germany,0.27241525,0.7275848
1026_croplands,0.58453816,0.41546184
812_tanzania-ceo,0.7444959,0.25550404
20728_geowiki-landcover-2017,0.8527911,0.1472089
845_rwanda-ceo,0.75023705,0.24976295
26709_geowiki-landcover-2017,0.2724179,0.72758216
1184_rwanda-ceo,0.5919121,0.40808785
3459_ile-de-france,0.27241525,0.7275847
723_rwanda-ceo,0.73666644,0.26333356
722_geowiki-landcover-2017,0.75023615,0.2497638
3626_ile-de-france,0.2724151,0.72758484
2940_geowiki-landcover-2017,0.7365424,0.26345763
3030_rwanda-ceo,0.8527967,0.14720331
2153_kenya-non-crop,0.85279816,0.14720182
10815_geowiki-landcover-2017,0.6065607,0.3934393
2101_kenya-non-crop,0.8527981,0.1472019
1946_geowiki-landcover-2017,0.59191084,0.4080891
21824_geowiki-landcover-2017,0.5918686,0.40813142
3258_ile-de-france,0.27241528,0.7275847
251_rwanda-ceo,0.591911,0.40808895
10103_geowiki-landcover-2017,0.7444904,0.25550956
23905_geowiki-landcover-2017,0.4218098,0.5781902
3351_canada,0.4367407,0.56325936
19657_geowiki-landcover-2017,0.852797,0.14720303
747_germany,0.43673962,0.5632604
2148_kenya-non-crop,0.7366662,0.26333386
9618_geowiki-landcover-2017,0.60171103,0.39828897
650_germany,0.27241525,0.7275847
18057_geowiki-landcover-2017,0.7501875,0.24981248
6721_croplands,0.59190965,0.40809035
2028_ile-de-france,0.272851,0.727149
1690_rwanda-ceo,0.750237,0.249763
26469_geowiki-landcover-2017,0.42675027,0.5732497
3730_canada,0.42179552,0.5782045
5766_canada,0.27246156,0.7275384
9183_geowiki-landcover-2017,0.59190995,0.40809005
18934_geowiki-landcover-2017,0.58453673,0.41546324
13863_geowiki-landcover-2017,0.42674908,0.57325095
7157_geowiki-landcover-2017,0.4217952,0.5782048
10697_geowiki-landcover-2017,0.5921227,0.40787727
12167_geowiki-landcover-2017,0.4367413,0.56325865
3589_rwanda-ceo,0.85279745,0.14720257
3285_canada,0.60652345,0.39347655
21384_geowiki-landcover-2017,0.5845382,0.41546178
1479_ile-de-france,0.27241546,0.72758454
5761_ile-de-france,0.2724151,0.7275849
5038_canada,0.2724155,0.7275845
4809_canada,0.42178425,0.5782158
10698_croplands,0.5919069,0.4080931
4576_croplands,0.42179692,0.57820314
4026_central-asia,0.5844676,0.4155324
28179_geowiki-landcover-2017,0.73666626,0.26333374
3607_central-asia,0.27242807,0.7275719
34402_geowiki-landcover-2017,0.85279626,0.14720376
5031_canada,0.27241516,0.72758484
1278_geowiki-landcover-2017,0.75015724,0.24984276
3261_rwanda-ceo,0.8527982,0.14720172
1951_ile-de-france,0.27241525,0.7275847
5561_canada,0.27242416,0.72757584
1625_ile-de-france,0.27241528,0.7275847
2449_rwanda-ceo,0.5919116,0.4080884
678_tanzania-ceo,0.59191084,0.40808913
408_rwanda-ceo,0.7366662,0.26333386
1345_kenya-non-crop,0.73666537,0.26333463
6535_canada,0.42179587,0.57820415
14748_croplands,0.58454126,0.41545877
1715_reunion-france,0.60170984,0.3982902
4431_croplands,0.4217878,0.5782122
25390_geowiki-landcover-2017,0.43674204,0.563258
3035_central-asia,0.2724169,0.72758305
8817_geowiki-landcover-2017,0.4267491,0.5732509
13780_geowiki-landcover-2017,0.2724151,0.72758484
2153_canada,0.43674162,0.56325835
14269_geowiki-landcover-2017,0.7502286,0.24977145
461_kenya-non-crop,0.59191054,0.40808943
34578_geowiki-landcover-2017,0.27241546,0.72758454
4227_canada,0.27241594,0.72758406
7211_geowiki-landcover-2017,0.5845393,0.41546068
226_ethiopia,0.584539,0.41546097
363_rwanda-ceo,0.75023717,0.24976282
3319_ile-de-france,0.27241543,0.7275846
2121_rwanda-ceo,0.73666567,0.2633343
3047_ile-de-france,0.27241537,0.7275846
8341_geowiki-landcover-2017,0.6065608,0.39343914
3367_geowiki-landcover-2017,0.58453864,0.41546133
4615_geowiki-landcover-2017,0.4366822,0.56331784
1935_germany,0.27241617,0.7275838
4305_ile-de-france,0.436738,0.563262
4152_croplands,0.5845383,0.41546172
888_martinique-france,0.7366631,0.26333687
3993_geowiki-landcover-2017,0.42675045,0.5732495
1658_germany,0.43673766,0.5632624
1874_ile-de-france,0.4215654,0.5784346
14624_geowiki-landcover-2017,0.85279834,0.14720166
33232_geowiki-landcover-2017,0.2724152,0.7275848
24663_geowiki-landcover-2017,0.43674153,0.56325847
219_lem-brazil,0.591896,0.40810406
35154_geowiki-landcover-2017,0.7444854,0.25551465
463_germany,0.42179567,0.57820433
10000_croplands,0.5919035,0.40809652
2842_geowiki-landcover-2017,0.5845393,0.4154607
16705_geowiki-landcover-2017,0.85279775,0.14720231
640_ethiopia,0.7366659,0.26333407
3157_canada,0.2724152,0.72758484
12305_geowiki-landcover-2017,0.27241558,0.7275845
10033_geowiki-landcover-2017,0.74448764,0.25551233
25539_geowiki-landcover-2017,0.42674962,0.5732504
3637_central-asia,0.2724313,0.7275687
5011_ile-de-france,0.27241713,0.7275828
193_lem-brazil,0.4283718,0.5716282
7599_canada,0.27241516,0.72758484
6762_geowiki-landcover-2017,0.60171795,0.398282
2354_rwanda-ceo,0.7366643,0.26333568
4513_ile-de-france,0.2724153,0.72758466
721_germany,0.2724155,0.7275845
20704_geowiki-landcover-2017,0.6091663,0.39083362
197_germany,0.42179543,0.5782046
9836_geowiki-landcover-2017,0.42179513,0.5782049
894_ile-de-france,0.42177874,0.5782212
5217_ile-de-france,0.2724157,0.7275843
2649_rwanda-ceo,0.75025505,0.24974497
1490_central-asia,0.27463284,0.7253671
1492_mali-helmets-labelling-crops,0.42179573,0.5782043
4128_croplands,0.58453476,0.41546524
33432_geowiki-landcover-2017,0.27241573,0.7275843
13660_geowiki-landcover-2017,0.42179587,0.57820415
5530_ile-de-france,0.2724155,0.7275845
3426_canada,0.27242026,0.7275797
798_ethiopia,0.73666704,0.26333293
5080_ile-de-france,0.27241632,0.7275837
24645_geowiki-landcover-2017,0.27241525,0.7275847
2013_canada,0.27241543,0.7275846
299_geowiki-landcover-2017,0.5845396,0.4154604
28645_geowiki-landcover-2017,0.2724309,0.72756904
29601_geowiki-landcover-2017,0.4367416,0.56325847
707_ile-de-france,0.2724152,0.7275848
8678_geowiki-landcover-2017,0.8527411,0.14725891
17394_geowiki-landcover-2017,0.7444786,0.25552145
203_ethiopia,0.58453953,0.41546047
6141_canada,0.42674625,0.57325375
33131_geowiki-landcover-2017,0.7366567,0.26334324
922_mali-helmets-labelling-crops,0.4238115,0.57618856
1668_rwanda-ceo,0.5919509,0.40804917
35334_geowiki-landcover-2017,0.27241507,0.7275849
4461_croplands,0.4217894,0.5782106
4286_central-asia,0.27241552,0.7275845
12487_croplands,0.5845359,0.4154641
1589_ile-de-france,0.27241528,0.7275847
3463_canada,0.4266059,0.5733941
5386_canada,0.27241546,0.72758454
8955_geowiki-landcover-2017,0.6065409,0.39345908
1010_geowiki-landcover-2017,0.75023884,0.24976112
2277_reunion-france,0.5919111,0.40808892
22169_geowiki-landcover-2017,0.4267494,0.57325053
768_germany,0.2724173,0.7275827
4190_canada,0.27241537,0.72758466
33507_geowiki-landcover-2017,0.60656136,0.39343867
2349_canada,0.2724152,0.72758484
835_geowiki-landcover-2017,0.7366657,0.26333427
36_tanzania-rice-ecaas,0.7366635,0.26333645
928_ile-de-france,0.27241752,0.72758245
96_tanzania-ceo,0.42179886,0.5782011
2293_rwanda-ceo,0.5919108,0.40808925
2263_reunion-france,0.7502366,0.2497634
641_reunion-france,0.59191126,0.4080887
170_tanzania-rice-ecaas,0.7366646,0.26333544
6744_canada,0.2724154,0.7275846
34108_geowiki-landcover-2017,0.2724161,0.7275839
31615_geowiki-landcover-2017,0.42180714,0.57819283
1944_rwanda-ceo,0.75023764,0.24976242
4289_ile-de-france,0.2724153,0.7275847
11059_croplands,0.5918658,0.40813428
225_mali-helmets-labelling-crops,0.58453906,0.41546097
797_germany,0.27241567,0.72758436
1554_canada,0.27241546,0.72758454
10179_geowiki-landcover-2017,0.7502147,0.24978529
1258_mali-helmets-labelling-crops,0.43132472,0.56867534
444_geowiki-landcover-2017,0.58453894,0.4154611
1496_martinique-france,0.60163885,0.39836115
1700_germany,0.42179564,0.57820433
550_central-asia,0.27241942,0.72758055
5273_canada,0.27241528,0.7275847
30780_geowiki-landcover-2017,0.5919094,0.40809053
31616_geowiki-landcover-2017,0.584539,0.41546103
25615_geowiki-landcover-2017,0.5918777,0.4081223
756_mali-helmets-labelling-crops,0.42181182,0.5781881
900_tanzania-ceo,0.7502353,0.24976468
1827_ile-de-france,0.42178798,0.5782121
4464_canada,0.42179203,0.57820797
21846_geowiki-landcover-2017,0.74449074,0.25550932
350_croplands,0.7502371,0.24976291
10070_croplands,0.6065708,0.3934292
746_germany,0.42179477,0.5782052
1619_tanzania-ceo,0.58453864,0.41546136
634_tanzania-rice-ecaas,0.73645574,0.26354423
311_togo,0.74447834,0.25552168
805_martinique-france,0.4217938,0.5782062
2827_rwanda-ceo,0.5919113,0.40808868
418_ile-de-france,0.42179495,0.57820505
3015_geowiki-landcover-2017,0.58453816,0.41546187
4_tanzania-rice-ecaas,0.7366635,0.26333648
3994_geowiki-landcover-2017,0.27241752,0.72758245
18215_geowiki-landcover-2017,0.43664476,0.5633552
1703_canada,0.2724157,0.7275843
1404_mali-helmets-labelling-crops,0.4313251,0.56867486
25767_geowiki-landcover-2017,0.42674854,0.5732515
158_geowiki-landcover-2017,0.5918415,0.40815848
999_kenya-non-crop,0.8527972,0.14720276
22327_geowiki-landcover-2017,0.4367413,0.5632587
23309_geowiki-landcover-2017,0.27241513,0.72758484
5977_ile-de-france,0.27241594,0.72758406
4493_ile-de-france,0.27241516,0.72758484
15390_geowiki-landcover-2017,0.58453315,0.41546685
7524_geowiki-landcover-2017,0.41855755,0.5814425
2172_canada,0.43674213,0.5632579
259_tanzania-ceo,0.736666,0.26333398
5644_ile-de-france,0.4217954,0.57820463
15120_geowiki-landcover-2017,0.7483304,0.2516696
638_rwanda-ceo,0.59191364,0.40808636
21980_geowiki-landcover-2017,0.74449056,0.25550944
14228_geowiki-landcover-2017,0.75023735,0.24976265
4345_geowiki-landcover-2017,0.27241495,0.7275851
12056_geowiki-landcover-2017,0.27241522,0.7275848
17334_geowiki-landcover-2017,0.27241546,0.7275846
794_kenya-non-crop,0.7366654,0.26333457
3634_ile-de-france,0.27241537,0.72758466
6_ethiopia,0.7366659,0.26333407
3118_canada,0.2724151,0.72758484
26446_geowiki-landcover-2017,0.27241525,0.7275848
712_tanzania-ceo,0.58453983,0.41546017
3051_ile-de-france,0.27241516,0.72758484
27650_geowiki-landcover-2017,0.7502109,0.24978915
10594_croplands,0.272473,0.727527
1960_canada,0.27241522,0.7275848
741_ethiopia,0.8527978,0.14720215
623_tanzania-rice-ecaas,0.73666126,0.2633387
181_tanzania-rice-ecaas,0.73666555,0.26333448
7263_canada,0.2724152,0.7275848
3141_ile-de-france,0.27241525,0.7275848
31199_geowiki-landcover-2017,0.42179587,0.57820415
11656_geowiki-landcover-2017,0.4217965,0.5782035
5551_ile-de-france,0.27241546,0.7275846
517_canada,0.2724152,0.7275848
859_mali-helmets-labelling-crops,0.4217974,0.57820255
1934_kenya-non-crop,0.74449116,0.2555088
33707_geowiki-landcover-2017,0.43674096,0.56325907
22860_geowiki-landcover-2017,0.7439224,0.25607762
3411_canada,0.43675098,0.56324905
3007_ile-de-france,0.27241644,0.7275835
6766_canada,0.29715812,0.70284194
564_rwanda-ceo,0.7483239,0.25167602
838_croplands,0.74448997,0.25550997
2257_ile-de-france,0.27241525,0.7275848
1785_canada,0.27241558,0.7275844
5840_geowiki-landcover-2017,0.27241537,0.72758466
1945_tanzania-ceo,0.73666537,0.26333463
3011_canada,0.43674204,0.563258
29631_geowiki-landcover-2017,0.272416,0.727584
788_rwanda-ceo,0.59191155,0.40808845
999_togo,0.5845408,0.41545925
32317_geowiki-landcover-2017,0.59191036,0.40808964
2315_reunion-france,0.7502367,0.24976335
1690_reunion-france,0.8527887,0.14721133
1926_germany,0.43674144,0.5632585
361_croplands,0.43672162,0.5632783
2905_croplands,0.5919108,0.40808925
15972_geowiki-landcover-2017,0.60658294,0.393417
22755_geowiki-landcover-2017,0.74448985,0.2555101
3419_rwanda-ceo,0.8527938,0.14720619
1455_canada,0.60171044,0.39828953
21543_geowiki-landcover-2017,0.4367431,0.56325686
322_mali-helmets-labelling-crops,0.42181197,0.57818806
12506_geowiki-landcover-2017,0.6067065,0.3932935
944_canada,0.27241513,0.72758484
18628_geowiki-landcover-2017,0.8527928,0.14720719
2146_canada,0.4367416,0.56325847
347_reunion-france,0.750235,0.24976496
34388_geowiki-landcover-2017,0.5845398,0.41546023
5655_ile-de-france,0.4217954,0.57820463
28131_geowiki-landcover-2017,0.606561,0.39343894
538_ethiopia,0.6065622,0.39343786
9824_geowiki-landcover-2017,0.5845393,0.4154607
413_togo,0.58453804,0.41546202
31595_geowiki-landcover-2017,0.74449027,0.25550973
2074_central-asia,0.2724174,0.7275826
2105_central-asia,0.2724179,0.7275821
1674_central-asia,0.2724687,0.7275313
29337_geowiki-landcover-2017,0.2724152,0.72758484
1223_martinique-france,0.27723643,0.7227636
25782_geowiki-landcover-2017,0.6065608,0.39343914
23147_geowiki-landcover-2017,0.2724153,0.7275847
32246_geowiki-landcover-2017,0.8527955,0.1472045
991_central-asia,0.2724166,0.72758347
20618_geowiki-landcover-2017,0.58453906,0.41546097
2121_reunion-france,0.6017058,0.3982942
26165_geowiki-landcover-2017,0.7108314,0.28916857
19663_geowiki-landcover-2017,0.27247405,0.72752595
7902_geowiki-landcover-2017,0.42674893,0.57325107
8437_geowiki-landcover-2017,0.6065628,0.39343727
9971_geowiki-landcover-2017,0.5919108,0.40808925
10789_geowiki-landcover-2017,0.42675114,0.57324886
1307_kenya-non-crop,0.73666614,0.2633339
1229_togo,0.7444896,0.25551045
2366_rwanda-ceo,0.85279816,0.14720187
5826_geowiki-landcover-2017,0.74448925,0.25551075
2337_canada,0.2724151,0.7275849
24387_geowiki-landcover-2017,0.60656124,0.39343876
2551_geowiki-landcover-2017,0.27351817,0.7264818
229_central-asia,0.27241567,0.72758436
104_tanzania-rice-ecaas,0.8527974,0.14720257
390_rwanda-ceo,0.85279745,0.1472025
192_tanzania-ceo,0.58453745,0.41546252
940_germany,0.42170078,0.57829916
4558_croplands,0.42179635,0.5782036
7951_canada,0.2724155,0.72758454
3934_canada,0.42179278,0.57820725
13856_croplands,0.75023365,0.2497663
2030_martinique-france,0.7444869,0.2555131
375_kenya-non-crop,0.73666614,0.2633339
21098_geowiki-landcover-2017,0.27242902,0.72757095
819_germany,0.4218335,0.5781665
427_togo,0.7444903,0.25550964
21657_geowiki-landcover-2017,0.27241543,0.7275846
2743_central-asia,0.2724161,0.7275839
123_kenya,0.7366659,0.26333404
1319_rwanda-ceo,0.73666537,0.26333463
5129_ile-de-france,0.2724161,0.7275839
22677_geowiki-landcover-2017,0.4218,0.57820004
25796_geowiki-landcover-2017,0.4267493,0.5732507
1260_tanzania-ceo,0.59191084,0.40808913
11914_geowiki-landcover-2017,0.75023663,0.24976335
863_ile-de-france,0.2724153,0.72758466
2108_germany,0.42179555,0.57820445
27081_geowiki-landcover-2017,0.43675882,0.5632412
17145_geowiki-landcover-2017,0.27245322,0.72754675
19785_geowiki-landcover-2017,0.42179945,0.5782005
701_martinique-france,0.4218124,0.57818764
6942_geowiki-landcover-2017,0.42179647,0.5782035
33665_geowiki-landcover-2017,0.27241674,0.7275833
1837_germany,0.42179522,0.5782048
3959_central-asia,0.5845158,0.4154842
3006_rwanda-ceo,0.59192103,0.4080789
4384_geowiki-landcover-2017,0.42197955,0.57802045
1633_geowiki-landcover-2017,0.5894582,0.4105418
31327_geowiki-landcover-2017,0.42674935,0.57325065
1646_central-asia,0.27246404,0.727536
3337_ile-de-france,0.27241522,0.7275848
6905_croplands,0.6065396,0.39346033
2934_rwanda-ceo,0.59191245,0.40808755
30869_geowiki-landcover-2017,0.2724152,0.72758484
727_tanzania-ceo,0.42674944,0.57325053
14588_geowiki-landcover-2017,0.5845328,0.41546717
3705_geowiki-landcover-2017,0.5986848,0.4013152
611_tanzania-ceo,0.59191084,0.40808913
2076_kenya-non-crop,0.7444909,0.25550914
7769_canada,0.5845374,0.41546258
330_tanzania,0.73666525,0.26333478
2431_canada,0.42179564,0.57820433
4158_croplands,0.58453816,0.41546184
29146_geowiki-landcover-2017,0.27241546,0.7275846
705_togo,0.58453774,0.4154623
101_sudan,0.5845392,0.4154608
911_reunion-france,0.59191054,0.4080895
669_rwanda-ceo,0.7502367,0.24976331
4239_ile-de-france,0.42173302,0.578267
2181_tanzania-ceo,0.8527263,0.14727372
368_canada,0.27241516,0.72758484
3753_geowiki-landcover-2017,0.5845389,0.41546112
9388_geowiki-landcover-2017,0.74449086,0.25550917
35039_geowiki-landcover-2017,0.4217959,0.5782041
30020_geowiki-landcover-2017,0.4217949,0.5782051
13_martinique-france,0.27241784,0.72758216
23492_geowiki-landcover-2017,0.27241904,0.7275809
793_kenya-non-crop,0.73666227,0.26333776
22292_geowiki-landcover-2017,0.2724156,0.7275844
745_tanzania-rice-ecaas,0.73665226,0.26334772
33790_geowiki-landcover-2017,0.6065592,0.39344078
122_tanzania,0.85279757,0.14720243
14873_geowiki-landcover-2017,0.599276,0.400724
20379_geowiki-landcover-2017,0.42179587,0.57820415
4270_geowiki-landcover-2017,0.7369321,0.2630679
4119_croplands,0.58453953,0.41546044
1716_tanzania-ceo,0.5919149,0.40808514
5948_canada,0.27241537,0.72758466
4401_geowiki-landcover-2017,0.43674153,0.56325847
28892_geowiki-landcover-2017,0.74449015,0.25550988
2774_reunion-france,0.5919073,0.40809262
5283_canada,0.2724151,0.72758484
1535_kenya-non-crop,0.74447876,0.25552127
3574_ile-de-france,0.2724151,0.72758484
2202_germany,0.42177734,0.57822263
817_lem-brazil,0.75020677,0.24979326
5955_geowiki-landcover-2017,0.58402425,0.41597578
129_kenya-non-crop,0.85279816,0.14720182
3327_geowiki-landcover-2017,0.8527981,0.14720197
927_kenya-non-crop,0.73666954,0.2633304
411_germany,0.4217954,0.57820463
368_germany,0.4217953,0.57820463
17960_geowiki-landcover-2017,0.43674144,0.5632586
821_martinique-france,0.8527959,0.14720409
15100_geowiki-landcover-2017,0.8527979,0.14720206
1918_tanzania-ceo,0.7366662,0.2633338
4414_geowiki-landcover-2017,0.4217891,0.5782109
26897_geowiki-landcover-2017,0.27241534,0.72758466
2380_ile-de-france,0.2724152,0.72758484
554_rwanda-ceo,0.750237,0.249763
2352_geowiki-landcover-2017,0.74448997,0.25550997
2810_central-asia,0.27241623,0.72758377
7040_canada,0.42178407,0.5782159
1610_kenya-non-crop,0.74833137,0.25166863
1185_mali-helmets-labelling-crops,0.4313225,0.56867754
1867_central-asia,0.2728418,0.7271582
27678_geowiki-landcover-2017,0.27241513,0.72758484
150_tanzania-ceo,0.7444909,0.25550914
4337_canada,0.27241525,0.7275847
7080_geowiki-landcover-2017,0.6017111,0.3982889
850_mali-helmets-labelling-crops,0.42180154,0.57819843
1580_central-asia,0.42184958,0.5781504
1602_ile-de-france,0.42179522,0.5782048
3722_canada,0.27241528,0.7275847
3235_rwanda-ceo,0.59191144,0.40808856
3789_canada,0.2724151,0.72758484
24977_geowiki-landcover-2017,0.59191024,0.40808973
8281_geowiki-landcover-2017,0.59190845,0.40809155
18282_geowiki-landcover-2017,0.74448997,0.25550997
429_ile-de-france,0.27241525,0.7275847
2345_reunion-france,0.7502363,0.24976371
3456_central-asia,0.41926378,0.5807362
232_tanzania-ceo,0.6017096,0.39829043
467_croplands,0.5845399,0.41546014
1726_tanzania-ceo,0.7444898,0.25551018
7954_canada,0.42179587,0.57820415
2174_tanzania-ceo,0.736664,0.26333606
19214_geowiki-landcover-2017,0.435218,0.564782
1012_kenya-non-crop,0.736665,0.26333496
2173_germany,0.27241603,0.72758394
795_canada,0.2724153,0.7275847
752_tanzania-rice-ecaas,0.73666096,0.26333907
12536_croplands,0.41932067,0.58067936
2621_rwanda-ceo,0.7366662,0.26333386
2332_ile-de-france,0.2724156,0.72758436
2259_germany,0.42179564,0.5782044
9293_geowiki-landcover-2017,0.5845412,0.41545877
2683_ile-de-france,0.2724152,0.72758484
7085_canada,0.2724165,0.72758347
2483_germany,0.421795,0.578205
2835_central-asia,0.272416,0.72758394
25719_geowiki-landcover-2017,0.6065612,0.39343885
5095_geowiki-landcover-2017,0.27242124,0.72757876
1556_rwanda-ceo,0.8527974,0.14720263
2430_ile-de-france,0.2724154,0.7275846
7267_canada,0.27241585,0.7275841
3657_geowiki-landcover-2017,0.5845393,0.4154607
34687_geowiki-landcover-2017,0.43674144,0.5632585
5676_geowiki-landcover-2017,0.41932195,0.5806781
16828_geowiki-landcover-2017,0.591911,0.40808895
4526_geowiki-landcover-2017,0.58453655,0.41546348
32332_geowiki-landcover-2017,0.272416,0.727584
448_tanzania-ceo,0.7366657,0.26333424
2661_canada,0.27241543,0.7275846
132_rwanda-ceo,0.59194005,0.40805995
30975_geowiki-landcover-2017,0.27241585,0.7275841
11832_geowiki-landcover-2017,0.7502365,0.24976349
694_reunion-france,0.60657364,0.3934264
30970_geowiki-landcover-2017,0.43674177,0.56325823
7926_geowiki-landcover-2017,0.42186192,0.5781381
1030_tanzania-ceo,0.7444915,0.2555085
6349_geowiki-landcover-2017,0.42176932,0.57823074
1765_martinique-france,0.6017114,0.39828864
275_ethiopia,0.7366659,0.26333404
645_geowiki-landcover-2017,0.59189844,0.40810156
1411_rwanda-ceo,0.7502384,0.24976158
150_tanzania-rice-ecaas,0.73666555,0.26333448
7977_geowiki-landcover-2017,0.7502366,0.24976346
3227_central-asia,0.41930324,0.58069676
30895_geowiki-landcover-2017,0.6065612,0.39343876
2640_geowiki-landcover-2017,0.5992686,0.40073135
10286_geowiki-landcover-2017,0.27241752,0.72758245
2697_reunion-france,0.7502368,0.24976313
1797_kenya-non-crop,0.7502382,0.24976188
6791_croplands,0.5919097,0.40809026
420_mali-helmets-labelling-crops,0.58453923,0.4154608
32766_geowiki-landcover-2017,0.27243146,0.7275685
8239_geowiki-landcover-2017,0.74449074,0.25550926
2670_rwanda-ceo,0.75023663,0.24976335
7305_geowiki-landcover-2017,0.7444844,0.25551552
31900_geowiki-landcover-2017,0.606561,0.39343897
5173_canada,0.42179564,0.5782044
709_togo,0.7444579,0.25554207
2186_ile-de-france,0.2724153,0.72758466
536_germany,0.2724153,0.72758466
2433_geowiki-landcover-2017,0.589458,0.410542
918_rwanda-ceo,0.75023687,0.24976309
228_reunion-france,0.42179677,0.5782032
12784_geowiki-landcover-2017,0.5992764,0.40072358
4982_canada,0.27241516,0.72758484
1053_ile-de-france,0.27241552,0.7275845
1833_geowiki-landcover-2017,0.5919072,0.40809283
14254_geowiki-landcover-2017,0.59191006,0.40808994
12884_geowiki-landcover-2017,0.74449086,0.25550917
2932_central-asia,0.2724166,0.7275834
426_canada,0.27241516,0.72758484
5376_canada,0.4217868,0.57821316
1558_germany,0.39454627,0.6054537
21593_geowiki-landcover-2017,0.42179698,0.578203
4492_ile-de-france,0.27241638,0.72758365
4557_geowiki-landcover-2017,0.41948968,0.58051026
30362_geowiki-landcover-2017,0.4217958,0.5782042
14506_geowiki-landcover-2017,0.6065623,0.39343765
744_tanzania-rice-ecaas,0.7366492,0.26335073
27726_geowiki-landcover-2017,0.4217956,0.5782044
807_lem-brazil,0.74452555,0.25547448
17073_geowiki-landcover-2017,0.27241558,0.7275845
112_rwanda-ceo,0.5919272,0.40807286
16172_geowiki-landcover-2017,0.42674926,0.5732508
19186_geowiki-landcover-2017,0.27286828,0.7271317
6675_canada,0.2724152,0.7275848
2006_reunion-france,0.4267495,0.57325053
138_canada,0.4217177,0.5782823
3759_ile-de-france,0.42172414,0.57827586
21311_geowiki-landcover-2017,0.42179564,0.5782044
3661_canada,0.2724152,0.7275848
28566_geowiki-landcover-2017,0.8527979,0.14720207
1632_central-asia,0.27246386,0.72753614
714_central-asia,0.27241924,0.7275807
3138_geowiki-landcover-2017,0.41931963,0.5806804
1375_rwanda-ceo,0.7366659,0.26333407
1976_tanzania-ceo,0.7502368,0.24976313
1520_kenya-non-crop,0.74448985,0.2555101
19532_geowiki-landcover-2017,0.58453906,0.41546097
243_central-asia,0.27243778,0.72756225
32989_geowiki-landcover-2017,0.5994526,0.40054736
3474_ile-de-france,0.27241537,0.7275846
2874_ile-de-france,0.272705,0.727295
2168_ile-de-france,0.27246478,0.72753525
2671_canada,0.2724155,0.7275845
34561_geowiki-landcover-2017,0.43674144,0.5632586
19694_geowiki-landcover-2017,0.7444904,0.25550961
1797_ile-de-france,0.2724152,0.72758484
2686_reunion-france,0.4267488,0.5732512
7409_geowiki-landcover-2017,0.60655415,0.39344585
2359_germany,0.27242467,0.72757536
3240_ile-de-france,0.42179564,0.57820433
2229_geowiki-landcover-2017,0.58453953,0.41546044
4793_canada,0.27241525,0.7275847
26749_geowiki-landcover-2017,0.42674917,0.57325083
16223_geowiki-landcover-2017,0.7502331,0.24976689
3014_ile-de-france,0.27241528,0.7275847
177_rwanda-ceo,0.5919116,0.40808842
1529_central-asia,0.27246442,0.7275356
2086_rwanda-ceo,0.750237,0.24976306
24372_geowiki-landcover-2017,0.4217975,0.5782025
30716_geowiki-landcover-2017,0.27241513,0.72758484
4874_ile-de-france,0.27241546,0.7275846
6166_ile-de-france,0.27241528,0.7275847
442_rwanda-ceo,0.59191114,0.40808886
3066_canada,0.43674153,0.56325847
1587_martinique-france,0.4217974,0.5782026
229_germany,0.27241525,0.7275848
3071_rwanda-ceo,0.59191114,0.40808886
20149_geowiki-landcover-2017,0.60655916,0.39344087
3163_geowiki-landcover-2017,0.5845167,0.4154833
5058_canada,0.27241507,0.7275849
16067_geowiki-landcover-2017,0.2724153,0.7275847
34059_geowiki-landcover-2017,0.43674773,0.56325233
426_geowiki-landcover-2017,0.7444873,0.25551268
11796_geowiki-landcover-2017,0.5919358,0.40806413
19104_geowiki-landcover-2017,0.4217958,0.5782042
5267_geowiki-landcover-2017,0.7444774,0.25552264
2348_tanzania-ceo,0.7501748,0.24982516
23614_geowiki-landcover-2017,0.27241638,0.72758365
23539_geowiki-landcover-2017,0.4267491,0.5732509
762_central-asia,0.43674293,0.5632571
253_germany,0.4217911,0.5782089
2013_kenya-non-crop,0.74449056,0.2555094
32260_geowiki-landcover-2017,0.591911,0.40808895
2403_geowiki-landcover-2017,0.7444905,0.25550947
1943_central-asia,0.27251357,0.72748643
4292_croplands,0.42179564,0.57820433
28511_geowiki-landcover-2017,0.601527,0.39847305
7281_canada,0.4217958,0.5782043
494_canada,0.43674168,0.56325835
9404_geowiki-landcover-2017,0.4267491,0.5732509
5562_ile-de-france,0.42179352,0.5782065
1384_croplands,0.59190917,0.40809086
664_geowiki-landcover-2017,0.74832946,0.25167054
2086_germany,0.4217943,0.5782057
546_geowiki-landcover-2017,0.4218045,0.57819545
26700_geowiki-landcover-2017,0.6017112,0.39828876
280_tanzania,0.7366658,0.2633342
1112_rwanda-ceo,0.8527982,0.14720176
1186_mali-helmets-labelling-crops,0.43132564,0.5686743
30313_geowiki-landcover-2017,0.5845356,0.41546443
1323_martinique-france,0.5919081,0.4080919
31794_geowiki-landcover-2017,0.43674174,0.56325823
34830_geowiki-landcover-2017,0.2724152,0.72758484
1295_mali-helmets-labelling-crops,0.42181066,0.5781893
212_reunion-france,0.43674088,0.5632591
178_kenya-non-crop,0.85279715,0.1472029
6069_canada,0.2724151,0.72758484
9491_geowiki-landcover-2017,0.41930267,0.58069736
199_martinique-france,0.43680355,0.5631965
5772_ile-de-france,0.27241582,0.72758424
2596_croplands,0.4218071,0.57819283
34076_geowiki-landcover-2017,0.59191036,0.40808964
2904_rwanda-ceo,0.59191036,0.4080896
395_germany,0.42179555,0.5782045
353_togo,0.5845375,0.41546252
2123_rwanda-ceo,0.60656285,0.39343718
2966_canada,0.2724162,0.7275838
23637_geowiki-landcover-2017,0.60170585,0.39829415
23_reunion-france,0.6065608,0.3934391
22699_geowiki-landcover-2017,0.584539,0.415461
2850_canada,0.42674854,0.5732514
244_ethiopia,0.5845388,0.4154612
22581_geowiki-landcover-2017,0.7502361,0.24976389
2306_tanzania-ceo,0.85279775,0.14720222
3394_central-asia,0.41826183,0.5817382
356_kenya-non-crop,0.7366631,0.26333687
2251_martinique-france,0.7502372,0.24976273
3589_central-asia,0.42181042,0.57818955
1085_togo,0.60656434,0.3934356
1294_ile-de-france,0.43674046,0.5632596
1540_reunion-france,0.5919068,0.40809318
25370_geowiki-landcover-2017,0.27244517,0.7275548
4908_ile-de-france,0.27241543,0.7275846
2239_germany,0.27241614,0.7275838
13832_croplands,0.5918594,0.40814057
754_mali-helmets-labelling-crops,0.42181182,0.5781881
2431_ile-de-france,0.2724153,0.72758466
984_martinique-france,0.7444878,0.25551218
1098_togo,0.43673578,0.56326425
5674_canada,0.2725004,0.72749966
20109_geowiki-landcover-2017,0.42674932,0.5732507
3576_central-asia,0.6016726,0.39832747
5677_geowiki-landcover-2017,0.4218221,0.5781779
4447_canada,0.2724152,0.7275848
4728_ile-de-france,0.2724189,0.72758114
3618_ile-de-france,0.27241516,0.72758484
1221_ile-de-france,0.2724176,0.7275824
25209_geowiki-landcover-2017,0.584539,0.415461
20054_geowiki-landcover-2017,0.43674225,0.56325775
7255_geowiki-landcover-2017,0.42179564,0.5782044
30021_geowiki-landcover-2017,0.73666555,0.26333445
9077_geowiki-landcover-2017,0.59191585,0.40808412
10106_geowiki-landcover-2017,0.592555,0.40744504
1968_reunion-france,0.5919104,0.40808952
7254_canada,0.42179188,0.5782081
21449_geowiki-landcover-2017,0.2724153,0.7275847
4976_central-asia,0.2733307,0.7266693
7683_canada,0.2725145,0.72748554
27166_geowiki-landcover-2017,0.60170245,0.39829758
3593_rwanda-ceo,0.7502378,0.24976215
2172_ile-de-france,0.2724224,0.72757757
76_mali-non-crop,0.601711,0.39828902
1154_ile-de-france,0.42178074,0.57821923
6218_canada,0.27241516,0.72758484
4338_geowiki-landcover-2017,0.75023425,0.24976568
1190_rwanda-ceo,0.5919108,0.40808922
6111_canada,0.2724154,0.7275846
7232_geowiki-landcover-2017,0.27241564,0.72758436
1455_geowiki-landcover-2017,0.42674917,0.57325083
4_germany,0.4217957,0.57820433
2464_rwanda-ceo,0.60664,0.39336005
4898_ile-de-france,0.27241525,0.7275847
910_kenya-non-crop,0.7366653,0.26333466
523_togo,0.42179787,0.5782021
3535_geowiki-landcover-2017,0.58453923,0.41546074
30586_geowiki-landcover-2017,0.27241507,0.7275849
1664_canada,0.27241528,0.7275847
23219_geowiki-landcover-2017,0.60661,0.39338997
4200_central-asia,0.27241626,0.7275837
9196_geowiki-landcover-2017,0.7444839,0.25551614
978_germany,0.2724152,0.7275848
1546_canada,0.2724364,0.7275636
2988_central-asia,0.2724174,0.7275826
252_tanzania-rice-ecaas,0.7366836,0.2633164
33512_geowiki-landcover-2017,0.2724152,0.7275848
4276_canada,0.42179564,0.5782044
716_germany,0.4217952,0.5782048
1236_geowiki-landcover-2017,0.8527979,0.14720215
1012_reunion-france,0.42179585,0.57820415
28684_geowiki-landcover-2017,0.74449015,0.25550988
2890_croplands,0.5919104,0.40808952
17842_geowiki-landcover-2017,0.42674887,0.5732511
4521_ile-de-france,0.43674168,0.56325835
736_reunion-france,0.750237,0.24976306
2253_rwanda-ceo,0.75025237,0.24974763
1175_ile-de-france,0.27241585,0.7275841
7946_canada,0.4217959,0.5782041
9286_geowiki-landcover-2017,0.5845393,0.41546068
806_germany,0.27241534,0.72758466
28057_geowiki-landcover-2017,0.2734288,0.7265712
7677_geowiki-landcover-2017,0.42179596,0.578204
236_kenya,0.7366659,0.26333404
33_mali-non-crop,0.42180935,0.5781907
4757_ile-de-france,0.2724152,0.7275848
29616_geowiki-landcover-2017,0.6065631,0.3934369
10846_croplands,0.42186615,0.5781339
434_tanzania-rice-ecaas,0.7366639,0.26333615
4870_canada,0.42179373,0.5782063
17680_geowiki-landcover-2017,0.27241516,0.72758484
28104_geowiki-landcover-2017,0.5919329,0.40806705
3071_canada,0.4367416,0.5632584
1164_kenya-non-crop,0.7366656,0.26333442
2256_canada,0.2724161,0.7275839
305_mali-helmets-labelling-crops,0.4218122,0.57818776
187_geowiki-landcover-2017,0.73666584,0.2633341
11063_geowiki-landcover-2017,0.74448997,0.25550997
2906_croplands,0.5919101,0.40808985
4836_canada,0.2724151,0.7275849
22344_geowiki-landcover-2017,0.42179278,0.57820725
581_tanzania-rice-ecaas,0.5845581,0.41544184
1593_rwanda-ceo,0.7502097,0.24979031
1343_germany,0.4217963,0.5782037
33543_geowiki-landcover-2017,0.42179587,0.57820415
4909_croplands,0.4219547,0.57804525
29367_geowiki-landcover-2017,0.2724151,0.72758484
27963_geowiki-landcover-2017,0.42674917,0.5732508
5264_ile-de-france,0.2724155,0.7275845
6045_canada,0.27241677,0.7275832
6609_canada,0.27241543,0.7275846
2311_tanzania-ceo,0.5845403,0.41545975
118_kenya-non-crop,0.7366659,0.26333404
20734_geowiki-landcover-2017,0.8527978,0.14720216
749_reunion-france,0.7502367,0.24976327
216_togo,0.42179593,0.5782041
14_ile-de-france,0.2724157,0.72758436
6594_canada,0.272417,0.72758293
1210_central-asia,0.2746328,0.7253672
22441_geowiki-landcover-2017,0.27241632,0.7275837
569_central-asia,0.42177522,0.5782248
3458_central-asia,0.41925016,0.58074987
1091_tanzania-ceo,0.85279703,0.14720298
1659_kenya-non-crop,0.73666334,0.2633366
3329_ile-de-france,0.4217955,0.5782045
8918_geowiki-landcover-2017,0.2724216,0.7275784
3110_rwanda-ceo,0.5919117,0.40808827
1560_tanzania-ceo,0.5845455,0.41545454
1263_germany,0.43673873,0.5632613
1282_tanzania-ceo,0.73664343,0.26335657
1142_canada,0.2724152,0.72758484
756_central-asia,0.27241647,0.7275836
753_togo,0.6017147,0.39828536
1019_croplands,0.4217962,0.57820374
14974_croplands,0.7502371,0.24976286
12604_croplands,0.5845393,0.41546074
9940_geowiki-landcover-2017,0.4316827,0.5683173
20985_geowiki-landcover-2017,0.43674248,0.5632575
2690_ile-de-france,0.27241644,0.7275835
33568_geowiki-landcover-2017,0.27241525,0.7275848
24988_geowiki-landcover-2017,0.85279757,0.1472024
1614_geowiki-landcover-2017,0.59188277,0.4081172
1368_ile-de-france,0.2724152,0.7275848
11384_geowiki-landcover-2017,0.8527972,0.14720276
553_kenya-non-crop,0.8527982,0.14720176
1596_martinique-france,0.27296934,0.7270307
32721_geowiki-landcover-2017,0.43677622,0.5632238
140_tanzania-rice-ecaas,0.7366657,0.26333427
23446_geowiki-landcover-2017,0.42675185,0.5732482
28899_geowiki-landcover-2017,0.27241752,0.72758245
18045_geowiki-landcover-2017,0.59191096,0.4080891
677_tanzania-rice-ecaas,0.7366598,0.26334012
4132_central-asia,0.27244568,0.7275543
3340_ile-de-france,0.43674257,0.5632574
3378_central-asia,0.41926405,0.580736
2649_canada,0.2724161,0.7275839
27168_geowiki-landcover-2017,0.59927577,0.40072426
575_tanzania-ceo,0.8527966,0.14720337
12453_geowiki-landcover-2017,0.42180791,0.5781921
1035_germany,0.42179447,0.5782055
2303_tanzania-ceo,0.7502307,0.24976926
31544_geowiki-landcover-2017,0.59191066,0.4080893
2679_canada,0.27241546,0.72758454
209_kenya,0.73666626,0.26333374
1414_ile-de-france,0.2724157,0.7275843
7806_canada,0.42160073,0.5783993
4845_ile-de-france,0.27241525,0.7275847
177_tanzania-rice-ecaas,0.7366654,0.26333463
2918_central-asia,0.42179483,0.57820517
2503_canada,0.2724152,0.72758484
4219_ile-de-france,0.27241552,0.7275845
2243_germany,0.2724397,0.7275603
10954_geowiki-landcover-2017,0.42179555,0.5782044
1624_martinique-france,0.6017099,0.3982901
27223_geowiki-landcover-2017,0.74448746,0.25551257
13607_croplands,0.27241707,0.72758293
2670_central-asia,0.27241623,0.72758377
2404_central-asia,0.42179573,0.5782043
5089_canada,0.27241543,0.7275846
19509_geowiki-landcover-2017,0.7366641,0.26333588
479_rwanda-ceo,0.75023705,0.24976295
378_reunion-france,0.4219077,0.57809234
33580_geowiki-landcover-2017,0.4217956,0.5782044
549_martinique-france,0.5919098,0.40809017
35_geowiki-landcover-2017,0.7444739,0.25552619
28924_geowiki-landcover-2017,0.42179778,0.5782022
2015_geowiki-landcover-2017,0.5845383,0.41546172
2300_ile-de-france,0.27241537,0.72758466
4999_central-asia,0.2733306,0.7266694
23919_geowiki-landcover-2017,0.42678818,0.57321185
5129_geowiki-landcover-2017,0.6065612,0.39343885
7079_canada,0.42674926,0.5732508
1465_mali-helmets-labelling-crops,0.42220545,0.57779455
10134_geowiki-landcover-2017,0.7444898,0.25551024
7590_canada,0.27241513,0.72758484
3240_rwanda-ceo,0.8527982,0.14720179
4672_central-asia,0.27241585,0.7275841
2785_rwanda-ceo,0.59191537,0.40808463
1853_rwanda-ceo,0.5919421,0.40805787
18392_geowiki-landcover-2017,0.41932395,0.580676
1609_martinique-france,0.6017122,0.39828777
3035_geowiki-landcover-2017,0.744491,0.255509
1448_tanzania-ceo,0.584559,0.41544098
2593_ile-de-france,0.27241546,0.72758454
3281_geowiki-landcover-2017,0.42181605,0.57818395
17_tanzania-rice-ecaas,0.73661447,0.2633855
3142_canada,0.2724152,0.7275848
2952_ile-de-france,0.2724153,0.72758466
327_tanzania-ceo,0.74448967,0.25551033
9829_geowiki-landcover-2017,0.58945495,0.410545
403_martinique-france,0.6017114,0.39828864
3319_canada,0.2724152,0.72758484
35397_geowiki-landcover-2017,0.27241525,0.7275847
33053_geowiki-landcover-2017,0.7502355,0.24976452
523_central-asia,0.2724158,0.72758424
2267_canada,0.27241507,0.7275849
4902_croplands,0.58365333,0.41634667
14661_geowiki-landcover-2017,0.74449027,0.25550973
594_tanzania-ceo,0.736664,0.26333597
689_tanzania-ceo,0.5894619,0.41053808
13228_geowiki-landcover-2017,0.744491,0.25550902
274_canada,0.27241516,0.72758484
2575_canada,0.2724158,0.72758424
502_canada,0.2724151,0.72758484
35192_geowiki-landcover-2017,0.27241609,0.7275839
1623_martinique-france,0.59190357,0.4080964
12338_geowiki-landcover-2017,0.4267462,0.5732538
156_rwanda-ceo,0.85279775,0.14720222
3584_geowiki-landcover-2017,0.584539,0.41546097
1432_martinique-france,0.5845352,0.4154648
15433_geowiki-landcover-2017,0.5919104,0.40808952
1625_canada,0.4217946,0.5782054
511_ethiopia,0.7366658,0.26333418
23221_geowiki-landcover-2017,0.6065616,0.3934384
20316_geowiki-landcover-2017,0.27241996,0.7275801
17722_geowiki-landcover-2017,0.43671012,0.5632899
21316_geowiki-landcover-2017,0.85278994,0.14721005
13807_croplands,0.59181136,0.40818858
1984_canada,0.27241543,0.7275846
987_canada,0.27241525,0.7275847
1871_central-asia,0.42231828,0.57768166
34426_geowiki-landcover-2017,0.27241766,0.72758234
3904_ile-de-france,0.42179337,0.57820666
120_lem-brazil,0.584542,0.415458
286_togo,0.584539,0.41546097
1860_canada,0.27241525,0.7275848
2137_martinique-france,0.7444897,0.2555103
8115_geowiki-landcover-2017,0.7444909,0.25550905
2274_geowiki-landcover-2017,0.60171175,0.39828822
202_kenya,0.73666584,0.2633341
2215_central-asia,0.27241743,0.7275826
321_tanzania-ceo,0.75023675,0.24976322
2062_tanzania-ceo,0.59190995,0.40809003
6933_geowiki-landcover-2017,0.42184526,0.57815474
4477_canada,0.27241513,0.72758484
2340_germany,0.2724153,0.72758466
2231_croplands,0.42183477,0.5781652
1078_kenya-non-crop,0.7366657,0.26333424
151_uganda,0.591911,0.40808895
736_ile-de-france,0.27241525,0.7275848
2568_canada,0.2724151,0.72758484
5612_ile-de-france,0.27241525,0.7275847
8019_geowiki-landcover-2017,0.7502368,0.24976313
993_ile-de-france,0.42179483,0.5782051
3871_canada,0.42179507,0.5782049
3815_canada,0.42179537,0.57820463
27809_geowiki-landcover-2017,0.42181826,0.57818174
14043_geowiki-landcover-2017,0.59191346,0.40808657
2544_rwanda-ceo,0.5919344,0.40806556
738_tanzania-rice-ecaas,0.736664,0.26333597
11299_croplands,0.59191024,0.40808976
306_geowiki-landcover-2017,0.4267545,0.5732455
106_martinique-france,0.74436635,0.2556337
2243_geowiki-landcover-2017,0.58453923,0.41546077
7321_canada,0.2724151,0.72758484
15_zimbabwe,0.7502302,0.24976984
9026_croplands,0.28158277,0.7184173
30427_geowiki-landcover-2017,0.27241638,0.7275836
2581_canada,0.27241516,0.72758484
1361_rwanda-ceo,0.8527982,0.14720172
4395_geowiki-landcover-2017,0.4267551,0.5732449
1948_ile-de-france,0.42179403,0.57820594
1590_kenya-non-crop,0.5919031,0.40809694
4567_ile-de-france,0.42674863,0.5732514
2395_martinique-france,0.58456427,0.4154357
1537_canada,0.42178622,0.57821375
35318_geowiki-landcover-2017,0.42179608,0.5782039
3747_ile-de-france,0.4217816,0.5782184
2205_canada,0.2724151,0.72758484
2164_canada,0.43674147,0.5632585
17806_geowiki-landcover-2017,0.60171044,0.39828956
18119_geowiki-landcover-2017,0.7502234,0.24977657
94_ile-de-france,0.2724152,0.72758484
8459_geowiki-landcover-2017,0.60324675,0.39675325
1780_germany,0.42179683,0.57820314
1770_geowiki-landcover-2017,0.5845393,0.41546065
6633_canada,0.42179573,0.5782043
33340_geowiki-landcover-2017,0.4367586,0.56324136
27829_geowiki-landcover-2017,0.27241516,0.72758484
1313_geowiki-landcover-2017,0.58938193,0.41061804
5206_central-asia,0.2724274,0.7275726
21468_geowiki-landcover-2017,0.7502356,0.24976434
2137_canada,0.43674168,0.56325835
859_central-asia,0.2724335,0.7275665
28741_geowiki-landcover-2017,0.4217954,0.57820463
6708_croplands,0.59191,0.40808994
10505_croplands,0.5918939,0.4081061
2752_canada,0.2724151,0.7275849
6278_geowiki-landcover-2017,0.59191144,0.40808854
10033_croplands,0.59190154,0.40809846
691_central-asia,0.27241603,0.72758394
2948_ile-de-france,0.4217955,0.5782045
958_kenya-non-crop,0.7483366,0.25166342
31108_geowiki-landcover-2017,0.6017081,0.39829186
286_kenya,0.73666584,0.2633341
1874_tanzania-ceo,0.59191126,0.4080887
5997_ile-de-france,0.42179468,0.57820535
22058_geowiki-landcover-2017,0.27241606,0.72758394
1549_tanzania-ceo,0.5919697,0.4080303
14884_geowiki-landcover-2017,0.59190947,0.40809053
24360_geowiki-landcover-2017,0.43672404,0.56327593
1028_ile-de-france,0.27241525,0.7275848
15938_geowiki-landcover-2017,0.60655594,0.3934441
260_tanzania,0.8527892,0.14721079
29120_geowiki-landcover-2017,0.2724151,0.7275849
20731_geowiki-landcover-2017,0.7502345,0.24976555
3423_geowiki-landcover-2017,0.4218033,0.57819664
2141_central-asia,0.27241746,0.7275825
1671_martinique-france,0.43679672,0.5632032
14995_geowiki-landcover-2017,0.5845407,0.4154593
2341_canada,0.27241525,0.7275847
19747_geowiki-landcover-2017,0.6065612,0.3934388
2669_kenya-non-crop,0.58945674,0.4105433
1207_togo,0.744488,0.25551203
6364_geowiki-landcover-2017,0.27241537,0.72758466
4662_central-asia,0.27241573,0.72758424
1347_canada,0.27241507,0.7275849
1034_reunion-france,0.6065606,0.39343944
6858_croplands,0.59190506,0.40809494
15827_geowiki-landcover-2017,0.2724151,0.7275849
2131_martinique-france,0.42676625,0.5732337
3225_geowiki-landcover-2017,0.74447006,0.25552997
18609_geowiki-landcover-2017,0.4193239,0.5806761
27585_geowiki-landcover-2017,0.42179695,0.578203
18333_geowiki-landcover-2017,0.74449015,0.25550982
4753_ile-de-france,0.421793,0.57820696
10637_geowiki-landcover-2017,0.43674108,0.5632589
26161_geowiki-landcover-2017,0.85279834,0.1472017
5051_ile-de-france,0.2724155,0.7275845
3440_central-asia,0.41926378,0.5807362
519_rwanda-ceo,0.736665,0.263335
769_croplands,0.5917803,0.40821964
544_ethiopia,0.59191096,0.408089
19496_geowiki-landcover-2017,0.4217961,0.57820386
1491_reunion-france,0.42674902,0.573251
11757_geowiki-landcover-2017,0.6065105,0.39348948
2268_ile-de-france,0.2724153,0.72758466
22576_geowiki-landcover-2017,0.59926856,0.40073144
6889_croplands,0.59189856,0.40810147
19445_geowiki-landcover-2017,0.7444897,0.25551033
2323_tanzania-ceo,0.7444881,0.25551188
1596_kenya-non-crop,0.5919097,0.40809032
1074_martinique-france,0.58773583,0.41226414
1709_reunion-france,0.60156184,0.39843816
4215_ile-de-france,0.2724153,0.7275847
7781_geowiki-landcover-2017,0.7444909,0.25550905
2648_kenya-non-crop,0.8527979,0.14720207
4745_ile-de-france,0.4217955,0.5782045
986_tanzania-ceo,0.7503634,0.24963659
3529_geowiki-landcover-2017,0.7444563,0.25554368
4935_croplands,0.42674518,0.5732548
4296_canada,0.42179453,0.57820547
2387_germany,0.27241552,0.7275845
1752_reunion-france,0.74447685,0.25552318
22034_geowiki-landcover-2017,0.7444911,0.2555089
16437_geowiki-landcover-2017,0.5899123,0.4100877
112_sudan,0.5845362,0.41546378
16252_geowiki-landcover-2017,0.60655874,0.39344123
13027_geowiki-landcover-2017,0.41949755,0.58050245
1634_croplands,0.5919148,0.40808526
679_togo,0.58453894,0.41546106
1306_kenya-non-crop,0.59192514,0.40807483
30531_geowiki-landcover-2017,0.27241594,0.72758406
1110_reunion-france,0.75023663,0.24976335
521_ile-de-france,0.43671265,0.5632873
668_mali-helmets-labelling-crops,0.58453923,0.41546077
2363_central-asia,0.27241695,0.727583
10174_croplands,0.5919061,0.40809393
4815_geowiki-landcover-2017,0.42674917,0.5732508
5565_canada,0.42179516,0.5782049
34760_geowiki-landcover-2017,0.27241558,0.7275845
29474_geowiki-landcover-2017,0.4217992,0.5782008
311_mali-helmets-labelling-crops,0.42181197,0.57818806
8510_geowiki-landcover-2017,0.7444898,0.25551018
5667_canada,0.6017089,0.39829105
69_uganda,0.73663086,0.26336917
25373_geowiki-landcover-2017,0.27241853,0.72758144
2466_rwanda-ceo,0.73666626,0.2633337
1400_tanzania-ceo,0.75023705,0.249763
2391_central-asia,0.4217927,0.5782074
40_tanzania,0.8527946,0.14720543
74_ethiopia,0.7366662,0.26333386
15243_geowiki-landcover-2017,0.58453923,0.41546077
1526_rwanda-ceo,0.85279816,0.14720185
962_kenya-non-crop,0.85279346,0.14720656
23610_geowiki-landcover-2017,0.4217955,0.5782045
863_tanzania-ceo,0.8527972,0.14720279
6859_canada,0.27241716,0.7275828
136_tanzania,0.7366656,0.26333442
17805_geowiki-landcover-2017,0.5993029,0.4006971
4603_croplands,0.27244928,0.7275507
25937_geowiki-landcover-2017,0.42179555,0.5782045
29539_geowiki-landcover-2017,0.2737229,0.7262771
602_reunion-france,0.60656095,0.39343908
19437_geowiki-landcover-2017,0.436749,0.563251
5088_canada,0.2724158,0.72758424
17801_geowiki-landcover-2017,0.5919118,0.40808818
3033_geowiki-landcover-2017,0.42179537,0.57820463
6695_canada,0.27241525,0.7275848
10905_geowiki-landcover-2017,0.5919067,0.40809327
550_reunion-france,0.59191054,0.40808943
1234_ile-de-france,0.43674204,0.563258
160_rwanda-ceo,0.7366681,0.26333192
27635_geowiki-landcover-2017,0.43650427,0.5634957
5479_ile-de-france,0.2724151,0.72758484
18026_geowiki-landcover-2017,0.42179155,0.57820845
32410_geowiki-landcover-2017,0.27241525,0.7275848
26948_geowiki-landcover-2017,0.27241552,0.7275845
4007_geowiki-landcover-2017,0.591911,0.40808895
2908_central-asia,0.27241626,0.7275837
2325_tanzania-ceo,0.7502232,0.24977678
659_central-asia,0.27241734,0.7275827
2599_kenya-non-crop,0.7483298,0.25167015
23705_geowiki-landcover-2017,0.42674917,0.5732509
2126_tanzania-ceo,0.58453465,0.41546535
1432_kenya-non-crop,0.8527932,0.14720678
678_canada,0.27241525,0.7275848
35156_geowiki-landcover-2017,0.601684,0.39831603
289_kenya-non-crop,0.73666584,0.2633341
5853_ile-de-france,0.42176935,0.5782306
85_geowiki-landcover-2017,0.6017115,0.39828846
1_rwanda-ceo,0.75023717,0.24976282
33594_geowiki-landcover-2017,0.27241626,0.7275837
820_germany,0.42179817,0.57820183
1378_germany,0.42177767,0.57822233
1225_tanzania-ceo,0.5919125,0.40808752
1530_germany,0.27241525,0.7275848
3272_canada,0.4267493,0.5732507
525_ethiopia,0.852798,0.14720201
4663_central-asia,0.27241576,0.72758424
30167_geowiki-landcover-2017,0.59191036,0.40808964
1585_martinique-france,0.60167706,0.3983229
301_kenya-non-crop,0.85279775,0.14720227
101_kenya-non-crop,0.7366657,0.26333427
2656_canada,0.27241516,0.72758484
1367_canada,0.27241507,0.7275849
35637_geowiki-landcover-2017,0.7483242,0.2516758
34161_geowiki-landcover-2017,0.6017192,0.3982808
2251_canada,0.42179587,0.57820415
13724_croplands,0.4217947,0.5782053
3132_rwanda-ceo,0.73666024,0.26333976
200_martinique-france,0.7444777,0.2555223
25_lem-brazil,0.58454716,0.41545287
1775_central-asia,0.27260998,0.72739005
12498_croplands,0.5845379,0.41546208
1697_ile-de-france,0.2724151,0.72758484
11154_geowiki-landcover-2017,0.7444909,0.25550905
2223_canada,0.27241525,0.7275848
2326_tanzania-ceo,0.7444897,0.2555103
27841_geowiki-landcover-2017,0.31427115,0.6857289
16740_geowiki-landcover-2017,0.42179707,0.5782029
15590_geowiki-landcover-2017,0.60656065,0.39343935
2241_martinique-france,0.60169184,0.39830822
713_mali-helmets-labelling-crops,0.58453923,0.41546077
2625_reunion-france,0.75023663,0.24976335
2106_germany,0.42178726,0.5782128
275_rwanda-ceo,0.75023544,0.24976459
31895_geowiki-landcover-2017,0.43674144,0.5632586
3836_ile-de-france,0.27241567,0.72758436
887_geowiki-landcover-2017,0.5919101,0.4080899
25271_geowiki-landcover-2017,0.8527887,0.1472113
11552_geowiki-landcover-2017,0.5894562,0.41054374
1600_ile-de-france,0.27241513,0.72758484
19142_geowiki-landcover-2017,0.43674317,0.56325686
441_mali-helmets-labelling-crops,0.58453906,0.41546097
8906_geowiki-landcover-2017,0.60655946,0.3934405
33508_geowiki-landcover-2017,0.42179573,0.5782043
34957_geowiki-landcover-2017,0.4367413,0.56325865
1577_rwanda-ceo,0.8527979,0.14720206
461_tanzania-rice-ecaas,0.7366651,0.26333487
28841_geowiki-landcover-2017,0.6016914,0.39830858
2123_ile-de-france,0.43668675,0.56331325
6667_croplands,0.5919111,0.40808892
14832_geowiki-landcover-2017,0.4218375,0.5781625
942_mali-helmets-labelling-crops,0.42180803,0.578192
17612_geowiki-landcover-2017,0.5919102,0.4080898
6010_canada,0.2724153,0.72758466
30285_geowiki-landcover-2017,0.75023407,0.2497659
34_sudan,0.58454,0.41546
3761_ile-de-france,0.27241725,0.72758275
19270_geowiki-landcover-2017,0.4217954,0.57820463
466_central-asia,0.27241936,0.72758067
26801_geowiki-landcover-2017,0.5845304,0.4154696
35_mali-non-crop,0.42180872,0.5781913
4360_central-asia,0.27241567,0.72758436
30_germany,0.42179564,0.5782044
5450_ile-de-france,0.27241582,0.72758424
1921_tanzania-ceo,0.58453953,0.41546047
4630_geowiki-landcover-2017,0.46838364,0.5316164
7928_canada,0.2724153,0.72758466
1778_geowiki-landcover-2017,0.36506274,0.6349372
15881_geowiki-landcover-2017,0.73664993,0.26335
10615_croplands,0.5919061,0.4080939
29261_geowiki-landcover-2017,0.42179596,0.57820404
1725_geowiki-landcover-2017,0.5919108,0.40808922
35442_geowiki-landcover-2017,0.58453834,0.4154617
31357_geowiki-landcover-2017,0.58453894,0.41546106
5260_ile-de-france,0.4367407,0.5632593
30904_geowiki-landcover-2017,0.27241617,0.7275838
27940_geowiki-landcover-2017,0.42676094,0.5732391
3499_geowiki-landcover-2017,0.58453506,0.41546497
14970_croplands,0.42179444,0.5782056
947_togo,0.5844725,0.41552752
22378_geowiki-landcover-2017,0.5845394,0.41546062
2357_kenya-non-crop,0.8527941,0.14720596
4545_canada,0.42179826,0.5782017
7277_canada,0.42176908,0.57823086
29835_geowiki-landcover-2017,0.2724152,0.7275848
2231_geowiki-landcover-2017,0.73648304,0.26351693
6361_geowiki-landcover-2017,0.27241588,0.72758406
520_kenya-non-crop,0.7366662,0.26333383
20871_geowiki-landcover-2017,0.5848097,0.4151903
397_central-asia,0.27241597,0.72758406
10063_geowiki-landcover-2017,0.5845374,0.41546267
1089_kenya-non-crop,0.73666584,0.2633341
19015_geowiki-landcover-2017,0.6065605,0.3934395
3937_geowiki-landcover-2017,0.5845245,0.41547546
1457_croplands,0.58438253,0.4156175
30867_geowiki-landcover-2017,0.27241528,0.7275847
13737_geowiki-landcover-2017,0.5992884,0.40071157
2170_reunion-france,0.5919114,0.40808865
15066_geowiki-landcover-2017,0.7444894,0.25551057
2561_kenya-non-crop,0.73665255,0.26334745
3289_rwanda-ceo,0.60658175,0.39341822
34680_geowiki-landcover-2017,0.4367416,0.56325847
9281_geowiki-landcover-2017,0.27241525,0.7275848
26223_geowiki-landcover-2017,0.5845383,0.41546172
3809_canada,0.27241525,0.7275848
4027_ile-de-france,0.27241594,0.72758406
84_tanzania,0.73666525,0.26333478
5133_central-asia,0.27241594,0.72758406
1285_canada,0.2724198,0.7275802
367_tanzania-ceo,0.8527979,0.14720213
10144_croplands,0.4267574,0.5732426
23639_geowiki-landcover-2017,0.42179492,0.5782051
6071_geowiki-landcover-2017,0.27242142,0.7275785
182_sudan,0.5845389,0.41546112
890_reunion-france,0.5919121,0.40808785
2426_reunion-france,0.6017093,0.3982907
4409_croplands,0.42179674,0.57820326
20832_geowiki-landcover-2017,0.8527035,0.14729653
29995_geowiki-landcover-2017,0.42674902,0.57325095
6875_croplands,0.59190553,0.40809444
29062_geowiki-landcover-2017,0.27241528,0.7275847
1706_germany,0.27241543,0.7275846
845_reunion-france,0.60655576,0.39344424
17150_geowiki-landcover-2017,0.58453894,0.41546106
3184_ile-de-france,0.27241513,0.72758484
32982_geowiki-landcover-2017,0.5845397,0.41546023
4693_central-asia,0.27241594,0.72758406
1236_ile-de-france,0.43674716,0.56325287
4473_canada,0.2724151,0.72758484
15049_geowiki-landcover-2017,0.7366615,0.26333857
1133_kenya-non-crop,0.73666555,0.26333448
10628_croplands,0.59190387,0.4080962
79_central-asia,0.27242458,0.7275754
489_rwanda-ceo,0.8527976,0.14720236
16477_geowiki-landcover-2017,0.59927464,0.40072533
11940_geowiki-landcover-2017,0.7502302,0.24976982
3555_ile-de-france,0.27241603,0.72758394
23101_geowiki-landcover-2017,0.59102106,0.40897897
12496_geowiki-landcover-2017,0.7444908,0.25550923
23086_geowiki-landcover-2017,0.41932154,0.58067846
21670_geowiki-landcover-2017,0.42179695,0.578203
14380_geowiki-landcover-2017,0.7366666,0.26333338
1716_germany,0.2724542,0.7275458
736_kenya-non-crop,0.5894586,0.41054142
25530_geowiki-landcover-2017,0.5845392,0.4154608
4918_croplands,0.42179668,0.5782034
1868_germany,0.27242497,0.727575
14006_geowiki-landcover-2017,0.60656196,0.39343804
3392_rwanda-ceo,0.59191096,0.4080891
30288_geowiki-landcover-2017,0.85277563,0.14722435
32887_geowiki-landcover-2017,0.58453697,0.4154631
425_tanzania-ceo,0.59192616,0.4080739
1151_germany,0.42179543,0.5782046
2242_germany,0.27241522,0.7275848
4339_canada,0.27241552,0.7275845
25431_geowiki-landcover-2017,0.4367443,0.5632557
3574_central-asia,0.27251074,0.72748923
24294_geowiki-landcover-2017,0.27241924,0.7275808
273_togo,0.42179686,0.57820314
34288_geowiki-landcover-2017,0.5845395,0.41546056
23191_geowiki-landcover-2017,0.42674997,0.57325006
4629_ile-de-france,0.4217585,0.5782415
632_tanzania-rice-ecaas,0.7366631,0.26333687
297_tanzania-rice-ecaas,0.73666567,0.26333433
27114_geowiki-landcover-2017,0.75023687,0.24976309
725_martinique-france,0.42181748,0.5781825
18606_geowiki-landcover-2017,0.4217953,0.57820475
1255_mali-helmets-labelling-crops,0.43132576,0.5686742
21414_geowiki-landcover-2017,0.58944345,0.41055658
868_martinique-france,0.60171324,0.39828673
1982_geowiki-landcover-2017,0.74449015,0.25550988
155_rwanda-ceo,0.8527982,0.14720179
2752_ile-de-france,0.42179564,0.5782044
17315_geowiki-landcover-2017,0.6065622,0.39343786
2741_central-asia,0.27241623,0.72758377
5917_ile-de-france,0.42173076,0.57826924
26979_geowiki-landcover-2017,0.27241936,0.72758067
12650_geowiki-landcover-2017,0.42675027,0.5732497
3575_ile-de-france,0.27241525,0.7275848
321_mali-helmets-labelling-crops,0.42181143,0.5781886
21203_geowiki-landcover-2017,0.59927493,0.40072507
30056_geowiki-landcover-2017,0.27241847,0.72758156
7527_canada,0.27241704,0.72758293
3462_canada,0.43672428,0.5632757
615_kenya-non-crop,0.7366658,0.26333416
1382_geowiki-landcover-2017,0.59190995,0.40809003
2964_geowiki-landcover-2017,0.5845355,0.4154645
223_togo,0.42179564,0.57820433
2421_germany,0.42179272,0.57820725
15_rwanda-ceo,0.7366662,0.26333386
883_ile-de-france,0.43673706,0.563263
1876_rwanda-ceo,0.59191084,0.4080891
1394_ile-de-france,0.27241546,0.72758454
1999_central-asia,0.2724881,0.7275119
6173_geowiki-landcover-2017,0.7502363,0.24976371
55_germany,0.27241558,0.7275845
1760_rwanda-ceo,0.59191096,0.408089
3542_central-asia,0.27251068,0.7274893
26819_geowiki-landcover-2017,0.6065628,0.39343727
33889_geowiki-landcover-2017,0.6017086,0.3982914
3301_ile-de-france,0.27241525,0.7275847
482_mali-helmets-labelling-crops,0.584539,0.41546097
32641_geowiki-landcover-2017,0.2724153,0.7275847
3850_canada,0.27241516,0.72758484
4948_geowiki-landcover-2017,0.7480335,0.25196645
5568_geowiki-landcover-2017,0.750237,0.24976309
34536_geowiki-landcover-2017,0.6016871,0.39831296
1560_geowiki-landcover-2017,0.5919098,0.40809017
17_canada,0.27241534,0.72758466
33615_geowiki-landcover-2017,0.27241546,0.72758454
8235_croplands,0.6017106,0.39828932
11243_geowiki-landcover-2017,0.5919104,0.4080896
14043_croplands,0.42196545,0.5780346
778_germany,0.42179412,0.5782059
1565_martinique-france,0.60659873,0.39340127
1039_rwanda-ceo,0.852798,0.147202
11580_geowiki-landcover-2017,0.59190977,0.4080902
4805_central-asia,0.27244684,0.7275532
4261_croplands,0.42179596,0.578204
10719_croplands,0.5918804,0.4081196
890_togo,0.59927297,0.40072703
1315_croplands,0.42168066,0.5783194
32259_geowiki-landcover-2017,0.27241537,0.72758466
3490_croplands,0.42179543,0.5782046
35659_geowiki-landcover-2017,0.5894558,0.4105442
118_mali,0.58453923,0.41546077
2675_geowiki-landcover-2017,0.4218758,0.57812417
2876_geowiki-landcover-2017,0.7444907,0.2555093
19793_geowiki-landcover-2017,0.744491,0.25550902
626_mali-helmets-labelling-crops,0.5845392,0.41546088
645_reunion-france,0.5919108,0.40808922
334_canada,0.27241525,0.7275848
2248_tanzania-ceo,0.8527855,0.14721453
3481_rwanda-ceo,0.59191114,0.40808886
31041_geowiki-landcover-2017,0.27241525,0.7275848
3693_ile-de-france,0.2724151,0.7275849
98_martinique-france,0.42179653,0.57820344
718_tanzania-ceo,0.5919104,0.40808952
20389_geowiki-landcover-2017,0.42674926,0.5732508
5705_ile-de-france,0.27242053,0.7275795
2807_geowiki-landcover-2017,0.58453894,0.41546106
17694_geowiki-landcover-2017,0.27241814,0.72758186
30615_geowiki-landcover-2017,0.5919098,0.40809017
28851_geowiki-landcover-2017,0.27253854,0.72746146
2730_rwanda-ceo,0.7502376,0.24976242
5642_ile-de-france,0.42179042,0.5782096
13509_croplands,0.27241585,0.7275841
321_togo,0.7444905,0.25550947
19796_geowiki-landcover-2017,0.599275,0.40072507
3505_rwanda-ceo,0.73666555,0.26333445
2235_central-asia,0.2724174,0.72758263
18605_geowiki-landcover-2017,0.5845443,0.41545567
10065_croplands,0.75023544,0.24976456
3592_geowiki-landcover-2017,0.5845403,0.4154597
16845_geowiki-landcover-2017,0.85277015,0.14722985
4140_ile-de-france,0.27242756,0.7275725
183_lem-brazil,0.5845425,0.41545746
27507_geowiki-landcover-2017,0.8527982,0.14720172
1005_central-asia,0.2724158,0.72758424
3854_ile-de-france,0.27241525,0.7275848
23522_geowiki-landcover-2017,0.60656,0.39343998
9730_geowiki-landcover-2017,0.7444912,0.25550875
2328_central-asia,0.27241775,0.7275823
63_lem-brazil,0.42179668,0.5782034
726_ile-de-france,0.27241528,0.7275847
25650_geowiki-landcover-2017,0.60656095,0.39343905
7163_geowiki-landcover-2017,0.59191024,0.40808976
10526_geowiki-landcover-2017,0.73676664,0.26323333
2162_tanzania-ceo,0.75023407,0.24976595
6070_geowiki-landcover-2017,0.4367402,0.5632598
37_tanzania,0.7366656,0.26333442
1965_germany,0.27241546,0.72758454
1548_rwanda-ceo,0.5845423,0.41545773
587_mali-helmets-labelling-crops,0.5845388,0.41546112
25493_geowiki-landcover-2017,0.27241525,0.7275847
2501_rwanda-ceo,0.8527982,0.14720178
308_ethiopia,0.5894574,0.41054258
4979_canada,0.2724153,0.7275847
20148_geowiki-landcover-2017,0.42674917,0.5732508
3937_ile-de-france,0.27241516,0.72758484
1347_mali-helmets-labelling-crops,0.4217966,0.5782034
3248_canada,0.42179576,0.5782043
26045_geowiki-landcover-2017,0.85279834,0.1472017
1208_canada,0.27241537,0.72758466
4458_croplands,0.2724166,0.7275834
2816_central-asia,0.27241862,0.7275814
9086_geowiki-landcover-2017,0.5919048,0.40809515
3494_geowiki-landcover-2017,0.7444451,0.25555488
898_tanzania-ceo,0.73666334,0.2633367
1480_tanzania-ceo,0.5919092,0.40809077
32012_geowiki-landcover-2017,0.27241537,0.72758466
1723_kenya-non-crop,0.852796,0.14720403
742_tanzania-ceo,0.601711,0.398289
3954_central-asia,0.4192193,0.5807807
14958_croplands,0.5844841,0.41551596
5030_geowiki-landcover-2017,0.85275024,0.1472498
1557_geowiki-landcover-2017,0.7366645,0.2633356
256_togo,0.4218304,0.5781696
926_kenya-non-crop,0.73666537,0.26333463
13080_croplands,0.5919102,0.40808982
9356_croplands,0.27242145,0.7275785
75_tanzania-rice-ecaas,0.7366656,0.26333436
1439_rwanda-ceo,0.7360443,0.26395568
977_togo,0.74449027,0.25550973
544_mali-helmets-labelling-crops,0.5845155,0.41548443
27734_geowiki-landcover-2017,0.2724155,0.7275845
902_tanzania-ceo,0.7366653,0.2633347
29469_geowiki-landcover-2017,0.27241546,0.72758454
164_lem-brazil,0.5845401,0.41545984
6318_canada,0.2724153,0.72758466
2263_ile-de-france,0.27241525,0.7275848
11599_geowiki-landcover-2017,0.5845394,0.41546062
2846_geowiki-landcover-2017,0.41944042,0.5805596
25381_geowiki-landcover-2017,0.2724208,0.7275792
1218_germany,0.27241573,0.7275843
2066_tanzania-ceo,0.7366658,0.26333416
110_togo,0.5845392,0.41546082
3152_canada,0.27241516,0.72758484
3300_rwanda-ceo,0.5919114,0.40808868
443_canada,0.27241537,0.7275846
123_togo,0.5845389,0.41546112
3338_canada,0.27241507,0.7275849
2258_canada,0.2724152,0.7275848
539_reunion-france,0.59191024,0.40808976
9_mali-non-crop,0.6017099,0.3982901
1439_geowiki-landcover-2017,0.5977894,0.40221053
22734_geowiki-landcover-2017,0.43696,0.56304
6040_ile-de-france,0.27241564,0.72758436
1384_martinique-france,0.7444829,0.2555171
3040_rwanda-ceo,0.7502386,0.24976139
755_central-asia,0.27241632,0.72758365
6668_croplands,0.5919104,0.4080896
27932_geowiki-landcover-2017,0.27242124,0.72757876
10506_croplands,0.42675427,0.5732457
1315_canada,0.27241516,0.72758484
172_uganda,0.5919105,0.40808952
826_germany,0.27242067,0.7275793
3011_geowiki-landcover-2017,0.58453935,0.41546065
6089_canada,0.41932598,0.58067405
24_canada,0.2724153,0.7275847
3333_rwanda-ceo,0.85279727,0.14720267
2529_germany,0.2724152,0.7275848
761_germany,0.4217948,0.5782052
11417_geowiki-landcover-2017,0.73666066,0.2633394
2310_rwanda-ceo,0.8527981,0.14720197
1587_tanzania-ceo,0.5919098,0.40809017
2004_germany,0.27241588,0.72758406
1385_kenya-non-crop,0.74834406,0.25165588
1865_kenya-non-crop,0.8527943,0.1472057
5279_ile-de-france,0.27241528,0.7275847
750_lem-brazil,0.5845479,0.4154521
41_mali,0.58453906,0.41546097
14207_geowiki-landcover-2017,0.4217958,0.5782042
63_tanzania,0.73666567,0.2633343
2961_rwanda-ceo,0.75000423,0.2499958
4633_ile-de-france,0.2724169,0.72758305
2037_geowiki-landcover-2017,0.7444909,0.25550905
3182_canada,0.27241513,0.72758484
1652_germany,0.2724153,0.7275847
7439_croplands,0.5919046,0.40809545
4523_ile-de-france,0.42179516,0.5782048
12583_croplands,0.58453804,0.41546196
2020_geowiki-landcover-2017,0.5919166,0.4080834
7788_canada,0.27241912,0.72758085
2410_germany,0.27242887,0.72757107
3074_ile-de-france,0.27241588,0.7275841
844_ile-de-france,0.42178535,0.57821465
4663_ile-de-france,0.27241507,0.7275849
5727_ile-de-france,0.27241525,0.7275848
1885_geowiki-landcover-2017,0.60171163,0.39828837
14753_geowiki-landcover-2017,0.58455086,0.41544914
931_croplands,0.58453894,0.4154611
1277_kenya-non-crop,0.7366659,0.26333407
2344_ile-de-france,0.27241525,0.7275847
6774_canada,0.2724234,0.7275766
61_mali,0.58453834,0.4154617
19052_geowiki-landcover-2017,0.4217953,0.57820475
1199_kenya-non-crop,0.7502388,0.24976122
1210_mali-helmets-labelling-crops,0.42181167,0.57818836
5370_ile-de-france,0.2724151,0.7275849
4388_canada,0.2724152,0.7275848
6386_canada,0.27241623,0.72758377
659_germany,0.43584308,0.5641569
30546_geowiki-landcover-2017,0.27314824,0.72685176
1854_ile-de-france,0.4217955,0.5782045
18578_geowiki-landcover-2017,0.74448866,0.2555113
802_central-asia,0.27241674,0.7275833
1300_central-asia,0.27417395,0.725826
2751_canada,0.2724154,0.7275846
16377_geowiki-landcover-2017,0.74448735,0.25551265
11585_geowiki-landcover-2017,0.85279816,0.14720185
2401_canada,0.42179564,0.57820433
33428_geowiki-landcover-2017,0.42178547,0.5782145
1474_reunion-france,0.4217961,0.5782039
3561_central-asia,0.27252132,0.72747874
6830_geowiki-landcover-2017,0.5845387,0.4154613
1499_germany,0.27241603,0.72758394
18614_geowiki-landcover-2017,0.74448043,0.25551957
15131_geowiki-landcover-2017,0.74449027,0.25550973
1314_rwanda-ceo,0.7502372,0.24976273
2418_geowiki-landcover-2017,0.8527728,0.1472272
20326_geowiki-landcover-2017,0.27241585,0.7275841
3313_rwanda-ceo,0.75023806,0.24976198
6785_canada,0.27241525,0.7275848
1626_kenya-non-crop,0.73666555,0.26333448
3208_central-asia,0.41928136,0.5807187
1864_tanzania-ceo,0.4217966,0.57820344
2768_ile-de-france,0.27241528,0.7275847
16832_geowiki-landcover-2017,0.60171044,0.39828953
26837_geowiki-landcover-2017,0.60654265,0.39345735
1798_germany,0.27241585,0.7275841
6384_canada,0.2724153,0.7275847
29401_geowiki-landcover-2017,0.2724176,0.7275824
2006_central-asia,0.27246413,0.7275359
2191_geowiki-landcover-2017,0.8527943,0.14720574
6821_croplands,0.59191036,0.4080896
167_uganda,0.73666584,0.26333416
624_ile-de-france,0.42179435,0.5782056
223_canada,0.43673947,0.56326056
11385_geowiki-landcover-2017,0.7444907,0.25550938
996_central-asia,0.27241716,0.7275828
6558_geowiki-landcover-2017,0.42675042,0.5732496
4830_croplands,0.59190905,0.40809095
97_germany,0.27241525,0.7275847
1972_geowiki-landcover-2017,0.42273578,0.57726425
640_central-asia,0.27246127,0.7275387
633_geowiki-landcover-2017,0.73666483,0.2633352
19881_geowiki-landcover-2017,0.2724151,0.7275849
14941_croplands,0.42180088,0.5781991
1160_kenya-non-crop,0.7366655,0.26333454
32372_geowiki-landcover-2017,0.27241525,0.7275847
3994_central-asia,0.41927132,0.58072865
3079_ile-de-france,0.2724151,0.7275849
2337_kenya-non-crop,0.8527968,0.14720318
2714_rwanda-ceo,0.85277885,0.14722115
95_central-asia,0.27243134,0.7275687
7474_geowiki-landcover-2017,0.60170287,0.39829716
767_central-asia,0.27241656,0.72758347
29757_geowiki-landcover-2017,0.5845379,0.41546205
13749_croplands,0.5911462,0.40885386
4777_central-asia,0.272463,0.72753704
3171_canada,0.27241516,0.72758484
10269_geowiki-landcover-2017,0.5845496,0.41545045
28226_geowiki-landcover-2017,0.42179596,0.57820404
10693_croplands,0.5918902,0.4081098
1610_tanzania-ceo,0.8527981,0.14720194
4785_canada,0.27241534,0.72758466
393_sudan,0.74449086,0.25550917
253_canada,0.27241674,0.7275833
19120_geowiki-landcover-2017,0.5919093,0.40809074
4339_central-asia,0.2724157,0.7275843
17998_geowiki-landcover-2017,0.43674168,0.56325835
1283_mali-helmets-labelling-crops,0.42181137,0.5781886
12518_croplands,0.58453834,0.41546166
959_germany,0.27241537,0.72758466
5286_ile-de-france,0.27241644,0.7275836
130_togo,0.58453745,0.41546258
30457_geowiki-landcover-2017,0.42179564,0.57820433
26298_geowiki-landcover-2017,0.6017106,0.3982894
4012_central-asia,0.41926426,0.58073574
2116_ile-de-france,0.43673965,0.5632603
1267_kenya-non-crop,0.6024474,0.3975526
3417_canada,0.43672916,0.56327087
17359_geowiki-landcover-2017,0.85279816,0.14720182
31132_geowiki-landcover-2017,0.74449086,0.25550917
2679_kenya-non-crop,0.7366555,0.26334456
4790_canada,0.2724151,0.72758484
1115_rwanda-ceo,0.75023615,0.24976388
95_rwanda-ceo,0.591912,0.40808803
20842_geowiki-landcover-2017,0.59187585,0.40812412
4483_croplands,0.42179036,0.57820964
3659_canada,0.2724152,0.7275848
17485_geowiki-landcover-2017,0.60169536,0.39830467
4470_canada,0.27241504,0.72758496
793_reunion-france,0.7502367,0.24976331
14521_geowiki-landcover-2017,0.27241537,0.72758466
1883_kenya-non-crop,0.73666495,0.26333505
3089_ile-de-france,0.2724152,0.7275848
1413_reunion-france,0.60171026,0.39828974
458_croplands,0.74448955,0.25551048
2694_reunion-france,0.42674893,0.57325107
110_croplands,0.42178166,0.57821834
19183_geowiki-landcover-2017,0.27241552,0.7275845
5018_central-asia,0.41913024,0.58086973
2408_ile-de-france,0.42179483,0.57820517
323_mali-helmets-labelling-crops,0.4218122,0.57818776
14500_geowiki-landcover-2017,0.27246046,0.72753954
2034_kenya-non-crop,0.7444903,0.25550967
23734_geowiki-landcover-2017,0.601712,0.39828795
1050_central-asia,0.27255026,0.7274498
28359_geowiki-landcover-2017,0.5845628,0.41543722
33023_geowiki-landcover-2017,0.7444898,0.2555102
32257_geowiki-landcover-2017,0.2724153,0.7275847
30789_geowiki-landcover-2017,0.27241522,0.7275848
25207_geowiki-landcover-2017,0.5845304,0.41546962
32499_geowiki-landcover-2017,0.27241853,0.72758144
102_canada,0.27241507,0.7275849
2379_germany,0.27241534,0.72758466
4453_croplands,0.2726137,0.7273863
1293_rwanda-ceo,0.8527974,0.1472026
2117_geowiki-landcover-2017,0.8527732,0.14722681
3393_central-asia,0.41826636,0.58173364
2909_central-asia,0.27242067,0.7275793
10623_geowiki-landcover-2017,0.42149654,0.5785035
8479_geowiki-landcover-2017,0.27241525,0.7275848
55_kenya-non-crop,0.7483281,0.25167188
2358_geowiki-landcover-2017,0.584496,0.41550398
4594_canada,0.27241772,0.72758234
1242_kenya-non-crop,0.75023615,0.24976388
2195_martinique-france,0.8527953,0.14720474
225_ethiopia,0.58453953,0.41546047
19114_geowiki-landcover-2017,0.42674926,0.5732508
360_togo,0.744488,0.255512
3183_croplands,0.42665312,0.5733469
5446_canada,0.2724153,0.72758466
1396_tanzania-ceo,0.736635,0.263365
7451_geowiki-landcover-2017,0.27241528,0.7275847
7069_geowiki-landcover-2017,0.74448615,0.25551385
607_central-asia,0.27241802,0.7275819
19058_geowiki-landcover-2017,0.73666304,0.263337
2395_ile-de-france,0.42175186,0.57824814
21383_geowiki-landcover-2017,0.43673328,0.5632667
1603_geowiki-landcover-2017,0.591911,0.40808898
35274_geowiki-landcover-2017,0.42179573,0.5782043
2339_geowiki-landcover-2017,0.74448997,0.25550997
1217_reunion-france,0.60171074,0.39828923
978_mali-helmets-labelling-crops,0.42381078,0.5761893
1055_ile-de-france,0.43674606,0.563254
1468_germany,0.27241552,0.7275845
27598_geowiki-landcover-2017,0.43674153,0.56325847
6671_croplands,0.59190995,0.40809008
16075_geowiki-landcover-2017,0.4217974,0.57820255
4003_central-asia,0.41927147,0.58072853
1853_martinique-france,0.5845386,0.41546142
704_reunion-france,0.42674902,0.57325095
264_mali-helmets-labelling-crops,0.42181087,0.5781892
1357_martinique-france,0.27243477,0.7275652
1265_kenya-non-crop,0.85279816,0.14720187
4968_central-asia,0.2733306,0.72666943
10800_croplands,0.5844286,0.41557136
1318_mali-helmets-labelling-crops,0.43132588,0.5686741
2656_kenya-non-crop,0.7366662,0.26333386
8507_geowiki-landcover-2017,0.6065625,0.39343745
176_martinique-france,0.5918365,0.40816343
29266_geowiki-landcover-2017,0.43674022,0.5632598
4176_central-asia,0.27241704,0.72758293
1967_ile-de-france,0.2724154,0.7275846
777_ethiopia,0.7483284,0.25167158
26192_geowiki-landcover-2017,0.5992837,0.40071633
2460_ile-de-france,0.27241552,0.7275845
1426_kenya-non-crop,0.73666584,0.2633341
14106_geowiki-landcover-2017,0.42674902,0.57325095
23912_geowiki-landcover-2017,0.41933173,0.5806683
1200_central-asia,0.27463263,0.72536737
18856_geowiki-landcover-2017,0.27241573,0.7275843
1066_mali-helmets-labelling-crops,0.4313248,0.56867516
1332_reunion-france,0.7502363,0.24976371
85_canada,0.6065574,0.39344254
28749_geowiki-landcover-2017,0.7444896,0.25551045
21000_geowiki-landcover-2017,0.42674953,0.5732505
2599_geowiki-landcover-2017,0.59927064,0.40072936
24661_geowiki-landcover-2017,0.42674917,0.5732509
220_geowiki-landcover-2017,0.58453923,0.41546074
1541_germany,0.4217955,0.5782045
23331_geowiki-landcover-2017,0.59191054,0.40808952
6043_geowiki-landcover-2017,0.7502368,0.24976322
4346_central-asia,0.2724157,0.7275843
35639_geowiki-landcover-2017,0.27241644,0.7275836
2257_germany,0.42179546,0.5782046
15331_geowiki-landcover-2017,0.7363298,0.26367018
35325_geowiki-landcover-2017,0.42674604,0.5732539
3975_geowiki-landcover-2017,0.7502323,0.24976774
12384_geowiki-landcover-2017,0.59191054,0.4080895
15452_geowiki-landcover-2017,0.7444784,0.2555216
2760_geowiki-landcover-2017,0.5845612,0.41543877
14946_geowiki-landcover-2017,0.74448854,0.2555115
769_rwanda-ceo,0.5919598,0.40804023
327_reunion-france,0.43674096,0.56325907
244_martinique-france,0.436759,0.563241
4285_ile-de-france,0.27241582,0.72758424
1939_germany,0.42179564,0.5782044
19315_geowiki-landcover-2017,0.2724324,0.72756755
3734_central-asia,0.27244863,0.72755134
2194_geowiki-landcover-2017,0.5845395,0.41546053
33787_geowiki-landcover-2017,0.27241516,0.72758484
2321_central-asia,0.27241725,0.72758275
32157_geowiki-landcover-2017,0.2724166,0.7275834
727_togo,0.7444902,0.2555098
34521_geowiki-landcover-2017,0.5919111,0.40808886
1742_rwanda-ceo,0.75023735,0.24976261
5082_canada,0.2724153,0.72758466
1623_reunion-france,0.5919105,0.40808952
943_tanzania-ceo,0.8527981,0.14720196
453_togo,0.6017087,0.39829132
1506_geowiki-landcover-2017,0.85254914,0.14745085
1757_martinique-france,0.6017096,0.39829043
915_central-asia,0.2724157,0.72758436
30532_geowiki-landcover-2017,0.42179745,0.57820255
16182_geowiki-landcover-2017,0.6016546,0.3983454
33385_geowiki-landcover-2017,0.2724152,0.72758484
7858_canada,0.2724164,0.7275836
13930_geowiki-landcover-2017,0.74447674,0.2555233
289_togo,0.584539,0.41546103
29315_geowiki-landcover-2017,0.27241567,0.72758436
2275_geowiki-landcover-2017,0.5845393,0.4154607
2124_germany,0.27241528,0.7275847
6709_canada,0.4267485,0.5732515
842_geowiki-landcover-2017,0.59191066,0.4080893
1864_rwanda-ceo,0.7502559,0.24974416
5189_canada,0.2724155,0.7275845
1597_central-asia,0.27246648,0.72753346
30290_geowiki-landcover-2017,0.43675512,0.5632449
5050_geowiki-landcover-2017,0.85268116,0.1473189
13601_croplands,0.27241567,0.72758436
3411_rwanda-ceo,0.75023764,0.24976233
2763_reunion-france,0.75023144,0.24976854
4694_croplands,0.60171086,0.39828914
1706_central-asia,0.27260992,0.7273901
21041_geowiki-landcover-2017,0.60656065,0.3934393
1714_central-asia,0.27260992,0.7273901
7740_geowiki-landcover-2017,0.27241933,0.72758067
6771_canada,0.2724152,0.7275848
988_rwanda-ceo,0.85279435,0.14720565
4600_croplands,0.42179835,0.5782017
32921_geowiki-landcover-2017,0.7501978,0.24980217
1229_mali-helmets-labelling-crops,0.43132484,0.56867516
27291_geowiki-landcover-2017,0.41932118,0.5806788
19176_geowiki-landcover-2017,0.6065605,0.39343944
630_kenya-non-crop,0.7366654,0.26333457
2497_canada,0.27241513,0.72758484
4443_croplands,0.2724161,0.7275839
661_tanzania-rice-ecaas,0.58455026,0.41544977
10162_croplands,0.59190327,0.4080967
502_tanzania-rice-ecaas,0.7366722,0.26332778
644_lem-brazil,0.7444944,0.25550568
2081_croplands,0.42179555,0.5782044
2597_kenya-non-crop,0.85278857,0.14721149
25711_geowiki-landcover-2017,0.8527972,0.14720273
17730_geowiki-landcover-2017,0.5894464,0.4105536
16924_geowiki-landcover-2017,0.7366653,0.26333472
2132_reunion-france,0.8527877,0.1472123
218_tanzania-rice-ecaas,0.7366657,0.26333427
3416_geowiki-landcover-2017,0.7444834,0.25551665
2646_ile-de-france,0.2724152,0.72758484
264_rwanda-ceo,0.75023687,0.24976309
1631_germany,0.27241543,0.7275846
7_kenya-non-crop,0.7366661,0.2633339
19025_geowiki-landcover-2017,0.27397186,0.7260282
2236_croplands,0.42182037,0.5781796
6666_geowiki-landcover-2017,0.74449116,0.25550887
35150_geowiki-landcover-2017,0.2724169,0.72758305
309_canada,0.2724152,0.72758484
300_lem-brazil,0.58454096,0.41545907
786_mali-helmets-labelling-crops,0.4238114,0.57618856
33765_geowiki-landcover-2017,0.42167026,0.57832974
3236_geowiki-landcover-2017,0.58453953,0.41546047
1624_rwanda-ceo,0.59191096,0.40808907
415_central-asia,0.2726998,0.7273002
2278_canada,0.42179573,0.5782043
21781_geowiki-landcover-2017,0.8527981,0.14720196
1825_geowiki-landcover-2017,0.6043093,0.39569068
31733_geowiki-landcover-2017,0.2724152,0.7275848
14340_geowiki-landcover-2017,0.7502366,0.24976346
4727_central-asia,0.43683672,0.5631633
1778_canada,0.27241635,0.72758365
4385_ile-de-france,0.2724155,0.7275845
3_ile-de-france,0.272416,0.727584
1586_geowiki-landcover-2017,0.73665816,0.26334178
56_rwanda-ceo,0.73670095,0.26329905
285_lem-brazil,0.5845456,0.41545445
2669_ile-de-france,0.4217953,0.57820463
14657_geowiki-landcover-2017,0.42179537,0.57820463
47_tanzania-rice-ecaas,0.73655546,0.26344454
1012_canada,0.27241573,0.7275843
1331_reunion-france,0.42179614,0.57820386
2071_kenya-non-crop,0.744491,0.25550902
60_sudan,0.74449056,0.25550944
834_central-asia,0.4367419,0.5632581
9221_geowiki-landcover-2017,0.7366657,0.26333427
2590_canada,0.27241543,0.7275846
2530_rwanda-ceo,0.8527982,0.14720179
28221_geowiki-landcover-2017,0.74400544,0.2559945
8197_geowiki-landcover-2017,0.584539,0.415461
1089_reunion-france,0.750237,0.24976306
15406_geowiki-landcover-2017,0.5845392,0.4154608
1524_canada,0.2724152,0.7275848
219_martinique-france,0.60171044,0.39828953
34093_geowiki-landcover-2017,0.2724152,0.72758484
21409_geowiki-landcover-2017,0.6017353,0.39826465
9360_geowiki-landcover-2017,0.43674076,0.5632592
18949_geowiki-landcover-2017,0.7444851,0.25551492
12026_geowiki-landcover-2017,0.42674989,0.5732501
900_canada,0.27241525,0.7275847
265_ethiopia,0.73666525,0.2633348
1011_reunion-france,0.6017104,0.3982896
182_canada,0.27241525,0.7275848
843_germany,0.2724218,0.7275782
21201_geowiki-landcover-2017,0.7502368,0.24976313
14273_geowiki-landcover-2017,0.27258277,0.72741723
32673_geowiki-landcover-2017,0.27241516,0.72758484
6634_canada,0.2724151,0.72758484
2094_martinique-france,0.852794,0.14720596
24260_geowiki-landcover-2017,0.606561,0.39343894
3709_geowiki-landcover-2017,0.5845388,0.41546112
3091_rwanda-ceo,0.7502371,0.24976295
14082_croplands,0.5919087,0.4080913
382_martinique-france,0.59191126,0.40808877
407_lem-brazil,0.4218073,0.5781927
668_reunion-france,0.5918986,0.40810138
34380_geowiki-landcover-2017,0.8484261,0.15157388
13723_geowiki-landcover-2017,0.8527979,0.14720206
2305_ile-de-france,0.2724151,0.72758484
231_central-asia,0.27241603,0.72758394
2865_canada,0.4217959,0.5782041
4768_canada,0.27241525,0.7275848
4784_canada,0.27241516,0.72758484
1981_geowiki-landcover-2017,0.5845409,0.4154591
3632_central-asia,0.27243564,0.7275644
3003_geowiki-landcover-2017,0.5845308,0.4154692
3999_geowiki-landcover-2017,0.58454186,0.4154582
3177_geowiki-landcover-2017,0.5845386,0.4154614
32669_geowiki-landcover-2017,0.43674335,0.5632566
16565_geowiki-landcover-2017,0.85267854,0.14732146
1022_croplands,0.27241504,0.72758496
5431_geowiki-landcover-2017,0.42180437,0.57819563
897_mali-helmets-labelling-crops,0.4218026,0.5781974
35283_geowiki-landcover-2017,0.4217942,0.57820576
1160_tanzania-ceo,0.7444904,0.25550956
35244_geowiki-landcover-2017,0.59191096,0.408089
661_ile-de-france,0.42140758,0.5785924
163_canada,0.27241513,0.72758484
4639_central-asia,0.2724156,0.72758436
33281_geowiki-landcover-2017,0.27241567,0.72758436
29882_geowiki-landcover-2017,0.6017111,0.3982889
1830_geowiki-landcover-2017,0.7444899,0.25551006
4756_central-asia,0.27252415,0.7274759
704_kenya-non-crop,0.7366658,0.26333416
90_geowiki-landcover-2017,0.5919078,0.4080922
116_ile-de-france,0.27285832,0.72714174
2330_ile-de-france,0.43674153,0.56325847
652_canada,0.60171133,0.39828867
15176_geowiki-landcover-2017,0.5919081,0.4080919
4034_canada,0.27241516,0.72758484
969_reunion-france,0.6017072,0.39829278
77_geowiki-landcover-2017,0.7502371,0.24976286
1654_germany,0.27241537,0.7275846
4046_ile-de-france,0.27241522,0.7275848
8502_geowiki-landcover-2017,0.5845717,0.4154283
555_lem-brazil,0.7445085,0.25549147
10218_geowiki-landcover-2017,0.5845394,0.41546065
953_mali-helmets-labelling-crops,0.27247602,0.72752404
2159_kenya-non-crop,0.8527981,0.14720188
836_germany,0.42179206,0.57820797
3463_rwanda-ceo,0.8527982,0.14720178
2598_rwanda-ceo,0.750236,0.24976403
18932_geowiki-landcover-2017,0.4217955,0.5782045
11598_geowiki-landcover-2017,0.58453935,0.41546065
6372_canada,0.27241513,0.72758484
7628_canada,0.2724152,0.72758484
832_kenya-non-crop,0.7366663,0.26333365
2667_kenya-non-crop,0.73666203,0.26333797
1157_geowiki-landcover-2017,0.59190774,0.40809223
2030_rwanda-ceo,0.7502367,0.24976327
28259_geowiki-landcover-2017,0.6065615,0.3934385
1358_rwanda-ceo,0.85279816,0.14720182
7608_canada,0.27241537,0.72758466
666_central-asia,0.27243334,0.72756666
31915_geowiki-landcover-2017,0.27242005,0.72758
204_ile-de-france,0.27241534,0.72758466
4852_ile-de-france,0.27241516,0.72758484
14595_geowiki-landcover-2017,0.7444908,0.25550917
2219_canada,0.2724154,0.7275846
27609_geowiki-landcover-2017,0.27243605,0.727564
1314_central-asia,0.2741748,0.7258252
33300_geowiki-landcover-2017,0.2724152,0.72758484
413_germany,0.27242076,0.72757924
4359_geowiki-landcover-2017,0.42674974,0.57325023
2651_canada,0.27241525,0.7275848
22224_geowiki-landcover-2017,0.27241573,0.72758424
1574_reunion-france,0.6065608,0.3934391
2658_central-asia,0.27241644,0.7275836
1644_kenya-non-crop,0.736665,0.26333493
2734_canada,0.27241525,0.7275848
705_mali-helmets-labelling-crops,0.5845388,0.41546118
12810_geowiki-landcover-2017,0.5919109,0.4080891
946_canada,0.27241525,0.7275847
5209_ile-de-france,0.27241522,0.7275848
1660_germany,0.27241552,0.7275845
2684_kenya-non-crop,0.5919098,0.4080901
587_martinique-france,0.5845303,0.41546968
4539_geowiki-landcover-2017,0.4367411,0.5632589
1543_kenya-non-crop,0.42180023,0.5781998
4085_canada,0.27241534,0.72758466
220_uganda,0.8527978,0.1472022
1976_ile-de-france,0.42179197,0.5782081
26508_geowiki-landcover-2017,0.27241716,0.7275828
27515_geowiki-landcover-2017,0.59927464,0.4007254
1033_central-asia,0.27241752,0.72758245
879_togo,0.5845343,0.4154657
213_central-asia,0.27241567,0.72758436
2290_kenya-non-crop,0.5845416,0.41545835
3142_rwanda-ceo,0.7327292,0.26727074
10111_geowiki-landcover-2017,0.27241528,0.7275847
908_geowiki-landcover-2017,0.7366564,0.26334354
1086_tanzania-ceo,0.5845395,0.41546053
606_rwanda-ceo,0.59192103,0.4080789
3853_central-asia,0.27243513,0.72756493
26490_geowiki-landcover-2017,0.2724179,0.72758216
33783_geowiki-landcover-2017,0.5845405,0.4154595
5116_central-asia,0.27242395,0.7275761
327_martinique-france,0.5919122,0.40808776
15184_geowiki-landcover-2017,0.74448955,0.25551048
696_canada,0.42179662,0.5782034
471_tanzania-rice-ecaas,0.73666316,0.26333687
35569_geowiki-landcover-2017,0.58453906,0.41546088
2869_canada,0.2724175,0.7275825
1465_central-asia,0.42451847,0.57548153
8_geowiki-landcover-2017,0.59191066,0.40808934
1019_central-asia,0.27241644,0.7275835
82_rwanda-ceo,0.5919114,0.40808868
2843_ile-de-france,0.27241513,0.72758484
26648_geowiki-landcover-2017,0.42179516,0.5782049
236_reunion-france,0.42179593,0.5782041
24636_geowiki-landcover-2017,0.6065577,0.39344227
856_reunion-france,0.5919937,0.4080063
1741_canada,0.2724153,0.7275847
5285_ile-de-france,0.2724155,0.7275845
412_lem-brazil,0.5919075,0.40809253
20090_geowiki-landcover-2017,0.4267491,0.5732509
994_tanzania-ceo,0.5919147,0.40808532
401_germany,0.2724153,0.7275847
2685_reunion-france,0.59191054,0.40808943
24248_geowiki-landcover-2017,0.27241507,0.72758496
1252_ile-de-france,0.43673915,0.56326085
956_rwanda-ceo,0.59191096,0.40808907
93_lem-brazil,0.43675566,0.5632443
925_canada,0.2724152,0.7275848
698_tanzania-ceo,0.59191203,0.408088
157_martinique-france,0.6066308,0.3933692
278_tanzania-rice-ecaas,0.7366653,0.26333466
1799_geowiki-landcover-2017,0.75023687,0.24976309
2257_central-asia,0.2724169,0.72758305
7696_geowiki-landcover-2017,0.601709,0.398291
29653_geowiki-landcover-2017,0.42179564,0.57820433
7410_geowiki-landcover-2017,0.27241537,0.7275846
4394_central-asia,0.27241588,0.72758406
20002_geowiki-landcover-2017,0.73666626,0.26333374
12581_geowiki-landcover-2017,0.7502368,0.24976315
1571_geowiki-landcover-2017,0.73691225,0.26308775
12524_croplands,0.5845384,0.41546154
283_tanzania-ceo,0.5845459,0.41545406
168_togo,0.5845388,0.41546118
1614_reunion-france,0.27241683,0.72758317
1977_kenya-non-crop,0.7444904,0.25550956
674_tanzania-ceo,0.7444909,0.25550914
565_martinique-france,0.8527709,0.14722908
1476_croplands,0.4218135,0.5781865
2336_geowiki-landcover-2017,0.85279554,0.14720446
1765_kenya-non-crop,0.8527965,0.14720346
342_canada,0.43674138,0.56325865
2746_central-asia,0.27241746,0.7275825
5573_canada,0.42179587,0.57820415
34421_geowiki-landcover-2017,0.59190595,0.40809405
10234_geowiki-landcover-2017,0.4367392,0.5632608
7296_canada,0.27241528,0.7275847
13266_geowiki-landcover-2017,0.27241516,0.72758484
496_ile-de-france,0.27241552,0.7275845
3497_geowiki-landcover-2017,0.5845478,0.41545224
25188_geowiki-landcover-2017,0.7444813,0.25551867
18858_geowiki-landcover-2017,0.4367416,0.56325847
12_tanzania,0.73666555,0.26333445
2205_reunion-france,0.7502367,0.24976335
407_reunion-france,0.59191144,0.4080886
4268_ile-de-france,0.27241543,0.7275846
1430_central-asia,0.43948537,0.5605146
33839_geowiki-landcover-2017,0.43674016,0.5632599
8536_geowiki-landcover-2017,0.7502348,0.24976523
251_central-asia,0.4217957,0.57820433
4723_ile-de-france,0.27241594,0.72758406
16320_geowiki-landcover-2017,0.74449074,0.25550932
6041_ile-de-france,0.27241546,0.72758454
2375_martinique-france,0.7444873,0.25551268
9148_croplands,0.272416,0.72758394
755_kenya-non-crop,0.736693,0.26330698
34224_geowiki-landcover-2017,0.58453894,0.41546106
2073_kenya-non-crop,0.744475,0.255525
1098_mali-helmets-labelling-crops,0.43131995,0.56868005
1355_central-asia,0.2741724,0.7258276
1703_martinique-france,0.7502367,0.24976331
5738_geowiki-landcover-2017,0.7366662,0.2633338
24125_geowiki-landcover-2017,0.85279685,0.14720318
1460_rwanda-ceo,0.59191126,0.4080887
14019_geowiki-landcover-2017,0.5919108,0.40808925
606_central-asia,0.27241614,0.7275838
6959_canada,0.43674174,0.56325823
1087_tanzania-ceo,0.59191066,0.40808928
2528_kenya-non-crop,0.7366653,0.26333472
133_kenya-non-crop,0.7366662,0.26333386
12299_geowiki-landcover-2017,0.42675027,0.5732497
360_lem-brazil,0.58451915,0.41548085
115_central-asia,0.27241632,0.7275837
3781_ile-de-france,0.27241525,0.7275847
1243_mali-helmets-labelling-crops,0.43132582,0.56867415
1329_rwanda-ceo,0.7502254,0.24977456
492_kenya-non-crop,0.73666567,0.26333436
1254_central-asia,0.27463272,0.7253673
2153_germany,0.42179525,0.57820475
1216_reunion-france,0.6017106,0.39828932
208_tanzania-ceo,0.74449134,0.25550872
3254_ile-de-france,0.2724152,0.7275848
10763_geowiki-landcover-2017,0.42674902,0.57325095
6885_geowiki-landcover-2017,0.27241558,0.7275845
26788_geowiki-landcover-2017,0.5919095,0.40809047
26328_geowiki-landcover-2017,0.7444869,0.255513
5748_geowiki-landcover-2017,0.591911,0.40808898
168_canada,0.27241525,0.7275847
1643_reunion-france,0.5919111,0.40808886
1104_central-asia,0.27254957,0.72745043
8240_geowiki-landcover-2017,0.5894555,0.4105445
22461_geowiki-landcover-2017,0.27241564,0.72758436
653_togo,0.5845385,0.4154615
3241_rwanda-ceo,0.59191084,0.4080892
14244_geowiki-landcover-2017,0.73665965,0.26334035
791_lem-brazil,0.58454263,0.41545734
1067_kenya-non-crop,0.7366656,0.26333442
61_togo,0.58453816,0.41546187
871_central-asia,0.27242005,0.72758
1227_tanzania-ceo,0.59207535,0.40792462
251_ethiopia,0.7366659,0.26333407
22956_geowiki-landcover-2017,0.7444884,0.25551164
1659_martinique-france,0.43674296,0.5632571
2639_ile-de-france,0.27241543,0.7275846
5292_canada,0.2724151,0.72758484
1629_germany,0.4217923,0.57820773
2677_canada,0.42179367,0.5782063
2821_ile-de-france,0.27241516,0.72758484
460_geowiki-landcover-2017,0.58453816,0.41546178
2284_martinique-france,0.7444843,0.2555157
2343_canada,0.27241537,0.7275846
1873_rwanda-ceo,0.59191126,0.40808877
4225_canada,0.27246407,0.72753596
2849_canada,0.42674908,0.57325095
2104_kenya-non-crop,0.85279834,0.1472017
1726_reunion-france,0.60170966,0.3982903
468_reunion-france,0.7502367,0.24976331
792_rwanda-ceo,0.7483494,0.2516506
12419_geowiki-landcover-2017,0.6018094,0.3981906
1534_martinique-france,0.7502347,0.24976523
15990_geowiki-landcover-2017,0.75023705,0.24976295
2716_rwanda-ceo,0.7483292,0.2516708
149_tanzania-rice-ecaas,0.7366651,0.2633348
11070_geowiki-landcover-2017,0.85279834,0.14720163
952_rwanda-ceo,0.8527959,0.14720413
2143_tanzania-ceo,0.5919121,0.40808788
10777_croplands,0.59190786,0.40809214
7421_croplands,0.75023425,0.24976568
1612_rwanda-ceo,0.7502372,0.24976279
12497_croplands,0.58453834,0.4154617
4857_ile-de-france,0.2724169,0.72758305
34248_geowiki-landcover-2017,0.58453804,0.41546196
27255_geowiki-landcover-2017,0.42180184,0.5781982
404_central-asia,0.2724167,0.72758335
5190_canada,0.2724153,0.72758466
3422_geowiki-landcover-2017,0.5845258,0.41547418
1015_central-asia,0.2724165,0.7275835
1498_tanzania-ceo,0.5919101,0.40808985
15639_geowiki-landcover-2017,0.43673953,0.5632605
5909_canada,0.27241552,0.7275845
34235_geowiki-landcover-2017,0.5919118,0.40808818
27154_geowiki-landcover-2017,0.73665404,0.26334596
169_reunion-france,0.5919104,0.40808952
24259_geowiki-landcover-2017,0.42674893,0.57325107
276_lem-brazil,0.5845405,0.4154595
1739_rwanda-ceo,0.8527979,0.14720207
11241_geowiki-landcover-2017,0.73666614,0.2633339
5774_geowiki-landcover-2017,0.74449027,0.2555097
950_tanzania-ceo,0.74449146,0.25550854
4007_ile-de-france,0.27241546,0.72758454
4829_canada,0.27241525,0.7275847
1647_canada,0.27241543,0.7275846
5445_ile-de-france,0.27241537,0.72758466
1422_mali-helmets-labelling-crops,0.4217973,0.57820266
2141_ile-de-france,0.2724151,0.7275849
1705_martinique-france,0.73665893,0.26334104
10632_croplands,0.5919093,0.40809077
437_tanzania-ceo,0.584384,0.415616
2266_croplands,0.4217927,0.5782074
3709_canada,0.27241507,0.7275849
6531_croplands,0.42676273,0.5732373
3208_rwanda-ceo,0.5919168,0.40808317
29244_geowiki-landcover-2017,0.2724153,0.72758466
24698_geowiki-landcover-2017,0.4217977,0.5782023
1546_reunion-france,0.74446416,0.25553584
1670_central-asia,0.2726099,0.72739017
2761_rwanda-ceo,0.5919116,0.40808836
1200_kenya-non-crop,0.8527979,0.14720206
1369_reunion-france,0.60171074,0.3982893
12831_geowiki-landcover-2017,0.6017112,0.39828882
1185_togo,0.58453804,0.415462
29491_geowiki-landcover-2017,0.41932186,0.5806781
14120_geowiki-landcover-2017,0.5919071,0.40809286
35658_geowiki-landcover-2017,0.27241668,0.72758335
11647_geowiki-landcover-2017,0.59890914,0.4010909
848_reunion-france,0.7010572,0.29894283
35765_geowiki-landcover-2017,0.42179564,0.5782044
9005_geowiki-landcover-2017,0.27241924,0.7275807
3815_geowiki-landcover-2017,0.5845395,0.4154605
10144_geowiki-landcover-2017,0.59190834,0.4080916
22905_geowiki-landcover-2017,0.85279816,0.14720182
2737_canada,0.2724153,0.7275847
3270_ile-de-france,0.27241522,0.7275848
33903_geowiki-landcover-2017,0.4267508,0.57324916
7482_canada,0.42179477,0.5782052
30250_geowiki-landcover-2017,0.60171014,0.39828986
29166_geowiki-landcover-2017,0.60652095,0.39347905
3341_rwanda-ceo,0.7366657,0.26333427
5808_canada,0.2724151,0.72758484
21686_geowiki-landcover-2017,0.59158766,0.4084123
33025_geowiki-landcover-2017,0.7366658,0.2633342
1351_kenya-non-crop,0.75039,0.24961007
1046_kenya-non-crop,0.7366651,0.26333487
33202_geowiki-landcover-2017,0.2724151,0.72758484
800_geowiki-landcover-2017,0.7444879,0.25551215
5286_canada,0.27241516,0.72758484
19729_geowiki-landcover-2017,0.7483354,0.25166458
28677_geowiki-landcover-2017,0.27241498,0.727585
992_reunion-france,0.6017108,0.39828923
1841_reunion-france,0.7502361,0.24976389
3185_geowiki-landcover-2017,0.5845393,0.41546068
381_ethiopia,0.42675126,0.57324874
29606_geowiki-landcover-2017,0.42179555,0.57820445
931_canada,0.27242982,0.72757024
218_sudan,0.58453923,0.4154608
32034_geowiki-landcover-2017,0.27241516,0.72758484
539_mali-helmets-labelling-crops,0.584539,0.41546103
3045_canada,0.4367415,0.5632585
31461_geowiki-landcover-2017,0.58453864,0.41546136
1653_martinique-france,0.42179593,0.5782041
38_zimbabwe,0.59191036,0.40808967
13390_geowiki-landcover-2017,0.75022525,0.24977475
220_kenya-non-crop,0.74833024,0.25166973
19160_geowiki-landcover-2017,0.6065608,0.39343914
108_uganda,0.59191114,0.40808886
4_brazil-non-crop,0.58454996,0.41545007
943_mali-helmets-labelling-crops,0.42180672,0.57819325
2187_canada,0.43674156,0.56325847
5482_ile-de-france,0.2724152,0.72758484
5037_ile-de-france,0.27241528,0.7275847
1167_togo,0.59924036,0.4007596
12699_geowiki-landcover-2017,0.6017087,0.3982913
27659_geowiki-landcover-2017,0.59191096,0.4080891
7554_geowiki-landcover-2017,0.2724152,0.72758484
581_central-asia,0.27241606,0.72758394
856_rwanda-ceo,0.5919112,0.4080888
54_kenya-non-crop,0.852796,0.14720403
1180_geowiki-landcover-2017,0.5919089,0.4080911
3404_central-asia,0.41826195,0.58173805
3567_central-asia,0.27251273,0.7274873
4633_croplands,0.58444464,0.4155553
1960_central-asia,0.2724755,0.7275245
270_sudan,0.5841072,0.41589278
3164_rwanda-ceo,0.7502361,0.24976389
7590_geowiki-landcover-2017,0.7366234,0.2633766
4442_geowiki-landcover-2017,0.8527982,0.14720179
263_sudan,0.74449027,0.2555097
300_canada,0.2724152,0.72758484
453_geowiki-landcover-2017,0.5919118,0.40808818
14436_geowiki-landcover-2017,0.6065633,0.3934367
92_martinique-france,0.74448615,0.25551382
1248_ile-de-france,0.27241707,0.72758293
25492_geowiki-landcover-2017,0.2724153,0.7275847
18785_geowiki-landcover-2017,0.4267491,0.5732509
4100_ile-de-france,0.27241522,0.7275848
6668_geowiki-landcover-2017,0.6017107,0.39828932
1515_croplands,0.5845303,0.41546968
125_uganda,0.59190995,0.40809003
26115_geowiki-landcover-2017,0.7444904,0.25550956
3881_ile-de-france,0.2724165,0.72758347
22288_geowiki-landcover-2017,0.42674753,0.57325244
6480_canada,0.27241525,0.7275847
463_geowiki-landcover-2017,0.7444907,0.25550932
905_croplands,0.4217953,0.57820475
29859_geowiki-landcover-2017,0.58359975,0.41640028
11_zimbabwe,0.59190845,0.40809152
7584_canada,0.27241504,0.72758496
2983_central-asia,0.27241638,0.72758365
20914_geowiki-landcover-2017,0.4217958,0.5782043
73_uganda,0.59190834,0.4080916
1273_ile-de-france,0.27241534,0.72758466
24745_geowiki-landcover-2017,0.59191084,0.4080891
354_togo,0.7444897,0.2555103
2194_martinique-france,0.8527922,0.14720778
74_martinique-france,0.8527936,0.14720646
3575_canada,0.27241528,0.7275847
1013_togo,0.7444887,0.25551125
19_kenya-non-crop,0.8527979,0.14720209
11000_geowiki-landcover-2017,0.6017279,0.39827207
2305_geowiki-landcover-2017,0.85279775,0.14720231
2905_rwanda-ceo,0.85279816,0.14720182
4237_canada,0.43671933,0.5632807
45_zimbabwe,0.5919037,0.40809628
3978_ile-de-france,0.27241528,0.7275847
631_lem-brazil,0.5845405,0.4154595
5379_canada,0.27241772,0.7275823
1145_canada,0.27241516,0.72758484
2394_kenya-non-crop,0.7444881,0.25551182
1295_central-asia,0.27463344,0.7253666
85_mali-helmets-labelling-crops,0.5845291,0.4154709
1484_ile-de-france,0.4216971,0.57830286
32430_geowiki-landcover-2017,0.43675077,0.56324923
1998_geowiki-landcover-2017,0.5845382,0.41546178
164_reunion-france,0.59190935,0.40809065
6429_canada,0.27241543,0.7275846
1667_martinique-france,0.6016347,0.39836532
29900_geowiki-landcover-2017,0.75023675,0.24976322
6077_ile-de-france,0.42179477,0.5782052
1267_canada,0.27241597,0.72758406
16763_geowiki-landcover-2017,0.60171014,0.39828983
192_reunion-france,0.59190977,0.40809026
14465_geowiki-landcover-2017,0.6065606,0.39343938
3997_central-asia,0.41929695,0.580703
251_croplands,0.7444846,0.2555154
3768_croplands,0.42464873,0.5753513
5205_central-asia,0.4192498,0.5807502
25581_geowiki-landcover-2017,0.6065614,0.39343858
972_togo,0.74449027,0.2555097
1976_reunion-france,0.42179564,0.5782044
4341_ile-de-france,0.2724172,0.7275828
1701_ile-de-france,0.27241746,0.7275825
18838_geowiki-landcover-2017,0.2724152,0.72758484
3053_canada,0.43674156,0.56325847
14466_geowiki-landcover-2017,0.42179468,0.5782053
3820_central-asia,0.42179745,0.57820255
2609_central-asia,0.4217953,0.57820475
11185_geowiki-landcover-2017,0.42179555,0.57820445
4698_ile-de-france,0.27241507,0.7275849
1462_canada,0.2726069,0.72739303
26049_geowiki-landcover-2017,0.58945835,0.41054168
734_croplands,0.42179516,0.5782049
12566_geowiki-landcover-2017,0.4217961,0.57820386
2643_ile-de-france,0.2724152,0.7275848
537_lem-brazil,0.5845477,0.4154523
897_togo,0.74449015,0.2555099
27438_geowiki-landcover-2017,0.5845405,0.4154595
19991_geowiki-landcover-2017,0.74448955,0.25551045
3131_ile-de-france,0.27241528,0.7275847
3873_geowiki-landcover-2017,0.58453965,0.41546038
12943_geowiki-landcover-2017,0.5919104,0.4080896
34342_geowiki-landcover-2017,0.7444905,0.25550953
328_canada,0.2724152,0.7275848
2281_kenya-non-crop,0.5845384,0.4154616
14911_geowiki-landcover-2017,0.5919085,0.40809146
12554_croplands,0.4193202,0.58067983
14075_croplands,0.42674714,0.5732529
1035_togo,0.58452964,0.4154704
1039_togo,0.7444892,0.2555108
1923_reunion-france,0.59191066,0.4080893
308_tanzania-rice-ecaas,0.7366657,0.26333427
1787_kenya-non-crop,0.85279715,0.14720283
9896_croplands,0.27241626,0.7275837
2870_canada,0.272422,0.72757804
2893_croplands,0.5919095,0.40809044
724_tanzania-rice-ecaas,0.73665804,0.26334193
1775_martinique-france,0.58453465,0.4154653
12561_croplands,0.4193648,0.5806352
548_reunion-france,0.59191054,0.40808943
624_reunion-france,0.5918985,0.40810153
2184_central-asia,0.27241734,0.7275827
5319_canada,0.2724152,0.72758484
3448_rwanda-ceo,0.85279816,0.14720182
4670_ile-de-france,0.27241588,0.72758406
2192_central-asia,0.27241746,0.7275825
1371_canada,0.27241507,0.7275849
2873_ile-de-france,0.27241623,0.72758377
6574_canada,0.27241528,0.7275847
528_ile-de-france,0.42179492,0.57820505
2555_kenya-non-crop,0.7502371,0.24976291
7584_geowiki-landcover-2017,0.42118266,0.5788173
182_ile-de-france,0.2724151,0.72758484
4323_central-asia,0.2724167,0.72758335
2728_geowiki-landcover-2017,0.584539,0.41546097
546_germany,0.27242512,0.7275749
2002_martinique-france,0.7444877,0.25551233
300_central-asia,0.27241558,0.7275845
11340_geowiki-landcover-2017,0.4217956,0.5782044
613_martinique-france,0.60168475,0.3983153
9836_croplands,0.42179874,0.57820123
20_rwanda-ceo,0.5919111,0.40808892
22681_geowiki-landcover-2017,0.2724195,0.7275805
2707_reunion-france,0.7502364,0.24976355
1505_tanzania-ceo,0.59191084,0.4080892
342_ile-de-france,0.27241543,0.7275846
12238_geowiki-landcover-2017,0.74832135,0.2516787
443_tanzania-ceo,0.5919109,0.4080891
1063_central-asia,0.27255,0.72745
11548_geowiki-landcover-2017,0.7366636,0.2633364
5635_canada,0.4217943,0.5782057
1355_geowiki-landcover-2017,0.6017373,0.39826274
1144_rwanda-ceo,0.7502366,0.2497634
2147_reunion-france,0.60171556,0.3982845
467_ethiopia,0.5894558,0.41054425
21719_geowiki-landcover-2017,0.42179802,0.578202
231_sudan,0.74448997,0.25551003
462_tanzania-rice-ecaas,0.73664826,0.26335174
1239_kenya-non-crop,0.85279816,0.14720182
5063_ile-de-france,0.27241573,0.7275843
5191_ile-de-france,0.42179543,0.5782046
9557_geowiki-landcover-2017,0.8527982,0.14720176
86_mali-non-crop,0.42179626,0.57820374
2317_rwanda-ceo,0.85279816,0.14720185
2301_ile-de-france,0.4367404,0.5632596
16127_geowiki-landcover-2017,0.75023586,0.24976411
4308_geowiki-landcover-2017,0.8527979,0.14720207
34307_geowiki-landcover-2017,0.42179796,0.57820207
762_canada,0.27241525,0.7275847
1626_tanzania-ceo,0.7350923,0.2649077
2420_kenya-non-crop,0.8527981,0.14720197
104_togo,0.5845394,0.41546056
241_germany,0.2724152,0.72758484
1124_kenya-non-crop,0.7483295,0.25167048
14508_geowiki-landcover-2017,0.42179587,0.57820415
8649_geowiki-landcover-2017,0.73665935,0.26334068
1825_ile-de-france,0.27241522,0.7275848
1383_martinique-france,0.5845688,0.41543123
526_ethiopia,0.736666,0.26333398
14212_geowiki-landcover-2017,0.42675734,0.5732427
4013_ile-de-france,0.27241537,0.72758466
25603_geowiki-landcover-2017,0.42674965,0.5732504
105_croplands,0.4217981,0.57820183
2217_tanzania-ceo,0.85279685,0.1472031
560_croplands,0.58453673,0.4154633
2326_germany,0.27241537,0.72758466
1315_central-asia,0.27417293,0.72582704
5682_ile-de-france,0.272417,0.72758293
965_croplands,0.27242061,0.7275794
697_germany,0.42179564,0.5782044
4162_ile-de-france,0.2724152,0.7275848
9976_croplands,0.42674896,0.573251
4916_canada,0.42179564,0.5782044
3120_canada,0.27241528,0.7275847
785_ethiopia,0.5845386,0.41546145
1076_tanzania-ceo,0.5919093,0.40809074
1678_germany,0.435281,0.56471896
9190_croplands,0.4217957,0.57820433
23222_geowiki-landcover-2017,0.60656124,0.39343876
1403_martinique-france,0.7444851,0.25551486
183_martinique-france,0.6017129,0.3982871
2023_kenya-non-crop,0.74449146,0.25550854
130_uganda,0.59190404,0.40809596
9062_geowiki-landcover-2017,0.7366664,0.26333362
723_mali-helmets-labelling-crops,0.58453906,0.41546088
2380_canada,0.2724151,0.7275849
9887_geowiki-landcover-2017,0.58452284,0.4154772
9211_geowiki-landcover-2017,0.58453953,0.4154604
846_lem-brazil,0.58454067,0.41545933
148_lem-brazil,0.584551,0.415449
30777_geowiki-landcover-2017,0.59190786,0.4080922
21335_geowiki-landcover-2017,0.43674108,0.5632589
29230_geowiki-landcover-2017,0.4267494,0.5732506
1878_tanzania-ceo,0.5919484,0.40805167
3325_geowiki-landcover-2017,0.58454,0.41546
10039_croplands,0.75023365,0.24976635
5383_canada,0.27241528,0.7275847
2590_reunion-france,0.7444411,0.2555589
1035_tanzania-ceo,0.5919431,0.40805686
48_martinique-france,0.7444885,0.2555115
2794_canada,0.27241543,0.7275846
2366_central-asia,0.27241722,0.72758275
25348_geowiki-landcover-2017,0.42674816,0.57325184
717_croplands,0.4217918,0.5782082
1197_togo,0.58454317,0.4154569
20904_geowiki-landcover-2017,0.74449086,0.25550917
119_mali-helmets-labelling-crops,0.58453894,0.4154611
25478_geowiki-landcover-2017,0.43674266,0.56325734
29212_geowiki-landcover-2017,0.27241594,0.72758406
100_rwanda-ceo,0.59191084,0.4080892
2756_geowiki-landcover-2017,0.42179716,0.57820284
4986_ile-de-france,0.27241525,0.7275847
3848_geowiki-landcover-2017,0.59191096,0.4080891
4064_geowiki-landcover-2017,0.6017115,0.39828846
24456_geowiki-landcover-2017,0.6065613,0.3934387
9030_croplands,0.27241576,0.72758424
15918_geowiki-landcover-2017,0.27243084,0.7275692
5788_ile-de-france,0.42113873,0.57886124
18988_geowiki-landcover-2017,0.6065598,0.39344025
10802_geowiki-landcover-2017,0.27241603,0.72758394
3957_ile-de-france,0.27241588,0.72758406
13206_geowiki-landcover-2017,0.5845393,0.41546068
144_geowiki-landcover-2017,0.5845393,0.4154607
944_togo,0.58447295,0.41552708
350_canada,0.27241525,0.7275847
624_germany,0.42179388,0.5782061
16033_geowiki-landcover-2017,0.42179528,0.57820475
1493_canada,0.43674114,0.5632588
12882_croplands,0.42179605,0.5782039
4512_ile-de-france,0.27241588,0.72758406
5338_geowiki-landcover-2017,0.58453906,0.41546097
1160_martinique-france,0.74448717,0.25551283
41_tanzania,0.7366657,0.26333427
5012_canada,0.27241543,0.7275846
1942_geowiki-landcover-2017,0.5845402,0.41545975
873_togo,0.60240227,0.3975978
1818_rwanda-ceo,0.7366603,0.26333967
786_ethiopia,0.85279185,0.14720817
5074_ile-de-france,0.42179522,0.5782048
1792_kenya-non-crop,0.85279685,0.14720313
697_ile-de-france,0.42179435,0.57820565
1633_canada,0.27241534,0.72758466
207_tanzania,0.5919223,0.40807775
1466_martinique-france,0.2724178,0.7275822
17163_geowiki-landcover-2017,0.41932127,0.5806787
2352_germany,0.27241862,0.7275814
501_tanzania-rice-ecaas,0.7366649,0.26333508
2517_germany,0.27241528,0.7275847
2622_reunion-france,0.42179507,0.57820493
26626_geowiki-landcover-2017,0.60656035,0.39343968
1170_tanzania-ceo,0.8527978,0.14720216
185_kenya-non-crop,0.8527979,0.14720212
885_geowiki-landcover-2017,0.8527909,0.14720915
2635_geowiki-landcover-2017,0.27242532,0.72757465
2120_rwanda-ceo,0.7366651,0.26333484
33875_geowiki-landcover-2017,0.42179483,0.57820517
475_croplands,0.584539,0.41546103
13959_geowiki-landcover-2017,0.5845415,0.41545853
2460_rwanda-ceo,0.7366662,0.26333386
24267_geowiki-landcover-2017,0.27241525,0.7275848
11235_geowiki-landcover-2017,0.7444868,0.2555132
33540_geowiki-landcover-2017,0.27241525,0.7275848
1288_canada,0.27241516,0.72758484
1128_tanzania-ceo,0.74448997,0.25550997
21077_geowiki-landcover-2017,0.2724151,0.7275849
2092_central-asia,0.27241766,0.72758234
4963_geowiki-landcover-2017,0.6084908,0.39150923
1393_croplands,0.42674956,0.5732504
1663_tanzania-ceo,0.59191054,0.4080895
26034_geowiki-landcover-2017,0.4209914,0.57900864
35628_geowiki-landcover-2017,0.5845393,0.41546068
954_tanzania-ceo,0.5920142,0.4079858
4624_central-asia,0.27241558,0.7275845
727_tanzania-rice-ecaas,0.85277814,0.14722191
5432_geowiki-landcover-2017,0.60655886,0.39344114
3733_croplands,0.5919046,0.40809545
2308_kenya-non-crop,0.7444914,0.2555086
811_mali-helmets-labelling-crops,0.42181182,0.5781881
4673_ile-de-france,0.27241525,0.7275848
6620_canada,0.41960922,0.5803908
4080_canada,0.27241516,0.72758484
17922_geowiki-landcover-2017,0.27241534,0.72758466
21243_geowiki-landcover-2017,0.6000607,0.3999393
843_kenya-non-crop,0.73666555,0.26333448
9556_croplands,0.42161074,0.5783893
2777_canada,0.27241588,0.72758406
9277_geowiki-landcover-2017,0.60171133,0.3982887
359_germany,0.42179343,0.57820654
34350_geowiki-landcover-2017,0.42179614,0.57820386
9786_geowiki-landcover-2017,0.85279745,0.14720255
1249_rwanda-ceo,0.5919116,0.4080884
1291_rwanda-ceo,0.591911,0.40808895
475_germany,0.4217953,0.57820463
1798_ile-de-france,0.4217953,0.57820475
1875_tanzania-ceo,0.5845472,0.41545275
7530_canada,0.5845375,0.41546243
21109_geowiki-landcover-2017,0.43674153,0.56325847
24959_geowiki-landcover-2017,0.42179495,0.57820505
2163_canada,0.4367406,0.56325936
248_tanzania-ceo,0.42179716,0.5782029
1711_tanzania-ceo,0.5845379,0.41546205
4329_canada,0.27241534,0.72758466
26516_geowiki-landcover-2017,0.4367415,0.5632585
271_tanzania,0.736661,0.263339
16692_geowiki-landcover-2017,0.7444909,0.25550905
33423_geowiki-landcover-2017,0.27241623,0.72758377
35485_geowiki-landcover-2017,0.42176318,0.5782368
33440_geowiki-landcover-2017,0.27241516,0.72758484
290_martinique-france,0.85277665,0.1472233
27529_geowiki-landcover-2017,0.60175544,0.39824456
1009_togo,0.5845384,0.41546157
1752_central-asia,0.27261,0.72739005
30644_geowiki-landcover-2017,0.27241683,0.72758317
3802_central-asia,0.42178327,0.57821673
1528_martinique-france,0.60170996,0.39829007
668_canada,0.6017089,0.39829114
703_reunion-france,0.59191054,0.40808943
3654_canada,0.2724152,0.7275848
2989_central-asia,0.27241728,0.7275827
169_canada,0.27241525,0.7275848
3580_central-asia,0.42238116,0.57761884
1646_rwanda-ceo,0.8527982,0.14720178
10633_geowiki-landcover-2017,0.43674147,0.5632585
29690_geowiki-landcover-2017,0.42179427,0.57820576
26065_geowiki-landcover-2017,0.41770342,0.5822966
3287_rwanda-ceo,0.7366659,0.26333407
25411_geowiki-landcover-2017,0.6065612,0.39343885
4620_ile-de-france,0.42179063,0.57820934
2027_germany,0.27241546,0.72758454
46_mali-helmets-labelling-crops,0.41963547,0.5803646
2039_central-asia,0.27242482,0.7275752
10885_geowiki-landcover-2017,0.599275,0.40072507
1104_croplands,0.42179483,0.57820517
2463_kenya-non-crop,0.584539,0.415461
58_mali,0.5845376,0.41546243
402_lem-brazil,0.6017496,0.3982504
1445_mali-helmets-labelling-crops,0.4217947,0.5782053
15540_geowiki-landcover-2017,0.42674917,0.57325083
4234_ile-de-france,0.27241546,0.72758454
10792_geowiki-landcover-2017,0.27241528,0.7275847
382_ile-de-france,0.27241567,0.72758436
5632_canada,0.27241507,0.7275849
258_ethiopia,0.8527976,0.14720233
2238_tanzania-ceo,0.73666507,0.26333487
2975_canada,0.2724153,0.7275847
13104_geowiki-landcover-2017,0.7444889,0.25551113
32496_geowiki-landcover-2017,0.8527978,0.14720221
1797_martinique-france,0.6017117,0.39828828
550_lem-brazil,0.5845419,0.41545805
452_lem-brazil,0.7501924,0.24980764
1706_geowiki-landcover-2017,0.736665,0.26333493
10220_geowiki-landcover-2017,0.43674213,0.5632579
1575_germany,0.42179525,0.57820475
4502_central-asia,0.42179894,0.57820106
5212_ile-de-france,0.2724153,0.72758466
20042_geowiki-landcover-2017,0.7502365,0.24976349
16315_geowiki-landcover-2017,0.58453894,0.41546106
900_germany,0.42179492,0.5782051
33484_geowiki-landcover-2017,0.2724152,0.7275848
15519_geowiki-landcover-2017,0.27241552,0.7275845
6076_canada,0.2724174,0.72758263
433_kenya-non-crop,0.750237,0.24976306
505_germany,0.42179516,0.5782049
4297_geowiki-landcover-2017,0.43674132,0.56325865
2903_rwanda-ceo,0.75023735,0.2497626
3020_geowiki-landcover-2017,0.5845394,0.41546056
20617_geowiki-landcover-2017,0.8527979,0.14720212
26517_geowiki-landcover-2017,0.60656095,0.39343908
1325_martinique-france,0.43674237,0.56325763
1927_central-asia,0.42186293,0.57813704
632_croplands,0.41932264,0.5806774
3999_central-asia,0.5844845,0.4155155
2949_geowiki-landcover-2017,0.5845399,0.4154601
815_mali-helmets-labelling-crops,0.42180154,0.57819843
3947_geowiki-landcover-2017,0.5843296,0.41567034
363_germany,0.272418,0.727582
8_reunion-france,0.5918815,0.40811852
22730_geowiki-landcover-2017,0.42251086,0.57748914
30451_geowiki-landcover-2017,0.2724153,0.7275847
869_geowiki-landcover-2017,0.42675185,0.57324815
29247_geowiki-landcover-2017,0.27241558,0.7275845
724_kenya-non-crop,0.85279626,0.14720373
12675_geowiki-landcover-2017,0.59191066,0.40808934
5023_geowiki-landcover-2017,0.272416,0.72758394
810_tanzania-ceo,0.58453566,0.4154643
630_reunion-france,0.5919111,0.40808892
544_togo,0.7444907,0.25550938
457_central-asia,0.27241606,0.72758394
411_mali-helmets-labelling-crops,0.5845385,0.41546145
2543_germany,0.272417,0.72758293
2885_canada,0.2724158,0.72758424
1429_rwanda-ceo,0.59572166,0.4042783
14967_croplands,0.584484,0.415516
626_kenya-non-crop,0.7366646,0.2633354
10728_croplands,0.42672038,0.5732796
20291_geowiki-landcover-2017,0.5845394,0.41546056
33414_geowiki-landcover-2017,0.42179555,0.57820445
9681_geowiki-landcover-2017,0.59191036,0.4080896
2843_geowiki-landcover-2017,0.5845444,0.41545552
3185_ile-de-france,0.2724153,0.72758466
906_croplands,0.5845385,0.4154615
2138_geowiki-landcover-2017,0.7444908,0.25550923
6027_croplands,0.6017049,0.3982951
2672_central-asia,0.27241623,0.72758377
3617_geowiki-landcover-2017,0.58453894,0.41546112
4372_central-asia,0.27241558,0.7275844
866_geowiki-landcover-2017,0.5919254,0.4080746
15565_geowiki-landcover-2017,0.6065583,0.39344174
587_central-asia,0.272416,0.72758394
709_canada,0.2724152,0.72758484
4225_ile-de-france,0.27241525,0.7275847
21344_geowiki-landcover-2017,0.42179635,0.5782036
20517_geowiki-landcover-2017,0.4367415,0.5632585
479_croplands,0.5845392,0.41546082
542_reunion-france,0.7502083,0.2497917
210_uganda,0.5919217,0.4080783
285_central-asia,0.27241588,0.72758406
3554_ile-de-france,0.27241528,0.7275847
26126_geowiki-landcover-2017,0.5845394,0.41546065
395_mali-helmets-labelling-crops,0.5845392,0.41546082
28060_geowiki-landcover-2017,0.42179555,0.5782044
3382_geowiki-landcover-2017,0.5845394,0.41546062
110_sudan,0.41932148,0.5806786
4393_central-asia,0.27241573,0.7275843
25115_geowiki-landcover-2017,0.60166,0.39834
1243_togo,0.599273,0.400727
5516_ile-de-france,0.27243778,0.7275622
2772_reunion-france,0.42179573,0.5782043
1298_rwanda-ceo,0.7366635,0.26333645
220_central-asia,0.27241638,0.7275836
19033_geowiki-landcover-2017,0.43674168,0.56325835
5938_ile-de-france,0.27242768,0.72757226
682_tanzania-rice-ecaas,0.73666,0.26334
612_rwanda-ceo,0.7502372,0.24976279
25643_geowiki-landcover-2017,0.6065616,0.3934384
4802_ile-de-france,0.27241528,0.7275847
1455_reunion-france,0.85278904,0.14721091
11_geowiki-landcover-2017,0.4217961,0.57820386
17578_geowiki-landcover-2017,0.2724152,0.72758484
782_rwanda-ceo,0.73666334,0.2633366
4009_canada,0.2724156,0.72758436
6805_croplands,0.59191036,0.40808967
2657_rwanda-ceo,0.5919111,0.40808892
344_martinique-france,0.8527976,0.14720239
30831_geowiki-landcover-2017,0.4217953,0.57820463
2105_croplands,0.436892,0.56310797
1852_central-asia,0.27290317,0.7270968
278_sudan,0.5845401,0.41545987
3742_ile-de-france,0.27241609,0.7275839
14916_croplands,0.42180106,0.57819897
19899_geowiki-landcover-2017,0.60655916,0.39344087
3337_canada,0.27241507,0.7275849
586_lem-brazil,0.85276777,0.14723222
355_tanzania-rice-ecaas,0.73666537,0.26333463
6200_canada,0.43673986,0.56326014
33168_geowiki-landcover-2017,0.2724157,0.72758436
466_togo,0.5845284,0.41547164
18715_geowiki-landcover-2017,0.2724151,0.72758484
728_germany,0.2724153,0.7275847
4442_canada,0.27241525,0.7275848
10785_geowiki-landcover-2017,0.8527981,0.1472019
658_ile-de-france,0.42178258,0.5782174
2127_kenya-non-crop,0.7366663,0.26333365
717_ethiopia,0.73666555,0.26333448
6458_geowiki-landcover-2017,0.6065613,0.39343876
2162_reunion-france,0.60171217,0.39828786
9391_croplands,0.584535,0.41546503
5802_ile-de-france,0.27241567,0.72758436
30240_geowiki-landcover-2017,0.8526637,0.14733627
2217_croplands,0.42179635,0.5782036
30218_geowiki-landcover-2017,0.27241528,0.7275847
6877_canada,0.27241632,0.7275837
213_uganda,0.59192187,0.40807816
34321_geowiki-landcover-2017,0.42179587,0.5782041
34767_geowiki-landcover-2017,0.4367413,0.5632587
908_kenya-non-crop,0.852796,0.147204
35502_geowiki-landcover-2017,0.42179856,0.5782015
148_reunion-france,0.59191066,0.40808934
438_ile-de-france,0.421793,0.578207
1584_germany,0.27241725,0.72758275
274_reunion-france,0.42179555,0.5782045
2502_kenya-non-crop,0.7366658,0.2633342
2017_kenya-non-crop,0.5845739,0.41542605
15960_geowiki-landcover-2017,0.60656077,0.39343923
33509_geowiki-landcover-2017,0.42179555,0.5782044
25326_geowiki-landcover-2017,0.2724152,0.7275848
724_reunion-france,0.750237,0.24976306
4596_canada,0.27241552,0.7275845
38_geowiki-landcover-2017,0.58453727,0.41546273
14174_geowiki-landcover-2017,0.59190917,0.40809086
2425_canada,0.27241585,0.7275841
3249_rwanda-ceo,0.5919137,0.40808633
154_mali-helmets-labelling-crops,0.58453923,0.41546077
1324_ile-de-france,0.2724153,0.72758466
514_rwanda-ceo,0.6066042,0.39339578
6011_canada,0.2724152,0.7275848
25678_geowiki-landcover-2017,0.27241552,0.7275845
1773_canada,0.27243578,0.7275642
329_reunion-france,0.59191054,0.40808952
11252_geowiki-landcover-2017,0.74833226,0.25166774
3179_rwanda-ceo,0.73666376,0.26333624
4366_central-asia,0.27241567,0.72758436
1465_martinique-france,0.43703544,0.56296456
118_ile-de-france,0.27241525,0.7275847
3171_geowiki-landcover-2017,0.41935322,0.58064675
12660_geowiki-landcover-2017,0.5919093,0.40809068
8447_geowiki-landcover-2017,0.60656106,0.39343894
4569_canada,0.2724153,0.72758466
345_geowiki-landcover-2017,0.5919153,0.40808466
196_sudan,0.57756823,0.42243177
27265_geowiki-landcover-2017,0.85279775,0.14720227
3609_central-asia,0.2724297,0.72757035
733_mali-helmets-labelling-crops,0.584539,0.415461
705_ethiopia,0.7366662,0.26333383
590_ile-de-france,0.2724263,0.72757375
1348_geowiki-landcover-2017,0.7502367,0.24976331
4132_ile-de-france,0.27244398,0.727556
444_rwanda-ceo,0.74833006,0.2516699
27_croplands,0.419321,0.580679
10854_croplands,0.5845394,0.41546056
19488_geowiki-landcover-2017,0.73666626,0.26333374
755_togo,0.85279536,0.14720464
195_rwanda-ceo,0.5919128,0.4080872
953_ile-de-france,0.27242413,0.7275759
592_geowiki-landcover-2017,0.6065619,0.39343807
573_canada,0.2724153,0.72758466
2418_central-asia,0.272417,0.72758293
1147_ile-de-france,0.2724155,0.72758454
3975_canada,0.27241516,0.72758484
1167_rwanda-ceo,0.7366659,0.26333404
3775_ile-de-france,0.27241546,0.72758454
2261_reunion-france,0.7502357,0.24976432
32358_geowiki-landcover-2017,0.2724152,0.72758484
18309_geowiki-landcover-2017,0.7444907,0.25550938
5284_ile-de-france,0.27241537,0.72758466
13283_geowiki-landcover-2017,0.5845393,0.41546065
5273_geowiki-landcover-2017,0.42677736,0.57322264
9029_geowiki-landcover-2017,0.4215392,0.5784608
704_togo,0.5845376,0.41546234
762_mali-helmets-labelling-crops,0.42381203,0.57618797
88_mali-non-crop,0.4217962,0.57820374
647_tanzania-rice-ecaas,0.73665595,0.26334402
1834_central-asia,0.42231706,0.577683
35788_geowiki-landcover-2017,0.74449027,0.25550973
3074_geowiki-landcover-2017,0.5815571,0.4184429
353_kenya-non-crop,0.7366631,0.26333693
19210_geowiki-landcover-2017,0.59189034,0.40810966
267_kenya-non-crop,0.736667,0.26333308
138_tanzania,0.73666567,0.2633343
1370_kenya-non-crop,0.5919104,0.4080896
1018_togo,0.74448776,0.25551224
3088_canada,0.43674394,0.5632561
3074_rwanda-ceo,0.8527974,0.1472026
308_ile-de-france,0.2724161,0.7275838
3117_ile-de-france,0.27241525,0.7275848
512_tanzania-rice-ecaas,0.7366601,0.26333985
20990_geowiki-landcover-2017,0.27241847,0.72758156
1807_ile-de-france,0.42179444,0.5782056
2964_rwanda-ceo,0.7483239,0.25167602
689_ethiopia,0.7445124,0.25548762
4288_central-asia,0.27241558,0.7275844
20880_geowiki-landcover-2017,0.5918649,0.40813512
2123_reunion-france,0.74447626,0.2555237
2061_canada,0.42179587,0.5782041
23419_geowiki-landcover-2017,0.43672818,0.5632718
795_reunion-france,0.59191054,0.40808952
10221_croplands,0.5919064,0.40809354
12623_croplands,0.419321,0.580679
18463_geowiki-landcover-2017,0.4217954,0.57820463
856_germany,0.4217954,0.57820463
31976_geowiki-landcover-2017,0.27241728,0.7275827
5211_ile-de-france,0.27241537,0.72758466
1238_canada,0.27241513,0.72758484
28606_geowiki-landcover-2017,0.27241513,0.72758484
6168_ile-de-france,0.27241737,0.72758263
1038_kenya-non-crop,0.73666567,0.26333436
1174_martinique-france,0.84638363,0.15361638
6951_canada,0.43674186,0.5632581
28415_geowiki-landcover-2017,0.85278577,0.14721426
2386_martinique-france,0.27241725,0.7275827
549_germany,0.27241525,0.7275848
117_kenya-non-crop,0.8527979,0.14720212
2888_rwanda-ceo,0.852798,0.14720203
13889_geowiki-landcover-2017,0.43681216,0.5631878
2399_canada,0.2724229,0.72757715
11400_geowiki-landcover-2017,0.73665893,0.26334104
1812_ile-de-france,0.42179555,0.57820445
16094_geowiki-landcover-2017,0.59926975,0.40073022
874_martinique-france,0.60171175,0.39828828
1916_kenya-non-crop,0.8527979,0.14720209
22706_geowiki-landcover-2017,0.43674508,0.56325495
2434_ile-de-france,0.27241558,0.7275844
17016_geowiki-landcover-2017,0.42179576,0.5782043
1129_mali-helmets-labelling-crops,0.4313255,0.56867456
1277_canada,0.27241528,0.7275847
5202_canada,0.27241522,0.7275848
15534_geowiki-landcover-2017,0.6065569,0.39344314
6646_canada,0.27241528,0.7275847
737_tanzania-rice-ecaas,0.7363952,0.26360482
6316_canada,0.2724153,0.7275847
12893_geowiki-landcover-2017,0.59927595,0.40072408
5454_ile-de-france,0.2724153,0.7275847
5583_geowiki-landcover-2017,0.4267514,0.57324857
894_tanzania-ceo,0.5992955,0.4007045
11214_geowiki-landcover-2017,0.75022274,0.24977724
4650_geowiki-landcover-2017,0.73666626,0.26333374
6370_canada,0.27241525,0.7275848
8057_geowiki-landcover-2017,0.2724153,0.7275847
33187_geowiki-landcover-2017,0.27241838,0.7275816
21484_geowiki-landcover-2017,0.59928256,0.40071744
4151_central-asia,0.27241588,0.72758406
5541_ile-de-france,0.27241528,0.7275847
14418_geowiki-landcover-2017,0.42179546,0.5782046
2633_rwanda-ceo,0.7502366,0.24976341
2759_geowiki-landcover-2017,0.5993186,0.40068138
3530_geowiki-landcover-2017,0.5845392,0.41546088
1869_kenya-non-crop,0.8527979,0.14720215
14119_geowiki-landcover-2017,0.43674076,0.56325924
8316_geowiki-landcover-2017,0.59190845,0.4080916
4128_ile-de-france,0.2724156,0.7275844
6377_canada,0.27241516,0.72758484
33985_geowiki-landcover-2017,0.2724151,0.7275849
23413_geowiki-landcover-2017,0.60657245,0.39342752
311_rwanda-ceo,0.5919128,0.40808722
2729_central-asia,0.27241603,0.72758394
30838_geowiki-landcover-2017,0.27241743,0.7275826
34012_geowiki-landcover-2017,0.42179593,0.5782041
23100_geowiki-landcover-2017,0.42179516,0.5782049
1820_kenya-non-crop,0.8527963,0.1472037
2986_central-asia,0.27241737,0.72758263
12898_geowiki-landcover-2017,0.74445975,0.25554028
872_togo,0.42249957,0.5775004
10522_geowiki-landcover-2017,0.4267747,0.57322526
1581_ile-de-france,0.2724154,0.7275846
2983_geowiki-landcover-2017,0.5845226,0.41547734
3306_central-asia,0.41930056,0.58069944
27183_geowiki-landcover-2017,0.5993001,0.40069997
88_ethiopia,0.73667824,0.2633218
17990_geowiki-landcover-2017,0.6065611,0.39343894
9459_geowiki-landcover-2017,0.59190947,0.40809053
6465_geowiki-landcover-2017,0.42398915,0.5760108
24823_geowiki-landcover-2017,0.42179525,0.57820475
1612_kenya-non-crop,0.748329,0.251671
2821_geowiki-landcover-2017,0.5845393,0.41546074
12710_geowiki-landcover-2017,0.27243882,0.7275612
7589_geowiki-landcover-2017,0.6065587,0.3934413
177_mali-helmets-labelling-crops,0.5845392,0.41546082
786_togo,0.58453894,0.41546106
380_togo,0.4217973,0.57820266
598_kenya-non-crop,0.7366661,0.26333395
3700_central-asia,0.27242842,0.7275716
2600_geowiki-landcover-2017,0.59928644,0.4007135
25091_geowiki-landcover-2017,0.85279816,0.14720182
34016_geowiki-landcover-2017,0.42179513,0.5782049
5598_geowiki-landcover-2017,0.6065605,0.39343947
2723_rwanda-ceo,0.8527982,0.14720172
97_togo,0.58453727,0.41546267
1749_geowiki-landcover-2017,0.4217991,0.5782009
4716_central-asia,0.27241868,0.7275813
1081_togo,0.60170656,0.39829338
687_germany,0.42179525,0.57820475
5937_ile-de-france,0.43674138,0.5632586
4654_croplands,0.42138556,0.5786144
5803_canada,0.27241504,0.72758496
181_canada,0.27241525,0.7275847
9963_croplands,0.59190977,0.40809023
22421_geowiki-landcover-2017,0.75018066,0.24981931
5171_ile-de-france,0.42178583,0.5782142
25134_geowiki-landcover-2017,0.42179716,0.5782029
541_central-asia,0.27242118,0.72757876
249_ile-de-france,0.2724153,0.7275847
1091_togo,0.60173565,0.3982643
4641_geowiki-landcover-2017,0.75023264,0.24976729
13858_geowiki-landcover-2017,0.42674902,0.57325095
1174_germany,0.27241597,0.727584
2953_ile-de-france,0.2724161,0.7275838
28664_geowiki-landcover-2017,0.27241516,0.72758484
28_mali-non-crop,0.42180976,0.5781902
12360_geowiki-landcover-2017,0.42179698,0.578203
14054_geowiki-landcover-2017,0.58453953,0.41546047
10649_geowiki-landcover-2017,0.60171115,0.39828885
2852_ile-de-france,0.27241546,0.72758454
13832_geowiki-landcover-2017,0.5919105,0.40808952
2123_canada,0.4367417,0.5632583
4861_ile-de-france,0.2724153,0.72758466
34655_geowiki-landcover-2017,0.2724152,0.7275848
101_martinique-france,0.85271287,0.14728718
31107_geowiki-landcover-2017,0.42179596,0.578204
3498_ile-de-france,0.27241528,0.7275847
12476_geowiki-landcover-2017,0.2724152,0.72758484
6895_croplands,0.5919102,0.40808982
3471_rwanda-ceo,0.59191024,0.4080897
1217_kenya-non-crop,0.5919111,0.4080889
1252_canada,0.2724151,0.72758484
10386_geowiki-landcover-2017,0.5917299,0.40827015
29479_geowiki-landcover-2017,0.43674198,0.56325805
8501_geowiki-landcover-2017,0.42680064,0.57319933
3303_rwanda-ceo,0.8527307,0.14726926
975_mali-helmets-labelling-crops,0.4238104,0.5761896
16805_geowiki-landcover-2017,0.58945525,0.41054475
2112_ile-de-france,0.4217953,0.57820475
1419_croplands,0.42456442,0.5754356
6126_ile-de-france,0.2724155,0.72758454
1011_martinique-france,0.60171074,0.3982893
23318_geowiki-landcover-2017,0.60656005,0.39343998
285_tanzania-rice-ecaas,0.73666644,0.2633335
3666_croplands,0.59190726,0.4080927
1075_geowiki-landcover-2017,0.42719257,0.57280743
1577_germany,0.27241525,0.7275847
15647_geowiki-landcover-2017,0.73666495,0.26333505
2583_reunion-france,0.6017076,0.39829242
27094_geowiki-landcover-2017,0.85279775,0.14720231
31836_geowiki-landcover-2017,0.43631026,0.5636897
29956_geowiki-landcover-2017,0.4217738,0.5782262
2050_ile-de-france,0.27241525,0.7275848
5444_geowiki-landcover-2017,0.60655,0.39345
31001_geowiki-landcover-2017,0.27241516,0.72758484
27571_geowiki-landcover-2017,0.27241853,0.72758144
1051_germany,0.42179397,0.578206
21701_geowiki-landcover-2017,0.74791414,0.25208586
2958_rwanda-ceo,0.5942557,0.4057443
2065_ile-de-france,0.4217672,0.57823277
1885_canada,0.2724157,0.72758436
1632_kenya-non-crop,0.58946514,0.41053486
2955_canada,0.60170966,0.39829028
28607_geowiki-landcover-2017,0.59190977,0.4080902
1793_geowiki-landcover-2017,0.7444891,0.255511
231_rwanda-ceo,0.606601,0.393399
12558_croplands,0.41932026,0.5806797
376_kenya-non-crop,0.8526482,0.14735177
290_canada,0.27242276,0.7275772
4186_central-asia,0.2724156,0.72758436
5188_ile-de-france,0.2724153,0.72758466
1619_central-asia,0.2724642,0.72753584
214_martinique-france,0.74448735,0.25551265
14903_croplands,0.42678082,0.5732192
1423_germany,0.4217877,0.5782123
26487_geowiki-landcover-2017,0.436741,0.56325895
1419_reunion-france,0.5919064,0.4080936
5261_ile-de-france,0.27241528,0.7275847
5993_geowiki-landcover-2017,0.584539,0.415461
3255_rwanda-ceo,0.8527982,0.14720179
4384_canada,0.4217903,0.57820976
4709_central-asia,0.2724171,0.7275829
117_tanzania,0.7366655,0.26333454
1206_mali-helmets-labelling-crops,0.4313252,0.5686748
1400_mali-helmets-labelling-crops,0.42179808,0.57820195
364_sudan,0.5845399,0.41546008
1174_reunion-france,0.6017111,0.3982889
1294_kenya-non-crop,0.7502342,0.24976577
3632_ile-de-france,0.2724153,0.7275847
4829_central-asia,0.43682924,0.56317073
1438_ile-de-france,0.27241513,0.72758484
1013_mali-helmets-labelling-crops,0.4238092,0.57619077
1653_tanzania-ceo,0.7502367,0.24976331
7800_canada,0.42179683,0.57820314
2215_croplands,0.4217913,0.5782087
6444_canada,0.27241504,0.72758496
3662_croplands,0.5919083,0.4080917
1308_ile-de-france,0.2724753,0.7275247
404_sudan,0.74449104,0.25550896
2548_canada,0.27241522,0.7275848
2265_kenya-non-crop,0.7444932,0.25550684
85_reunion-france,0.6065609,0.3934391
1397_martinique-france,0.601711,0.39828905
22145_geowiki-landcover-2017,0.27241647,0.7275836
693_geowiki-landcover-2017,0.5919114,0.4080886
30107_geowiki-landcover-2017,0.27241525,0.7275847
213_germany,0.43675846,0.5632415
363_geowiki-landcover-2017,0.73665166,0.26334837
14472_geowiki-landcover-2017,0.27241567,0.72758436
60_tanzania-rice-ecaas,0.7366654,0.26333463
1041_canada,0.28567365,0.7143264
709_tanzania-ceo,0.73666567,0.2633343
850_lem-brazil,0.5845477,0.41545227
30356_geowiki-landcover-2017,0.42179614,0.57820386
21242_geowiki-landcover-2017,0.42674914,0.5732509
2945_ile-de-france,0.27241543,0.7275846
3855_central-asia,0.27241638,0.72758365
3997_geowiki-landcover-2017,0.75023824,0.24976175
3961_ile-de-france,0.27241647,0.7275835
5556_geowiki-landcover-2017,0.436726,0.56327397
5288_geowiki-landcover-2017,0.42674094,0.5732591
679_ile-de-france,0.2724152,0.7275848
5952_geowiki-landcover-2017,0.4367416,0.56325847
240_ethiopia,0.58453906,0.41546097
5167_canada,0.2724161,0.7275838
70_mali-non-crop,0.6017104,0.39828965
854_togo,0.5845693,0.41543072
29989_geowiki-landcover-2017,0.7366657,0.26333427
49_canada,0.2724152,0.7275848
352_mali-helmets-labelling-crops,0.58453923,0.4154608
12378_geowiki-landcover-2017,0.5845393,0.41546065
5113_geowiki-landcover-2017,0.75023663,0.24976335
1046_croplands,0.5845275,0.41547254
322_kenya-non-crop,0.7366663,0.2633337
1546_martinique-france,0.60171074,0.39828932
1500_rwanda-ceo,0.7502371,0.24976286
12_mali,0.58452773,0.4154722
22802_geowiki-landcover-2017,0.7444908,0.25550926
34503_geowiki-landcover-2017,0.42675018,0.5732498
3726_geowiki-landcover-2017,0.58455706,0.41544288
33861_geowiki-landcover-2017,0.2724167,0.7275833
4561_canada,0.27241513,0.72758484
2471_kenya-non-crop,0.736667,0.26333302
7898_canada,0.27241546,0.72758454
29642_geowiki-landcover-2017,0.8525995,0.14740047
3396_central-asia,0.41826162,0.58173835
4362_central-asia,0.27241564,0.72758436
34813_geowiki-landcover-2017,0.2724152,0.7275848
13508_geowiki-landcover-2017,0.8527976,0.14720236
18135_geowiki-landcover-2017,0.7444891,0.2555109
372_lem-brazil,0.58455324,0.4154468
4656_ile-de-france,0.42179453,0.57820547
21566_geowiki-landcover-2017,0.8527979,0.14720215
865_central-asia,0.27242002,0.72758
7240_geowiki-landcover-2017,0.74448985,0.25551015
2660_ile-de-france,0.2724152,0.7275848
5335_ile-de-france,0.27241534,0.72758466
3513_geowiki-landcover-2017,0.5845392,0.41546085
2241_rwanda-ceo,0.75023687,0.24976309
4987_ile-de-france,0.27241543,0.7275846
1184_germany,0.27242154,0.72757846
598_togo,0.5845356,0.41546446
7423_croplands,0.5919036,0.40809637
1209_canada,0.27241543,0.7275846
18681_geowiki-landcover-2017,0.60171306,0.398287
389_tanzania-ceo,0.58453894,0.41546106
2070_central-asia,0.2724194,0.7275806
11544_croplands,0.42179573,0.5782043
2706_canada,0.2724152,0.72758484
1514_rwanda-ceo,0.85277885,0.14722115
329_geowiki-landcover-2017,0.59190845,0.4080916
103_sudan,0.58453906,0.4154609
897_rwanda-ceo,0.8527795,0.14722052
1265_central-asia,0.42451438,0.57548565
900_ile-de-france,0.2724153,0.72758466
10258_geowiki-landcover-2017,0.7444894,0.25551057
24_sudan,0.5845391,0.41546088
147_ethiopia,0.7366663,0.26333365
5591_ile-de-france,0.2724152,0.7275848
634_martinique-france,0.7444715,0.25552845
178_martinique-france,0.42178935,0.5782106
2308_central-asia,0.4217903,0.57820964
1439_canada,0.43674323,0.5632568
693_ethiopia,0.73666584,0.2633341
3060_central-asia,0.421796,0.578204
31956_geowiki-landcover-2017,0.27241513,0.72758484
33825_geowiki-landcover-2017,0.27241528,0.7275847
80_reunion-france,0.4218922,0.57810783
22375_geowiki-landcover-2017,0.27241507,0.7275849
33_lem-brazil,0.58454084,0.41545913
8_tanzania,0.73666567,0.2633343
3397_geowiki-landcover-2017,0.74449027,0.2555097
3246_ile-de-france,0.27241516,0.72758484
1555_rwanda-ceo,0.8527982,0.14720179
14637_geowiki-landcover-2017,0.7502372,0.24976282
16531_geowiki-landcover-2017,0.58945763,0.41054234
476_croplands,0.42179716,0.5782028
1640_canada,0.2724155,0.7275845
974_togo,0.7366662,0.2633338
419_tanzania-rice-ecaas,0.7366492,0.2633508
1346_ile-de-france,0.42179507,0.57820493
753_croplands,0.5845132,0.41548678
955_central-asia,0.2724166,0.7275834
11103_geowiki-landcover-2017,0.4217962,0.57820386
108_tanzania,0.73666584,0.2633341
10701_croplands,0.27243513,0.7275649
2762_central-asia,0.2724162,0.72758377
845_ile-de-france,0.27241588,0.72758406
1538_reunion-france,0.59191066,0.40808934
6876_canada,0.27241722,0.72758275
2646_central-asia,0.42179683,0.57820314
24558_geowiki-landcover-2017,0.4217958,0.5782042
2601_reunion-france,0.7502367,0.24976331
536_ethiopia,0.42675835,0.5732417
1805_germany,0.42179567,0.57820433
26077_geowiki-landcover-2017,0.5919112,0.4080888
30941_geowiki-landcover-2017,0.27241609,0.7275839
1941_rwanda-ceo,0.85279685,0.14720313
14807_geowiki-landcover-2017,0.59191126,0.40808868
6273_canada,0.42179564,0.5782044
449_togo,0.42179954,0.57820046
1577_kenya-non-crop,0.42180544,0.5781946
2014_germany,0.4218005,0.5781995
1291_kenya-non-crop,0.5919102,0.40808985
464_togo,0.5845285,0.41547155
2147_martinique-france,0.7444865,0.25551352
8616_geowiki-landcover-2017,0.7444903,0.25550964
4857_geowiki-landcover-2017,0.7444909,0.25550905
1231_geowiki-landcover-2017,0.5919101,0.40808994
1432_canada,0.4367426,0.5632574
9143_geowiki-landcover-2017,0.7502357,0.24976432
4937_ile-de-france,0.4367413,0.56325877
129_tanzania-ceo,0.59192085,0.40807915
1270_germany,0.60171014,0.39828983
32048_geowiki-landcover-2017,0.272589,0.727411
6792_canada,0.27241516,0.72758484
33032_geowiki-landcover-2017,0.42179516,0.5782049
12517_croplands,0.41931987,0.58068013
6537_croplands,0.59191024,0.40808976
34399_geowiki-landcover-2017,0.42179516,0.5782049
21886_geowiki-landcover-2017,0.42675567,0.57324433
1779_geowiki-landcover-2017,0.6017121,0.39828786
1852_rwanda-ceo,0.591911,0.408089
32832_geowiki-landcover-2017,0.7444907,0.2555093
35651_geowiki-landcover-2017,0.4268815,0.5731185
2235_germany,0.27241537,0.72758466
4807_geowiki-landcover-2017,0.5845393,0.41546074
17820_geowiki-landcover-2017,0.60655934,0.39344066
26199_geowiki-landcover-2017,0.7444902,0.2555098
19020_geowiki-landcover-2017,0.6065583,0.39344165
3817_ile-de-france,0.2724153,0.7275847
11353_geowiki-landcover-2017,0.74449104,0.25550896
21085_geowiki-landcover-2017,0.27243376,0.72756624
2096_croplands,0.60171205,0.39828795
317_rwanda-ceo,0.5919122,0.40808776
793_central-asia,0.4217984,0.5782016
15368_geowiki-landcover-2017,0.41931826,0.58068174
5814_croplands,0.6017111,0.3982889
3385_rwanda-ceo,0.7366664,0.26333362
20007_geowiki-landcover-2017,0.42675012,0.5732499
1851_tanzania-ceo,0.5919121,0.40808794
23258_geowiki-landcover-2017,0.59191036,0.4080896
4967_geowiki-landcover-2017,0.6017092,0.39829078
28173_geowiki-landcover-2017,0.7444893,0.25551066
10037_geowiki-landcover-2017,0.5845354,0.41546455
220_sudan,0.58453923,0.4154608
2126_central-asia,0.2724178,0.7275822
24651_geowiki-landcover-2017,0.4217971,0.5782029
4395_central-asia,0.27241606,0.72758394
1770_rwanda-ceo,0.8527979,0.14720206
7036_canada,0.27241606,0.72758394
4_mali,0.5845391,0.41546088
2602_geowiki-landcover-2017,0.5845399,0.4154601
6584_canada,0.30340606,0.69659394
5154_geowiki-landcover-2017,0.7483293,0.2516707
1215_tanzania-ceo,0.6065615,0.3934385
9218_croplands,0.2724176,0.72758245
1397_rwanda-ceo,0.85279715,0.14720286
29540_geowiki-landcover-2017,0.58102363,0.4189764
1137_tanzania-ceo,0.5919111,0.4080889
1612_martinique-france,0.43674257,0.5632574
2032_martinique-france,0.7444869,0.25551307
14754_geowiki-landcover-2017,0.7444907,0.25550938
2080_rwanda-ceo,0.7366619,0.26333806
4849_geowiki-landcover-2017,0.4217954,0.57820463
4491_canada,0.421797,0.57820296
19_geowiki-landcover-2017,0.58453864,0.41546136
129_germany,0.42179555,0.57820445
545_canada,0.43674153,0.56325847
7352_canada,0.27241525,0.7275848
1133_geowiki-landcover-2017,0.426748,0.573252
704_canada,0.27241522,0.7275848
140_canada,0.42179543,0.5782046
6107_canada,0.4367348,0.5632652
3653_ile-de-france,0.2724151,0.7275849
34889_geowiki-landcover-2017,0.41932052,0.5806795
17442_geowiki-landcover-2017,0.73663896,0.26336104
18085_geowiki-landcover-2017,0.27241513,0.72758484
1845_martinique-france,0.852638,0.14736204
2831_rwanda-ceo,0.8527946,0.14720538
4037_ile-de-france,0.27241546,0.7275846
3321_central-asia,0.41929892,0.58070105
3989_geowiki-landcover-2017,0.4283139,0.5716861
2022_canada,0.27241543,0.7275846
11211_geowiki-landcover-2017,0.7444804,0.2555197
543_tanzania-ceo,0.7366658,0.2633342
619_ile-de-france,0.42179516,0.5782049
1831_central-asia,0.2728412,0.72715884
586_reunion-france,0.7502362,0.24976379
34721_geowiki-landcover-2017,0.27241525,0.7275847
34978_geowiki-landcover-2017,0.2724154,0.7275846
1234_germany,0.2724155,0.7275845
886_martinique-france,0.7444879,0.2555121
573_kenya-non-crop,0.73666626,0.2633337
18594_geowiki-landcover-2017,0.42180192,0.578198
4179_geowiki-landcover-2017,0.58945566,0.4105444
30878_geowiki-landcover-2017,0.43644294,0.5635571
1826_geowiki-landcover-2017,0.7444903,0.25550964
304_tanzania,0.5920272,0.4079728
2638_central-asia,0.2724162,0.72758377
10657_geowiki-landcover-2017,0.43674114,0.5632589
2288_martinique-france,0.42179954,0.5782005
5650_geowiki-landcover-2017,0.4217962,0.57820386
1391_rwanda-ceo,0.85279816,0.14720182
2589_reunion-france,0.6017039,0.39829615
12239_geowiki-landcover-2017,0.58947885,0.41052112
17508_geowiki-landcover-2017,0.5919247,0.40807527
21680_geowiki-landcover-2017,0.42676437,0.5732357
2879_geowiki-landcover-2017,0.74449044,0.25550953
993_rwanda-ceo,0.7502371,0.24976288
565_lem-brazil,0.7366592,0.26334077
2571_rwanda-ceo,0.7502372,0.24976282
2018_ile-de-france,0.27241504,0.72758496
510_ethiopia,0.7368317,0.26316833
1954_tanzania-ceo,0.5845918,0.4154082
1530_central-asia,0.27246404,0.727536
884_canada,0.2724151,0.72758484
21293_geowiki-landcover-2017,0.58453894,0.41546106
4738_geowiki-landcover-2017,0.42184457,0.5781554
782_tanzania-rice-ecaas,0.73663056,0.26336947
2265_central-asia,0.27241725,0.72758275
932_tanzania-ceo,0.73666626,0.26333374
3838_canada,0.27242115,0.7275789
2051_ile-de-france,0.27241513,0.72758484
4709_canada,0.27241507,0.7275849
344_tanzania-rice-ecaas,0.73666567,0.26333436
3125_rwanda-ceo,0.85279715,0.14720286
1068_rwanda-ceo,0.7502244,0.2497756
583_rwanda-ceo,0.750237,0.24976306
26541_geowiki-landcover-2017,0.27241528,0.7275847
707_reunion-france,0.5919101,0.40808985
1028_martinique-france,0.85279566,0.14720432
26766_geowiki-landcover-2017,0.73665416,0.26334587
795_geowiki-landcover-2017,0.750237,0.249763
31631_geowiki-landcover-2017,0.42179763,0.5782024
1468_geowiki-landcover-2017,0.59190667,0.40809327
35297_geowiki-landcover-2017,0.27241623,0.72758377
25329_geowiki-landcover-2017,0.2724169,0.72758305
5438_ile-de-france,0.27241835,0.7275817
14425_geowiki-landcover-2017,0.7502318,0.24976821
4830_ile-de-france,0.27241644,0.7275836
28908_geowiki-landcover-2017,0.73666453,0.26333544
233_tanzania-rice-ecaas,0.7366654,0.26333457
6441_geowiki-landcover-2017,0.2724153,0.72758466
448_mali-helmets-labelling-crops,0.58453166,0.41546834
2034_central-asia,0.27241752,0.72758245
25721_geowiki-landcover-2017,0.4217991,0.5782009
8946_geowiki-landcover-2017,0.6065587,0.3934413
5805_croplands,0.4225361,0.5774639
103_central-asia,0.2724166,0.7275834
2346_reunion-france,0.7502366,0.2497634
20436_geowiki-landcover-2017,0.44039512,0.5596049
1204_rwanda-ceo,0.736666,0.26333398
6657_canada,0.2724168,0.7275832
24996_geowiki-landcover-2017,0.4217936,0.5782064
873_reunion-france,0.59190995,0.40809003
4702_croplands,0.27241644,0.7275836
21178_geowiki-landcover-2017,0.6016983,0.39830166
1177_rwanda-ceo,0.73666567,0.26333436
10511_croplands,0.4267471,0.5732529
108_croplands,0.27579516,0.72420484
22724_geowiki-landcover-2017,0.2724441,0.72755593
1087_geowiki-landcover-2017,0.85184705,0.14815295
308_tanzania,0.5920418,0.40795827
4841_canada,0.2724151,0.72758484
166_germany,0.2724165,0.72758347
1207_mali-helmets-labelling-crops,0.42181054,0.57818943
7088_geowiki-landcover-2017,0.27241516,0.72758484
3572_rwanda-ceo,0.748334,0.25166598
5384_canada,0.42177263,0.57822734
12484_croplands,0.5845347,0.4154653
378_geowiki-landcover-2017,0.42179537,0.57820463
26570_geowiki-landcover-2017,0.4367405,0.5632595
12066_geowiki-landcover-2017,0.27241838,0.7275816
2659_geowiki-landcover-2017,0.58453417,0.41546586
89_tanzania-ceo,0.7366659,0.26333404
32351_geowiki-landcover-2017,0.27241597,0.727584
2592_canada,0.2724278,0.7275722
3981_geowiki-landcover-2017,0.7444909,0.2555091
1112_mali-helmets-labelling-crops,0.43132496,0.5686751
12528_geowiki-landcover-2017,0.59191096,0.408089
312_germany,0.42167833,0.5783217
3080_croplands,0.42674762,0.5732524
2463_ile-de-france,0.27241534,0.72758466
32212_geowiki-landcover-2017,0.42674917,0.57325083
7564_geowiki-landcover-2017,0.2724156,0.7275844
34696_geowiki-landcover-2017,0.27241516,0.72758484
3294_geowiki-landcover-2017,0.42179173,0.5782082
1243_germany,0.27241582,0.72758424
1477_tanzania-ceo,0.73666584,0.2633341
30632_geowiki-landcover-2017,0.27241513,0.72758484
1931_kenya-non-crop,0.74436295,0.25563702
31164_geowiki-landcover-2017,0.60171115,0.39828885
2236_martinique-france,0.75022936,0.24977064
4393_ile-de-france,0.27241546,0.7275846
27490_geowiki-landcover-2017,0.27241617,0.7275838
311_sudan,0.7488129,0.2511871
9988_geowiki-landcover-2017,0.7444885,0.2555115
13819_geowiki-landcover-2017,0.7366663,0.2633337
1421_ile-de-france,0.27241546,0.72758454
10489_geowiki-landcover-2017,0.42674902,0.573251
24775_geowiki-landcover-2017,0.7444597,0.2555403
113_mali-helmets-labelling-crops,0.5845391,0.41546088
13726_geowiki-landcover-2017,0.7502222,0.24977778
3956_ile-de-france,0.2724299,0.72757006
2566_reunion-france,0.5992598,0.4007402
3963_central-asia,0.58451235,0.41548768
4213_ile-de-france,0.27241516,0.72758484
21_rwanda-ceo,0.7503214,0.24967867
24071_geowiki-landcover-2017,0.8527979,0.14720207
1962_martinique-france,0.5992726,0.4007274
5039_geowiki-landcover-2017,0.43674055,0.5632594
1616_kenya-non-crop,0.85279715,0.1472029
4514_central-asia,0.2724218,0.72757816
10864_geowiki-landcover-2017,0.27241516,0.72758484
12875_croplands,0.8527905,0.14720954
27068_geowiki-landcover-2017,0.4193207,0.5806793
99_germany,0.2724153,0.7275847
190_geowiki-landcover-2017,0.5919108,0.40808925
4803_geowiki-landcover-2017,0.42674989,0.5732502
25681_geowiki-landcover-2017,0.4367416,0.56325835
13260_geowiki-landcover-2017,0.59205025,0.40794975
13391_croplands,0.4217967,0.57820326
1776_germany,0.4217948,0.5782052
2181_reunion-france,0.6017002,0.39829978
32692_geowiki-landcover-2017,0.5917423,0.4082577
13250_geowiki-landcover-2017,0.6017118,0.3982882
2214_kenya-non-crop,0.7444896,0.2555104
2129_reunion-france,0.43674293,0.5632571
84_kenya,0.73666555,0.26333445
4032_ile-de-france,0.2724314,0.7275686
5094_geowiki-landcover-2017,0.7444903,0.25550967
23297_geowiki-landcover-2017,0.4267494,0.5732506
2436_reunion-france,0.75023496,0.24976508
4222_canada,0.27241573,0.72758424
2662_central-asia,0.272779,0.727221
5764_ile-de-france,0.27241516,0.72758484
9816_geowiki-landcover-2017,0.27241996,0.7275801
18255_geowiki-landcover-2017,0.5845395,0.4154605
2385_canada,0.27241537,0.7275846
1452_martinique-france,0.8527944,0.14720559
15428_geowiki-landcover-2017,0.5894552,0.4105448
2906_canada,0.2724153,0.72758466
137_kenya-non-crop,0.7366657,0.26333427
12492_croplands,0.6017133,0.39828664
3360_central-asia,0.4192713,0.5807287
8996_geowiki-landcover-2017,0.74829936,0.25170067
2631_ile-de-france,0.27241516,0.72758484
4304_croplands,0.42179516,0.5782048
3083_central-asia,0.27241638,0.72758365
4923_central-asia,0.27245507,0.7275449
3955_ile-de-france,0.2724157,0.7275843
18266_geowiki-landcover-2017,0.42674944,0.57325053
5243_geowiki-landcover-2017,0.27241775,0.7275823
1383_reunion-france,0.6017062,0.39829382
3966_ile-de-france,0.27251175,0.7274882
1033_rwanda-ceo,0.85279816,0.14720187
1133_tanzania-ceo,0.5919102,0.40808985
33156_geowiki-landcover-2017,0.27241504,0.72758496
4577_ile-de-france,0.42179173,0.5782082
29213_geowiki-landcover-2017,0.27241525,0.7275848
4722_central-asia,0.272493,0.727507
1640_reunion-france,0.42179564,0.5782044
1956_canada,0.27241525,0.7275848
25428_geowiki-landcover-2017,0.43673998,0.56326
4071_geowiki-landcover-2017,0.43675408,0.5632459
2378_martinique-france,0.6016834,0.3983166
30368_geowiki-landcover-2017,0.42179564,0.5782044
2736_central-asia,0.2724186,0.7275814
4778_geowiki-landcover-2017,0.8527915,0.14720853
1229_kenya-non-crop,0.5845383,0.41546178
5220_ile-de-france,0.27241683,0.7275832
824_togo,0.5845394,0.41546065
4165_geowiki-landcover-2017,0.43673512,0.56326485
1980_martinique-france,0.60171187,0.39828816
4067_ile-de-france,0.42179343,0.57820654
362_lem-brazil,0.58453745,0.41546255
9369_geowiki-landcover-2017,0.4367428,0.56325716
1223_central-asia,0.42452228,0.5754777
2478_reunion-france,0.5919117,0.4080883
2848_rwanda-ceo,0.7502377,0.24976228
2450_reunion-france,0.601705,0.39829496
21778_geowiki-landcover-2017,0.8527782,0.14722173
848_martinique-france,0.58453655,0.41546345
3221_geowiki-landcover-2017,0.5845393,0.4154607
16156_geowiki-landcover-2017,0.7502355,0.24976447
788_togo,0.74448764,0.25551233
141_mali,0.58453304,0.415467
10031_croplands,0.59190536,0.4080947
2755_ile-de-france,0.2724165,0.72758347
97_croplands,0.4217967,0.57820326
28972_geowiki-landcover-2017,0.42675215,0.57324785
450_central-asia,0.2724161,0.7275838
560_lem-brazil,0.5846838,0.41531622
2256_croplands,0.59191096,0.4080891
5125_central-asia,0.27241597,0.727584
2044_rwanda-ceo,0.591911,0.408089
168_tanzania-rice-ecaas,0.736666,0.26333398
20818_geowiki-landcover-2017,0.73655343,0.26344654
2828_ile-de-france,0.27241653,0.72758347
4293_croplands,0.60170513,0.3982949
9475_croplands,0.42674893,0.57325107
24_mali-helmets-labelling-crops,0.5845373,0.41546267
4530_central-asia,0.42179692,0.5782031
31466_geowiki-landcover-2017,0.27241567,0.72758436
31548_geowiki-landcover-2017,0.58453906,0.41546097
708_croplands,0.4217953,0.57820463
33234_geowiki-landcover-2017,0.2724151,0.72758484
7713_canada,0.2724152,0.72758484
855_ile-de-france,0.42179444,0.5782055
10740_geowiki-landcover-2017,0.43673986,0.5632601
7560_canada,0.2724151,0.7275849
18702_geowiki-landcover-2017,0.42675057,0.57324946
7018_geowiki-landcover-2017,0.2724153,0.72758466
13580_croplands,0.60170686,0.3982932
21265_geowiki-landcover-2017,0.42179576,0.5782043
14144_croplands,0.7502352,0.24976477
316_canada,0.2724152,0.7275848
18440_geowiki-landcover-2017,0.42674923,0.5732508
26636_geowiki-landcover-2017,0.6065585,0.39344153
3796_canada,0.2724152,0.7275848
28399_geowiki-landcover-2017,0.42185858,0.57814145
13746_geowiki-landcover-2017,0.60171133,0.39828867
2510_ile-de-france,0.2724151,0.72758484
123_rwanda-ceo,0.85270655,0.14729342
979_tanzania-ceo,0.8527978,0.14720215
219_central-asia,0.27241632,0.7275837
1453_germany,0.27241558,0.7275844
3160_geowiki-landcover-2017,0.58453774,0.4154622
317_croplands,0.4217958,0.5782042
2249_canada,0.27241522,0.7275848
33828_geowiki-landcover-2017,0.27241522,0.7275848
565_croplands,0.4193209,0.5806791
2595_croplands,0.42179573,0.5782043
4299_croplands,0.42179492,0.5782051
34063_geowiki-landcover-2017,0.27242896,0.727571
2101_reunion-france,0.60170984,0.3982902
356_sudan,0.74449193,0.25550807
20173_geowiki-landcover-2017,0.42674917,0.5732508
6031_canada,0.2724153,0.72758466
2060_rwanda-ceo,0.5919112,0.40808883
143_tanzania,0.85279775,0.14720231
1682_ile-de-france,0.27241787,0.7275821
517_ethiopia,0.73666626,0.26333374
2479_ile-de-france,0.2724152,0.72758484
17560_geowiki-landcover-2017,0.42179492,0.5782051
4758_central-asia,0.272524,0.727476
729_central-asia,0.43674195,0.56325805
6532_canada,0.42182904,0.57817096
6927_canada,0.27241766,0.72758234
6103_ile-de-france,0.27241683,0.72758317
3870_geowiki-landcover-2017,0.5919005,0.40809947
9142_croplands,0.42179585,0.57820415
227_germany,0.4367417,0.5632583
21446_geowiki-landcover-2017,0.59191036,0.40808967
1187_togo,0.5845384,0.41546163
9897_croplands,0.4217974,0.5782026
19735_geowiki-landcover-2017,0.6065612,0.39343885
29844_geowiki-landcover-2017,0.74833536,0.25166464
265_sudan,0.7366627,0.2633373
28982_geowiki-landcover-2017,0.6015312,0.39846882
26279_geowiki-landcover-2017,0.74449086,0.25550917
745_canada,0.2724167,0.72758335
806_kenya-non-crop,0.7366653,0.26333472
813_reunion-france,0.60656,0.39343998
908_tanzania-ceo,0.59191084,0.4080892
2288_ile-de-france,0.27241534,0.72758466
2307_central-asia,0.27241725,0.72758275
1480_ile-de-france,0.27241525,0.7275847
6161_geowiki-landcover-2017,0.7504911,0.24950895
2005_kenya-non-crop,0.7444905,0.25550947
605_geowiki-landcover-2017,0.7502367,0.24976331
7443_croplands,0.59190774,0.4080923
307_martinique-france,0.60171247,0.3982875
18843_geowiki-landcover-2017,0.42179587,0.57820415
793_lem-brazil,0.8527081,0.14729187
14912_croplands,0.42184088,0.57815915
29915_geowiki-landcover-2017,0.6017112,0.3982888
1239_rwanda-ceo,0.736665,0.26333493
2633_kenya-non-crop,0.73666537,0.26333463
2693_rwanda-ceo,0.85279816,0.14720182
1577_central-asia,0.42183596,0.578164
4462_croplands,0.42179602,0.578204
5632_ile-de-france,0.27241546,0.72758454
15561_geowiki-landcover-2017,0.2724157,0.7275843
8856_croplands,0.4217954,0.5782046
10280_geowiki-landcover-2017,0.42674917,0.57325083
3577_canada,0.27241525,0.7275848
346_martinique-france,0.744488,0.25551197
1738_canada,0.2724152,0.7275848
1404_rwanda-ceo,0.5919599,0.40804008
27475_geowiki-landcover-2017,0.74448895,0.25551105
28_tanzania,0.85279685,0.1472031
25556_geowiki-landcover-2017,0.6065609,0.3934391
7773_canada,0.4193213,0.5806787
10865_geowiki-landcover-2017,0.60656166,0.3934384
604_germany,0.4217953,0.57820463
30770_geowiki-landcover-2017,0.42171115,0.57828885
5892_canada,0.2724151,0.72758484
28699_geowiki-landcover-2017,0.27242416,0.7275759
5324_canada,0.2724152,0.7275848
312_tanzania-rice-ecaas,0.7366661,0.26333395
3785_central-asia,0.27244776,0.7275523
1786_martinique-france,0.7444884,0.2555116
76_martinique-france,0.6017106,0.39828932
4683_ile-de-france,0.27241558,0.7275844
4408_geowiki-landcover-2017,0.73666567,0.2633343
8244_geowiki-landcover-2017,0.74449086,0.25550917
31294_geowiki-landcover-2017,0.4367432,0.5632568
14447_geowiki-landcover-2017,0.2724161,0.7275839
383_central-asia,0.2724161,0.7275839
822_canada,0.27241528,0.7275847
5616_ile-de-france,0.27241665,0.72758335
652_togo,0.58449185,0.4155082
1629_martinique-france,0.85279113,0.14720888
23528_geowiki-landcover-2017,0.42676944,0.57323056
1516_reunion-france,0.7502368,0.24976319
316_tanzania-ceo,0.591911,0.40808895
3622_central-asia,0.27243495,0.72756505
849_kenya-non-crop,0.7366657,0.26333427
3399_canada,0.43673986,0.56326014
423_central-asia,0.42179367,0.5782063
247_martinique-france,0.60173154,0.39826843
542_rwanda-ceo,0.75023735,0.24976261
11904_geowiki-landcover-2017,0.5845392,0.41546085
13433_geowiki-landcover-2017,0.6017112,0.3982888
1223_togo,0.7444891,0.255511
236_germany,0.27241528,0.7275847
23087_geowiki-landcover-2017,0.74449044,0.25550953
528_togo,0.5845375,0.41546252
3205_canada,0.43674183,0.56325823
17289_geowiki-landcover-2017,0.43674168,0.56325835
94_sudan,0.58453953,0.41546044
29861_geowiki-landcover-2017,0.2724239,0.72757614
22194_geowiki-landcover-2017,0.42179608,0.5782039
3461_canada,0.27241582,0.72758424
629_mali-helmets-labelling-crops,0.58453596,0.41546407
4938_central-asia,0.27250952,0.7274904
1556_canada,0.42179585,0.57820415
262_tanzania-ceo,0.85279816,0.14720182
23723_geowiki-landcover-2017,0.59190845,0.40809155
2029_kenya-non-crop,0.74449104,0.25550896
13406_geowiki-landcover-2017,0.7444909,0.2555091
1748_geowiki-landcover-2017,0.7444883,0.25551176
1724_canada,0.27241522,0.7275848
14724_croplands,0.41932318,0.58067685
16850_geowiki-landcover-2017,0.59929067,0.40070936
1218_tanzania-ceo,0.5919104,0.4080896
4917_geowiki-landcover-2017,0.7444909,0.25550905
12616_croplands,0.5845384,0.41546163
1903_kenya-non-crop,0.852798,0.14720203
429_rwanda-ceo,0.7366662,0.26333386
538_mali-helmets-labelling-crops,0.5845388,0.41546112
32679_geowiki-landcover-2017,0.27241516,0.72758484
4476_croplands,0.27241558,0.7275844
4659_ile-de-france,0.27244005,0.72756
2220_central-asia,0.4217994,0.5782006
422_kenya-non-crop,0.8527981,0.14720197
1250_tanzania-ceo,0.7366659,0.2633341
1860_tanzania-ceo,0.73666567,0.26333436
4396_canada,0.42179587,0.57820415
31945_geowiki-landcover-2017,0.2724154,0.7275846
23727_geowiki-landcover-2017,0.42675474,0.5732453
10683_croplands,0.42675948,0.5732405
1914_canada,0.27241537,0.72758466
2409_martinique-france,0.8527842,0.1472158
7913_canada,0.27241838,0.7275816
6170_ile-de-france,0.2724153,0.7275847
247_mali-helmets-labelling-crops,0.42180967,0.5781904
1669_geowiki-landcover-2017,0.736667,0.26333302
476_tanzania-rice-ecaas,0.73666453,0.26333553
1211_geowiki-landcover-2017,0.5845394,0.41546062
3438_geowiki-landcover-2017,0.74443597,0.25556403
2628_kenya-non-crop,0.7366659,0.26333407
3061_geowiki-landcover-2017,0.5845364,0.41546363
435_reunion-france,0.7502368,0.24976315
1083_rwanda-ceo,0.59191126,0.40808877
1359_canada,0.27241513,0.72758484
24247_geowiki-landcover-2017,0.60656065,0.39343935
7323_geowiki-landcover-2017,0.27241525,0.7275847
255_ile-de-france,0.4217949,0.5782051
1210_canada,0.2724151,0.7275849
1541_tanzania-ceo,0.8527938,0.14720619
6908_croplands,0.59190804,0.40809202
32534_geowiki-landcover-2017,0.42179573,0.5782043
1080_germany,0.60166883,0.39833117
624_ethiopia,0.74870676,0.25129324
4259_geowiki-landcover-2017,0.42179674,0.57820326
332_ile-de-france,0.4217945,0.5782055
1639_canada,0.27295738,0.7270427
19085_geowiki-landcover-2017,0.6065545,0.39344543
32877_geowiki-landcover-2017,0.27242008,0.72757995
3034_ile-de-france,0.27242935,0.72757065
12217_geowiki-landcover-2017,0.6017117,0.39828828
1356_geowiki-landcover-2017,0.42184445,0.5781555
12527_croplands,0.58453864,0.41546136
224_central-asia,0.27241576,0.7275843
5087_ile-de-france,0.27241522,0.7275848
2887_geowiki-landcover-2017,0.58453935,0.41546065
4560_ile-de-france,0.2724194,0.72758055
605_central-asia,0.2724166,0.72758347
23518_geowiki-landcover-2017,0.27241677,0.7275832
504_croplands,0.42179525,0.57820475
2630_rwanda-ceo,0.736666,0.26333398
1737_central-asia,0.27261022,0.72738975
3737_central-asia,0.42180866,0.57819134
3096_croplands,0.59190893,0.40809107
640_lem-brazil,0.5845587,0.41544133
752_mali-helmets-labelling-crops,0.4218291,0.57817096
2423_reunion-france,0.6017052,0.39829484
3366_rwanda-ceo,0.59191054,0.40808952
6058_ile-de-france,0.27241546,0.72758454
11628_geowiki-landcover-2017,0.7444871,0.25551292
21008_geowiki-landcover-2017,0.27241582,0.72758424
2592_kenya-non-crop,0.7366536,0.2633463
146_canada,0.27241525,0.7275848
1942_kenya-non-crop,0.5845394,0.41546056
5283_ile-de-france,0.2724152,0.7275848
51_kenya-non-crop,0.7366661,0.26333395
1687_tanzania-ceo,0.58453906,0.41546088
1792_tanzania-ceo,0.5845524,0.41544753
4569_croplands,0.42179954,0.57820046
830_togo,0.60171026,0.39828968
806_mali-helmets-labelling-crops,0.4218117,0.5781883
4032_central-asia,0.5844665,0.4155335
1818_martinique-france,0.74448425,0.25551575
1139_geowiki-landcover-2017,0.4271404,0.5728596
164_tanzania,0.74736124,0.25263882
16020_geowiki-landcover-2017,0.5919081,0.4080919
5761_geowiki-landcover-2017,0.2724157,0.7275843
21083_geowiki-landcover-2017,0.2724151,0.72758484
29177_geowiki-landcover-2017,0.42179403,0.57820594
18749_geowiki-landcover-2017,0.5919109,0.4080891
4413_central-asia,0.27241567,0.72758436
5294_geowiki-landcover-2017,0.6017114,0.39828864
30002_geowiki-landcover-2017,0.2724161,0.7275838
3753_ile-de-france,0.42179388,0.5782061
163_kenya-non-crop,0.7366664,0.26333365
42_tanzania,0.73666424,0.26333573
433_canada,0.27241546,0.7275846
7475_canada,0.2724244,0.72757554
2207_ile-de-france,0.2724401,0.72755986
371_mali-helmets-labelling-crops,0.5845392,0.41546088
2231_tanzania-ceo,0.7502363,0.24976371
2284_ile-de-france,0.27241582,0.72758424
1052_tanzania-ceo,0.7366651,0.2633348
6306_canada,0.27241528,0.7275847
20974_geowiki-landcover-2017,0.27241537,0.72758466
217_rwanda-ceo,0.5919318,0.40806818
468_tanzania-ceo,0.7366657,0.26333424
1044_germany,0.2724153,0.72758466
2097_kenya-non-crop,0.8527982,0.14720179
1745_rwanda-ceo,0.5919115,0.4080885
4421_croplands,0.27241582,0.72758424
5213_central-asia,0.58453614,0.4154639
2333_germany,0.2724156,0.72758436
9906_croplands,0.42179787,0.5782022
1089_martinique-france,0.7444905,0.25550947
1032_croplands,0.27242023,0.7275798
2507_geowiki-landcover-2017,0.591911,0.408089
2137_kenya-non-crop,0.852798,0.147202
18137_geowiki-landcover-2017,0.5894559,0.41054416
527_kenya-non-crop,0.7366661,0.26333395
26703_geowiki-landcover-2017,0.2724152,0.7275848
459_germany,0.27241814,0.72758186
14636_geowiki-landcover-2017,0.41940588,0.58059406
23340_geowiki-landcover-2017,0.42675012,0.5732499
3274_geowiki-landcover-2017,0.74447733,0.25552267
4512_geowiki-landcover-2017,0.42179573,0.5782043
3797_central-asia,0.27241832,0.7275817
28698_geowiki-landcover-2017,0.7366632,0.2633368
927_rwanda-ceo,0.85257393,0.14742604
23447_geowiki-landcover-2017,0.27241498,0.72758496
1383_rwanda-ceo,0.59191096,0.40808907
1050_croplands,0.27241537,0.72758466
3086_central-asia,0.2724161,0.7275839
6047_ile-de-france,0.27241534,0.72758466
16079_geowiki-landcover-2017,0.5919354,0.40806463
1271_tanzania-ceo,0.7366632,0.2633368
4089_ile-de-france,0.2724153,0.7275847
6037_canada,0.2724152,0.7275848
3370_geowiki-landcover-2017,0.41933048,0.5806695
1903_central-asia,0.42231792,0.5776821
795_tanzania-ceo,0.5845392,0.4154608
17_kenya-non-crop,0.7366659,0.26333404
6377_geowiki-landcover-2017,0.75023454,0.24976549
2411_canada,0.27241516,0.72758484
28748_geowiki-landcover-2017,0.42178917,0.5782109
1031_central-asia,0.27241758,0.72758245
20449_geowiki-landcover-2017,0.7786129,0.22138707
5605_geowiki-landcover-2017,0.4217971,0.5782029
30642_geowiki-landcover-2017,0.42179677,0.5782032
280_croplands,0.5919091,0.40809092
2174_canada,0.4367416,0.5632584
1772_rwanda-ceo,0.5919112,0.40808883
3361_ile-de-france,0.2724152,0.7275848
5185_canada,0.2724158,0.72758424
17283_geowiki-landcover-2017,0.60656035,0.39343965
766_tanzania-ceo,0.85279757,0.1472024
3921_central-asia,0.58438015,0.4156198
184_germany,0.27241525,0.7275847
5284_canada,0.2724151,0.7275849
335_ile-de-france,0.27241814,0.72758186
3222_central-asia,0.41928124,0.58071876
13901_geowiki-landcover-2017,0.42674935,0.57325065
14568_geowiki-landcover-2017,0.59191084,0.40808913
1219_canada,0.27241516,0.72758484
751_central-asia,0.2724169,0.72758305
16998_geowiki-landcover-2017,0.42179507,0.578205
3884_ile-de-france,0.27241567,0.72758436
35589_geowiki-landcover-2017,0.4367422,0.5632578
7587_geowiki-landcover-2017,0.58453673,0.41546327
2556_central-asia,0.27241695,0.72758305
34086_geowiki-landcover-2017,0.27241525,0.7275848
6585_canada,0.27241546,0.72758454
7285_canada,0.42179564,0.5782044
2229_kenya-non-crop,0.7444909,0.25550905
27518_geowiki-landcover-2017,0.58453894,0.41546106
3479_croplands,0.27241716,0.7275828
546_reunion-france,0.59191054,0.4080895
1495_martinique-france,0.6017169,0.39828312
26271_geowiki-landcover-2017,0.5845386,0.41546145
6709_croplands,0.5919101,0.40808985
222_martinique-france,0.73666286,0.26333708
10124_geowiki-landcover-2017,0.438619,0.561381
4822_ile-de-france,0.27242368,0.7275763
9951_geowiki-landcover-2017,0.42179587,0.57820415
18978_geowiki-landcover-2017,0.5990397,0.4009603
3586_canada,0.2724155,0.7275845
652_ethiopia,0.59190995,0.40809003
5830_ile-de-france,0.272432,0.727568
35271_geowiki-landcover-2017,0.27242053,0.7275794
316_rwanda-ceo,0.7483292,0.2516708
1987_kenya-non-crop,0.7444909,0.25550905
33914_geowiki-landcover-2017,0.42182586,0.5781741
18023_geowiki-landcover-2017,0.60647815,0.39352182
132_tanzania,0.7366655,0.26333454
379_martinique-france,0.58453494,0.41546503
1118_central-asia,0.27254966,0.7274503
5954_ile-de-france,0.27241537,0.72758466
328_rwanda-ceo,0.59191096,0.40808907
1541_reunion-france,0.59191054,0.40808952
1523_kenya-non-crop,0.7444894,0.2555106
9106_croplands,0.4217963,0.5782037
10801_croplands,0.5844269,0.41557312
1875_central-asia,0.42231634,0.5776837
1403_croplands,0.60171044,0.39828953
15326_geowiki-landcover-2017,0.7444831,0.25551683
3049_rwanda-ceo,0.591911,0.408089
4548_canada,0.27241552,0.7275845
2395_geowiki-landcover-2017,0.58456576,0.41543424
15281_geowiki-landcover-2017,0.7502333,0.24976675
1296_ile-de-france,0.27241588,0.72758406
3590_ile-de-france,0.27241516,0.72758484
68_mali-non-crop,0.27243334,0.72756666
20545_geowiki-landcover-2017,0.4268095,0.5731905
81_germany,0.6017037,0.39829627
4270_central-asia,0.2724162,0.72758377
258_kenya,0.85279775,0.14720228
613_rwanda-ceo,0.4267513,0.57324874
1082_tanzania-ceo,0.7366657,0.26333427
33741_geowiki-landcover-2017,0.58945566,0.4105444
1984_reunion-france,0.59191066,0.40808934
20101_geowiki-landcover-2017,0.42174613,0.5782539
3163_rwanda-ceo,0.85279775,0.14720231
2989_canada,0.2724153,0.7275847
198_tanzania-ceo,0.73666763,0.26333237
3391_canada,0.6017108,0.39828914
10038_geowiki-landcover-2017,0.7444927,0.25550732
1071_geowiki-landcover-2017,0.73666614,0.2633339
10607_geowiki-landcover-2017,0.4301636,0.56983644
35460_geowiki-landcover-2017,0.2724153,0.7275847
739_lem-brazil,0.5845406,0.41545942
35058_geowiki-landcover-2017,0.27241546,0.72758454
12639_geowiki-landcover-2017,0.60656047,0.39343953
642_tanzania-ceo,0.750237,0.24976306
27866_geowiki-landcover-2017,0.60656035,0.39343968
3370_ile-de-france,0.2724152,0.7275848
662_ethiopia,0.59191036,0.40808964
2868_ile-de-france,0.4215017,0.5784983
1221_tanzania-ceo,0.5919107,0.40808928
183_geowiki-landcover-2017,0.5845394,0.41546062
4839_canada,0.27241516,0.72758484
5673_ile-de-france,0.27241516,0.72758484
3867_central-asia,0.42179587,0.5782041
6721_geowiki-landcover-2017,0.2724185,0.7275815
2524_kenya-non-crop,0.7444915,0.25550848
32680_geowiki-landcover-2017,0.42675027,0.57324976
253_lem-brazil,0.584542,0.41545802
3223_central-asia,0.41928104,0.580719
6071_ile-de-france,0.27241543,0.7275846
9334_geowiki-landcover-2017,0.599298,0.400702
3148_ile-de-france,0.27241516,0.72758484
189_martinique-france,0.43674272,0.5632573
10_reunion-france,0.5918432,0.40815684
119_tanzania-rice-ecaas,0.73666567,0.26333436
800_lem-brazil,0.58487695,0.41512308
14222_geowiki-landcover-2017,0.4267493,0.5732507
4_ethiopia,0.73666674,0.26333332
22360_geowiki-landcover-2017,0.60170776,0.3982922
17_croplands,0.42674965,0.5732504
1598_germany,0.43674564,0.56325436
4251_ile-de-france,0.27241525,0.7275848
5654_geowiki-landcover-2017,0.27454937,0.7254506
21099_geowiki-landcover-2017,0.27241516,0.72758484
4180_ile-de-france,0.27244863,0.72755134
834_croplands,0.2724151,0.72758484
32681_geowiki-landcover-2017,0.27241525,0.7275847
35572_geowiki-landcover-2017,0.58453184,0.41546813
4010_ile-de-france,0.43674174,0.5632583
1420_canada,0.43673986,0.56326014
2785_central-asia,0.27241635,0.72758365
21539_geowiki-landcover-2017,0.6017112,0.39828873
1202_rwanda-ceo,0.85279816,0.14720185
5122_geowiki-landcover-2017,0.59191066,0.40808934
12641_croplands,0.5845393,0.41546074
33742_geowiki-landcover-2017,0.2724156,0.72758436
2511_canada,0.4217954,0.5782046
29229_geowiki-landcover-2017,0.27241525,0.7275847
6520_canada,0.27243948,0.72756046
33897_geowiki-landcover-2017,0.27241606,0.72758394
6304_canada,0.27241525,0.7275848
225_martinique-france,0.6017088,0.39829117
30078_geowiki-landcover-2017,0.7366656,0.26333442
2147_germany,0.27241796,0.7275821
4321_ile-de-france,0.27242458,0.7275754
2416_central-asia,0.27241704,0.72758293
3476_rwanda-ceo,0.59191656,0.4080835
8714_geowiki-landcover-2017,0.27241513,0.72758484
221_martinique-france,0.7366626,0.26333734
2644_rwanda-ceo,0.7502367,0.24976331
1283_martinique-france,0.5845359,0.41546407
16201_geowiki-landcover-2017,0.42680356,0.5731965
34133_geowiki-landcover-2017,0.41932103,0.58067894
31251_geowiki-landcover-2017,0.5919065,0.40809354
9235_croplands,0.42179593,0.5782041
2358_tanzania-ceo,0.5845394,0.41546065
1039_tanzania-ceo,0.75021946,0.24978058
2674_rwanda-ceo,0.73666555,0.26333445
344_reunion-france,0.60171324,0.39828673
5625_ile-de-france,0.27241525,0.7275848
1923_martinique-france,0.6017116,0.39828837
388_reunion-france,0.41994116,0.5800589
14052_geowiki-landcover-2017,0.5845301,0.4154699
3159_ile-de-france,0.27241516,0.72758484
216_reunion-france,0.42179102,0.5782089
1089_mali-helmets-labelling-crops,0.4313254,0.5686746
12316_geowiki-landcover-2017,0.744492,0.25550804
1939_geowiki-landcover-2017,0.41932133,0.58067864
9_brazil-non-crop,0.7445278,0.25547218
4625_canada,0.421796,0.578204
3736_central-asia,0.4218099,0.57819015
10778_croplands,0.59190816,0.4080918
7738_geowiki-landcover-2017,0.4367413,0.56325865
2769_rwanda-ceo,0.85279757,0.14720243
33639_geowiki-landcover-2017,0.4267473,0.57325274
1610_central-asia,0.27246398,0.727536
16631_geowiki-landcover-2017,0.74833125,0.2516687
201_mali-helmets-labelling-crops,0.58453876,0.41546124
6094_geowiki-landcover-2017,0.42673832,0.5732617
508_geowiki-landcover-2017,0.7444908,0.25550926
32564_geowiki-landcover-2017,0.27241543,0.7275846
2194_kenya-non-crop,0.7444805,0.2555195
29435_geowiki-landcover-2017,0.42179555,0.5782045
6747_canada,0.27242067,0.7275793
7342_canada,0.27241546,0.72758454
19420_geowiki-landcover-2017,0.8527974,0.14720263
604_croplands,0.584539,0.415461
34035_geowiki-landcover-2017,0.42179456,0.57820547
18096_geowiki-landcover-2017,0.42179576,0.5782043
22774_geowiki-landcover-2017,0.6068712,0.3931288
3839_ile-de-france,0.27241537,0.72758466
279_tanzania-ceo,0.59191126,0.40808877
709_martinique-france,0.42181748,0.5781826
22877_geowiki-landcover-2017,0.73666626,0.26333374
2019_ile-de-france,0.2724151,0.72758484
1421_canada,0.4367419,0.56325805
1780_martinique-france,0.27241886,0.72758114
16098_geowiki-landcover-2017,0.7502366,0.24976346
21163_geowiki-landcover-2017,0.42215294,0.57784706
5366_geowiki-landcover-2017,0.852798,0.14720203
3363_central-asia,0.41927388,0.58072615
7939_canada,0.27241525,0.7275848
2090_ile-de-france,0.4367408,0.5632592
3128_canada,0.27241507,0.7275849
18239_geowiki-landcover-2017,0.6017046,0.39829537
21440_geowiki-landcover-2017,0.59193856,0.40806144
7625_canada,0.27241525,0.7275847
17456_geowiki-landcover-2017,0.2724153,0.7275847
17327_geowiki-landcover-2017,0.7444907,0.25550932
13492_croplands,0.4217938,0.5782062
19924_geowiki-landcover-2017,0.27241597,0.727584
3441_canada,0.43674144,0.5632585
1877_reunion-france,0.7502367,0.24976327
4587_canada,0.27241594,0.72758406
366_rwanda-ceo,0.8527982,0.14720179
33944_geowiki-landcover-2017,0.42179826,0.5782018
3735_croplands,0.42180938,0.5781906
7826_canada,0.27241597,0.727584
175_togo,0.5845393,0.41546065
4653_canada,0.27245206,0.727548
3070_rwanda-ceo,0.7362802,0.2637198
1858_reunion-france,0.42674923,0.5732508
512_canada,0.2724152,0.72758484
793_rwanda-ceo,0.852797,0.14720301
6909_canada,0.27241504,0.72758496
557_canada,0.4367415,0.5632585
1346_tanzania-ceo,0.7444907,0.25550932
3318_geowiki-landcover-2017,0.58454746,0.41545257
3150_rwanda-ceo,0.73652506,0.26347497
3373_central-asia,0.41927242,0.58072764
1888_geowiki-landcover-2017,0.58454406,0.415456
278_germany,0.27241546,0.7275846
34343_geowiki-landcover-2017,0.7444886,0.25551137
723_croplands,0.59927493,0.40072507
33478_geowiki-landcover-2017,0.4267298,0.5732702
427_kenya-non-crop,0.7502356,0.24976434
2066_ile-de-france,0.2724152,0.7275848
2068_croplands,0.5845382,0.41546178
19_ethiopia,0.73666584,0.2633341
1968_martinique-france,0.744488,0.25551197
2469_reunion-france,0.75023687,0.24976309
34482_geowiki-landcover-2017,0.42179504,0.578205
27454_geowiki-landcover-2017,0.41932395,0.580676
12560_croplands,0.4194242,0.5805758
4350_croplands,0.42179635,0.5782037
6246_canada,0.42179587,0.5782041
381_lem-brazil,0.58454055,0.41545945
8614_geowiki-landcover-2017,0.75023603,0.24976397
7791_geowiki-landcover-2017,0.5992754,0.40072462
24049_geowiki-landcover-2017,0.8527982,0.14720178
33092_geowiki-landcover-2017,0.73666453,0.26333544
15776_geowiki-landcover-2017,0.42673233,0.57326764
4707_canada,0.2724151,0.72758484
1281_rwanda-ceo,0.5919108,0.40808925
1316_reunion-france,0.7502356,0.24976437
2192_ile-de-france,0.42179564,0.5782044
528_martinique-france,0.7501947,0.24980523
1114_central-asia,0.2725497,0.7274503
12635_geowiki-landcover-2017,0.27241915,0.72758085
26447_geowiki-landcover-2017,0.27241674,0.7275833
239_ile-de-france,0.27250543,0.72749454
11387_geowiki-landcover-2017,0.5919106,0.40808943
2891_canada,0.43697163,0.56302834
7563_geowiki-landcover-2017,0.43674237,0.56325763
26172_geowiki-landcover-2017,0.5990668,0.40093318
511_togo,0.42179757,0.5782024
14082_geowiki-landcover-2017,0.43626684,0.56373316
30032_geowiki-landcover-2017,0.41932404,0.580676
17781_geowiki-landcover-2017,0.2724152,0.72758484
5867_canada,0.27241507,0.7275849
23044_geowiki-landcover-2017,0.27241614,0.7275838
14086_geowiki-landcover-2017,0.43674183,0.5632582
1433_kenya-non-crop,0.85279703,0.14720301
5743_ile-de-france,0.27241525,0.7275848
1923_geowiki-landcover-2017,0.6017127,0.3982873
29421_geowiki-landcover-2017,0.4217961,0.57820386
11226_geowiki-landcover-2017,0.7444782,0.25552177
48_croplands,0.6065624,0.39343762
239_martinique-france,0.6017117,0.39828837
21636_geowiki-landcover-2017,0.7444908,0.25550923
6148_canada,0.27241513,0.72758484
30507_geowiki-landcover-2017,0.4354507,0.5645493
2445_central-asia,0.27241722,0.72758275
248_mali-helmets-labelling-crops,0.42181197,0.578188
2390_ile-de-france,0.27241623,0.72758377
7374_canada,0.27360076,0.72639924
22465_geowiki-landcover-2017,0.6065528,0.39344722
226_tanzania-ceo,0.73664314,0.2633569
1714_tanzania-ceo,0.85104555,0.14895442
2_brazil-non-crop,0.7444909,0.25550914
11463_geowiki-landcover-2017,0.58453906,0.41546088
270_central-asia,0.4267484,0.57325166
5453_ile-de-france,0.2724184,0.72758156
219_tanzania-ceo,0.73666614,0.2633339
18889_geowiki-landcover-2017,0.2724153,0.7275847
1171_reunion-france,0.6017123,0.39828777
711_reunion-france,0.59191,0.40808997
2520_geowiki-landcover-2017,0.7444909,0.25550914
11852_geowiki-landcover-2017,0.6065578,0.39344218
4560_central-asia,0.27242833,0.7275717
648_tanzania-ceo,0.5845394,0.41546062
938_germany,0.27241614,0.7275838
724_croplands,0.5594352,0.44056475
5071_canada,0.2724153,0.72758466
34207_geowiki-landcover-2017,0.744461,0.255539
9061_croplands,0.27241662,0.72758335
4633_geowiki-landcover-2017,0.42179605,0.5782039
8988_croplands,0.42179573,0.5782043
2329_canada,0.27241567,0.72758436
24255_geowiki-landcover-2017,0.6065617,0.39343822
15889_geowiki-landcover-2017,0.426749,0.573251
535_tanzania-ceo,0.59191084,0.40808913
35012_geowiki-landcover-2017,0.591911,0.408089
333_lem-brazil,0.5845406,0.41545933
30984_geowiki-landcover-2017,0.2724153,0.72758466
1376_reunion-france,0.60171086,0.39828914
369_tanzania,0.7366658,0.26333416
15419_geowiki-landcover-2017,0.5845388,0.4154612
44_zimbabwe,0.5918963,0.40810364
25444_geowiki-landcover-2017,0.27241576,0.72758424
20763_geowiki-landcover-2017,0.59191084,0.4080891
3194_geowiki-landcover-2017,0.5845383,0.41546178
13809_geowiki-landcover-2017,0.6017094,0.39829057
184_ethiopia,0.7366588,0.26334113
1353_reunion-france,0.43688768,0.5631123
23951_geowiki-landcover-2017,0.42179576,0.5782043
17645_geowiki-landcover-2017,0.7444881,0.25551188
3091_canada,0.6017067,0.39829335
14341_geowiki-landcover-2017,0.43674138,0.5632586
2700_geowiki-landcover-2017,0.584539,0.415461
2703_geowiki-landcover-2017,0.5842808,0.41571918
1131_kenya-non-crop,0.8527963,0.1472037
1309_reunion-france,0.42182472,0.57817525
33776_geowiki-landcover-2017,0.27241787,0.72758216
799_geowiki-landcover-2017,0.8527982,0.14720176
558_mali-helmets-labelling-crops,0.58453345,0.41546658
244_togo,0.42179883,0.57820123
293_croplands,0.4217962,0.57820374
23163_geowiki-landcover-2017,0.27242005,0.72758
843_geowiki-landcover-2017,0.43674225,0.56325775
15202_geowiki-landcover-2017,0.7444901,0.2555099
61_sudan,0.5845407,0.41545928
3812_ile-de-france,0.27241695,0.72758305
2400_kenya-non-crop,0.5845384,0.41546163
13737_croplands,0.42179587,0.57820415
31363_geowiki-landcover-2017,0.42179593,0.5782041
2276_germany,0.2724154,0.7275846
11_togo,0.584539,0.41546097
18278_geowiki-landcover-2017,0.42187223,0.57812774
2242_ile-de-france,0.2724152,0.7275848
343_kenya-non-crop,0.73666257,0.26333746
3865_geowiki-landcover-2017,0.58453923,0.4154608
1361_mali-helmets-labelling-crops,0.58453035,0.41546968
1128_ile-de-france,0.4217954,0.5782046
1318_rwanda-ceo,0.7502372,0.24976279
650_kenya-non-crop,0.7366658,0.26333416
14944_croplands,0.60619295,0.39380708
615_tanzania-rice-ecaas,0.73646104,0.263539
31734_geowiki-landcover-2017,0.43674,0.56325996
1462_martinique-france,0.43683642,0.5631635
5144_ile-de-france,0.42179403,0.578206
33534_geowiki-landcover-2017,0.4387871,0.56121296
16263_geowiki-landcover-2017,0.7502367,0.24976327
4410_geowiki-landcover-2017,0.58453923,0.41546077
6358_canada,0.27241516,0.72758484
23442_geowiki-landcover-2017,0.606561,0.39343894
28246_geowiki-landcover-2017,0.74448997,0.25551003
1031_martinique-france,0.8527955,0.14720449
830_central-asia,0.27241653,0.72758347
2187_kenya-non-crop,0.74454194,0.25545812
714_ethiopia,0.8527982,0.14720176
34240_geowiki-landcover-2017,0.85279745,0.14720252
15650_geowiki-landcover-2017,0.6065613,0.39343876
5773_geowiki-landcover-2017,0.42676625,0.5732337
19299_geowiki-landcover-2017,0.42180902,0.578191
20261_geowiki-landcover-2017,0.59191054,0.40808943
3397_canada,0.42179623,0.57820374
9494_geowiki-landcover-2017,0.27241862,0.7275814
6133_ile-de-france,0.27241525,0.7275847
524_geowiki-landcover-2017,0.8527959,0.14720409
2116_rwanda-ceo,0.73666483,0.2633352
122_kenya-non-crop,0.8527981,0.1472019
1016_mali-helmets-labelling-crops,0.42380852,0.5761915
2257_croplands,0.5919086,0.40809143
1422_kenya-non-crop,0.7502267,0.24977328
13985_croplands,0.59050524,0.40949473
1966_canada,0.27241537,0.72758466
8772_geowiki-landcover-2017,0.2724161,0.7275839
526_kenya-non-crop,0.8527981,0.14720197
5577_ile-de-france,0.27241644,0.7275835
28000_geowiki-landcover-2017,0.43674162,0.56325835
9641_geowiki-landcover-2017,0.606561,0.39343902
28587_geowiki-landcover-2017,0.42185214,0.5781478
627_lem-brazil,0.5845444,0.41545555
1069_kenya-non-crop,0.7483585,0.25164154
6964_canada,0.43674123,0.56325877
5234_central-asia,0.41932365,0.5806763
1003_togo,0.58453834,0.41546166
4244_ile-de-france,0.27241588,0.7275841
1413_ile-de-france,0.2724209,0.72757906
2694_rwanda-ceo,0.59191394,0.40808606
19780_geowiki-landcover-2017,0.5845506,0.4154494
18730_geowiki-landcover-2017,0.42674902,0.57325095
493_mali-helmets-labelling-crops,0.58453774,0.4154622
2509_central-asia,0.42202273,0.57797724
3462_geowiki-landcover-2017,0.58455586,0.41544414
34927_geowiki-landcover-2017,0.27241552,0.7275845
184_reunion-france,0.5919106,0.40808937
581_geowiki-landcover-2017,0.5919266,0.4080734
14042_croplands,0.5918406,0.40815938
653_croplands,0.5845379,0.41546205
866_ile-de-france,0.27241525,0.7275847
3354_rwanda-ceo,0.8527982,0.14720172
3047_geowiki-landcover-2017,0.4217994,0.57820064
2750_canada,0.27241516,0.72758484
495_central-asia,0.27241603,0.72758394
35670_geowiki-landcover-2017,0.42179725,0.5782027
4299_canada,0.27241537,0.72758466
10808_geowiki-landcover-2017,0.4367568,0.56324315
690_reunion-france,0.75023466,0.24976532
1461_kenya-non-crop,0.7444777,0.25552234
7593_canada,0.2724151,0.72758484
1907_canada,0.27241623,0.72758377
709_reunion-france,0.59191066,0.40808934
2986_canada,0.4367424,0.56325763
403_croplands,0.59192336,0.40807664
1061_tanzania-ceo,0.59191096,0.408089
6683_geowiki-landcover-2017,0.4217952,0.5782048
2272_rwanda-ceo,0.42675862,0.57324135
1985_geowiki-landcover-2017,0.43674162,0.56325835
1974_central-asia,0.27248916,0.72751087
33134_geowiki-landcover-2017,0.42179024,0.57820976
916_central-asia,0.27241585,0.7275841
33821_geowiki-landcover-2017,0.42179555,0.5782045
26565_geowiki-landcover-2017,0.4367421,0.56325793
5752_ile-de-france,0.2724155,0.7275845
4006_ile-de-france,0.2724154,0.7275846
12389_geowiki-landcover-2017,0.8527411,0.14725891
1657_tanzania-ceo,0.5919117,0.40808827
1527_kenya-non-crop,0.58453894,0.41546106
3002_geowiki-landcover-2017,0.41932094,0.58067906
17172_geowiki-landcover-2017,0.6017112,0.39828882
699_ile-de-france,0.42179412,0.5782058
2310_tanzania-ceo,0.73666614,0.2633339
30980_geowiki-landcover-2017,0.2724152,0.7275848
1585_central-asia,0.42185098,0.578149
12507_croplands,0.4193419,0.5806581
1045_kenya-non-crop,0.73666567,0.2633343
1061_togo,0.42179573,0.5782043
5862_canada,0.2724161,0.7275838
1458_geowiki-landcover-2017,0.5919106,0.40808937
16505_geowiki-landcover-2017,0.74449015,0.25550982
904_rwanda-ceo,0.73666555,0.26333448
34741_geowiki-landcover-2017,0.2724153,0.72758466
35542_geowiki-landcover-2017,0.42179564,0.57820433
501_lem-brazil,0.7444904,0.25550961
2212_kenya-non-crop,0.5845417,0.41545835
14972_croplands,0.43676028,0.5632397
17259_geowiki-landcover-2017,0.60656065,0.39343935
7173_geowiki-landcover-2017,0.2724213,0.72757864
609_central-asia,0.27241647,0.7275835
2120_tanzania-ceo,0.59191185,0.40808812
13591_croplands,0.4217953,0.5782047
8498_croplands,0.42179662,0.5782034
9880_geowiki-landcover-2017,0.7444909,0.25550905
1282_canada,0.27241504,0.72758496
240_togo,0.6017121,0.39828792
31543_geowiki-landcover-2017,0.5845369,0.4154631
2147_tanzania-ceo,0.42675734,0.5732426
1970_ile-de-france,0.2724151,0.7275849
35183_geowiki-landcover-2017,0.74449074,0.25550932
7342_geowiki-landcover-2017,0.42179564,0.57820433
2078_central-asia,0.27241817,0.7275818
26602_geowiki-landcover-2017,0.43673986,0.5632602
2651_geowiki-landcover-2017,0.5845385,0.41546154
75_germany,0.272417,0.72758293
17112_geowiki-landcover-2017,0.2724158,0.72758424
1446_ile-de-france,0.27241525,0.7275847
20834_geowiki-landcover-2017,0.7483294,0.25167054
1569_kenya-non-crop,0.58453983,0.41546023
2497_germany,0.27241784,0.72758216
1012_rwanda-ceo,0.85279495,0.14720507
426_ile-de-france,0.27243018,0.7275698
3552_central-asia,0.27251032,0.7274897
9661_geowiki-landcover-2017,0.58453876,0.4154612
1347_tanzania-ceo,0.58453864,0.41546133
44_sudan,0.5845393,0.41546074
9411_croplands,0.2724169,0.72758305
14720_croplands,0.5845394,0.41546065
27443_geowiki-landcover-2017,0.5919089,0.40809113
7663_canada,0.27241513,0.72758484
2740_canada,0.27241528,0.7275847
3218_rwanda-ceo,0.59191144,0.40808856
10243_geowiki-landcover-2017,0.5845388,0.41546118
427_croplands,0.2724152,0.72758484
12883_geowiki-landcover-2017,0.7366692,0.2633308
2883_ile-de-france,0.42179397,0.57820606
2095_rwanda-ceo,0.75023735,0.24976265
1841_rwanda-ceo,0.7502461,0.24975392
2528_ile-de-france,0.27241874,0.7275813
27404_geowiki-landcover-2017,0.7366659,0.2633341
3593_canada,0.27241552,0.7275845
542_ile-de-france,0.27241588,0.7275841
5962_canada,0.27241772,0.72758234
28013_geowiki-landcover-2017,0.5919112,0.40808883
15512_geowiki-landcover-2017,0.6065587,0.39344138
725_tanzania-ceo,0.59195036,0.40804967
7086_geowiki-landcover-2017,0.2724151,0.7275849
35_martinique-france,0.85279536,0.14720462
938_central-asia,0.27241597,0.727584
2480_reunion-france,0.7502349,0.2497651
1668_canada,0.2724152,0.72758484
31515_geowiki-landcover-2017,0.4217965,0.5782035
35394_geowiki-landcover-2017,0.2724896,0.7275104
143_sudan,0.58454007,0.41546
76_tanzania,0.73666567,0.26333436
15334_geowiki-landcover-2017,0.58453876,0.41546124
1185_kenya-non-crop,0.8527981,0.14720197
15768_geowiki-landcover-2017,0.43674237,0.56325763
4971_central-asia,0.27333066,0.7266694
1472_canada,0.43674076,0.5632592
1184_mali-helmets-labelling-crops,0.42181206,0.57818794
6714_croplands,0.59191036,0.40808967
2670_canada,0.2724158,0.72758424
3933_canada,0.27241525,0.7275848
8779_geowiki-landcover-2017,0.42677024,0.57322973
887_togo,0.8527951,0.14720488
26087_geowiki-landcover-2017,0.7502371,0.24976286
3231_central-asia,0.41930324,0.58069676
16907_geowiki-landcover-2017,0.7366639,0.26333612
2769_canada,0.2724152,0.7275848
4377_geowiki-landcover-2017,0.42179254,0.5782075
2459_rwanda-ceo,0.59191096,0.4080891
4159_ile-de-france,0.2724152,0.7275848
481_rwanda-ceo,0.73666644,0.2633335
3236_canada,0.4367441,0.5632559
455_kenya-non-crop,0.75023687,0.2497631
2253_kenya-non-crop,0.7444907,0.25550938
2405_ile-de-france,0.27241573,0.7275843
1512_germany,0.42179164,0.5782083
4079_central-asia,0.27251896,0.727481
15365_geowiki-landcover-2017,0.7444907,0.25550932
29568_geowiki-landcover-2017,0.42682803,0.573172
12996_geowiki-landcover-2017,0.58454037,0.4154596
10820_geowiki-landcover-2017,0.4267564,0.57324356
3761_geowiki-landcover-2017,0.5845379,0.41546205
928_central-asia,0.2724158,0.72758424
2071_rwanda-ceo,0.59191304,0.40808693
1778_ile-de-france,0.4217947,0.5782053
172_tanzania-rice-ecaas,0.7366592,0.26334083
2871_rwanda-ceo,0.7483239,0.25167602
20347_geowiki-landcover-2017,0.60171074,0.39828923
13454_geowiki-landcover-2017,0.59928143,0.40071857
29633_geowiki-landcover-2017,0.6017116,0.39828846
2432_rwanda-ceo,0.5919119,0.4080881
28068_geowiki-landcover-2017,0.42753518,0.57246476
2421_ile-de-france,0.27241525,0.7275847
34205_geowiki-landcover-2017,0.7444888,0.25551122
1218_geowiki-landcover-2017,0.42674956,0.5732504
1970_reunion-france,0.42674908,0.57325095
529_ile-de-france,0.60170543,0.39829454
4827_croplands,0.61416715,0.38583282
22919_geowiki-landcover-2017,0.59927285,0.40072712
1388_central-asia,0.2746327,0.7253673
17121_geowiki-landcover-2017,0.73666567,0.26333433
1524_croplands,0.27241802,0.7275819
4936_geowiki-landcover-2017,0.60175884,0.39824116
94_mali-non-crop,0.60171086,0.39828914
618_kenya-non-crop,0.7366659,0.26333404
190_kenya,0.85279745,0.14720257
22061_geowiki-landcover-2017,0.42674887,0.5732511
4008_ile-de-france,0.27241558,0.7275845
1398_reunion-france,0.7502356,0.24976437
406_central-asia,0.27241597,0.727584
26831_geowiki-landcover-2017,0.7444704,0.25552955
31345_geowiki-landcover-2017,0.599277,0.40072292
2461_germany,0.27241528,0.7275847
18575_geowiki-landcover-2017,0.58945984,0.41054013
4604_ile-de-france,0.27241516,0.72758484
1111_central-asia,0.27255324,0.7274468
97_kenya,0.7366659,0.26333407
31675_geowiki-landcover-2017,0.4372696,0.5627304
6780_croplands,0.5919096,0.40809038
596_kenya-non-crop,0.7366659,0.26333404
39_reunion-france,0.5919104,0.40808952
35219_geowiki-landcover-2017,0.27241504,0.72758496
27942_geowiki-landcover-2017,0.42599863,0.5740014
582_tanzania-rice-ecaas,0.58455884,0.4154412
2154_rwanda-ceo,0.8527982,0.14720172
913_ile-de-france,0.4355842,0.56441575
231_kenya,0.85279566,0.14720435
667_ile-de-france,0.27244067,0.7275593
15655_geowiki-landcover-2017,0.42674917,0.5732508
16951_geowiki-landcover-2017,0.73666674,0.26333332
389_sudan,0.58945566,0.41054434
29953_geowiki-landcover-2017,0.27242592,0.72757405
63_tanzania-rice-ecaas,0.736664,0.26333597
2234_central-asia,0.27241725,0.7275827
7528_canada,0.2724171,0.7275829
3380_ile-de-france,0.27241543,0.7275846
20947_geowiki-landcover-2017,0.426748,0.573252
705_reunion-france,0.6065612,0.3934388
2063_tanzania-ceo,0.7366691,0.26333088
4721_canada,0.2724217,0.72757834
35419_geowiki-landcover-2017,0.27241623,0.72758377
6842_geowiki-landcover-2017,0.27241516,0.72758484
435_tanzania-ceo,0.7366602,0.2633398
314_germany,0.42179576,0.5782043
419_canada,0.42179573,0.5782043
2253_geowiki-landcover-2017,0.5845399,0.41546008
309_germany,0.42178062,0.5782194
2407_kenya-non-crop,0.58453894,0.4154611
853_croplands,0.5919096,0.40809035
29382_geowiki-landcover-2017,0.2724151,0.7275849
4851_croplands,0.4218161,0.57818395
1071_togo,0.2724158,0.72758424
1029_togo,0.74448985,0.2555101
25988_geowiki-landcover-2017,0.6017106,0.3982894
2621_reunion-france,0.7502363,0.24976371
1831_tanzania-ceo,0.7444907,0.25550938
5130_canada,0.27241525,0.7275847
4579_croplands,0.42179728,0.5782027
17799_geowiki-landcover-2017,0.4193239,0.5806761
1704_central-asia,0.2726099,0.7273901
647_tanzania-ceo,0.5845392,0.4154608
661_germany,0.6017039,0.3982961
7542_geowiki-landcover-2017,0.27241525,0.7275848
21124_geowiki-landcover-2017,0.2724162,0.72758377
142_martinique-france,0.4217963,0.5782037
12443_geowiki-landcover-2017,0.4267504,0.5732496
5002_geowiki-landcover-2017,0.74440074,0.2555993
2948_canada,0.43674153,0.56325847
720_tanzania-ceo,0.7444903,0.25550967
2120_canada,0.60170484,0.39829516
31360_geowiki-landcover-2017,0.27241543,0.7275846
868_germany,0.42179483,0.5782052
33870_geowiki-landcover-2017,0.6017029,0.3982971
650_reunion-france,0.59191334,0.4080867
1071_mali-helmets-labelling-crops,0.421811,0.57818896
2076_reunion-france,0.7502344,0.24976559
3041_geowiki-landcover-2017,0.6017109,0.39828908
331_lem-brazil,0.58454084,0.41545916
495_tanzania-rice-ecaas,0.8527856,0.14721435
1955_germany,0.2725042,0.7274958
2028_canada,0.27241543,0.7275846
31720_geowiki-landcover-2017,0.42179802,0.57820195
811_tanzania-ceo,0.7444887,0.25551125
353_tanzania-rice-ecaas,0.7366653,0.26333475
338_rwanda-ceo,0.75023735,0.24976265
18051_geowiki-landcover-2017,0.6065607,0.3934393
4867_ile-de-france,0.4208661,0.57913387
1269_togo,0.42176738,0.57823265
64_uganda,0.8527959,0.14720413
845_martinique-france,0.5992745,0.40072548
4411_central-asia,0.27241546,0.72758454
935_tanzania-ceo,0.7364062,0.2635938
7467_canada,0.42179585,0.57820415
3737_croplands,0.42666477,0.57333523
1697_geowiki-landcover-2017,0.75023663,0.24976335
15568_geowiki-landcover-2017,0.2724155,0.7275845
259_mali-helmets-labelling-crops,0.4218122,0.5781878
3558_ile-de-france,0.27241588,0.72758406
4496_central-asia,0.2724515,0.7275485
723_togo,0.744451,0.25554904
68_kenya-non-crop,0.85279757,0.14720245
972_canada,0.27241513,0.72758484
495_ile-de-france,0.27241573,0.7275843
74_germany,0.27241558,0.7275845
2865_ile-de-france,0.27241823,0.7275818
5518_canada,0.27241507,0.7275849
32109_geowiki-landcover-2017,0.2724152,0.72758484
23944_geowiki-landcover-2017,0.42215872,0.57784134
14847_geowiki-landcover-2017,0.7445212,0.25547883
2285_geowiki-landcover-2017,0.7502366,0.2497634
269_tanzania,0.73666066,0.26333934
2041_rwanda-ceo,0.59191084,0.4080892
2647_rwanda-ceo,0.75023973,0.24976027
6713_geowiki-landcover-2017,0.6017109,0.39828914
6054_ile-de-france,0.27242005,0.72758
741_reunion-france,0.4218203,0.5781797
1612_tanzania-ceo,0.7502366,0.2497634
5780_ile-de-france,0.2724155,0.7275845
780_tanzania-ceo,0.5919132,0.40808678
5786_canada,0.2724152,0.7275848
2671_rwanda-ceo,0.5919075,0.40809253
7498_canada,0.27241588,0.72758406
22839_geowiki-landcover-2017,0.5831772,0.41682273
24363_geowiki-landcover-2017,0.42674965,0.5732503
5211_canada,0.2724153,0.72758466
8921_geowiki-landcover-2017,0.42178935,0.57821065
21456_geowiki-landcover-2017,0.7502169,0.24978308
13214_geowiki-landcover-2017,0.42675623,0.5732438
27671_geowiki-landcover-2017,0.43680778,0.5631922
758_mali-helmets-labelling-crops,0.42381138,0.5761886
1175_kenya-non-crop,0.8527949,0.14720513
2548_ile-de-france,0.4217876,0.57821244
33513_geowiki-landcover-2017,0.27241507,0.7275849
6477_geowiki-landcover-2017,0.6065595,0.39344043
6592_canada,0.2724156,0.72758436
9476_croplands,0.5918871,0.4081129
1567_rwanda-ceo,0.85279506,0.14720494
496_central-asia,0.27241585,0.7275841
55_central-asia,0.2724167,0.72758335
31196_geowiki-landcover-2017,0.7444834,0.2555166
1158_canada,0.2724152,0.72758484
1189_kenya-non-crop,0.8527981,0.14720197
26684_geowiki-landcover-2017,0.6065591,0.39344087
3353_rwanda-ceo,0.7502361,0.24976389
238_tanzania-ceo,0.5919124,0.40808764
13382_geowiki-landcover-2017,0.7444893,0.25551072
1013_croplands,0.27241525,0.7275847
1551_rwanda-ceo,0.852793,0.14720704
583_tanzania-ceo,0.75023764,0.24976242
1820_canada,0.2724153,0.7275847
4526_central-asia,0.27241746,0.7275826
11641_geowiki-landcover-2017,0.599275,0.40072498
1858_geowiki-landcover-2017,0.5845393,0.4154607
685_rwanda-ceo,0.7366662,0.2633338
6217_geowiki-landcover-2017,0.7366655,0.26333454
2296_geowiki-landcover-2017,0.5845383,0.41546172
3002_ile-de-france,0.27241543,0.7275846
101_uganda,0.59192187,0.40807816
964_germany,0.42179543,0.5782046
729_tanzania-ceo,0.58453923,0.41546077
6538_croplands,0.4218113,0.5781887
5171_central-asia,0.41911206,0.5808879
3273_canada,0.4267494,0.57325053
11532_geowiki-landcover-2017,0.60656095,0.39343902
864_germany,0.2724156,0.72758436
5651_geowiki-landcover-2017,0.60656035,0.39343962
30880_geowiki-landcover-2017,0.27241507,0.72758496
5925_ile-de-france,0.27241543,0.7275846
732_geowiki-landcover-2017,0.60183036,0.3981696
12521_croplands,0.5845386,0.41546145
29917_geowiki-landcover-2017,0.27241507,0.7275849
6518_geowiki-landcover-2017,0.4268583,0.5731417
1106_togo,0.7436973,0.25630265
7808_canada,0.2724157,0.7275843
1546_tanzania-ceo,0.7502368,0.24976313
5801_ile-de-france,0.4217875,0.5782125
2169_rwanda-ceo,0.5919108,0.40808925
5387_geowiki-landcover-2017,0.4217955,0.5782045
18292_geowiki-landcover-2017,0.7366663,0.2633337
21043_geowiki-landcover-2017,0.42674908,0.57325095
3643_central-asia,0.27243084,0.7275692
5315_geowiki-landcover-2017,0.6016181,0.39838186
53_geowiki-landcover-2017,0.73666084,0.26333916
30706_geowiki-landcover-2017,0.2724154,0.7275846
15645_geowiki-landcover-2017,0.58453786,0.4154622
18940_geowiki-landcover-2017,0.27243343,0.72756654
757_mali-helmets-labelling-crops,0.42178184,0.5782182
14181_croplands,0.58453804,0.41546196
2412_geowiki-landcover-2017,0.74449074,0.25550932
2228_ile-de-france,0.27241516,0.72758484
3791_canada,0.27241525,0.7275847
19836_geowiki-landcover-2017,0.5845393,0.4154607
4060_geowiki-landcover-2017,0.4367412,0.5632588
34316_geowiki-landcover-2017,0.74448645,0.2555136
517_geowiki-landcover-2017,0.74448776,0.2555123
5608_ile-de-france,0.2724156,0.72758436
1936_ile-de-france,0.27244484,0.7275552
1179_martinique-france,0.75023663,0.24976335
113_uganda,0.5919104,0.40808955
3279_canada,0.60656136,0.39343867
1067_togo,0.6017108,0.39828923
2217_rwanda-ceo,0.8518078,0.14819223
2703_ile-de-france,0.27566704,0.724333
563_central-asia,0.27241606,0.72758394
7762_canada,0.5845359,0.41546413
1456_canada,0.4367403,0.5632597
1746_germany,0.42179415,0.5782058
687_mali-helmets-labelling-crops,0.5845387,0.4154613
432_martinique-france,0.6016928,0.3983072
688_geowiki-landcover-2017,0.73666453,0.2633355
310_lem-brazil,0.5846033,0.4153967
14296_geowiki-landcover-2017,0.42179364,0.5782064
5916_geowiki-landcover-2017,0.42674878,0.57325125
795_mali-helmets-labelling-crops,0.27406323,0.7259368
4648_croplands,0.42180815,0.5781919
6508_canada,0.27241525,0.7275848
976_croplands,0.2724153,0.72758466
506_ile-de-france,0.27241567,0.72758436
2064_central-asia,0.27241912,0.72758085
20200_geowiki-landcover-2017,0.60655755,0.39344242
2390_tanzania-ceo,0.7444907,0.25550938
1241_reunion-france,0.5919106,0.40808943
4591_croplands,0.4217985,0.5782015
3045_geowiki-landcover-2017,0.5845401,0.41545987
2437_germany,0.42179564,0.5782044
10037_croplands,0.59190583,0.4080942
4721_ile-de-france,0.2724151,0.7275849
16596_geowiki-landcover-2017,0.4193221,0.58067787
19644_geowiki-landcover-2017,0.2724175,0.7275825
1330_kenya-non-crop,0.58448744,0.41551253
5236_ile-de-france,0.42175165,0.5782483
3218_ile-de-france,0.27241522,0.7275848
233_kenya-non-crop,0.8527981,0.14720194
1489_martinique-france,0.6017002,0.39829984
5467_ile-de-france,0.27241525,0.7275848
8696_geowiki-landcover-2017,0.73666525,0.2633348
846_reunion-france,0.42674908,0.57325095
4162_central-asia,0.272416,0.72758394
1360_mali-helmets-labelling-crops,0.42180377,0.5781962
2120_geowiki-landcover-2017,0.7444907,0.25550938
4370_croplands,0.42178917,0.5782109
761_tanzania-rice-ecaas,0.7366598,0.26334012
1481_geowiki-landcover-2017,0.8527972,0.14720283
740_ile-de-france,0.27241537,0.7275846
3581_central-asia,0.42180187,0.57819813
1675_canada,0.27241546,0.72758454
970_geowiki-landcover-2017,0.59191084,0.40808913
6743_canada,0.27241525,0.7275847
1113_germany,0.6017083,0.39829165
1786_central-asia,0.27284124,0.7271587
4577_central-asia,0.2725989,0.72740114
18454_geowiki-landcover-2017,0.6017109,0.39828914
17515_geowiki-landcover-2017,0.58454,0.41546
5988_ile-de-france,0.27241525,0.7275848
430_togo,0.5845391,0.41546088
1368_kenya-non-crop,0.8527976,0.14720239
2193_croplands,0.59191036,0.4080896
26659_geowiki-landcover-2017,0.42674914,0.5732509
25865_geowiki-landcover-2017,0.42179564,0.5782044
2965_canada,0.2724172,0.7275828
33196_geowiki-landcover-2017,0.27241516,0.72758484
33628_geowiki-landcover-2017,0.421795,0.578205
32190_geowiki-landcover-2017,0.2724174,0.7275826
1068_germany,0.2724152,0.7275848
33174_geowiki-landcover-2017,0.27241513,0.72758484
4871_geowiki-landcover-2017,0.5919043,0.4080957
2511_geowiki-landcover-2017,0.5845386,0.4154614
6798_canada,0.42179564,0.57820433
1304_kenya-non-crop,0.7502367,0.24976335
1127_reunion-france,0.7502366,0.2497634
266_sudan,0.852798,0.147202
1961_geowiki-landcover-2017,0.42180273,0.5781973
5318_geowiki-landcover-2017,0.27241558,0.7275845
11702_geowiki-landcover-2017,0.5845234,0.41547662
6158_canada,0.6017069,0.39829308
2568_kenya-non-crop,0.7366521,0.26334795
18346_geowiki-landcover-2017,0.43674073,0.5632593
11714_geowiki-landcover-2017,0.60169977,0.3983002
1320_canada,0.2724152,0.7275848
343_tanzania-ceo,0.75024664,0.24975343
12348_geowiki-landcover-2017,0.27241516,0.72758484
782_kenya-non-crop,0.8527741,0.14722592
5120_canada,0.2724156,0.7275844
1187_tanzania-ceo,0.5919111,0.40808886
1384_germany,0.27241522,0.7275848
1316_croplands,0.2724181,0.72758186
1386_kenya-non-crop,0.75023687,0.24976309
647_lem-brazil,0.5845447,0.41545534
15976_geowiki-landcover-2017,0.6017105,0.3982895
762_lem-brazil,0.5845403,0.41545975
2149_kenya-non-crop,0.7366661,0.26333395
1052_reunion-france,0.61111635,0.38888368
25695_geowiki-landcover-2017,0.42184123,0.5781588
4088_central-asia,0.27251604,0.727484
7533_canada,0.5845386,0.4154614
21321_geowiki-landcover-2017,0.272422,0.72757804
22164_geowiki-landcover-2017,0.27241635,0.72758365
3194_ile-de-france,0.27241513,0.72758484
1849_tanzania-ceo,0.7502201,0.24977991
1279_kenya-non-crop,0.85279816,0.14720182
29417_geowiki-landcover-2017,0.58453923,0.4154608
2295_ile-de-france,0.27241537,0.72758466
14877_geowiki-landcover-2017,0.4217968,0.5782032
32618_geowiki-landcover-2017,0.2724157,0.72758436
11314_geowiki-landcover-2017,0.58454055,0.41545945
2307_canada,0.2724151,0.72758484
11506_geowiki-landcover-2017,0.4193307,0.58066934
8743_geowiki-landcover-2017,0.27241525,0.7275848
18210_geowiki-landcover-2017,0.42179525,0.57820475
2036_kenya-non-crop,0.7444884,0.2555116
275_germany,0.42179525,0.57820475
1035_geowiki-landcover-2017,0.59190935,0.40809062
29173_geowiki-landcover-2017,0.27241516,0.72758484
29644_geowiki-landcover-2017,0.4193079,0.5806922
5120_geowiki-landcover-2017,0.5845388,0.41546112
1848_geowiki-landcover-2017,0.74449116,0.25550887
2304_central-asia,0.272417,0.72758293
3673_central-asia,0.2724387,0.7275613
6409_canada,0.2724153,0.72758466
4579_ile-de-france,0.2724181,0.72758186
2624_rwanda-ceo,0.73666626,0.26333374
8840_geowiki-landcover-2017,0.28139827,0.71860176
1023_mali-helmets-labelling-crops,0.42181158,0.57818836
3982_canada,0.2724152,0.72758484
11481_geowiki-landcover-2017,0.43673947,0.5632605
2336_martinique-france,0.74447966,0.25552028
22321_geowiki-landcover-2017,0.27241525,0.7275848
35834_geowiki-landcover-2017,0.42179522,0.5782048
5930_ile-de-france,0.4217927,0.5782074
1226_togo,0.74448895,0.25551108
12227_geowiki-landcover-2017,0.4267491,0.5732509
3022_central-asia,0.27241626,0.7275837
5943_geowiki-landcover-2017,0.74449056,0.25550944
2268_kenya-non-crop,0.74449074,0.25550932
5915_canada,0.2724152,0.72758484
899_geowiki-landcover-2017,0.5919106,0.40808937
1372_canada,0.2724151,0.7275849
2594_geowiki-landcover-2017,0.7483272,0.25167283
1506_germany,0.27241585,0.7275841
7632_geowiki-landcover-2017,0.74448854,0.2555115
2668_reunion-france,0.5919018,0.40809822
20758_geowiki-landcover-2017,0.42675027,0.57324976
2697_geowiki-landcover-2017,0.41932455,0.5806754
82_kenya,0.736666,0.26333398
630_tanzania-rice-ecaas,0.7366658,0.2633342
1633_rwanda-ceo,0.5919091,0.40809092
17657_geowiki-landcover-2017,0.4217671,0.5782329
21042_geowiki-landcover-2017,0.43674153,0.56325847
33822_geowiki-landcover-2017,0.42179564,0.5782044
1087_martinique-france,0.6017099,0.3982901
4325_croplands,0.27241746,0.7275826
3813_central-asia,0.27244034,0.7275596
785_central-asia,0.27241746,0.7275826
71_canada,0.2724152,0.72758484
2344_martinique-france,0.5845356,0.41546443
802_reunion-france,0.42675522,0.57324475
1497_geowiki-landcover-2017,0.60656416,0.39343584
1240_togo,0.5845314,0.41546854
4748_central-asia,0.2724752,0.72752476
12014_geowiki-landcover-2017,0.6065608,0.3934392
1734_reunion-france,0.6017134,0.39828658
5253_canada,0.27241504,0.72758496
220_ethiopia,0.58453995,0.41546
2653_geowiki-landcover-2017,0.58454007,0.4154599
13187_geowiki-landcover-2017,0.6017156,0.39828435
5935_ile-de-france,0.27371204,0.7262879
44_canada,0.2724152,0.7275848
407_ethiopia,0.85255563,0.14744432
27054_geowiki-landcover-2017,0.5845405,0.41545957
3561_geowiki-landcover-2017,0.58453786,0.41546214
1252_tanzania-ceo,0.59183,0.40816998
28018_geowiki-landcover-2017,0.27242148,0.7275785
2425_ile-de-france,0.27241585,0.7275841
14051_croplands,0.5919089,0.4080912
893_togo,0.74449044,0.25550956
5989_geowiki-landcover-2017,0.74434704,0.25565296
231_geowiki-landcover-2017,0.7366661,0.26333395
116_croplands,0.42179573,0.5782043
665_martinique-france,0.42181706,0.57818294
3702_ile-de-france,0.2724152,0.7275848
980_germany,0.4217954,0.57820463
7293_geowiki-landcover-2017,0.59927607,0.40072387
1605_central-asia,0.2724641,0.7275359
847_reunion-france,0.5919103,0.4080897
727_central-asia,0.2724164,0.7275836
30102_geowiki-landcover-2017,0.42185366,0.5781463
4346_ile-de-france,0.27241525,0.7275847
1473_canada,0.43674144,0.5632585
3078_croplands,0.5919099,0.4080901
1264_tanzania-ceo,0.75023717,0.24976282
2977_rwanda-ceo,0.736665,0.26333493
4305_central-asia,0.27241567,0.72758436
2820_central-asia,0.2724166,0.7275834
22849_geowiki-landcover-2017,0.85279816,0.14720182
13688_croplands,0.42179522,0.5782048
861_canada,0.27241516,0.72758484
1442_central-asia,0.27463263,0.72536737
9483_geowiki-landcover-2017,0.7444934,0.25550658
4234_canada,0.27241585,0.7275841
1346_croplands,0.5845389,0.41546112
6394_canada,0.27241525,0.7275847
6893_croplands,0.59190977,0.40809026
643_mali-helmets-labelling-crops,0.5845392,0.41546088
774_kenya-non-crop,0.7366658,0.26333416
9622_geowiki-landcover-2017,0.7366663,0.2633337
6064_canada,0.4217938,0.5782062
2512_kenya-non-crop,0.7366671,0.26333284
933_tanzania-ceo,0.7502378,0.24976215
79_tanzania-ceo,0.73666525,0.26333478
5851_canada,0.27241513,0.72758484
931_germany,0.27241558,0.7275845
9259_croplands,0.42179585,0.57820415
20404_geowiki-landcover-2017,0.43687773,0.5631223
28472_geowiki-landcover-2017,0.852798,0.14720199
598_ile-de-france,0.43674135,0.56325865
29029_geowiki-landcover-2017,0.27241504,0.72758496
7864_geowiki-landcover-2017,0.5845394,0.41546062
1643_kenya-non-crop,0.7366649,0.26333514
1113_reunion-france,0.7502363,0.24976367
110_rwanda-ceo,0.750237,0.24976306
773_rwanda-ceo,0.5919112,0.4080888
2904_ile-de-france,0.2724155,0.7275845
16799_geowiki-landcover-2017,0.42179614,0.57820386
662_tanzania-rice-ecaas,0.58945876,0.41054118
7424_croplands,0.5919076,0.40809244
30932_geowiki-landcover-2017,0.2724152,0.7275848
154_ile-de-france,0.27241516,0.72758484
4357_croplands,0.60170716,0.3982928
33397_geowiki-landcover-2017,0.4218154,0.57818466
2173_central-asia,0.27241734,0.7275827
6147_ile-de-france,0.27241516,0.72758484
679_tanzania-ceo,0.5919114,0.4080886
34832_geowiki-landcover-2017,0.42675316,0.57324684
4977_geowiki-landcover-2017,0.8527906,0.14720933
1617_germany,0.27241582,0.72758424
12521_geowiki-landcover-2017,0.59190565,0.4080943
512_germany,0.2724201,0.72757995
27030_geowiki-landcover-2017,0.6017113,0.39828873
2153_reunion-france,0.7502338,0.24976617
5933_canada,0.2724152,0.7275848
1662_central-asia,0.27261028,0.7273897
1262_canada,0.2724152,0.72758484
515_rwanda-ceo,0.5919111,0.40808892
2606_rwanda-ceo,0.852797,0.14720301
546_kenya-non-crop,0.8527982,0.14720178
138_central-asia,0.27241576,0.72758424
30300_geowiki-landcover-2017,0.42179555,0.5782044
13670_geowiki-landcover-2017,0.42179564,0.5782044
7002_geowiki-landcover-2017,0.73666674,0.26333326
31426_geowiki-landcover-2017,0.736666,0.263334
16446_geowiki-landcover-2017,0.60171074,0.39828923
1349_ile-de-france,0.42176732,0.5782327
8847_croplands,0.2724171,0.72758293
8232_geowiki-landcover-2017,0.6065613,0.39343867
2378_tanzania-ceo,0.5845393,0.41546065
13013_croplands,0.42179567,0.57820433
33951_geowiki-landcover-2017,0.2724241,0.7275759
1564_martinique-france,0.42179826,0.5782017
34922_geowiki-landcover-2017,0.2724171,0.7275829
7452_geowiki-landcover-2017,0.60220236,0.3977976
16218_geowiki-landcover-2017,0.7502366,0.2497634
30228_geowiki-landcover-2017,0.6065386,0.39346144
10875_croplands,0.58447397,0.41552606
3863_central-asia,0.27241635,0.72758365
408_tanzania-ceo,0.5845393,0.41546074
2565_kenya-non-crop,0.736654,0.26334605
828_germany,0.2724154,0.7275846
10761_croplands,0.59190774,0.4080922
799_canada,0.4217959,0.5782041
2637_central-asia,0.2724161,0.7275838
1576_geowiki-landcover-2017,0.58945614,0.4105439
2415_reunion-france,0.60171115,0.39828882
4689_central-asia,0.2724162,0.72758377
4053_ile-de-france,0.27241516,0.72758484
17548_geowiki-landcover-2017,0.60655934,0.3934406
8835_croplands,0.42179444,0.5782055
66_uganda,0.7366494,0.26335058
989_rwanda-ceo,0.7366658,0.2633342
1702_canada,0.27241683,0.7275832
15114_geowiki-landcover-2017,0.6017245,0.3982755
26581_geowiki-landcover-2017,0.2724165,0.72758347
901_kenya-non-crop,0.7483295,0.25167042
933_central-asia,0.27241573,0.7275843
169_uganda,0.85279524,0.14720477
31882_geowiki-landcover-2017,0.2724156,0.7275844
28945_geowiki-landcover-2017,0.42179754,0.5782024
2175_germany,0.27241564,0.72758436
5014_geowiki-landcover-2017,0.8527982,0.14720172
4289_central-asia,0.27241576,0.7275843
502_tanzania-ceo,0.85279316,0.14720684
3640_croplands,0.5919098,0.40809014
29559_geowiki-landcover-2017,0.41931897,0.5806811
955_reunion-france,0.6017106,0.3982894
167_reunion-france,0.7502366,0.24976341
5949_ile-de-france,0.27241537,0.72758466
1832_rwanda-ceo,0.5919189,0.40808108
5764_geowiki-landcover-2017,0.60171103,0.39828897
4259_ile-de-france,0.2724167,0.72758335
18993_geowiki-landcover-2017,0.4367412,0.56325877
30803_geowiki-landcover-2017,0.27241525,0.7275848
365_tanzania-rice-ecaas,0.73666435,0.2633356
25786_geowiki-landcover-2017,0.42674902,0.57325095
4398_ile-de-france,0.27241632,0.72758365
245_kenya,0.73666555,0.26333445
4019_central-asia,0.41925457,0.5807454
3217_ile-de-france,0.27241606,0.72758394
21235_geowiki-landcover-2017,0.58444893,0.41555107
11876_geowiki-landcover-2017,0.5992755,0.40072447
34993_geowiki-landcover-2017,0.42674887,0.5732512
1080_croplands,0.42183852,0.57816154
584_reunion-france,0.75023615,0.2497638
217_lem-brazil,0.5904731,0.4095269
1376_mali-helmets-labelling-crops,0.42179814,0.57820183
549_rwanda-ceo,0.7502402,0.24975984
11875_geowiki-landcover-2017,0.5845397,0.4154603
34308_geowiki-landcover-2017,0.7444905,0.25550947
625_reunion-france,0.59191054,0.40808943
1990_canada,0.27241516,0.72758484
18443_geowiki-landcover-2017,0.42674938,0.57325065
344_lem-brazil,0.73665977,0.26334023
3076_geowiki-landcover-2017,0.5845397,0.41546023
195_lem-brazil,0.5918974,0.40810263
7143_geowiki-landcover-2017,0.43674174,0.5632583
5420_canada,0.2724152,0.7275848
13394_geowiki-landcover-2017,0.59191084,0.4080891
3251_rwanda-ceo,0.8527981,0.14720188
4451_croplands,0.2724161,0.7275838
7523_geowiki-landcover-2017,0.5845395,0.41546056
781_mali-helmets-labelling-crops,0.4217961,0.57820386
3906_canada,0.27241513,0.72758484
5879_canada,0.27241576,0.7275843
2856_geowiki-landcover-2017,0.5845393,0.41546074
30517_geowiki-landcover-2017,0.2724155,0.7275845
17769_geowiki-landcover-2017,0.4353535,0.56464654
18424_geowiki-landcover-2017,0.6017104,0.39828962
34920_geowiki-landcover-2017,0.4367416,0.56325847
3177_ile-de-france,0.27241534,0.72758466
6450_geowiki-landcover-2017,0.2724154,0.7275846
1899_ile-de-france,0.27241528,0.7275847
8071_geowiki-landcover-2017,0.43674153,0.56325847
18946_geowiki-landcover-2017,0.2724154,0.7275846
1789_rwanda-ceo,0.75023687,0.24976309
1557_central-asia,0.27246407,0.7275359
23315_geowiki-landcover-2017,0.43469575,0.5653043
4508_canada,0.2724271,0.7275729
3551_central-asia,0.27251032,0.7274897
782_reunion-france,0.5919247,0.40807524
31912_geowiki-landcover-2017,0.4217973,0.57820266
370_martinique-france,0.74832845,0.25167152
90_canada,0.27241635,0.72758365
34795_geowiki-landcover-2017,0.43673286,0.5632672
2282_central-asia,0.27241716,0.7275828
29298_geowiki-landcover-2017,0.27241695,0.72758305
1960_reunion-france,0.59191054,0.40808952
1370_martinique-france,0.7444804,0.25551963
1907_tanzania-ceo,0.5845239,0.41547608
1543_ile-de-france,0.27241597,0.727584
15204_geowiki-landcover-2017,0.60656315,0.39343682
489_martinique-france,0.601712,0.39828804
12_sudan,0.5845372,0.41546282
33270_geowiki-landcover-2017,0.27241543,0.7275846
327_ethiopia,0.73666424,0.2633358
10409_geowiki-landcover-2017,0.42674878,0.57325125
6689_croplands,0.5919103,0.4080897
1472_rwanda-ceo,0.7502364,0.24976353
5496_canada,0.27241537,0.72758466
35561_geowiki-landcover-2017,0.5845377,0.41546232
5056_central-asia,0.42291644,0.5770836
1276_ile-de-france,0.4367043,0.5632957
844_togo,0.5919116,0.40808842
1525_martinique-france,0.42181772,0.57818234
1884_central-asia,0.27284136,0.7271586
483_tanzania-ceo,0.59191096,0.4080891
535_canada,0.27241528,0.7275847
4093_central-asia,0.4218104,0.57818955
3236_central-asia,0.58439463,0.41560537
799_mali-helmets-labelling-crops,0.2740777,0.7259222
8179_geowiki-landcover-2017,0.74449027,0.2555098
16697_geowiki-landcover-2017,0.5845395,0.4154605
33302_geowiki-landcover-2017,0.42674825,0.5732517
1082_kenya-non-crop,0.73666567,0.26333436
1079_martinique-france,0.6017081,0.39829186
2155_martinique-france,0.42179695,0.578203
1875_germany,0.2724154,0.7275846
139_mali,0.58453906,0.4154609
238_rwanda-ceo,0.7366681,0.26333183
7557_canada,0.28546414,0.71453583
19_germany,0.27241516,0.72758484
1515_tanzania-ceo,0.59191084,0.4080892
1112_canada,0.2724152,0.7275848
31220_geowiki-landcover-2017,0.5845386,0.41546142
2764_canada,0.27241513,0.72758484
489_germany,0.43674183,0.5632581
14343_geowiki-landcover-2017,0.5846491,0.41535097
713_lem-brazil,0.73666245,0.26333752
3_mali-non-crop,0.42179698,0.578203
5614_canada,0.42178977,0.57821023
1071_ile-de-france,0.27241543,0.7275846
2319_tanzania-ceo,0.7366658,0.26333416
824_mali-helmets-labelling-crops,0.421695,0.578305
4212_canada,0.27241635,0.72758365
4543_canada,0.4217982,0.5782018
126_rwanda-ceo,0.85279834,0.1472017
2883_rwanda-ceo,0.74964577,0.2503542
1285_geowiki-landcover-2017,0.5919102,0.40808985
588_mali-helmets-labelling-crops,0.58453923,0.41546077
33128_geowiki-landcover-2017,0.5845406,0.41545936
6707_geowiki-landcover-2017,0.73666626,0.26333374
435_canada,0.2724152,0.72758484
876_canada,0.27241513,0.72758484
3946_central-asia,0.58443695,0.41556308
92_kenya,0.73666567,0.2633343
1136_mali-helmets-labelling-crops,0.43132496,0.56867504
1970_martinique-france,0.7444879,0.25551215
13512_croplands,0.4217953,0.5782047
55_kenya,0.7366662,0.2633338
1655_germany,0.2724195,0.7275805
4346_croplands,0.42179647,0.5782035
12611_croplands,0.74448866,0.2555113
179_tanzania,0.7366662,0.2633338
2399_germany,0.27241534,0.72758466
2086_tanzania-ceo,0.73666114,0.2633389
1446_rwanda-ceo,0.5919111,0.40808892
4291_central-asia,0.27241609,0.72758394
218_ile-de-france,0.2724156,0.72758436
1521_kenya-non-crop,0.5992825,0.4007175
3790_central-asia,0.2724181,0.72758186
479_geowiki-landcover-2017,0.42674965,0.5732503
528_rwanda-ceo,0.8527972,0.14720282
4712_croplands,0.42179644,0.5782036
1111_kenya-non-crop,0.8527581,0.14724186
3538_central-asia,0.27251014,0.7274898
916_mali-helmets-labelling-crops,0.42381197,0.57618797
151_kenya-non-crop,0.8527979,0.14720207
1796_geowiki-landcover-2017,0.60171235,0.39828768
675_ile-de-france,0.2724151,0.72758484
2934_ile-de-france,0.27241528,0.7275847
3220_ile-de-france,0.27241924,0.7275808
245_geowiki-landcover-2017,0.59191036,0.4080896
1789_martinique-france,0.6017178,0.39828217
15283_geowiki-landcover-2017,0.8527981,0.1472019
26611_geowiki-landcover-2017,0.27241513,0.72758484
6697_croplands,0.59191036,0.40808967
1265_canada,0.2724151,0.72758484
4828_ile-de-france,0.43674016,0.5632598
3090_ile-de-france,0.27241525,0.7275847
35091_geowiki-landcover-2017,0.42180058,0.5781994
5239_ile-de-france,0.42178303,0.57821697
6967_croplands,0.5919091,0.4080909
1694_tanzania-ceo,0.59191114,0.40808886
4790_central-asia,0.27246496,0.727535
656_tanzania-rice-ecaas,0.73653793,0.26346204
1393_central-asia,0.2741751,0.7258249
11297_geowiki-landcover-2017,0.58453923,0.41546077
1637_kenya-non-crop,0.5896449,0.4103551
23770_geowiki-landcover-2017,0.7502366,0.2497634
136_uganda,0.7366313,0.26336876
3653_geowiki-landcover-2017,0.42180425,0.57819575
30138_geowiki-landcover-2017,0.8527982,0.14720176
2246_tanzania-ceo,0.8527822,0.14721781
5867_ile-de-france,0.27241552,0.7275845
36_sudan,0.5845393,0.41546065
2293_central-asia,0.2724173,0.7275827
4802_geowiki-landcover-2017,0.4367348,0.56326526
2565_rwanda-ceo,0.85279816,0.14720182
654_reunion-france,0.5919097,0.40809035
6315_canada,0.27241528,0.7275847
2714_central-asia,0.27241996,0.7275801
2271_martinique-france,0.6065713,0.39342865
29345_geowiki-landcover-2017,0.2724153,0.7275847
15687_geowiki-landcover-2017,0.6065605,0.39343944
1375_canada,0.27241513,0.72758484
2117_reunion-france,0.4367421,0.56325793
897_canada,0.27241516,0.72758484
29191_geowiki-landcover-2017,0.27241504,0.72758496
13532_croplands,0.42179495,0.57820505
6703_canada,0.2724153,0.72758466
1727_germany,0.27241525,0.7275848
2063_geowiki-landcover-2017,0.7444908,0.25550926
9490_geowiki-landcover-2017,0.5845385,0.41546145
514_lem-brazil,0.5845814,0.4154186
3072_ile-de-france,0.42178464,0.5782154
1467_canada,0.27242,0.7275801
296_ethiopia,0.8527979,0.14720212
22630_geowiki-landcover-2017,0.43674257,0.5632574
6_uganda,0.7502367,0.24976327
815_ethiopia,0.8527981,0.14720193
2542_rwanda-ceo,0.7366658,0.26333416
1048_reunion-france,0.7502367,0.24976335
28026_geowiki-landcover-2017,0.27241543,0.7275846
381_canada,0.601711,0.39828902
1686_rwanda-ceo,0.8527949,0.1472051
10950_geowiki-landcover-2017,0.7444895,0.25551057
233_sudan,0.41932198,0.580678
26515_geowiki-landcover-2017,0.7502328,0.24976718
22458_geowiki-landcover-2017,0.42179567,0.57820433
5388_ile-de-france,0.27241558,0.7275845
1031_kenya-non-crop,0.73666453,0.2633355
4692_croplands,0.42179283,0.57820714
366_tanzania-ceo,0.736664,0.26333597
558_togo,0.42179587,0.57820415
2649_ile-de-france,0.2724151,0.72758484
6479_geowiki-landcover-2017,0.42179385,0.5782062
4635_ile-de-france,0.4216408,0.5783592
747_tanzania-ceo,0.7366659,0.26333404
5950_ile-de-france,0.42179477,0.5782052
3291_geowiki-landcover-2017,0.7444665,0.2555335
11965_geowiki-landcover-2017,0.85279775,0.14720222
1109_rwanda-ceo,0.75023705,0.24976295
5349_ile-de-france,0.2724155,0.7275845
3992_ile-de-france,0.42179105,0.5782089
6483_geowiki-landcover-2017,0.5919125,0.40808752
1549_germany,0.27241546,0.72758454
6350_canada,0.42179388,0.5782061
244_kenya,0.7366694,0.26333055
2122_tanzania-ceo,0.7444908,0.25550926
5040_central-asia,0.41735247,0.58264756
34_mali-non-crop,0.42181,0.57818997
527_reunion-france,0.5919104,0.4080896
26904_geowiki-landcover-2017,0.42674974,0.57325023
11692_geowiki-landcover-2017,0.59191066,0.40808934
684_lem-brazil,0.584604,0.415396
339_croplands,0.42179564,0.5782044
9487_croplands,0.43724015,0.5627598
1364_kenya-non-crop,0.73663735,0.26336262
913_geowiki-landcover-2017,0.42674744,0.57325256
327_kenya-non-crop,0.852798,0.147202
2609_kenya-non-crop,0.8525424,0.14745755
1125_central-asia,0.2725496,0.7274504
461_lem-brazil,0.7502038,0.24979614
19919_geowiki-landcover-2017,0.42674863,0.57325137
4280_central-asia,0.2724156,0.7275844
1452_ile-de-france,0.27241507,0.7275849
28021_geowiki-landcover-2017,0.42179605,0.5782039
345_germany,0.27241558,0.7275844
24574_geowiki-landcover-2017,0.60655946,0.3934405
2800_rwanda-ceo,0.85279816,0.14720187
29121_geowiki-landcover-2017,0.2724152,0.7275848
18886_geowiki-landcover-2017,0.42179596,0.578204
1096_germany,0.27326626,0.72673374
883_reunion-france,0.5919105,0.40808952
3167_canada,0.2724152,0.7275848
1410_rwanda-ceo,0.5919111,0.4080889
1829_central-asia,0.27284098,0.727159
11227_geowiki-landcover-2017,0.2724239,0.7275761
5815_croplands,0.60136837,0.39863157
1163_ile-de-france,0.42160615,0.5783939
5965_canada,0.27241883,0.7275812
299_kenya-non-crop,0.7366659,0.26333404
5967_geowiki-landcover-2017,0.42179573,0.5782043
26006_geowiki-landcover-2017,0.2724805,0.72751945
3174_geowiki-landcover-2017,0.58453906,0.41546097
32391_geowiki-landcover-2017,0.27241632,0.7275837
6719_geowiki-landcover-2017,0.58453965,0.41546032
9527_croplands,0.42674762,0.5732523
28292_geowiki-landcover-2017,0.7444908,0.25550923
2842_ile-de-france,0.27241582,0.72758424
5095_ile-de-france,0.2724155,0.7275845
159_lem-brazil,0.58454037,0.41545963
17361_geowiki-landcover-2017,0.60656077,0.39343923
5071_geowiki-landcover-2017,0.42675874,0.5732413
4333_croplands,0.4217893,0.5782107
3979_geowiki-landcover-2017,0.591911,0.40808898
910_germany,0.2724156,0.7275844
28297_geowiki-landcover-2017,0.601711,0.39828905
146_central-asia,0.27241567,0.72758436
2397_germany,0.27241632,0.7275837
3500_croplands,0.42176595,0.5782341
167_tanzania,0.59192073,0.40807927
1843_ile-de-france,0.27241537,0.72758466
1179_geowiki-landcover-2017,0.59191066,0.40808934
1759_ile-de-france,0.27241537,0.72758466
1270_ile-de-france,0.4367313,0.5632687
1007_reunion-france,0.2724174,0.7275826
6016_canada,0.27241516,0.72758484
33383_geowiki-landcover-2017,0.27241516,0.72758484
2324_germany,0.2724354,0.72756463
4426_central-asia,0.27241564,0.72758436
2266_central-asia,0.2724169,0.72758305
4301_canada,0.27241546,0.72758454
1649_rwanda-ceo,0.75023735,0.24976268
2091_central-asia,0.27241728,0.7275827
3029_central-asia,0.27243182,0.7275682
1399_mali-helmets-labelling-crops,0.42179564,0.5782044
1160_central-asia,0.41860816,0.5813918
1259_tanzania-ceo,0.7444915,0.2555085
20172_geowiki-landcover-2017,0.27242455,0.7275754
2677_ile-de-france,0.27242106,0.72757894
22157_geowiki-landcover-2017,0.43674296,0.5632571
15739_geowiki-landcover-2017,0.60655916,0.39344087
3049_geowiki-landcover-2017,0.4218033,0.57819664
24462_geowiki-landcover-2017,0.27241734,0.72758263
1593_canada,0.27241635,0.72758365
28820_geowiki-landcover-2017,0.27241507,0.7275849
2189_rwanda-ceo,0.7366658,0.2633342
750_canada,0.2724151,0.72758484
20209_geowiki-landcover-2017,0.2724153,0.72758466
595_rwanda-ceo,0.7366662,0.26333386
6474_canada,0.27241528,0.7275847
7779_canada,0.2724169,0.72758305
376_togo,0.4217974,0.57820266
5559_canada,0.27241525,0.7275848
4318_croplands,0.4217953,0.5782047
29931_geowiki-landcover-2017,0.6017452,0.39825484
32240_geowiki-landcover-2017,0.5919097,0.40809032
997_central-asia,0.27241942,0.72758055
1639_rwanda-ceo,0.7366587,0.2633413
351_mali-helmets-labelling-crops,0.584539,0.41546097
1363_martinique-france,0.27241716,0.7275828
846_canada,0.2724154,0.7275846
1664_ile-de-france,0.2724155,0.72758454
592_togo,0.5845359,0.41546407
2204_reunion-france,0.7502365,0.24976349
2021_central-asia,0.27246395,0.7275361
42_tanzania-ceo,0.5894593,0.41054067
4187_canada,0.2724191,0.7275809
9847_geowiki-landcover-2017,0.58453876,0.4154613
472_tanzania-rice-ecaas,0.7365994,0.26340064
2318_ile-de-france,0.2724153,0.72758466
20755_geowiki-landcover-2017,0.85279757,0.14720246
772_mali-helmets-labelling-crops,0.4218118,0.57818824
1825_rwanda-ceo,0.59231645,0.4076836
3730_central-asia,0.27242753,0.7275725
3090_central-asia,0.272416,0.72758394
10009_croplands,0.59190875,0.40809128
2529_ile-de-france,0.42179364,0.57820636
35038_geowiki-landcover-2017,0.59190816,0.4080918
2689_reunion-france,0.5919107,0.40808928
4918_geowiki-landcover-2017,0.4267676,0.57323235
571_geowiki-landcover-2017,0.7444914,0.2555086
4103_central-asia,0.42181087,0.5781892
15890_geowiki-landcover-2017,0.58453894,0.41546106
34004_geowiki-landcover-2017,0.4217961,0.5782039
14290_croplands,0.5916683,0.40833175
24621_geowiki-landcover-2017,0.606561,0.39343894
874_central-asia,0.27241653,0.72758347
6905_canada,0.27241513,0.72758484
281_lem-brazil,0.58454156,0.41545844
17898_geowiki-landcover-2017,0.591766,0.408234
193_germany,0.27241525,0.7275848
34434_geowiki-landcover-2017,0.58454,0.41546
32009_geowiki-landcover-2017,0.2724151,0.72758484
2610_central-asia,0.27241707,0.72758293
30469_geowiki-landcover-2017,0.27241525,0.7275847
62_central-asia,0.27243102,0.727569
29394_geowiki-landcover-2017,0.27241558,0.7275844
117_tanzania-ceo,0.7502382,0.24976185
904_mali-helmets-labelling-crops,0.42181182,0.57818824
22546_geowiki-landcover-2017,0.59191066,0.4080893
4510_canada,0.27241766,0.72758234
5547_ile-de-france,0.27241516,0.72758484
2272_central-asia,0.42179182,0.5782082
3391_geowiki-landcover-2017,0.7444907,0.25550938
3027_croplands,0.5919098,0.40809017
28697_geowiki-landcover-2017,0.7366657,0.26333427
1753_rwanda-ceo,0.7502366,0.2497634
2914_ile-de-france,0.27241543,0.7275846
1782_ile-de-france,0.4217943,0.5782057
2786_ile-de-france,0.2724151,0.7275849
3866_geowiki-landcover-2017,0.7502298,0.24977024
2944_croplands,0.5919104,0.4080896
9215_croplands,0.4217956,0.5782044
8352_geowiki-landcover-2017,0.74448746,0.2555125
3898_ile-de-france,0.27241525,0.7275848
853_ile-de-france,0.27241525,0.7275848
641_central-asia,0.27241862,0.7275814
828_kenya-non-crop,0.73666555,0.26333448
1850_martinique-france,0.59927416,0.40072584
13129_geowiki-landcover-2017,0.59191096,0.40808907
12387_geowiki-landcover-2017,0.43673941,0.5632606
19018_geowiki-landcover-2017,0.4217958,0.5782043
2705_reunion-france,0.75023264,0.24976733
690_kenya-non-crop,0.73666507,0.26333493
82_tanzania,0.73666376,0.26333624
1665_central-asia,0.27261016,0.7273898
2103_martinique-france,0.5895458,0.41045418
4977_central-asia,0.2733306,0.72666943
1413_kenya-non-crop,0.59191024,0.40808976
5047_canada,0.27241534,0.72758466
3085_geowiki-landcover-2017,0.4218032,0.57819676
7706_canada,0.27241516,0.72758484
25852_geowiki-landcover-2017,0.6065602,0.3934399
6634_geowiki-landcover-2017,0.60171044,0.3982896
7665_canada,0.27241525,0.7275848
99_rwanda-ceo,0.8527979,0.14720215
8067_geowiki-landcover-2017,0.42178965,0.57821035
28473_geowiki-landcover-2017,0.7444912,0.25550878
10962_geowiki-landcover-2017,0.6065606,0.39343944
1994_geowiki-landcover-2017,0.5985771,0.4014229
10883_croplands,0.4195039,0.58049613
22348_geowiki-landcover-2017,0.27241623,0.72758377
4016_geowiki-landcover-2017,0.7502406,0.24975933
2_ethiopia,0.73666495,0.26333502
3215_rwanda-ceo,0.7366662,0.2633338
302_central-asia,0.4217693,0.57823074
2223_martinique-france,0.7444871,0.25551292
18616_geowiki-landcover-2017,0.59191126,0.40808877
459_tanzania-ceo,0.7366701,0.2633299
142_sudan,0.58454144,0.4154586
1521_tanzania-ceo,0.59192085,0.4080791
147_ile-de-france,0.27241558,0.7275845
15268_geowiki-landcover-2017,0.7444673,0.25553265
280_ethiopia,0.75029147,0.24970855
8082_geowiki-landcover-2017,0.58453953,0.41546044
7012_geowiki-landcover-2017,0.41966262,0.58033735
4749_ile-de-france,0.2724216,0.7275784
725_central-asia,0.27241975,0.72758025
324_canada,0.2724156,0.7275844
1634_canada,0.2724153,0.7275847
3893_ile-de-france,0.27241543,0.7275846
3773_ile-de-france,0.2724152,0.72758484
2402_ile-de-france,0.27241516,0.72758484
28_lem-brazil,0.5845478,0.41545218
1787_rwanda-ceo,0.5919108,0.40808922
35768_geowiki-landcover-2017,0.4217963,0.5782037
5474_canada,0.2724155,0.7275845
60_kenya-non-crop,0.73666346,0.2633365
79_martinique-france,0.744488,0.25551197
2204_germany,0.4217956,0.5782044
993_central-asia,0.2724164,0.7275836
28655_geowiki-landcover-2017,0.27241507,0.7275849
437_togo,0.5845354,0.41546458
7446_canada,0.27241594,0.72758406
24714_geowiki-landcover-2017,0.42179412,0.5782058
7052_canada,0.2724153,0.72758466
3403_geowiki-landcover-2017,0.5845348,0.4154652
1591_rwanda-ceo,0.7366517,0.26334825
784_croplands,0.5845208,0.4154792
29667_geowiki-landcover-2017,0.2724158,0.72758424
2170_ile-de-france,0.2724154,0.7275846
2466_kenya-non-crop,0.5845394,0.41546056
2138_tanzania-ceo,0.5846754,0.41532463
24584_geowiki-landcover-2017,0.59191084,0.4080892
11194_geowiki-landcover-2017,0.5845392,0.41546088
8311_geowiki-landcover-2017,0.606561,0.39343894
10750_croplands,0.59183466,0.40816537
4056_geowiki-landcover-2017,0.5845409,0.4154591
307_tanzania,0.59202707,0.4079729
415_kenya-non-crop,0.7366663,0.2633337
3445_geowiki-landcover-2017,0.42181352,0.57818645
2519_central-asia,0.2724169,0.72758305
1802_rwanda-ceo,0.8527982,0.14720179
292_ethiopia,0.73666114,0.26333883
19277_geowiki-landcover-2017,0.42179772,0.5782023
892_central-asia,0.27241588,0.72758406
288_ethiopia,0.736666,0.263334
7624_canada,0.2724153,0.7275847
297_reunion-france,0.59191,0.40808997
7363_geowiki-landcover-2017,0.42178032,0.5782197
1683_ile-de-france,0.42179307,0.5782069
3069_geowiki-landcover-2017,0.5845386,0.41546142
16793_geowiki-landcover-2017,0.7502031,0.24979693
6288_canada,0.27241543,0.7275846
6416_geowiki-landcover-2017,0.4217942,0.5782058
6837_canada,0.2724169,0.72758305
34718_geowiki-landcover-2017,0.27241507,0.7275849
19665_geowiki-landcover-2017,0.6017091,0.39829087
28142_geowiki-landcover-2017,0.4267496,0.5732504
2441_canada,0.27241525,0.7275847
770_togo,0.58452773,0.4154723
9605_geowiki-landcover-2017,0.5845394,0.41546056
328_lem-brazil,0.5845405,0.4154595
946_ile-de-france,0.27241546,0.72758454
783_germany,0.4217955,0.5782045
3821_geowiki-landcover-2017,0.58453923,0.4154608
2287_tanzania-ceo,0.7502364,0.24976353
16037_geowiki-landcover-2017,0.59190726,0.4080927
1171_tanzania-ceo,0.85279816,0.14720182
1748_ile-de-france,0.2724152,0.7275848
25443_geowiki-landcover-2017,0.2724159,0.72758406
13388_croplands,0.42179865,0.57820135
2860_geowiki-landcover-2017,0.27251777,0.72748226
31007_geowiki-landcover-2017,0.27241525,0.7275847
1437_rwanda-ceo,0.7366635,0.26333645
10715_croplands,0.4217971,0.5782029
23064_geowiki-landcover-2017,0.58453923,0.41546077
2981_canada,0.42179596,0.57820404
1534_canada,0.4217953,0.57820475
1108_croplands,0.42179555,0.5782044
610_germany,0.42179528,0.57820475
2193_rwanda-ceo,0.7502371,0.24976288
2851_rwanda-ceo,0.73665285,0.26334712
3390_ile-de-france,0.42178145,0.5782185
33810_geowiki-landcover-2017,0.27241537,0.72758466
3459_geowiki-landcover-2017,0.5845405,0.41545957
22993_geowiki-landcover-2017,0.42179608,0.5782039
533_central-asia,0.27241948,0.72758055
21345_geowiki-landcover-2017,0.6065559,0.39344415
3030_geowiki-landcover-2017,0.58453935,0.41546065
1424_rwanda-ceo,0.73666626,0.26333374
557_germany,0.4217954,0.57820463
25437_geowiki-landcover-2017,0.27241513,0.72758484
336_germany,0.27241534,0.72758466
31580_geowiki-landcover-2017,0.74447876,0.2555212
4804_central-asia,0.27244687,0.7275531
389_central-asia,0.27241597,0.727584
21125_geowiki-landcover-2017,0.4367417,0.5632583
2644_geowiki-landcover-2017,0.74448854,0.2555115
432_togo,0.5845392,0.41546088
25128_geowiki-landcover-2017,0.4217926,0.57820743
268_lem-brazil,0.5917966,0.4082034
25102_geowiki-landcover-2017,0.74449074,0.25550932
25458_geowiki-landcover-2017,0.27241537,0.72758466
2486_central-asia,0.42172256,0.5782774
2513_rwanda-ceo,0.59191066,0.4080893
28463_geowiki-landcover-2017,0.43674144,0.5632585
1551_reunion-france,0.5919102,0.40808985
103_reunion-france,0.5919139,0.4080861
1371_ile-de-france,0.2724151,0.7275849
421_lem-brazil,0.58450484,0.4154952
4730_ile-de-france,0.27241537,0.72758466
13013_geowiki-landcover-2017,0.8527979,0.14720209
32183_geowiki-landcover-2017,0.4267458,0.57325417
5556_canada,0.27241537,0.72758466
1917_reunion-france,0.5919098,0.4080901
2686_rwanda-ceo,0.7502351,0.2497649
951_central-asia,0.27241609,0.7275839
1877_canada,0.27241507,0.7275849
974_croplands,0.27241525,0.7275848
24214_geowiki-landcover-2017,0.74448293,0.25551707
1059_togo,0.42179602,0.578204
218_kenya-non-crop,0.8527976,0.14720231
228_ile-de-france,0.27241525,0.7275847
9021_geowiki-landcover-2017,0.6065631,0.3934369
594_lem-brazil,0.744488,0.25551197
10609_geowiki-landcover-2017,0.59191066,0.4080893
4164_canada,0.27241713,0.7275829
2908_canada,0.2724173,0.7275827
2203_central-asia,0.27241746,0.7275826
5813_croplands,0.7500827,0.24991728
2578_kenya-non-crop,0.73665386,0.2633462
704_ethiopia,0.7366662,0.26333386
1090_martinique-france,0.74435455,0.25564548
6109_geowiki-landcover-2017,0.43674144,0.5632585
884_reunion-france,0.59191036,0.4080896
26_canada,0.27241558,0.7275844
25635_geowiki-landcover-2017,0.42674917,0.5732508
2622_canada,0.27241665,0.72758335
23341_geowiki-landcover-2017,0.43674213,0.5632579
552_lem-brazil,0.74463814,0.25536183
21006_geowiki-landcover-2017,0.43674237,0.56325763
24424_geowiki-landcover-2017,0.2724152,0.7275848
4795_canada,0.2724153,0.72758466
7871_geowiki-landcover-2017,0.42678592,0.5732141
2393_reunion-france,0.60656065,0.39343935
1700_central-asia,0.42203316,0.57796687
86_tanzania,0.73666507,0.26333487
225_central-asia,0.27241582,0.72758424
10638_geowiki-landcover-2017,0.8527972,0.14720273
1712_martinique-france,0.7365948,0.26340526
3157_ile-de-france,0.27241516,0.72758484
4656_central-asia,0.2724158,0.72758424
553_mali-helmets-labelling-crops,0.5845352,0.4154648
12166_geowiki-landcover-2017,0.42674914,0.5732509
1307_mali-helmets-labelling-crops,0.43132573,0.5686742
33227_geowiki-landcover-2017,0.27241516,0.72758484
3625_ile-de-france,0.27241516,0.72758484
138_mali-helmets-labelling-crops,0.58453774,0.4154622
1561_martinique-france,0.7483266,0.25167334
14679_geowiki-landcover-2017,0.5845388,0.4154612
214_sudan,0.41932228,0.58067775
457_tanzania-ceo,0.7366675,0.26333255
144_ile-de-france,0.42178583,0.5782142
24344_geowiki-landcover-2017,0.75023454,0.2497655
2623_central-asia,0.27241683,0.7275832
134_canada,0.27241513,0.72758484
3959_geowiki-landcover-2017,0.5919068,0.40809327
2392_central-asia,0.421792,0.57820797
7841_geowiki-landcover-2017,0.7444908,0.25550923
3949_central-asia,0.5844368,0.41556326
6181_canada,0.27241537,0.72758466
2068_geowiki-landcover-2017,0.852794,0.14720596
2145_tanzania-ceo,0.85279626,0.14720373
2279_geowiki-landcover-2017,0.7505103,0.24948968
4905_central-asia,0.27245495,0.727545
57_mali-helmets-labelling-crops,0.5845392,0.4154608
3018_rwanda-ceo,0.7366603,0.26333967
18773_geowiki-landcover-2017,0.4267535,0.5732465
14398_geowiki-landcover-2017,0.60656124,0.39343876
86_sudan,0.5845454,0.4154547
34_tanzania,0.7366658,0.26333418
554_geowiki-landcover-2017,0.75023687,0.2497631
3571_rwanda-ceo,0.59191066,0.40808934
1430_martinique-france,0.591911,0.40808898
7448_croplands,0.59190506,0.40809494
1081_central-asia,0.27254975,0.7274502
9858_geowiki-landcover-2017,0.8527963,0.14720368
26834_geowiki-landcover-2017,0.59191096,0.408089
14633_geowiki-landcover-2017,0.8527982,0.14720175
23316_geowiki-landcover-2017,0.42674938,0.57325065
3857_central-asia,0.2724172,0.7275828
2709_geowiki-landcover-2017,0.42179936,0.57820064
3131_rwanda-ceo,0.7366657,0.26333427
1258_croplands,0.41932258,0.58067745
10725_croplands,0.4289196,0.5710804
12317_geowiki-landcover-2017,0.5919115,0.40808848
2276_canada,0.42179576,0.5782043
2190_rwanda-ceo,0.59191227,0.4080877
952_canada,0.27241528,0.7275847
188_tanzania-ceo,0.5919111,0.40808886
3037_ile-de-france,0.27241588,0.72758406
2674_geowiki-landcover-2017,0.58453876,0.4154612
16214_geowiki-landcover-2017,0.42674926,0.5732508
906_ile-de-france,0.27241525,0.7275848
17030_geowiki-landcover-2017,0.73666626,0.26333374
968_germany,0.27242184,0.72757816
2763_ile-de-france,0.27241516,0.72758484
22994_geowiki-landcover-2017,0.5845402,0.41545975
2409_ile-de-france,0.4217943,0.5782057
594_geowiki-landcover-2017,0.59191,0.40808997
5020_geowiki-landcover-2017,0.2724406,0.7275594
31520_geowiki-landcover-2017,0.27241546,0.7275846
46_rwanda-ceo,0.85279816,0.14720185
12817_geowiki-landcover-2017,0.7502356,0.24976443
15805_geowiki-landcover-2017,0.60656136,0.3934386
3804_central-asia,0.27242047,0.72757953
2300_kenya-non-crop,0.7444907,0.25550932
1237_central-asia,0.27463362,0.7253664
1553_ile-de-france,0.2724153,0.7275847
1873_ile-de-france,0.2724156,0.7275844
17338_geowiki-landcover-2017,0.42179564,0.57820433
15166_geowiki-landcover-2017,0.8527941,0.14720589
1198_central-asia,0.27463293,0.72536707
727_canada,0.27241513,0.72758484
19904_geowiki-landcover-2017,0.43674198,0.563258
30794_geowiki-landcover-2017,0.58453596,0.41546398
17824_geowiki-landcover-2017,0.60656863,0.39343137
24976_geowiki-landcover-2017,0.5845393,0.4154607
3455_central-asia,0.41926488,0.5807351
1568_central-asia,0.43679982,0.5632002
676_tanzania-rice-ecaas,0.7366653,0.26333472
4224_geowiki-landcover-2017,0.8527981,0.14720196
6027_canada,0.27241528,0.7275847
1113_tanzania-ceo,0.7366612,0.26333877
5254_ile-de-france,0.27241522,0.7275848
15964_geowiki-landcover-2017,0.7502368,0.24976319
3401_ile-de-france,0.2724153,0.72758466
34198_geowiki-landcover-2017,0.6017114,0.39828855
27108_geowiki-landcover-2017,0.8527982,0.14720172
20750_geowiki-landcover-2017,0.5919117,0.4080883
10761_geowiki-landcover-2017,0.58454406,0.41545597
283_martinique-france,0.7444905,0.25550947
10449_geowiki-landcover-2017,0.42179587,0.5782041
31562_geowiki-landcover-2017,0.42674705,0.5732529
1667_germany,0.27241528,0.7275847
5193_ile-de-france,0.27241543,0.7275846
190_croplands,0.27241516,0.72758484
108_ethiopia,0.7366657,0.26333424
9540_croplands,0.27241567,0.72758436
1100_central-asia,0.27254978,0.7274502
2666_ile-de-france,0.27241516,0.72758484
41_kenya,0.7366663,0.2633337
652_lem-brazil,0.5845423,0.41545773
235_ile-de-france,0.42179468,0.57820535
14116_croplands,0.5919073,0.40809268
10670_croplands,0.5951119,0.40488806
22763_geowiki-landcover-2017,0.5845381,0.41546193
2293_kenya-non-crop,0.74448085,0.25551915
34358_geowiki-landcover-2017,0.7444909,0.25550914
891_togo,0.74448997,0.25550997
380_tanzania,0.7366603,0.26333973
563_ile-de-france,0.2724153,0.72758466
4606_croplands,0.27241918,0.7275808
211_canada,0.43674144,0.5632585
26967_geowiki-landcover-2017,0.59191066,0.40808934
5834_canada,0.2724153,0.7275847
9320_geowiki-landcover-2017,0.7444907,0.25550938
1478_rwanda-ceo,0.5919156,0.40808433
10312_geowiki-landcover-2017,0.42179555,0.57820445
6957_canada,0.6065424,0.39345756
35138_geowiki-landcover-2017,0.41932157,0.58067846
7315_canada,0.2724152,0.72758484
125_mali-helmets-labelling-crops,0.58453745,0.41546252
248_rwanda-ceo,0.750237,0.24976301
209_martinique-france,0.60171825,0.39828172
461_germany,0.42172652,0.5782735
1137_geowiki-landcover-2017,0.59164804,0.408352
34545_geowiki-landcover-2017,0.27241695,0.727583
2235_geowiki-landcover-2017,0.8527979,0.14720207
19940_geowiki-landcover-2017,0.43674085,0.5632592
634_central-asia,0.27241609,0.7275839
10113_croplands,0.59190553,0.40809447
5735_canada,0.27241507,0.7275849
1678_central-asia,0.2724653,0.72753465
670_togo,0.58453816,0.41546184
4090_central-asia,0.42191175,0.5780883
2281_geowiki-landcover-2017,0.74449086,0.25550917
899_togo,0.58453894,0.41546112
5902_ile-de-france,0.4216994,0.57830054
19896_geowiki-landcover-2017,0.43673608,0.56326395
1698_geowiki-landcover-2017,0.75023705,0.24976295
1321_central-asia,0.2741705,0.7258295
18412_geowiki-landcover-2017,0.5845395,0.41546053
494_rwanda-ceo,0.8527304,0.1472696
24453_geowiki-landcover-2017,0.42179078,0.5782093
6603_geowiki-landcover-2017,0.4267494,0.5732506
3264_central-asia,0.41930336,0.58069664
1199_rwanda-ceo,0.60674345,0.39325652
9639_geowiki-landcover-2017,0.42180678,0.57819325
35100_geowiki-landcover-2017,0.2724207,0.7275793
3419_geowiki-landcover-2017,0.5845399,0.41546014
1668_geowiki-landcover-2017,0.42675,0.57325
1185_central-asia,0.2746331,0.72536683
1371_central-asia,0.27465358,0.7253464
544_reunion-france,0.59191,0.40808997
2412_central-asia,0.27241716,0.7275828
1401_central-asia,0.27418724,0.7258128
6680_geowiki-landcover-2017,0.42179587,0.57820415
1026_martinique-france,0.74458885,0.25541118
1295_germany,0.42070508,0.5792949
32_mali-helmets-labelling-crops,0.58453876,0.4154613
24231_geowiki-landcover-2017,0.8527981,0.14720197
1552_germany,0.2724156,0.72758436
328_ile-de-france,0.27242047,0.72757953
2513_geowiki-landcover-2017,0.584539,0.415461
648_rwanda-ceo,0.736666,0.26333398
390_ile-de-france,0.27241597,0.727584
34804_geowiki-landcover-2017,0.27241513,0.72758484
2554_rwanda-ceo,0.85279334,0.14720668
678_tanzania-rice-ecaas,0.74448574,0.2555143
222_central-asia,0.2724158,0.72758424
1720_rwanda-ceo,0.75024384,0.24975616
3918_central-asia,0.4192845,0.58071554
2314_germany,0.4217396,0.5782604
557_mali-helmets-labelling-crops,0.41933045,0.5806696
2384_germany,0.2724153,0.72758466
1462_kenya-non-crop,0.8527968,0.14720318
24859_geowiki-landcover-2017,0.85279816,0.14720182
35167_geowiki-landcover-2017,0.7444908,0.25550923
30804_geowiki-landcover-2017,0.27241588,0.72758406
93_kenya,0.73666567,0.2633343
289_kenya,0.7366661,0.26333395
962_rwanda-ceo,0.7366234,0.2633766
11867_geowiki-landcover-2017,0.7366651,0.2633348
7336_canada,0.2724162,0.72758377
237_geowiki-landcover-2017,0.5928018,0.40719816
1284_central-asia,0.2746336,0.7253664
18360_geowiki-landcover-2017,0.85279816,0.14720182
14503_geowiki-landcover-2017,0.7444878,0.25551218
408_canada,0.27282366,0.7271763
1146_germany,0.2724152,0.7275848
25316_geowiki-landcover-2017,0.27241558,0.7275845
386_central-asia,0.27241617,0.7275838
4495_croplands,0.4212867,0.5787133
29509_geowiki-landcover-2017,0.41937637,0.5806237
183_tanzania-ceo,0.7366649,0.26333508
24858_geowiki-landcover-2017,0.59923947,0.4007606
2886_canada,0.42674404,0.57325596
254_mali-helmets-labelling-crops,0.42181197,0.578188
5430_geowiki-landcover-2017,0.42675647,0.57324356
809_canada,0.27241552,0.7275845
108_togo,0.5845394,0.41546062
15552_geowiki-landcover-2017,0.27241516,0.72758484
7368_geowiki-landcover-2017,0.4267504,0.5732496
35793_geowiki-landcover-2017,0.27241898,0.7275811
10513_geowiki-landcover-2017,0.59190506,0.40809494
434_ile-de-france,0.2724151,0.72758484
98_mali,0.584539,0.41546097
665_togo,0.58453786,0.4154621
7821_canada,0.27241716,0.7275828
26575_geowiki-landcover-2017,0.4367409,0.56325907
11863_geowiki-landcover-2017,0.74832904,0.25167093
10023_croplands,0.59190875,0.40809128
275_reunion-france,0.42180818,0.5781918
1083_tanzania-ceo,0.5845344,0.41546562
2258_reunion-france,0.59191275,0.40808725
3906_ile-de-france,0.27241528,0.7275847
229_lem-brazil,0.59171045,0.40828952
3369_canada,0.2724151,0.72758484
217_togo,0.42179573,0.5782043
1402_martinique-france,0.6017113,0.39828873
34897_geowiki-landcover-2017,0.43676448,0.5632355
370_mali-helmets-labelling-crops,0.5845391,0.41546088
6096_ile-de-france,0.27241525,0.7275848
18302_geowiki-landcover-2017,0.59191066,0.40808934
2707_central-asia,0.27241626,0.7275837
670_ethiopia,0.59191287,0.40808716
14056_croplands,0.59190345,0.4080966
3366_central-asia,0.41927138,0.58072865
549_tanzania-ceo,0.74448967,0.25551033
5766_ile-de-france,0.2724151,0.7275849
807_central-asia,0.27241695,0.727583
11436_geowiki-landcover-2017,0.5894523,0.4105477
1201_canada,0.2724156,0.72758436
68_reunion-france,0.60172045,0.39827952
447_tanzania-rice-ecaas,0.8527401,0.14725992
1030_central-asia,0.27241635,0.72758365
8269_geowiki-landcover-2017,0.6001545,0.39984548
2699_geowiki-landcover-2017,0.5854454,0.4145546
7692_canada,0.27241537,0.72758466
32698_geowiki-landcover-2017,0.5919116,0.40808836
22749_geowiki-landcover-2017,0.5845268,0.41547325
34400_geowiki-landcover-2017,0.27241603,0.72758394
16468_geowiki-landcover-2017,0.6017114,0.39828864
258_canada,0.27241516,0.72758484
1023_tanzania-ceo,0.7366658,0.26333416
2303_ile-de-france,0.27241594,0.72758406
23721_geowiki-landcover-2017,0.42179567,0.57820433
4059_ile-de-france,0.27241522,0.7275848
4755_geowiki-landcover-2017,0.75029236,0.2497076
4335_central-asia,0.272416,0.727584
13223_geowiki-landcover-2017,0.85279393,0.14720604
18952_geowiki-landcover-2017,0.60656,0.39344004
433_mali-helmets-labelling-crops,0.5845381,0.41546187
13070_croplands,0.5919096,0.40809035
1951_canada,0.2724152,0.7275848
841_togo,0.5919115,0.4080885
4011_canada,0.2724175,0.7275825
21951_geowiki-landcover-2017,0.744491,0.255509
27164_geowiki-landcover-2017,0.6065613,0.39343876
2131_reunion-france,0.6017116,0.39828846
1039_reunion-france,0.60171133,0.39828867
5122_canada,0.2724167,0.7275833
991_martinique-france,0.5992741,0.4007259
3105_croplands,0.7502329,0.24976715
1003_reunion-france,0.7444765,0.2555235
4681_croplands,0.2724597,0.7275403
4828_croplands,0.5919098,0.4080901
3610_canada,0.42179587,0.57820415
21361_geowiki-landcover-2017,0.27242592,0.72757405
5459_canada,0.2724152,0.7275848
149_togo,0.5845387,0.4154613
16589_geowiki-landcover-2017,0.59190804,0.40809202
90_tanzania,0.7366663,0.26333365
3007_geowiki-landcover-2017,0.74449015,0.25550982
1401_germany,0.2724152,0.7275848
2380_germany,0.27241734,0.72758263
1354_croplands,0.5845395,0.41546056
381_tanzania-rice-ecaas,0.7366594,0.2633406
202_reunion-france,0.42179754,0.5782025
3252_rwanda-ceo,0.5919118,0.40808818
5517_canada,0.27241513,0.72758484
1020_ile-de-france,0.2724154,0.7275846
4129_ile-de-france,0.2724244,0.72757554
1468_martinique-france,0.43674946,0.56325054
15216_geowiki-landcover-2017,0.7444917,0.25550833
5466_ile-de-france,0.2724153,0.72758466
26213_geowiki-landcover-2017,0.5845393,0.41546074
517_tanzania-rice-ecaas,0.7366402,0.26335979
859_germany,0.42179158,0.5782084
5523_geowiki-landcover-2017,0.58453923,0.41546074
971_reunion-france,0.7444762,0.25552383
208_sudan,0.41933948,0.58066046
3284_rwanda-ceo,0.75023717,0.24976282
490_ile-de-france,0.2724152,0.72758484
25406_geowiki-landcover-2017,0.43674424,0.5632557
22979_geowiki-landcover-2017,0.8527982,0.14720176
1805_martinique-france,0.6017114,0.39828858
743_croplands,0.4217751,0.5782249
10030_geowiki-landcover-2017,0.5919073,0.4080927
14922_geowiki-landcover-2017,0.852798,0.147202
37_mali-non-crop,0.43817574,0.56182426
20089_geowiki-landcover-2017,0.2724191,0.7275809
5814_geowiki-landcover-2017,0.7366663,0.2633337
19019_geowiki-landcover-2017,0.42183685,0.57816315
5186_central-asia,0.41911194,0.5808881
1334_canada,0.27241513,0.72758484
70_rwanda-ceo,0.59191537,0.4080846
10847_croplands,0.42177022,0.5782297
425_rwanda-ceo,0.5919111,0.4080889
2823_rwanda-ceo,0.8527981,0.14720196
7013_geowiki-landcover-2017,0.58453774,0.41546223
2564_central-asia,0.27282706,0.7271729
354_tanzania-rice-ecaas,0.73666,0.26334006
841_croplands,0.2724174,0.7275826
1198_tanzania-ceo,0.42180273,0.57819724
1130_tanzania-ceo,0.7502368,0.24976313
9927_geowiki-landcover-2017,0.2724152,0.7275848
1983_ile-de-france,0.27241513,0.72758484
5585_ile-de-france,0.272416,0.72758394
97_tanzania,0.7366649,0.26333514
1417_canada,0.43673947,0.5632605
3446_canada,0.4267525,0.5732475
1432_mali-helmets-labelling-crops,0.5845262,0.41547385
4081_ile-de-france,0.27241516,0.72758484
29589_geowiki-landcover-2017,0.27241644,0.7275835
1724_ile-de-france,0.42179206,0.57820797
2099_rwanda-ceo,0.7502446,0.24975541
658_ethiopia,0.59191024,0.40808973
4761_central-asia,0.272524,0.727476
663_tanzania-rice-ecaas,0.7366597,0.26334032
6154_ile-de-france,0.42179516,0.5782048
17152_geowiki-landcover-2017,0.7366648,0.26333523
1756_canada,0.2724152,0.72758484
10807_croplands,0.5845479,0.4154521
5404_ile-de-france,0.27241528,0.7275847
8049_geowiki-landcover-2017,0.74449104,0.25550896
1455_central-asia,0.27463347,0.7253665
24834_geowiki-landcover-2017,0.42674914,0.5732509
23822_geowiki-landcover-2017,0.42675012,0.57324994
18159_geowiki-landcover-2017,0.2724153,0.7275847
596_ethiopia,0.73666483,0.2633352
4060_central-asia,0.41916576,0.58083427
42_ile-de-france,0.4217944,0.5782056
4634_geowiki-landcover-2017,0.7483293,0.2516707
385_canada,0.4217959,0.5782041
7330_canada,0.2724152,0.7275848
3644_geowiki-landcover-2017,0.5846137,0.41538632
3995_central-asia,0.58446527,0.41553476
11447_geowiki-landcover-2017,0.4217961,0.57820386
1501_martinique-france,0.74448603,0.25551394
9502_geowiki-landcover-2017,0.8527982,0.14720175
2548_rwanda-ceo,0.7502377,0.24976228
11853_geowiki-landcover-2017,0.7444907,0.2555093
12432_geowiki-landcover-2017,0.58453923,0.41546077
2470_ile-de-france,0.27241534,0.72758466
12464_geowiki-landcover-2017,0.42675373,0.57324624
30324_geowiki-landcover-2017,0.5845379,0.4154621
2403_germany,0.421795,0.578205
9093_geowiki-landcover-2017,0.74449044,0.25550956
849_central-asia,0.27241576,0.7275843
339_canada,0.2724153,0.7275847
1168_mali-helmets-labelling-crops,0.4217963,0.5782037
1465_tanzania-ceo,0.7502377,0.2497623
8598_geowiki-landcover-2017,0.5919087,0.40809137
1525_kenya-non-crop,0.7444894,0.2555106
738_rwanda-ceo,0.8527982,0.14720175
65_geowiki-landcover-2017,0.42179796,0.578202
34239_geowiki-landcover-2017,0.5845392,0.41546085
415_rwanda-ceo,0.8527982,0.14720175
13677_geowiki-landcover-2017,0.58453333,0.41546667
32734_geowiki-landcover-2017,0.41932252,0.5806775
21208_geowiki-landcover-2017,0.60171014,0.39828986
1755_central-asia,0.27261007,0.7273899
6915_geowiki-landcover-2017,0.60624963,0.39375034
20869_geowiki-landcover-2017,0.42179492,0.5782051
1061_central-asia,0.27255046,0.7274496
10460_geowiki-landcover-2017,0.6065607,0.3934393
2056_geowiki-landcover-2017,0.74448556,0.25551444
1039_geowiki-landcover-2017,0.59191084,0.4080892
10491_croplands,0.42719263,0.5728074
199_germany,0.4217956,0.5782044
2610_rwanda-ceo,0.5919111,0.4080889
204_canada,0.2724152,0.7275848
35432_geowiki-landcover-2017,0.41932157,0.58067846
994_togo,0.5845392,0.4154608
2585_ile-de-france,0.2724152,0.72758484
1303_rwanda-ceo,0.59191513,0.40808487
25425_geowiki-landcover-2017,0.59189826,0.4081018
164_canada,0.27241525,0.7275848
4440_croplands,0.42179587,0.57820415
8938_geowiki-landcover-2017,0.6017089,0.39829105
15808_geowiki-landcover-2017,0.42676985,0.5732302
1013_germany,0.2724151,0.72758484
2246_reunion-france,0.6017286,0.39827144
2429_ile-de-france,0.2757758,0.7242242
137_mali,0.5845392,0.41546082
4675_canada,0.27241516,0.72758484
2769_central-asia,0.2724173,0.7275827
305_kenya-non-crop,0.7366662,0.26333386
3089_central-asia,0.2724164,0.7275836
2366_geowiki-landcover-2017,0.8527976,0.14720236
5027_geowiki-landcover-2017,0.42179492,0.5782051
1789_canada,0.2724152,0.7275848
2353_ile-de-france,0.27241537,0.72758466
2954_rwanda-ceo,0.750237,0.249763
2118_tanzania-ceo,0.59191084,0.4080891
19107_geowiki-landcover-2017,0.27241674,0.7275833
12871_geowiki-landcover-2017,0.85279834,0.1472017
4441_canada,0.27241516,0.72758484
6963_canada,0.4367416,0.56325847
12880_croplands,0.4217968,0.5782032
94_reunion-france,0.42675012,0.5732498
743_germany,0.2724166,0.72758347
1533_croplands,0.4267546,0.5732454
33941_geowiki-landcover-2017,0.7444908,0.25550926
631_tanzania-ceo,0.85278714,0.14721283
6099_geowiki-landcover-2017,0.6017112,0.3982888
20409_geowiki-landcover-2017,0.5913383,0.40866166
26576_geowiki-landcover-2017,0.2724155,0.72758454
10754_geowiki-landcover-2017,0.42180344,0.5781965
19755_geowiki-landcover-2017,0.27241617,0.7275838
482_geowiki-landcover-2017,0.5845394,0.41546062
66_germany,0.4217953,0.57820475
2755_central-asia,0.27241695,0.727583
325_reunion-france,0.42179602,0.578204
444_kenya-non-crop,0.75023687,0.24976309
518_togo,0.584537,0.41546297
198_ile-de-france,0.27241525,0.7275848
749_central-asia,0.27241674,0.7275833
35366_geowiki-landcover-2017,0.27241609,0.7275839
6765_canada,0.2724213,0.7275787
26198_geowiki-landcover-2017,0.74448496,0.255515
5009_central-asia,0.27333072,0.72666925
5160_ile-de-france,0.27241525,0.7275847
4697_croplands,0.4217863,0.57821375
15153_geowiki-landcover-2017,0.7444907,0.25550938
1453_croplands,0.4218331,0.5781669
2487_kenya-non-crop,0.852798,0.14720199
7044_geowiki-landcover-2017,0.5919133,0.40808672
5778_geowiki-landcover-2017,0.7502345,0.24976555
14076_croplands,0.5918919,0.40810806
2393_martinique-france,0.5845362,0.4154638
2147_canada,0.4367416,0.5632584
660_kenya-non-crop,0.7366661,0.26333395
31687_geowiki-landcover-2017,0.7502364,0.24976355
17881_geowiki-landcover-2017,0.60656005,0.39343995
289_lem-brazil,0.584541,0.41545895
2610_kenya-non-crop,0.74797004,0.25202996
18923_geowiki-landcover-2017,0.43674147,0.5632585
633_tanzania-rice-ecaas,0.7366636,0.2633364
7435_croplands,0.55965096,0.4403491
9064_geowiki-landcover-2017,0.7444907,0.25550938
9176_croplands,0.42179078,0.5782093
970_tanzania-ceo,0.58945596,0.41054404
25975_geowiki-landcover-2017,0.27241516,0.72758484
987_rwanda-ceo,0.8527981,0.14720197
1925_canada,0.2724152,0.72758484
24672_geowiki-landcover-2017,0.4217975,0.5782025
157_kenya,0.7366665,0.26333347
3689_ile-de-france,0.27241647,0.7275835
488_kenya-non-crop,0.736666,0.263334
944_mali-helmets-labelling-crops,0.42181155,0.5781885
71_central-asia,0.2724162,0.72758377
928_togo,0.73666245,0.2633376
22405_geowiki-landcover-2017,0.75023574,0.24976428
54_geowiki-landcover-2017,0.5845317,0.41546822
6028_canada,0.27241516,0.72758484
1836_central-asia,0.27284193,0.7271581
18659_geowiki-landcover-2017,0.59191316,0.40808684
908_togo,0.41932198,0.580678
4590_canada,0.2724156,0.72758436
39_mali-non-crop,0.4218096,0.5781904
12844_geowiki-landcover-2017,0.4267494,0.57325053
515_tanzania-rice-ecaas,0.7366649,0.26333514
1580_germany,0.27242002,0.72758
25833_geowiki-landcover-2017,0.27241597,0.727584
2220_croplands,0.42180255,0.5781975
19882_geowiki-landcover-2017,0.4367411,0.5632589
3933_central-asia,0.58451474,0.41548532
2324_reunion-france,0.60170984,0.39829016
1688_martinique-france,0.6065641,0.3934359
13557_geowiki-landcover-2017,0.7366616,0.2633384
29206_geowiki-landcover-2017,0.59189,0.40811002
28403_geowiki-landcover-2017,0.7443456,0.25565445
31263_geowiki-landcover-2017,0.74448764,0.2555124
794_mali-helmets-labelling-crops,0.4218122,0.57818776
6099_canada,0.27241576,0.72758424
34905_geowiki-landcover-2017,0.43674248,0.5632575
12510_croplands,0.58453757,0.41546243
1511_reunion-france,0.75023514,0.24976483
16145_geowiki-landcover-2017,0.5921327,0.40786725
24657_geowiki-landcover-2017,0.60656,0.39343998
2566_rwanda-ceo,0.7502653,0.24973474
17558_geowiki-landcover-2017,0.27241588,0.7275841
2119_germany,0.42179528,0.57820475
916_croplands,0.42179567,0.57820433
14065_geowiki-landcover-2017,0.591904,0.40809596
234_reunion-france,0.601711,0.39828905
867_kenya-non-crop,0.73666555,0.26333448
2024_martinique-france,0.6017134,0.39828658
1001_canada,0.27241525,0.7275848
31177_geowiki-landcover-2017,0.599275,0.40072498
217_ile-de-france,0.27241594,0.72758406
18367_geowiki-landcover-2017,0.58453876,0.4154613
34661_geowiki-landcover-2017,0.43674156,0.56325847
1433_ile-de-france,0.2724151,0.72758484
319_reunion-france,0.42180958,0.5781904
742_kenya-non-crop,0.74833333,0.25166667
16895_geowiki-landcover-2017,0.41932496,0.580675
35338_geowiki-landcover-2017,0.42185375,0.5781463
12021_geowiki-landcover-2017,0.6017104,0.39828965
3760_geowiki-landcover-2017,0.5845388,0.41546118
1528_reunion-france,0.42179495,0.57820505
2566_geowiki-landcover-2017,0.556739,0.443261
2022_ile-de-france,0.42179474,0.5782053
829_martinique-france,0.58453536,0.41546464
1751_martinique-france,0.58453584,0.41546413
4872_central-asia,0.27244592,0.72755414
5007_canada,0.2724154,0.7275846
1964_reunion-france,0.6065411,0.39345893
4983_ile-de-france,0.27241525,0.7275848
10689_croplands,0.5918915,0.40810847
144_martinique-france,0.2724348,0.7275652
27_geowiki-landcover-2017,0.59190536,0.4080946
5951_ile-de-france,0.42179477,0.5782052
1833_reunion-france,0.60170746,0.39829257
12333_geowiki-landcover-2017,0.42179567,0.57820433
716_ethiopia,0.8527968,0.14720327
2211_central-asia,0.27241743,0.7275826
1218_ile-de-france,0.27244642,0.7275536
517_germany,0.27241588,0.72758406
1550_rwanda-ceo,0.5919111,0.4080889
4378_ile-de-france,0.27241623,0.72758377
1855_martinique-france,0.6017253,0.39827466
8989_croplands,0.27242762,0.7275723
1355_mali-helmets-labelling-crops,0.43132558,0.5686744
78_uganda,0.59191763,0.40808243
197_uganda,0.59191024,0.40808976
3290_geowiki-landcover-2017,0.584539,0.415461
477_reunion-france,0.43674704,0.563253
3566_ile-de-france,0.42179283,0.57820714
35536_geowiki-landcover-2017,0.27241567,0.72758436
186_mali-helmets-labelling-crops,0.58453894,0.41546106
33527_geowiki-landcover-2017,0.4267396,0.5732604
118_uganda,0.5919098,0.40809017
2250_germany,0.27241546,0.72758454
23220_geowiki-landcover-2017,0.606561,0.39343902
3667_canada,0.2724152,0.7275848
30840_geowiki-landcover-2017,0.42179987,0.57820016
599_ile-de-france,0.27241644,0.7275836
4787_geowiki-landcover-2017,0.58453953,0.41546044
26720_geowiki-landcover-2017,0.44186297,0.558137
2338_tanzania-ceo,0.5845393,0.4154607
1522_central-asia,0.27246407,0.7275359
4194_central-asia,0.2724157,0.7275843
1126_tanzania-ceo,0.7366661,0.26333395
1771_tanzania-ceo,0.60171443,0.39828554
801_canada,0.2724154,0.7275846
10666_geowiki-landcover-2017,0.4367389,0.5632611
1810_central-asia,0.27284124,0.7271587
3129_ile-de-france,0.27241546,0.72758454
269_tanzania-ceo,0.591907,0.40809298
2167_reunion-france,0.42179996,0.57820004
486_geowiki-landcover-2017,0.7444908,0.25550926
4850_geowiki-landcover-2017,0.7444909,0.2555091
2968_canada,0.42179602,0.578204
1465_geowiki-landcover-2017,0.7366654,0.26333457
1998_reunion-france,0.5919093,0.40809077
1014_martinique-france,0.60170984,0.3982902
2907_canada,0.27241543,0.7275846
32168_geowiki-landcover-2017,0.2724155,0.7275845
2204_rwanda-ceo,0.7366662,0.2633338
4519_central-asia,0.27241808,0.7275819
4009_central-asia,0.58448124,0.41551876
568_togo,0.42179564,0.5782044
890_rwanda-ceo,0.6070224,0.39297757
710_rwanda-ceo,0.5919117,0.40808827
4507_ile-de-france,0.2724153,0.72758466
3442_geowiki-landcover-2017,0.5845384,0.41546163
8220_geowiki-landcover-2017,0.75023204,0.24976791
1940_reunion-france,0.5919098,0.40809017
26309_geowiki-landcover-2017,0.7444907,0.25550938
12493_geowiki-landcover-2017,0.42674917,0.5732509
13301_geowiki-landcover-2017,0.5845381,0.4154619
12471_geowiki-landcover-2017,0.4217987,0.5782013
19988_geowiki-landcover-2017,0.27241537,0.7275846
1772_canada,0.27241516,0.72758484
2260_croplands,0.42179608,0.5782039
261_ile-de-france,0.2724158,0.72758424
23242_geowiki-landcover-2017,0.27241534,0.72758466
35295_geowiki-landcover-2017,0.4217974,0.5782026
852_martinique-france,0.6016982,0.39830175
789_tanzania-ceo,0.5919104,0.40808952
11554_geowiki-landcover-2017,0.7444909,0.25550905
5890_canada,0.2724153,0.72758466
4001_central-asia,0.41928336,0.5807166
6717_canada,0.27241528,0.7275847
8313_geowiki-landcover-2017,0.7444909,0.25550905
366_germany,0.4217946,0.57820547
4133_central-asia,0.27243805,0.727562
2132_rwanda-ceo,0.75023717,0.24976282
37_canada,0.4367413,0.56325865
14395_geowiki-landcover-2017,0.4267496,0.5732504
2443_ile-de-france,0.27241543,0.7275846
4980_canada,0.42179564,0.5782044
1357_reunion-france,0.6017356,0.3982644
13444_geowiki-landcover-2017,0.59191483,0.40808517
1297_tanzania-ceo,0.85279816,0.14720185
332_tanzania-rice-ecaas,0.7366654,0.26333457
483_tanzania-rice-ecaas,0.5847585,0.4152415
34098_geowiki-landcover-2017,0.4367419,0.5632581
536_tanzania-ceo,0.59191096,0.4080891
617_tanzania-rice-ecaas,0.7366634,0.26333657
2368_geowiki-landcover-2017,0.74449044,0.25550953
255_kenya-non-crop,0.73666507,0.26333487
452_canada,0.27246952,0.7275305
139_ile-de-france,0.27241525,0.7275847
2016_canada,0.2724151,0.7275849
14100_geowiki-landcover-2017,0.43673977,0.5632602
5945_ile-de-france,0.2724151,0.7275849
13720_croplands,0.58453393,0.4154661
3100_central-asia,0.6017111,0.39828897
1002_ile-de-france,0.27241504,0.72758496
35323_geowiki-landcover-2017,0.42674136,0.57325864
2545_canada,0.2724151,0.72758484
10859_geowiki-landcover-2017,0.75023526,0.2497647
1356_croplands,0.58453906,0.4154609
17644_geowiki-landcover-2017,0.2724152,0.7275848
10916_geowiki-landcover-2017,0.7502361,0.24976389
761_rwanda-ceo,0.6083276,0.3916724
6871_geowiki-landcover-2017,0.2724152,0.72758484
2258_geowiki-landcover-2017,0.5845397,0.41546023
25161_geowiki-landcover-2017,0.8527982,0.14720179
471_rwanda-ceo,0.7483239,0.25167602
5162_central-asia,0.28029186,0.7197081
93_central-asia,0.27241775,0.7275822
643_ile-de-france,0.27241507,0.7275849
7644_geowiki-landcover-2017,0.4367413,0.5632587
1232_togo,0.5845316,0.41546842
34233_geowiki-landcover-2017,0.5853383,0.41466174
21590_geowiki-landcover-2017,0.5845336,0.41546643
33475_geowiki-landcover-2017,0.43674228,0.56325775
28115_geowiki-landcover-2017,0.60656184,0.39343822
11189_geowiki-landcover-2017,0.7502371,0.24976286
6897_canada,0.27241546,0.72758454
29325_geowiki-landcover-2017,0.27242038,0.7275796
625_rwanda-ceo,0.59231645,0.4076836
353_canada,0.27241528,0.7275847
718_ile-de-france,0.27241543,0.7275846
12_uganda,0.5919228,0.40807715
9572_geowiki-landcover-2017,0.59948754,0.4005124
4492_canada,0.27241927,0.72758067
821_togo,0.7444903,0.25550964
1703_central-asia,0.42203203,0.577968
2747_ile-de-france,0.27241525,0.7275847
459_lem-brazil,0.59191054,0.4080895
1376_kenya-non-crop,0.73666555,0.26333448
2578_ile-de-france,0.42178965,0.57821035
8118_geowiki-landcover-2017,0.59928256,0.40071744
33704_geowiki-landcover-2017,0.27241588,0.7275841
3915_geowiki-landcover-2017,0.75021434,0.24978565
3260_geowiki-landcover-2017,0.5845388,0.41546118
22821_geowiki-landcover-2017,0.42179587,0.57820415
4062_ile-de-france,0.27241573,0.7275843
3011_central-asia,0.27241647,0.7275835
1750_martinique-france,0.60656804,0.393432
2583_central-asia,0.4217956,0.5782044
27209_geowiki-landcover-2017,0.7444907,0.25550932
6727_croplands,0.5919095,0.40809044
510_togo,0.5845378,0.4154622
27203_geowiki-landcover-2017,0.7443152,0.2556848
1925_kenya-non-crop,0.58363104,0.416369
14962_croplands,0.5844832,0.41551676
10108_croplands,0.59190494,0.40809506
29340_geowiki-landcover-2017,0.42674872,0.57325125
1089_ile-de-france,0.27241635,0.72758365
4916_croplands,0.6017146,0.39828542
6837_geowiki-landcover-2017,0.5845544,0.41544557
1873_reunion-france,0.75023615,0.2497638
5010_ile-de-france,0.272416,0.72758394
8238_geowiki-landcover-2017,0.60170513,0.3982949
1183_geowiki-landcover-2017,0.75021166,0.24978833
585_ethiopia,0.7366654,0.26333457
1592_geowiki-landcover-2017,0.5919111,0.40808892
2175_rwanda-ceo,0.8527924,0.1472076
932_martinique-france,0.6017107,0.39828932
14231_geowiki-landcover-2017,0.6062061,0.39379388
994_martinique-france,0.60171366,0.39828637
29116_geowiki-landcover-2017,0.27241543,0.7275846
5113_canada,0.4217958,0.5782043
1261_reunion-france,0.5919094,0.4080906
580_reunion-france,0.59191054,0.4080895
3889_geowiki-landcover-2017,0.5919125,0.40808743
1765_ile-de-france,0.2725177,0.72748226
7092_canada,0.58453757,0.41546243
21127_geowiki-landcover-2017,0.27241552,0.7275845
33420_geowiki-landcover-2017,0.43674394,0.5632561
71_ile-de-france,0.2724154,0.7275846
2272_canada,0.27241567,0.72758436
10746_croplands,0.4267697,0.5732303
2006_kenya-non-crop,0.7444895,0.25551057
0_croplands,0.5919045,0.40809545
130_tanzania,0.7366661,0.26333395
24381_geowiki-landcover-2017,0.60656106,0.39343894
21153_geowiki-landcover-2017,0.27246985,0.7275301
1610_germany,0.2724156,0.7275844
22240_geowiki-landcover-2017,0.27241543,0.7275846
28496_geowiki-landcover-2017,0.58475953,0.41524044
3190_geowiki-landcover-2017,0.5845399,0.41546014
12641_geowiki-landcover-2017,0.43674046,0.56325954
439_lem-brazil,0.59185004,0.40814993
334_lem-brazil,0.58454096,0.415459
27731_geowiki-landcover-2017,0.27242193,0.72757804
42_canada,0.27241525,0.7275848
2575_reunion-france,0.42180935,0.5781907
3484_central-asia,0.4192504,0.58074963
3598_central-asia,0.27242833,0.72757167
380_geowiki-landcover-2017,0.5919107,0.40808928
2461_reunion-france,0.60171163,0.39828837
5486_ile-de-france,0.27241525,0.7275848
27956_geowiki-landcover-2017,0.60170996,0.39829007
1363_kenya-non-crop,0.852798,0.14720204
1481_central-asia,0.2746346,0.72536534
4570_ile-de-france,0.2724152,0.7275848
30962_geowiki-landcover-2017,0.27241582,0.72758424
27_mali-helmets-labelling-crops,0.5845384,0.4154616
652_kenya-non-crop,0.73664224,0.2633578
17983_geowiki-landcover-2017,0.27244517,0.7275548
706_ile-de-france,0.27241537,0.72758466
5331_ile-de-france,0.27241594,0.72758406
270_geowiki-landcover-2017,0.42179918,0.5782008
1544_canada,0.2724153,0.72758466
4454_canada,0.27241516,0.72758484
19093_geowiki-landcover-2017,0.42674974,0.5732503
559_martinique-france,0.5919098,0.40809017
1177_mali-helmets-labelling-crops,0.43132558,0.5686744
4886_ile-de-france,0.2724156,0.7275844
9975_croplands,0.59191,0.40808997
2566_kenya-non-crop,0.7366537,0.26334628
16809_geowiki-landcover-2017,0.59190995,0.40809003
1964_rwanda-ceo,0.7502361,0.24976389
1280_mali-helmets-labelling-crops,0.42181182,0.5781881
3788_geowiki-landcover-2017,0.42178112,0.5782189
1836_canada,0.27241525,0.7275848
2029_central-asia,0.27241734,0.7275827
988_germany,0.27241534,0.72758466
5458_ile-de-france,0.2724173,0.7275827
1769_reunion-france,0.75023615,0.24976388
7348_canada,0.27241823,0.7275818
7172_geowiki-landcover-2017,0.58453864,0.4154613
32973_geowiki-landcover-2017,0.73665786,0.26334214
15_kenya,0.7366663,0.26333368
2847_rwanda-ceo,0.7502344,0.24976559
34031_geowiki-landcover-2017,0.27241874,0.72758126
179_kenya,0.85279566,0.1472044
4691_canada,0.43674114,0.5632589
498_tanzania-rice-ecaas,0.7446375,0.25536245
19312_geowiki-landcover-2017,0.5845394,0.41546062
1408_germany,0.272416,0.727584
972_germany,0.272416,0.72758394
34518_geowiki-landcover-2017,0.7366684,0.26333156
6484_canada,0.2724153,0.72758466
401_canada,0.27241528,0.7275847
2178_rwanda-ceo,0.59191316,0.40808684
1232_canada,0.27241525,0.7275848
3583_ile-de-france,0.27243182,0.7275682
3491_geowiki-landcover-2017,0.7502418,0.24975823
3394_geowiki-landcover-2017,0.5845383,0.4154617
1389_croplands,0.744488,0.25551197
1780_tanzania-ceo,0.8527884,0.14721163
710_central-asia,0.27241746,0.7275826
609_kenya-non-crop,0.7366662,0.2633338
6960_geowiki-landcover-2017,0.7502352,0.24976479
3220_canada,0.43674257,0.5632574
32_reunion-france,0.591897,0.40810305
28879_geowiki-landcover-2017,0.42179492,0.57820505
1023_ile-de-france,0.42179388,0.5782062
867_geowiki-landcover-2017,0.58945537,0.41054463
2257_canada,0.27241525,0.7275847
2010_martinique-france,0.74448633,0.25551367
6002_canada,0.42177787,0.57822216
6583_canada,0.42674813,0.5732519
1866_canada,0.2724152,0.72758484
298_canada,0.27241528,0.7275847
6882_canada,0.2724171,0.7275829
510_mali-helmets-labelling-crops,0.5845357,0.4154643
14549_geowiki-landcover-2017,0.8527972,0.14720283
1491_tanzania-ceo,0.7502371,0.24976295
22047_geowiki-landcover-2017,0.42674813,0.5732519
6149_canada,0.27241623,0.72758377
1278_rwanda-ceo,0.8527976,0.14720233
1246_reunion-france,0.7502361,0.24976389
18669_geowiki-landcover-2017,0.8527961,0.14720395
2415_kenya-non-crop,0.58453935,0.41546065
4440_canada,0.2724156,0.72758436
8911_geowiki-landcover-2017,0.74448925,0.25551075
1002_geowiki-landcover-2017,0.5919107,0.40808928
1135_martinique-france,0.6016948,0.3983052
23285_geowiki-landcover-2017,0.2724176,0.72758245
1229_rwanda-ceo,0.85279816,0.14720182
3316_central-asia,0.41929924,0.58070076
3028_central-asia,0.27241656,0.72758347
313_togo,0.42179644,0.5782036
2374_rwanda-ceo,0.7366663,0.2633337
16153_geowiki-landcover-2017,0.591908,0.40809202
48_tanzania,0.7366656,0.26333442
2631_rwanda-ceo,0.606601,0.393399
1533_martinique-france,0.75022745,0.24977255
7857_geowiki-landcover-2017,0.43660098,0.563399
4184_canada,0.2724152,0.72758484
155_kenya,0.7366868,0.26331314
24499_geowiki-landcover-2017,0.4267517,0.57324827
2967_central-asia,0.2724173,0.7275827
14838_geowiki-landcover-2017,0.7444888,0.25551116
10863_croplands,0.41936836,0.5806316
1568_martinique-france,0.4217944,0.5782056
563_canada,0.4367415,0.5632585
2526_geowiki-landcover-2017,0.4217962,0.57820374
3151_ile-de-france,0.27241513,0.72758484
31701_geowiki-landcover-2017,0.4193407,0.5806593
154_lem-brazil,0.58454037,0.41545966
23350_geowiki-landcover-2017,0.42674935,0.57325065
1794_martinique-france,0.58462423,0.41537583
627_central-asia,0.2724262,0.7275738
28094_geowiki-landcover-2017,0.60656023,0.39343977
4737_croplands,0.27242532,0.7275747
20396_geowiki-landcover-2017,0.27241817,0.7275818
31190_geowiki-landcover-2017,0.42180058,0.57819945
4484_canada,0.2724151,0.72758484
2586_geowiki-landcover-2017,0.74443877,0.25556123
357_reunion-france,0.7502368,0.24976319
917_mali-helmets-labelling-crops,0.5842117,0.41578826
34754_geowiki-landcover-2017,0.4267495,0.5732505
9532_croplands,0.4267134,0.5732866
17833_geowiki-landcover-2017,0.4367411,0.5632589
19155_geowiki-landcover-2017,0.2724188,0.7275812
952_reunion-france,0.6017108,0.3982892
517_mali-helmets-labelling-crops,0.5845385,0.41546145
1932_geowiki-landcover-2017,0.7366641,0.26333588
185_martinique-france,0.4217948,0.5782052
1801_tanzania-ceo,0.43315548,0.5668445
72_martinique-france,0.5845706,0.41542935
2090_germany,0.2724175,0.7275825
9270_geowiki-landcover-2017,0.5845334,0.41546667
3376_canada,0.2724161,0.7275838
11145_geowiki-landcover-2017,0.5845385,0.4154615
26887_geowiki-landcover-2017,0.59191084,0.4080892
1660_canada,0.2724153,0.7275847
2976_central-asia,0.27241752,0.72758245
1804_germany,0.4217955,0.5782045
577_togo,0.42179364,0.5782064
2005_geowiki-landcover-2017,0.6017104,0.3982896
365_ethiopia,0.7366662,0.26333386
23774_geowiki-landcover-2017,0.42179772,0.5782023
27271_geowiki-landcover-2017,0.73664844,0.2633515
73_kenya,0.7366678,0.26333216
11057_croplands,0.59191084,0.4080892
27769_geowiki-landcover-2017,0.60656023,0.3934398
3608_canada,0.4217958,0.5782042
208_ethiopia,0.5845395,0.41546056
312_lem-brazil,0.74453354,0.25546643
768_geowiki-landcover-2017,0.7502361,0.24976389
250_central-asia,0.42180187,0.57819813
5753_geowiki-landcover-2017,0.2724151,0.72758484
3391_rwanda-ceo,0.7366617,0.26333833
140_reunion-france,0.7502365,0.24976349
4096_central-asia,0.42180806,0.57819194
2381_kenya-non-crop,0.58454394,0.41545603
2302_kenya-non-crop,0.58453876,0.4154612
5588_geowiki-landcover-2017,0.42179656,0.57820344
26776_geowiki-landcover-2017,0.42674896,0.573251
2991_rwanda-ceo,0.7366514,0.26334855
24459_geowiki-landcover-2017,0.5919018,0.40809828
9948_geowiki-landcover-2017,0.85279745,0.14720255
23685_geowiki-landcover-2017,0.8527979,0.14720215
965_ile-de-france,0.2724152,0.72758484
16317_geowiki-landcover-2017,0.7444908,0.25550923
5492_canada,0.27241638,0.7275836
3592_central-asia,0.4217855,0.5782145
18539_geowiki-landcover-2017,0.42675692,0.5732431
12895_geowiki-landcover-2017,0.6017112,0.39828873
18863_geowiki-landcover-2017,0.42179573,0.5782043
148_germany,0.27268767,0.7273123
139_sudan,0.58453006,0.4154699
3141_rwanda-ceo,0.85279685,0.14720313
6155_canada,0.27242026,0.7275797
11819_geowiki-landcover-2017,0.58454,0.41546
1756_reunion-france,0.60170966,0.3982903
195_tanzania-ceo,0.59191054,0.4080895
1508_ile-de-france,0.2724226,0.7275774
702_kenya-non-crop,0.736665,0.263335
13285_geowiki-landcover-2017,0.43674436,0.56325567
2667_canada,0.27241564,0.72758436
597_ethiopia,0.7366653,0.26333472
7574_geowiki-landcover-2017,0.2724152,0.7275848
5872_croplands,0.42179388,0.5782061
26039_geowiki-landcover-2017,0.7365582,0.26344177
28282_geowiki-landcover-2017,0.42181137,0.5781886
7876_geowiki-landcover-2017,0.5845344,0.4154656
17821_geowiki-landcover-2017,0.2724154,0.7275846
21635_geowiki-landcover-2017,0.7444907,0.25550938
8095_geowiki-landcover-2017,0.584521,0.41547903
344_mali-helmets-labelling-crops,0.5845394,0.41546062
2426_ile-de-france,0.2724161,0.7275838
2801_geowiki-landcover-2017,0.7444908,0.25550923
11018_geowiki-landcover-2017,0.599275,0.40072507
14088_geowiki-landcover-2017,0.42674935,0.57325065
5766_geowiki-landcover-2017,0.744488,0.25551197
1207_canada,0.27241537,0.72758466
5932_geowiki-landcover-2017,0.59190845,0.40809152
1106_kenya-non-crop,0.7483292,0.25167078
27987_geowiki-landcover-2017,0.58451164,0.41548842
20_brazil-non-crop,0.6035846,0.39641535
14700_croplands,0.42179492,0.5782051
6033_ile-de-france,0.27241534,0.72758466
2890_canada,0.42674893,0.57325107
473_central-asia,0.272425,0.727575
1584_kenya-non-crop,0.5919087,0.40809128
3013_canada,0.4367416,0.5632584
11333_geowiki-landcover-2017,0.4192837,0.5807163
13725_croplands,0.42179546,0.5782046
1300_tanzania-ceo,0.6065525,0.39344752
817_kenya-non-crop,0.736649,0.263351
29409_geowiki-landcover-2017,0.27241567,0.72758436
3905_geowiki-landcover-2017,0.4217927,0.5782073
1356_canada,0.27241522,0.7275848
5215_central-asia,0.4193193,0.58068067
1334_kenya-non-crop,0.7366659,0.2633341
733_geowiki-landcover-2017,0.4218181,0.57818186
2408_reunion-france,0.7502363,0.24976367
566_mali-helmets-labelling-crops,0.58453923,0.41546077
357_geowiki-landcover-2017,0.7366615,0.2633385
1776_canada,0.27241525,0.7275847
3169_canada,0.42179146,0.57820857
1276_germany,0.43674034,0.56325966
476_geowiki-landcover-2017,0.7502264,0.24977364
4890_central-asia,0.27244595,0.727554
171_kenya,0.852798,0.14720203
857_canada,0.43674055,0.5632594
2306_canada,0.27241513,0.72758484
9877_geowiki-landcover-2017,0.6065621,0.3934379
1467_ile-de-france,0.42177457,0.57822543
2166_germany,0.4217953,0.57820475
29307_geowiki-landcover-2017,0.27241623,0.72758377
72_germany,0.27241525,0.7275847
35_lem-brazil,0.58453274,0.41546723
26031_geowiki-landcover-2017,0.42179573,0.5782043
1566_kenya-non-crop,0.58453894,0.41546106
2839_central-asia,0.27241686,0.72758317
4581_geowiki-landcover-2017,0.5844597,0.41554025
2039_kenya-non-crop,0.7444902,0.2555098
34272_geowiki-landcover-2017,0.42179632,0.5782037
2947_rwanda-ceo,0.7366663,0.26333365
35655_geowiki-landcover-2017,0.5845394,0.41546056
29783_geowiki-landcover-2017,0.41932496,0.580675
9108_geowiki-landcover-2017,0.6017171,0.3982829
3081_croplands,0.5919094,0.4080906
1330_ile-de-france,0.27241534,0.72758466
628_lem-brazil,0.58455473,0.41544524
2143_rwanda-ceo,0.59193516,0.40806487
269_kenya,0.8527972,0.14720277
1192_tanzania-ceo,0.8527963,0.1472037
1144_central-asia,0.27463284,0.7253672
6284_canada,0.27241513,0.72758484
34517_geowiki-landcover-2017,0.74448997,0.25550997
1482_canada,0.2724153,0.7275847
3925_canada,0.42179585,0.57820415
4890_canada,0.27241537,0.72758466
1792_canada,0.27242684,0.72757316
1297_mali-helmets-labelling-crops,0.42181218,0.5781878
17398_geowiki-landcover-2017,0.59191084,0.4080892
175_central-asia,0.27241582,0.72758424
22735_geowiki-landcover-2017,0.74449086,0.25550914
3634_geowiki-landcover-2017,0.5845393,0.41546074
15781_geowiki-landcover-2017,0.5919109,0.4080891
6572_canada,0.42178512,0.57821494
858_tanzania-ceo,0.8527981,0.14720194
3495_rwanda-ceo,0.85279816,0.14720182
2546_reunion-france,0.6017115,0.3982885
23954_geowiki-landcover-2017,0.42674938,0.57325065
1991_central-asia,0.27247632,0.7275237
7561_geowiki-landcover-2017,0.58453923,0.4154608
863_martinique-france,0.60171205,0.39828795
2178_ile-de-france,0.42179433,0.5782057
713_central-asia,0.27241847,0.72758156
2251_tanzania-ceo,0.5919109,0.4080891
33389_geowiki-landcover-2017,0.42179525,0.57820475
1484_croplands,0.4217986,0.5782014
4946_ile-de-france,0.27241525,0.7275847
1435_mali-helmets-labelling-crops,0.42179516,0.5782048
2245_martinique-france,0.584534,0.415466
1877_central-asia,0.2728429,0.7271571
1595_croplands,0.4217997,0.57820034
14922_croplands,0.4218013,0.57819873
1948_rwanda-ceo,0.85279816,0.14720182
3487_croplands,0.42179435,0.57820565
3546_central-asia,0.42187127,0.57812876
260_rwanda-ceo,0.59191126,0.4080887
11494_geowiki-landcover-2017,0.74834013,0.25165987
25131_geowiki-landcover-2017,0.8527982,0.14720176
5573_ile-de-france,0.2724158,0.72758424
20333_geowiki-landcover-2017,0.4367499,0.5632501
4613_ile-de-france,0.42178193,0.5782181
1167_kenya-non-crop,0.7366659,0.26333404
15811_geowiki-landcover-2017,0.59190327,0.40809673
2665_kenya-non-crop,0.7483293,0.2516707
1572_tanzania-ceo,0.5919106,0.4080894
5508_geowiki-landcover-2017,0.2724814,0.7275186
3439_canada,0.43672797,0.563272
34649_geowiki-landcover-2017,0.27241516,0.72758484
1538_kenya-non-crop,0.7444908,0.25550926
24_zimbabwe,0.59190553,0.40809444
245_martinique-france,0.6017135,0.39828655
223_croplands,0.27241528,0.7275847
530_kenya-non-crop,0.85279816,0.14720187
2001_central-asia,0.27247527,0.7275247
2281_rwanda-ceo,0.59191114,0.40808886
1451_reunion-france,0.7444666,0.25553343
4261_ile-de-france,0.2724152,0.7275848
1823_tanzania-ceo,0.73666334,0.2633367
7535_canada,0.5845366,0.41546333
1008_tanzania-ceo,0.5845403,0.41545966
15342_geowiki-landcover-2017,0.85279834,0.14720166
31394_geowiki-landcover-2017,0.42470005,0.5753
12020_geowiki-landcover-2017,0.8527758,0.14722423
5855_canada,0.2724158,0.72758424
2557_geowiki-landcover-2017,0.27241987,0.72758013
663_ethiopia,0.59191084,0.40808913
997_germany,0.27603,0.72396994
31308_geowiki-landcover-2017,0.27241537,0.72758466
317_central-asia,0.27241558,0.7275845
1385_martinique-france,0.8527943,0.14720577
2524_central-asia,0.27241698,0.727583
2666_central-asia,0.2724175,0.7275825
2066_kenya-non-crop,0.7444891,0.2555109
2008_ile-de-france,0.4217934,0.57820666
1954_ile-de-france,0.27241516,0.72758484
1245_germany,0.4217941,0.57820594
33315_geowiki-landcover-2017,0.42179644,0.5782036
4098_central-asia,0.42180583,0.57819414
27690_geowiki-landcover-2017,0.27241507,0.7275849
6792_geowiki-landcover-2017,0.4193211,0.5806789
2471_germany,0.27246433,0.7275356
593_geowiki-landcover-2017,0.5845394,0.41546062
3879_ile-de-france,0.27241597,0.72758406
21061_geowiki-landcover-2017,0.27241582,0.72758424
4683_croplands,0.4218016,0.57819843
4331_ile-de-france,0.43674168,0.56325835
3810_ile-de-france,0.27242118,0.72757876
1568_geowiki-landcover-2017,0.7381509,0.26184914
837_reunion-france,0.7502366,0.2497634
10866_croplands,0.7444896,0.25551045
6433_canada,0.27241558,0.7275844
2326_kenya-non-crop,0.59190977,0.40809023
6610_croplands,0.5918023,0.40819773
1438_geowiki-landcover-2017,0.7502318,0.24976818
340_geowiki-landcover-2017,0.85279775,0.14720227
6053_canada,0.4217848,0.57821524
9220_croplands,0.4217961,0.57820386
3152_geowiki-landcover-2017,0.58453965,0.41546038
2497_central-asia,0.27242216,0.72757787
33855_geowiki-landcover-2017,0.27241525,0.7275848
866_reunion-france,0.59191066,0.40808928
13034_geowiki-landcover-2017,0.41931954,0.5806805
28798_geowiki-landcover-2017,0.6017112,0.39828882
1419_martinique-france,0.85279536,0.14720458
5017_central-asia,0.41913033,0.5808697
2918_rwanda-ceo,0.5919106,0.4080894
577_germany,0.2724158,0.72758424
6068_ile-de-france,0.42179587,0.5782041
5638_ile-de-france,0.27241638,0.7275836
15212_geowiki-landcover-2017,0.58455765,0.41544232
4830_canada,0.2724151,0.72758484
14571_croplands,0.27247643,0.72752357
4457_ile-de-france,0.27242276,0.7275772
689_martinique-france,0.42181364,0.5781864
2631_canada,0.27241516,0.72758484
13393_croplands,0.42179894,0.57820106
115_tanzania-ceo,0.5919112,0.40808883
699_lem-brazil,0.7364892,0.26351085
7865_geowiki-landcover-2017,0.27241823,0.7275818
937_tanzania-ceo,0.59191036,0.40808967
576_geowiki-landcover-2017,0.5919142,0.40808585
786_germany,0.27241576,0.7275843
9211_croplands,0.60165536,0.3983446
18876_geowiki-landcover-2017,0.4217929,0.57820714
623_germany,0.2724195,0.7275805
3516_rwanda-ceo,0.8527976,0.14720231
3196_canada,0.27241513,0.72758484
675_lem-brazil,0.85279554,0.14720446
2192_reunion-france,0.5919101,0.40808985
671_ile-de-france,0.42179516,0.5782049
7100_geowiki-landcover-2017,0.58453596,0.41546407
1521_central-asia,0.2724287,0.7275713
28338_geowiki-landcover-2017,0.6019701,0.3980299
9935_croplands,0.7502328,0.24976724
16570_geowiki-landcover-2017,0.5918783,0.40812173
1157_central-asia,0.42450958,0.5754904
4881_central-asia,0.27244693,0.7275531
2382_germany,0.27348906,0.72651094
1346_martinique-france,0.42178512,0.5782148
16416_geowiki-landcover-2017,0.5919097,0.40809026
1416_mali-helmets-labelling-crops,0.42179585,0.57820415
1371_germany,0.4217956,0.5782044
28997_geowiki-landcover-2017,0.42179468,0.57820535
1004_ile-de-france,0.31953734,0.68046266
4288_ile-de-france,0.2724155,0.7275845
757_ile-de-france,0.27241525,0.7275847
11106_geowiki-landcover-2017,0.8526445,0.14735553
6147_geowiki-landcover-2017,0.27242935,0.72757065
3230_ile-de-france,0.2724152,0.72758484
232_tanzania-rice-ecaas,0.73666495,0.26333505
11767_geowiki-landcover-2017,0.5845356,0.4154644
1793_rwanda-ceo,0.85279757,0.14720239
10073_geowiki-landcover-2017,0.5894637,0.4105363
7887_canada,0.2724391,0.7275609
4183_geowiki-landcover-2017,0.6065609,0.3934391
1040_kenya-non-crop,0.73666555,0.26333448
17687_geowiki-landcover-2017,0.5919089,0.40809116
974_germany,0.42179564,0.5782044
9995_croplands,0.59190696,0.40809304
738_togo,0.5845346,0.4154654
28583_geowiki-landcover-2017,0.5919055,0.40809453
9325_geowiki-landcover-2017,0.5845376,0.41546234
2494_geowiki-landcover-2017,0.5845394,0.41546062
21661_geowiki-landcover-2017,0.2724154,0.7275846
846_tanzania-ceo,0.6901665,0.30983347
2420_geowiki-landcover-2017,0.5845399,0.4154601
7103_geowiki-landcover-2017,0.27242327,0.7275768
1815_canada,0.42179608,0.5782039
21110_geowiki-landcover-2017,0.4217958,0.5782042
2381_martinique-france,0.6016969,0.3983031
31_kenya,0.7366664,0.26333362
2385_kenya-non-crop,0.74449074,0.25550932
5289_geowiki-landcover-2017,0.42179692,0.578203
730_kenya-non-crop,0.5895211,0.41047886
6797_canada,0.42179564,0.5782044
302_sudan,0.6065615,0.3934385
12072_geowiki-landcover-2017,0.43673992,0.56326
1909_geowiki-landcover-2017,0.73666584,0.2633341
779_kenya-non-crop,0.73666584,0.2633341
2059_geowiki-landcover-2017,0.74449134,0.25550872
1777_canada,0.27241546,0.72758454
500_kenya-non-crop,0.85279495,0.14720504
30717_geowiki-landcover-2017,0.2724156,0.72758436
3222_geowiki-landcover-2017,0.5845395,0.41546056
19678_geowiki-landcover-2017,0.73662966,0.26337036
2579_geowiki-landcover-2017,0.5845393,0.41546065
29343_geowiki-landcover-2017,0.27241513,0.72758484
212_sudan,0.5845393,0.4154607
1571_reunion-france,0.5919104,0.40808955
4197_geowiki-landcover-2017,0.58453596,0.415464
20_mali,0.58453465,0.41546533
159_mali-helmets-labelling-crops,0.5845389,0.41546112
6141_geowiki-landcover-2017,0.58945817,0.41054183
5771_ile-de-france,0.4217942,0.57820576
866_togo,0.58453315,0.41546687
5789_ile-de-france,0.27241546,0.72758454
1174_kenya-non-crop,0.8527979,0.14720213
563_reunion-france,0.42674902,0.573251
33335_geowiki-landcover-2017,0.60656124,0.39343876
35469_geowiki-landcover-2017,0.7502366,0.2497634
7579_geowiki-landcover-2017,0.4217954,0.57820463
21993_geowiki-landcover-2017,0.74446094,0.2555391
5093_canada,0.27241525,0.7275847
2477_germany,0.42179477,0.5782052
350_geowiki-landcover-2017,0.74449015,0.25550982
14575_geowiki-landcover-2017,0.6065638,0.39343613
11952_geowiki-landcover-2017,0.7366724,0.26332763
751_reunion-france,0.75023663,0.24976335
230_rwanda-ceo,0.736666,0.26333398
1231_martinique-france,0.60171056,0.39828944
1548_germany,0.42179465,0.57820535
1811_tanzania-ceo,0.58453935,0.41546065
11416_geowiki-landcover-2017,0.736665,0.26333493
1565_canada,0.27241823,0.72758174
2501_ile-de-france,0.27241662,0.7275834
4040_canada,0.2724152,0.72758484
26688_geowiki-landcover-2017,0.2724153,0.7275847
2307_reunion-france,0.75023663,0.24976335
35141_geowiki-landcover-2017,0.27241525,0.7275848
2755_reunion-france,0.59195954,0.4080404
1458_croplands,0.27244458,0.72755545
2462_kenya-non-crop,0.5845441,0.4154559
17726_geowiki-landcover-2017,0.6065615,0.39343858
22140_geowiki-landcover-2017,0.2724151,0.7275849
3701_central-asia,0.27242714,0.72757286
29270_geowiki-landcover-2017,0.59191054,0.40808943
13575_croplands,0.42179555,0.5782045
33396_geowiki-landcover-2017,0.4367416,0.5632584
787_canada,0.2724162,0.7275838
24793_geowiki-landcover-2017,0.4217961,0.5782039
4549_central-asia,0.2724176,0.7275824
9155_croplands,0.4217935,0.5782065
29127_geowiki-landcover-2017,0.2724151,0.72758484
9_tanzania-ceo,0.8527981,0.1472019
2940_central-asia,0.2743174,0.72568256
6320_canada,0.27241516,0.72758484
20739_geowiki-landcover-2017,0.58454055,0.41545942
3551_rwanda-ceo,0.59191227,0.40808773
1208_germany,0.2724153,0.7275847
4096_canada,0.27241516,0.72758484
1413_croplands,0.58453834,0.4154617
29025_geowiki-landcover-2017,0.5919132,0.40808678
600_rwanda-ceo,0.75023574,0.2497643
20837_geowiki-landcover-2017,0.8527404,0.1472596
11074_geowiki-landcover-2017,0.8527962,0.14720377
974_canada,0.27241546,0.72758454
2382_rwanda-ceo,0.5919303,0.40806964
103_mali,0.5845391,0.41546088
685_germany,0.4217943,0.5782057
4137_central-asia,0.42182115,0.5781788
4440_ile-de-france,0.27241534,0.72758466
10688_geowiki-landcover-2017,0.2724195,0.7275805
292_lem-brazil,0.5845411,0.4154589
757_canada,0.43674174,0.5632583
5526_ile-de-france,0.4217943,0.5782057
32242_geowiki-landcover-2017,0.2724155,0.7275845
4887_ile-de-france,0.2724153,0.7275847
29272_geowiki-landcover-2017,0.27241525,0.7275848
194_tanzania-ceo,0.74449056,0.25550944
2924_geowiki-landcover-2017,0.42179424,0.57820576
14975_croplands,0.42675152,0.57324845
2136_canada,0.2724152,0.72758484
2081_kenya-non-crop,0.7444534,0.25554663
3714_ile-de-france,0.2724152,0.72758484
707_tanzania-ceo,0.7444904,0.25550961
378_ethiopia,0.5919089,0.4080911
266_lem-brazil,0.4218032,0.57819676
6837_croplands,0.5919093,0.40809077
1111_reunion-france,0.7502363,0.24976376
671_rwanda-ceo,0.59191114,0.40808886
7092_geowiki-landcover-2017,0.4217953,0.57820475
7048_geowiki-landcover-2017,0.4217962,0.57820374
32619_geowiki-landcover-2017,0.27241516,0.72758484
29875_geowiki-landcover-2017,0.4218053,0.5781947
1223_canada,0.27241522,0.7275848
0_rwanda-ceo,0.6065612,0.39343885
7802_geowiki-landcover-2017,0.42674303,0.57325697
23979_geowiki-landcover-2017,0.7365653,0.26343468
33176_geowiki-landcover-2017,0.4367413,0.56325865
28905_geowiki-landcover-2017,0.59191394,0.40808606
34371_geowiki-landcover-2017,0.5845393,0.4154607
703_tanzania-rice-ecaas,0.5845421,0.41545787
33807_geowiki-landcover-2017,0.42674896,0.573251
4673_central-asia,0.27241588,0.72758406
12989_geowiki-landcover-2017,0.4367437,0.5632563
30299_geowiki-landcover-2017,0.2724154,0.7275846
4309_geowiki-landcover-2017,0.7366662,0.2633338
7668_geowiki-landcover-2017,0.27241525,0.7275848
10150_geowiki-landcover-2017,0.41934025,0.58065975
4972_ile-de-france,0.4217722,0.5782278
8011_geowiki-landcover-2017,0.6017106,0.3982894
26866_geowiki-landcover-2017,0.6065611,0.39343885
5763_ile-de-france,0.2724151,0.7275849
7931_canada,0.27241516,0.72758484
2643_canada,0.27241525,0.7275848
16135_geowiki-landcover-2017,0.27241644,0.7275835
5725_ile-de-france,0.27241516,0.72758484
383_geowiki-landcover-2017,0.58453804,0.41546196
25467_geowiki-landcover-2017,0.2724174,0.7275826
2570_central-asia,0.27241704,0.72758293
1745_geowiki-landcover-2017,0.8527968,0.14720327
2010_tanzania-ceo,0.74449086,0.25550917
1214_mali-helmets-labelling-crops,0.43132445,0.5686755
6588_canada,0.2724154,0.7275846
5840_canada,0.2724156,0.72758436
1701_central-asia,0.27260977,0.7273903
1485_geowiki-landcover-2017,0.59191066,0.40808934
34670_geowiki-landcover-2017,0.27241516,0.72758484
981_tanzania-ceo,0.750237,0.24976301
437_martinique-france,0.42179906,0.57820094
2518_germany,0.27241555,0.7275845
32040_geowiki-landcover-2017,0.60656077,0.39343926
3269_canada,0.42179596,0.578204
3057_geowiki-landcover-2017,0.5845317,0.41546825
4948_central-asia,0.27250952,0.7274904
2832_ile-de-france,0.27241534,0.72758466
32447_geowiki-landcover-2017,0.27241683,0.7275832
14981_geowiki-landcover-2017,0.7444904,0.25550956
2433_germany,0.43674022,0.5632598
890_germany,0.4217954,0.57820463
1434_geowiki-landcover-2017,0.7366653,0.2633347
314_tanzania-rice-ecaas,0.7366645,0.26333556
476_martinique-france,0.42179555,0.57820445
2445_germany,0.27242383,0.7275762
1993_canada,0.27241525,0.7275847
22060_geowiki-landcover-2017,0.27241513,0.72758484
1987_tanzania-ceo,0.8527917,0.14720824
148_sudan,0.58454096,0.415459
15284_geowiki-landcover-2017,0.8527967,0.14720334
50_ethiopia,0.7366662,0.26333383
3069_central-asia,0.272416,0.72758394
34449_geowiki-landcover-2017,0.2748691,0.7251309
8690_geowiki-landcover-2017,0.59190595,0.4080941
25962_geowiki-landcover-2017,0.60171115,0.39828882
1015_togo,0.74449015,0.25550988
1182_martinique-france,0.42178822,0.57821184
403_central-asia,0.27241677,0.7275832
2636_ile-de-france,0.27241623,0.72758377
11303_croplands,0.59190685,0.40809318
3100_ile-de-france,0.27241525,0.7275847
154_kenya,0.7366661,0.26333395
1815_ile-de-france,0.2724157,0.7275843
903_rwanda-ceo,0.8527307,0.14726926
2093_tanzania-ceo,0.8527979,0.14720206
6347_canada,0.27241573,0.7275843
790_togo,0.42180058,0.57819945
658_croplands,0.2724152,0.7275848
3609_croplands,0.42179692,0.578203
9107_croplands,0.4217953,0.5782047
2290_canada,0.4217883,0.5782117
350_tanzania-rice-ecaas,0.73666424,0.2633358
1535_germany,0.42179564,0.5782044
2656_central-asia,0.2724174,0.72758263
292_tanzania-rice-ecaas,0.7366685,0.26333147
439_tanzania-ceo,0.5919193,0.4080807
32532_geowiki-landcover-2017,0.27241588,0.7275841
211_tanzania-rice-ecaas,0.73666567,0.26333436
871_germany,0.27241537,0.7275846
208_martinique-france,0.7502372,0.24976273
5096_ile-de-france,0.27241546,0.72758454
6900_croplands,0.5919248,0.40807515
785_reunion-france,0.5919106,0.40808937
106_rwanda-ceo,0.85232353,0.14767651
635_togo,0.5845397,0.41546032
508_tanzania-rice-ecaas,0.5847965,0.4152035
480_rwanda-ceo,0.59191096,0.408089
1400_central-asia,0.27417013,0.72582984
532_tanzania-rice-ecaas,0.85277724,0.14722268
358_germany,0.27242863,0.72757137
880_ile-de-france,0.27241823,0.72758174
27003_geowiki-landcover-2017,0.42179587,0.57820415
26425_geowiki-landcover-2017,0.42176822,0.5782318
5170_canada,0.4217961,0.57820386
7435_geowiki-landcover-2017,0.74833995,0.25166008
594_rwanda-ceo,0.8527877,0.14721236
2507_central-asia,0.27241716,0.7275828
157_mali-helmets-labelling-crops,0.58453864,0.4154613
2260_kenya-non-crop,0.58454084,0.41545916
22655_geowiki-landcover-2017,0.42674637,0.57325363
4078_central-asia,0.27252322,0.72747684
31930_geowiki-landcover-2017,0.42176998,0.57823
2198_germany,0.60170865,0.39829135
20395_geowiki-landcover-2017,0.2724152,0.7275848
26041_geowiki-landcover-2017,0.59936756,0.4006324
4640_canada,0.42179576,0.5782043
710_reunion-france,0.59191054,0.40808943
76_togo,0.5845392,0.4154608
673_tanzania-ceo,0.85279566,0.14720435
34713_geowiki-landcover-2017,0.27241552,0.7275845
6628_geowiki-landcover-2017,0.42674926,0.5732508
15078_geowiki-landcover-2017,0.73666084,0.26333916
4343_ile-de-france,0.2724151,0.72758484
23517_geowiki-landcover-2017,0.42179376,0.57820624
2637_kenya-non-crop,0.85279816,0.14720182
11089_geowiki-landcover-2017,0.74448985,0.25551015
12474_geowiki-landcover-2017,0.74832934,0.25167066
25546_geowiki-landcover-2017,0.5891197,0.41088033
10182_geowiki-landcover-2017,0.6017166,0.39828342
658_reunion-france,0.5919121,0.40808788
515_ile-de-france,0.27241594,0.72758406
22170_geowiki-landcover-2017,0.43674228,0.56325775
17797_geowiki-landcover-2017,0.42675024,0.57324976
11270_geowiki-landcover-2017,0.8527982,0.14720176
2200_rwanda-ceo,0.7502371,0.24976286
78_kenya-non-crop,0.73666567,0.2633343
3999_canada,0.4217956,0.5782044
22689_geowiki-landcover-2017,0.59191084,0.4080892
25955_geowiki-landcover-2017,0.58453834,0.41546163
1070_ile-de-france,0.27241513,0.72758484
1660_ile-de-france,0.27241638,0.7275836
7378_geowiki-landcover-2017,0.2724158,0.72758424
4047_canada,0.27241525,0.7275847
635_germany,0.2724153,0.7275847
1728_ile-de-france,0.27241516,0.72758484
6117_ile-de-france,0.27241516,0.72758484
5901_ile-de-france,0.2724162,0.72758377
35812_geowiki-landcover-2017,0.73666584,0.2633341
18591_geowiki-landcover-2017,0.6017086,0.3982914
35282_geowiki-landcover-2017,0.42674956,0.5732504
1317_central-asia,0.27416998,0.72582996
4049_geowiki-landcover-2017,0.5894544,0.41054565
2083_ile-de-france,0.2724153,0.72758466
2169_martinique-france,0.74448705,0.25551295
3316_canada,0.27241662,0.72758335
820_rwanda-ceo,0.7502399,0.24976014
1390_ile-de-france,0.27241558,0.7275844
2271_germany,0.2724317,0.7275683
6115_ile-de-france,0.27241546,0.7275846
1317_germany,0.27248144,0.7275186
2422_reunion-france,0.60171443,0.39828554
6297_canada,0.2724152,0.72758484
7158_geowiki-landcover-2017,0.27241534,0.72758466
324_togo,0.7444889,0.2555111
306_central-asia,0.2724157,0.72758436
1594_martinique-france,0.60171,0.39828998
7703_geowiki-landcover-2017,0.6017014,0.39829865
1471_geowiki-landcover-2017,0.85278636,0.14721361
731_canada,0.27241543,0.7275846
1239_canada,0.27241525,0.7275848
672_canada,0.27293923,0.72706074
76_germany,0.4217102,0.5782898
553_lem-brazil,0.5848452,0.41515478
857_geowiki-landcover-2017,0.75015473,0.24984525
1943_canada,0.27241576,0.7275843
26_tanzania-rice-ecaas,0.736665,0.263335
6506_geowiki-landcover-2017,0.606562,0.39343798
404_germany,0.42179483,0.5782052
197_lem-brazil,0.5918908,0.4081092
2542_reunion-france,0.744477,0.255523
6907_canada,0.27241525,0.7275848
7106_canada,0.2724156,0.7275844
6963_geowiki-landcover-2017,0.4217961,0.57820386
585_ile-de-france,0.27241516,0.72758484
4851_geowiki-landcover-2017,0.58945376,0.4105463
9222_geowiki-landcover-2017,0.8527974,0.14720263
24805_geowiki-landcover-2017,0.42179444,0.5782056
305_rwanda-ceo,0.8527713,0.14722873
9628_geowiki-landcover-2017,0.7444904,0.25550964
35001_geowiki-landcover-2017,0.43674523,0.5632547
1159_martinique-france,0.7444871,0.25551292
608_rwanda-ceo,0.5919119,0.40808806
1702_geowiki-landcover-2017,0.5845446,0.41545534
4565_ile-de-france,0.421793,0.57820696
1666_rwanda-ceo,0.7502371,0.24976291
2719_central-asia,0.27243957,0.7275604
203_geowiki-landcover-2017,0.58453876,0.4154613
2283_martinique-france,0.7444791,0.25552094
1727_reunion-france,0.6017111,0.3982889
1897_tanzania-ceo,0.42179635,0.5782036
154_canada,0.2724153,0.7275847
4508_central-asia,0.42179757,0.5782024
1543_tanzania-ceo,0.7366659,0.26333407
16515_geowiki-landcover-2017,0.7444912,0.25550878
271_tanzania-ceo,0.85275406,0.14724594
3235_ile-de-france,0.2724152,0.7275848
3026_ile-de-france,0.27241525,0.7275848
5671_canada,0.27241516,0.72758484
124_kenya-non-crop,0.73666584,0.26333416
14450_geowiki-landcover-2017,0.27241838,0.7275816
63_mali-non-crop,0.6016771,0.39832285
31273_geowiki-landcover-2017,0.42179635,0.5782037
3314_rwanda-ceo,0.7500871,0.2499129
409_lem-brazil,0.42182863,0.5781713
2779_canada,0.27241525,0.7275848
2898_rwanda-ceo,0.59194726,0.40805268
32058_geowiki-landcover-2017,0.27241552,0.7275845
347_togo,0.58453923,0.41546074
1727_kenya-non-crop,0.8527951,0.1472049
9_togo,0.58470213,0.41529787
13186_geowiki-landcover-2017,0.7444898,0.25551024
4871_canada,0.27241537,0.72758466
8984_geowiki-landcover-2017,0.42675152,0.5732485
4594_ile-de-france,0.27241898,0.7275811
4044_canada,0.2724152,0.7275848
33800_geowiki-landcover-2017,0.4217959,0.5782041
1331_geowiki-landcover-2017,0.5918831,0.40811688
11551_geowiki-landcover-2017,0.5827149,0.41728505
7366_geowiki-landcover-2017,0.601735,0.39826506
960_rwanda-ceo,0.7502367,0.24976327
35823_geowiki-landcover-2017,0.42179683,0.57820314
545_germany,0.27241534,0.72758466
4561_ile-de-france,0.27242225,0.7275777
579_mali-helmets-labelling-crops,0.5845392,0.41546082
1482_croplands,0.27241668,0.72758335
1158_central-asia,0.27463612,0.72536385
30_rwanda-ceo,0.8527934,0.14720659
2119_ile-de-france,0.42179528,0.57820475
4614_central-asia,0.27242646,0.7275736
3054_rwanda-ceo,0.7502368,0.24976319
1577_canada,0.2724153,0.72758466
6983_geowiki-landcover-2017,0.2724152,0.7275848
4446_croplands,0.42179626,0.57820374
4111_ile-de-france,0.4367413,0.5632587
5893_geowiki-landcover-2017,0.4217953,0.5782047
16580_geowiki-landcover-2017,0.58454406,0.41545594
218_croplands,0.27241546,0.72758454
41_tanzania-ceo,0.6065734,0.3934266
14689_croplands,0.42179555,0.57820445
2503_germany,0.27241537,0.72758466
33656_geowiki-landcover-2017,0.2724153,0.7275847
2354_ile-de-france,0.27241585,0.7275841
979_reunion-france,0.6017034,0.39829656
2837_geowiki-landcover-2017,0.5845393,0.41546068
3772_croplands,0.59189147,0.40810853
3310_geowiki-landcover-2017,0.5845405,0.4154595
3069_ile-de-france,0.2724259,0.7275741
15379_geowiki-landcover-2017,0.8527982,0.14720179
882_rwanda-ceo,0.73666567,0.26333433
33597_geowiki-landcover-2017,0.59190625,0.40809378
3792_ile-de-france,0.42179525,0.57820475
700_ethiopia,0.8467365,0.15326355
17316_geowiki-landcover-2017,0.5845393,0.41546068
4993_canada,0.2724152,0.72758484
792_ethiopia,0.59927666,0.40072334
33545_geowiki-landcover-2017,0.4367417,0.5632583
5269_canada,0.27241525,0.7275848
16509_geowiki-landcover-2017,0.58454496,0.415455
2080_ile-de-france,0.27241567,0.72758436
2082_martinique-france,0.27241814,0.7275818
811_rwanda-ceo,0.7366609,0.2633391
3326_canada,0.27241617,0.7275838
12639_croplands,0.58453876,0.4154613
254_kenya-non-crop,0.73666656,0.2633334
30148_geowiki-landcover-2017,0.4217953,0.57820463
34118_geowiki-landcover-2017,0.59190804,0.40809202
19525_geowiki-landcover-2017,0.4367456,0.5632544
715_rwanda-ceo,0.59191245,0.40808758
1095_geowiki-landcover-2017,0.591909,0.40809098
70_togo,0.5850291,0.41497087
23629_geowiki-landcover-2017,0.74448955,0.25551048
1234_canada,0.27241516,0.72758484
346_lem-brazil,0.5845403,0.4154597
34650_geowiki-landcover-2017,0.2724219,0.7275781
164_central-asia,0.27241558,0.7275844
4063_ile-de-france,0.27241537,0.72758466
14415_geowiki-landcover-2017,0.43671906,0.5632809
4031_canada,0.27241525,0.7275847
1966_rwanda-ceo,0.8527982,0.14720172
25820_geowiki-landcover-2017,0.27241525,0.7275848
503_ethiopia,0.8527974,0.14720267
4423_ile-de-france,0.2724204,0.7275796
279_reunion-france,0.6017233,0.3982767
2552_reunion-france,0.6017111,0.39828894
981_reunion-france,0.42179596,0.57820404
1557_martinique-france,0.6017318,0.39826822
12149_geowiki-landcover-2017,0.60656077,0.39343923
6911_geowiki-landcover-2017,0.27241617,0.7275838
4363_geowiki-landcover-2017,0.7444814,0.2555186
21066_geowiki-landcover-2017,0.43674168,0.56325835
2401_rwanda-ceo,0.75023717,0.24976282
2759_rwanda-ceo,0.7502382,0.24976179
29042_geowiki-landcover-2017,0.27241686,0.72758317
10835_geowiki-landcover-2017,0.43661764,0.5633824
539_togo,0.7366658,0.26333418
24_mali-non-crop,0.6017092,0.39829084
1981_ile-de-france,0.27242404,0.72757596
1029_martinique-france,0.59971225,0.40028772
6485_canada,0.2724151,0.72758484
2349_germany,0.2727481,0.72725195
25477_geowiki-landcover-2017,0.60655886,0.3934411
6677_croplands,0.59190536,0.4080946
1252_rwanda-ceo,0.75023675,0.24976322
2016_tanzania-ceo,0.8526929,0.14730704
2467_kenya-non-crop,0.5845407,0.4154593
2008_kenya-non-crop,0.7444908,0.25550923
262_canada,0.42179236,0.5782076
5544_canada,0.2724152,0.7275848
5729_canada,0.27241525,0.7275848
326_germany,0.2724153,0.72758466
25659_geowiki-landcover-2017,0.27243277,0.7275672
19973_geowiki-landcover-2017,0.42674917,0.5732508
22412_geowiki-landcover-2017,0.2724154,0.7275846
32343_geowiki-landcover-2017,0.4368039,0.5631961
1999_canada,0.27241638,0.7275836
2151_ile-de-france,0.2724164,0.7275836
4744_geowiki-landcover-2017,0.5992746,0.40072542
26464_geowiki-landcover-2017,0.2724167,0.72758335
17828_geowiki-landcover-2017,0.27264306,0.727357
19411_geowiki-landcover-2017,0.5845359,0.41546413
6171_ile-de-france,0.4217892,0.5782108
5958_ile-de-france,0.2724152,0.72758484
112_kenya-non-crop,0.8527965,0.14720349
720_rwanda-ceo,0.7502379,0.2497621
24470_geowiki-landcover-2017,0.60656023,0.39343974
5495_canada,0.27241516,0.72758484
4514_croplands,0.42179644,0.57820356
31892_geowiki-landcover-2017,0.4217959,0.5782041
1883_germany,0.27241567,0.72758436
695_germany,0.2724152,0.72758484
32370_geowiki-landcover-2017,0.42179248,0.5782075
1722_kenya-non-crop,0.8527901,0.14720994
10161_geowiki-landcover-2017,0.59927124,0.40072876
2768_reunion-france,0.42674914,0.5732509
1354_mali-helmets-labelling-crops,0.4217955,0.5782045
35463_geowiki-landcover-2017,0.27241746,0.7275826
1693_central-asia,0.2726099,0.7273901
329_tanzania-ceo,0.75024754,0.24975242
2141_rwanda-ceo,0.7366657,0.26333427
2485_rwanda-ceo,0.852797,0.14720301
1944_tanzania-ceo,0.75023586,0.24976407
1095_togo,0.42179525,0.57820475
8451_geowiki-landcover-2017,0.4217962,0.57820374
628_tanzania-rice-ecaas,0.73665917,0.26334083
13580_geowiki-landcover-2017,0.7483318,0.25166824
2602_rwanda-ceo,0.5919122,0.40808785
182_mali-helmets-labelling-crops,0.58453906,0.41546088
1371_kenya-non-crop,0.591911,0.40808895
1560_germany,0.2724153,0.7275847
35011_geowiki-landcover-2017,0.43674076,0.5632593
1435_ile-de-france,0.27241537,0.72758466
20222_geowiki-landcover-2017,0.6065615,0.39343858
1243_tanzania-ceo,0.59191084,0.4080892
17565_geowiki-landcover-2017,0.6065572,0.39344284
2530_kenya-non-crop,0.85279566,0.14720435
2879_ile-de-france,0.42128554,0.57871443
12606_croplands,0.7444897,0.25551024
29715_geowiki-landcover-2017,0.2724152,0.72758484
3159_geowiki-landcover-2017,0.58453906,0.41546097
2112_tanzania-ceo,0.73666507,0.26333487
881_canada,0.27241525,0.7275848
28168_geowiki-landcover-2017,0.7366653,0.26333466
26974_geowiki-landcover-2017,0.42674914,0.5732509
2073_canada,0.27241516,0.72758484
1778_kenya-non-crop,0.85279554,0.14720447
29184_geowiki-landcover-2017,0.2724152,0.72758484
34406_geowiki-landcover-2017,0.8527978,0.14720216
134_togo,0.5845392,0.41546088
128_mali,0.58453345,0.41546652
3224_central-asia,0.41928113,0.5807189
5182_central-asia,0.41911188,0.58088815
721_martinique-france,0.42181754,0.57818246
771_germany,0.2724156,0.72758436
2045_ile-de-france,0.27241525,0.7275848
19810_geowiki-landcover-2017,0.27241525,0.7275848
116_mali-helmets-labelling-crops,0.58453923,0.41546077
1496_ile-de-france,0.27241525,0.7275847
653_ethiopia,0.5919078,0.4080922
753_reunion-france,0.6065669,0.39343306
11871_geowiki-landcover-2017,0.85279834,0.14720166
2210_canada,0.27241513,0.72758484
3246_rwanda-ceo,0.7483337,0.2516663
1971_ile-de-france,0.2724151,0.7275849
30687_geowiki-landcover-2017,0.43674198,0.56325805
3988_ile-de-france,0.43674254,0.56325746
1800_reunion-france,0.5919143,0.40808576
3571_central-asia,0.42184517,0.5781548
4212_ile-de-france,0.27241528,0.7275847
1987_rwanda-ceo,0.7366655,0.26333454
14247_geowiki-landcover-2017,0.7502367,0.24976327
889_martinique-france,0.74448776,0.2555123
6756_canada,0.2724158,0.72758424
2159_tanzania-ceo,0.58453953,0.41546047
5553_canada,0.2724152,0.72758484
28776_geowiki-landcover-2017,0.58452505,0.4154749
34575_geowiki-landcover-2017,0.27241516,0.72758484
64_kenya-non-crop,0.8527951,0.14720482
32114_geowiki-landcover-2017,0.2724152,0.72758484
1996_martinique-france,0.42179704,0.57820296
1018_tanzania-ceo,0.75013304,0.24986698
4272_ile-de-france,0.27241525,0.7275848
2832_central-asia,0.2724161,0.7275839
495_rwanda-ceo,0.85279816,0.14720182
1236_rwanda-ceo,0.59191126,0.40808877
21075_geowiki-landcover-2017,0.60682106,0.39317894
19022_geowiki-landcover-2017,0.60656166,0.3934384
7873_geowiki-landcover-2017,0.7444903,0.25550964
1175_central-asia,0.27464026,0.72535974
5815_ile-de-france,0.2724218,0.72757816
31408_geowiki-landcover-2017,0.42179576,0.5782043
1770_ile-de-france,0.27241525,0.7275847
1575_central-asia,0.42185414,0.57814586
30884_geowiki-landcover-2017,0.2724219,0.72757816
1776_martinique-france,0.6001296,0.39987043
1081_kenya-non-crop,0.7366655,0.26333454
1129_ile-de-france,0.27241546,0.72758454
549_croplands,0.41951102,0.580489
3136_geowiki-landcover-2017,0.5845392,0.41546082
1054_togo,0.42179587,0.57820415
1022_kenya-non-crop,0.85279816,0.14720182
28147_geowiki-landcover-2017,0.7444019,0.25559816
5896_ile-de-france,0.2724151,0.72758484
5313_canada,0.27243164,0.7275683
1488_central-asia,0.42450565,0.57549435
10457_geowiki-landcover-2017,0.606561,0.393439
683_martinique-france,0.4218171,0.5781829
17712_geowiki-landcover-2017,0.2724151,0.7275849
8981_geowiki-landcover-2017,0.421805,0.578195
6167_ile-de-france,0.43672907,0.5632709
22077_geowiki-landcover-2017,0.27241626,0.7275837
31552_geowiki-landcover-2017,0.4217958,0.5782043
3416_central-asia,0.41926414,0.58073586
418_martinique-france,0.5845316,0.41546845
2791_geowiki-landcover-2017,0.58451575,0.41548428
179_canada,0.2748054,0.72519463
4782_central-asia,0.27246308,0.727537
1744_canada,0.27241516,0.72758484
31978_geowiki-landcover-2017,0.27243784,0.7275622
3596_canada,0.2724152,0.72758484
5868_ile-de-france,0.2724151,0.7275849
1743_tanzania-ceo,0.5919116,0.4080884
2744_reunion-france,0.4267494,0.5732506
2168_canada,0.27242213,0.7275779
456_tanzania-rice-ecaas,0.5845428,0.41545722
31056_geowiki-landcover-2017,0.43674406,0.56325597
22946_geowiki-landcover-2017,0.7444908,0.25550923
7924_geowiki-landcover-2017,0.74449134,0.25550863
34842_geowiki-landcover-2017,0.2724152,0.7275848
1622_rwanda-ceo,0.73672163,0.26327834
12526_croplands,0.5845386,0.41546142
1768_canada,0.27241528,0.7275847
2454_rwanda-ceo,0.7502379,0.24976207
287_central-asia,0.27241567,0.72758436
454_reunion-france,0.7502353,0.24976468
4232_canada,0.27241585,0.7275841
12230_geowiki-landcover-2017,0.60172385,0.39827615
31279_geowiki-landcover-2017,0.7326618,0.26733822
166_kenya,0.7366664,0.26333362
5600_canada,0.2724166,0.7275834
1020_kenya-non-crop,0.73666567,0.26333436
4188_canada,0.42179587,0.5782041
34755_geowiki-landcover-2017,0.27241516,0.72758484
4173_geowiki-landcover-2017,0.7502133,0.24978663
8125_geowiki-landcover-2017,0.852554,0.14744593
56_reunion-france,0.59191054,0.40808943
421_kenya-non-crop,0.85279816,0.14720187
27_kenya,0.73666674,0.26333332
3870_ile-de-france,0.27241537,0.72758466
30898_geowiki-landcover-2017,0.43675694,0.5632431
2_martinique-france,0.5919111,0.40808892
406_rwanda-ceo,0.7502363,0.24976371
7531_geowiki-landcover-2017,0.43673962,0.56326044
6030_ile-de-france,0.2724153,0.7275847
1011_mali-helmets-labelling-crops,0.42381158,0.57618845
1465_canada,0.43673268,0.5632673
425_lem-brazil,0.58454126,0.41545877
8230_geowiki-landcover-2017,0.6067673,0.39323267
3608_geowiki-landcover-2017,0.7502364,0.24976358
4602_ile-de-france,0.2724152,0.72758484
17646_geowiki-landcover-2017,0.43674144,0.5632585
2649_reunion-france,0.6017104,0.39828962
719_central-asia,0.2724172,0.7275828
2897_geowiki-landcover-2017,0.74447477,0.25552517
7425_geowiki-landcover-2017,0.43673873,0.5632613
15253_geowiki-landcover-2017,0.7444901,0.2555099
4828_canada,0.27241516,0.72758484
14855_geowiki-landcover-2017,0.4217944,0.5782056
292_ile-de-france,0.2725221,0.7274779
737_lem-brazil,0.7445207,0.25547925
462_lem-brazil,0.42181325,0.57818675
2323_martinique-france,0.8527941,0.14720589
1280_germany,0.2724156,0.72758436
642_geowiki-landcover-2017,0.5919087,0.40809128
1185_germany,0.60170573,0.39829424
5215_geowiki-landcover-2017,0.42678055,0.5732194
5318_ile-de-france,0.27241516,0.72758484
30593_geowiki-landcover-2017,0.2724152,0.7275848
12977_croplands,0.42179763,0.5782024
1803_central-asia,0.4372687,0.5627313
21487_geowiki-landcover-2017,0.606561,0.39343894
15211_geowiki-landcover-2017,0.5845304,0.4154696
14030_geowiki-landcover-2017,0.426748,0.573252
2205_tanzania-ceo,0.5919119,0.4080881
26855_geowiki-landcover-2017,0.42179504,0.578205
1457_reunion-france,0.74447584,0.25552416
4154_croplands,0.59927386,0.4007261
3602_geowiki-landcover-2017,0.5845392,0.41546085
22675_geowiki-landcover-2017,0.42179906,0.5782009
1193_ile-de-france,0.2724153,0.72758466
27746_geowiki-landcover-2017,0.42179564,0.5782044
3428_ile-de-france,0.27242264,0.7275774
4155_croplands,0.58453774,0.4154622
1329_kenya-non-crop,0.4193229,0.5806771
5103_ile-de-france,0.2724261,0.72757393
203_mali-helmets-labelling-crops,0.58453864,0.41546136
441_ile-de-france,0.27241525,0.7275848
26939_geowiki-landcover-2017,0.27244368,0.72755635
23168_geowiki-landcover-2017,0.4367416,0.5632584
25380_geowiki-landcover-2017,0.60170907,0.39829093
1690_geowiki-landcover-2017,0.59191006,0.40808994
2361_ile-de-france,0.27241525,0.7275848
1914_martinique-france,0.27242118,0.72757876
5409_geowiki-landcover-2017,0.85279834,0.14720169
6088_geowiki-landcover-2017,0.42674932,0.5732507
12871_croplands,0.27241877,0.72758126
551_lem-brazil,0.5992882,0.40071172
1635_central-asia,0.27246392,0.7275361
21171_geowiki-landcover-2017,0.60656047,0.39343953
34756_geowiki-landcover-2017,0.2724173,0.7275827
2355_canada,0.42179587,0.57820415
31105_geowiki-landcover-2017,0.6017111,0.3982889
6892_canada,0.27241558,0.7275845
4974_geowiki-landcover-2017,0.59191036,0.4080896
29076_geowiki-landcover-2017,0.27241525,0.7275847
391_mali-helmets-labelling-crops,0.5845392,0.4154608
20500_geowiki-landcover-2017,0.27241528,0.7275847
949_reunion-france,0.4268996,0.5731004
10161_croplands,0.42676327,0.5732367
20154_geowiki-landcover-2017,0.27241603,0.72758394
489_mali-helmets-labelling-crops,0.5845374,0.41546258
3743_ile-de-france,0.27241534,0.72758466
1756_central-asia,0.27260998,0.72739005
6116_ile-de-france,0.27241528,0.7275847
15111_geowiki-landcover-2017,0.41932636,0.58067364
15384_geowiki-landcover-2017,0.4217959,0.5782041
1880_central-asia,0.42230237,0.5776977
31483_geowiki-landcover-2017,0.5845374,0.4154626
4218_ile-de-france,0.2724152,0.7275848
1118_germany,0.6017103,0.39828968
22308_geowiki-landcover-2017,0.27241763,0.72758234
13267_geowiki-landcover-2017,0.27242103,0.727579
689_geowiki-landcover-2017,0.852798,0.14720201
492_ile-de-france,0.4217927,0.5782074
29603_geowiki-landcover-2017,0.5845357,0.4154643
31325_geowiki-landcover-2017,0.59927464,0.40072533
15305_geowiki-landcover-2017,0.6054536,0.39454645
2321_martinique-france,0.58453584,0.41546416
33163_geowiki-landcover-2017,0.27241516,0.72758484
18415_geowiki-landcover-2017,0.4217954,0.57820463
2874_canada,0.27242061,0.7275794
228_rwanda-ceo,0.5919106,0.40808943
2_rwanda-ceo,0.85279816,0.14720185
2939_central-asia,0.27241597,0.72758406
1807_geowiki-landcover-2017,0.60171115,0.39828885
3939_central-asia,0.41942745,0.58057255
2841_rwanda-ceo,0.73666525,0.2633348
35573_geowiki-landcover-2017,0.5845397,0.41546032
25257_geowiki-landcover-2017,0.5845377,0.41546234
345_mali-helmets-labelling-crops,0.5845394,0.41546056
421_tanzania-ceo,0.73666614,0.2633339
4294_geowiki-landcover-2017,0.5919106,0.40808937
20648_geowiki-landcover-2017,0.8527981,0.14720197
3956_canada,0.4366288,0.5633712
1591_central-asia,0.27246454,0.7275354
12280_geowiki-landcover-2017,0.6065601,0.3934399
3639_canada,0.2724152,0.72758484
1349_canada,0.27241507,0.7275849
34393_geowiki-landcover-2017,0.58454156,0.41545844
25745_geowiki-landcover-2017,0.42674923,0.5732508
5176_central-asia,0.41911197,0.5808881
2203_canada,0.2724151,0.72758484
3583_rwanda-ceo,0.7502387,0.2497613
281_kenya,0.8518917,0.1481083
3677_geowiki-landcover-2017,0.5993258,0.40067425
32820_geowiki-landcover-2017,0.42177826,0.5782217
1686_central-asia,0.27261153,0.72738844
19795_geowiki-landcover-2017,0.5845394,0.41546062
10545_geowiki-landcover-2017,0.75023735,0.24976265
348_tanzania-ceo,0.5844836,0.4155164
697_central-asia,0.60169804,0.39830193
65_mali,0.5845333,0.41546667
8486_geowiki-landcover-2017,0.74442416,0.2555758
31944_geowiki-landcover-2017,0.27242196,0.72757804
9710_geowiki-landcover-2017,0.7481856,0.2518144
381_rwanda-ceo,0.7502366,0.2497634
8986_geowiki-landcover-2017,0.74469125,0.25530875
9371_geowiki-landcover-2017,0.7366497,0.26335028
30951_geowiki-landcover-2017,0.42179444,0.5782055
1693_kenya-non-crop,0.85279566,0.14720431
25526_geowiki-landcover-2017,0.42179585,0.57820415
57_croplands,0.5915242,0.40847582
3077_ile-de-france,0.27241546,0.72758454
1373_mali-helmets-labelling-crops,0.42179772,0.5782023
14705_geowiki-landcover-2017,0.7483298,0.25167015
5411_canada,0.27241567,0.72758436
4495_central-asia,0.2724896,0.7275104
4343_geowiki-landcover-2017,0.60171014,0.3982899
20466_geowiki-landcover-2017,0.744491,0.255509
5611_ile-de-france,0.27241525,0.7275847
32202_geowiki-landcover-2017,0.42674902,0.57325095
207_reunion-france,0.42674994,0.57325006
560_ile-de-france,0.27241552,0.7275845
5833_croplands,0.42180285,0.5781971
19503_geowiki-landcover-2017,0.58453953,0.41546044
1267_ile-de-france,0.2724156,0.72758436
13710_croplands,0.4217941,0.57820594
1878_reunion-france,0.7502364,0.24976353
5968_geowiki-landcover-2017,0.60655975,0.39344025
23371_geowiki-landcover-2017,0.4267498,0.5732502
8029_geowiki-landcover-2017,0.85279816,0.14720185
2244_tanzania-ceo,0.85279644,0.14720355
1328_mali-helmets-labelling-crops,0.42220432,0.5777957
25900_geowiki-landcover-2017,0.60171336,0.39828664
675_croplands,0.59191084,0.4080892
1886_central-asia,0.27284154,0.7271585
2115_tanzania-ceo,0.5845394,0.41546062
2214_germany,0.2724178,0.7275822
1260_kenya-non-crop,0.7366665,0.26333347
4462_canada,0.27241525,0.7275848
1585_canada,0.2724261,0.7275739
23372_geowiki-landcover-2017,0.2724156,0.72758436
4728_canada,0.2724156,0.72758436
4328_croplands,0.27243367,0.72756636
11993_geowiki-landcover-2017,0.42674923,0.5732508
157_sudan,0.73666495,0.26333505
761_central-asia,0.2724172,0.7275828
4692_canada,0.436741,0.563259
226_central-asia,0.27241567,0.72758436
2183_ile-de-france,0.42179492,0.57820505
35088_geowiki-landcover-2017,0.6065615,0.3934385
2260_reunion-france,0.59191096,0.40808907
579_ile-de-france,0.2724156,0.7275844
28532_geowiki-landcover-2017,0.74832976,0.25167027
3675_canada,0.4217959,0.5782041
866_kenya-non-crop,0.73666555,0.26333442
3086_rwanda-ceo,0.59191096,0.40808907
6920_canada,0.2724153,0.7275847
13874_croplands,0.5919086,0.4080914
3068_canada,0.27243197,0.727568
1354_central-asia,0.27463332,0.72536665
22203_geowiki-landcover-2017,0.2724152,0.72758484
362_tanzania-ceo,0.8527967,0.14720331
7667_geowiki-landcover-2017,0.2724152,0.7275848
3636_central-asia,0.27242783,0.72757214
1808_geowiki-landcover-2017,0.7444907,0.25550932
703_martinique-france,0.42181715,0.5781828
24561_geowiki-landcover-2017,0.27241695,0.72758305
2042_reunion-france,0.6016723,0.39832774
22935_geowiki-landcover-2017,0.5919096,0.40809035
3742_canada,0.27241543,0.7275846
4941_central-asia,0.27250943,0.7274906
8254_geowiki-landcover-2017,0.744491,0.255509
312_ile-de-france,0.4251572,0.5748428
2189_tanzania-ceo,0.7502361,0.24976389
706_lem-brazil,0.58454674,0.4154533
791_kenya-non-crop,0.7366658,0.26333416
2915_ile-de-france,0.4217955,0.5782045
91_rwanda-ceo,0.591911,0.40808895
7461_canada,0.2724152,0.72758484
5957_ile-de-france,0.27241525,0.7275848
2262_geowiki-landcover-2017,0.7444904,0.25550964
1930_kenya-non-crop,0.8527934,0.14720659
34554_geowiki-landcover-2017,0.43674156,0.56325847
5382_ile-de-france,0.27241558,0.7275844
2264_tanzania-ceo,0.5845392,0.4154608
29034_geowiki-landcover-2017,0.5845376,0.41546234
21740_geowiki-landcover-2017,0.272416,0.727584
3918_geowiki-landcover-2017,0.75023586,0.24976411
1007_ile-de-france,0.4217939,0.57820606
2338_central-asia,0.2724171,0.7275829
14960_geowiki-landcover-2017,0.5845413,0.41545868
2530_canada,0.27241507,0.7275849
25_croplands,0.41932106,0.58067894
1591_tanzania-ceo,0.5845401,0.4154599
17476_geowiki-landcover-2017,0.59190917,0.4080908
2523_reunion-france,0.60171074,0.39828932
5866_canada,0.4217954,0.5782046
379_kenya-non-crop,0.852798,0.147202
371_reunion-france,0.42179826,0.5782017
6160_canada,0.43673888,0.5632611
21194_geowiki-landcover-2017,0.41932595,0.58067405
8999_geowiki-landcover-2017,0.41945753,0.5805425
93_uganda,0.73666495,0.26333505
523_kenya-non-crop,0.7366662,0.2633338
26506_geowiki-landcover-2017,0.43621105,0.56378895
11559_croplands,0.42266652,0.57733345
16734_geowiki-landcover-2017,0.5845706,0.4154294
694_martinique-france,0.42181647,0.57818353
826_mali-helmets-labelling-crops,0.421632,0.578368
11927_geowiki-landcover-2017,0.5845397,0.41546032
24395_geowiki-landcover-2017,0.2724155,0.7275845
1122_martinique-france,0.5845347,0.4154653
32535_geowiki-landcover-2017,0.60655886,0.3934411
25957_geowiki-landcover-2017,0.852797,0.14720303
3768_central-asia,0.27244148,0.7275585
105_mali-non-crop,0.4218102,0.5781898
822_ethiopia,0.5845385,0.41546145
32765_geowiki-landcover-2017,0.74448866,0.25551128
611_ile-de-france,0.27241516,0.72758484
7325_canada,0.2724153,0.7275847
29524_geowiki-landcover-2017,0.4367436,0.5632564
5757_ile-de-france,0.2724151,0.72758484
2415_germany,0.27264684,0.7273532
465_tanzania-rice-ecaas,0.73660773,0.26339224
14144_geowiki-landcover-2017,0.8527981,0.1472019
24426_geowiki-landcover-2017,0.42674893,0.57325107
388_tanzania-rice-ecaas,0.7366642,0.26333582
2499_canada,0.27241525,0.7275848
2206_martinique-france,0.6017108,0.39828914
24289_geowiki-landcover-2017,0.42674896,0.573251
80_germany,0.27241546,0.72758454
1989_canada,0.43674126,0.56325877
740_tanzania-rice-ecaas,0.73666555,0.26333448
20043_geowiki-landcover-2017,0.27253374,0.7274662
158_tanzania-rice-ecaas,0.736663,0.26333708
9601_geowiki-landcover-2017,0.7445073,0.25549275
4095_central-asia,0.42181045,0.57818955
9994_geowiki-landcover-2017,0.42675003,0.57325
358_croplands,0.4217953,0.57820463
1111_ile-de-france,0.27242658,0.7275734
3899_geowiki-landcover-2017,0.59191054,0.40808943
94_togo,0.5845394,0.41546056
1646_kenya-non-crop,0.73666537,0.26333466
2306_ile-de-france,0.27241516,0.72758484
18179_geowiki-landcover-2017,0.5894558,0.41054425
2606_canada,0.27241528,0.7275847
1282_central-asia,0.27463272,0.7253673
250_tanzania,0.8527968,0.14720318
3550_ile-de-france,0.27241537,0.72758466
4281_ile-de-france,0.2724153,0.7275847
2713_central-asia,0.27241734,0.72758263
2631_kenya-non-crop,0.85279816,0.14720182
269_kenya-non-crop,0.7366651,0.26333487
5234_ile-de-france,0.2724152,0.72758484
5456_canada,0.27241516,0.72758484
11478_geowiki-landcover-2017,0.42179644,0.5782035
871_martinique-france,0.6017117,0.39828828
16268_geowiki-landcover-2017,0.60655856,0.39344138
6344_canada,0.42179546,0.5782046
28025_geowiki-landcover-2017,0.42671385,0.5732861
367_kenya-non-crop,0.8527981,0.14720197
26775_geowiki-landcover-2017,0.6065611,0.39343888
3966_canada,0.27241588,0.72758406
2485_germany,0.27337092,0.7266291
9844_croplands,0.42179888,0.5782011
1532_rwanda-ceo,0.8527968,0.14720327
19660_geowiki-landcover-2017,0.42675146,0.57324857
475_ethiopia,0.8527976,0.14720237
25649_geowiki-landcover-2017,0.43674174,0.56325823
2350_germany,0.27241558,0.7275844
109_germany,0.2724153,0.7275847
674_togo,0.58453834,0.41546163
21224_geowiki-landcover-2017,0.27241746,0.7275826
21021_geowiki-landcover-2017,0.27241546,0.72758454
6031_ile-de-france,0.27241525,0.7275848
18958_geowiki-landcover-2017,0.59191084,0.4080891
1971_kenya-non-crop,0.7444911,0.2555089
5090_geowiki-landcover-2017,0.73666257,0.26333737
3488_central-asia,0.4194337,0.5805663
2655_ile-de-france,0.27241522,0.7275848
14107_geowiki-landcover-2017,0.27248144,0.7275186
6843_croplands,0.5919094,0.40809056
1415_rwanda-ceo,0.85279834,0.1472017
13547_croplands,0.27241722,0.72758275
3320_central-asia,0.41966137,0.58033866
6863_croplands,0.5919096,0.40809044
2754_canada,0.2724155,0.72758454
1733_ile-de-france,0.27241525,0.7275847
1635_geowiki-landcover-2017,0.7366661,0.26333395
2406_canada,0.2724151,0.7275849
549_reunion-france,0.5919094,0.4080906
11309_geowiki-landcover-2017,0.42674777,0.57325226
7444_geowiki-landcover-2017,0.60170734,0.3982926
31500_geowiki-landcover-2017,0.5845395,0.41546056
2917_rwanda-ceo,0.8527846,0.14721544
677_mali-helmets-labelling-crops,0.58453906,0.41546088
2305_germany,0.42179516,0.5782048
4265_ile-de-france,0.27241528,0.7275847
2159_canada,0.6017064,0.39829358
65_ile-de-france,0.2724151,0.72758484
1043_kenya-non-crop,0.7366657,0.26333427
3660_central-asia,0.27243733,0.7275626
1921_central-asia,0.42183453,0.5781654
850_reunion-france,0.7502341,0.24976589
4161_geowiki-landcover-2017,0.7502332,0.2497668
1796_tanzania-ceo,0.85279757,0.14720248
28801_geowiki-landcover-2017,0.42179692,0.57820314
14152_geowiki-landcover-2017,0.5919145,0.40808558
3045_central-asia,0.27241597,0.72758406
898_ile-de-france,0.27241585,0.7275841
20873_geowiki-landcover-2017,0.27243617,0.72756386
4981_ile-de-france,0.27241558,0.7275844
169_tanzania,0.59192085,0.40807912
937_reunion-france,0.7502368,0.24976322
2533_central-asia,0.27241695,0.727583
782_ile-de-france,0.27241662,0.7275834
1923_germany,0.27241528,0.7275847
13791_geowiki-landcover-2017,0.2724362,0.7275638
2264_kenya-non-crop,0.7444911,0.2555089
22639_geowiki-landcover-2017,0.42674926,0.5732508
255_canada,0.43674177,0.56325823
51_croplands,0.7483248,0.2516752
1963_geowiki-landcover-2017,0.7444749,0.25552514
7768_canada,0.5845373,0.41546267
5882_canada,0.27241558,0.7275845
2133_germany,0.42178112,0.57821894
3636_ile-de-france,0.2724153,0.7275847
3466_geowiki-landcover-2017,0.74448603,0.25551397
2217_ile-de-france,0.27241573,0.7275843
42_mali-helmets-labelling-crops,0.584539,0.41546103
22522_geowiki-landcover-2017,0.42179814,0.57820183
19125_geowiki-landcover-2017,0.2724187,0.7275813
1697_tanzania-ceo,0.73666644,0.2633335
12193_geowiki-landcover-2017,0.2724172,0.7275828
5045_canada,0.27241546,0.72758454
756_tanzania-ceo,0.7444904,0.25550956
818_togo,0.85279745,0.1472025
21028_geowiki-landcover-2017,0.2724153,0.7275847
83_uganda,0.59191126,0.4080887
22105_geowiki-landcover-2017,0.436362,0.563638
2319_geowiki-landcover-2017,0.42417157,0.57582843
5803_geowiki-landcover-2017,0.42179388,0.57820606
3552_ile-de-france,0.2724153,0.72758466
842_central-asia,0.27241588,0.72758406
26080_geowiki-landcover-2017,0.27241874,0.7275813
408_tanzania-rice-ecaas,0.73666584,0.2633341
938_rwanda-ceo,0.8527976,0.14720236
4235_ile-de-france,0.27241525,0.7275848
747_togo,0.4218446,0.5781554
1818_central-asia,0.2728426,0.72715735
3082_ile-de-france,0.2724152,0.72758484
1000_martinique-france,0.5919008,0.40809917
305_lem-brazil,0.58454424,0.41545576
21889_geowiki-landcover-2017,0.59191036,0.40808967
6148_geowiki-landcover-2017,0.60656005,0.3934399
1734_canada,0.2724152,0.7275848
29932_geowiki-landcover-2017,0.58453727,0.41546267
4026_ile-de-france,0.4217945,0.5782055
2765_rwanda-ceo,0.8527936,0.1472064
14494_geowiki-landcover-2017,0.59929234,0.40070766
77_tanzania-rice-ecaas,0.7366643,0.26333568
12847_geowiki-landcover-2017,0.8527709,0.14722905
5567_ile-de-france,0.42179516,0.5782048
27969_geowiki-landcover-2017,0.74449015,0.25550988
3000_rwanda-ceo,0.75023574,0.2497643
22273_geowiki-landcover-2017,0.6017219,0.3982781
11172_geowiki-landcover-2017,0.5845392,0.4154608
16088_geowiki-landcover-2017,0.42674914,0.5732509
2271_geowiki-landcover-2017,0.7506121,0.24938793
29761_geowiki-landcover-2017,0.58453923,0.41546077
4613_canada,0.27241525,0.7275847
1505_germany,0.42179492,0.5782051
34524_geowiki-landcover-2017,0.43669778,0.5633022
2884_geowiki-landcover-2017,0.4193498,0.5806502
213_martinique-france,0.43676466,0.56323534
1397_reunion-france,0.7502364,0.24976355
3830_ile-de-france,0.43673936,0.5632606
5329_geowiki-landcover-2017,0.4267536,0.5732464
1576_reunion-france,0.4419607,0.55803925
473_tanzania-ceo,0.59191054,0.40808943
1626_martinique-france,0.42179847,0.57820153
17656_geowiki-landcover-2017,0.27241558,0.7275845
1857_rwanda-ceo,0.5919108,0.40808922
18505_geowiki-landcover-2017,0.5845966,0.41540346
20303_geowiki-landcover-2017,0.606561,0.39343897
5033_ile-de-france,0.27241558,0.7275845
57_lem-brazil,0.42194912,0.5780509
29140_geowiki-landcover-2017,0.27241534,0.72758466
18975_geowiki-landcover-2017,0.6065526,0.39344743
11565_geowiki-landcover-2017,0.5919094,0.40809053
189_germany,0.2724153,0.72758466
790_kenya-non-crop,0.7366657,0.26333424
10964_geowiki-landcover-2017,0.60170996,0.39829
33_geowiki-landcover-2017,0.58453697,0.4154631
1894_germany,0.2724152,0.7275848
680_canada,0.27241546,0.72758454
89_mali-helmets-labelling-crops,0.5845254,0.41547456
2157_rwanda-ceo,0.7366618,0.26333815
2272_martinique-france,0.6013787,0.3986213
601_ethiopia,0.7366651,0.2633348
505_martinique-france,0.4217581,0.57824194
22364_geowiki-landcover-2017,0.27241564,0.72758436
17354_geowiki-landcover-2017,0.60171264,0.39828733
8330_geowiki-landcover-2017,0.42178443,0.57821554
2078_ile-de-france,0.2724161,0.7275838
18206_geowiki-landcover-2017,0.42365628,0.5763437
6940_geowiki-landcover-2017,0.42179507,0.57820493
4362_croplands,0.6017121,0.3982879
5243_ile-de-france,0.27241555,0.7275845
746_lem-brazil,0.5845425,0.41545746
13643_geowiki-landcover-2017,0.58453685,0.41546315
327_tanzania-rice-ecaas,0.73631984,0.2636802
7353_geowiki-landcover-2017,0.2724153,0.72758466
6881_croplands,0.59191054,0.40808943
1989_rwanda-ceo,0.7366654,0.26333457
1004_central-asia,0.2724162,0.7275838
10316_geowiki-landcover-2017,0.7444909,0.25550914
2817_rwanda-ceo,0.73666555,0.26333448
1355_rwanda-ceo,0.8527982,0.14720179
3079_geowiki-landcover-2017,0.5845395,0.41546053
2288_rwanda-ceo,0.5919122,0.40808776
158_tanzania,0.7366647,0.26333532
567_togo,0.4217963,0.5782037
495_togo,0.42179772,0.57820225
1095_canada,0.272417,0.72758293
609_togo,0.5845393,0.41546074
21180_geowiki-landcover-2017,0.60619414,0.3938059
546_martinique-france,0.42181638,0.5781836
3399_central-asia,0.41826314,0.58173686
9347_geowiki-landcover-2017,0.85279745,0.14720252
2849_geowiki-landcover-2017,0.42180997,0.57819
162_geowiki-landcover-2017,0.7425766,0.25742337
729_ethiopia,0.8527972,0.14720273
2470_germany,0.42178974,0.57821023
4334_central-asia,0.27241609,0.7275839
84_kenya-non-crop,0.852798,0.14720199
170_reunion-france,0.59191054,0.4080895
6706_croplands,0.7502299,0.24977006
2354_kenya-non-crop,0.73666555,0.26333442
615_lem-brazil,0.5845435,0.4154564
131_germany,0.2724158,0.72758424
587_reunion-france,0.59191036,0.40808964
7416_geowiki-landcover-2017,0.43674183,0.56325823
29663_geowiki-landcover-2017,0.41905516,0.58094484
25562_geowiki-landcover-2017,0.27241522,0.7275848
3605_central-asia,0.27242875,0.7275712
246_germany,0.27241552,0.7275845
463_rwanda-ceo,0.5919116,0.40808836
1098_central-asia,0.27255183,0.72744817
1809_reunion-france,0.59191096,0.4080891
30588_geowiki-landcover-2017,0.27241516,0.72758484
6062_canada,0.42179555,0.5782044
1947_geowiki-landcover-2017,0.74449116,0.25550887
193_kenya-non-crop,0.8527979,0.14720207
5794_ile-de-france,0.42179492,0.5782051
2971_canada,0.2724153,0.7275847
2398_reunion-france,0.7502361,0.24976392
2127_rwanda-ceo,0.85257393,0.14742604
428_germany,0.4217955,0.5782045
766_croplands,0.27241677,0.7275832
3138_rwanda-ceo,0.8527982,0.14720175
1576_germany,0.27241525,0.7275847
14997_geowiki-landcover-2017,0.5845394,0.41546065
766_rwanda-ceo,0.8527982,0.14720172
10516_geowiki-landcover-2017,0.7502363,0.24976367
2648_geowiki-landcover-2017,0.5845848,0.41541526
3755_geowiki-landcover-2017,0.58453983,0.4154602
30145_geowiki-landcover-2017,0.736666,0.26333398
6969_croplands,0.59191054,0.40808952
850_central-asia,0.27241614,0.7275838
471_central-asia,0.27241734,0.7275827
1_mali-helmets-labelling-crops,0.5845392,0.4154608
1899_kenya-non-crop,0.73666525,0.26333478
4297_croplands,0.42179587,0.57820415
32659_geowiki-landcover-2017,0.27241513,0.72758484
1415_central-asia,0.42395005,0.5760499
5059_ile-de-france,0.27241537,0.7275846
1830_germany,0.42179444,0.5782056
1588_germany,0.4217065,0.5782935
20227_geowiki-landcover-2017,0.27241525,0.7275848
21_kenya,0.8527978,0.14720215
2200_geowiki-landcover-2017,0.736664,0.26333597
2099_central-asia,0.27241778,0.7275822
29302_geowiki-landcover-2017,0.4267485,0.5732515
2161_geowiki-landcover-2017,0.74449074,0.25550932
9750_geowiki-landcover-2017,0.41933724,0.5806628
7516_geowiki-landcover-2017,0.7502312,0.24976881
528_canada,0.4367415,0.5632585
11730_geowiki-landcover-2017,0.5999105,0.4000895
5200_ile-de-france,0.4217958,0.5782043
32308_geowiki-landcover-2017,0.2724153,0.7275847
2119_central-asia,0.27241725,0.7275827
1486_ile-de-france,0.27241692,0.72758305
16111_geowiki-landcover-2017,0.2724207,0.7275793
2484_germany,0.27241948,0.7275805
1654_geowiki-landcover-2017,0.85279745,0.14720257
4531_croplands,0.42179546,0.5782046
4312_geowiki-landcover-2017,0.42179608,0.5782039
2142_ile-de-france,0.2724156,0.7275844
7307_geowiki-landcover-2017,0.27241513,0.72758484
17803_geowiki-landcover-2017,0.5919056,0.4080944
2798_canada,0.27241543,0.7275846
698_mali-helmets-labelling-crops,0.584539,0.41546103
32010_geowiki-landcover-2017,0.43674272,0.5632573
386_sudan,0.58945733,0.41054267
132_geowiki-landcover-2017,0.5919258,0.40807417
1589_geowiki-landcover-2017,0.7366659,0.2633341
761_ethiopia,0.59190834,0.40809166
14386_geowiki-landcover-2017,0.42687544,0.5731246
659_martinique-france,0.421796,0.578204
25858_geowiki-landcover-2017,0.42701533,0.5729847
3059_canada,0.4367428,0.5632572
21970_geowiki-landcover-2017,0.8527979,0.14720212
9509_geowiki-landcover-2017,0.7444909,0.25550905
13602_croplands,0.60168636,0.39831367
25003_geowiki-landcover-2017,0.591911,0.408089
1417_martinique-france,0.2726992,0.7273008
273_kenya-non-crop,0.73666567,0.2633343
304_tanzania-rice-ecaas,0.73666567,0.2633343
1665_canada,0.2724152,0.7275848
5615_geowiki-landcover-2017,0.27241558,0.7275844
960_martinique-france,0.6017219,0.3982781
6047_canada,0.4217955,0.5782045
24778_geowiki-landcover-2017,0.58453935,0.41546065
2995_rwanda-ceo,0.7366662,0.26333386
6026_canada,0.2724152,0.72758484
6027_geowiki-landcover-2017,0.42179596,0.57820404
4291_geowiki-landcover-2017,0.7366651,0.2633348
314_kenya,0.85279775,0.14720231
3391_ile-de-france,0.2724155,0.7275845
427_germany,0.42179525,0.57820475
30014_geowiki-landcover-2017,0.4217945,0.5782055
23596_geowiki-landcover-2017,0.4367436,0.5632564
1393_geowiki-landcover-2017,0.42179546,0.5782046
2677_rwanda-ceo,0.59191066,0.40808934
802_germany,0.27241558,0.7275845
762_tanzania-ceo,0.59191054,0.40808943
5699_ile-de-france,0.2724153,0.7275847
16264_geowiki-landcover-2017,0.42181188,0.5781881
3877_ile-de-france,0.2724201,0.72757995
28386_geowiki-landcover-2017,0.7366409,0.26335907
29985_geowiki-landcover-2017,0.5919102,0.40808985
641_tanzania-ceo,0.4267607,0.5732393
4416_central-asia,0.27241632,0.7275837
1891_germany,0.2724158,0.72758424
2009_ile-de-france,0.4217946,0.57820535
31911_geowiki-landcover-2017,0.43674687,0.56325316
135_ethiopia,0.7366659,0.26333407
2645_canada,0.27241525,0.7275847
443_central-asia,0.2724166,0.7275834
34728_geowiki-landcover-2017,0.2724151,0.7275849
4876_ile-de-france,0.27241525,0.7275847
7272_canada,0.27241528,0.7275847
4553_central-asia,0.42179668,0.5782034
34750_geowiki-landcover-2017,0.27241558,0.7275845
33818_geowiki-landcover-2017,0.27241522,0.7275848
809_martinique-france,0.7366632,0.26333675
14683_croplands,0.58443475,0.41556522
11816_geowiki-landcover-2017,0.42676064,0.5732393
656_togo,0.58453786,0.4154622
1233_geowiki-landcover-2017,0.74833906,0.25166088
24318_geowiki-landcover-2017,0.2731355,0.7268645
1062_croplands,0.584539,0.41546097
14732_geowiki-landcover-2017,0.2724207,0.7275793
26805_geowiki-landcover-2017,0.58434075,0.41565925
34466_geowiki-landcover-2017,0.4223577,0.57764226
1308_central-asia,0.27417013,0.72582984
28310_geowiki-landcover-2017,0.59913594,0.40086406
1528_germany,0.27241695,0.727583
422_lem-brazil,0.58453506,0.4154649
24617_geowiki-landcover-2017,0.4267491,0.5732509
28743_geowiki-landcover-2017,0.42179868,0.57820135
2103_germany,0.42181087,0.5781892
2876_ile-de-france,0.27241525,0.7275848
9627_geowiki-landcover-2017,0.852797,0.14720303
12233_geowiki-landcover-2017,0.7502364,0.24976353
1185_geowiki-landcover-2017,0.42180458,0.57819545
107_lem-brazil,0.5845605,0.41543952
4724_central-asia,0.27249253,0.7275075
2645_ile-de-france,0.2724152,0.72758484
1202_mali-helmets-labelling-crops,0.43132335,0.56867665
5438_geowiki-landcover-2017,0.27242887,0.72757107
24448_geowiki-landcover-2017,0.60171735,0.39828268
2125_germany,0.27241609,0.7275839
337_mali-helmets-labelling-crops,0.5845392,0.41546085
8820_geowiki-landcover-2017,0.42675778,0.5732422
943_rwanda-ceo,0.59193516,0.40806487
1590_martinique-france,0.7502307,0.24976926
2071_martinique-france,0.60171247,0.39828756
6340_canada,0.27242875,0.7275712
13941_geowiki-landcover-2017,0.42179537,0.57820463
10974_geowiki-landcover-2017,0.5844654,0.41553462
14474_geowiki-landcover-2017,0.27242315,0.72757685
7980_geowiki-landcover-2017,0.74449104,0.25550896
975_reunion-france,0.6016343,0.39836568
1622_canada,0.42179576,0.5782043
26692_geowiki-landcover-2017,0.27241686,0.72758317
33365_geowiki-landcover-2017,0.2724156,0.72758436
9623_geowiki-landcover-2017,0.74448776,0.2555123
2909_ile-de-france,0.27241528,0.7275847
4368_geowiki-landcover-2017,0.42674938,0.57325065
185_mali-helmets-labelling-crops,0.5845392,0.41546088
1080_geowiki-landcover-2017,0.5918644,0.4081356
33_sudan,0.5845393,0.4154607
1344_croplands,0.58453834,0.41546163
251_tanzania-ceo,0.58453953,0.41546044
1065_central-asia,0.2725501,0.7274499
1638_central-asia,0.27246392,0.7275361
1169_togo,0.59927005,0.40072995
894_reunion-france,0.5919105,0.40808952
664_croplands,0.2724152,0.7275848
1472_ile-de-france,0.27241585,0.7275841
1078_croplands,0.5845244,0.41547555
2863_central-asia,0.27241626,0.7275837
18208_geowiki-landcover-2017,0.2724157,0.7275843
7635_canada,0.42178917,0.57821083
510_tanzania-rice-ecaas,0.73661196,0.26338807
324_rwanda-ceo,0.7366396,0.26336038
13744_croplands,0.6016125,0.3983875
32184_geowiki-landcover-2017,0.59191144,0.40808854
2234_martinique-france,0.74448746,0.2555125
3221_central-asia,0.41928223,0.5807178
491_tanzania-ceo,0.7366645,0.2633356
887_tanzania-ceo,0.7366646,0.2633354
1853_germany,0.27241582,0.72758424
4620_croplands,0.421802,0.578198
16170_geowiki-landcover-2017,0.6065497,0.39345032
13661_geowiki-landcover-2017,0.58453894,0.41546106
27315_geowiki-landcover-2017,0.73666626,0.26333374
32683_geowiki-landcover-2017,0.4193214,0.58067864
3128_rwanda-ceo,0.85279816,0.14720187
2477_geowiki-landcover-2017,0.5992748,0.40072516
34763_geowiki-landcover-2017,0.43674153,0.56325847
1188_rwanda-ceo,0.7366627,0.26333725
33882_geowiki-landcover-2017,0.27241516,0.72758484
936_tanzania-ceo,0.5919079,0.40809208
647_togo,0.5845392,0.41546082
1131_mali-helmets-labelling-crops,0.4313258,0.5686742
3753_croplands,0.5845365,0.41546357
11586_geowiki-landcover-2017,0.7444903,0.25550964
4443_central-asia,0.27241567,0.72758436
26426_geowiki-landcover-2017,0.27241528,0.7275847
3454_croplands,0.42139682,0.5786032
15291_geowiki-landcover-2017,0.5845361,0.41546398
3102_geowiki-landcover-2017,0.5845392,0.41546088
1658_martinique-france,0.7444898,0.25551018
2105_geowiki-landcover-2017,0.27241674,0.7275832
27959_geowiki-landcover-2017,0.4267473,0.5732527
573_central-asia,0.272416,0.72758394
4_tanzania-ceo,0.59190977,0.40809023
841_tanzania-ceo,0.5919111,0.40808892
7326_geowiki-landcover-2017,0.58452857,0.41547143
1941_ile-de-france,0.2724154,0.7275846
5345_canada,0.2724152,0.7275848
3846_croplands,0.4193252,0.58067477
10004_geowiki-landcover-2017,0.42696378,0.5730362
2760_central-asia,0.27241623,0.72758377
32394_geowiki-landcover-2017,0.27241558,0.7275845
30172_geowiki-landcover-2017,0.74448127,0.25551876
1094_geowiki-landcover-2017,0.59191096,0.4080891
2052_kenya-non-crop,0.7444908,0.25550923
1257_geowiki-landcover-2017,0.5919094,0.40809053
556_kenya-non-crop,0.73666674,0.26333326
286_canada,0.27241588,0.72758406
5627_ile-de-france,0.27241516,0.72758484
5601_canada,0.27241814,0.72758186
5025_canada,0.2724152,0.7275848
2887_rwanda-ceo,0.75023735,0.24976265
1505_mali-helmets-labelling-crops,0.42179608,0.5782039
13527_geowiki-landcover-2017,0.7502366,0.24976346
13768_croplands,0.42179587,0.5782041
2623_ile-de-france,0.27241516,0.72758484
23903_geowiki-landcover-2017,0.4267581,0.57324195
1828_ile-de-france,0.42086127,0.57913876
4040_ile-de-france,0.27241543,0.7275846
2227_croplands,0.59190327,0.40809673
611_lem-brazil,0.66545486,0.3345451
5218_central-asia,0.5717523,0.4282477
145_mali,0.41976875,0.5802312
1927_ile-de-france,0.27241525,0.7275848
2245_geowiki-landcover-2017,0.6065058,0.3934942
4537_ile-de-france,0.27241537,0.7275846
694_geowiki-landcover-2017,0.7483299,0.2516701
1268_rwanda-ceo,0.7366653,0.26333466
1411_reunion-france,0.42179555,0.5782045
25318_geowiki-landcover-2017,0.43674117,0.5632588
13380_geowiki-landcover-2017,0.74449086,0.25550917
2529_canada,0.27241516,0.72758484
2278_reunion-france,0.7502363,0.24976371
2139_rwanda-ceo,0.8345673,0.16543275
2562_ile-de-france,0.27241588,0.72758406
1306_germany,0.2724151,0.72758484
1929_rwanda-ceo,0.85279816,0.14720187
5909_geowiki-landcover-2017,0.58453476,0.41546524
4340_ile-de-france,0.2724291,0.72757083
275_tanzania-ceo,0.73666555,0.26333448
623_reunion-france,0.42674017,0.5732599
5782_canada,0.2724152,0.7275848
22087_geowiki-landcover-2017,0.6065623,0.39343762
1843_kenya-non-crop,0.85279584,0.14720415
25614_geowiki-landcover-2017,0.4269159,0.5730841
5256_ile-de-france,0.2724154,0.7275846
2612_central-asia,0.2724442,0.7275558
14170_geowiki-landcover-2017,0.4217953,0.57820463
6541_geowiki-landcover-2017,0.6065608,0.39343917
3442_canada,0.27241537,0.72758466
1312_mali-helmets-labelling-crops,0.43132576,0.5686742
912_germany,0.42178974,0.57821023
19144_geowiki-landcover-2017,0.6017127,0.39828727
10233_geowiki-landcover-2017,0.7485781,0.25142196
467_rwanda-ceo,0.7366662,0.26333386
9930_croplands,0.59191036,0.40808967
1223_geowiki-landcover-2017,0.7367738,0.26322618
22249_geowiki-landcover-2017,0.27241573,0.72758424
28768_geowiki-landcover-2017,0.6062074,0.39379257
2211_geowiki-landcover-2017,0.7444901,0.2555099
508_croplands,0.7444783,0.2555217
1480_germany,0.4217952,0.5782048
6305_canada,0.27241516,0.72758484
7282_canada,0.4217959,0.5782041
2950_rwanda-ceo,0.5919108,0.40808922
747_mali-helmets-labelling-crops,0.42180237,0.57819766
153_geowiki-landcover-2017,0.7444903,0.25550964
2201_geowiki-landcover-2017,0.4218405,0.5781595
403_mali-helmets-labelling-crops,0.5845376,0.4154624
594_canada,0.42173904,0.5782609
15022_geowiki-landcover-2017,0.6017125,0.39828745
4928_ile-de-france,0.27241513,0.72758484
2496_central-asia,0.2724189,0.72758114
1684_kenya-non-crop,0.8527951,0.14720488
374_tanzania-ceo,0.59191066,0.40808934
94_mali,0.5845316,0.4154684
17040_geowiki-landcover-2017,0.58447933,0.41552067
595_martinique-france,0.42202938,0.5779706
6756_geowiki-landcover-2017,0.5992758,0.40072414
754_kenya-non-crop,0.7366519,0.26334807
4449_croplands,0.42178705,0.5782129
14946_croplands,0.5843828,0.41561726
2602_canada,0.43674138,0.56325865
5334_canada,0.42179602,0.578204
5146_geowiki-landcover-2017,0.60171217,0.3982878
598_germany,0.42179492,0.57820505
6841_croplands,0.5919099,0.4080901
1910_kenya-non-crop,0.8527979,0.14720215
73_sudan,0.58454883,0.4154511
22284_geowiki-landcover-2017,0.6065605,0.39343953
142_tanzania,0.73666555,0.26333448
493_lem-brazil,0.5845404,0.41545957
17725_geowiki-landcover-2017,0.5994449,0.40055507
1969_ile-de-france,0.27241558,0.7275845
6009_ile-de-france,0.27241576,0.7275843
1593_martinique-france,0.27242705,0.727573
4921_ile-de-france,0.4367407,0.56325936
20672_geowiki-landcover-2017,0.4217954,0.57820463
1836_kenya-non-crop,0.8527957,0.14720422
448_reunion-france,0.7502368,0.24976319
723_ile-de-france,0.2724152,0.7275848
34397_geowiki-landcover-2017,0.5845376,0.41546234
16981_geowiki-landcover-2017,0.591912,0.40808803
11041_geowiki-landcover-2017,0.42674986,0.5732502
25828_geowiki-landcover-2017,0.42674956,0.5732505
26715_geowiki-landcover-2017,0.42674816,0.57325184
381_sudan,0.58945554,0.41054446
2600_central-asia,0.27241865,0.7275813
29_zimbabwe,0.5919088,0.4080912
6576_geowiki-landcover-2017,0.41932127,0.5806787
788_lem-brazil,0.852789,0.14721102
24557_geowiki-landcover-2017,0.4267503,0.5732497
639_tanzania-rice-ecaas,0.73666245,0.2633376
1356_central-asia,0.2725498,0.7274502
824_geowiki-landcover-2017,0.7502565,0.24974354
356_tanzania-rice-ecaas,0.7366621,0.26333785
1862_germany,0.2724158,0.72758424
2688_central-asia,0.4217927,0.5782074
12647_geowiki-landcover-2017,0.5919191,0.40808088
13515_geowiki-landcover-2017,0.5845408,0.41545925
20797_geowiki-landcover-2017,0.27254617,0.7274539
6001_ile-de-france,0.27241513,0.72758484
380_sudan,0.58945614,0.41054386
1828_martinique-france,0.60171205,0.39828795
3864_geowiki-landcover-2017,0.4218425,0.5781575
20911_geowiki-landcover-2017,0.42179564,0.5782044
5810_ile-de-france,0.27241617,0.7275838
3823_canada,0.27241528,0.7275847
2174_kenya-non-crop,0.7444907,0.25550932
20554_geowiki-landcover-2017,0.27246866,0.7275313
33223_geowiki-landcover-2017,0.27287203,0.72712797
33046_geowiki-landcover-2017,0.4267809,0.5732191
27407_geowiki-landcover-2017,0.42181468,0.57818526
783_geowiki-landcover-2017,0.5919474,0.4080526
9450_croplands,0.27241528,0.7275847
86_ethiopia,0.73666537,0.26333466
24421_geowiki-landcover-2017,0.42674905,0.57325095
3420_central-asia,0.41926846,0.5807316
1865_central-asia,0.27284187,0.7271581
12077_geowiki-landcover-2017,0.43672213,0.5632779
20649_geowiki-landcover-2017,0.43673432,0.5632657
19073_geowiki-landcover-2017,0.7502344,0.24976559
8315_geowiki-landcover-2017,0.41932184,0.58067816
162_tanzania-rice-ecaas,0.7366646,0.2633354
1832_geowiki-landcover-2017,0.42179778,0.5782022
4499_central-asia,0.42180592,0.57819414
294_reunion-france,0.4217954,0.5782046
930_croplands,0.7444893,0.25551072
1899_geowiki-landcover-2017,0.7366612,0.26333877
1719_kenya-non-crop,0.8527959,0.14720413
1222_germany,0.42179555,0.57820445
117_reunion-france,0.59190875,0.4080912
4573_central-asia,0.27241993,0.7275801
4622_central-asia,0.4367415,0.5632585
6841_canada,0.27241704,0.72758293
30132_geowiki-landcover-2017,0.5845385,0.41546145
2343_geowiki-landcover-2017,0.59929556,0.4007044
15167_geowiki-landcover-2017,0.510767,0.48923305
49_sudan,0.5845395,0.41546056
4798_canada,0.27241525,0.7275848
1527_rwanda-ceo,0.7502119,0.2497881
3849_ile-de-france,0.2724154,0.7275846
2993_croplands,0.42209983,0.5779002
667_rwanda-ceo,0.59191084,0.4080892
2162_canada,0.2724157,0.72758436
21442_geowiki-landcover-2017,0.60656095,0.39343908
3941_canada,0.4217956,0.5782044
5561_geowiki-landcover-2017,0.42675042,0.5732496
437_mali-helmets-labelling-crops,0.58453876,0.4154612
1370_tanzania-ceo,0.7366662,0.2633338
35345_geowiki-landcover-2017,0.2724151,0.7275849
2180_germany,0.42166728,0.5783327
1170_central-asia,0.2746414,0.7253586
20655_geowiki-landcover-2017,0.42673334,0.5732667
31749_geowiki-landcover-2017,0.6017134,0.39828658
29384_geowiki-landcover-2017,0.27241525,0.7275848
764_togo,0.74445695,0.25554302
271_kenya,0.7366658,0.2633342
6891_canada,0.27241573,0.7275843
243_lem-brazil,0.42843586,0.57156414
346_kenya-non-crop,0.7366627,0.26333725
17849_geowiki-landcover-2017,0.5992332,0.40076685
22286_geowiki-landcover-2017,0.4267483,0.5732517
927_martinique-france,0.6017114,0.39828864
4973_canada,0.27241528,0.7275847
466_mali-helmets-labelling-crops,0.58453727,0.41546276
1762_tanzania-ceo,0.7444867,0.25551334
1773_tanzania-ceo,0.750234,0.24976599
16681_geowiki-landcover-2017,0.7444909,0.25550914
16520_geowiki-landcover-2017,0.7444908,0.25550926
2039_martinique-france,0.7444865,0.25551352
5387_canada,0.27241653,0.72758347
1416_central-asia,0.4239435,0.57605654
35606_geowiki-landcover-2017,0.7444908,0.25550923
2684_geowiki-landcover-2017,0.5845364,0.41546363
23924_geowiki-landcover-2017,0.41932145,0.5806786
4047_ile-de-france,0.27241537,0.7275846
312_tanzania,0.592027,0.407973
35724_geowiki-landcover-2017,0.5845393,0.4154607
22855_geowiki-landcover-2017,0.5845385,0.41546145
250_rwanda-ceo,0.8527974,0.1472026
2643_reunion-france,0.75012594,0.24987407
248_canada,0.2724152,0.7275848
124_tanzania-rice-ecaas,0.7366664,0.26333365
30534_geowiki-landcover-2017,0.27241656,0.72758347
1832_martinique-france,0.5845386,0.4154614
34472_geowiki-landcover-2017,0.7502417,0.24975826
900_rwanda-ceo,0.5919114,0.40808868
110_mali-non-crop,0.6017247,0.39827535
1265_ile-de-france,0.43673986,0.5632602
1515_rwanda-ceo,0.75023615,0.24976383
1134_germany,0.27242783,0.72757214
23541_geowiki-landcover-2017,0.43674096,0.56325907
35480_geowiki-landcover-2017,0.2724152,0.7275848
29534_geowiki-landcover-2017,0.42179605,0.5782039
13592_croplands,0.42179525,0.57820475
1867_kenya-non-crop,0.73666406,0.2633359
2374_martinique-france,0.27242634,0.72757363
264_kenya,0.7366663,0.26333365
2151_central-asia,0.27241766,0.72758234
7673_canada,0.2724152,0.7275848
9367_croplands,0.42176417,0.5782358
2017_martinique-france,0.601713,0.398287
81_martinique-france,0.8527934,0.14720656
21652_geowiki-landcover-2017,0.60170823,0.39829174
454_germany,0.4217955,0.5782045
2698_reunion-france,0.59198946,0.40801057
31252_geowiki-landcover-2017,0.27241516,0.72758484
5314_ile-de-france,0.2724158,0.72758424
30448_geowiki-landcover-2017,0.42172858,0.57827145
2323_ile-de-france,0.2724152,0.7275848
19875_geowiki-landcover-2017,0.59190995,0.40809005
5929_ile-de-france,0.42177176,0.57822824
4614_canada,0.27241552,0.7275845
6056_croplands,0.42179635,0.5782036
20705_geowiki-landcover-2017,0.4193205,0.58067954
30123_geowiki-landcover-2017,0.4218184,0.5781816
694_ethiopia,0.736666,0.26333398
75_reunion-france,0.42674917,0.57325083
14570_croplands,0.5845376,0.41546234
31729_geowiki-landcover-2017,0.27241588,0.7275841
5483_ile-de-france,0.2724151,0.7275849
2074_rwanda-ceo,0.7502371,0.24976286
593_rwanda-ceo,0.85279757,0.14720239
2420_reunion-france,0.60167277,0.3983272
463_lem-brazil,0.42181095,0.578189
2959_rwanda-ceo,0.73666614,0.2633339
29430_geowiki-landcover-2017,0.7442394,0.25576064
2521_central-asia,0.27241695,0.727583
1305_central-asia,0.27417013,0.72582984
14836_geowiki-landcover-2017,0.58945525,0.41054475
4158_ile-de-france,0.27241513,0.72758484
2129_kenya-non-crop,0.8527982,0.14720172
3163_canada,0.27241528,0.7275847
144_kenya-non-crop,0.73666674,0.26333326
5358_canada,0.426744,0.573256
905_canada,0.2724152,0.72758484
2260_canada,0.2724151,0.7275849
3723_central-asia,0.27243304,0.727567
13701_croplands,0.27241552,0.7275845
714_togo,0.74448854,0.2555114
2128_martinique-france,0.7444973,0.25550267
14051_geowiki-landcover-2017,0.42179564,0.5782044
3988_central-asia,0.41927284,0.58072716
2692_geowiki-landcover-2017,0.58453846,0.41546154
534_tanzania-rice-ecaas,0.5846653,0.41533476
559_ile-de-france,0.2724152,0.7275848
420_martinique-france,0.5845268,0.41547322
30486_geowiki-landcover-2017,0.4367423,0.5632577
2127_reunion-france,0.60171175,0.39828822
2339_kenya-non-crop,0.73666435,0.26333568
2017_tanzania-ceo,0.7444911,0.2555089
1415_mali-helmets-labelling-crops,0.42179564,0.57820433
1866_reunion-france,0.4267491,0.5732509
3123_geowiki-landcover-2017,0.5845388,0.41546118
28805_geowiki-landcover-2017,0.2724152,0.7275848
5973_geowiki-landcover-2017,0.2724151,0.72758484
1074_central-asia,0.41860825,0.5813918
13739_geowiki-landcover-2017,0.7444851,0.25551492
3262_geowiki-landcover-2017,0.5845395,0.4154605
26489_geowiki-landcover-2017,0.43674096,0.56325907
22958_geowiki-landcover-2017,0.85278314,0.14721686
1007_rwanda-ceo,0.59191364,0.4080864
2902_canada,0.27241632,0.7275837
1267_central-asia,0.42451787,0.57548213
7596_canada,0.2724152,0.7275848
385_sudan,0.73766994,0.26233003
4289_canada,0.42179596,0.57820404
839_mali-helmets-labelling-crops,0.4218001,0.5781999
22590_geowiki-landcover-2017,0.4267495,0.57325053
1033_tanzania-ceo,0.7481305,0.25186953
2238_central-asia,0.2724175,0.7275825
5294_canada,0.27241525,0.7275848
746_martinique-france,0.4217923,0.5782077
16235_geowiki-landcover-2017,0.426749,0.573251
757_germany,0.2724153,0.7275847
4318_central-asia,0.2724162,0.7275838
1989_germany,0.27262223,0.7273778
1840_tanzania-ceo,0.7366658,0.26333416
14142_croplands,0.42672098,0.573279
441_canada,0.27241513,0.72758484
354_lem-brazil,0.7444887,0.25551125
3193_rwanda-ceo,0.852797,0.14720301
348_kenya-non-crop,0.8527961,0.14720388
539_tanzania-rice-ecaas,0.7366659,0.26333407
25547_geowiki-landcover-2017,0.42674917,0.5732508
1954_rwanda-ceo,0.85279703,0.14720298
1098_croplands,0.2724156,0.72758436
103_mali-helmets-labelling-crops,0.58453894,0.41546106
21984_geowiki-landcover-2017,0.58453923,0.41546077
16340_geowiki-landcover-2017,0.7444901,0.2555099
5306_canada,0.27241525,0.7275847
3773_canada,0.27241537,0.72758466
5385_canada,0.2724158,0.72758424
22151_geowiki-landcover-2017,0.27241543,0.7275846
10675_geowiki-landcover-2017,0.59191823,0.40808177
10515_geowiki-landcover-2017,0.750148,0.24985203
190_sudan,0.5845389,0.41546112
1607_kenya-non-crop,0.8527898,0.14721014
4182_ile-de-france,0.2724155,0.7275845
1703_germany,0.42176998,0.57823
2577_kenya-non-crop,0.73665315,0.26334682
2345_martinique-france,0.7366605,0.2633395
1469_central-asia,0.2746327,0.7253673
33823_geowiki-landcover-2017,0.42179784,0.5782022
31602_geowiki-landcover-2017,0.4193261,0.58067393
6269_canada,0.2724152,0.72758484
3989_central-asia,0.41927114,0.5807288
14846_geowiki-landcover-2017,0.74403816,0.25596178
12559_geowiki-landcover-2017,0.4217962,0.57820386
3592_rwanda-ceo,0.852192,0.147808
1245_kenya-non-crop,0.7502372,0.24976279
378_tanzania-rice-ecaas,0.7366623,0.26333773
3268_geowiki-landcover-2017,0.5845394,0.41546056
506_martinique-france,0.59190536,0.4080946
503_ile-de-france,0.27241528,0.7275847
4469_croplands,0.2724851,0.72751486
19290_geowiki-landcover-2017,0.6065559,0.3934441
599_lem-brazil,0.584542,0.415458
3775_geowiki-landcover-2017,0.421746,0.578254
15094_geowiki-landcover-2017,0.74449104,0.2555089
20506_geowiki-landcover-2017,0.37591314,0.6240868
190_germany,0.421795,0.578205
937_croplands,0.27241525,0.7275847
7355_geowiki-landcover-2017,0.42258763,0.57741237
34555_geowiki-landcover-2017,0.27241576,0.7275843
1839_germany,0.2724557,0.7275443
7367_croplands,0.59190995,0.40809003
8450_geowiki-landcover-2017,0.8527966,0.14720337
4282_ile-de-france,0.27241528,0.7275847
3200_canada,0.43674126,0.56325877
3635_central-asia,0.27242947,0.7275706
1880_reunion-france,0.601711,0.39828902
525_tanzania-ceo,0.74448997,0.25550997
1158_martinique-france,0.7502361,0.24976389
34549_geowiki-landcover-2017,0.27241525,0.7275848
4062_canada,0.2724152,0.7275848
773_lem-brazil,0.5845415,0.41545853
116_lem-brazil,0.74449325,0.25550678
29660_geowiki-landcover-2017,0.744477,0.25552306
44_kenya-non-crop,0.74833,0.25166997
2280_martinique-france,0.7444831,0.25551692
5546_ile-de-france,0.2724156,0.7275844
30775_geowiki-landcover-2017,0.42674825,0.5732517
2850_central-asia,0.27241585,0.7275841
30602_geowiki-landcover-2017,0.5919102,0.40808982
18281_geowiki-landcover-2017,0.27242628,0.72757375
31423_geowiki-landcover-2017,0.584539,0.415461
29851_geowiki-landcover-2017,0.4217954,0.57820463
23491_geowiki-landcover-2017,0.27241516,0.72758484
868_kenya-non-crop,0.73666537,0.26333466
3409_ile-de-france,0.27241564,0.72758436
1719_rwanda-ceo,0.736665,0.263335
5_tanzania,0.7366662,0.2633338
5119_geowiki-landcover-2017,0.58453816,0.41546178
5072_ile-de-france,0.2724176,0.7275824
15784_geowiki-landcover-2017,0.6063944,0.3936056
1510_canada,0.27241528,0.7275847
2665_canada,0.4217959,0.5782041
14025_geowiki-landcover-2017,0.43673795,0.563262
7907_geowiki-landcover-2017,0.5845385,0.41546145
7758_canada,0.27241534,0.72758466
208_kenya-non-crop,0.7366654,0.26333457
17782_geowiki-landcover-2017,0.4217975,0.5782025
3679_central-asia,0.42181113,0.57818884
1822_kenya-non-crop,0.85279626,0.14720377
13004_geowiki-landcover-2017,0.42181954,0.57818043
473_croplands,0.5845358,0.41546422
48_kenya,0.7366664,0.26333362
721_croplands,0.4218358,0.5781642
2510_rwanda-ceo,0.750237,0.24976306
32501_geowiki-landcover-2017,0.4264745,0.5735254
6414_canada,0.27241954,0.7275804
10360_geowiki-landcover-2017,0.42179644,0.5782036
3427_canada,0.27241525,0.7275847
1428_central-asia,0.27245507,0.72754496
10152_croplands,0.43595773,0.56404227
4908_croplands,0.42179632,0.5782037
3195_ile-de-france,0.2724151,0.72758484
930_canada,0.2724153,0.72758466
15386_geowiki-landcover-2017,0.5844728,0.41552725
2749_geowiki-landcover-2017,0.5845434,0.41545656
312_croplands,0.584539,0.415461
6_tanzania-rice-ecaas,0.7366648,0.26333523
994_canada,0.2724152,0.7275848
2818_ile-de-france,0.27241507,0.72758496
8681_geowiki-landcover-2017,0.73666614,0.2633339
2095_croplands,0.601712,0.39828804
133_ile-de-france,0.27241734,0.7275827
3982_geowiki-landcover-2017,0.7444874,0.2555126
7782_geowiki-landcover-2017,0.59190625,0.40809375
13178_geowiki-landcover-2017,0.59191096,0.40808907
2122_central-asia,0.27241728,0.7275827
23888_geowiki-landcover-2017,0.73666435,0.2633356
61_tanzania-rice-ecaas,0.7366565,0.2633435
1690_tanzania-ceo,0.5845398,0.41546023
3192_rwanda-ceo,0.7483494,0.2516506
5154_canada,0.27245027,0.72754973
1120_ile-de-france,0.4208807,0.5791193
1967_canada,0.2724153,0.72758466
235_lem-brazil,0.42837054,0.57162946
717_canada,0.27241513,0.72758484
6040_canada,0.27241516,0.72758484
458_ile-de-france,0.2724152,0.72758484
562_ile-de-france,0.27241516,0.72758484
5744_ile-de-france,0.2724153,0.7275847
20455_geowiki-landcover-2017,0.73666644,0.26333356
9415_croplands,0.27245012,0.7275499
2764_ile-de-france,0.2724152,0.72758484
5542_canada,0.27241516,0.72758484
32655_geowiki-landcover-2017,0.27241543,0.7275846
995_tanzania-ceo,0.7366654,0.26333457
24469_geowiki-landcover-2017,0.4367412,0.56325877
5457_geowiki-landcover-2017,0.7444897,0.25551024
53_lem-brazil,0.42179978,0.5782003
6662_canada,0.2724151,0.72758484
1930_central-asia,0.27247518,0.72752476
10096_croplands,0.59190214,0.40809786
10095_geowiki-landcover-2017,0.42674908,0.57325095
10759_geowiki-landcover-2017,0.6065612,0.39343885
2635_canada,0.27241516,0.72758484
3912_central-asia,0.5844652,0.41553485
6192_geowiki-landcover-2017,0.4267517,0.57324827
9654_geowiki-landcover-2017,0.44612002,0.55388
33310_geowiki-landcover-2017,0.2724267,0.7275733
10757_croplands,0.59187645,0.40812352
390_germany,0.2724152,0.7275848
27638_geowiki-landcover-2017,0.4267493,0.5732507
229_geowiki-landcover-2017,0.7444902,0.2555098
5377_canada,0.27241632,0.7275837
1555_kenya-non-crop,0.5845388,0.4154612
3760_central-asia,0.2724201,0.72757995
3416_canada,0.6017104,0.39828962
11313_geowiki-landcover-2017,0.7502382,0.24976185
10334_geowiki-landcover-2017,0.5918794,0.4081205
601_reunion-france,0.59191036,0.40808967
316_geowiki-landcover-2017,0.6017159,0.3982841
24965_geowiki-landcover-2017,0.6017135,0.3982865
4481_canada,0.2724152,0.72758484
2710_rwanda-ceo,0.5919112,0.40808877
1060_central-asia,0.27255905,0.727441
34761_geowiki-landcover-2017,0.43674347,0.56325656
10617_geowiki-landcover-2017,0.59191054,0.4080895
414_martinique-france,0.5845374,0.41546267
5558_canada,0.27241528,0.7275847
13877_croplands,0.6065591,0.3934409
5829_croplands,0.4217958,0.5782042
3232_canada,0.4366757,0.5633243
866_germany,0.27241546,0.72758454
5013_ile-de-france,0.27241525,0.7275848
12137_geowiki-landcover-2017,0.42674917,0.5732509
11205_geowiki-landcover-2017,0.5919081,0.40809193
1197_mali-helmets-labelling-crops,0.43132597,0.568674
3637_croplands,0.75023353,0.24976644
35774_geowiki-landcover-2017,0.6017111,0.39828897
26_tanzania,0.73666555,0.26333445
469_mali-helmets-labelling-crops,0.58453816,0.41546184
2597_rwanda-ceo,0.85279715,0.14720286
1289_kenya-non-crop,0.8527972,0.14720282
2978_ile-de-france,0.27241525,0.7275847
3460_geowiki-landcover-2017,0.5845389,0.41546112
1179_germany,0.27241552,0.7275845
569_reunion-france,0.59191024,0.40808973
21381_geowiki-landcover-2017,0.60656,0.39343998
21_croplands,0.43674186,0.5632581
89_lem-brazil,0.6030482,0.39695182
1599_canada,0.27241504,0.72758496
6554_geowiki-landcover-2017,0.41932648,0.5806735
17852_geowiki-landcover-2017,0.5919107,0.40808928
30724_geowiki-landcover-2017,0.4367315,0.5632685
3549_ile-de-france,0.27241507,0.72758496
14561_croplands,0.42675003,0.57324994
1570_reunion-france,0.4217955,0.5782045
1896_reunion-france,0.7502368,0.24976319
745_martinique-france,0.4217959,0.5782041
18833_geowiki-landcover-2017,0.2724165,0.7275835
917_canada,0.27241516,0.72758484
1786_germany,0.42179817,0.57820183
9714_geowiki-landcover-2017,0.42179814,0.57820183
3346_geowiki-landcover-2017,0.6017106,0.39828932
14642_geowiki-landcover-2017,0.42206034,0.5779396
546_lem-brazil,0.73664355,0.26335648
20786_geowiki-landcover-2017,0.5992672,0.40073285
24176_geowiki-landcover-2017,0.7366663,0.2633337
23935_geowiki-landcover-2017,0.5845394,0.41546062
2099_germany,0.27241528,0.7275847
873_central-asia,0.27241683,0.72758317
2536_central-asia,0.42174932,0.5782507
2621_canada,0.2724169,0.72758305
26584_geowiki-landcover-2017,0.43674016,0.56325984
24420_geowiki-landcover-2017,0.4267478,0.5732522
6358_geowiki-landcover-2017,0.4367401,0.5632599
