,0,1
33696_geowiki-landcover-2017,0.42758393,0.57241607
2107_ile-de-france,0.5311088,0.4688912
25576_geowiki-landcover-2017,0.42758518,0.57241476
4997_ile-de-france,0.300205,0.699795
9802_geowiki-landcover-2017,0.41521662,0.5847834
298_tanzania-ceo,0.53522027,0.46477976
26705_geowiki-landcover-2017,0.42758417,0.5724159
31688_geowiki-landcover-2017,0.39412376,0.60587627
16_reunion-france,0.7525072,0.2474928
13358_geowiki-landcover-2017,0.6672381,0.33276194
378_tanzania-ceo,0.6672388,0.33276123
27752_geowiki-landcover-2017,0.42758387,0.5724161
1464_croplands,0.3941242,0.60587573
1305_rwanda-ceo,0.7525078,0.24749222
3818_ile-de-france,0.39412403,0.60587597
1892_ile-de-france,0.30020505,0.69979495
9688_geowiki-landcover-2017,0.63585776,0.3641423
408_lem-brazil,0.6358567,0.36414328
10595_geowiki-landcover-2017,0.51352596,0.48647407
31664_geowiki-landcover-2017,0.30020493,0.699795
4164_central-asia,0.30020562,0.69979435
1654_canada,0.30026144,0.69973856
1997_central-asia,0.3940808,0.60591924
3258_central-asia,0.30020493,0.699795
1641_tanzania-ceo,0.6358607,0.36413932
24883_geowiki-landcover-2017,0.5478118,0.45218825
518_geowiki-landcover-2017,0.6521438,0.34785625
2899_geowiki-landcover-2017,0.5311091,0.46889094
10167_geowiki-landcover-2017,0.5528426,0.4471574
7447_geowiki-landcover-2017,0.30020505,0.69979495
761_ile-de-france,0.39412442,0.6058756
283_lem-brazil,0.6358573,0.36414278
721_ile-de-france,0.5311085,0.46889153
1187_martinique-france,0.7524863,0.24751371
14694_croplands,0.41521925,0.5847807
833_kenya-non-crop,0.7525077,0.24749231
939_kenya-non-crop,0.7525076,0.2474924
388_lem-brazil,0.53521985,0.46478015
1345_canada,0.30020505,0.69979495
2723_ile-de-france,0.5311089,0.46889114
2779_geowiki-landcover-2017,0.5315613,0.46843874
5461_ile-de-france,0.30020502,0.699795
17792_geowiki-landcover-2017,0.42758325,0.5724167
856_lem-brazil,0.6358567,0.3641433
28374_geowiki-landcover-2017,0.30020523,0.69979477
4693_canada,0.30020493,0.699795
15923_geowiki-landcover-2017,0.4102937,0.5897063
768_ethiopia,0.5477986,0.45220146
17832_geowiki-landcover-2017,0.6475198,0.35248014
9437_croplands,0.51845855,0.48154145
4749_canada,0.30020493,0.69979507
20909_geowiki-landcover-2017,0.6521442,0.34785575
1333_central-asia,0.30020493,0.69979507
503_togo,0.41521582,0.58478415
746_tanzania-rice-ecaas,0.53529966,0.46470037
3594_rwanda-ceo,0.6475229,0.3524771
11607_geowiki-landcover-2017,0.7525078,0.24749218
31827_geowiki-landcover-2017,0.3002051,0.6997949
18337_geowiki-landcover-2017,0.5528423,0.44715774
3928_central-asia,0.5311091,0.46889088
4318_ile-de-france,0.53110933,0.46889067
31015_geowiki-landcover-2017,0.30020496,0.699795
1987_reunion-france,0.7525067,0.24749333
26707_geowiki-landcover-2017,0.42756942,0.57243055
19266_geowiki-landcover-2017,0.5528415,0.44715855
583_tanzania-rice-ecaas,0.53522015,0.46477988
9715_geowiki-landcover-2017,0.5134057,0.48659438
7087_canada,0.41521928,0.5847807
1542_central-asia,0.39411983,0.60588014
4504_canada,0.30020493,0.699795
1098_rwanda-ceo,0.75250673,0.24749328
2750_reunion-france,0.652144,0.34785596
108_central-asia,0.5311126,0.46888736
22042_geowiki-landcover-2017,0.39412403,0.60587597
2473_rwanda-ceo,0.53522474,0.46477532
4414_ile-de-france,0.30020496,0.699795
997_rwanda-ceo,0.75250727,0.24749267
30747_geowiki-landcover-2017,0.53110904,0.46889096
1737_germany,0.5311093,0.46889073
32099_geowiki-landcover-2017,0.42758387,0.5724161
10125_croplands,0.5352201,0.46477988
1297_reunion-france,0.6358568,0.36414316
776_rwanda-ceo,0.63585657,0.36414346
555_reunion-france,0.7525069,0.24749306
30956_geowiki-landcover-2017,0.39412358,0.6058764
3478_ile-de-france,0.39410537,0.6058946
867_rwanda-ceo,0.75249904,0.24750099
982_kenya-non-crop,0.7525078,0.24749222
2153_central-asia,0.30020514,0.6997949
2059_canada,0.30020612,0.6997939
576_lem-brazil,0.667237,0.33276302
651_reunion-france,0.75250715,0.24749285
2405_canada,0.4275816,0.5724184
726_tanzania-rice-ecaas,0.7524256,0.24757437
1270_kenya-non-crop,0.75250804,0.24749196
34642_geowiki-landcover-2017,0.41028833,0.58971167
13523_croplands,0.41521567,0.5847843
727_ethiopia,0.66723764,0.3327623
4556_geowiki-landcover-2017,0.555128,0.44487202
4_lem-brazil,0.6360885,0.36391154
11878_geowiki-landcover-2017,0.4275923,0.5724077
12967_geowiki-landcover-2017,0.6521462,0.34785372
2555_canada,0.4275834,0.57241654
808_central-asia,0.30020505,0.69979495
371_geowiki-landcover-2017,0.41521645,0.58478355
2576_canada,0.42758405,0.57241595
5420_ile-de-france,0.30020502,0.699795
1169_canada,0.30020517,0.6997948
1328_canada,0.30020502,0.699795
24384_geowiki-landcover-2017,0.6475193,0.3524807
333_ethiopia,0.75250775,0.24749227
746_rwanda-ceo,0.53522086,0.46477914
444_ethiopia,0.64751935,0.35248062
35176_geowiki-landcover-2017,0.5478129,0.4521871
13995_geowiki-landcover-2017,0.54781395,0.45218605
801_lem-brazil,0.75238883,0.2476112
2758_reunion-france,0.6358571,0.3641429
25976_geowiki-landcover-2017,0.5185006,0.48149934
3341_ile-de-france,0.39412427,0.60587573
31924_geowiki-landcover-2017,0.75250673,0.24749324
3196_ile-de-france,0.30034265,0.6996574
507_rwanda-ceo,0.75250804,0.247492
13584_geowiki-landcover-2017,0.5352217,0.46477833
1384_rwanda-ceo,0.7525077,0.24749234
622_mali-helmets-labelling-crops,0.30020574,0.69979423
743_rwanda-ceo,0.75250334,0.24749668
2089_germany,0.30020505,0.69979495
1574_central-asia,0.30020493,0.69979507
24369_geowiki-landcover-2017,0.5478141,0.4521859
4069_canada,0.42758384,0.5724162
178_canada,0.42758402,0.57241595
4674_geowiki-landcover-2017,0.66723824,0.33276176
4350_central-asia,0.3002067,0.6997933
907_togo,0.55284256,0.44715744
1035_kenya-non-crop,0.75250787,0.24749213
34630_geowiki-landcover-2017,0.4103984,0.58960164
30472_geowiki-landcover-2017,0.30020502,0.699795
34302_geowiki-landcover-2017,0.53110963,0.4688904
2552_rwanda-ceo,0.63585705,0.36414295
19364_geowiki-landcover-2017,0.54781336,0.45218667
190_ile-de-france,0.300205,0.699795
33301_geowiki-landcover-2017,0.42758247,0.5724175
32636_geowiki-landcover-2017,0.5311089,0.46889105
3267_canada,0.42758378,0.57241625
3945_ile-de-france,0.30020586,0.6997941
4714_canada,0.30020496,0.699795
27456_geowiki-landcover-2017,0.4102913,0.5897087
389_croplands,0.3002048,0.6997951
4395_ile-de-france,0.300205,0.699795
1100_reunion-france,0.7525041,0.24749587
25261_geowiki-landcover-2017,0.42758346,0.57241654
10601_geowiki-landcover-2017,0.64751977,0.3524802
578_mali-helmets-labelling-crops,0.30020532,0.69979465
14193_geowiki-landcover-2017,0.41029057,0.58970946
33868_geowiki-landcover-2017,0.4275804,0.57241964
12050_geowiki-landcover-2017,0.4275839,0.5724161
457_lem-brazil,0.66723746,0.3327625
172_sudan,0.53112257,0.4688775
2374_kenya-non-crop,0.7525045,0.24749552
1879_geowiki-landcover-2017,0.65214384,0.3478562
27875_geowiki-landcover-2017,0.42892492,0.571075
2480_rwanda-ceo,0.6672366,0.33276343
483_togo,0.30021235,0.6997877
9479_geowiki-landcover-2017,0.75250715,0.2474928
380_germany,0.30020493,0.699795
3247_canada,0.42758375,0.57241625
1116_kenya-non-crop,0.75250787,0.24749213
9140_croplands,0.55282897,0.44717103
250_kenya-non-crop,0.75250787,0.24749213
18273_geowiki-landcover-2017,0.39412397,0.605876
5874_canada,0.30020493,0.699795
156_uganda,0.6475213,0.3524787
23234_geowiki-landcover-2017,0.42758402,0.572416
1747_ile-de-france,0.39412332,0.6058766
3070_canada,0.42758405,0.57241595
312_reunion-france,0.51845974,0.48154023
1974_reunion-france,0.65224916,0.3477508
24134_geowiki-landcover-2017,0.51845884,0.48154113
24130_geowiki-landcover-2017,0.5528453,0.44715467
9543_croplands,0.5352189,0.46478114
575_canada,0.4275537,0.5724463
34815_geowiki-landcover-2017,0.5478139,0.45218617
166_martinique-france,0.5184493,0.4815507
308_mali-helmets-labelling-crops,0.30020502,0.699795
3916_central-asia,0.39412773,0.6058723
306_ethiopia,0.51017165,0.48982835
23317_geowiki-landcover-2017,0.5528426,0.44715744
32416_geowiki-landcover-2017,0.42758438,0.57241565
1749_tanzania-ceo,0.75250673,0.24749322
3159_rwanda-ceo,0.53544986,0.4645501
1687_canada,0.4275837,0.57241637
12042_geowiki-landcover-2017,0.55284274,0.4471573
175_reunion-france,0.7525079,0.24749205
26986_geowiki-landcover-2017,0.42757812,0.5724219
468_croplands,0.4275822,0.5724178
33228_geowiki-landcover-2017,0.53110874,0.46889126
1545_martinique-france,0.5311199,0.46888012
24627_geowiki-landcover-2017,0.42758363,0.57241637
7699_geowiki-landcover-2017,0.5311093,0.46889073
13686_geowiki-landcover-2017,0.65214396,0.34785604
4619_canada,0.30129504,0.6987049
28927_geowiki-landcover-2017,0.3002058,0.6997942
10462_geowiki-landcover-2017,0.647518,0.35248208
700_kenya-non-crop,0.7525076,0.2474924
1599_ile-de-france,0.3002054,0.6997946
35590_geowiki-landcover-2017,0.51845884,0.48154116
1103_mali-helmets-labelling-crops,0.3002051,0.6997949
95_uganda,0.6672206,0.33277947
2513_ile-de-france,0.30020505,0.69979495
3304_geowiki-landcover-2017,0.42758495,0.57241505
945_croplands,0.39413032,0.6058697
6847_croplands,0.53522015,0.46477982
3643_ile-de-france,0.3002053,0.6997947
5112_geowiki-landcover-2017,0.75250506,0.24749497
21049_geowiki-landcover-2017,0.5478139,0.4521861
4735_ile-de-france,0.30020505,0.69979495
28056_geowiki-landcover-2017,0.5177239,0.48227605
567_lem-brazil,0.53522736,0.46477264
3503_central-asia,0.3002802,0.69971985
33193_geowiki-landcover-2017,0.30020505,0.69979495
14324_geowiki-landcover-2017,0.75250334,0.24749662
19576_geowiki-landcover-2017,0.39412385,0.6058761
24982_geowiki-landcover-2017,0.66723025,0.33276972
28641_geowiki-landcover-2017,0.30020502,0.699795
1571_tanzania-ceo,0.75250614,0.24749386
1253_central-asia,0.30020493,0.699795
15018_geowiki-landcover-2017,0.6672388,0.3327612
10627_croplands,0.5352201,0.46477997
1383_central-asia,0.3002049,0.69979507
6294_canada,0.30020505,0.69979495
21547_geowiki-landcover-2017,0.42758387,0.5724161
5930_geowiki-landcover-2017,0.52636003,0.47363997
3893_central-asia,0.53110904,0.46889096
18295_geowiki-landcover-2017,0.53110737,0.4688926
4787_central-asia,0.30020502,0.699795
452_geowiki-landcover-2017,0.6672385,0.33276153
78_ile-de-france,0.39412314,0.6058769
12173_geowiki-landcover-2017,0.42758402,0.572416
312_geowiki-landcover-2017,0.6358589,0.36414105
829_geowiki-landcover-2017,0.75250345,0.24749658
11579_croplands,0.5528426,0.44715735
19393_geowiki-landcover-2017,0.5133839,0.4866161
1170_mali-helmets-labelling-crops,0.30020502,0.699795
732_lem-brazil,0.75250655,0.24749349
21867_geowiki-landcover-2017,0.55035937,0.44964066
4392_croplands,0.42759767,0.5724023
734_ethiopia,0.66723824,0.33276176
1454_croplands,0.5289887,0.4710113
28194_geowiki-landcover-2017,0.4152164,0.5847837
23306_geowiki-landcover-2017,0.5311086,0.4688914
5225_central-asia,0.4102903,0.58970964
6360_canada,0.4275837,0.5724163
21641_geowiki-landcover-2017,0.5478141,0.45218593
1738_kenya-non-crop,0.7525078,0.24749218
11277_geowiki-landcover-2017,0.5184565,0.48154348
926_canada,0.30020493,0.699795
641_rwanda-ceo,0.63585705,0.36414295
363_tanzania-rice-ecaas,0.63585687,0.36414313
507_togo,0.41521585,0.58478415
14378_geowiki-landcover-2017,0.54781353,0.4521865
3808_ile-de-france,0.3941241,0.6058759
1332_tanzania-ceo,0.6521434,0.34785658
350_ile-de-france,0.5311088,0.4688912
1627_rwanda-ceo,0.7525073,0.24749267
29330_geowiki-landcover-2017,0.30020952,0.6997905
3809_central-asia,0.30020502,0.699795
705_rwanda-ceo,0.75249946,0.24750057
1620_reunion-france,0.7525066,0.2474934
33803_geowiki-landcover-2017,0.6475198,0.35248014
1141_geowiki-landcover-2017,0.7525079,0.24749207
1565_tanzania-ceo,0.667238,0.33276206
1783_martinique-france,0.53111625,0.46888378
29811_geowiki-landcover-2017,0.39412424,0.60587573
6019_ile-de-france,0.42758363,0.57241637
28829_geowiki-landcover-2017,0.53110963,0.4688904
14187_geowiki-landcover-2017,0.39412394,0.605876
2490_rwanda-ceo,0.6672386,0.3327614
28285_geowiki-landcover-2017,0.42758375,0.57241625
22148_geowiki-landcover-2017,0.30021417,0.6997858
26_rwanda-ceo,0.75250703,0.24749304
1012_tanzania-ceo,0.75250775,0.24749227
18791_geowiki-landcover-2017,0.54781306,0.45218694
833_geowiki-landcover-2017,0.7525079,0.24749205
1159_germany,0.5311087,0.4688913
237_canada,0.4275849,0.5724151
14522_geowiki-landcover-2017,0.64751977,0.3524802
6904_canada,0.4275795,0.57242054
238_ethiopia,0.30028963,0.69971037
2255_canada,0.42670235,0.5732976
30690_geowiki-landcover-2017,0.30020493,0.699795
3407_central-asia,0.39412415,0.60587585
11674_geowiki-landcover-2017,0.65214324,0.34785676
25308_geowiki-landcover-2017,0.4275833,0.5724167
923_reunion-france,0.6358745,0.36412552
3913_ile-de-france,0.39412385,0.60587615
14939_geowiki-landcover-2017,0.7524016,0.2475984
5418_ile-de-france,0.30020505,0.69979495
1559_central-asia,0.30020502,0.699795
1611_germany,0.531109,0.46889102
5481_ile-de-france,0.5311092,0.4688908
532_kenya-non-crop,0.7525071,0.24749292
230_tanzania-rice-ecaas,0.63585705,0.36414295
3748_central-asia,0.300205,0.699795
1108_canada,0.30020517,0.69979477
346_canada,0.42758152,0.5724185
2273_geowiki-landcover-2017,0.5528426,0.44715738
371_ile-de-france,0.5311089,0.46889105
31984_geowiki-landcover-2017,0.39412355,0.60587645
5165_central-asia,0.39412376,0.6058762
2373_canada,0.5311091,0.46889094
1008_togo,0.65214247,0.34785756
5878_croplands,0.5528575,0.44714245
485_canada,0.4275629,0.5724371
6113_canada,0.30020496,0.699795
1182_central-asia,0.30020502,0.69979495
18198_geowiki-landcover-2017,0.51338226,0.48661768
4082_ile-de-france,0.39412412,0.6058759
905_togo,0.5528418,0.44715825
6753_croplands,0.5352201,0.46477988
1373_canada,0.30020514,0.6997949
122_mali,0.30020502,0.699795
15383_geowiki-landcover-2017,0.51851445,0.48148558
2198_geowiki-landcover-2017,0.65216213,0.3478378
1502_tanzania-ceo,0.5528559,0.4471441
1783_tanzania-ceo,0.75250554,0.24749447
2662_reunion-france,0.75238335,0.24761662
1220_kenya-non-crop,0.55284125,0.44715875
12507_geowiki-landcover-2017,0.5311086,0.4688914
1310_ile-de-france,0.30020505,0.69979495
624_rwanda-ceo,0.75250596,0.24749409
2910_central-asia,0.3002059,0.69979405
2448_central-asia,0.42758426,0.57241577
9637_geowiki-landcover-2017,0.667238,0.332762
2473_geowiki-landcover-2017,0.75250775,0.24749227
21759_geowiki-landcover-2017,0.652146,0.34785402
1426_reunion-france,0.7525074,0.24749263
3759_canada,0.3002064,0.69979364
630_croplands,0.42670664,0.5732933
5060_central-asia,0.30020514,0.6997949
447_tanzania-ceo,0.65214396,0.34785604
1307_rwanda-ceo,0.75250405,0.24749596
1385_geowiki-landcover-2017,0.7520723,0.24792778
14940_croplands,0.647519,0.352481
4817_ile-de-france,0.30020502,0.699795
1436_tanzania-ceo,0.75250787,0.24749213
30634_geowiki-landcover-2017,0.5478138,0.45218623
6064_ile-de-france,0.3941243,0.6058757
1551_kenya-non-crop,0.6521438,0.34785625
7559_canada,0.427582,0.57241803
435_germany,0.3002053,0.6997947
1428_croplands,0.53111476,0.4688852
1805_canada,0.30020565,0.6997943
3015_canada,0.42758647,0.5724135
29171_geowiki-landcover-2017,0.53110224,0.46889773
9216_geowiki-landcover-2017,0.5478139,0.45218617
22456_geowiki-landcover-2017,0.54781306,0.45218694
24476_geowiki-landcover-2017,0.5477859,0.45221415
20169_geowiki-landcover-2017,0.6474094,0.3525906
11324_geowiki-landcover-2017,0.7525012,0.24749878
2554_geowiki-landcover-2017,0.5528408,0.44715917
18526_geowiki-landcover-2017,0.54781395,0.45218605
3265_central-asia,0.3002063,0.69979376
18548_geowiki-landcover-2017,0.75250196,0.24749804
4704_central-asia,0.30020684,0.69979316
5123_ile-de-france,0.531109,0.468891
31659_geowiki-landcover-2017,0.4275838,0.5724162
1274_togo,0.5478155,0.4521845
1389_tanzania-ceo,0.6672383,0.3327617
1411_mali-helmets-labelling-crops,0.30020502,0.699795
1338_geowiki-landcover-2017,0.5183487,0.48165128
959_rwanda-ceo,0.7525082,0.24749178
258_lem-brazil,0.66726214,0.3327379
7071_canada,0.4275839,0.5724161
17153_geowiki-landcover-2017,0.547814,0.45218596
32873_geowiki-landcover-2017,0.7525079,0.24749205
14723_croplands,0.65214396,0.34785604
4935_central-asia,0.3002049,0.69979507
1863_ile-de-france,0.30020493,0.699795
5742_geowiki-landcover-2017,0.30020496,0.699795
2091_rwanda-ceo,0.667238,0.33276203
32450_geowiki-landcover-2017,0.39412412,0.6058759
17585_geowiki-landcover-2017,0.42758355,0.5724165
7_ethiopia,0.4102909,0.5897091
618_martinique-france,0.6521384,0.34786153
455_canada,0.30020502,0.699795
14098_geowiki-landcover-2017,0.64751947,0.35248056
1021_togo,0.5528418,0.44715816
964_martinique-france,0.51763994,0.4823601
1815_kenya-non-crop,0.75250804,0.24749196
2434_geowiki-landcover-2017,0.5311142,0.4688858
629_togo,0.55268824,0.44731173
594_central-asia,0.30020523,0.69979477
6611_geowiki-landcover-2017,0.5133845,0.48661548
380_mali-helmets-labelling-crops,0.39412427,0.60587573
2072_reunion-france,0.5225654,0.4774346
466_martinique-france,0.42758706,0.5724129
32348_geowiki-landcover-2017,0.30020514,0.6997949
7314_canada,0.30020493,0.699795
888_canada,0.3002049,0.69979507
11208_geowiki-landcover-2017,0.53522027,0.46477976
7422_croplands,0.635857,0.36414298
2174_geowiki-landcover-2017,0.5478211,0.45217887
2798_ile-de-france,0.30020502,0.699795
2514_reunion-france,0.7521487,0.24785134
6457_canada,0.30020493,0.699795
2211_canada,0.30020493,0.699795
100_togo,0.4152157,0.5847843
7939_geowiki-landcover-2017,0.6672328,0.33276722
415_ile-de-france,0.30020505,0.69979495
1656_ile-de-france,0.30020505,0.69979495
1377_reunion-france,0.51846117,0.48153883
2540_rwanda-ceo,0.63587445,0.36412555
3438_ile-de-france,0.53110844,0.4688916
653_rwanda-ceo,0.6672384,0.3327616
357_tanzania-ceo,0.7525072,0.24749276
469_tanzania-ceo,0.66723907,0.3327609
1120_togo,0.41521606,0.5847839
5226_ile-de-france,0.39412403,0.6058759
14268_geowiki-landcover-2017,0.53110844,0.46889156
423_ethiopia,0.64751655,0.35248345
509_ethiopia,0.6672312,0.3327688
29094_geowiki-landcover-2017,0.4275838,0.5724162
6067_canada,0.39410478,0.6058952
2134_germany,0.30020493,0.69979507
2_tanzania,0.53522027,0.46477976
1639_geowiki-landcover-2017,0.63585705,0.36414292
1397_mali-helmets-labelling-crops,0.30020577,0.6997942
7682_canada,0.42758363,0.57241637
2607_reunion-france,0.6359521,0.36404783
3412_ile-de-france,0.30020514,0.6997949
868_reunion-france,0.7525066,0.24749342
6142_ile-de-france,0.300205,0.699795
33051_geowiki-landcover-2017,0.5528442,0.44715577
7605_geowiki-landcover-2017,0.42758128,0.5724187
29585_geowiki-landcover-2017,0.64751905,0.35248092
12458_geowiki-landcover-2017,0.6475199,0.3524801
21804_geowiki-landcover-2017,0.51845926,0.4815407
29731_geowiki-landcover-2017,0.5311078,0.46889225
13012_croplands,0.41521975,0.5847802
1760_central-asia,0.39412346,0.60587656
4842_ile-de-france,0.531109,0.468891
13602_geowiki-landcover-2017,0.65214235,0.34785765
905_germany,0.30020493,0.699795
5654_ile-de-france,0.30020514,0.6997948
27966_geowiki-landcover-2017,0.42758378,0.5724162
3884_central-asia,0.3002078,0.6997922
170_mali-helmets-labelling-crops,0.3002051,0.6997949
32315_geowiki-landcover-2017,0.5311061,0.46889386
134_mali-helmets-labelling-crops,0.3941246,0.60587543
13789_croplands,0.6358569,0.36414307
7742_canada,0.41521645,0.58478355
590_tanzania-rice-ecaas,0.6672375,0.33276248
25545_geowiki-landcover-2017,0.30020493,0.699795
1197_rwanda-ceo,0.667238,0.332762
1905_ile-de-france,0.39412406,0.6058759
1354_kenya-non-crop,0.75249094,0.24750906
25179_geowiki-landcover-2017,0.5184594,0.48154068
1886_reunion-france,0.63585603,0.36414403
16880_geowiki-landcover-2017,0.5528426,0.44715738
38_ethiopia,0.513384,0.48661605
20652_geowiki-landcover-2017,0.6521434,0.34785658
1988_kenya-non-crop,0.6521443,0.3478557
20857_geowiki-landcover-2017,0.6521439,0.34785613
464_kenya-non-crop,0.7524404,0.24755964
21145_geowiki-landcover-2017,0.5478139,0.4521861
4735_canada,0.30020484,0.6997951
2665_rwanda-ceo,0.66723764,0.33276233
63_togo,0.4150948,0.58490527
24485_geowiki-landcover-2017,0.42758393,0.572416
2602_ile-de-france,0.30020505,0.69979495
246_ethiopia,0.41027498,0.589725
4937_central-asia,0.30020556,0.6997944
1185_ile-de-france,0.53110874,0.4688912
15_togo,0.41521582,0.58478415
7845_canada,0.3941241,0.6058759
1241_canada,0.30020493,0.699795
1357_kenya-non-crop,0.7524915,0.24750851
20628_geowiki-landcover-2017,0.4152558,0.5847442
7291_canada,0.3002049,0.69979507
475_mali-helmets-labelling-crops,0.30020514,0.6997949
721_togo,0.6521548,0.3478452
132_mali-helmets-labelling-crops,0.42758432,0.57241565
1280_canada,0.3002049,0.69979507
23374_geowiki-landcover-2017,0.41029295,0.589707
2733_rwanda-ceo,0.7525038,0.24749619
5721_ile-de-france,0.30020505,0.69979495
4893_croplands,0.63585496,0.36414504
19807_geowiki-landcover-2017,0.51338387,0.48661616
687_ethiopia,0.75250816,0.24749187
26104_geowiki-landcover-2017,0.30020556,0.6997944
3641_croplands,0.75250524,0.24749477
4600_ile-de-france,0.39412418,0.60587585
389_lem-brazil,0.6358568,0.3641432
7718_geowiki-landcover-2017,0.64751863,0.3524814
13128_geowiki-landcover-2017,0.42758444,0.57241553
139_rwanda-ceo,0.75250775,0.24749227
27208_geowiki-landcover-2017,0.6521358,0.34786415
10128_croplands,0.53522,0.46477997
496_geowiki-landcover-2017,0.75250804,0.247492
10160_geowiki-landcover-2017,0.55284655,0.4471535
699_tanzania-ceo,0.7525009,0.24749915
5983_canada,0.30021107,0.6997889
2179_ile-de-france,0.30793786,0.6920621
2064_germany,0.42758393,0.572416
541_kenya-non-crop,0.66722775,0.33277225
653_tanzania-rice-ecaas,0.7525074,0.24749257
4390_ile-de-france,0.30020502,0.699795
22064_geowiki-landcover-2017,0.30020502,0.69979495
3087_canada,0.42758408,0.5724159
35588_geowiki-landcover-2017,0.53111625,0.46888378
5805_canada,0.30020493,0.699795
9206_croplands,0.5352271,0.46477294
6459_geowiki-landcover-2017,0.3002048,0.6997951
795_croplands,0.30020532,0.69979465
1345_rwanda-ceo,0.7525031,0.24749689
1458_central-asia,0.3002049,0.69979507
31679_geowiki-landcover-2017,0.42757565,0.57242435
8373_geowiki-landcover-2017,0.5311091,0.46889094
27_reunion-france,0.75250685,0.2474931
32414_geowiki-landcover-2017,0.5311068,0.46889314
4102_canada,0.30020493,0.69979507
287_kenya-non-crop,0.6672379,0.3327621
20010_geowiki-landcover-2017,0.4102904,0.58970964
1635_rwanda-ceo,0.667238,0.33276197
1721_canada,0.30020502,0.699795
4226_canada,0.4152159,0.58478415
34715_geowiki-landcover-2017,0.42758355,0.5724164
2152_germany,0.30020612,0.69979393
6946_canada,0.5311087,0.46889132
12625_croplands,0.5184605,0.48153952
1722_martinique-france,0.51763797,0.48236203
484_tanzania-rice-ecaas,0.6358569,0.36414307
991_togo,0.5528426,0.4471574
1459_kenya-non-crop,0.6521437,0.34785628
3857_geowiki-landcover-2017,0.51309764,0.48690236
25491_geowiki-landcover-2017,0.42758402,0.572416
2786_geowiki-landcover-2017,0.30020916,0.69979084
2672_ile-de-france,0.30020514,0.6997948
4287_central-asia,0.3002151,0.69978493
1995_tanzania-ceo,0.6672358,0.33276418
5038_ile-de-france,0.53110874,0.4688912
16084_geowiki-landcover-2017,0.6475195,0.35248044
1524_rwanda-ceo,0.75250816,0.24749187
4675_croplands,0.4101967,0.58980334
1837_kenya-non-crop,0.75250804,0.24749196
823_mali-helmets-labelling-crops,0.30020502,0.699795
347_canada,0.53102344,0.46897653
450_tanzania-rice-ecaas,0.66723984,0.33276016
23015_geowiki-landcover-2017,0.51845896,0.48154104
2873_croplands,0.53522,0.46478
14820_geowiki-landcover-2017,0.4152015,0.5847985
1656_central-asia,0.42748502,0.57251495
1826_germany,0.3002049,0.6997951
25399_geowiki-landcover-2017,0.42755553,0.57244444
2321_kenya-non-crop,0.75250804,0.24749196
3164_canada,0.30020502,0.69979495
10718_geowiki-landcover-2017,0.5478141,0.45218593
2295_canada,0.4275833,0.5724167
11149_geowiki-landcover-2017,0.4275835,0.5724165
3136_rwanda-ceo,0.7525079,0.24749205
782_togo,0.5311045,0.4688955
17963_geowiki-landcover-2017,0.5184827,0.48151731
1725_ile-de-france,0.30020505,0.69979495
1737_tanzania-ceo,0.75250715,0.24749285
1980_rwanda-ceo,0.75250775,0.24749227
16087_geowiki-landcover-2017,0.6475194,0.3524806
3145_rwanda-ceo,0.7525071,0.24749292
1472_germany,0.42758378,0.57241625
4264_central-asia,0.41025913,0.5897409
324_reunion-france,0.51869625,0.48130375
25768_geowiki-landcover-2017,0.531109,0.46889102
23251_geowiki-landcover-2017,0.42757502,0.57242495
929_martinique-france,0.75249296,0.247507
1916_central-asia,0.30020493,0.699795
22137_geowiki-landcover-2017,0.4275837,0.57241625
3357_canada,0.3002049,0.69979507
32201_geowiki-landcover-2017,0.42758387,0.5724161
718_martinique-france,0.42760247,0.57239753
566_canada,0.42758408,0.57241595
2701_geowiki-landcover-2017,0.54787856,0.45212147
5894_canada,0.30020505,0.69979495
2089_ile-de-france,0.5311091,0.46889094
571_mali-helmets-labelling-crops,0.3002053,0.6997947
4391_croplands,0.4275946,0.5724054
2227_canada,0.300205,0.699795
5739_geowiki-landcover-2017,0.4102908,0.58970916
2114_rwanda-ceo,0.75250804,0.24749199
541_ile-de-france,0.53110915,0.46889088
306_togo,0.6521435,0.34785655
526_tanzania-ceo,0.7525075,0.24749249
1864_martinique-france,0.53111595,0.46888408
20164_geowiki-landcover-2017,0.41521716,0.58478284
330_kenya-non-crop,0.6358476,0.36415234
473_rwanda-ceo,0.6358594,0.36414066
407_kenya-non-crop,0.535222,0.46477798
4380_central-asia,0.3002058,0.6997942
9602_geowiki-landcover-2017,0.5133841,0.48661593
7363_canada,0.5311045,0.4688955
14719_croplands,0.652142,0.34785804
2549_central-asia,0.3002054,0.69979453
1382_rwanda-ceo,0.63586044,0.36413956
2294_rwanda-ceo,0.7525065,0.2474935
1952_reunion-france,0.71614766,0.28385234
2253_central-asia,0.30020514,0.6997949
1352_reunion-france,0.6521439,0.34785613
17502_geowiki-landcover-2017,0.5478133,0.45218667
1065_rwanda-ceo,0.7525019,0.24749808
26888_geowiki-landcover-2017,0.5352196,0.46478045
5440_ile-de-france,0.300205,0.699795
3183_geowiki-landcover-2017,0.41029048,0.58970946
1891_reunion-france,0.7525073,0.24749267
6991_geowiki-landcover-2017,0.30021,0.69979
410_ethiopia,0.53124917,0.46875083
15659_geowiki-landcover-2017,0.6475198,0.35248014
6723_croplands,0.5352248,0.46477517
2291_canada,0.30020595,0.699794
215_tanzania-rice-ecaas,0.6358568,0.3641432
5122_ile-de-france,0.5311083,0.46889168
19487_geowiki-landcover-2017,0.5478141,0.45218596
10668_croplands,0.5352201,0.46477988
1091_martinique-france,0.51845264,0.48154736
925_ile-de-france,0.300205,0.699795
17700_geowiki-landcover-2017,0.6521434,0.34785658
900_geowiki-landcover-2017,0.65225756,0.34774244
5602_canada,0.415216,0.584784
25550_geowiki-landcover-2017,0.51338387,0.4866161
235_canada,0.4275834,0.57241666
5550_geowiki-landcover-2017,0.3002049,0.6997951
2622_geowiki-landcover-2017,0.51332337,0.48667663
2860_ile-de-france,0.53110915,0.46889088
1021_geowiki-landcover-2017,0.55286616,0.44713384
336_canada,0.42758182,0.5724182
755_reunion-france,0.7525078,0.24749222
191_sudan,0.41521606,0.5847839
50_uganda,0.54781336,0.45218664
2189_ile-de-france,0.5311092,0.46889076
14919_croplands,0.3941248,0.60587525
5698_geowiki-landcover-2017,0.6521442,0.34785584
1028_reunion-france,0.7525016,0.2474984
3326_geowiki-landcover-2017,0.5311156,0.4688844
3379_ile-de-france,0.3002053,0.6997947
24619_geowiki-landcover-2017,0.5478137,0.45218626
839_togo,0.6671868,0.3328132
6512_canada,0.3002049,0.6997951
3092_canada,0.42758414,0.5724159
30768_geowiki-landcover-2017,0.42758378,0.5724162
1091_rwanda-ceo,0.5352203,0.4647797
19129_geowiki-landcover-2017,0.6475193,0.3524807
5752_canada,0.30020493,0.69979507
2870_croplands,0.6672323,0.33276778
6396_geowiki-landcover-2017,0.54781085,0.45218912
61_ethiopia,0.4102908,0.5897092
21092_geowiki-landcover-2017,0.4102903,0.58970964
2731_canada,0.42758378,0.57241625
500_ethiopia,0.5478141,0.4521859
10625_croplands,0.53522015,0.46477988
1550_canada,0.42758402,0.57241595
21249_geowiki-landcover-2017,0.42758095,0.57241905
79_tanzania-rice-ecaas,0.635857,0.364143
3741_croplands,0.6358567,0.3641433
9665_geowiki-landcover-2017,0.54797715,0.45202285
28898_geowiki-landcover-2017,0.6521562,0.34784383
26966_geowiki-landcover-2017,0.547815,0.45218498
1115_togo,0.41521615,0.58478385
31563_geowiki-landcover-2017,0.6672385,0.33276153
6283_canada,0.30020493,0.69979507
2925_geowiki-landcover-2017,0.42758328,0.5724167
2284_rwanda-ceo,0.6358611,0.36413887
31824_geowiki-landcover-2017,0.4275839,0.5724161
2114_germany,0.3002091,0.6997909
2737_geowiki-landcover-2017,0.5311102,0.46888974
2061_geowiki-landcover-2017,0.75250816,0.24749182
18154_geowiki-landcover-2017,0.39412367,0.6058764
90_germany,0.3002063,0.69979376
891_mali-helmets-labelling-crops,0.4275766,0.57242346
210_rwanda-ceo,0.7525076,0.2474924
1882_reunion-france,0.63585746,0.36414257
13862_croplands,0.5352204,0.46477962
21861_geowiki-landcover-2017,0.55284494,0.44715512
2220_kenya-non-crop,0.65216374,0.34783626
713_togo,0.55283964,0.44716042
136_kenya-non-crop,0.53522015,0.46477985
491_reunion-france,0.5184605,0.4815395
814_ethiopia,0.5133688,0.4866312
24306_geowiki-landcover-2017,0.5311089,0.4688911
15179_geowiki-landcover-2017,0.5528415,0.44715855
3051_canada,0.42758405,0.57241595
361_reunion-france,0.6521428,0.34785724
458_lem-brazil,0.66723835,0.33276168
2464_reunion-france,0.5528419,0.4471581
21845_geowiki-landcover-2017,0.55284333,0.44715667
861_mali-helmets-labelling-crops,0.300205,0.699795
1334_ile-de-france,0.53110635,0.46889362
19432_geowiki-landcover-2017,0.5528427,0.44715732
1907_rwanda-ceo,0.7525079,0.24749205
26621_geowiki-landcover-2017,0.4275841,0.5724159
826_togo,0.51847667,0.48152333
30444_geowiki-landcover-2017,0.3002049,0.69979507
22647_geowiki-landcover-2017,0.51846623,0.4815338
143_tanzania-ceo,0.535238,0.464762
10597_croplands,0.5352208,0.46477917
49_uganda,0.41029072,0.58970934
7138_geowiki-landcover-2017,0.6521405,0.34785947
299_mali-helmets-labelling-crops,0.4275838,0.5724162
160_central-asia,0.30020604,0.69979393
153_reunion-france,0.7525078,0.24749221
1887_ile-de-france,0.300205,0.699795
27914_geowiki-landcover-2017,0.64751947,0.35248056
185_ethiopia,0.6358598,0.36414027
1886_germany,0.39412534,0.6058746
23079_geowiki-landcover-2017,0.41522372,0.5847763
1728_croplands,0.5528414,0.44715855
159_sudan,0.39420816,0.60579187
151_sudan,0.41029048,0.5897095
1831_ile-de-france,0.30020502,0.699795
24781_geowiki-landcover-2017,0.65211713,0.34788287
25637_geowiki-landcover-2017,0.30020502,0.69979495
9996_croplands,0.5352225,0.4647775
34327_geowiki-landcover-2017,0.5478128,0.4521872
14396_geowiki-landcover-2017,0.5133837,0.48661637
1536_ile-de-france,0.5311091,0.46889094
3848_central-asia,0.30021268,0.6997873
30755_geowiki-landcover-2017,0.42758387,0.5724161
246_ile-de-france,0.5311089,0.46889105
28869_geowiki-landcover-2017,0.531109,0.46889105
24483_geowiki-landcover-2017,0.3941222,0.60587776
1996_geowiki-landcover-2017,0.51849306,0.48150694
19_tanzania-rice-ecaas,0.63585705,0.36414295
1531_germany,0.5311088,0.4688912
565_rwanda-ceo,0.75250804,0.247492
990_tanzania-ceo,0.5352212,0.4647788
3238_ile-de-france,0.300205,0.699795
623_ethiopia,0.6358558,0.36414418
4054_central-asia,0.39412418,0.60587585
18036_geowiki-landcover-2017,0.30020532,0.69979465
7923_geowiki-landcover-2017,0.5311105,0.46888945
695_reunion-france,0.7525068,0.24749322
3981_central-asia,0.531109,0.46889105
606_martinique-france,0.65211815,0.34788188
435_ethiopia,0.6427925,0.35720745
3470_canada,0.42758396,0.572416
31375_geowiki-landcover-2017,0.30020624,0.6997938
9676_geowiki-landcover-2017,0.51846015,0.48153985
336_geowiki-landcover-2017,0.63585705,0.36414295
25552_geowiki-landcover-2017,0.64751923,0.35248074
1058_tanzania-ceo,0.65214145,0.34785852
388_rwanda-ceo,0.6475195,0.3524805
3684_canada,0.30020645,0.6997935
10192_croplands,0.5352202,0.4647798
115_sudan,0.30020767,0.6997923
9245_geowiki-landcover-2017,0.5133837,0.48661637
4868_ile-de-france,0.5311068,0.4688932
5486_geowiki-landcover-2017,0.53110904,0.468891
16529_geowiki-landcover-2017,0.7525082,0.24749173
440_martinique-france,0.7524832,0.24751683
10716_geowiki-landcover-2017,0.64751756,0.3524824
2519_kenya-non-crop,0.66724026,0.33275974
676_reunion-france,0.75250804,0.247492
6552_canada,0.53110874,0.4688912
12540_croplands,0.65213513,0.34786487
3358_ile-de-france,0.30020535,0.69979465
4333_canada,0.53110886,0.46889114
30079_geowiki-landcover-2017,0.5184812,0.4815188
1863_kenya-non-crop,0.7525077,0.24749236
35849_geowiki-landcover-2017,0.30020505,0.69979495
33280_geowiki-landcover-2017,0.30020624,0.69979376
4913_central-asia,0.30020487,0.6997951
995_mali-helmets-labelling-crops,0.30020502,0.699795
5034_canada,0.30020487,0.6997951
275_canada,0.42758352,0.5724165
1791_rwanda-ceo,0.5138019,0.48619816
1445_rwanda-ceo,0.7525072,0.2474928
9269_geowiki-landcover-2017,0.53110886,0.46889114
773_central-asia,0.3941242,0.6058758
5271_canada,0.4275678,0.5724322
33331_geowiki-landcover-2017,0.4275859,0.57241416
1455_croplands,0.39412415,0.60587585
14414_geowiki-landcover-2017,0.531109,0.468891
870_tanzania-ceo,0.6672367,0.33276328
6538_canada,0.39411506,0.60588497
2150_croplands,0.4152167,0.58478326
480_germany,0.30020493,0.699795
3011_ile-de-france,0.30020502,0.699795
4207_geowiki-landcover-2017,0.54781395,0.45218605
298_ile-de-france,0.5311091,0.46889094
720_tanzania-rice-ecaas,0.6358568,0.3641432
1642_tanzania-ceo,0.5528451,0.44715482
6292_canada,0.30020505,0.6997949
5296_canada,0.30020493,0.69979507
16696_geowiki-landcover-2017,0.5528403,0.44715974
1039_croplands,0.3002049,0.69979507
151_tanzania-rice-ecaas,0.635857,0.36414307
571_ile-de-france,0.30020502,0.699795
11086_geowiki-landcover-2017,0.4152163,0.58478373
2265_germany,0.300205,0.699795
5230_central-asia,0.4102902,0.58970976
30015_geowiki-landcover-2017,0.63584787,0.36415213
110_ethiopia,0.4102976,0.58970237
5508_canada,0.3941241,0.6058759
5256_geowiki-landcover-2017,0.4276115,0.57238847
1757_central-asia,0.300205,0.699795
13073_geowiki-landcover-2017,0.7524996,0.24750037
1148_kenya-non-crop,0.7525079,0.24749205
17310_geowiki-landcover-2017,0.42758387,0.5724161
3508_rwanda-ceo,0.6672386,0.33276135
15320_geowiki-landcover-2017,0.6672055,0.3327945
434_mali-helmets-labelling-crops,0.42758307,0.5724169
2436_rwanda-ceo,0.63585705,0.36414292
2112_geowiki-landcover-2017,0.55284303,0.44715694
1602_martinique-france,0.652129,0.347871
33199_geowiki-landcover-2017,0.30020496,0.699795
23040_geowiki-landcover-2017,0.5133857,0.48661426
1046_geowiki-landcover-2017,0.65214396,0.34785604
12587_geowiki-landcover-2017,0.42758387,0.5724161
1494_kenya-non-crop,0.75250375,0.24749619
1266_geowiki-landcover-2017,0.75250816,0.24749187
7276_geowiki-landcover-2017,0.39412406,0.6058759
753_central-asia,0.30020514,0.6997949
5789_geowiki-landcover-2017,0.5478133,0.45218673
6096_geowiki-landcover-2017,0.5311154,0.46888462
34386_geowiki-landcover-2017,0.42758378,0.57241625
6346_canada,0.42758211,0.5724179
4607_croplands,0.4100886,0.58991134
656_tanzania-ceo,0.7525063,0.24749368
10727_croplands,0.54009783,0.45990223
6694_canada,0.3002095,0.6997905
5195_geowiki-landcover-2017,0.54781127,0.45218873
6677_canada,0.42758378,0.5724162
60_germany,0.30020505,0.69979495
19577_geowiki-landcover-2017,0.5133834,0.48661655
673_martinique-france,0.4276023,0.57239765
24637_geowiki-landcover-2017,0.30020496,0.699795
3553_ile-de-france,0.300205,0.699795
1087_croplands,0.5528424,0.44715762
32_togo,0.30020648,0.6997935
4512_canada,0.3002055,0.6997945
4424_ile-de-france,0.30020526,0.69979477
2474_germany,0.30020493,0.699795
1869_reunion-france,0.7516916,0.24830842
2547_kenya-non-crop,0.7525043,0.24749567
253_mali-helmets-labelling-crops,0.300205,0.699795
1842_canada,0.30020633,0.69979364
17906_geowiki-landcover-2017,0.5311091,0.46889094
2881_central-asia,0.30020538,0.6997946
1336_rwanda-ceo,0.7525077,0.24749234
900_kenya-non-crop,0.6672378,0.33276218
1725_canada,0.30020505,0.69979495
558_tanzania-rice-ecaas,0.7525066,0.24749342
3796_ile-de-france,0.30020502,0.699795
386_croplands,0.30020493,0.699795
3514_rwanda-ceo,0.75250787,0.24749212
616_reunion-france,0.7525068,0.24749322
5070_ile-de-france,0.5311081,0.46889195
1339_kenya-non-crop,0.7524961,0.24750383
95_martinique-france,0.75248915,0.24751085
22720_geowiki-landcover-2017,0.6475182,0.3524818
4667_croplands,0.3002828,0.69971716
756_germany,0.531109,0.46889102
727_croplands,0.6521433,0.34785667
900_mali-helmets-labelling-crops,0.30020517,0.69979477
4391_central-asia,0.30020568,0.6997943
21007_geowiki-landcover-2017,0.42758325,0.5724167
10603_croplands,0.6358568,0.36414322
3404_rwanda-ceo,0.7525082,0.24749173
23704_geowiki-landcover-2017,0.5478141,0.4521859
478_croplands,0.30020806,0.69979197
2309_kenya-non-crop,0.6521657,0.3478343
1362_germany,0.30020538,0.6997946
1888_kenya-non-crop,0.5352204,0.4647796
3430_rwanda-ceo,0.6672384,0.33276156
3458_ile-de-france,0.30020493,0.699795
12550_croplands,0.6521428,0.34785718
1427_geowiki-landcover-2017,0.7525079,0.24749205
5270_canada,0.300205,0.699795
922_togo,0.55284226,0.44715777
17433_geowiki-landcover-2017,0.5133834,0.48661658
14327_geowiki-landcover-2017,0.64751905,0.35248092
1036_kenya-non-crop,0.7525076,0.2474924
1618_reunion-france,0.7525078,0.24749218
2285_ile-de-france,0.39412478,0.60587525
1411_germany,0.30020493,0.699795
3952_geowiki-landcover-2017,0.5478136,0.45218647
4716_croplands,0.5527858,0.44721413
28861_geowiki-landcover-2017,0.3002117,0.6997883
6380_geowiki-landcover-2017,0.54779065,0.45220935
1678_canada,0.30020505,0.69979495
2381_reunion-france,0.6672357,0.3327643
2759_ile-de-france,0.30020502,0.69979495
23838_geowiki-landcover-2017,0.3002049,0.69979507
1501_geowiki-landcover-2017,0.75250727,0.24749276
184_sudan,0.65214354,0.34785643
12454_croplands,0.41521624,0.5847838
2416_martinique-france,0.6521211,0.34787893
26708_geowiki-landcover-2017,0.300206,0.69979393
5229_canada,0.3002053,0.6997947
2623_canada,0.3002049,0.69979507
1738_germany,0.39412406,0.6058759
9960_croplands,0.5352342,0.4647658
4720_geowiki-landcover-2017,0.54781574,0.45218423
576_rwanda-ceo,0.63585734,0.3641427
982_germany,0.5311058,0.46889415
29204_geowiki-landcover-2017,0.39412457,0.60587543
20022_geowiki-landcover-2017,0.5478139,0.45218614
919_rwanda-ceo,0.6358572,0.36414278
97_reunion-france,0.7525078,0.24749222
29370_geowiki-landcover-2017,0.39412498,0.6058751
24984_geowiki-landcover-2017,0.30020574,0.6997943
3402_ile-de-france,0.3002058,0.6997942
12833_geowiki-landcover-2017,0.5528375,0.4471625
5887_canada,0.30020493,0.699795
4299_geowiki-landcover-2017,0.51338404,0.486616
17165_geowiki-landcover-2017,0.42758432,0.57241565
3873_central-asia,0.30020544,0.69979453
2162_rwanda-ceo,0.6672291,0.3327709
337_sudan,0.64751434,0.3524856
4246_ile-de-france,0.30020502,0.699795
10026_croplands,0.5352966,0.46470338
3191_ile-de-france,0.30020505,0.69979495
726_geowiki-landcover-2017,0.66841745,0.3315825
10653_croplands,0.63585716,0.36414286
1163_canada,0.42758363,0.57241637
5808_ile-de-france,0.30020505,0.69979495
3840_geowiki-landcover-2017,0.54781395,0.4521861
1390_reunion-france,0.6521438,0.34785625
2648_canada,0.30020493,0.69979507
2581_kenya-non-crop,0.5478143,0.45218566
13758_croplands,0.65312946,0.34687057
26783_geowiki-landcover-2017,0.5478132,0.45218682
1353_rwanda-ceo,0.7525077,0.24749236
24757_geowiki-landcover-2017,0.5133862,0.48661378
1603_martinique-france,0.64752185,0.35247815
1385_ile-de-france,0.5311092,0.4688908
768_rwanda-ceo,0.7524951,0.24750492
961_canada,0.300205,0.699795
24126_geowiki-landcover-2017,0.7524914,0.2475086
2740_geowiki-landcover-2017,0.42758292,0.5724171
2979_central-asia,0.30020517,0.6997948
22_kenya,0.5352199,0.4647801
19_brazil-non-crop,0.7525074,0.24749263
13493_geowiki-landcover-2017,0.5528427,0.44715732
1666_ile-de-france,0.30020493,0.699795
13696_geowiki-landcover-2017,0.7525078,0.24749218
23785_geowiki-landcover-2017,0.41521704,0.584783
6118_geowiki-landcover-2017,0.65214354,0.34785643
1924_canada,0.3002053,0.6997947
3264_canada,0.4275837,0.57241625
24863_geowiki-landcover-2017,0.53110886,0.46889114
2725_canada,0.30020505,0.6997949
9519_croplands,0.635854,0.36414602
728_kenya-non-crop,0.75250703,0.24749301
668_germany,0.30032086,0.6996791
1256_canada,0.30020493,0.69979507
1078_geowiki-landcover-2017,0.75247306,0.24752697
3803_canada,0.30020505,0.69979495
9_zimbabwe,0.6672381,0.33276182
8393_geowiki-landcover-2017,0.6521434,0.34785658
1467_central-asia,0.30020505,0.69979495
5543_ile-de-france,0.30020502,0.699795
140_mali-non-crop,0.30020532,0.69979465
19730_geowiki-landcover-2017,0.531109,0.46889105
4156_central-asia,0.3002055,0.6997945
350_reunion-france,0.7525064,0.2474936
63_central-asia,0.30020523,0.69979477
2389_central-asia,0.42758957,0.5724104
31922_geowiki-landcover-2017,0.5311113,0.46888864
5572_canada,0.39412403,0.60587597
12359_geowiki-landcover-2017,0.6475198,0.3524802
296_croplands,0.39412427,0.60587573
16224_geowiki-landcover-2017,0.65214354,0.34785643
2373_rwanda-ceo,0.6358573,0.36414278
33962_geowiki-landcover-2017,0.42758417,0.57241577
7813_canada,0.5310158,0.46898413
6156_ile-de-france,0.30020505,0.69979495
22511_geowiki-landcover-2017,0.54781395,0.45218605
86_kenya,0.667238,0.33276197
210_croplands,0.3002339,0.6997661
26483_geowiki-landcover-2017,0.30020538,0.6997946
20262_geowiki-landcover-2017,0.30020502,0.699795
6239_canada,0.30020493,0.69979507
875_canada,0.4275836,0.5724164
1498_rwanda-ceo,0.7525077,0.24749236
9561_geowiki-landcover-2017,0.5311089,0.46889105
16811_geowiki-landcover-2017,0.5311128,0.46888724
3044_central-asia,0.30020836,0.6997916
5235_canada,0.42757854,0.57242143
240_lem-brazil,0.7525069,0.24749306
1666_martinique-france,0.6360033,0.3639967
20210_geowiki-landcover-2017,0.54781246,0.45218757
770_ethiopia,0.5478139,0.45218614
2190_central-asia,0.30020523,0.69979477
2670_geowiki-landcover-2017,0.30020577,0.6997942
4435_canada,0.41521618,0.5847838
5354_canada,0.39412412,0.6058759
3262_rwanda-ceo,0.63585794,0.3641421
5012_central-asia,0.30020487,0.6997951
3947_canada,0.39412403,0.60587597
34595_geowiki-landcover-2017,0.300205,0.699795
1884_kenya-non-crop,0.74456334,0.2554367
843_reunion-france,0.63585687,0.36414313
462_tanzania-ceo,0.66723746,0.33276254
1610_canada,0.42758304,0.57241696
14328_geowiki-landcover-2017,0.41029063,0.5897094
5499_ile-de-france,0.3002053,0.6997947
3215_ile-de-france,0.5310969,0.46890312
108_kenya,0.6358568,0.36414322
2436_central-asia,0.42758414,0.5724159
2914_geowiki-landcover-2017,0.5528426,0.4471574
34648_geowiki-landcover-2017,0.30020502,0.699795
533_ethiopia,0.53026104,0.46973896
8002_geowiki-landcover-2017,0.44240627,0.5575937
1849_geowiki-landcover-2017,0.65213436,0.34786567
246_lem-brazil,0.7525048,0.24749514
366_lem-brazil,0.7525078,0.24749218
222_tanzania-ceo,0.63585657,0.3641434
14274_geowiki-landcover-2017,0.5478141,0.45218596
29817_geowiki-landcover-2017,0.65214384,0.34785616
101_mali-non-crop,0.3002274,0.6997726
1431_central-asia,0.30020493,0.699795
1179_canada,0.42756215,0.5724379
18479_geowiki-landcover-2017,0.3002154,0.69978464
162_kenya-non-crop,0.7524893,0.24751066
16_rwanda-ceo,0.51339006,0.4866099
9405_croplands,0.41521624,0.5847838
257_kenya,0.7525061,0.24749391
890_geowiki-landcover-2017,0.6672382,0.33276185
24943_geowiki-landcover-2017,0.30020502,0.699795
2354_martinique-france,0.7524807,0.24751936
138_tanzania-rice-ecaas,0.6358563,0.36414376
8505_geowiki-landcover-2017,0.6521415,0.34785846
2206_rwanda-ceo,0.75250804,0.24749196
3032_rwanda-ceo,0.6672712,0.33272874
16493_geowiki-landcover-2017,0.5184711,0.48152888
626_central-asia,0.3002051,0.6997949
718_togo,0.4152241,0.5847759
4358_canada,0.5311088,0.4688912
13526_croplands,0.41533744,0.5846626
35421_geowiki-landcover-2017,0.42758527,0.57241476
3619_central-asia,0.3002051,0.6997949
23474_geowiki-landcover-2017,0.4275864,0.5724136
18914_geowiki-landcover-2017,0.4275834,0.5724166
455_ile-de-france,0.30020505,0.69979495
2176_canada,0.30020502,0.699795
322_tanzania-ceo,0.75250787,0.24749209
256_tanzania,0.66723984,0.33276016
4781_ile-de-france,0.30020523,0.69979477
4742_ile-de-france,0.30020502,0.699795
1035_canada,0.4275843,0.5724157
1305_reunion-france,0.51846766,0.48153237
489_croplands,0.30020824,0.6997917
7309_canada,0.39412287,0.6058771
25880_geowiki-landcover-2017,0.54781395,0.45218602
14234_geowiki-landcover-2017,0.41521516,0.5847848
992_central-asia,0.53110546,0.4688945
22172_geowiki-landcover-2017,0.5478141,0.45218596
7244_geowiki-landcover-2017,0.6672341,0.33276588
7768_geowiki-landcover-2017,0.6521441,0.34785593
10812_croplands,0.41544476,0.58455527
1763_tanzania-ceo,0.6521439,0.34785607
14377_geowiki-landcover-2017,0.5478141,0.45218596
414_lem-brazil,0.63585657,0.36414337
3492_rwanda-ceo,0.75250524,0.24749477
7985_geowiki-landcover-2017,0.41029078,0.5897092
20406_geowiki-landcover-2017,0.5478125,0.45218745
33_togo,0.4276034,0.57239664
7550_geowiki-landcover-2017,0.41521662,0.5847834
4397_central-asia,0.30020556,0.6997944
2884_ile-de-france,0.5311085,0.46889147
173_germany,0.30020607,0.69979393
10081_croplands,0.535221,0.46477905
31768_geowiki-landcover-2017,0.3002051,0.6997949
1450_germany,0.5311087,0.46889132
1000_kenya-non-crop,0.6672404,0.33275962
102_croplands,0.415216,0.584784
1045_germany,0.53110886,0.46889117
1259_rwanda-ceo,0.5352212,0.46477878
2222_kenya-non-crop,0.66717374,0.3328263
544_rwanda-ceo,0.63588744,0.3641126
7376_geowiki-landcover-2017,0.30031204,0.69968796
419_togo,0.4152181,0.5847819
4508_croplands,0.39415756,0.6058424
1354_canada,0.30020505,0.69979495
33573_geowiki-landcover-2017,0.55284184,0.4471581
22219_geowiki-landcover-2017,0.30023104,0.69976896
15717_geowiki-landcover-2017,0.53110915,0.46889088
4135_ile-de-france,0.30020505,0.69979495
10671_geowiki-landcover-2017,0.54781365,0.45218632
3201_geowiki-landcover-2017,0.41016686,0.58983314
60_uganda,0.64752144,0.3524785
731_lem-brazil,0.75250703,0.24749304
3859_canada,0.3002051,0.6997949
886_geowiki-landcover-2017,0.6521436,0.3478564
3935_geowiki-landcover-2017,0.54781413,0.4521858
7201_geowiki-landcover-2017,0.3002049,0.69979507
2435_canada,0.42758355,0.5724164
24028_geowiki-landcover-2017,0.55284244,0.44715756
3174_canada,0.30020493,0.699795
4294_ile-de-france,0.5311091,0.46889088
980_tanzania-ceo,0.63585824,0.36414182
812_reunion-france,0.6521467,0.3478533
852_tanzania-ceo,0.75250775,0.24749227
29376_geowiki-landcover-2017,0.53110915,0.46889088
4405_ile-de-france,0.300205,0.699795
2296_central-asia,0.3002051,0.6997949
1524_germany,0.5311088,0.4688912
3806_geowiki-landcover-2017,0.6475187,0.3524813
10659_croplands,0.6672376,0.33276245
2206_reunion-france,0.6520961,0.3479039
22387_geowiki-landcover-2017,0.55284244,0.4471575
5402_ile-de-france,0.30020493,0.699795
142_tanzania-rice-ecaas,0.635857,0.36414307
1840_central-asia,0.4275826,0.57241744
30736_geowiki-landcover-2017,0.42758456,0.5724154
5510_geowiki-landcover-2017,0.7525081,0.24749191
4540_central-asia,0.30020553,0.6997945
76_sudan,0.5311445,0.46885556
1909_tanzania-ceo,0.75250727,0.24749272
18850_geowiki-landcover-2017,0.41029057,0.5897094
1044_mali-helmets-labelling-crops,0.4275832,0.5724168
1447_croplands,0.5132765,0.48672348
30839_geowiki-landcover-2017,0.42758402,0.572416
276_ile-de-france,0.531109,0.46889105
639_reunion-france,0.75250787,0.24749209
850_germany,0.4275833,0.57241666
2048_geowiki-landcover-2017,0.65214103,0.34785897
9747_geowiki-landcover-2017,0.53111094,0.46888912
12887_geowiki-landcover-2017,0.6475198,0.3524802
1494_canada,0.53109354,0.46890646
2060_kenya-non-crop,0.652144,0.34785596
684_canada,0.42758363,0.57241637
18869_geowiki-landcover-2017,0.5311118,0.46888816
1817_canada,0.3002055,0.6997945
1829_germany,0.5311089,0.4688911
1692_kenya-non-crop,0.75250816,0.24749182
2245_croplands,0.7525072,0.2474928
1962_geowiki-landcover-2017,0.64752346,0.35247654
2470_canada,0.30022243,0.69977754
1810_reunion-france,0.7525078,0.24749218
1047_togo,0.5311178,0.46888226
245_lem-brazil,0.7524741,0.24752589
1955_reunion-france,0.75250494,0.24749506
1235_germany,0.53110904,0.46889096
50_lem-brazil,0.66726786,0.33273214
3996_ile-de-france,0.30020532,0.69979465
14852_geowiki-landcover-2017,0.5311174,0.46888265
115_ethiopia,0.5133815,0.48661855
13551_geowiki-landcover-2017,0.6521439,0.34785613
10564_geowiki-landcover-2017,0.5133839,0.4866161
14048_croplands,0.5352205,0.46477953
10804_geowiki-landcover-2017,0.41030845,0.5896915
24524_geowiki-landcover-2017,0.3002048,0.6997951
559_tanzania-rice-ecaas,0.6358564,0.36414358
21616_geowiki-landcover-2017,0.53110856,0.4688914
953_germany,0.5311092,0.46889076
26753_geowiki-landcover-2017,0.54781425,0.4521858
373_ile-de-france,0.53110653,0.46889347
2112_croplands,0.53109795,0.46890208
1700_rwanda-ceo,0.63585734,0.3641427
743_ethiopia,0.54782,0.45218006
11754_croplands,0.6521438,0.34785625
27578_geowiki-landcover-2017,0.4275838,0.5724162
16574_geowiki-landcover-2017,0.5311328,0.46886712
5728_ile-de-france,0.30020502,0.699795
818_ile-de-france,0.30020502,0.69979495
1380_reunion-france,0.6521533,0.34784666
3403_rwanda-ceo,0.63587976,0.3641203
175_rwanda-ceo,0.4102917,0.58970827
277_ile-de-france,0.5311086,0.4688914
2030_ile-de-france,0.39412412,0.6058759
362_sudan,0.64751863,0.35248134
903_togo,0.42761892,0.5723811
17_mali-non-crop,0.5311085,0.46889147
12500_croplands,0.6521435,0.3478565
3102_central-asia,0.30020517,0.69979477
10502_croplands,0.5352203,0.4647797
55_togo,0.30020952,0.6997905
421_ile-de-france,0.30020502,0.699795
222_canada,0.4275842,0.57241577
4752_ile-de-france,0.39412478,0.60587525
275_tanzania,0.75250244,0.24749763
3198_canada,0.30020544,0.69979453
2093_ile-de-france,0.53110886,0.46889114
2708_rwanda-ceo,0.7525074,0.24749257
2481_kenya-non-crop,0.66723853,0.33276147
102_mali-helmets-labelling-crops,0.3941248,0.60587525
30513_geowiki-landcover-2017,0.64751846,0.3524815
1180_togo,0.55279976,0.4472002
1151_rwanda-ceo,0.7525079,0.24749207
2361_tanzania-ceo,0.75250787,0.24749213
21027_geowiki-landcover-2017,0.5311002,0.46889982
18298_geowiki-landcover-2017,0.42758018,0.57241976
36_tanzania-ceo,0.6672381,0.33276194
3149_geowiki-landcover-2017,0.42758206,0.572418
4043_central-asia,0.5310669,0.46893314
3264_ile-de-france,0.30020493,0.699795
19305_geowiki-landcover-2017,0.5311093,0.46889067
6249_geowiki-landcover-2017,0.53110653,0.46889347
23828_geowiki-landcover-2017,0.547814,0.45218596
2285_canada,0.42759514,0.57240486
1980_kenya-non-crop,0.65214473,0.34785527
2095_ile-de-france,0.531109,0.46889102
4799_canada,0.30020493,0.69979507
15461_geowiki-landcover-2017,0.42758393,0.572416
842_ile-de-france,0.30020493,0.699795
8839_croplands,0.5352201,0.46477997
7471_geowiki-landcover-2017,0.66723835,0.33276165
383_sudan,0.6521445,0.3478555
29007_geowiki-landcover-2017,0.6475196,0.3524804
21018_geowiki-landcover-2017,0.54781306,0.45218688
32200_geowiki-landcover-2017,0.42758378,0.57241625
19099_geowiki-landcover-2017,0.5478137,0.4521863
2199_canada,0.42758256,0.57241744
12593_croplands,0.6521428,0.34785715
6173_ile-de-france,0.30020502,0.699795
3502_geowiki-landcover-2017,0.6475187,0.3524813
31080_geowiki-landcover-2017,0.42758346,0.57241654
4327_canada,0.42758176,0.5724183
29326_geowiki-landcover-2017,0.42758456,0.5724154
4803_central-asia,0.3002049,0.69979507
30914_geowiki-landcover-2017,0.30020493,0.699795
32444_geowiki-landcover-2017,0.39411983,0.60588014
22503_geowiki-landcover-2017,0.410291,0.589709
5124_central-asia,0.3002059,0.69979405
10423_geowiki-landcover-2017,0.51338106,0.48661894
16396_geowiki-landcover-2017,0.6672375,0.33276248
3560_central-asia,0.3002105,0.6997895
1301_germany,0.3002049,0.69979507
5179_canada,0.30020505,0.69979495
4867_central-asia,0.30020487,0.6997951
12098_geowiki-landcover-2017,0.65213317,0.34786686
3079_canada,0.4275841,0.5724159
15836_geowiki-landcover-2017,0.54781085,0.45218918
2336_central-asia,0.5311092,0.4688908
4831_central-asia,0.42758343,0.57241654
25856_geowiki-landcover-2017,0.6475195,0.35248044
28909_geowiki-landcover-2017,0.53110874,0.46889123
2403_ile-de-france,0.3002051,0.6997949
2153_rwanda-ceo,0.7525082,0.24749178
18035_geowiki-landcover-2017,0.7520128,0.24798715
5355_canada,0.4275837,0.57241637
10401_geowiki-landcover-2017,0.5311087,0.4688913
7287_geowiki-landcover-2017,0.30020776,0.6997922
584_geowiki-landcover-2017,0.5352201,0.46477988
3678_geowiki-landcover-2017,0.5528366,0.4471634
31341_geowiki-landcover-2017,0.55284244,0.4471576
5270_ile-de-france,0.39412287,0.60587716
330_ile-de-france,0.39412767,0.60587233
2551_reunion-france,0.65214217,0.34785777
7277_geowiki-landcover-2017,0.53110886,0.46889114
513_lem-brazil,0.5352205,0.4647795
22653_geowiki-landcover-2017,0.6521435,0.34785646
35455_geowiki-landcover-2017,0.51848793,0.48151204
166_tanzania-ceo,0.75250757,0.24749248
5274_canada,0.4275836,0.5724164
14721_croplands,0.6521438,0.34785625
5394_ile-de-france,0.30020493,0.699795
2344_germany,0.5311089,0.46889105
2871_croplands,0.63585657,0.36414346
7562_geowiki-landcover-2017,0.5478119,0.45218804
1979_tanzania-ceo,0.6672367,0.33276334
737_ile-de-france,0.39412406,0.6058759
1688_germany,0.3002053,0.6997947
20063_geowiki-landcover-2017,0.65214336,0.34785664
4766_geowiki-landcover-2017,0.5528429,0.4471571
5949_canada,0.42807698,0.571923
885_reunion-france,0.75250787,0.24749209
230_kenya,0.7525079,0.24749205
30788_geowiki-landcover-2017,0.42758468,0.5724153
4553_ile-de-france,0.300205,0.699795
912_mali-helmets-labelling-crops,0.30020493,0.69979507
33748_geowiki-landcover-2017,0.53110886,0.46889114
4994_canada,0.30020502,0.69979495
672_germany,0.53101116,0.46898884
251_kenya-non-crop,0.75250775,0.24749227
643_ethiopia,0.64308214,0.3569178
500_togo,0.41521582,0.58478415
2548_germany,0.531109,0.468891
7451_canada,0.4275837,0.57241637
21627_geowiki-landcover-2017,0.6475198,0.3524802
3699_geowiki-landcover-2017,0.3003218,0.69967824
7183_canada,0.30020517,0.69979477
13947_geowiki-landcover-2017,0.54780966,0.45219037
5327_canada,0.53110445,0.46889558
289_martinique-france,0.5184496,0.48155037
18104_geowiki-landcover-2017,0.64751977,0.3524802
1427_ile-de-france,0.300205,0.699795
31820_geowiki-landcover-2017,0.5311095,0.46889046
2965_ile-de-france,0.30020505,0.69979495
2727_rwanda-ceo,0.7525077,0.24749231
196_kenya-non-crop,0.5352203,0.46477962
10086_croplands,0.5352202,0.4647798
5008_canada,0.30020493,0.69979507
3070_ile-de-france,0.5311089,0.46889114
22223_geowiki-landcover-2017,0.42758518,0.57241476
17661_geowiki-landcover-2017,0.5478147,0.45218524
12441_croplands,0.65214115,0.34785888
3023_geowiki-landcover-2017,0.531325,0.468675
1836_geowiki-landcover-2017,0.5478109,0.4521891
4991_canada,0.30020493,0.699795
2897_central-asia,0.30020505,0.69979495
87_ile-de-france,0.39411622,0.60588384
1393_canada,0.30020502,0.699795
4791_central-asia,0.30020487,0.6997951
5842_ile-de-france,0.53110707,0.46889296
7817_canada,0.53110474,0.46889523
385_tanzania-ceo,0.6672388,0.33276123
28886_geowiki-landcover-2017,0.5310275,0.46897256
865_germany,0.42758363,0.57241637
9621_geowiki-landcover-2017,0.6672403,0.33275965
10649_croplands,0.63585705,0.36414298
2951_rwanda-ceo,0.6672384,0.3327616
1991_geowiki-landcover-2017,0.5151038,0.4848962
2205_kenya-non-crop,0.65214854,0.34785149
25661_geowiki-landcover-2017,0.54780906,0.45219097
9049_geowiki-landcover-2017,0.54781395,0.45218605
120_germany,0.3002108,0.69978917
23059_geowiki-landcover-2017,0.6358472,0.36415282
2990_geowiki-landcover-2017,0.3002175,0.69978255
4075_central-asia,0.3941957,0.6058043
2836_geowiki-landcover-2017,0.51336956,0.48663044
3921_geowiki-landcover-2017,0.54781413,0.45218584
1139_central-asia,0.30020514,0.6997949
586_kenya-non-crop,0.7525074,0.24749254
1475_martinique-france,0.5311159,0.46888408
166_sudan,0.54298544,0.45701453
151_reunion-france,0.7525063,0.24749367
20442_geowiki-landcover-2017,0.42758378,0.57241625
941_kenya-non-crop,0.6672414,0.33275867
564_ethiopia,0.41029114,0.5897089
247_rwanda-ceo,0.5352222,0.46477786
4441_geowiki-landcover-2017,0.41029063,0.58970934
2043_kenya-non-crop,0.6521443,0.34785572
5605_ile-de-france,0.3941254,0.6058746
331_reunion-france,0.7525075,0.24749249
387_ethiopia,0.64751977,0.35248026
3936_canada,0.300205,0.699795
11651_croplands,0.652143,0.34785697
982_canada,0.3002049,0.69979507
252_tanzania-ceo,0.75250775,0.24749227
4464_ile-de-france,0.30020595,0.69979405
680_mali-helmets-labelling-crops,0.30020568,0.6997943
2843_central-asia,0.30020556,0.6997944
16461_geowiki-landcover-2017,0.64748526,0.35251477
3761_central-asia,0.3002051,0.6997949
1042_mali-helmets-labelling-crops,0.30020753,0.69979244
5299_geowiki-landcover-2017,0.55283606,0.44716397
3286_rwanda-ceo,0.75250757,0.24749245
2693_canada,0.30020496,0.699795
4543_central-asia,0.30020547,0.69979453
19219_geowiki-landcover-2017,0.30020505,0.69979495
2336_ile-de-france,0.30020502,0.699795
16588_geowiki-landcover-2017,0.667238,0.332762
279_togo,0.30020726,0.6997928
25807_geowiki-landcover-2017,0.54781395,0.45218602
28019_geowiki-landcover-2017,0.64752,0.35248
5511_geowiki-landcover-2017,0.5133839,0.48661608
18972_geowiki-landcover-2017,0.4275843,0.5724157
6773_croplands,0.63585335,0.36414665
3598_canada,0.30020493,0.69979507
98_canada,0.4275836,0.5724164
411_tanzania-ceo,0.5528427,0.4471573
2250_central-asia,0.39412376,0.60587627
314_central-asia,0.30020526,0.69979477
9097_geowiki-landcover-2017,0.5184578,0.48154223
1813_reunion-france,0.6358572,0.36414278
9165_geowiki-landcover-2017,0.42762494,0.57237506
1480_martinique-france,0.5184463,0.48155367
25122_geowiki-landcover-2017,0.5528424,0.4471576
960_geowiki-landcover-2017,0.75250804,0.247492
14764_geowiki-landcover-2017,0.652144,0.34785601
4986_central-asia,0.30020487,0.6997951
616_germany,0.30020502,0.699795
9512_geowiki-landcover-2017,0.54779047,0.4522095
62_martinique-france,0.65222967,0.34777033
882_geowiki-landcover-2017,0.75250804,0.247492
4174_ile-de-france,0.5311084,0.4688916
31747_geowiki-landcover-2017,0.30020493,0.699795
9455_croplands,0.55284065,0.4471594
861_croplands,0.30020523,0.69979477
1693_ile-de-france,0.30020556,0.6997944
1334_mali-helmets-labelling-crops,0.30020502,0.699795
19677_geowiki-landcover-2017,0.5528416,0.44715846
33307_geowiki-landcover-2017,0.55284274,0.44715723
926_geowiki-landcover-2017,0.5352204,0.46477962
4216_geowiki-landcover-2017,0.6475198,0.3524801
5038_central-asia,0.30020484,0.6997951
1448_central-asia,0.3002051,0.6997949
22567_geowiki-landcover-2017,0.5478141,0.45218596
2739_central-asia,0.30020562,0.69979435
3005_canada,0.42758495,0.5724151
26782_geowiki-landcover-2017,0.54781085,0.45218912
1322_mali-helmets-labelling-crops,0.30020493,0.699795
7466_croplands,0.41521695,0.5847831
1502_mali-helmets-labelling-crops,0.30020517,0.6997948
32205_geowiki-landcover-2017,0.531109,0.46889105
2013_rwanda-ceo,0.66723806,0.33276194
4254_central-asia,0.4102865,0.58971345
18076_geowiki-landcover-2017,0.41029048,0.5897096
4529_geowiki-landcover-2017,0.53110874,0.46889126
31726_geowiki-landcover-2017,0.55284274,0.44715723
3729_central-asia,0.30020514,0.6997948
4742_canada,0.3002049,0.69979507
961_central-asia,0.3941255,0.60587454
34409_geowiki-landcover-2017,0.5352069,0.4647931
32897_geowiki-landcover-2017,0.6474666,0.35253343
26988_geowiki-landcover-2017,0.54781395,0.45218602
1761_central-asia,0.30020493,0.69979507
101_reunion-france,0.75250703,0.24749304
1602_central-asia,0.3002053,0.6997947
31983_geowiki-landcover-2017,0.5305402,0.46945974
9649_geowiki-landcover-2017,0.547817,0.45218298
8639_geowiki-landcover-2017,0.65214485,0.3478552
517_togo,0.3002108,0.69978917
1899_tanzania-ceo,0.7525073,0.24749267
17088_geowiki-landcover-2017,0.75250727,0.24749276
4474_canada,0.3002049,0.69979507
4177_canada,0.42758322,0.5724168
4767_geowiki-landcover-2017,0.5528426,0.44715738
1264_geowiki-landcover-2017,0.75250775,0.24749227
3499_croplands,0.6521386,0.3478614
2006_ile-de-france,0.3002067,0.69979334
1390_germany,0.30020505,0.69979495
7492_geowiki-landcover-2017,0.6672381,0.33276188
1494_mali-helmets-labelling-crops,0.30020517,0.69979477
2270_reunion-france,0.75250787,0.24749209
17065_geowiki-landcover-2017,0.42763183,0.57236814
3548_geowiki-landcover-2017,0.53111494,0.468885
3900_ile-de-france,0.39412358,0.6058764
5039_canada,0.3002049,0.6997951
3959_canada,0.30020773,0.6997922
221_canada,0.42758402,0.572416
116_ethiopia,0.51337916,0.4866208
692_tanzania-ceo,0.75250614,0.24749386
27129_geowiki-landcover-2017,0.6475194,0.3524806
94_lem-brazil,0.6358573,0.3641427
5914_canada,0.3002049,0.69979507
964_ile-de-france,0.5311088,0.4688912
929_germany,0.42758402,0.572416
660_geowiki-landcover-2017,0.6672383,0.3327617
2098_croplands,0.53361493,0.46638504
2077_kenya-non-crop,0.51845914,0.4815409
252_mali-helmets-labelling-crops,0.30020505,0.69979495
332_germany,0.5311089,0.4688911
169_rwanda-ceo,0.63589853,0.36410144
138_rwanda-ceo,0.6358584,0.36414155
1561_tanzania-ceo,0.652142,0.34785798
7266_canada,0.30020493,0.69979507
1174_mali-helmets-labelling-crops,0.30020514,0.6997949
252_ile-de-france,0.53110904,0.46889096
4771_ile-de-france,0.30020496,0.699795
776_croplands,0.5311089,0.46889114
23554_geowiki-landcover-2017,0.53111,0.46889
763_kenya-non-crop,0.5352198,0.46478024
4013_geowiki-landcover-2017,0.5478139,0.4521861
782_ethiopia,0.5351648,0.46483526
2138_ile-de-france,0.5311087,0.4688913
28725_geowiki-landcover-2017,0.42758432,0.5724157
1516_rwanda-ceo,0.63585716,0.36414286
820_ile-de-france,0.300205,0.699795
5784_canada,0.30020496,0.699795
5510_canada,0.39412406,0.6058759
1209_kenya-non-crop,0.7525058,0.24749416
4556_croplands,0.3002139,0.69978607
1977_martinique-france,0.5528178,0.44718218
1014_reunion-france,0.51845914,0.4815409
4149_ile-de-france,0.3941244,0.6058756
553_ile-de-france,0.5311091,0.46889088
25519_geowiki-landcover-2017,0.5133837,0.4866163
270_tanzania,0.6358577,0.3641423
14688_geowiki-landcover-2017,0.75250787,0.24749209
3186_ile-de-france,0.39412525,0.6058747
7743_geowiki-landcover-2017,0.6475197,0.3524803
7503_canada,0.42758366,0.57241637
356_rwanda-ceo,0.63585716,0.36414284
7383_geowiki-landcover-2017,0.5478157,0.45218438
4166_central-asia,0.3002076,0.6997923
3124_canada,0.3002051,0.6997949
10230_geowiki-landcover-2017,0.30020845,0.6997915
2261_kenya-non-crop,0.6521641,0.3478359
23065_geowiki-landcover-2017,0.6521424,0.34785762
9937_geowiki-landcover-2017,0.55284363,0.44715643
520_mali-helmets-labelling-crops,0.30020532,0.69979465
425_ile-de-france,0.427583,0.57241696
3717_ile-de-france,0.3941199,0.60588014
262_togo,0.41521418,0.5847858
33679_geowiki-landcover-2017,0.42758387,0.5724161
3099_central-asia,0.42758447,0.57241553
2937_central-asia,0.3002051,0.6997949
3327_rwanda-ceo,0.53522104,0.46477893
34176_geowiki-landcover-2017,0.30020854,0.69979143
32774_geowiki-landcover-2017,0.51845866,0.48154134
2827_ile-de-france,0.42758408,0.57241595
5968_ile-de-france,0.53110886,0.46889114
2381_tanzania-ceo,0.6672383,0.3327617
4664_croplands,0.41030368,0.5896963
3041_ile-de-france,0.300205,0.699795
22445_geowiki-landcover-2017,0.6521412,0.3478588
2988_ile-de-france,0.30020502,0.699795
21418_geowiki-landcover-2017,0.42758396,0.572416
4031_ile-de-france,0.30020505,0.69979495
2433_canada,0.4275837,0.57241625
3943_canada,0.39412385,0.6058761
12613_croplands,0.6521438,0.34785625
1860_central-asia,0.30020493,0.699795
4914_canada,0.30020493,0.69979507
2139_tanzania-ceo,0.6672387,0.33276132
17962_geowiki-landcover-2017,0.64751977,0.3524803
197_togo,0.42758808,0.5724119
8518_geowiki-landcover-2017,0.30020514,0.6997948
1116_martinique-france,0.6358361,0.36416385
25878_geowiki-landcover-2017,0.51338375,0.48661625
26413_geowiki-landcover-2017,0.41027987,0.58972013
184_lem-brazil,0.66723955,0.33276045
13542_geowiki-landcover-2017,0.66724,0.33275998
12827_croplands,0.4275976,0.5724024
10721_geowiki-landcover-2017,0.5311091,0.46889088
19076_geowiki-landcover-2017,0.39411554,0.6058845
2050_tanzania-ceo,0.6672387,0.3327613
4819_central-asia,0.30020493,0.69979507
16507_geowiki-landcover-2017,0.5783439,0.4216561
176_sudan,0.41521615,0.58478385
3856_geowiki-landcover-2017,0.531109,0.468891
1652_kenya-non-crop,0.75250787,0.24749212
383_tanzania,0.6672381,0.33276188
1908_geowiki-landcover-2017,0.5528432,0.4471568
5270_geowiki-landcover-2017,0.30020487,0.6997951
3498_rwanda-ceo,0.75250673,0.24749328
7067_canada,0.30020505,0.69979495
3279_geowiki-landcover-2017,0.30183807,0.6981619
310_tanzania,0.5352211,0.4647789
2851_central-asia,0.3002059,0.69979405
1635_martinique-france,0.6358484,0.36415166
1396_canada,0.30020502,0.699795
6419_canada,0.5311087,0.46889126
156_kenya-non-crop,0.64757794,0.35242203
27008_geowiki-landcover-2017,0.55284435,0.44715562
5813_geowiki-landcover-2017,0.7525002,0.24749984
10829_geowiki-landcover-2017,0.41029057,0.5897094
8840_croplands,0.6672865,0.3327135
3982_ile-de-france,0.30020538,0.6997946
878_martinique-france,0.6521275,0.34787256
24488_geowiki-landcover-2017,0.64751863,0.3524814
642_togo,0.6521427,0.34785736
3013_rwanda-ceo,0.6672395,0.33276048
85_tanzania,0.6358573,0.3641427
29918_geowiki-landcover-2017,0.42758426,0.57241577
19842_geowiki-landcover-2017,0.42758378,0.57241625
924_croplands,0.30020538,0.6997946
4872_ile-de-france,0.3002053,0.6997947
488_tanzania-rice-ecaas,0.6672378,0.33276218
13095_geowiki-landcover-2017,0.53110886,0.46889114
1917_germany,0.30020502,0.699795
542_togo,0.41521823,0.58478177
29_croplands,0.4152177,0.58478224
2222_rwanda-ceo,0.7525074,0.24749263
2247_geowiki-landcover-2017,0.652143,0.34785697
3274_rwanda-ceo,0.75241196,0.24758801
21667_geowiki-landcover-2017,0.54781365,0.45218635
4426_croplands,0.42764324,0.57235676
21356_geowiki-landcover-2017,0.42758426,0.57241577
4304_geowiki-landcover-2017,0.39412656,0.60587347
812_ethiopia,0.51845837,0.48154157
14954_croplands,0.5311092,0.46889076
2171_central-asia,0.30020556,0.6997944
10158_croplands,0.5352368,0.46476322
1911_germany,0.5311091,0.46889094
21375_geowiki-landcover-2017,0.4275833,0.57241666
33523_geowiki-landcover-2017,0.5528429,0.4471571
5672_ile-de-france,0.3941242,0.60587573
3103_central-asia,0.30020523,0.69979477
12981_geowiki-landcover-2017,0.5528428,0.44715714
3590_rwanda-ceo,0.6672384,0.33276156
1244_tanzania-ceo,0.75250715,0.24749285
32096_geowiki-landcover-2017,0.6521436,0.3478564
1887_reunion-france,0.7525058,0.24749424
5874_ile-de-france,0.30020505,0.69979495
1490_mali-helmets-labelling-crops,0.42758334,0.57241666
5895_geowiki-landcover-2017,0.7523254,0.2476746
1777_ile-de-france,0.39412358,0.60587645
531_kenya-non-crop,0.7525077,0.24749236
1104_reunion-france,0.5352229,0.46477717
1334_germany,0.4275838,0.5724162
31503_geowiki-landcover-2017,0.5311079,0.46889213
13144_geowiki-landcover-2017,0.5528432,0.4471568
248_lem-brazil,0.6358567,0.36414334
1044_togo,0.518455,0.48154497
1651_canada,0.30029365,0.6997064
7174_canada,0.30020484,0.6997951
10699_croplands,0.535221,0.46477908
4371_croplands,0.40986732,0.59013265
36_geowiki-landcover-2017,0.6521434,0.34785658
5210_ile-de-france,0.30020505,0.69979495
1073_rwanda-ceo,0.7525078,0.24749222
4483_canada,0.3002049,0.6997951
133_germany,0.53110814,0.4688919
1125_canada,0.300223,0.699777
14_rwanda-ceo,0.5134136,0.4865864
11220_geowiki-landcover-2017,0.552843,0.447157
23054_geowiki-landcover-2017,0.6521435,0.34785655
24277_geowiki-landcover-2017,0.39412516,0.6058749
1094_canada,0.3002051,0.6997949
1882_rwanda-ceo,0.6672387,0.33276132
29645_geowiki-landcover-2017,0.6521413,0.34785873
3044_rwanda-ceo,0.75249374,0.2475063
394_kenya-non-crop,0.7525078,0.24749222
3359_rwanda-ceo,0.7525082,0.24749178
7346_canada,0.42705563,0.57294434
670_tanzania-ceo,0.63585705,0.36414295
5197_central-asia,0.4275834,0.57241654
2058_central-asia,0.3002102,0.6997898
8020_geowiki-landcover-2017,0.39413303,0.605867
421_martinique-france,0.6521219,0.34787813
7612_canada,0.30033812,0.69966185
1495_croplands,0.39412516,0.6058748
31487_geowiki-landcover-2017,0.30020493,0.69979507
1850_canada,0.30020517,0.6997948
33359_geowiki-landcover-2017,0.6453085,0.35469154
3963_ile-de-france,0.39412543,0.60587454
989_croplands,0.5478139,0.4521861
3046_rwanda-ceo,0.75250787,0.24749209
175_sudan,0.4152159,0.5847841
1097_ile-de-france,0.53110737,0.4688927
708_tanzania-ceo,0.75250804,0.24749199
14782_geowiki-landcover-2017,0.5528585,0.44714156
33495_geowiki-landcover-2017,0.5133848,0.48661518
27803_geowiki-landcover-2017,0.5311091,0.46889094
17535_geowiki-landcover-2017,0.41521606,0.5847839
12_ile-de-france,0.3941241,0.6058759
26991_geowiki-landcover-2017,0.5478132,0.45218682
315_lem-brazil,0.5352203,0.46477968
391_germany,0.531109,0.468891
659_tanzania-rice-ecaas,0.63585687,0.36414313
18631_geowiki-landcover-2017,0.75238574,0.24761425
1713_geowiki-landcover-2017,0.6475196,0.3524804
12591_croplands,0.65214187,0.34785816
12481_croplands,0.6521427,0.34785736
954_togo,0.5528323,0.44716772
2401_kenya-non-crop,0.65230983,0.3476902
4240_geowiki-landcover-2017,0.54781336,0.45218667
1426_germany,0.53111124,0.46888873
1209_central-asia,0.42758295,0.572417
13255_geowiki-landcover-2017,0.5528428,0.44715714
1836_reunion-france,0.5184593,0.48154068
1378_canada,0.3002052,0.69979477
699_tanzania-rice-ecaas,0.53522027,0.46477976
13809_croplands,0.6358569,0.36414307
127_ethiopia,0.51337695,0.48662308
13799_croplands,0.5352347,0.46476534
7658_canada,0.4275822,0.5724178
13997_geowiki-landcover-2017,0.42758375,0.57241625
27267_geowiki-landcover-2017,0.6521431,0.34785694
19685_geowiki-landcover-2017,0.5528429,0.44715714
1203_geowiki-landcover-2017,0.41521648,0.58478355
844_kenya-non-crop,0.7525077,0.24749231
3877_geowiki-landcover-2017,0.5133843,0.48661575
2747_central-asia,0.39410537,0.6058946
164_tanzania-rice-ecaas,0.63585687,0.36414316
34057_geowiki-landcover-2017,0.4275828,0.5724172
10184_croplands,0.53522015,0.46477988
3105_geowiki-landcover-2017,0.42758507,0.57241493
3651_canada,0.394122,0.60587794
3589_croplands,0.75250673,0.24749327
435_ile-de-france,0.300205,0.699795
1714_martinique-france,0.7524853,0.24751472
32070_geowiki-landcover-2017,0.3941233,0.60587674
2180_tanzania-ceo,0.7525077,0.2474923
28_sudan,0.64749646,0.35250357
1426_rwanda-ceo,0.75250715,0.24749288
408_sudan,0.3002129,0.6997871
824_croplands,0.4275798,0.5724202
1754_germany,0.30020496,0.699795
1041_mali-helmets-labelling-crops,0.30020532,0.69979465
646_tanzania-rice-ecaas,0.53522056,0.4647794
25001_geowiki-landcover-2017,0.5478136,0.45218638
4362_ile-de-france,0.39412603,0.60587394
2719_ile-de-france,0.53110856,0.46889147
22305_geowiki-landcover-2017,0.54781395,0.4521861
6111_geowiki-landcover-2017,0.64752084,0.3524792
469_tanzania-rice-ecaas,0.667238,0.33276203
426_tanzania-rice-ecaas,0.75250727,0.24749276
1898_tanzania-ceo,0.65214384,0.3478562
2414_ile-de-france,0.3002051,0.6997949
24009_geowiki-landcover-2017,0.30027828,0.69972175
1776_tanzania-ceo,0.7523594,0.2476406
7333_canada,0.39374584,0.60625416
824_tanzania-ceo,0.5528414,0.44715858
21169_geowiki-landcover-2017,0.5133839,0.48661605
23548_geowiki-landcover-2017,0.41028973,0.58971024
7583_geowiki-landcover-2017,0.5311095,0.4688905
11232_geowiki-landcover-2017,0.63590074,0.3640993
574_mali-helmets-labelling-crops,0.30020568,0.6997943
2105_martinique-france,0.7524822,0.2475178
2371_canada,0.42758277,0.5724172
2323_geowiki-landcover-2017,0.6358564,0.3641436
441_tanzania-rice-ecaas,0.63585734,0.36414263
25199_geowiki-landcover-2017,0.6521408,0.34785926
3482_rwanda-ceo,0.5133854,0.4866146
11288_geowiki-landcover-2017,0.55284274,0.44715726
3717_canada,0.30020493,0.69979507
29825_geowiki-landcover-2017,0.30021054,0.6997894
4359_central-asia,0.3002063,0.69979376
2100_central-asia,0.3002051,0.6997949
35773_geowiki-landcover-2017,0.5311087,0.46889126
22927_geowiki-landcover-2017,0.7525075,0.24749249
32292_geowiki-landcover-2017,0.30020493,0.699795
9970_geowiki-landcover-2017,0.66723764,0.33276233
388_tanzania,0.75250703,0.24749294
1200_geowiki-landcover-2017,0.635851,0.36414894
7484_geowiki-landcover-2017,0.66723573,0.33276427
5815_canada,0.30020493,0.699795
13661_croplands,0.53521866,0.46478134
3828_geowiki-landcover-2017,0.53110856,0.46889144
4335_croplands,0.41505525,0.5849448
35498_geowiki-landcover-2017,0.4275835,0.5724165
28941_geowiki-landcover-2017,0.4275858,0.5724142
14089_croplands,0.6358564,0.36414364
2297_kenya-non-crop,0.6521692,0.3478308
5298_ile-de-france,0.30020502,0.69979495
1325_geowiki-landcover-2017,0.7525078,0.24749218
1216_croplands,0.300205,0.699795
2928_rwanda-ceo,0.75250727,0.2474927
3621_ile-de-france,0.5311055,0.46889445
407_togo,0.30020797,0.699792
3305_ile-de-france,0.30020493,0.699795
653_ile-de-france,0.3002051,0.6997949
2077_geowiki-landcover-2017,0.6475191,0.3524809
2910_rwanda-ceo,0.75250757,0.24749245
1794_tanzania-ceo,0.6521426,0.34785742
619_central-asia,0.39412397,0.605876
7316_canada,0.3002049,0.69979507
12294_geowiki-landcover-2017,0.42758393,0.572416
1337_germany,0.30020517,0.69979477
698_martinique-france,0.39427644,0.6057235
9461_geowiki-landcover-2017,0.30020502,0.699795
4305_geowiki-landcover-2017,0.547814,0.45218602
2290_rwanda-ceo,0.6358572,0.36414278
1498_kenya-non-crop,0.66723907,0.3327609
16220_geowiki-landcover-2017,0.4275881,0.5724119
216_ethiopia,0.41018072,0.58981925
3341_central-asia,0.30020514,0.6997948
2406_central-asia,0.5311092,0.46889073
79_canada,0.5311081,0.46889195
26638_geowiki-landcover-2017,0.42758325,0.5724167
4061_canada,0.42758384,0.5724162
2137_croplands,0.41520628,0.58479375
257_sudan,0.5311572,0.46884277
27246_geowiki-landcover-2017,0.53111035,0.46888965
448_kenya-non-crop,0.6672365,0.33276346
92_mali-non-crop,0.5311091,0.46889094
22510_geowiki-landcover-2017,0.6475198,0.3524802
31847_geowiki-landcover-2017,0.42758387,0.5724161
3183_ile-de-france,0.30020505,0.69979495
1546_central-asia,0.3002613,0.69973874
1434_ile-de-france,0.30020502,0.699795
1268_ile-de-france,0.30020502,0.69979495
2310_germany,0.42758432,0.5724157
8266_geowiki-landcover-2017,0.53110945,0.46889058
1199_germany,0.5311091,0.46889094
5136_ile-de-france,0.5311089,0.46889105
822_croplands,0.30020502,0.69979495
27967_geowiki-landcover-2017,0.42758432,0.57241565
2274_canada,0.42761043,0.57238954
298_tanzania-rice-ecaas,0.6358569,0.36414307
26482_geowiki-landcover-2017,0.41029355,0.5897064
1874_martinique-france,0.53111607,0.4688839
760_rwanda-ceo,0.53522336,0.4647766
115_martinique-france,0.5184414,0.48155856
456_ethiopia,0.41029054,0.58970946
13703_croplands,0.41521683,0.58478314
2466_central-asia,0.53110874,0.46889126
29906_geowiki-landcover-2017,0.4275837,0.57241637
28112_geowiki-landcover-2017,0.513384,0.48661605
4135_geowiki-landcover-2017,0.42758393,0.57241607
9188_croplands,0.41522714,0.5847728
10222_geowiki-landcover-2017,0.75250804,0.247492
1466_croplands,0.39411676,0.60588324
6484_geowiki-landcover-2017,0.30020505,0.69979495
506_tanzania-rice-ecaas,0.7525063,0.24749368
5213_geowiki-landcover-2017,0.6521421,0.34785786
4123_central-asia,0.39412436,0.6058756
1481_croplands,0.39412454,0.60587543
2294_geowiki-landcover-2017,0.7525068,0.24749322
1350_croplands,0.51845866,0.48154134
13741_croplands,0.65214247,0.34785748
2730_reunion-france,0.75250787,0.24749212
717_ile-de-france,0.3941247,0.6058753
3262_canada,0.42758277,0.57241726
2632_rwanda-ceo,0.7525077,0.24749236
25407_geowiki-landcover-2017,0.54781365,0.45218632
381_germany,0.53110904,0.46889094
33611_geowiki-landcover-2017,0.53110904,0.46889094
31855_geowiki-landcover-2017,0.63584393,0.36415607
766_reunion-france,0.7525076,0.2474924
1470_martinique-france,0.6513969,0.3486031
1234_rwanda-ceo,0.63585734,0.3641427
9327_croplands,0.667234,0.33276597
352_tanzania,0.6358573,0.36414275
1547_rwanda-ceo,0.75250787,0.24749209
27628_geowiki-landcover-2017,0.30020502,0.699795
31704_geowiki-landcover-2017,0.39415509,0.60584486
1407_canada,0.5311101,0.46888992
533_geowiki-landcover-2017,0.75250787,0.24749212
3708_central-asia,0.30020502,0.699795
10644_geowiki-landcover-2017,0.42758375,0.57241625
221_central-asia,0.30020532,0.69979465
28329_geowiki-landcover-2017,0.30021688,0.6997831
7795_canada,0.5184591,0.4815409
828_geowiki-landcover-2017,0.7525066,0.24749337
19506_geowiki-landcover-2017,0.42758405,0.57241595
1821_rwanda-ceo,0.7525072,0.2474928
255_mali-helmets-labelling-crops,0.300205,0.699795
1743_kenya-non-crop,0.7525076,0.2474924
22237_geowiki-landcover-2017,0.547814,0.45218602
2318_canada,0.30020547,0.69979453
29001_geowiki-landcover-2017,0.5478151,0.45218495
24530_geowiki-landcover-2017,0.5133841,0.48661593
635_mali-helmets-labelling-crops,0.39411965,0.6058803
432_rwanda-ceo,0.75250274,0.24749722
9023_geowiki-landcover-2017,0.41029057,0.58970946
12543_geowiki-landcover-2017,0.6474966,0.35250345
22124_geowiki-landcover-2017,0.5133828,0.48661724
11747_geowiki-landcover-2017,0.5478134,0.45218655
5537_ile-de-france,0.30020517,0.69979477
6679_geowiki-landcover-2017,0.53110886,0.46889114
3663_geowiki-landcover-2017,0.30020538,0.6997946
35336_geowiki-landcover-2017,0.5184581,0.48154187
5560_geowiki-landcover-2017,0.5478135,0.45218652
2376_martinique-france,0.55203027,0.44796976
2508_ile-de-france,0.30020502,0.699795
1993_kenya-non-crop,0.6521443,0.3478557
1122_central-asia,0.30020505,0.69979495
10565_geowiki-landcover-2017,0.4102904,0.58970964
5162_ile-de-france,0.30020502,0.699795
1787_central-asia,0.3002054,0.6997946
30242_geowiki-landcover-2017,0.42758518,0.5724149
6907_croplands,0.53522015,0.46477988
664_rwanda-ceo,0.6358578,0.36414212
161_tanzania-ceo,0.75250566,0.24749437
34840_geowiki-landcover-2017,0.39396566,0.6060343
47_geowiki-landcover-2017,0.6521533,0.34784666
6925_geowiki-landcover-2017,0.4275839,0.5724161
27369_geowiki-landcover-2017,0.63587976,0.36412022
2321_canada,0.42758456,0.5724154
31389_geowiki-landcover-2017,0.66723776,0.33276224
1622_germany,0.3941263,0.6058737
160_ethiopia,0.41031688,0.5896831
194_tanzania-rice-ecaas,0.635857,0.36414307
1220_central-asia,0.30020493,0.69979507
355_geowiki-landcover-2017,0.7525081,0.24749191
4266_ile-de-france,0.30020505,0.69979495
30320_geowiki-landcover-2017,0.5311087,0.46889132
19704_geowiki-landcover-2017,0.42758468,0.5724153
132_central-asia,0.30020523,0.69979477
5547_geowiki-landcover-2017,0.6475186,0.35248145
2449_ile-de-france,0.30020502,0.699795
2680_rwanda-ceo,0.75246865,0.24753128
333_rwanda-ceo,0.7525038,0.24749619
583_reunion-france,0.75250685,0.24749318
178_reunion-france,0.65214384,0.3478562
16753_geowiki-landcover-2017,0.5528426,0.44715735
185_canada,0.4275844,0.57241565
241_togo,0.51845425,0.48154575
0_geowiki-landcover-2017,0.41521752,0.5847825
3544_rwanda-ceo,0.6672386,0.33276138
210_canada,0.42758384,0.5724162
6038_ile-de-france,0.30020493,0.699795
5279_geowiki-landcover-2017,0.53110886,0.46889114
8_canada,0.3002053,0.6997947
11663_geowiki-landcover-2017,0.51338416,0.48661587
35035_geowiki-landcover-2017,0.6475195,0.3524805
33159_geowiki-landcover-2017,0.5311089,0.4688911
4033_central-asia,0.3941242,0.6058758
15460_geowiki-landcover-2017,0.4275848,0.57241523
23989_geowiki-landcover-2017,0.5478062,0.45219383
931_tanzania-ceo,0.7525078,0.24749218
3083_rwanda-ceo,0.7499389,0.25006106
4587_geowiki-landcover-2017,0.53110856,0.46889147
403_ethiopia,0.42761433,0.57238567
1042_rwanda-ceo,0.75249493,0.2475051
22801_geowiki-landcover-2017,0.6521445,0.3478555
589_kenya-non-crop,0.66723704,0.33276296
17589_geowiki-landcover-2017,0.3002049,0.69979507
9373_croplands,0.41521809,0.58478194
2930_geowiki-landcover-2017,0.4275881,0.5724119
1376_central-asia,0.30020493,0.69979507
7690_canada,0.42758307,0.5724169
1519_croplands,0.39418694,0.6058131
2574_canada,0.42758378,0.57241625
1542_ile-de-france,0.53110886,0.46889114
14412_geowiki-landcover-2017,0.6521433,0.34785667
14796_geowiki-landcover-2017,0.66723865,0.33276132
1199_tanzania-ceo,0.75244874,0.24755125
24946_geowiki-landcover-2017,0.5311087,0.46889132
4015_central-asia,0.3941241,0.6058759
377_tanzania,0.7525081,0.24749191
2007_ile-de-france,0.30022013,0.6997798
1733_kenya-non-crop,0.75250816,0.24749187
8944_geowiki-landcover-2017,0.6672239,0.3327761
3182_croplands,0.53522104,0.46477893
1300_ile-de-france,0.30020502,0.699795
22817_geowiki-landcover-2017,0.42758393,0.57241607
2077_canada,0.4275834,0.57241654
6815_geowiki-landcover-2017,0.55284244,0.44715756
652_reunion-france,0.75250787,0.24749209
3005_geowiki-landcover-2017,0.42758355,0.5724164
1610_rwanda-ceo,0.66723377,0.33276623
5237_geowiki-landcover-2017,0.5184587,0.48154134
4039_canada,0.30020663,0.6997934
21135_geowiki-landcover-2017,0.5311085,0.46889147
15670_geowiki-landcover-2017,0.5311091,0.46889094
16989_geowiki-landcover-2017,0.6521381,0.34786183
1988_rwanda-ceo,0.7525079,0.24749205
3021_canada,0.42758495,0.57241505
979_croplands,0.5311092,0.46889076
356_martinique-france,0.7524992,0.24750073
19286_geowiki-landcover-2017,0.53110784,0.46889222
814_reunion-france,0.75250787,0.24749209
9_ethiopia,0.41029096,0.58970904
11710_geowiki-landcover-2017,0.42758423,0.57241577
3375_rwanda-ceo,0.63585675,0.36414325
901_rwanda-ceo,0.6358164,0.36418357
518_ethiopia,0.6358592,0.3641408
5906_canada,0.30020517,0.69979477
2274_kenya-non-crop,0.74378407,0.25621596
17128_geowiki-landcover-2017,0.54781395,0.4521861
19624_geowiki-landcover-2017,0.6477046,0.3522954
4772_central-asia,0.30020493,0.699795
969_central-asia,0.39412445,0.6058756
27007_geowiki-landcover-2017,0.64751863,0.3524813
3363_ile-de-france,0.300205,0.699795
2502_ile-de-france,0.39412323,0.60587674
5141_geowiki-landcover-2017,0.5478141,0.45218593
34175_geowiki-landcover-2017,0.647518,0.35248208
10016_geowiki-landcover-2017,0.64733815,0.35266188
1906_canada,0.4275837,0.57241625
9225_croplands,0.5184586,0.48154145
32749_geowiki-landcover-2017,0.55284315,0.44715682
4885_ile-de-france,0.39412385,0.6058762
1178_ile-de-france,0.5311093,0.4688907
40_kenya-non-crop,0.66723764,0.33276236
25224_geowiki-landcover-2017,0.7525056,0.24749441
3888_ile-de-france,0.39412376,0.60587627
24304_geowiki-landcover-2017,0.5310926,0.46890742
16618_geowiki-landcover-2017,0.6521442,0.34785584
20495_geowiki-landcover-2017,0.30020577,0.6997942
26711_geowiki-landcover-2017,0.41029054,0.58970946
21782_geowiki-landcover-2017,0.394124,0.605876
15653_geowiki-landcover-2017,0.4102905,0.58970946
31797_geowiki-landcover-2017,0.53111035,0.46888965
19053_geowiki-landcover-2017,0.30026618,0.69973385
443_togo,0.65214264,0.34785736
1663_central-asia,0.30020493,0.699795
1884_martinique-france,0.41441905,0.5855809
1288_geowiki-landcover-2017,0.6358591,0.36414096
284_togo,0.65213174,0.3478682
16330_geowiki-landcover-2017,0.75250757,0.24749245
1397_tanzania-ceo,0.63586134,0.36413866
259_lem-brazil,0.66723174,0.33276823
2196_ile-de-france,0.300205,0.699795
400_canada,0.42758393,0.57241607
717_central-asia,0.39412388,0.6058761
28885_geowiki-landcover-2017,0.4275837,0.5724163
2705_central-asia,0.30020505,0.69979495
1120_reunion-france,0.41528136,0.5847187
1050_rwanda-ceo,0.635886,0.36411396
4216_ile-de-france,0.5311087,0.46889132
2721_canada,0.300205,0.699795
580_canada,0.42758363,0.57241637
816_lem-brazil,0.6358826,0.3641174
4195_ile-de-france,0.5311087,0.46889126
26493_geowiki-landcover-2017,0.4275838,0.5724162
3888_canada,0.30020753,0.69979244
7262_canada,0.30020493,0.69979507
562_kenya-non-crop,0.7524889,0.2475111
2075_central-asia,0.42758408,0.57241595
4991_geowiki-landcover-2017,0.6475192,0.35248086
1953_tanzania-ceo,0.5544373,0.44556278
6586_geowiki-landcover-2017,0.51338416,0.48661587
803_mali-helmets-labelling-crops,0.300213,0.699787
10422_geowiki-landcover-2017,0.42758393,0.572416
460_central-asia,0.30020547,0.69979453
3788_central-asia,0.3002053,0.6997947
89_martinique-france,0.6514004,0.3485996
1165_kenya-non-crop,0.6672384,0.3327616
6699_geowiki-landcover-2017,0.51338387,0.4866161
2699_reunion-france,0.6672382,0.33276185
11377_geowiki-landcover-2017,0.7525071,0.24749292
30425_geowiki-landcover-2017,0.42758185,0.57241815
11033_croplands,0.5352201,0.46477997
86_canada,0.42758355,0.5724164
5880_canada,0.30020723,0.69979274
350_kenya-non-crop,0.53522104,0.46477893
942_togo,0.5528269,0.44717318
9570_geowiki-landcover-2017,0.42758405,0.57241595
10981_geowiki-landcover-2017,0.4152159,0.5847841
9886_geowiki-landcover-2017,0.4275836,0.5724164
2805_rwanda-ceo,0.64751995,0.35248008
2392_martinique-france,0.7524884,0.24751163
26127_geowiki-landcover-2017,0.39412567,0.6058743
19225_geowiki-landcover-2017,0.5311048,0.46889517
639_croplands,0.3002051,0.6997949
7578_canada,0.41028464,0.58971536
313_reunion-france,0.75250566,0.2474943
26971_geowiki-landcover-2017,0.54781336,0.4521866
10194_croplands,0.5352201,0.46477988
17743_geowiki-landcover-2017,0.42758355,0.5724164
7804_geowiki-landcover-2017,0.5528465,0.4471535
23_mali,0.3043437,0.6956563
14744_geowiki-landcover-2017,0.4102905,0.58970946
1345_central-asia,0.30020538,0.6997946
3410_canada,0.42758355,0.5724165
29698_geowiki-landcover-2017,0.51845914,0.4815408
119_reunion-france,0.7525081,0.2474919
6089_ile-de-france,0.300205,0.699795
2522_kenya-non-crop,0.66723835,0.33276165
6120_ile-de-france,0.39412418,0.60587585
3652_geowiki-landcover-2017,0.65214384,0.3478562
9291_geowiki-landcover-2017,0.6520206,0.34797943
23418_geowiki-landcover-2017,0.531109,0.46889105
163_uganda,0.53535265,0.4646473
136_ile-de-france,0.39411852,0.60588145
10102_geowiki-landcover-2017,0.41029212,0.58970785
8223_geowiki-landcover-2017,0.6521436,0.3478564
28073_geowiki-landcover-2017,0.6475189,0.3524811
3747_central-asia,0.30020496,0.699795
4352_geowiki-landcover-2017,0.6521433,0.34785667
23833_geowiki-landcover-2017,0.39412412,0.6058759
839_tanzania-ceo,0.6358573,0.36414275
7676_geowiki-landcover-2017,0.66723436,0.33276558
31611_geowiki-landcover-2017,0.30020618,0.6997939
20576_geowiki-landcover-2017,0.41029698,0.589703
2492_canada,0.42756847,0.5724315
907_martinique-france,0.39439064,0.60560936
5675_geowiki-landcover-2017,0.41045046,0.5895495
3565_central-asia,0.30020502,0.699795
2426_central-asia,0.300206,0.69979393
1552_central-asia,0.30020493,0.699795
662_rwanda-ceo,0.75250775,0.24749227
117_mali-non-crop,0.3002051,0.6997949
2744_ile-de-france,0.39412418,0.60587585
811_lem-brazil,0.63585806,0.3641419
246_canada,0.30020514,0.6997948
3500_central-asia,0.300205,0.699795
1465_ile-de-france,0.30020493,0.699795
10636_geowiki-landcover-2017,0.5478141,0.45218596
7179_canada,0.53110975,0.46889025
280_kenya-non-crop,0.6672381,0.33276194
21895_geowiki-landcover-2017,0.415216,0.584784
2609_ile-de-france,0.30020514,0.6997949
351_ile-de-france,0.5311091,0.46889088
3953_geowiki-landcover-2017,0.51338303,0.486617
5135_canada,0.30020523,0.69979477
9423_croplands,0.41521657,0.58478343
30230_geowiki-landcover-2017,0.64752877,0.35247126
555_germany,0.3002051,0.6997949
566_ile-de-france,0.3002053,0.6997947
522_canada,0.4275816,0.5724184
289_reunion-france,0.75250787,0.24749209
12553_croplands,0.5184591,0.48154095
553_germany,0.53110904,0.468891
19816_geowiki-landcover-2017,0.5478157,0.45218432
5064_central-asia,0.30020505,0.69979495
570_lem-brazil,0.75250673,0.24749328
27718_geowiki-landcover-2017,0.6475195,0.35248044
3518_ile-de-france,0.300205,0.699795
4592_geowiki-landcover-2017,0.55284405,0.44715595
5182_canada,0.30020493,0.699795
18723_geowiki-landcover-2017,0.64751315,0.35248685
2685_kenya-non-crop,0.7525078,0.24749218
4751_ile-de-france,0.30020502,0.699795
565_tanzania-ceo,0.63585734,0.3641426
531_ethiopia,0.5302611,0.4697389
895_central-asia,0.39412445,0.6058756
2210_central-asia,0.30020517,0.69979477
976_rwanda-ceo,0.5352203,0.46477968
681_geowiki-landcover-2017,0.41029105,0.5897089
271_kenya-non-crop,0.66723764,0.33276233
2498_canada,0.42758402,0.572416
109_croplands,0.41521606,0.584784
7337_canada,0.30020502,0.699795
161_tanzania,0.7525077,0.24749231
1869_geowiki-landcover-2017,0.41522437,0.5847757
2197_central-asia,0.42758137,0.57241863
4001_geowiki-landcover-2017,0.64751875,0.35248122
2_mali-non-crop,0.30021048,0.6997895
2683_kenya-non-crop,0.7525031,0.24749693
21815_geowiki-landcover-2017,0.5528425,0.4471575
3009_geowiki-landcover-2017,0.6475193,0.3524807
33110_geowiki-landcover-2017,0.65214145,0.34785858
506_geowiki-landcover-2017,0.7525017,0.24749821
5591_geowiki-landcover-2017,0.41525772,0.58474225
470_germany,0.300205,0.699795
491_tanzania-rice-ecaas,0.6358448,0.36415517
10691_croplands,0.5352393,0.46476075
1904_rwanda-ceo,0.6358643,0.36413565
981_kenya-non-crop,0.75250787,0.24749213
35741_geowiki-landcover-2017,0.5311102,0.4688898
12548_croplands,0.5528427,0.4471573
2600_canada,0.30020517,0.69979477
18849_geowiki-landcover-2017,0.5478141,0.45218596
263_rwanda-ceo,0.6358572,0.36414278
5733_canada,0.3002049,0.69979507
24608_geowiki-landcover-2017,0.64751893,0.35248104
23335_geowiki-landcover-2017,0.39412412,0.6058759
1019_martinique-france,0.53110886,0.46889114
7697_canada,0.3002049,0.6997951
2493_ile-de-france,0.30020517,0.69979477
936_canada,0.300205,0.699795
2683_geowiki-landcover-2017,0.6475194,0.3524806
1951_rwanda-ceo,0.6358514,0.36414862
2515_germany,0.53110904,0.46889094
30942_geowiki-landcover-2017,0.39412546,0.60587454
272_central-asia,0.4102879,0.58971214
21283_geowiki-landcover-2017,0.64751935,0.35248062
540_tanzania-rice-ecaas,0.66724527,0.33275476
32512_geowiki-landcover-2017,0.4275835,0.5724165
24107_geowiki-landcover-2017,0.55283993,0.44716007
6236_canada,0.30020493,0.69979507
17385_geowiki-landcover-2017,0.53111005,0.46888998
14137_geowiki-landcover-2017,0.42758402,0.572416
30796_geowiki-landcover-2017,0.41029057,0.58970946
1835_martinique-france,0.6521349,0.34786507
5836_canada,0.30020493,0.69979507
1946_central-asia,0.42758387,0.5724161
31608_geowiki-landcover-2017,0.41029125,0.58970875
566_lem-brazil,0.66713053,0.33286944
2715_geowiki-landcover-2017,0.5311119,0.4688881
16984_geowiki-landcover-2017,0.5478035,0.45219648
1115_canada,0.42758378,0.57241625
36_mali-non-crop,0.42758396,0.572416
2408_canada,0.30020502,0.699795
1338_kenya-non-crop,0.64094996,0.35905
23503_geowiki-landcover-2017,0.64751786,0.3524821
2659_canada,0.427579,0.572421
1036_togo,0.65212697,0.34787306
456_reunion-france,0.7525081,0.24749191
4660_central-asia,0.3002053,0.6997947
23245_geowiki-landcover-2017,0.30020756,0.69979244
3152_rwanda-ceo,0.66723853,0.33276144
1768_geowiki-landcover-2017,0.65214354,0.34785643
12356_geowiki-landcover-2017,0.64751965,0.35248038
3860_central-asia,0.30020523,0.69979477
5527_ile-de-france,0.39412323,0.6058768
3164_ile-de-france,0.300205,0.699795
8084_geowiki-landcover-2017,0.5311323,0.46886766
470_geowiki-landcover-2017,0.7525081,0.24749194
5972_ile-de-france,0.3971579,0.6028421
391_tanzania-ceo,0.75250816,0.24749187
34315_geowiki-landcover-2017,0.5311092,0.46889073
1881_geowiki-landcover-2017,0.5528426,0.44715744
1193_germany,0.53110904,0.46889096
7831_canada,0.5311087,0.46889132
54_uganda,0.54781324,0.45218676
31775_geowiki-landcover-2017,0.3002078,0.6997922
2658_kenya-non-crop,0.66723865,0.33276132
654_martinique-france,0.42783093,0.5721691
1420_rwanda-ceo,0.63585746,0.36414257
27446_geowiki-landcover-2017,0.5528681,0.4471319
2271_tanzania-ceo,0.5352224,0.46477765
291_mali-helmets-labelling-crops,0.4275808,0.57241917
4510_geowiki-landcover-2017,0.5351606,0.46483937
437_croplands,0.5311226,0.46887735
540_ile-de-france,0.53110886,0.46889114
92_geowiki-landcover-2017,0.6672382,0.33276185
2438_kenya-non-crop,0.6521442,0.34785584
5157_ile-de-france,0.30020502,0.699795
1544_kenya-non-crop,0.6521431,0.34785694
204_ethiopia,0.30036998,0.6996301
332_kenya-non-crop,0.6358476,0.3641524
834_tanzania-ceo,0.7525078,0.24749222
489_tanzania-ceo,0.7525079,0.24749205
447_lem-brazil,0.63585687,0.36414307
6281_canada,0.30020493,0.69979507
1712_reunion-france,0.6521436,0.34785634
915_croplands,0.42758456,0.5724154
1958_germany,0.30020577,0.6997942
6695_croplands,0.66723764,0.33276236
24215_geowiki-landcover-2017,0.55284214,0.44715783
441_lem-brazil,0.7525069,0.24749306
29_ethiopia,0.5478133,0.45218673
3948_ile-de-france,0.30020496,0.699795
18543_geowiki-landcover-2017,0.5478143,0.45218566
580_lem-brazil,0.6358565,0.36414352
12640_geowiki-landcover-2017,0.5478145,0.4521855
2476_geowiki-landcover-2017,0.41521662,0.5847834
1734_central-asia,0.42758045,0.5724195
8_kenya-non-crop,0.6672372,0.33276275
2675_central-asia,0.3002054,0.6997946
33579_geowiki-landcover-2017,0.64749956,0.3525004
1988_central-asia,0.39412236,0.6058776
2525_ile-de-france,0.30020502,0.699795
1091_mali-helmets-labelling-crops,0.300205,0.699795
1859_kenya-non-crop,0.7525079,0.247492
77_central-asia,0.4102903,0.58970964
1022_martinique-france,0.5184468,0.48155317
8674_geowiki-landcover-2017,0.5478143,0.45218566
23349_geowiki-landcover-2017,0.41029066,0.58970934
5963_ile-de-france,0.30020514,0.6997948
1345_tanzania-ceo,0.7525075,0.24749252
351_kenya-non-crop,0.63600034,0.3639997
34770_geowiki-landcover-2017,0.5133618,0.48663816
8523_geowiki-landcover-2017,0.53110904,0.46889094
2071_ile-de-france,0.53110886,0.46889114
378_martinique-france,0.53111213,0.46888784
14033_croplands,0.6358563,0.3641437
12587_croplands,0.65214384,0.3478562
4595_ile-de-france,0.5311091,0.46889088
993_canada,0.30020493,0.699795
10857_croplands,0.41521788,0.5847821
337_canada,0.5311088,0.4688912
2350_geowiki-landcover-2017,0.7525004,0.24749964
2997_central-asia,0.30020538,0.6997946
329_tanzania,0.7525074,0.24749263
2163_martinique-france,0.6521207,0.34787935
775_togo,0.6672135,0.33278647
220_togo,0.551221,0.44877896
2793_geowiki-landcover-2017,0.5311888,0.4688112
460_martinique-france,0.6513979,0.34860218
3224_geowiki-landcover-2017,0.30021003,0.69978994
784_tanzania-rice-ecaas,0.66723454,0.33276546
3325_ile-de-france,0.30020493,0.69979507
6854_canada,0.5184586,0.48154145
1351_ile-de-france,0.5311084,0.46889168
6886_croplands,0.6358564,0.3641436
557_rwanda-ceo,0.63585705,0.36414292
12440_croplands,0.65214354,0.34785643
3910_canada,0.3940836,0.6059164
24872_geowiki-landcover-2017,0.30021167,0.69978833
3776_canada,0.300205,0.699795
3817_central-asia,0.4275837,0.57241625
28243_geowiki-landcover-2017,0.6521437,0.34785634
4603_ile-de-france,0.39417127,0.6058287
507_lem-brazil,0.7525067,0.24749331
25163_geowiki-landcover-2017,0.65214723,0.3478527
27787_geowiki-landcover-2017,0.4275862,0.57241386
646_togo,0.55285263,0.44714734
6140_ile-de-france,0.30020502,0.699795
11438_geowiki-landcover-2017,0.66723895,0.33276102
23630_geowiki-landcover-2017,0.53110605,0.46889392
2267_central-asia,0.30020502,0.69979495
16538_geowiki-landcover-2017,0.7525063,0.24749367
291_togo,0.41521618,0.5847838
7242_canada,0.30020523,0.69979477
17_martinique-france,0.63583994,0.36416012
2802_central-asia,0.30020532,0.69979465
2031_kenya-non-crop,0.6521441,0.34785593
700_tanzania-rice-ecaas,0.6358568,0.36414325
6602_canada,0.5311089,0.46889114
11201_geowiki-landcover-2017,0.6521436,0.3478564
768_kenya-non-crop,0.6672379,0.3327621
29791_geowiki-landcover-2017,0.6521422,0.34785777
3_uganda,0.6672334,0.3327666
2981_geowiki-landcover-2017,0.42756394,0.57243603
2766_rwanda-ceo,0.6359173,0.36408272
31433_geowiki-landcover-2017,0.415216,0.584784
1281_geowiki-landcover-2017,0.66723824,0.33276176
10306_geowiki-landcover-2017,0.64751834,0.3524816
320_reunion-france,0.6358619,0.36413807
2060_canada,0.42758355,0.5724165
1351_central-asia,0.30020496,0.699795
1979_martinique-france,0.41521117,0.5847888
30455_geowiki-landcover-2017,0.65214187,0.34785816
8553_geowiki-landcover-2017,0.53086215,0.46913785
27684_geowiki-landcover-2017,0.54781336,0.4521866
11549_croplands,0.4152169,0.5847831
2098_tanzania-ceo,0.53522193,0.46477807
10755_croplands,0.53524226,0.4647577
621_tanzania-ceo,0.7525079,0.24749205
12464_croplands,0.5528429,0.4471571
4006_geowiki-landcover-2017,0.39412415,0.60587585
3432_rwanda-ceo,0.75250775,0.24749227
252_rwanda-ceo,0.75250655,0.24749345
12513_croplands,0.6521427,0.34785736
565_mali-helmets-labelling-crops,0.3002087,0.6997913
1161_central-asia,0.30020493,0.699795
1623_germany,0.30020604,0.69979393
12_kenya-non-crop,0.53520113,0.46479884
33318_geowiki-landcover-2017,0.5311086,0.46889135
2000_kenya-non-crop,0.65214485,0.34785515
4205_ile-de-france,0.3941242,0.60587573
353_tanzania-ceo,0.75250155,0.24749844
6619_geowiki-landcover-2017,0.3002049,0.6997951
541_martinique-france,0.42760262,0.57239735
2837_canada,0.42758465,0.5724154
16746_geowiki-landcover-2017,0.5528429,0.44715708
10915_geowiki-landcover-2017,0.652143,0.34785697
35307_geowiki-landcover-2017,0.5528418,0.44715816
26514_geowiki-landcover-2017,0.54781103,0.452189
5932_ile-de-france,0.53110915,0.46889088
736_tanzania-rice-ecaas,0.63585734,0.3641427
4674_central-asia,0.30020523,0.69979477
2215_reunion-france,0.6521276,0.34787238
70_germany,0.300211,0.699789
3354_ile-de-france,0.39412367,0.6058763
1578_tanzania-ceo,0.7525075,0.24749249
751_canada,0.30020514,0.6997948
14904_geowiki-landcover-2017,0.75248957,0.24751036
1596_geowiki-landcover-2017,0.5528451,0.44715488
5102_ile-de-france,0.53110886,0.46889117
1903_tanzania-ceo,0.7520139,0.24798603
5832_canada,0.30020532,0.69979465
24330_geowiki-landcover-2017,0.5311088,0.4688912
505_kenya-non-crop,0.75250787,0.24749209
32547_geowiki-landcover-2017,0.30020556,0.6997944
606_tanzania-rice-ecaas,0.63585836,0.3641416
22468_geowiki-landcover-2017,0.5311088,0.4688912
2834_rwanda-ceo,0.7525074,0.24749263
15483_geowiki-landcover-2017,0.5478141,0.45218596
2611_kenya-non-crop,0.75250447,0.24749552
1602_germany,0.3941239,0.6058761
3821_ile-de-france,0.30542234,0.6945777
13853_geowiki-landcover-2017,0.547814,0.45218602
128_ile-de-france,0.30020502,0.699795
7601_canada,0.30020493,0.699795
5564_geowiki-landcover-2017,0.5478141,0.45218593
2019_martinique-france,0.63583225,0.36416775
30166_geowiki-landcover-2017,0.652143,0.34785697
31695_geowiki-landcover-2017,0.7525079,0.24749205
1502_kenya-non-crop,0.5352202,0.46477976
925_geowiki-landcover-2017,0.7525079,0.24749205
6895_canada,0.30020556,0.6997944
27838_geowiki-landcover-2017,0.531109,0.468891
23716_geowiki-landcover-2017,0.42758393,0.572416
8139_geowiki-landcover-2017,0.7525055,0.24749452
2439_germany,0.531109,0.46889105
1586_germany,0.30020502,0.699795
1256_ile-de-france,0.30020502,0.699795
1360_germany,0.5311089,0.4688911
2049_kenya-non-crop,0.65214473,0.34785524
231_uganda,0.5478147,0.45218524
453_lem-brazil,0.667238,0.33276203
7130_canada,0.30020568,0.6997943
7468_geowiki-landcover-2017,0.54781395,0.45218602
4070_ile-de-france,0.5311073,0.4688927
10972_geowiki-landcover-2017,0.6521437,0.34785625
24904_geowiki-landcover-2017,0.6475205,0.3524795
40_tanzania-rice-ecaas,0.6358487,0.36415127
9181_geowiki-landcover-2017,0.5478141,0.4521859
104_tanzania,0.6358572,0.36414278
31927_geowiki-landcover-2017,0.30020484,0.6997951
147_mali,0.30020505,0.69979495
7263_geowiki-landcover-2017,0.6358568,0.3641432
114_rwanda-ceo,0.75250816,0.24749182
1034_mali-helmets-labelling-crops,0.42757434,0.5724256
1439_tanzania-ceo,0.5352206,0.46477935
1478_kenya-non-crop,0.55290645,0.44709352
197_tanzania-ceo,0.7525079,0.24749205
2152_martinique-france,0.65139675,0.3486032
2064_ile-de-france,0.5311089,0.46889105
1499_mali-helmets-labelling-crops,0.3002051,0.6997949
2413_rwanda-ceo,0.66723853,0.33276153
4800_ile-de-france,0.30020505,0.69979495
17004_geowiki-landcover-2017,0.5478211,0.45217887
2048_rwanda-ceo,0.75236017,0.24763983
14329_geowiki-landcover-2017,0.42758346,0.57241654
5702_geowiki-landcover-2017,0.7525062,0.24749382
1199_ile-de-france,0.39412418,0.60587585
2155_canada,0.30020505,0.69979495
67_kenya,0.75250477,0.24749519
5249_ile-de-france,0.30020502,0.699795
2048_martinique-france,0.6521205,0.34787956
20565_geowiki-landcover-2017,0.30020645,0.6997935
10497_croplands,0.5352203,0.4647797
1611_geowiki-landcover-2017,0.65214384,0.34785613
31169_geowiki-landcover-2017,0.5312031,0.4687969
484_togo,0.30023018,0.6997698
1894_tanzania-ceo,0.75250584,0.24749412
703_kenya-non-crop,0.7525076,0.24749236
15372_geowiki-landcover-2017,0.652152,0.34784803
31416_geowiki-landcover-2017,0.7513316,0.24866839
5830_geowiki-landcover-2017,0.42758355,0.5724164
3156_rwanda-ceo,0.6358646,0.36413538
4634_canada,0.30020684,0.69979316
2697_canada,0.30020505,0.69979495
21451_geowiki-landcover-2017,0.41029057,0.58970946
1647_ile-de-france,0.300205,0.699795
4066_ile-de-france,0.3941234,0.6058766
10499_croplands,0.5352206,0.46477935
4903_central-asia,0.30020487,0.6997951
29425_geowiki-landcover-2017,0.64751893,0.3524811
27860_geowiki-landcover-2017,0.547814,0.45218596
263_mali-helmets-labelling-crops,0.3002613,0.6997387
20733_geowiki-landcover-2017,0.65214396,0.34785604
18814_geowiki-landcover-2017,0.5133839,0.4866161
863_mali-helmets-labelling-crops,0.3002054,0.69979453
1217_rwanda-ceo,0.63585716,0.36414284
830_reunion-france,0.75250757,0.2474924
1730_canada,0.30020502,0.699795
2148_ile-de-france,0.4275833,0.5724167
32224_geowiki-landcover-2017,0.30020502,0.69979495
3352_geowiki-landcover-2017,0.6472826,0.35271734
15591_geowiki-landcover-2017,0.51308215,0.48691788
1227_canada,0.42758277,0.57241726
7283_geowiki-landcover-2017,0.300205,0.699795
5111_canada,0.30020493,0.699795
2089_canada,0.4275838,0.5724162
7573_canada,0.41028902,0.58971095
16902_geowiki-landcover-2017,0.5184963,0.4815037
338_tanzania-rice-ecaas,0.5352335,0.46476647
963_central-asia,0.39412433,0.6058757
9810_geowiki-landcover-2017,0.4102875,0.58971244
11296_geowiki-landcover-2017,0.51338416,0.48661587
10797_croplands,0.75250345,0.24749658
145_central-asia,0.30020517,0.69979477
5806_canada,0.30020517,0.6997948
4842_geowiki-landcover-2017,0.6521426,0.34785745
716_ile-de-france,0.30020514,0.6997948
880_tanzania-ceo,0.65213865,0.34786135
1226_canada,0.3002049,0.69979507
1503_mali-helmets-labelling-crops,0.3002051,0.6997949
113_lem-brazil,0.6358567,0.3641433
1395_ile-de-france,0.5311085,0.46889153
13793_croplands,0.5352202,0.46477982
26067_geowiki-landcover-2017,0.41029304,0.5897069
480_geowiki-landcover-2017,0.6358565,0.36414355
11328_geowiki-landcover-2017,0.55284244,0.4471576
1936_reunion-france,0.63585705,0.36414298
2092_reunion-france,0.6521383,0.3478617
7601_geowiki-landcover-2017,0.65214366,0.34785634
321_tanzania,0.7525066,0.24749342
636_central-asia,0.30020514,0.6997949
5469_geowiki-landcover-2017,0.65214473,0.34785524
43_tanzania-rice-ecaas,0.635857,0.36414307
5772_canada,0.300205,0.699795
39_mali-helmets-labelling-crops,0.3002053,0.69979465
153_ile-de-france,0.300205,0.699795
3542_ile-de-france,0.30020493,0.699795
2043_central-asia,0.3002051,0.6997949
6481_geowiki-landcover-2017,0.54781413,0.45218584
220_rwanda-ceo,0.63585746,0.36414257
16_tanzania,0.535221,0.46477908
10867_geowiki-landcover-2017,0.7525031,0.24749689
511_rwanda-ceo,0.6672358,0.33276418
2118_canada,0.30030343,0.6996966
7595_canada,0.30020732,0.6997927
1212_canada,0.30020505,0.69979495
32623_geowiki-landcover-2017,0.30020502,0.699795
25479_geowiki-landcover-2017,0.5311087,0.4688913
387_geowiki-landcover-2017,0.5528425,0.4471575
5321_canada,0.30020568,0.6997943
12160_geowiki-landcover-2017,0.6671599,0.33284009
33762_geowiki-landcover-2017,0.30020517,0.69979477
6749_geowiki-landcover-2017,0.65214187,0.34785807
9862_geowiki-landcover-2017,0.64752376,0.3524762
153_tanzania-rice-ecaas,0.635857,0.364143
230_ile-de-france,0.5311091,0.46889094
597_martinique-france,0.65139556,0.34860444
4003_canada,0.53110594,0.46889406
3941_ile-de-france,0.39412186,0.6058781
7696_canada,0.30020493,0.69979507
22882_geowiki-landcover-2017,0.5311087,0.4688913
160_germany,0.30020612,0.6997939
7298_geowiki-landcover-2017,0.75250566,0.24749437
494_ethiopia,0.6475196,0.3524804
12764_geowiki-landcover-2017,0.65214366,0.34785634
11718_geowiki-landcover-2017,0.42758507,0.57241493
27512_geowiki-landcover-2017,0.41521606,0.584784
2718_ile-de-france,0.3941348,0.60586524
1438_germany,0.5311085,0.4688915
2294_ile-de-france,0.300205,0.699795
30499_geowiki-landcover-2017,0.30020574,0.69979423
4891_geowiki-landcover-2017,0.5528428,0.44715723
2478_central-asia,0.42758512,0.5724149
594_mali-helmets-labelling-crops,0.30020532,0.69979465
9471_croplands,0.5352208,0.46477914
584_togo,0.30020797,0.69979197
1804_martinique-france,0.6513991,0.34860092
506_central-asia,0.30020568,0.6997943
4397_croplands,0.42757908,0.57242095
4143_croplands,0.51845914,0.4815409
23072_geowiki-landcover-2017,0.5528427,0.44715732
268_germany,0.53110886,0.46889117
645_ethiopia,0.547813,0.45218697
13812_croplands,0.53522027,0.46477976
140_mali,0.30020514,0.6997949
1252_croplands,0.30020496,0.699795
7550_canada,0.5528428,0.44715723
25438_geowiki-landcover-2017,0.531109,0.46889102
2465_kenya-non-crop,0.55284315,0.44715685
9295_geowiki-landcover-2017,0.66619855,0.3338015
7056_geowiki-landcover-2017,0.75250787,0.24749209
3202_canada,0.5311089,0.4688911
984_reunion-france,0.6521421,0.34785792
223_sudan,0.66723704,0.33276293
32895_geowiki-landcover-2017,0.5311095,0.46889052
3277_ile-de-france,0.39412412,0.60587585
10856_geowiki-landcover-2017,0.53110915,0.46889088
9644_geowiki-landcover-2017,0.6672382,0.3327618
1102_central-asia,0.30020502,0.699795
3116_geowiki-landcover-2017,0.5313055,0.4686945
5839_ile-de-france,0.5311065,0.46889353
2057_central-asia,0.30020523,0.69979477
34852_geowiki-landcover-2017,0.3020809,0.69791913
764_germany,0.42758158,0.57241845
142_germany,0.42758307,0.5724169
20718_geowiki-landcover-2017,0.5352203,0.46477968
31542_geowiki-landcover-2017,0.41028997,0.58971
793_martinique-france,0.5520292,0.44797078
653_central-asia,0.30020517,0.69979477
12483_geowiki-landcover-2017,0.6521437,0.34785634
2089_geowiki-landcover-2017,0.55284363,0.44715643
11893_geowiki-landcover-2017,0.51845944,0.48154062
3841_ile-de-france,0.3002051,0.6997949
25202_geowiki-landcover-2017,0.65214324,0.34785676
32030_geowiki-landcover-2017,0.4275839,0.5724161
15003_geowiki-landcover-2017,0.55284107,0.44715896
254_tanzania,0.6672236,0.33277643
2309_geowiki-landcover-2017,0.6521511,0.3478489
1244_central-asia,0.30020493,0.69979507
12620_croplands,0.65214366,0.34785634
28017_geowiki-landcover-2017,0.39412287,0.60587716
4830_geowiki-landcover-2017,0.6521315,0.3478685
2271_kenya-non-crop,0.6672228,0.33277714
741_germany,0.5311059,0.46889415
31000_geowiki-landcover-2017,0.3002053,0.6997947
743_mali-helmets-labelling-crops,0.42758325,0.5724167
397_geowiki-landcover-2017,0.55284494,0.44715503
1857_reunion-france,0.65214247,0.3478575
105_geowiki-landcover-2017,0.7524666,0.24753334
7643_canada,0.4275833,0.5724167
21271_geowiki-landcover-2017,0.547814,0.45218602
1505_central-asia,0.300205,0.699795
3711_ile-de-france,0.30022937,0.6997706
2919_ile-de-france,0.5311083,0.46889168
4145_central-asia,0.30020657,0.6997934
3715_central-asia,0.30020505,0.69979495
5665_canada,0.39412403,0.6058759
8211_geowiki-landcover-2017,0.6521391,0.3478609
2913_central-asia,0.30020526,0.69979477
7629_canada,0.42758393,0.57241607
4463_croplands,0.30021363,0.69978637
8919_geowiki-landcover-2017,0.42758253,0.5724175
2377_germany,0.42758387,0.5724161
22275_geowiki-landcover-2017,0.51338255,0.48661745
4231_canada,0.41521582,0.58478415
381_tanzania-ceo,0.6672386,0.33276135
19502_geowiki-landcover-2017,0.30020583,0.6997941
34293_geowiki-landcover-2017,0.30020532,0.69979465
35457_geowiki-landcover-2017,0.41521713,0.5847829
1473_ile-de-france,0.30020493,0.699795
10_geowiki-landcover-2017,0.55284536,0.44715467
10515_croplands,0.53522056,0.4647794
1614_central-asia,0.30020502,0.69979495
12344_geowiki-landcover-2017,0.5478125,0.45218754
2948_rwanda-ceo,0.75249213,0.24750787
4546_central-asia,0.30020547,0.69979453
12420_geowiki-landcover-2017,0.51338357,0.48661643
3472_central-asia,0.30020493,0.699795
27954_geowiki-landcover-2017,0.3002253,0.6997747
2452_canada,0.3002055,0.6997945
4979_central-asia,0.30020612,0.6997939
2149_martinique-france,0.652136,0.34786403
1548_martinique-france,0.75248843,0.24751158
923_germany,0.42758378,0.5724162
2012_geowiki-landcover-2017,0.7525048,0.2474951
3329_central-asia,0.3002838,0.6997162
35242_geowiki-landcover-2017,0.5311085,0.46889147
2983_canada,0.30020505,0.69979495
4105_ile-de-france,0.300205,0.699795
655_kenya-non-crop,0.7525075,0.24749252
21729_geowiki-landcover-2017,0.5478136,0.4521864
655_canada,0.42758378,0.57241625
440_tanzania-ceo,0.5351094,0.4648906
1445_canada,0.5311115,0.46888852
4471_croplands,0.30021587,0.69978416
18363_geowiki-landcover-2017,0.415217,0.584783
554_tanzania-ceo,0.652144,0.34785596
2628_rwanda-ceo,0.7525061,0.24749391
61_canada,0.427583,0.572417
1601_martinique-france,0.7518942,0.24810581
1006_martinique-france,0.53075874,0.4692413
4425_central-asia,0.3002053,0.6997947
14069_geowiki-landcover-2017,0.5478138,0.4521862
12049_geowiki-landcover-2017,0.6475194,0.3524806
326_sudan,0.4275844,0.57241565
1270_canada,0.3002049,0.69979507
286_kenya-non-crop,0.7525077,0.24749236
575_ethiopia,0.6358562,0.36414376
1070_kenya-non-crop,0.6672383,0.3327617
69_kenya,0.6672378,0.33276215
7495_canada,0.30020568,0.6997943
642_rwanda-ceo,0.75250787,0.24749213
2506_central-asia,0.42758346,0.57241654
572_ile-de-france,0.30020618,0.6997938
35166_geowiki-landcover-2017,0.4275851,0.5724149
2179_kenya-non-crop,0.65214396,0.34785604
24903_geowiki-landcover-2017,0.5133836,0.48661637
766_kenya-non-crop,0.6672367,0.33276334
4879_geowiki-landcover-2017,0.54781395,0.45218602
2266_ile-de-france,0.3002492,0.69975084
790_tanzania-ceo,0.6521435,0.34785652
3226_rwanda-ceo,0.7525082,0.24749173
125_canada,0.42758387,0.5724161
3098_geowiki-landcover-2017,0.6521559,0.34784412
440_lem-brazil,0.75250715,0.24749285
1560_ile-de-france,0.3941239,0.6058761
8025_geowiki-landcover-2017,0.64751923,0.3524808
6545_canada,0.53107923,0.4689208
265_canada,0.4275836,0.5724164
3841_geowiki-landcover-2017,0.39412412,0.60587585
1010_mali-helmets-labelling-crops,0.30020502,0.699795
13243_geowiki-landcover-2017,0.41521752,0.5847825
8920_geowiki-landcover-2017,0.5478142,0.4521858
6689_geowiki-landcover-2017,0.4275837,0.57241637
19334_geowiki-landcover-2017,0.42758355,0.5724164
541_geowiki-landcover-2017,0.7525081,0.24749191
17930_geowiki-landcover-2017,0.5311089,0.46889114
1876_reunion-france,0.5352201,0.46477988
229_kenya-non-crop,0.6358573,0.3641427
13872_geowiki-landcover-2017,0.513384,0.48661605
3052_rwanda-ceo,0.6672438,0.33275625
1176_rwanda-ceo,0.6358628,0.3641372
465_reunion-france,0.6521439,0.34785607
30545_geowiki-landcover-2017,0.3002048,0.6997951
2971_rwanda-ceo,0.75250787,0.24749209
2717_central-asia,0.42757663,0.57242334
1459_central-asia,0.30020493,0.69979507
237_mali-helmets-labelling-crops,0.530708,0.46929193
2069_canada,0.3002053,0.6997947
1132_mali-helmets-labelling-crops,0.30020505,0.69979495
362_kenya-non-crop,0.7525075,0.24749252
3922_central-asia,0.5311039,0.46889612
30902_geowiki-landcover-2017,0.6521432,0.3478568
2086_ile-de-france,0.5311029,0.4688971
19363_geowiki-landcover-2017,0.42759997,0.57240003
32963_geowiki-landcover-2017,0.5352203,0.46477962
3702_central-asia,0.30020595,0.69979405
1285_mali-helmets-labelling-crops,0.30020493,0.699795
5502_ile-de-france,0.3002326,0.6997674
101_germany,0.39411664,0.60588336
1119_tanzania-ceo,0.75250816,0.24749187
67_kenya-non-crop,0.667233,0.33276698
29650_geowiki-landcover-2017,0.3002091,0.69979095
26710_geowiki-landcover-2017,0.5478434,0.45215657
759_canada,0.30070424,0.69929576
1405_mali-helmets-labelling-crops,0.3002073,0.6997927
4311_croplands,0.4152083,0.5847917
564_ile-de-france,0.5311092,0.46889076
33392_geowiki-landcover-2017,0.6521097,0.34789032
648_canada,0.42758527,0.5724147
3706_geowiki-landcover-2017,0.39412454,0.6058755
2097_central-asia,0.30020505,0.69979495
6676_croplands,0.5352201,0.46477988
13962_geowiki-landcover-2017,0.5311058,0.46889415
249_rwanda-ceo,0.63585716,0.3641428
6016_ile-de-france,0.42758402,0.572416
203_kenya,0.66724485,0.33275518
5351_ile-de-france,0.30020502,0.699795
1966_tanzania-ceo,0.75250787,0.24749209
8321_geowiki-landcover-2017,0.6474529,0.3525471
13837_croplands,0.63585746,0.36414257
11023_geowiki-landcover-2017,0.6672383,0.3327617
84_martinique-france,0.7524855,0.24751441
26046_geowiki-landcover-2017,0.5311092,0.4688908
5425_ile-de-france,0.30020502,0.699795
833_mali-helmets-labelling-crops,0.30020493,0.69979507
4048_geowiki-landcover-2017,0.54781884,0.45218116
290_tanzania-rice-ecaas,0.63585687,0.36414313
12140_geowiki-landcover-2017,0.53110915,0.46889085
571_rwanda-ceo,0.75250787,0.24749209
196_croplands,0.30020493,0.699795
1696_rwanda-ceo,0.6672384,0.33276165
9839_geowiki-landcover-2017,0.65214443,0.34785557
1520_geowiki-landcover-2017,0.6475173,0.3524827
226_sudan,0.6521433,0.34785667
1251_canada,0.30020493,0.69979507
858_geowiki-landcover-2017,0.652144,0.34785601
29327_geowiki-landcover-2017,0.42743102,0.572569
15453_geowiki-landcover-2017,0.652144,0.34785601
6198_canada,0.30020493,0.699795
12126_geowiki-landcover-2017,0.4275839,0.5724161
1325_ile-de-france,0.39412883,0.60587114
1451_mali-helmets-labelling-crops,0.30020514,0.6997948
2069_tanzania-ceo,0.6521436,0.34785634
6025_canada,0.30020493,0.69979507
4648_canada,0.30020505,0.69979495
733_lem-brazil,0.7525045,0.24749547
1001_tanzania-ceo,0.7525075,0.24749249
5902_canada,0.30021036,0.69978964
28600_geowiki-landcover-2017,0.6521435,0.34785655
1891_ile-de-france,0.30020493,0.699795
295_geowiki-landcover-2017,0.75250715,0.2474928
28062_geowiki-landcover-2017,0.5478141,0.45218596
5278_geowiki-landcover-2017,0.42758402,0.572416
150_mali-helmets-labelling-crops,0.5311097,0.46889034
1762_martinique-france,0.75249296,0.247507
10512_croplands,0.5352203,0.46477968
6474_geowiki-landcover-2017,0.42758387,0.5724161
2603_ile-de-france,0.30020505,0.69979495
278_tanzania-ceo,0.6672384,0.33276165
28065_geowiki-landcover-2017,0.54781324,0.45218676
1220_canada,0.30020493,0.69979507
1821_reunion-france,0.7525078,0.24749222
3467_geowiki-landcover-2017,0.64752275,0.35247722
20917_geowiki-landcover-2017,0.7524685,0.24753149
2159_rwanda-ceo,0.7525082,0.24749178
28753_geowiki-landcover-2017,0.30020502,0.699795
1938_germany,0.3002049,0.69979507
4792_geowiki-landcover-2017,0.6358616,0.3641384
5764_croplands,0.65215516,0.34784478
1454_martinique-france,0.5310866,0.4689134
1551_ile-de-france,0.5311086,0.4688914
686_central-asia,0.30020607,0.69979393
10071_geowiki-landcover-2017,0.6672361,0.33276388
2023_martinique-france,0.427831,0.57216907
35202_geowiki-landcover-2017,0.39412418,0.60587585
936_geowiki-landcover-2017,0.64558715,0.35441288
2797_ile-de-france,0.3002051,0.6997949
30589_geowiki-landcover-2017,0.42758307,0.5724169
26854_geowiki-landcover-2017,0.30020633,0.6997937
482_togo,0.30045214,0.6995478
20539_geowiki-landcover-2017,0.5528429,0.44715714
7870_canada,0.53108275,0.46891728
16071_geowiki-landcover-2017,0.3002048,0.6997951
21723_geowiki-landcover-2017,0.41031486,0.58968514
7708_canada,0.30020505,0.69979495
257_central-asia,0.3941261,0.60587394
678_kenya-non-crop,0.752505,0.24749501
1176_ile-de-france,0.3002764,0.6997236
1437_germany,0.53110915,0.46889088
1434_mali-helmets-labelling-crops,0.3002051,0.6997949
741_central-asia,0.3002053,0.6997947
21780_geowiki-landcover-2017,0.53522027,0.4647797
466_tanzania-ceo,0.6672382,0.3327618
528_geowiki-landcover-2017,0.7525081,0.24749194
1817_reunion-france,0.7525079,0.24749205
64_central-asia,0.3002062,0.6997938
812_martinique-france,0.4275861,0.5724139
337_geowiki-landcover-2017,0.66723907,0.33276093
32909_geowiki-landcover-2017,0.41521606,0.584784
3228_geowiki-landcover-2017,0.42758518,0.5724148
532_geowiki-landcover-2017,0.6672393,0.3327607
21678_geowiki-landcover-2017,0.5478141,0.45218596
12538_geowiki-landcover-2017,0.65214163,0.34785837
4302_geowiki-landcover-2017,0.5478141,0.45218596
3364_rwanda-ceo,0.75250804,0.247492
4127_croplands,0.5184594,0.48154068
29137_geowiki-landcover-2017,0.5311073,0.46889272
344_germany,0.531109,0.468891
2584_ile-de-france,0.30020505,0.6997949
386_tanzania-rice-ecaas,0.635857,0.36414307
3799_geowiki-landcover-2017,0.53111607,0.4688839
27430_geowiki-landcover-2017,0.55284345,0.44715658
16287_geowiki-landcover-2017,0.30024424,0.6997558
35021_geowiki-landcover-2017,0.30020484,0.6997951
1012_martinique-france,0.5310915,0.4689085
1750_ile-de-france,0.3002051,0.6997949
15729_geowiki-landcover-2017,0.6475198,0.3524802
637_germany,0.30020493,0.699795
413_central-asia,0.300205,0.699795
29334_geowiki-landcover-2017,0.54781264,0.4521874
12685_geowiki-landcover-2017,0.30020574,0.69979423
1049_rwanda-ceo,0.7525083,0.24749169
7420_geowiki-landcover-2017,0.5311089,0.4688911
1025_germany,0.531109,0.46889102
12630_geowiki-landcover-2017,0.51337737,0.48662257
751_tanzania-ceo,0.66662043,0.3333796
4072_central-asia,0.39412415,0.60587585
4680_geowiki-landcover-2017,0.42758387,0.5724161
20729_geowiki-landcover-2017,0.42758754,0.57241243
14188_croplands,0.4152228,0.58477724
17100_geowiki-landcover-2017,0.3002053,0.69979465
29723_geowiki-landcover-2017,0.6475177,0.3524823
27989_geowiki-landcover-2017,0.4275894,0.57241064
29814_geowiki-landcover-2017,0.63585556,0.3641445
11643_croplands,0.518459,0.481541
2475_germany,0.42758402,0.57241595
4366_canada,0.30161557,0.6983844
16427_geowiki-landcover-2017,0.42758408,0.57241595
341_kenya-non-crop,0.5352209,0.46477908
20946_geowiki-landcover-2017,0.53110886,0.46889114
3905_ile-de-france,0.39412472,0.60587525
1739_canada,0.300205,0.699795
25403_geowiki-landcover-2017,0.4275836,0.5724164
32251_geowiki-landcover-2017,0.531109,0.468891
2514_geowiki-landcover-2017,0.42758405,0.57241595
382_rwanda-ceo,0.7525073,0.24749267
34941_geowiki-landcover-2017,0.42760357,0.5723964
3250_canada,0.4275855,0.57241446
3825_ile-de-france,0.3941237,0.60587627
384_geowiki-landcover-2017,0.6672383,0.3327617
3165_geowiki-landcover-2017,0.42758527,0.57241476
400_reunion-france,0.41521958,0.58478045
559_croplands,0.6521439,0.34785613
2085_martinique-france,0.75248617,0.24751388
3728_croplands,0.53522015,0.46477985
18787_geowiki-landcover-2017,0.54781336,0.45218664
1855_ile-de-france,0.3002099,0.6997901
585_togo,0.30020824,0.6997917
4467_central-asia,0.42758253,0.57241744
302_reunion-france,0.75250787,0.24749213
621_kenya-non-crop,0.5352202,0.46477976
23625_geowiki-landcover-2017,0.5133836,0.48661637
375_tanzania-ceo,0.63585705,0.36414298
3930_central-asia,0.53110904,0.46889096
3486_ile-de-france,0.30020502,0.699795
1347_ile-de-france,0.4408028,0.5591972
2065_canada,0.4273344,0.57266563
2222_canada,0.30020502,0.699795
2262_reunion-france,0.53522015,0.46477985
24589_geowiki-landcover-2017,0.64751977,0.3524802
10210_croplands,0.53549653,0.46450347
2657_canada,0.3002051,0.6997949
24880_geowiki-landcover-2017,0.4152155,0.58478457
331_togo,0.5184783,0.48152173
16749_geowiki-landcover-2017,0.6672364,0.3327636
6804_canada,0.30020604,0.69979393
5552_canada,0.3002049,0.6997951
191_mali-helmets-labelling-crops,0.30020523,0.69979477
12840_croplands,0.30022445,0.6997755
10514_geowiki-landcover-2017,0.41029054,0.58970946
34244_geowiki-landcover-2017,0.5528429,0.44715714
399_canada,0.53105646,0.4689435
4850_central-asia,0.42758414,0.5724159
3620_central-asia,0.30020493,0.699795
34254_geowiki-landcover-2017,0.55301607,0.44698387
20580_geowiki-landcover-2017,0.7525077,0.24749236
33311_geowiki-landcover-2017,0.3002049,0.6997951
15564_geowiki-landcover-2017,0.53110904,0.468891
18044_geowiki-landcover-2017,0.5133839,0.48661605
3044_canada,0.42758408,0.5724159
7983_geowiki-landcover-2017,0.5528425,0.4471575
6739_croplands,0.53522015,0.46477985
14141_geowiki-landcover-2017,0.54781365,0.45218635
745_tanzania-ceo,0.63585675,0.36414325
1229_geowiki-landcover-2017,0.66723835,0.33276168
1035_mali-helmets-labelling-crops,0.30020505,0.69979495
1823_canada,0.30020517,0.69979477
30454_geowiki-landcover-2017,0.4275851,0.5724149
456_geowiki-landcover-2017,0.66723955,0.33276048
699_ethiopia,0.54781497,0.45218506
16284_geowiki-landcover-2017,0.6521439,0.34785613
26838_geowiki-landcover-2017,0.54781395,0.45218605
12039_geowiki-landcover-2017,0.30020502,0.699795
2012_ile-de-france,0.5311091,0.46889094
2336_canada,0.42758387,0.5724161
1986_martinique-france,0.65139526,0.34860477
29255_geowiki-landcover-2017,0.30020502,0.699795
2852_canada,0.55284196,0.447158
1433_martinique-france,0.5311153,0.46888474
1008_ile-de-france,0.30020502,0.699795
504_martinique-france,0.64749795,0.35250208
4793_central-asia,0.3002049,0.69979507
505_togo,0.5528416,0.4471584
3076_ile-de-france,0.300205,0.699795
959_togo,0.30023077,0.6997692
3901_ile-de-france,0.39412412,0.60587585
4155_ile-de-france,0.53110737,0.4688926
2729_reunion-france,0.75250804,0.24749196
3520_croplands,0.63585705,0.36414295
20716_geowiki-landcover-2017,0.5184489,0.48155105
3990_central-asia,0.39412412,0.60587585
1105_togo,0.5528378,0.44716224
4869_ile-de-france,0.39412412,0.60587585
16701_geowiki-landcover-2017,0.6521427,0.34785736
9838_croplands,0.5352194,0.4647806
31304_geowiki-landcover-2017,0.3002074,0.6997926
19197_geowiki-landcover-2017,0.65214086,0.34785908
4381_central-asia,0.30020595,0.699794
995_martinique-france,0.53135276,0.46864727
749_martinique-france,0.5311119,0.4688881
3212_ile-de-france,0.39412376,0.60587627
31908_geowiki-landcover-2017,0.55284137,0.4471586
2044_geowiki-landcover-2017,0.65214264,0.34785736
40_mali-helmets-labelling-crops,0.3002053,0.6997947
535_ethiopia,0.5236159,0.47638413
120_rwanda-ceo,0.75250673,0.24749324
4106_central-asia,0.53110796,0.46889207
6199_canada,0.300205,0.699795
422_ile-de-france,0.30020496,0.699795
10775_croplands,0.53522575,0.46477422
954_croplands,0.3002119,0.6997881
5903_canada,0.3002064,0.69979364
9469_croplands,0.53522193,0.46477807
1495_geowiki-landcover-2017,0.7525078,0.24749218
1483_ile-de-france,0.30020496,0.699795
1889_geowiki-landcover-2017,0.53521955,0.46478045
33630_geowiki-landcover-2017,0.6475135,0.3524865
2111_canada,0.30020502,0.699795
2450_central-asia,0.5311084,0.46889162
2335_germany,0.30020493,0.69979507
28270_geowiki-landcover-2017,0.6521439,0.34785613
34651_geowiki-landcover-2017,0.5311088,0.4688912
31999_geowiki-landcover-2017,0.30020493,0.699795
8060_geowiki-landcover-2017,0.55284315,0.44715682
6406_canada,0.42757425,0.5724258
13307_geowiki-landcover-2017,0.41521665,0.5847833
31103_geowiki-landcover-2017,0.30020866,0.6997914
26987_geowiki-landcover-2017,0.5311085,0.46889147
1826_ile-de-france,0.30020502,0.699795
2034_germany,0.30020505,0.69979495
1978_germany,0.30020505,0.69979495
3848_croplands,0.65212315,0.34787688
1069_central-asia,0.30020493,0.69979507
2142_kenya-non-crop,0.63585716,0.36414286
2331_kenya-non-crop,0.7525028,0.24749716
33663_geowiki-landcover-2017,0.41521606,0.5847839
226_togo,0.42785543,0.5721445
26195_geowiki-landcover-2017,0.5466523,0.45334774
489_central-asia,0.3941245,0.6058755
845_canada,0.3002051,0.6997949
34729_geowiki-landcover-2017,0.4099365,0.5900635
3092_rwanda-ceo,0.6672387,0.33276132
6789_canada,0.30020493,0.69979507
31348_geowiki-landcover-2017,0.42757338,0.5724267
27217_geowiki-landcover-2017,0.4280982,0.57190174
381_ile-de-france,0.3941242,0.6058758
34040_geowiki-landcover-2017,0.4275796,0.5724204
180_canada,0.42758408,0.57241595
8329_geowiki-landcover-2017,0.54781353,0.45218647
118_croplands,0.5528354,0.44716465
4680_croplands,0.410305,0.589695
3944_central-asia,0.39412406,0.6058759
2255_geowiki-landcover-2017,0.6358572,0.36414278
808_canada,0.30020493,0.69979507
2090_central-asia,0.3002051,0.6997949
1153_tanzania-ceo,0.53522104,0.46477896
2296_rwanda-ceo,0.6471704,0.35282958
1908_ile-de-france,0.30020502,0.699795
427_mali-helmets-labelling-crops,0.3002064,0.69979364
250_germany,0.3002049,0.69979507
5837_canada,0.42758238,0.57241756
4061_central-asia,0.39412418,0.60587585
5444_ile-de-france,0.30020493,0.699795
4087_ile-de-france,0.53110725,0.46889278
67_tanzania,0.63585746,0.3641425
1913_ile-de-france,0.30020496,0.699795
4375_canada,0.30020496,0.699795
1604_central-asia,0.39412394,0.605876
3092_central-asia,0.30020517,0.69979477
9525_croplands,0.635847,0.364153
3380_canada,0.53110915,0.46889088
1796_canada,0.3002051,0.6997949
719_tanzania-rice-ecaas,0.63598573,0.36401427
5563_ile-de-france,0.30020517,0.69979477
3641_canada,0.30020484,0.6997951
7364_croplands,0.7525078,0.24749218
30542_geowiki-landcover-2017,0.3941241,0.6058759
419_kenya-non-crop,0.63585967,0.3641403
320_croplands,0.5528423,0.44715765
4121_croplands,0.5528428,0.44715714
30990_geowiki-landcover-2017,0.53111064,0.4688894
1080_tanzania-ceo,0.7524999,0.24750015
436_tanzania-rice-ecaas,0.6358568,0.36414316
6887_croplands,0.53522015,0.46477985
2226_martinique-france,0.6521345,0.34786555
35222_geowiki-landcover-2017,0.3002049,0.6997951
5916_canada,0.3002049,0.69979507
12828_croplands,0.53086627,0.46913373
4713_central-asia,0.30020493,0.69979507
6368_geowiki-landcover-2017,0.5133825,0.48661757
1007_tanzania-ceo,0.53522104,0.46477902
4113_central-asia,0.3002093,0.6997907
30203_geowiki-landcover-2017,0.64751905,0.35248092
363_lem-brazil,0.75250727,0.24749267
4523_central-asia,0.3002127,0.6997873
4678_geowiki-landcover-2017,0.42758408,0.57241595
27374_geowiki-landcover-2017,0.5184591,0.4815409
5926_ile-de-france,0.531109,0.46889105
8336_geowiki-landcover-2017,0.652135,0.347865
3305_central-asia,0.3002049,0.69979507
5751_canada,0.30020493,0.699795
9264_geowiki-landcover-2017,0.5478157,0.45218438
246_geowiki-landcover-2017,0.51338416,0.48661587
2749_central-asia,0.39412454,0.60587543
33111_geowiki-landcover-2017,0.39412332,0.6058766
3173_rwanda-ceo,0.7525075,0.24749252
476_lem-brazil,0.7525074,0.24749257
35454_geowiki-landcover-2017,0.39412507,0.60587496
7568_geowiki-landcover-2017,0.42758358,0.5724164
34683_geowiki-landcover-2017,0.42757824,0.5724217
22621_geowiki-landcover-2017,0.42758432,0.57241565
3327_ile-de-france,0.42758504,0.572415
2673_canada,0.39412448,0.6058755
695_tanzania-rice-ecaas,0.75236034,0.24763966
2360_central-asia,0.3002052,0.69979477
739_tanzania-rice-ecaas,0.53522074,0.4647793
1579_canada,0.42758387,0.5724161
2232_canada,0.4275824,0.57241756
5196_geowiki-landcover-2017,0.54781395,0.4521861
1821_geowiki-landcover-2017,0.7525055,0.24749452
1990_germany,0.5311083,0.46889168
31723_geowiki-landcover-2017,0.4275837,0.57241637
5334_geowiki-landcover-2017,0.42764995,0.5723501
5934_ile-de-france,0.5311086,0.4688914
1578_reunion-france,0.75250787,0.24749212
24296_geowiki-landcover-2017,0.53111005,0.46888992
28987_geowiki-landcover-2017,0.5133835,0.48661652
7811_canada,0.53110904,0.46889094
238_kenya,0.667243,0.33275697
26463_geowiki-landcover-2017,0.427583,0.57241696
3377_central-asia,0.39412403,0.60587597
2527_rwanda-ceo,0.667238,0.332762
1775_germany,0.42758393,0.57241607
837_mali-helmets-labelling-crops,0.300205,0.699795
1944_canada,0.42758405,0.57241595
56_tanzania-ceo,0.6672541,0.33274594
6150_geowiki-landcover-2017,0.53110814,0.46889183
148_uganda,0.64752096,0.3524791
4504_geowiki-landcover-2017,0.66723824,0.33276176
227_ethiopia,0.31490755,0.68509245
31519_geowiki-landcover-2017,0.300205,0.699795
6480_geowiki-landcover-2017,0.54781675,0.45218325
6288_geowiki-landcover-2017,0.6475195,0.35248044
430_central-asia,0.39412397,0.605876
4099_central-asia,0.30484492,0.6951551
4_kenya,0.75250584,0.24749412
2383_canada,0.42758355,0.5724164
1598_ile-de-france,0.53110707,0.46889296
8679_geowiki-landcover-2017,0.5528429,0.44715714
736_rwanda-ceo,0.7525079,0.24749205
1864_reunion-france,0.63586026,0.36413974
2195_rwanda-ceo,0.63585716,0.3641428
26144_geowiki-landcover-2017,0.54780734,0.4521926
1366_martinique-france,0.65212077,0.34787926
540_mali-helmets-labelling-crops,0.30020532,0.69979465
4257_croplands,0.65213317,0.3478668
2497_rwanda-ceo,0.6358574,0.3641426
3245_canada,0.547735,0.45226505
9447_croplands,0.41521695,0.5847831
9364_croplands,0.41521844,0.5847815
3541_rwanda-ceo,0.7525081,0.24749191
6778_croplands,0.53522015,0.46477988
84_sudan,0.41028807,0.58971196
4319_croplands,0.41519824,0.58480173
512_martinique-france,0.39413172,0.60586834
1583_canada,0.42758355,0.5724164
29268_geowiki-landcover-2017,0.3002049,0.69979507
2054_canada,0.42758128,0.5724187
1171_togo,0.64752007,0.35248
1920_central-asia,0.30020526,0.69979477
5974_ile-de-france,0.39412385,0.6058762
330_canada,0.42758378,0.5724162
2936_geowiki-landcover-2017,0.30020767,0.6997923
14030_croplands,0.53522027,0.4647797
26622_geowiki-landcover-2017,0.64751875,0.35248128
1094_rwanda-ceo,0.7525065,0.2474935
23375_geowiki-landcover-2017,0.6347008,0.36529925
410_canada,0.30020523,0.69979477
10413_geowiki-landcover-2017,0.54625267,0.45374727
20891_geowiki-landcover-2017,0.3941277,0.60587233
2694_kenya-non-crop,0.66723514,0.33276483
6_zimbabwe,0.6358568,0.36414325
12436_geowiki-landcover-2017,0.5133838,0.48661622
1374_mali-helmets-labelling-crops,0.42758405,0.57241595
818_reunion-france,0.7525048,0.24749514
1097_canada,0.30020493,0.69979507
144_mali,0.3002051,0.6997949
370_ethiopia,0.6358708,0.3641292
1509_martinique-france,0.6521206,0.34787944
7371_canada,0.42758393,0.572416
4051_central-asia,0.3941241,0.6058759
32487_geowiki-landcover-2017,0.4275848,0.5724152
506_kenya-non-crop,0.75250804,0.247492
613_tanzania-ceo,0.75250274,0.24749722
1627_reunion-france,0.51845914,0.4815408
2807_rwanda-ceo,0.75250787,0.24749212
75_mali,0.30020833,0.69979167
2145_croplands,0.5184586,0.4815414
18408_geowiki-landcover-2017,0.6521435,0.34785646
27350_geowiki-landcover-2017,0.6521413,0.34785873
3197_canada,0.3002049,0.69979507
2068_kenya-non-crop,0.6521439,0.34785613
526_togo,0.41521615,0.5847838
1004_geowiki-landcover-2017,0.6358569,0.36414307
2725_reunion-france,0.652143,0.34785703
35031_geowiki-landcover-2017,0.55284244,0.4471576
710_germany,0.42758167,0.57241833
1508_tanzania-ceo,0.5370014,0.4629986
2575_rwanda-ceo,0.4102917,0.58970827
14867_geowiki-landcover-2017,0.5528423,0.44715765
8287_geowiki-landcover-2017,0.6475176,0.35248238
5526_geowiki-landcover-2017,0.51845515,0.48154485
6958_geowiki-landcover-2017,0.30020708,0.6997929
1601_central-asia,0.39412358,0.6058764
34387_geowiki-landcover-2017,0.53111345,0.46888655
167_mali-helmets-labelling-crops,0.3002063,0.6997937
17015_geowiki-landcover-2017,0.5352204,0.4647796
1729_central-asia,0.42729628,0.5727037
21232_geowiki-landcover-2017,0.65214366,0.34785634
3946_geowiki-landcover-2017,0.5311092,0.4688908
7161_geowiki-landcover-2017,0.6672382,0.3327618
5041_ile-de-france,0.531109,0.46889105
12119_geowiki-landcover-2017,0.41029212,0.5897079
1553_kenya-non-crop,0.6521437,0.34785634
29670_geowiki-landcover-2017,0.53109753,0.46890244
28808_geowiki-landcover-2017,0.64725935,0.35274065
5582_geowiki-landcover-2017,0.4275874,0.5724126
526_ile-de-france,0.5311086,0.4688914
5045_ile-de-france,0.30020586,0.6997941
20981_geowiki-landcover-2017,0.54781395,0.4521861
11148_geowiki-landcover-2017,0.7525061,0.24749395
23348_geowiki-landcover-2017,0.54781497,0.45218503
11713_geowiki-landcover-2017,0.65214175,0.34785828
5361_ile-de-france,0.300205,0.699795
2487_reunion-france,0.6358612,0.36413875
6069_geowiki-landcover-2017,0.42758355,0.5724164
4733_canada,0.30020487,0.6997951
255_kenya,0.5352206,0.4647794
28161_geowiki-landcover-2017,0.41521612,0.5847839
1148_canada,0.42758256,0.57241744
729_reunion-france,0.63585716,0.36414286
3487_central-asia,0.3002049,0.69979507
4802_central-asia,0.3002049,0.69979507
1718_martinique-france,0.6513745,0.34862545
1077_ile-de-france,0.30020523,0.69979477
24808_geowiki-landcover-2017,0.6521437,0.34785628
12588_geowiki-landcover-2017,0.42758387,0.5724161
847_rwanda-ceo,0.75250775,0.24749227
1364_ile-de-france,0.531109,0.468891
2404_martinique-france,0.6513963,0.34860376
25440_geowiki-landcover-2017,0.5311091,0.46889094
377_geowiki-landcover-2017,0.75250804,0.247492
865_togo,0.3941268,0.6058732
4447_ile-de-france,0.5311092,0.4688908
11760_geowiki-landcover-2017,0.547814,0.45218602
6467_canada,0.3002049,0.69979507
6077_geowiki-landcover-2017,0.64751935,0.35248062
5363_geowiki-landcover-2017,0.300205,0.699795
31673_geowiki-landcover-2017,0.42758286,0.57241714
441_togo,0.6521435,0.3478565
22753_geowiki-landcover-2017,0.6475195,0.3524804
557_central-asia,0.531109,0.46889102
2505_canada,0.42758408,0.57241595
3342_canada,0.53110886,0.46889117
3652_croplands,0.53522015,0.46477988
2744_central-asia,0.42758766,0.5724124
222_rwanda-ceo,0.7525035,0.24749655
784_ile-de-france,0.39412078,0.60587925
33559_geowiki-landcover-2017,0.54781425,0.45218575
5941_canada,0.30022487,0.69977516
4129_croplands,0.51845896,0.48154104
1164_ile-de-france,0.5311081,0.46889195
25470_geowiki-landcover-2017,0.531109,0.46889102
550_togo,0.4152157,0.5847843
8792_geowiki-landcover-2017,0.5133839,0.48661605
15403_geowiki-landcover-2017,0.4102905,0.58970946
3839_canada,0.39412403,0.60587597
207_tanzania-rice-ecaas,0.6358568,0.36414316
34476_geowiki-landcover-2017,0.41521645,0.58478355
11476_geowiki-landcover-2017,0.4102906,0.5897094
2521_germany,0.42758426,0.57241577
1051_martinique-france,0.65139365,0.34860632
958_reunion-france,0.5184589,0.48154107
28_rwanda-ceo,0.5352176,0.46478242
32725_geowiki-landcover-2017,0.3941241,0.6058759
128_ethiopia,0.5131885,0.48681146
3787_canada,0.300205,0.699795
5451_ile-de-france,0.30020502,0.699795
13672_geowiki-landcover-2017,0.51845974,0.48154023
2572_rwanda-ceo,0.6358868,0.3641132
4751_central-asia,0.3002049,0.6997951
3984_central-asia,0.531109,0.46889105
381_mali-helmets-labelling-crops,0.3002065,0.6997935
26933_geowiki-landcover-2017,0.5311071,0.46889287
1727_geowiki-landcover-2017,0.6672373,0.33276272
20487_geowiki-landcover-2017,0.6475195,0.35248044
35663_geowiki-landcover-2017,0.42759058,0.57240945
763_lem-brazil,0.7525067,0.24749333
3019_canada,0.42758426,0.57241577
30548_geowiki-landcover-2017,0.42758363,0.57241637
418_tanzania-rice-ecaas,0.53522056,0.4647795
11858_geowiki-landcover-2017,0.42758417,0.5724159
1943_germany,0.39412403,0.60587597
829_tanzania-ceo,0.7525079,0.24749205
11491_geowiki-landcover-2017,0.63585657,0.36414337
2259_croplands,0.63583136,0.36416867
7130_geowiki-landcover-2017,0.6521432,0.3478568
1677_central-asia,0.30020502,0.69979495
2646_rwanda-ceo,0.66723853,0.33276144
315_martinique-france,0.5311173,0.46888265
20_ethiopia,0.4103075,0.5896925
6716_croplands,0.5352202,0.46477976
2014_martinique-france,0.6521206,0.34787944
29249_geowiki-landcover-2017,0.53110886,0.46889114
6874_croplands,0.53522,0.46478003
1392_reunion-france,0.75250787,0.24749213
260_kenya-non-crop,0.7525078,0.24749222
1883_tanzania-ceo,0.75250626,0.24749373
197_kenya,0.7525068,0.24749322
520_canada,0.42758352,0.5724165
6686_croplands,0.53522,0.46478
2347_germany,0.5311085,0.46889153
30813_geowiki-landcover-2017,0.30020487,0.6997951
9259_geowiki-landcover-2017,0.5184475,0.48155254
15840_geowiki-landcover-2017,0.64751977,0.3524803
6600_geowiki-landcover-2017,0.41029048,0.5897095
33808_geowiki-landcover-2017,0.53110904,0.468891
5128_ile-de-france,0.5311087,0.46889132
2833_canada,0.4275848,0.5724152
846_martinique-france,0.5184335,0.4815665
3358_rwanda-ceo,0.6672326,0.33276746
558_kenya-non-crop,0.7525055,0.24749452
4496_croplands,0.30021656,0.69978344
6354_canada,0.4275832,0.5724168
32990_geowiki-landcover-2017,0.5528426,0.44715744
1271_togo,0.30021867,0.69978136
9613_geowiki-landcover-2017,0.4272677,0.5727323
516_tanzania-rice-ecaas,0.7525075,0.24749252
10991_geowiki-landcover-2017,0.53116006,0.46883988
97_sudan,0.5311133,0.46888667
513_tanzania-rice-ecaas,0.7525062,0.24749376
10832_geowiki-landcover-2017,0.42758328,0.5724167
1062_ile-de-france,0.3941244,0.6058756
2190_tanzania-ceo,0.7525037,0.24749632
513_mali-helmets-labelling-crops,0.3002053,0.6997947
7_rwanda-ceo,0.7525078,0.24749218
19639_geowiki-landcover-2017,0.5134222,0.4865778
1395_central-asia,0.30020514,0.6997949
135_central-asia,0.3941242,0.60587573
194_canada,0.42758417,0.5724158
1405_rwanda-ceo,0.7525081,0.24749191
17062_geowiki-landcover-2017,0.51338494,0.48661506
105_sudan,0.4275853,0.5724147
1514_canada,0.42758402,0.572416
35257_geowiki-landcover-2017,0.5311106,0.4688894
3101_ile-de-france,0.39412323,0.6058768
25086_geowiki-landcover-2017,0.65214306,0.34785694
1629_geowiki-landcover-2017,0.5352202,0.46477976
25315_geowiki-landcover-2017,0.5311089,0.46889114
6209_canada,0.42758378,0.57241625
9149_geowiki-landcover-2017,0.5311114,0.46888858
2786_central-asia,0.30020532,0.69979465
1783_ile-de-france,0.30020517,0.6997948
4528_ile-de-france,0.30020502,0.699795
10117_croplands,0.6358564,0.36414358
32151_geowiki-landcover-2017,0.4275833,0.5724167
5719_ile-de-france,0.30020496,0.699795
1212_togo,0.3941355,0.60586447
11295_geowiki-landcover-2017,0.5528428,0.4471572
18545_geowiki-landcover-2017,0.6521433,0.34785673
440_central-asia,0.3002843,0.69971573
240_germany,0.5311089,0.46889105
2182_tanzania-ceo,0.64752066,0.3524793
3078_central-asia,0.3002054,0.6997946
131_ethiopia,0.5133582,0.48664188
1920_reunion-france,0.7525026,0.24749738
1637_reunion-france,0.518459,0.48154095
65_tanzania,0.7525076,0.2474924
6906_canada,0.42757744,0.57242256
5123_central-asia,0.30020657,0.69979346
1962_ile-de-france,0.30021143,0.6997885
31851_geowiki-landcover-2017,0.42758387,0.5724161
232_central-asia,0.30020785,0.69979215
2499_geowiki-landcover-2017,0.53127,0.46872994
2444_geowiki-landcover-2017,0.5352199,0.46478003
30382_geowiki-landcover-2017,0.30020607,0.69979393
5430_ile-de-france,0.30020502,0.699795
7867_canada,0.5311076,0.46889243
2396_germany,0.30020487,0.6997951
3166_ile-de-france,0.30020502,0.699795
1735_germany,0.5311089,0.4688911
149_martinique-france,0.518465,0.481535
2230_canada,0.42758122,0.57241875
29575_geowiki-landcover-2017,0.75250435,0.2474956
7272_geowiki-landcover-2017,0.3002049,0.6997951
125_kenya-non-crop,0.75250673,0.24749322
797_tanzania-ceo,0.6521445,0.34785554
1133_germany,0.531107,0.46889302
396_mali-helmets-labelling-crops,0.30020642,0.6997936
7116_canada,0.42758018,0.5724198
29824_geowiki-landcover-2017,0.415218,0.584782
24200_geowiki-landcover-2017,0.5184592,0.48154074
12736_geowiki-landcover-2017,0.41521612,0.5847839
3830_geowiki-landcover-2017,0.5311082,0.4688918
823_togo,0.53521943,0.46478057
26965_geowiki-landcover-2017,0.64751774,0.3524822
15855_geowiki-landcover-2017,0.64750993,0.35249
2382_central-asia,0.39412424,0.60587573
6900_canada,0.30020526,0.69979477
16617_geowiki-landcover-2017,0.55284226,0.44715774
32309_geowiki-landcover-2017,0.5133827,0.4866173
5613_ile-de-france,0.3002051,0.6997949
10818_geowiki-landcover-2017,0.54781413,0.45218587
9406_croplands,0.41521668,0.5847833
2562_canada,0.42758432,0.5724157
2248_martinique-france,0.7525008,0.24749924
745_reunion-france,0.75250787,0.24749213
2695_rwanda-ceo,0.75250804,0.247492
1855_rwanda-ceo,0.75250375,0.2474962
22_brazil-non-crop,0.51846343,0.48153657
20519_geowiki-landcover-2017,0.65216786,0.34783214
1844_rwanda-ceo,0.75249374,0.2475063
14165_croplands,0.41522187,0.58477813
1106_central-asia,0.30020496,0.699795
5959_geowiki-landcover-2017,0.42758277,0.57241726
1294_rwanda-ceo,0.7525074,0.24749254
3131_canada,0.30020493,0.699795
413_tanzania-rice-ecaas,0.6358595,0.36414057
1094_croplands,0.41521296,0.5847871
3232_central-asia,0.3002049,0.6997951
3420_ile-de-france,0.30020577,0.6997942
604_ile-de-france,0.3005977,0.6994023
1404_ile-de-france,0.5311085,0.46889153
29531_geowiki-landcover-2017,0.30020484,0.6997952
350_martinique-france,0.6521554,0.34784466
23226_geowiki-landcover-2017,0.42758384,0.5724162
167_kenya-non-crop,0.53519803,0.46480197
2241_kenya-non-crop,0.66572046,0.3342795
4344_canada,0.30020493,0.69979507
5081_canada,0.30021074,0.6997892
7290_geowiki-landcover-2017,0.3002051,0.6997949
626_ethiopia,0.6475197,0.3524803
1753_germany,0.5311088,0.4688912
15370_geowiki-landcover-2017,0.65214545,0.34785452
1175_togo,0.55284476,0.4471552
2191_ile-de-france,0.5311064,0.4688936
19043_geowiki-landcover-2017,0.42758396,0.572416
1209_rwanda-ceo,0.5478805,0.4521195
14039_croplands,0.5352206,0.4647794
3632_geowiki-landcover-2017,0.55284697,0.44715306
741_tanzania-ceo,0.75250804,0.24749196
28745_geowiki-landcover-2017,0.667238,0.33276206
571_kenya-non-crop,0.7525073,0.24749267
1756_ile-de-france,0.39412412,0.60587585
114_germany,0.30021423,0.69978577
8349_geowiki-landcover-2017,0.4152198,0.58478016
1366_central-asia,0.30020523,0.69979477
644_martinique-france,0.53111565,0.4688844
524_kenya-non-crop,0.53522,0.46477997
34681_geowiki-landcover-2017,0.3002049,0.69979507
207_central-asia,0.4275844,0.5724156
2292_rwanda-ceo,0.75250524,0.24749477
4421_geowiki-landcover-2017,0.65239495,0.34760502
6137_ile-de-france,0.300205,0.699795
2208_reunion-france,0.75250787,0.24749213
21514_geowiki-landcover-2017,0.54781395,0.45218605
2087_geowiki-landcover-2017,0.64751875,0.35248128
14426_geowiki-landcover-2017,0.4275809,0.5724191
693_germany,0.39412394,0.605876
4838_geowiki-landcover-2017,0.7525067,0.24749333
3216_central-asia,0.3002049,0.69979507
3734_ile-de-france,0.30020586,0.6997941
4587_croplands,0.3941283,0.60587174
659_reunion-france,0.64752567,0.3524743
3984_canada,0.42758378,0.57241625
13325_geowiki-landcover-2017,0.64771444,0.35228556
2596_kenya-non-crop,0.5478143,0.45218566
3340_rwanda-ceo,0.75250757,0.24749248
396_ile-de-france,0.3941249,0.6058751
30526_geowiki-landcover-2017,0.5311082,0.4688918
1735_reunion-france,0.65214187,0.34785813
2783_central-asia,0.3002056,0.6997944
3464_canada,0.6475195,0.35248044
3179_canada,0.30020505,0.69979495
10025_croplands,0.5352202,0.46477982
732_reunion-france,0.75250614,0.24749385
2120_germany,0.30020502,0.699795
16597_geowiki-landcover-2017,0.667238,0.332762
286_lem-brazil,0.6358567,0.36414328
7144_geowiki-landcover-2017,0.30023748,0.6997626
3435_canada,0.39412367,0.6058764
11521_geowiki-landcover-2017,0.53110975,0.4688902
119_uganda,0.5349569,0.46504316
17255_geowiki-landcover-2017,0.4275842,0.57241577
354_sudan,0.6475186,0.35248145
3489_central-asia,0.300205,0.699795
22313_geowiki-landcover-2017,0.54781395,0.45218602
21769_geowiki-landcover-2017,0.64751977,0.3524802
7437_croplands,0.53522,0.46477997
23555_geowiki-landcover-2017,0.5478136,0.45218647
269_germany,0.53110904,0.46889094
6801_geowiki-landcover-2017,0.6521421,0.34785792
1424_martinique-france,0.5311127,0.4688873
3647_canada,0.30020487,0.6997951
3040_central-asia,0.30020556,0.6997944
9881_geowiki-landcover-2017,0.66723967,0.3327603
25127_geowiki-landcover-2017,0.55267024,0.44732976
2379_ile-de-france,0.30020502,0.699795
18644_geowiki-landcover-2017,0.65214384,0.3478562
11622_geowiki-landcover-2017,0.65214384,0.3478562
159_germany,0.5311087,0.46889132
8992_geowiki-landcover-2017,0.5528433,0.4471568
28551_geowiki-landcover-2017,0.75250715,0.2474929
68_tanzania,0.6672383,0.3327617
538_canada,0.3002089,0.69979113
5747_ile-de-france,0.30020502,0.699795
20856_geowiki-landcover-2017,0.75250804,0.24749196
877_canada,0.3002049,0.6997951
3675_geowiki-landcover-2017,0.42651296,0.57348704
25723_geowiki-landcover-2017,0.42817277,0.57182723
16786_geowiki-landcover-2017,0.64752126,0.3524788
4452_canada,0.30020487,0.6997951
6857_canada,0.4152165,0.5847835
4016_ile-de-france,0.3002153,0.6997847
528_ethiopia,0.5133856,0.48661438
672_kenya-non-crop,0.66723776,0.3327622
1933_rwanda-ceo,0.75250596,0.24749404
717_kenya-non-crop,0.7525077,0.24749234
15518_geowiki-landcover-2017,0.42758408,0.5724159
13305_geowiki-landcover-2017,0.5528417,0.44715825
20184_geowiki-landcover-2017,0.42758396,0.572416
20328_geowiki-landcover-2017,0.54781085,0.45218918
1823_central-asia,0.30020502,0.699795
639_ile-de-france,0.3002051,0.6997949
3688_geowiki-landcover-2017,0.4275887,0.5724113
1508_germany,0.39412406,0.6058759
4025_central-asia,0.39411888,0.6058811
686_geowiki-landcover-2017,0.66723853,0.33276153
332_geowiki-landcover-2017,0.4152194,0.5847806
30807_geowiki-landcover-2017,0.531109,0.46889105
27900_geowiki-landcover-2017,0.5478139,0.45218617
26673_geowiki-landcover-2017,0.5311142,0.4688858
15293_geowiki-landcover-2017,0.6358573,0.36414275
348_ile-de-france,0.30020517,0.69979477
3509_geowiki-landcover-2017,0.6520599,0.3479401
2741_rwanda-ceo,0.7525081,0.24749194
5247_canada,0.30020493,0.699795
190_lem-brazil,0.6358568,0.36414325
795_kenya-non-crop,0.6672369,0.33276308
7176_canada,0.3002049,0.6997951
25565_geowiki-landcover-2017,0.6521436,0.3478564
10773_geowiki-landcover-2017,0.64751977,0.35248026
2498_ile-de-france,0.42757562,0.5724244
2515_reunion-france,0.752355,0.24764505
5216_central-asia,0.42758363,0.57241637
212_geowiki-landcover-2017,0.7388607,0.2611393
9413_croplands,0.5528414,0.44715855
2734_rwanda-ceo,0.53522027,0.4647797
20937_geowiki-landcover-2017,0.66723365,0.33276632
974_kenya-non-crop,0.5352199,0.4647801
4665_canada,0.30020505,0.69979495
7957_geowiki-landcover-2017,0.75250006,0.24749994
30910_geowiki-landcover-2017,0.30020502,0.699795
1703_rwanda-ceo,0.7525076,0.2474924
15979_geowiki-landcover-2017,0.65213776,0.3478622
2430_rwanda-ceo,0.6368906,0.36310938
4312_canada,0.3002048,0.6997951
18401_geowiki-landcover-2017,0.41029572,0.5897043
1849_kenya-non-crop,0.7525079,0.247492
32840_geowiki-landcover-2017,0.53521216,0.46478787
1275_kenya-non-crop,0.6672383,0.3327617
35003_geowiki-landcover-2017,0.3002053,0.69979465
27547_geowiki-landcover-2017,0.5311092,0.4688908
349_togo,0.55284244,0.44715756
13919_geowiki-landcover-2017,0.6521433,0.34785667
11646_croplands,0.552843,0.44715708
5131_central-asia,0.3002053,0.69979465
794_geowiki-landcover-2017,0.6672382,0.33276185
6716_canada,0.5478123,0.45218775
5027_canada,0.39411163,0.60588837
34776_geowiki-landcover-2017,0.42758307,0.5724169
503_germany,0.39412192,0.60587806
5872_canada,0.3002051,0.6997949
4459_croplands,0.30021393,0.69978607
2758_central-asia,0.3002054,0.6997946
1338_germany,0.5311091,0.46889094
8185_geowiki-landcover-2017,0.42758396,0.572416
27285_geowiki-landcover-2017,0.30022335,0.6997767
301_ile-de-france,0.42758405,0.57241595
6721_canada,0.54781395,0.4521861
6907_geowiki-landcover-2017,0.39411864,0.60588133
3338_central-asia,0.30020657,0.69979346
5088_ile-de-france,0.39412403,0.6058759
10535_geowiki-landcover-2017,0.3002049,0.69979507
747_canada,0.42758343,0.57241654
1753_kenya-non-crop,0.75250816,0.24749182
7790_canada,0.5528423,0.44715768
1444_mali-helmets-labelling-crops,0.3002056,0.6997944
5068_canada,0.30020487,0.6997951
599_rwanda-ceo,0.7525071,0.24749292
37_mali-helmets-labelling-crops,0.30020532,0.69979465
34846_geowiki-landcover-2017,0.42758352,0.5724165
6022_canada,0.30020502,0.699795
2358_canada,0.39409995,0.60590005
1031_rwanda-ceo,0.667238,0.33276197
898_kenya-non-crop,0.7525077,0.24749231
3037_geowiki-landcover-2017,0.5311097,0.46889028
52_tanzania-rice-ecaas,0.635857,0.36414298
1010_ile-de-france,0.4275773,0.57242274
1062_kenya-non-crop,0.7525078,0.24749218
672_central-asia,0.39412734,0.60587263
23383_geowiki-landcover-2017,0.39412683,0.6058731
2469_canada,0.3002079,0.6997921
2301_central-asia,0.3002221,0.6997779
19_mali-non-crop,0.30020532,0.69979465
7059_canada,0.4275837,0.57241625
6564_canada,0.42758355,0.5724164
32359_geowiki-landcover-2017,0.30020538,0.6997946
498_reunion-france,0.6358573,0.36414278
534_ile-de-france,0.53110915,0.46889088
927_tanzania-ceo,0.6358576,0.36414248
5063_central-asia,0.39412358,0.60587645
14420_geowiki-landcover-2017,0.64751965,0.35248035
13772_geowiki-landcover-2017,0.63585657,0.36414346
774_ile-de-france,0.39412346,0.60587656
673_canada,0.42758393,0.57241607
4021_central-asia,0.39412332,0.60587674
808_rwanda-ceo,0.75250804,0.247492
1965_central-asia,0.3941269,0.6058731
771_martinique-france,0.30022186,0.6997781
23682_geowiki-landcover-2017,0.30020833,0.69979167
2791_ile-de-france,0.30020496,0.699795
17590_geowiki-landcover-2017,0.42758253,0.57241744
12189_geowiki-landcover-2017,0.64751923,0.3524808
12_mali-helmets-labelling-crops,0.3002053,0.6997947
2424_ile-de-france,0.300205,0.699795
567_kenya-non-crop,0.75250685,0.24749318
827_canada,0.42757213,0.5724278
2258_rwanda-ceo,0.7325092,0.2674908
2187_geowiki-landcover-2017,0.5528382,0.44716176
490_croplands,0.42759472,0.5724053
519_tanzania-rice-ecaas,0.53522015,0.46477982
8487_croplands,0.5350531,0.46494693
215_reunion-france,0.51845926,0.48154074
33772_geowiki-landcover-2017,0.531109,0.46889105
1163_central-asia,0.30020493,0.69979507
205_sudan,0.4152155,0.58478457
680_martinique-france,0.4276019,0.57239807
139_germany,0.53110915,0.46889088
34679_geowiki-landcover-2017,0.42758396,0.572416
668_tanzania-ceo,0.6672381,0.33276194
446_martinique-france,0.75189346,0.24810646
114_kenya-non-crop,0.6672379,0.3327621
4119_ile-de-france,0.30020517,0.6997948
1784_geowiki-landcover-2017,0.6521438,0.34785625
5312_ile-de-france,0.30020493,0.699795
1792_ile-de-france,0.300207,0.69979304
3253_rwanda-ceo,0.7525078,0.24749222
2360_rwanda-ceo,0.7525079,0.24749207
3327_canada,0.53110886,0.46889117
77_tanzania-ceo,0.6521443,0.3478557
70_tanzania,0.7524594,0.24754058
1733_geowiki-landcover-2017,0.548099,0.45190102
154_martinique-france,0.5176373,0.48236266
2200_reunion-france,0.75250804,0.247492
11549_geowiki-landcover-2017,0.6475176,0.3524824
3719_central-asia,0.30020505,0.69979495
26133_geowiki-landcover-2017,0.39412427,0.60587573
28033_geowiki-landcover-2017,0.55284005,0.44715998
27727_geowiki-landcover-2017,0.64751947,0.35248056
20838_geowiki-landcover-2017,0.5133877,0.48661232
12115_geowiki-landcover-2017,0.42758393,0.572416
18220_geowiki-landcover-2017,0.5478172,0.4521828
485_mali-helmets-labelling-crops,0.39412445,0.6058756
2594_reunion-france,0.51845986,0.4815401
32742_geowiki-landcover-2017,0.65214384,0.3478562
736_central-asia,0.30020845,0.69979155
2110_ile-de-france,0.53110677,0.46889323
179_tanzania-rice-ecaas,0.63585794,0.36414203
4758_canada,0.30020493,0.699795
13298_geowiki-landcover-2017,0.7525079,0.24749205
5790_canada,0.30020493,0.69979507
1398_canada,0.30020493,0.699795
1161_tanzania-ceo,0.7525063,0.24749364
197_rwanda-ceo,0.63585883,0.3641412
963_ile-de-france,0.30020505,0.69979495
117_canada,0.42758328,0.5724167
225_tanzania-ceo,0.7525078,0.24749222
24762_geowiki-landcover-2017,0.6521418,0.34785825
2048_ile-de-france,0.5311084,0.46889162
170_tanzania-ceo,0.75250757,0.24749245
5697_ile-de-france,0.30020502,0.699795
1051_geowiki-landcover-2017,0.6521438,0.34785625
217_tanzania-ceo,0.635857,0.36414307
832_central-asia,0.531121,0.468879
431_ile-de-france,0.30020502,0.699795
199_togo,0.30021754,0.69978243
27639_geowiki-landcover-2017,0.30020958,0.6997904
1393_rwanda-ceo,0.7525081,0.24749191
450_mali-helmets-labelling-crops,0.39412293,0.6058771
1044_geowiki-landcover-2017,0.5528426,0.44715744
1473_tanzania-ceo,0.75250375,0.24749628
2254_kenya-non-crop,0.6521965,0.3478035
2465_reunion-france,0.75250787,0.24749213
1665_germany,0.5311091,0.46889094
2462_germany,0.531109,0.46889105
1672_germany,0.5311087,0.46889132
29099_geowiki-landcover-2017,0.42758396,0.572416
6636_canada,0.3002049,0.6997951
269_togo,0.3002073,0.6997927
54_mali-non-crop,0.39412433,0.6058757
32324_geowiki-landcover-2017,0.53110904,0.46889094
24393_geowiki-landcover-2017,0.42771244,0.57228756
30750_geowiki-landcover-2017,0.42758507,0.57241493
8008_geowiki-landcover-2017,0.75164175,0.24835825
2474_central-asia,0.3002051,0.6997949
4563_central-asia,0.30020663,0.6997934
21230_geowiki-landcover-2017,0.6475197,0.3524803
2936_ile-de-france,0.30020502,0.699795
6724_canada,0.30020767,0.6997923
846_togo,0.30025667,0.6997433
4275_central-asia,0.4102899,0.58971006
2592_central-asia,0.30020505,0.69979495
2276_central-asia,0.42543706,0.57456297
3534_central-asia,0.30020514,0.6997949
1646_germany,0.53110874,0.4688912
16190_geowiki-landcover-2017,0.64751905,0.35248092
1303_kenya-non-crop,0.6672377,0.33276227
4610_canada,0.30027685,0.6997232
12999_geowiki-landcover-2017,0.5478141,0.4521859
5531_geowiki-landcover-2017,0.55284244,0.44715756
1036_germany,0.5311088,0.4688912
10588_geowiki-landcover-2017,0.64751977,0.3524802
86_martinique-france,0.7524848,0.24751517
3369_ile-de-france,0.30020502,0.699795
2202_rwanda-ceo,0.66723853,0.33276144
2165_geowiki-landcover-2017,0.6672385,0.33276153
7411_geowiki-landcover-2017,0.4275842,0.57241577
595_croplands,0.53110814,0.46889183
371_tanzania,0.63585716,0.36414286
77_ile-de-france,0.30020532,0.69979465
1225_martinique-france,0.42783132,0.5721687
2360_geowiki-landcover-2017,0.61170435,0.38829565
1912_rwanda-ceo,0.66723853,0.33276153
11937_geowiki-landcover-2017,0.66721123,0.33278874
35642_geowiki-landcover-2017,0.5352203,0.46477968
2581_geowiki-landcover-2017,0.6521433,0.34785667
34781_geowiki-landcover-2017,0.3002049,0.69979507
88_mali-helmets-labelling-crops,0.30020532,0.69979465
5306_geowiki-landcover-2017,0.6521431,0.34785685
4690_ile-de-france,0.30020505,0.6997949
854_lem-brazil,0.66718924,0.33281076
2145_canada,0.42758265,0.5724174
5941_ile-de-france,0.30020502,0.699795
3024_central-asia,0.39412507,0.60587496
1416_canada,0.42758438,0.57241565
24634_geowiki-landcover-2017,0.42758387,0.5724161
912_tanzania-ceo,0.6521436,0.34785643
3268_rwanda-ceo,0.75250816,0.24749187
2662_rwanda-ceo,0.7525079,0.24749205
1465_croplands,0.53110874,0.4688912
9072_geowiki-landcover-2017,0.513384,0.486616
242_croplands,0.39412433,0.6058757
274_ile-de-france,0.5311097,0.46889028
3112_geowiki-landcover-2017,0.41521084,0.58478916
4491_ile-de-france,0.3002051,0.6997949
2202_kenya-non-crop,0.65214807,0.3478519
1123_canada,0.4275834,0.57241654
9047_geowiki-landcover-2017,0.42758423,0.57241577
280_rwanda-ceo,0.75246865,0.24753128
1298_germany,0.30020493,0.69979507
1127_central-asia,0.30020493,0.69979507
1686_tanzania-ceo,0.752446,0.24755399
1104_germany,0.3002049,0.69979507
11048_croplands,0.63585645,0.36414355
7302_geowiki-landcover-2017,0.30020514,0.6997949
12064_geowiki-landcover-2017,0.65214384,0.34785616
2745_ile-de-france,0.30020854,0.69979143
1522_martinique-france,0.53136045,0.46863955
15681_geowiki-landcover-2017,0.51338387,0.4866161
33181_geowiki-landcover-2017,0.3941241,0.6058759
3815_ile-de-france,0.39412376,0.60587627
1085_kenya-non-crop,0.75250703,0.24749294
7551_canada,0.41521612,0.5847839
799_germany,0.5311089,0.46889105
1811_germany,0.53110874,0.46889123
1305_martinique-france,0.517638,0.482362
3061_rwanda-ceo,0.6358559,0.36414406
556_togo,0.41521615,0.58478385
14401_geowiki-landcover-2017,0.54781425,0.45218575
60_togo,0.30040348,0.6995965
5138_geowiki-landcover-2017,0.42758456,0.5724154
275_kenya-non-crop,0.66723776,0.3327622
3262_central-asia,0.3002062,0.69979376
318_tanzania-ceo,0.6521443,0.3478557
548_central-asia,0.30020517,0.69979477
3156_geowiki-landcover-2017,0.42758408,0.5724159
691_kenya-non-crop,0.7525076,0.2474924
11093_geowiki-landcover-2017,0.518459,0.481541
7189_geowiki-landcover-2017,0.53110886,0.46889117
2341_ile-de-france,0.30020502,0.699795
4891_croplands,0.7525066,0.24749336
1881_germany,0.5311088,0.4688912
6307_canada,0.30020493,0.699795
1415_kenya-non-crop,0.63584983,0.3641501
28780_geowiki-landcover-2017,0.53110844,0.46889156
25471_geowiki-landcover-2017,0.5311052,0.46889484
10518_geowiki-landcover-2017,0.30020493,0.69979507
370_tanzania,0.63585716,0.3641428
5335_geowiki-landcover-2017,0.6521432,0.3478568
786_canada,0.30020785,0.69979215
3764_central-asia,0.42756692,0.57243305
15605_geowiki-landcover-2017,0.63584346,0.36415654
511_tanzania-rice-ecaas,0.6358714,0.3641286
556_rwanda-ceo,0.75247014,0.2475299
775_kenya-non-crop,0.7523976,0.2476024
31737_geowiki-landcover-2017,0.3002049,0.69979507
5760_canada,0.30020493,0.69979507
7070_geowiki-landcover-2017,0.5478148,0.4521852
1078_togo,0.64404356,0.3559564
3368_croplands,0.5352193,0.46478072
11667_geowiki-landcover-2017,0.5311079,0.46889207
3577_ile-de-france,0.300205,0.699795
12530_croplands,0.6521359,0.3478641
12490_geowiki-landcover-2017,0.54779285,0.4522072
1931_canada,0.3002051,0.6997949
784_mali-helmets-labelling-crops,0.30020493,0.699795
3002_central-asia,0.30020574,0.69979423
3440_canada,0.53110516,0.4688949
6980_geowiki-landcover-2017,0.53110844,0.46889153
27762_geowiki-landcover-2017,0.54781413,0.45218587
3248_ile-de-france,0.30020523,0.69979477
2720_canada,0.3002051,0.6997949
1078_tanzania-ceo,0.75250715,0.2474929
2116_martinique-france,0.65211886,0.34788117
4284_central-asia,0.41004628,0.5899538
19976_geowiki-landcover-2017,0.5478092,0.45219082
504_ile-de-france,0.53110874,0.46889126
32800_geowiki-landcover-2017,0.30020514,0.6997949
2476_rwanda-ceo,0.63585734,0.3641427
2667_ile-de-france,0.30020517,0.6997948
438_togo,0.652136,0.34786397
7832_canada,0.39412406,0.6058759
10109_geowiki-landcover-2017,0.7525076,0.2474924
1604_canada,0.300205,0.699795
5027_central-asia,0.30020493,0.699795
20_sudan,0.5184572,0.48154286
5154_ile-de-france,0.300205,0.699795
322_ethiopia,0.41031766,0.5896823
1541_canada,0.30020505,0.69979495
2113_geowiki-landcover-2017,0.6521432,0.34785685
5207_ile-de-france,0.30020502,0.699795
4503_ile-de-france,0.30020496,0.699795
19845_geowiki-landcover-2017,0.5311087,0.4688913
285_reunion-france,0.7525076,0.2474924
118_togo,0.41521525,0.5847848
2586_ile-de-france,0.30020502,0.699795
2207_martinique-france,0.7524872,0.24751288
18995_geowiki-landcover-2017,0.30020568,0.6997943
45_martinique-france,0.75248885,0.24751113
3457_central-asia,0.30020505,0.69979495
17039_geowiki-landcover-2017,0.6475196,0.3524804
16302_geowiki-landcover-2017,0.51846004,0.48153996
1375_martinique-france,0.531116,0.468884
3451_geowiki-landcover-2017,0.65214384,0.34785616
5900_canada,0.4275837,0.57241625
27201_geowiki-landcover-2017,0.5478138,0.45218623
11624_geowiki-landcover-2017,0.6358945,0.3641055
6553_canada,0.53110886,0.46889114
5177_ile-de-france,0.53110915,0.46889088
409_ethiopia,0.647518,0.35248208
2122_reunion-france,0.63585705,0.36414292
32041_geowiki-landcover-2017,0.42758307,0.57241696
7088_canada,0.5184588,0.4815412
2298_geowiki-landcover-2017,0.63585544,0.36414456
21640_geowiki-landcover-2017,0.41029096,0.58970904
2170_rwanda-ceo,0.7525078,0.24749222
30665_geowiki-landcover-2017,0.4098919,0.5901081
374_rwanda-ceo,0.75250816,0.24749187
3447_central-asia,0.30020666,0.69979334
1387_mali-helmets-labelling-crops,0.30020842,0.69979155
2114_reunion-france,0.75250727,0.2474927
358_canada,0.42758375,0.57241625
10076_croplands,0.66726154,0.33273846
10001_croplands,0.6358573,0.36414278
2476_reunion-france,0.7525079,0.24749207
4618_croplands,0.54788905,0.4521109
560_central-asia,0.3941243,0.6058757
4757_geowiki-landcover-2017,0.4102907,0.58970934
137_mali-non-crop,0.3002051,0.6997949
530_ile-de-france,0.531109,0.46889102
2597_reunion-france,0.41521785,0.5847822
2901_central-asia,0.30020538,0.6997946
12572_croplands,0.51845914,0.4815409
644_ethiopia,0.64740616,0.35259384
3466_ile-de-france,0.30020502,0.699795
3364_ile-de-france,0.53110915,0.46889088
1213_canada,0.4275819,0.5724181
12370_geowiki-landcover-2017,0.54781485,0.45218515
2293_geowiki-landcover-2017,0.42758387,0.5724161
1718_germany,0.30020493,0.69979507
401_croplands,0.55284226,0.44715774
2332_reunion-france,0.6521064,0.34789357
1990_central-asia,0.30020493,0.699795
588_kenya-non-crop,0.66723764,0.33276233
399_central-asia,0.30020708,0.6997929
3467_rwanda-ceo,0.75250787,0.24749209
1116_tanzania-ceo,0.75250804,0.24749196
1724_geowiki-landcover-2017,0.6521429,0.3478571
16584_geowiki-landcover-2017,0.7525077,0.24749231
8068_geowiki-landcover-2017,0.6475198,0.35248014
172_central-asia,0.30020517,0.69979477
2150_rwanda-ceo,0.64751995,0.35248005
895_tanzania-ceo,0.7525081,0.24749191
1519_central-asia,0.42758307,0.5724169
185_geowiki-landcover-2017,0.7525078,0.24749222
1522_ile-de-france,0.53110915,0.46889085
17337_geowiki-landcover-2017,0.5478137,0.45218632
858_croplands,0.5184591,0.48154092
1671_central-asia,0.30020517,0.69979477
2361_kenya-non-crop,0.66723824,0.33276176
1435_rwanda-ceo,0.7523371,0.24766293
31310_geowiki-landcover-2017,0.7525081,0.24749194
5071_ile-de-france,0.30020505,0.69979495
27861_geowiki-landcover-2017,0.3002049,0.6997951
33945_geowiki-landcover-2017,0.30020493,0.699795
629_rwanda-ceo,0.53521943,0.46478057
3829_central-asia,0.30020517,0.6997948
35644_geowiki-landcover-2017,0.30020547,0.69979453
30862_geowiki-landcover-2017,0.42758447,0.57241553
2690_rwanda-ceo,0.7525063,0.24749368
991_germany,0.42758378,0.5724162
489_ethiopia,0.4102924,0.5897076
2047_tanzania-ceo,0.7525067,0.24749333
35332_geowiki-landcover-2017,0.30021375,0.69978625
7135_canada,0.3941315,0.6058685
2447_geowiki-landcover-2017,0.53110987,0.46889013
1800_germany,0.53110886,0.46889114
4736_ile-de-france,0.30020505,0.69979495
194_croplands,0.30020493,0.699795
4731_ile-de-france,0.30020505,0.69979495
6473_canada,0.41521803,0.584782
8812_geowiki-landcover-2017,0.5133838,0.48661616
5290_ile-de-france,0.3002051,0.6997949
12100_geowiki-landcover-2017,0.647519,0.352481
913_martinique-france,0.39436617,0.6056338
243_geowiki-landcover-2017,0.53522015,0.46477985
2256_martinique-france,0.65212554,0.34787443
2151_canada,0.42758128,0.5724187
26816_geowiki-landcover-2017,0.5478141,0.45218596
782_lem-brazil,0.535273,0.46472698
33031_geowiki-landcover-2017,0.7525062,0.24749382
4446_ile-de-france,0.5311092,0.46889076
2663_canada,0.4275834,0.5724166
593_reunion-france,0.6358565,0.36414346
8640_geowiki-landcover-2017,0.5352204,0.46477962
127_mali-non-crop,0.5311359,0.46886408
34488_geowiki-landcover-2017,0.6521438,0.34785625
454_rwanda-ceo,0.7525079,0.24749205
14963_croplands,0.531108,0.468892
30877_geowiki-landcover-2017,0.42758393,0.57241607
226_ile-de-france,0.42758417,0.57241577
159_ile-de-france,0.5311034,0.46889666
539_rwanda-ceo,0.75250804,0.247492
1648_tanzania-ceo,0.75250787,0.24749213
3202_rwanda-ceo,0.7525035,0.24749655
9136_croplands,0.41521567,0.5847843
5026_canada,0.39412367,0.6058764
30965_geowiki-landcover-2017,0.4102642,0.58973575
2087_croplands,0.55282265,0.4471774
2283_central-asia,0.3002053,0.6997947
3558_geowiki-landcover-2017,0.42758542,0.5724146
10878_croplands,0.6347052,0.36529478
6057_canada,0.30020493,0.699795
1374_germany,0.531109,0.46889102
5313_ile-de-france,0.30020517,0.6997948
6737_canada,0.5311095,0.46889046
8408_geowiki-landcover-2017,0.53522086,0.46477914
17114_geowiki-landcover-2017,0.5478127,0.4521873
3647_ile-de-france,0.3941208,0.6058792
272_kenya,0.75250554,0.24749443
3003_central-asia,0.30020532,0.69979465
1968_tanzania-ceo,0.75250787,0.24749213
1389_canada,0.30020994,0.69979006
1072_kenya-non-crop,0.6672383,0.3327617
645_ile-de-france,0.30020562,0.69979435
35293_geowiki-landcover-2017,0.4275837,0.5724163
962_reunion-france,0.3941335,0.6058665
298_kenya-non-crop,0.6672362,0.33276376
33720_geowiki-landcover-2017,0.5478142,0.4521858
357_germany,0.3941244,0.6058756
1410_germany,0.5311091,0.46889094
28631_geowiki-landcover-2017,0.30020502,0.699795
582_togo,0.30020723,0.69979274
24143_geowiki-landcover-2017,0.51340246,0.48659757
22102_geowiki-landcover-2017,0.6475189,0.35248116
1245_ile-de-france,0.30020556,0.6997944
697_croplands,0.30020478,0.69979525
5792_ile-de-france,0.39412454,0.60587543
342_germany,0.53110886,0.46889114
2150_geowiki-landcover-2017,0.6672379,0.33276215
601_canada,0.42758393,0.57241607
12243_geowiki-landcover-2017,0.5133829,0.4866171
1788_rwanda-ceo,0.667235,0.33276498
10485_geowiki-landcover-2017,0.64751875,0.35248128
31076_geowiki-landcover-2017,0.30020517,0.6997948
1247_central-asia,0.3002051,0.6997949
1379_mali-helmets-labelling-crops,0.42757714,0.5724228
5528_canada,0.3002049,0.69979507
6088_canada,0.41521615,0.5847838
1726_kenya-non-crop,0.75250804,0.24749196
4766_canada,0.3002049,0.69979507
13603_croplands,0.5184603,0.48153973
15735_geowiki-landcover-2017,0.513384,0.48661605
1970_tanzania-ceo,0.6672376,0.3327624
471_togo,0.55273545,0.4472646
205_tanzania-rice-ecaas,0.6358568,0.36414322
2578_geowiki-landcover-2017,0.6520711,0.34792885
1454_geowiki-landcover-2017,0.6672425,0.33275744
4831_croplands,0.75250757,0.24749248
31324_geowiki-landcover-2017,0.30020595,0.699794
1919_germany,0.5311088,0.4688912
9444_croplands,0.4152163,0.5847837
119_germany,0.4275898,0.5724102
2274_reunion-france,0.75250727,0.24749276
99_mali-non-crop,0.5311087,0.46889132
3689_central-asia,0.30020517,0.69979477
398_martinique-france,0.6521351,0.34786487
17933_geowiki-landcover-2017,0.5311092,0.46889076
2228_martinique-france,0.7525001,0.24749985
30604_geowiki-landcover-2017,0.30020484,0.6997952
32191_geowiki-landcover-2017,0.42758393,0.572416
21181_geowiki-landcover-2017,0.64751977,0.3524802
2862_ile-de-france,0.5311091,0.46889094
330_sudan,0.39412782,0.60587215
22333_geowiki-landcover-2017,0.30020487,0.6997951
1976_martinique-france,0.6521206,0.3478794
5866_geowiki-landcover-2017,0.64751965,0.35248038
953_central-asia,0.3941246,0.60587543
783_kenya-non-crop,0.7525077,0.2474923
473_lem-brazil,0.66723716,0.33276284
4753_canada,0.30020493,0.699795
10184_geowiki-landcover-2017,0.64751464,0.3524854
1912_central-asia,0.30020493,0.699795
56_uganda,0.5478162,0.4521838
8023_geowiki-landcover-2017,0.53110915,0.46889088
4630_croplands,0.30022407,0.69977593
28840_geowiki-landcover-2017,0.53110826,0.46889174
3707_geowiki-landcover-2017,0.4275843,0.5724157
477_ile-de-france,0.300205,0.699795
5395_canada,0.55284226,0.44715777
249_tanzania-ceo,0.7524977,0.24750236
1179_tanzania-ceo,0.7525075,0.24749249
3235_canada,0.42758313,0.5724169
614_togo,0.5528421,0.4471579
1026_geowiki-landcover-2017,0.6672384,0.33276165
12430_geowiki-landcover-2017,0.5478141,0.4521859
1070_tanzania-ceo,0.6672386,0.33276147
5231_ile-de-france,0.30020502,0.699795
4757_central-asia,0.30020484,0.6997951
4309_ile-de-france,0.39412427,0.60587573
2114_ile-de-france,0.5311083,0.46889168
4184_ile-de-france,0.53110737,0.4688927
1154_tanzania-ceo,0.7525079,0.24749205
7425_croplands,0.66469145,0.3353086
23978_geowiki-landcover-2017,0.41522345,0.5847766
14433_geowiki-landcover-2017,0.6358659,0.36413407
35818_geowiki-landcover-2017,0.5311089,0.4688911
5517_geowiki-landcover-2017,0.5528426,0.44715735
4881_canada,0.30020493,0.69979507
172_ethiopia,0.5354184,0.46458158
722_ethiopia,0.75250065,0.24749938
34534_geowiki-landcover-2017,0.4275838,0.5724162
214_central-asia,0.30020517,0.69979477
3843_canada,0.3002049,0.69979507
26926_geowiki-landcover-2017,0.6475196,0.3524804
4754_canada,0.30020493,0.69979507
7459_canada,0.300205,0.699795
4947_central-asia,0.3002049,0.69979507
1361_reunion-france,0.75249743,0.24750254
9998_geowiki-landcover-2017,0.5478137,0.4521863
19840_geowiki-landcover-2017,0.65213436,0.34786567
6_brazil-non-crop,0.63586766,0.36413237
1446_tanzania-ceo,0.6358216,0.3641784
2712_reunion-france,0.65214384,0.34785622
7815_canada,0.53110814,0.46889186
12002_geowiki-landcover-2017,0.7524977,0.24750236
297_sudan,0.64738625,0.35261375
20493_geowiki-landcover-2017,0.54781306,0.4521869
1677_geowiki-landcover-2017,0.6672381,0.33276188
13405_croplands,0.53521883,0.46478117
13912_geowiki-landcover-2017,0.41029063,0.5897094
10719_geowiki-landcover-2017,0.4102909,0.5897091
3896_canada,0.42758393,0.572416
27158_geowiki-landcover-2017,0.5478136,0.45218638
602_tanzania-rice-ecaas,0.6358568,0.36414322
88_geowiki-landcover-2017,0.5528426,0.44715738
1352_martinique-france,0.5184912,0.48150876
360_ethiopia,0.5352205,0.4647795
15975_geowiki-landcover-2017,0.5528443,0.4471557
595_geowiki-landcover-2017,0.66723835,0.33276168
284_rwanda-ceo,0.75250804,0.24749196
32889_geowiki-landcover-2017,0.30020916,0.6997909
1651_central-asia,0.42758206,0.5724179
591_mali-helmets-labelling-crops,0.30020574,0.6997943
7569_canada,0.3002049,0.69979507
1591_geowiki-landcover-2017,0.75250363,0.2474964
29136_geowiki-landcover-2017,0.5310953,0.46890464
4877_central-asia,0.30020517,0.6997948
22325_geowiki-landcover-2017,0.4102905,0.58970946
6082_ile-de-france,0.30020532,0.69979465
2207_geowiki-landcover-2017,0.4152163,0.58478373
1996_reunion-france,0.7525068,0.24749318
14876_croplands,0.6520896,0.34791043
5293_canada,0.4274765,0.57252353
4871_central-asia,0.42758012,0.5724198
4947_ile-de-france,0.3002053,0.6997947
579_ethiopia,0.5352204,0.46477962
1175_reunion-france,0.7525074,0.24749263
5449_geowiki-landcover-2017,0.5478136,0.4521864
24102_geowiki-landcover-2017,0.53110796,0.46889204
2498_rwanda-ceo,0.5352204,0.46477962
3141_canada,0.30020523,0.69979477
2100_germany,0.30020493,0.69979507
7499_geowiki-landcover-2017,0.3941244,0.6058756
4201_central-asia,0.30020633,0.6997937
31276_geowiki-landcover-2017,0.41521662,0.5847834
10720_geowiki-landcover-2017,0.42758447,0.57241553
2243_canada,0.3002053,0.6997947
4301_geowiki-landcover-2017,0.5478141,0.45218596
28695_geowiki-landcover-2017,0.53110874,0.46889123
14757_geowiki-landcover-2017,0.6475197,0.3524803
637_ile-de-france,0.30021283,0.69978714
4561_croplands,0.3944266,0.60557336
8_rwanda-ceo,0.6358568,0.36414322
35691_geowiki-landcover-2017,0.53521496,0.464785
7101_geowiki-landcover-2017,0.39410728,0.6058927
5127_canada,0.39412406,0.6058759
1414_rwanda-ceo,0.635857,0.36414307
165_lem-brazil,0.7525075,0.24749249
202_croplands,0.39412385,0.60587615
2509_canada,0.42758402,0.57241595
4192_ile-de-france,0.53110796,0.468892
558_lem-brazil,0.6672201,0.3327799
127_togo,0.427587,0.57241297
14103_croplands,0.53522,0.46477997
13699_croplands,0.4152164,0.58478355
8819_geowiki-landcover-2017,0.54781246,0.45218754
7953_geowiki-landcover-2017,0.6475195,0.35248044
25908_geowiki-landcover-2017,0.55284184,0.44715813
4438_geowiki-landcover-2017,0.552843,0.447157
590_germany,0.53110856,0.46889147
24037_geowiki-landcover-2017,0.5184687,0.48153126
1703_geowiki-landcover-2017,0.7525078,0.24749221
13829_croplands,0.5352207,0.4647793
2327_ile-de-france,0.30020502,0.699795
4381_ile-de-france,0.300205,0.699795
921_croplands,0.41029134,0.5897087
2168_germany,0.53110874,0.46889126
73_kenya-non-crop,0.75250804,0.24749199
12810_croplands,0.5528388,0.44716117
17117_geowiki-landcover-2017,0.5529638,0.44703624
81_rwanda-ceo,0.7525078,0.24749221
27770_geowiki-landcover-2017,0.64751995,0.35248008
320_germany,0.30020493,0.699795
5545_ile-de-france,0.30020502,0.699795
3706_canada,0.3002049,0.69979507
191_lem-brazil,0.63585687,0.36414313
1581_germany,0.5311091,0.46889094
148_togo,0.4152164,0.58478355
5206_canada,0.5478133,0.45218667
365_tanzania,0.7525081,0.24749194
1858_canada,0.42757207,0.57242787
2091_germany,0.300205,0.699795
3061_central-asia,0.39412525,0.6058748
12016_geowiki-landcover-2017,0.53110904,0.468891
4289_croplands,0.4152159,0.58478415
1241_central-asia,0.30020493,0.699795
3008_ile-de-france,0.300205,0.699795
9250_geowiki-landcover-2017,0.65214384,0.34785613
2397_geowiki-landcover-2017,0.6358573,0.3641427
2550_rwanda-ceo,0.5133856,0.4866144
3449_canada,0.64751726,0.35248274
2208_geowiki-landcover-2017,0.5184597,0.4815403
464_ethiopia,0.5478132,0.45218688
1992_germany,0.30020732,0.6997927
30310_geowiki-landcover-2017,0.30020502,0.699795
2254_croplands,0.63585496,0.36414504
413_reunion-france,0.75250757,0.2474924
716_central-asia,0.3941238,0.6058762
1802_kenya-non-crop,0.75250787,0.24749209
30334_geowiki-landcover-2017,0.53110844,0.46889153
1040_martinique-france,0.39436558,0.60563445
7697_geowiki-landcover-2017,0.5528433,0.4471567
1584_rwanda-ceo,0.6672384,0.33276156
4913_ile-de-france,0.30020505,0.69979495
1533_kenya-non-crop,0.65214384,0.3478562
672_croplands,0.51845735,0.48154268
5137_geowiki-landcover-2017,0.41521633,0.5847837
4553_canada,0.30020493,0.699795
1067_mali-helmets-labelling-crops,0.300205,0.699795
484_kenya-non-crop,0.6672004,0.33279964
1741_rwanda-ceo,0.75250417,0.24749583
2729_geowiki-landcover-2017,0.5310171,0.46898288
1684_ile-de-france,0.30020505,0.69979495
6075_canada,0.3941242,0.6058758
35746_geowiki-landcover-2017,0.6476079,0.3523921
22168_geowiki-landcover-2017,0.5311089,0.4688911
31696_geowiki-landcover-2017,0.75250816,0.24749182
34973_geowiki-landcover-2017,0.6521436,0.3478564
3657_central-asia,0.30020815,0.69979185
874_canada,0.30023116,0.69976884
6232_geowiki-landcover-2017,0.30020538,0.6997946
127_mali-helmets-labelling-crops,0.3002053,0.6997947
24610_geowiki-landcover-2017,0.54781336,0.45218667
4885_croplands,0.6358548,0.36414528
7803_geowiki-landcover-2017,0.7523546,0.24764541
6075_ile-de-france,0.30022305,0.69977695
2241_central-asia,0.30020532,0.69979465
3862_central-asia,0.30020556,0.6997944
52_kenya,0.75250703,0.24749304
5828_ile-de-france,0.30020505,0.69979495
275_croplands,0.30020484,0.6997952
1547_ile-de-france,0.53110874,0.46889123
475_lem-brazil,0.6672381,0.33276194
14493_geowiki-landcover-2017,0.5477341,0.45226586
755_ethiopia,0.6458063,0.3541937
6770_geowiki-landcover-2017,0.55284274,0.44715723
1357_canada,0.30020538,0.6997946
1060_togo,0.4275982,0.5724018
25652_geowiki-landcover-2017,0.5528426,0.44715735
34156_geowiki-landcover-2017,0.5528453,0.4471547
7764_canada,0.5184586,0.4815414
4365_ile-de-france,0.30020505,0.69979495
171_tanzania-rice-ecaas,0.6358569,0.36414307
433_lem-brazil,0.6358631,0.36413684
1542_tanzania-ceo,0.6672367,0.3327633
35616_geowiki-landcover-2017,0.41521624,0.5847838
10013_croplands,0.6358565,0.36414346
32876_geowiki-landcover-2017,0.7525073,0.24749267
19174_geowiki-landcover-2017,0.5528424,0.4471576
236_kenya-non-crop,0.6358578,0.3641422
2949_ile-de-france,0.3941242,0.60587573
20512_geowiki-landcover-2017,0.42758396,0.572416
6944_geowiki-landcover-2017,0.53110945,0.46889052
1213_rwanda-ceo,0.66723853,0.33276153
1496_central-asia,0.5311076,0.46889243
3351_rwanda-ceo,0.75250787,0.24749209
664_central-asia,0.394123,0.605877
5999_geowiki-landcover-2017,0.6475189,0.3524811
1402_ile-de-france,0.53110856,0.4688914
1993_ile-de-france,0.53110904,0.468891
7228_geowiki-landcover-2017,0.65214413,0.34785593
3880_central-asia,0.30020624,0.69979376
1186_ile-de-france,0.53110904,0.468891
22299_geowiki-landcover-2017,0.5478122,0.45218775
32958_geowiki-landcover-2017,0.66723824,0.33276176
22470_geowiki-landcover-2017,0.65213364,0.34786636
16151_geowiki-landcover-2017,0.5478136,0.45218638
4990_geowiki-landcover-2017,0.5528428,0.44715717
23638_geowiki-landcover-2017,0.63585746,0.36414254
5531_canada,0.39412394,0.6058761
14184_geowiki-landcover-2017,0.6672347,0.33276528
377_tanzania-rice-ecaas,0.6358568,0.36414322
16812_geowiki-landcover-2017,0.53110725,0.4688928
21581_geowiki-landcover-2017,0.42758456,0.5724154
18003_geowiki-landcover-2017,0.42760807,0.5723919
5965_geowiki-landcover-2017,0.54781324,0.45218682
22091_geowiki-landcover-2017,0.5311086,0.4688914
33119_geowiki-landcover-2017,0.7525078,0.24749218
781_togo,0.53113747,0.46886256
2111_germany,0.5311089,0.46889114
1415_reunion-france,0.75053346,0.24946658
1549_martinique-france,0.6521207,0.34787926
2605_canada,0.30020505,0.69979495
2074_kenya-non-crop,0.6521437,0.34785625
25515_geowiki-landcover-2017,0.4102908,0.5897092
374_canada,0.30020493,0.699795
1717_tanzania-ceo,0.6672386,0.33276147
33501_geowiki-landcover-2017,0.51845896,0.48154104
20560_geowiki-landcover-2017,0.6475198,0.35248014
1_zimbabwe,0.7525071,0.24749292
7139_geowiki-landcover-2017,0.41521618,0.5847838
6447_canada,0.300205,0.699795
303_kenya-non-crop,0.6672368,0.3327632
13036_geowiki-landcover-2017,0.6521432,0.34785676
3754_geowiki-landcover-2017,0.4275839,0.5724161
5828_canada,0.30020577,0.6997942
8932_geowiki-landcover-2017,0.30020505,0.69979495
18414_geowiki-landcover-2017,0.41029355,0.5897064
3619_ile-de-france,0.3941238,0.6058762
3978_central-asia,0.53110904,0.46889096
5575_canada,0.3002049,0.6997951
73_croplands,0.4152199,0.5847801
4517_canada,0.30020517,0.6997948
8569_geowiki-landcover-2017,0.53522015,0.46477985
2949_canada,0.30020642,0.69979364
181_ethiopia,0.66679823,0.33320177
2411_germany,0.53110856,0.46889147
30449_geowiki-landcover-2017,0.39409724,0.6059028
1160_ile-de-france,0.53110784,0.46889216
32775_geowiki-landcover-2017,0.39412406,0.6058759
2189_kenya-non-crop,0.535211,0.46478894
3100_canada,0.42758325,0.5724167
1475_tanzania-ceo,0.75250673,0.24749328
1284_tanzania-ceo,0.63585734,0.36414263
579_reunion-france,0.6358742,0.36412576
3346_ile-de-france,0.39412445,0.60587555
1582_germany,0.3002049,0.6997951
1972_germany,0.3941246,0.60587543
5665_ile-de-france,0.3941235,0.6058765
7312_canada,0.3002049,0.69979507
13741_geowiki-landcover-2017,0.6521437,0.34785628
6299_geowiki-landcover-2017,0.42758423,0.57241577
7811_geowiki-landcover-2017,0.5478138,0.45218623
2529_reunion-france,0.39413348,0.60586655
1173_rwanda-ceo,0.6358573,0.36414278
14233_geowiki-landcover-2017,0.5478104,0.45218968
85_kenya-non-crop,0.75250715,0.2474929
1912_canada,0.42758408,0.57241595
12461_croplands,0.4152163,0.5847837
127_kenya,0.7525078,0.24749218
4604_canada,0.30020493,0.69979507
2880_canada,0.552849,0.44715104
6807_canada,0.42758325,0.5724167
5023_central-asia,0.3002049,0.69979507
1126_rwanda-ceo,0.63772917,0.36227077
6538_geowiki-landcover-2017,0.4275837,0.5724163
30381_geowiki-landcover-2017,0.42758355,0.5724164
453_central-asia,0.39365417,0.60634583
33246_geowiki-landcover-2017,0.53110904,0.468891
1618_kenya-non-crop,0.75250655,0.24749346
15015_geowiki-landcover-2017,0.6358582,0.36414182
48_tanzania-rice-ecaas,0.635857,0.36414307
1876_ile-de-france,0.30020514,0.6997948
8854_geowiki-landcover-2017,0.30020502,0.699795
11052_croplands,0.6358538,0.36414614
1926_ile-de-france,0.300205,0.699795
5660_geowiki-landcover-2017,0.41029096,0.58970904
1943_geowiki-landcover-2017,0.75250065,0.24749938
1880_kenya-non-crop,0.75250804,0.247492
2792_central-asia,0.30020574,0.69979423
2642_ile-de-france,0.30020514,0.6997949
1102_geowiki-landcover-2017,0.63585556,0.36414447
6881_geowiki-landcover-2017,0.6475152,0.35248485
2702_rwanda-ceo,0.7525077,0.24749234
3851_central-asia,0.30020562,0.69979435
6759_croplands,0.535221,0.46477902
1115_reunion-france,0.7525077,0.24749231
2033_germany,0.30020493,0.69979507
4459_geowiki-landcover-2017,0.6672383,0.3327617
100_canada,0.42758366,0.57241637
2296_martinique-france,0.53111136,0.4688886
2588_reunion-france,0.75250614,0.24749386
10216_croplands,0.53522193,0.46477813
306_mali-helmets-labelling-crops,0.30020493,0.699795
1839_kenya-non-crop,0.75250787,0.24749209
24406_geowiki-landcover-2017,0.5478139,0.4521861
2616_kenya-non-crop,0.7525045,0.24749549
2622_ile-de-france,0.3002051,0.6997949
24966_geowiki-landcover-2017,0.5478137,0.45218632
33970_geowiki-landcover-2017,0.42758483,0.5724152
55_tanzania-rice-ecaas,0.63585705,0.3641429
5100_ile-de-france,0.3002056,0.6997944
6203_canada,0.30020493,0.699795
1154_canada,0.4275842,0.57241577
5779_ile-de-france,0.30020505,0.69979495
4761_ile-de-france,0.30020505,0.69979495
8747_geowiki-landcover-2017,0.42758477,0.57241523
2222_tanzania-ceo,0.652144,0.347856
13729_geowiki-landcover-2017,0.75250375,0.24749628
4291_canada,0.3002049,0.6997951
5847_ile-de-france,0.4275844,0.57241553
5451_canada,0.30020493,0.699795
209_ile-de-france,0.39412376,0.60587627
4358_croplands,0.5527938,0.4472062
2985_rwanda-ceo,0.75249046,0.24750951
23597_geowiki-landcover-2017,0.4275838,0.5724162
2229_central-asia,0.3002053,0.6997947
1660_geowiki-landcover-2017,0.7525079,0.24749205
1802_ile-de-france,0.3002054,0.6997946
1004_mali-helmets-labelling-crops,0.3002051,0.6997949
11133_geowiki-landcover-2017,0.667229,0.332771
4379_ile-de-france,0.30020505,0.69979495
685_lem-brazil,0.6672451,0.33275494
112_central-asia,0.42758444,0.57241553
7771_canada,0.4152207,0.58477926
1204_togo,0.42759597,0.5724041
1582_reunion-france,0.6521439,0.34785607
3188_rwanda-ceo,0.7525079,0.24749205
329_togo,0.5184644,0.48153558
4529_croplands,0.6521176,0.3478824
2496_ile-de-france,0.30038887,0.6996111
14800_geowiki-landcover-2017,0.6672251,0.3327749
2547_reunion-france,0.6358572,0.36414278
18942_geowiki-landcover-2017,0.54781175,0.45218825
3567_rwanda-ceo,0.75250816,0.24749182
99_ethiopia,0.41029048,0.58970946
7265_geowiki-landcover-2017,0.42758316,0.5724169
6704_croplands,0.6358563,0.36414376
4_tanzania,0.75250787,0.24749213
4554_croplands,0.51870054,0.48129946
3847_ile-de-france,0.3002051,0.6997949
167_central-asia,0.30020568,0.6997943
572_germany,0.5311088,0.4688912
4113_ile-de-france,0.53110904,0.468891
16398_geowiki-landcover-2017,0.5311032,0.4688968
1572_central-asia,0.3002049,0.69979507
3140_ile-de-france,0.3941257,0.6058743
29419_geowiki-landcover-2017,0.42758405,0.57241595
5619_canada,0.3002049,0.69979507
6960_canada,0.42758992,0.5724101
1994_tanzania-ceo,0.7525063,0.24749364
18924_geowiki-landcover-2017,0.41029117,0.5897088
4845_geowiki-landcover-2017,0.6521437,0.34785628
15609_geowiki-landcover-2017,0.64751965,0.35248035
384_central-asia,0.39411885,0.6058812
1369_ile-de-france,0.39412418,0.60587585
2036_central-asia,0.42758408,0.57241595
46_togo,0.4152155,0.5847845
552_mali-helmets-labelling-crops,0.3002053,0.6997947
31702_geowiki-landcover-2017,0.3002083,0.6997917
10478_croplands,0.53522015,0.46477982
3132_geowiki-landcover-2017,0.30020505,0.69979495
2619_kenya-non-crop,0.64757913,0.35242087
1385_rwanda-ceo,0.7525056,0.24749441
3713_canada,0.427578,0.572422
13426_geowiki-landcover-2017,0.54782796,0.45217207
2692_kenya-non-crop,0.7525075,0.24749252
2518_central-asia,0.39405233,0.6059476
20357_geowiki-landcover-2017,0.5528387,0.44716132
32843_geowiki-landcover-2017,0.42758378,0.5724162
4624_ile-de-france,0.427583,0.57241696
5946_canada,0.42758328,0.5724167
1298_ile-de-france,0.3002051,0.6997949
116_mali,0.3002051,0.6997949
2268_canada,0.30020493,0.699795
709_ile-de-france,0.3002062,0.6997938
2046_central-asia,0.3002051,0.6997949
954_kenya-non-crop,0.66723806,0.33276197
2449_canada,0.3002143,0.69978565
14853_geowiki-landcover-2017,0.5311105,0.46888945
5132_canada,0.30020493,0.699795
33814_geowiki-landcover-2017,0.4275839,0.5724161
21892_geowiki-landcover-2017,0.65214294,0.34785706
1792_central-asia,0.5310862,0.4689138
13987_croplands,0.53522056,0.4647795
23482_geowiki-landcover-2017,0.41029242,0.58970755
33233_geowiki-landcover-2017,0.30020502,0.699795
18221_geowiki-landcover-2017,0.5133837,0.4866163
3388_rwanda-ceo,0.63585883,0.36414123
30743_geowiki-landcover-2017,0.42758268,0.57241726
24507_geowiki-landcover-2017,0.5311086,0.4688914
1852_ile-de-france,0.30020556,0.6997944
20992_geowiki-landcover-2017,0.3002051,0.6997949
23726_geowiki-landcover-2017,0.6474907,0.35250938
14693_croplands,0.4152167,0.58478326
226_kenya,0.66723216,0.33276784
30670_geowiki-landcover-2017,0.53110605,0.46889395
24931_geowiki-landcover-2017,0.41029122,0.58970875
30806_geowiki-landcover-2017,0.30020493,0.699795
2415_ile-de-france,0.30020505,0.69979495
6826_geowiki-landcover-2017,0.6521436,0.34785643
4375_central-asia,0.30020866,0.6997914
2950_central-asia,0.3941206,0.60587937
1231_canada,0.3002049,0.69979507
2598_kenya-non-crop,0.66723865,0.33276132
26427_geowiki-landcover-2017,0.4102879,0.58971214
2455_ile-de-france,0.30020514,0.6997949
106_croplands,0.5528423,0.44715768
8354_geowiki-landcover-2017,0.65214205,0.34785795
1564_central-asia,0.30020493,0.69979507
9887_croplands,0.53517413,0.46482587
32311_geowiki-landcover-2017,0.53110886,0.46889114
6687_croplands,0.5352201,0.46477997
5855_ile-de-france,0.38468206,0.6153179
4967_ile-de-france,0.42758206,0.5724179
5240_ile-de-france,0.39412218,0.60587776
2572_canada,0.42758444,0.57241553
883_kenya-non-crop,0.7525077,0.24749231
7834_canada,0.5311079,0.46889207
2314_reunion-france,0.6672383,0.3327617
4125_ile-de-france,0.53110874,0.46889123
912_martinique-france,0.5313549,0.46864513
3373_ile-de-france,0.30020505,0.69979495
30010_geowiki-landcover-2017,0.30020487,0.6997951
7799_canada,0.42760444,0.57239556
940_geowiki-landcover-2017,0.6672381,0.33276188
786_lem-brazil,0.75250626,0.24749373
341_rwanda-ceo,0.7525081,0.24749194
5_croplands,0.54781365,0.45218632
3128_ile-de-france,0.30020505,0.69979495
1316_canada,0.300205,0.699795
26662_geowiki-landcover-2017,0.64751947,0.35248056
3723_geowiki-landcover-2017,0.39412558,0.6058744
21236_geowiki-landcover-2017,0.647518,0.352482
3449_central-asia,0.39393896,0.60606104
1339_germany,0.42758054,0.57241946
109_tanzania-ceo,0.63585705,0.36414298
11007_geowiki-landcover-2017,0.64751184,0.3524881
14991_geowiki-landcover-2017,0.39412647,0.6058735
16064_geowiki-landcover-2017,0.75249684,0.2475032
4196_central-asia,0.3002093,0.6997907
779_geowiki-landcover-2017,0.54781353,0.45218652
2886_croplands,0.6358508,0.36414924
2166_central-asia,0.30020505,0.69979495
1789_ile-de-france,0.531109,0.468891
327_ile-de-france,0.53110915,0.46889088
2930_canada,0.39412418,0.60587585
454_canada,0.30020493,0.69979507
4502_ile-de-france,0.531109,0.46889105
96_martinique-france,0.7524836,0.2475164
25940_geowiki-landcover-2017,0.5133839,0.48661608
1118_canada,0.42758375,0.57241625
2871_canada,0.552842,0.44715795
2731_geowiki-landcover-2017,0.41521052,0.5847895
369_ethiopia,0.7525078,0.24749218
324_tanzania-ceo,0.6358559,0.36414406
32637_geowiki-landcover-2017,0.4275844,0.5724156
12376_geowiki-landcover-2017,0.41029054,0.58970946
35403_geowiki-landcover-2017,0.42758387,0.5724161
5665_geowiki-landcover-2017,0.5133838,0.48661616
2746_ile-de-france,0.3002059,0.69979405
25019_geowiki-landcover-2017,0.64751786,0.3524822
13723_croplands,0.5528428,0.44715714
355_sudan,0.6475196,0.3524804
1588_canada,0.42758402,0.572416
429_togo,0.55284256,0.44715744
10159_croplands,0.6358278,0.36417228
130_sudan,0.41028997,0.58971
167_tanzania-ceo,0.55284685,0.44715318
31884_geowiki-landcover-2017,0.39412397,0.605876
928_mali-helmets-labelling-crops,0.3002051,0.6997949
5827_canada,0.30020493,0.69979507
608_lem-brazil,0.6672274,0.33277264
13284_geowiki-landcover-2017,0.5528453,0.44715467
9686_geowiki-landcover-2017,0.6672384,0.3327616
2260_martinique-france,0.53110915,0.46889088
1050_reunion-france,0.7525073,0.24749266
25587_geowiki-landcover-2017,0.6475195,0.3524805
1553_central-asia,0.39412323,0.6058768
5595_canada,0.41521606,0.5847839
448_martinique-france,0.5186367,0.48136336
923_martinique-france,0.51812965,0.48187032
886_kenya-non-crop,0.7525075,0.24749249
403_reunion-france,0.75227594,0.24772403
35199_geowiki-landcover-2017,0.6521467,0.3478533
948_germany,0.53110904,0.46889094
1706_canada,0.3002049,0.69979507
1723_central-asia,0.30020505,0.69979495
16063_geowiki-landcover-2017,0.51338124,0.4866188
343_martinique-france,0.66723,0.33276993
7758_geowiki-landcover-2017,0.5528426,0.44715735
1977_geowiki-landcover-2017,0.6521442,0.34785584
1262_togo,0.42758682,0.57241315
19407_geowiki-landcover-2017,0.3002049,0.69979507
5868_geowiki-landcover-2017,0.4275839,0.5724161
146_togo,0.4152102,0.5847898
87_mali-helmets-labelling-crops,0.39411917,0.60588086
1367_geowiki-landcover-2017,0.7525078,0.24749216
1770_reunion-france,0.63585716,0.3641428
34465_geowiki-landcover-2017,0.5311079,0.46889207
2048_reunion-france,0.6521435,0.34785655
218_rwanda-ceo,0.7525082,0.24749182
28034_geowiki-landcover-2017,0.5311119,0.4688881
4799_central-asia,0.3002049,0.6997951
6663_canada,0.3941031,0.6058969
1114_togo,0.55284196,0.44715807
13390_croplands,0.66723394,0.33276606
17261_geowiki-landcover-2017,0.53110534,0.46889463
26134_geowiki-landcover-2017,0.4275844,0.57241553
11642_geowiki-landcover-2017,0.42758426,0.57241577
12878_croplands,0.42757767,0.5724223
1290_tanzania-ceo,0.75250804,0.247492
5287_canada,0.42758012,0.57241994
4420_croplands,0.30022892,0.6997711
31440_geowiki-landcover-2017,0.3002048,0.6997951
1149_canada,0.42758253,0.57241744
2417_germany,0.53110915,0.46889088
1260_rwanda-ceo,0.75250816,0.24749187
3510_geowiki-landcover-2017,0.3002053,0.6997947
3746_canada,0.30020502,0.699795
5990_ile-de-france,0.300205,0.699795
574_central-asia,0.3002203,0.6997797
31473_geowiki-landcover-2017,0.30020514,0.6997949
13732_geowiki-landcover-2017,0.30021623,0.6997838
11896_geowiki-landcover-2017,0.55284023,0.44715977
892_martinique-france,0.5184391,0.48156086
700_central-asia,0.39383745,0.60616255
7181_geowiki-landcover-2017,0.42758402,0.572416
1324_geowiki-landcover-2017,0.6521439,0.34785613
27024_geowiki-landcover-2017,0.54781425,0.4521858
5989_ile-de-france,0.30020493,0.699795
1279_geowiki-landcover-2017,0.6672389,0.3327611
6682_croplands,0.5352201,0.46477988
1349_kenya-non-crop,0.64751995,0.35248008
2597_canada,0.4275838,0.5724162
2204_ile-de-france,0.53110856,0.46889144
11784_geowiki-landcover-2017,0.6521432,0.34785685
257_togo,0.41422883,0.5857712
2376_germany,0.53110904,0.468891
3552_rwanda-ceo,0.6475201,0.35247982
4550_canada,0.30020502,0.69979495
3960_central-asia,0.53110874,0.4688912
4833_geowiki-landcover-2017,0.4102927,0.5897073
19791_geowiki-landcover-2017,0.5311088,0.4688912
4856_central-asia,0.3002053,0.6997947
1922_geowiki-landcover-2017,0.6521469,0.3478531
1174_ile-de-france,0.5311076,0.46889243
19408_geowiki-landcover-2017,0.5478118,0.45218816
1867_canada,0.30020505,0.69979495
17_kenya,0.75250685,0.24749318
1728_rwanda-ceo,0.75250727,0.2474927
405_martinique-france,0.651397,0.34860304
22053_geowiki-landcover-2017,0.42758402,0.572416
4573_croplands,0.535098,0.46490198
2515_central-asia,0.300206,0.699794
17949_geowiki-landcover-2017,0.5311091,0.46889088
1504_canada,0.4275837,0.57241625
245_mali-helmets-labelling-crops,0.30020502,0.699795
7884_canada,0.4275833,0.57241666
382_reunion-france,0.652154,0.347846
269_ethiopia,0.51336354,0.4866364
2320_kenya-non-crop,0.7525029,0.24749711
14974_geowiki-landcover-2017,0.63585806,0.36414194
2162_germany,0.30020517,0.69979477
30243_geowiki-landcover-2017,0.30067462,0.6993254
25032_geowiki-landcover-2017,0.39412555,0.6058744
2833_rwanda-ceo,0.7525079,0.24749205
14958_geowiki-landcover-2017,0.41521636,0.5847837
5786_ile-de-france,0.5311084,0.4688916
27976_geowiki-landcover-2017,0.66723686,0.33276317
205_rwanda-ceo,0.7525081,0.24749191
6638_geowiki-landcover-2017,0.39412582,0.6058742
5845_geowiki-landcover-2017,0.6521438,0.34785625
16986_geowiki-landcover-2017,0.75244945,0.24755059
4325_canada,0.30020487,0.6997951
3089_canada,0.4275844,0.5724156
7689_geowiki-landcover-2017,0.4275835,0.5724165
457_reunion-france,0.7525076,0.2474924
659_mali-helmets-labelling-crops,0.53108674,0.46891326
5916_ile-de-france,0.39412436,0.6058757
995_croplands,0.4275842,0.57241577
4360_canada,0.30020487,0.6997951
678_mali-helmets-labelling-crops,0.30022854,0.6997714
3506_geowiki-landcover-2017,0.51338094,0.48661906
35131_geowiki-landcover-2017,0.41028947,0.58971053
249_ethiopia,0.30032355,0.69967645
4287_canada,0.42758432,0.5724157
5248_geowiki-landcover-2017,0.3941247,0.6058753
2514_canada,0.4275841,0.5724159
2287_central-asia,0.39412412,0.6058759
12579_croplands,0.51845986,0.48154017
2491_reunion-france,0.75250775,0.24749227
4377_ile-de-france,0.300205,0.699795
5595_ile-de-france,0.53110826,0.46889174
2447_ile-de-france,0.30020505,0.69979495
26481_geowiki-landcover-2017,0.54781395,0.45218605
1785_kenya-non-crop,0.75250727,0.24749276
2428_canada,0.4275686,0.5724314
728_central-asia,0.6475133,0.3524868
2421_central-asia,0.5311089,0.4688911
17877_geowiki-landcover-2017,0.53110915,0.46889088
934_canada,0.30021235,0.6997877
4081_geowiki-landcover-2017,0.42758402,0.572416
175_ethiopia,0.63581854,0.36418152
7046_canada,0.42758378,0.57241625
8532_geowiki-landcover-2017,0.7524795,0.24752049
13585_croplands,0.5528539,0.44714615
29050_geowiki-landcover-2017,0.3002053,0.69979465
32972_geowiki-landcover-2017,0.4275834,0.5724166
698_croplands,0.53110904,0.46889096
1591_martinique-france,0.54781973,0.45218027
152_tanzania,0.66723776,0.33276224
3285_ile-de-france,0.30020496,0.699795
6707_canada,0.39412546,0.60587454
5498_ile-de-france,0.30039436,0.69960564
9969_croplands,0.63657516,0.36342487
579_togo,0.4151571,0.58484286
20057_geowiki-landcover-2017,0.5477858,0.4522142
33996_geowiki-landcover-2017,0.5311064,0.4688936
1387_croplands,0.30020517,0.69979477
21202_geowiki-landcover-2017,0.5502254,0.44977465
2564_reunion-france,0.6358508,0.36414924
1841_canada,0.30020514,0.6997949
1499_canada,0.5311087,0.4688913
1915_central-asia,0.30020505,0.69979495
1130_central-asia,0.30020493,0.69979507
68_lem-brazil,0.53522336,0.4647766
1047_reunion-france,0.667238,0.332762
773_geowiki-landcover-2017,0.6672391,0.3327608
138_tanzania-ceo,0.6358623,0.36413777
12437_geowiki-landcover-2017,0.547814,0.45218596
772_lem-brazil,0.7525074,0.24749257
467_geowiki-landcover-2017,0.41521654,0.5847835
2506_canada,0.42758405,0.57241595
148_kenya-non-crop,0.6672384,0.33276165
4964_geowiki-landcover-2017,0.5311091,0.46889094
240_central-asia,0.51336706,0.48663294
4712_canada,0.30020747,0.6997925
30496_geowiki-landcover-2017,0.42758355,0.5724165
12062_geowiki-landcover-2017,0.5311106,0.4688894
2371_tanzania-ceo,0.75250703,0.24749297
12213_geowiki-landcover-2017,0.41029048,0.58970946
3100_geowiki-landcover-2017,0.4275848,0.5724152
5460_canada,0.3002049,0.69979507
1198_canada,0.42758268,0.57241726
35252_geowiki-landcover-2017,0.42758378,0.57241625
373_tanzania-rice-ecaas,0.6358573,0.3641427
2425_germany,0.5311082,0.4688918
27991_geowiki-landcover-2017,0.5478139,0.45218617
23747_geowiki-landcover-2017,0.64751935,0.35248062
12481_geowiki-landcover-2017,0.5311076,0.46889243
34092_geowiki-landcover-2017,0.5133843,0.4866157
14605_geowiki-landcover-2017,0.7525019,0.24749808
10031_geowiki-landcover-2017,0.5478141,0.45218593
1354_ile-de-france,0.5311074,0.46889257
845_lem-brazil,0.66723764,0.3327623
17093_geowiki-landcover-2017,0.5133837,0.4866163
2555_reunion-france,0.6521435,0.3478565
34026_geowiki-landcover-2017,0.30020514,0.6997949
2131_kenya-non-crop,0.75250804,0.24749196
2892_rwanda-ceo,0.7525071,0.24749292
5998_geowiki-landcover-2017,0.3002049,0.6997951
1579_tanzania-ceo,0.66723794,0.3327621
16566_geowiki-landcover-2017,0.5311006,0.4688994
1684_geowiki-landcover-2017,0.5352186,0.4647814
3703_canada,0.3002049,0.69979507
25449_geowiki-landcover-2017,0.53111154,0.46888843
2146_ile-de-france,0.53110874,0.46889123
3562_geowiki-landcover-2017,0.30020607,0.69979393
1040_croplands,0.30020505,0.69979495
1860_martinique-france,0.63585186,0.3641481
4494_croplands,0.427595,0.572405
2943_ile-de-france,0.30020502,0.699795
27971_geowiki-landcover-2017,0.5478138,0.4521862
1353_mali-helmets-labelling-crops,0.30021903,0.699781
29659_geowiki-landcover-2017,0.30020878,0.6997912
10948_geowiki-landcover-2017,0.6475176,0.35248235
2425_kenya-non-crop,0.6521442,0.34785584
32376_geowiki-landcover-2017,0.30021524,0.69978476
914_togo,0.55284226,0.44715774
18967_geowiki-landcover-2017,0.30020487,0.6997951
24688_geowiki-landcover-2017,0.6475198,0.35248014
77_mali-non-crop,0.4275835,0.5724165
14966_croplands,0.5478141,0.45218596
1734_martinique-france,0.7524824,0.2475176
21513_geowiki-landcover-2017,0.30020574,0.69979423
2200_tanzania-ceo,0.65214443,0.34785563
902_central-asia,0.3002063,0.6997937
229_reunion-france,0.7525081,0.24749191
7807_canada,0.531108,0.468892
252_kenya,0.53522,0.46477997
34935_geowiki-landcover-2017,0.65213776,0.3478622
6448_canada,0.30020505,0.69979495
309_tanzania-rice-ecaas,0.5352335,0.46476647
2270_tanzania-ceo,0.75249803,0.24750194
4923_geowiki-landcover-2017,0.6521439,0.34785613
2720_central-asia,0.30020514,0.6997948
2711_rwanda-ceo,0.752502,0.24749804
18490_geowiki-landcover-2017,0.5184635,0.48153648
569_canada,0.42758375,0.57241625
24601_geowiki-landcover-2017,0.6475199,0.3524801
12832_croplands,0.30028337,0.6997166
29688_geowiki-landcover-2017,0.6521435,0.34785646
2387_canada,0.427583,0.572417
1957_canada,0.42752734,0.5724727
1403_canada,0.3002055,0.6997945
35162_geowiki-landcover-2017,0.41029036,0.58970964
279_geowiki-landcover-2017,0.5528426,0.4471574
1006_germany,0.39412427,0.60587573
778_martinique-france,0.6521283,0.34787166
1925_tanzania-ceo,0.752493,0.24750696
3297_central-asia,0.30020493,0.69979507
612_lem-brazil,0.7525073,0.24749266
4951_ile-de-france,0.3002055,0.6997945
2839_rwanda-ceo,0.6672382,0.3327618
5323_ile-de-france,0.30020502,0.699795
3537_geowiki-landcover-2017,0.5528431,0.44715694
7839_geowiki-landcover-2017,0.7525076,0.2474924
1014_rwanda-ceo,0.63586605,0.36413395
4182_geowiki-landcover-2017,0.65201265,0.34798738
13622_geowiki-landcover-2017,0.63585734,0.36414263
27230_geowiki-landcover-2017,0.5184599,0.4815401
6333_geowiki-landcover-2017,0.42758277,0.5724172
277_mali-helmets-labelling-crops,0.30021676,0.6997832
1073_togo,0.6354125,0.36458746
151_central-asia,0.30020523,0.69979477
3648_canada,0.30020487,0.6997951
298_croplands,0.39406866,0.60593134
268_central-asia,0.30020788,0.6997921
21267_geowiki-landcover-2017,0.65214413,0.3478559
5870_croplands,0.65221107,0.34778896
260_sudan,0.5311123,0.46888763
22177_geowiki-landcover-2017,0.41028824,0.5897118
237_central-asia,0.51338047,0.4866195
182_ethiopia,0.63578814,0.3642118
2503_reunion-france,0.7525065,0.24749358
30900_geowiki-landcover-2017,0.3941238,0.6058762
4564_geowiki-landcover-2017,0.6521438,0.34785625
239_geowiki-landcover-2017,0.41521826,0.5847817
1721_central-asia,0.30020502,0.699795
1161_geowiki-landcover-2017,0.5352295,0.46477053
2678_rwanda-ceo,0.7525079,0.24749205
2886_geowiki-landcover-2017,0.3002059,0.6997941
433_rwanda-ceo,0.7525079,0.24749205
694_lem-brazil,0.75250596,0.24749412
1130_martinique-france,0.75189346,0.24810655
16758_geowiki-landcover-2017,0.552843,0.44715708
5009_canada,0.3002049,0.69979507
23417_geowiki-landcover-2017,0.53060746,0.46939257
969_germany,0.53110904,0.46889096
17063_geowiki-landcover-2017,0.552846,0.447154
206_rwanda-ceo,0.7525082,0.24749173
3253_ile-de-france,0.300205,0.699795
3563_central-asia,0.30020505,0.69979495
622_rwanda-ceo,0.63604355,0.36395648
1391_ile-de-france,0.39412427,0.60587573
18520_geowiki-landcover-2017,0.64751905,0.35248095
1794_central-asia,0.300205,0.699795
1853_tanzania-ceo,0.6521525,0.34784752
33089_geowiki-landcover-2017,0.5184336,0.48156643
33379_geowiki-landcover-2017,0.4102906,0.5897094
33487_geowiki-landcover-2017,0.41521606,0.5847839
30409_geowiki-landcover-2017,0.42758486,0.5724152
2259_canada,0.42758277,0.57241726
10066_geowiki-landcover-2017,0.4276487,0.5723513
1888_canada,0.30020845,0.6997915
508_mali-helmets-labelling-crops,0.30020532,0.69979465
4092_canada,0.30020493,0.69979507
22367_geowiki-landcover-2017,0.41029048,0.5897095
7554_canada,0.6521434,0.34785658
2190_kenya-non-crop,0.6671777,0.33282232
13810_croplands,0.5352201,0.46477988
15087_geowiki-landcover-2017,0.5478144,0.4521856
175_mali-helmets-labelling-crops,0.39412728,0.6058727
1699_rwanda-ceo,0.6358568,0.36414322
7125_canada,0.5311163,0.46888366
347_lem-brazil,0.6672381,0.33276188
19291_geowiki-landcover-2017,0.30020487,0.6997951
13032_geowiki-landcover-2017,0.6521435,0.34785655
29498_geowiki-landcover-2017,0.6475189,0.3524812
1135_togo,0.41521624,0.5847838
644_reunion-france,0.75250673,0.24749328
5123_geowiki-landcover-2017,0.75250804,0.247492
1888_germany,0.53110856,0.46889144
4937_geowiki-landcover-2017,0.4275838,0.5724162
2521_rwanda-ceo,0.66723764,0.33276236
134_kenya-non-crop,0.6672382,0.3327618
9430_geowiki-landcover-2017,0.55284274,0.4471573
5369_canada,0.42757067,0.57242936
116_tanzania-rice-ecaas,0.6358568,0.36414325
267_tanzania-ceo,0.75250787,0.24749213
7474_canada,0.4275839,0.5724161
16904_geowiki-landcover-2017,0.65214354,0.34785643
4545_croplands,0.5184538,0.48154625
35490_geowiki-landcover-2017,0.41029212,0.5897079
1777_reunion-france,0.63585865,0.36414135
10593_croplands,0.5352201,0.46477997
26164_geowiki-landcover-2017,0.42758426,0.57241577
2780_central-asia,0.30020517,0.69979477
3969_geowiki-landcover-2017,0.5133835,0.4866165
29455_geowiki-landcover-2017,0.3002048,0.6997951
1512_geowiki-landcover-2017,0.53522134,0.46477866
21177_geowiki-landcover-2017,0.4275837,0.57241625
3936_ile-de-france,0.427569,0.57243097
32169_geowiki-landcover-2017,0.39412263,0.60587734
568_ethiopia,0.4103069,0.58969307
403_sudan,0.6521417,0.34785837
20632_geowiki-landcover-2017,0.5311092,0.46889073
15693_geowiki-landcover-2017,0.41521654,0.5847835
621_germany,0.30020607,0.69979393
3523_rwanda-ceo,0.63586277,0.36413723
21367_geowiki-landcover-2017,0.3002048,0.6997951
63_tanzania-ceo,0.7525076,0.24749236
2526_canada,0.42758375,0.57241625
1694_central-asia,0.30020523,0.69979477
2037_ile-de-france,0.39412385,0.60587615
1682_canada,0.30020624,0.69979376
353_croplands,0.3002049,0.69979507
13171_geowiki-landcover-2017,0.6521438,0.34785625
30805_geowiki-landcover-2017,0.4275839,0.5724161
1036_rwanda-ceo,0.6358573,0.3641427
4199_ile-de-france,0.39412427,0.60587573
31866_geowiki-landcover-2017,0.42758405,0.57241595
1004_croplands,0.5133841,0.48661593
33606_geowiki-landcover-2017,0.5311088,0.4688912
1143_martinique-france,0.6513966,0.34860346
49_lem-brazil,0.7525065,0.2474935
29400_geowiki-landcover-2017,0.53110886,0.46889114
29452_geowiki-landcover-2017,0.53110915,0.46889085
20075_geowiki-landcover-2017,0.64732236,0.35267767
2331_geowiki-landcover-2017,0.66723746,0.3327626
25487_geowiki-landcover-2017,0.5478139,0.4521861
12664_geowiki-landcover-2017,0.5478138,0.45218617
889_reunion-france,0.7525068,0.24749318
310_central-asia,0.3002054,0.6997946
1129_rwanda-ceo,0.6672382,0.33276185
708_martinique-france,0.42760292,0.57239705
4141_central-asia,0.30020583,0.6997941
30_lem-brazil,0.6358562,0.36414385
33_tanzania,0.6672402,0.33275977
4254_ile-de-france,0.30020502,0.699795
2630_ile-de-france,0.30020538,0.6997946
2271_reunion-france,0.6358583,0.36414173
4962_geowiki-landcover-2017,0.5478108,0.45218924
29084_geowiki-landcover-2017,0.394124,0.605876
22401_geowiki-landcover-2017,0.5478141,0.45218596
2888_ile-de-france,0.3002053,0.6997947
15278_geowiki-landcover-2017,0.30020517,0.69979477
33016_geowiki-landcover-2017,0.300205,0.699795
696_germany,0.30020493,0.699795
4950_geowiki-landcover-2017,0.4275838,0.5724162
4324_ile-de-france,0.53110766,0.4688923
510_canada,0.42758295,0.572417
6176_ile-de-france,0.5311089,0.46889105
1232_kenya-non-crop,0.7525079,0.24749205
31670_geowiki-landcover-2017,0.42758366,0.57241637
3425_central-asia,0.39412385,0.60587615
1943_kenya-non-crop,0.41521692,0.5847831
3309_central-asia,0.300205,0.699795
970_kenya-non-crop,0.7525078,0.24749222
13961_geowiki-landcover-2017,0.53110915,0.46889088
278_martinique-france,0.6521349,0.34786507
18452_geowiki-landcover-2017,0.39412427,0.60587573
28611_geowiki-landcover-2017,0.64751846,0.3524815
33792_geowiki-landcover-2017,0.5478151,0.4521849
349_rwanda-ceo,0.75250804,0.247492
4775_ile-de-france,0.42758426,0.5724157
5134_canada,0.30020493,0.699795
1432_rwanda-ceo,0.7525077,0.24749236
3827_central-asia,0.30020505,0.69979495
860_tanzania-ceo,0.75104165,0.24895835
9949_geowiki-landcover-2017,0.6358533,0.36414674
6423_geowiki-landcover-2017,0.41029057,0.58970946
7506_geowiki-landcover-2017,0.42757517,0.5724248
69_ethiopia,0.41029072,0.58970934
6048_canada,0.300205,0.699795
221_togo,0.41362503,0.586375
28976_geowiki-landcover-2017,0.41028967,0.5897103
4715_ile-de-france,0.30020502,0.699795
17408_geowiki-landcover-2017,0.6475195,0.35248044
9537_croplands,0.5352329,0.46476713
23532_geowiki-landcover-2017,0.6475183,0.35248178
1616_germany,0.30020493,0.69979507
219_kenya-non-crop,0.7525082,0.24749178
2060_geowiki-landcover-2017,0.6563509,0.34364906
256_sudan,0.5311272,0.46887285
6611_croplands,0.6354139,0.36458609
14322_geowiki-landcover-2017,0.64752334,0.35247663
25771_geowiki-landcover-2017,0.3002049,0.69979507
781_ile-de-france,0.30020857,0.6997914
5596_ile-de-france,0.30020556,0.6997944
2967_geowiki-landcover-2017,0.42759153,0.57240844
3243_central-asia,0.30020493,0.69979507
5719_geowiki-landcover-2017,0.5478139,0.4521861
188_central-asia,0.30020517,0.69979477
13336_geowiki-landcover-2017,0.7525061,0.24749391
1564_germany,0.30020842,0.69979155
2117_ile-de-france,0.531109,0.46889105
1650_ile-de-france,0.30020502,0.699795
31285_geowiki-landcover-2017,0.7525082,0.24749178
4994_central-asia,0.3002049,0.6997951
12689_geowiki-landcover-2017,0.531109,0.468891
3872_central-asia,0.30020562,0.69979435
24961_geowiki-landcover-2017,0.42758504,0.572415
27077_geowiki-landcover-2017,0.6521437,0.34785634
25349_geowiki-landcover-2017,0.42758456,0.5724155
31991_geowiki-landcover-2017,0.30020493,0.69979507
25516_geowiki-landcover-2017,0.5311091,0.46889094
12487_geowiki-landcover-2017,0.6475197,0.3524803
7704_canada,0.30020493,0.699795
1059_croplands,0.5133839,0.48661605
472_geowiki-landcover-2017,0.7525079,0.24749207
1406_germany,0.5311087,0.46889126
2848_geowiki-landcover-2017,0.55284244,0.4471576
4285_central-asia,0.30021268,0.6997873
2322_central-asia,0.39412394,0.6058761
108_reunion-france,0.75250816,0.24749182
609_reunion-france,0.75250673,0.24749327
2724_rwanda-ceo,0.75250816,0.24749187
1486_martinique-france,0.6521215,0.34787855
6909_geowiki-landcover-2017,0.64749426,0.35250574
426_tanzania-ceo,0.7525081,0.24749191
2631_reunion-france,0.75250787,0.24749213
5561_ile-de-france,0.3002051,0.6997949
1144_tanzania-ceo,0.75250673,0.24749324
601_lem-brazil,0.63588667,0.3641133
22497_geowiki-landcover-2017,0.39414117,0.60585886
1376_ile-de-france,0.53110737,0.4688927
406_tanzania-rice-ecaas,0.6358568,0.36414322
4615_croplands,0.30029187,0.6997081
3360_geowiki-landcover-2017,0.65214366,0.34785634
34732_geowiki-landcover-2017,0.42758405,0.57241595
10195_croplands,0.5352203,0.46477968
4117_geowiki-landcover-2017,0.5311354,0.46886462
4944_central-asia,0.3002049,0.6997951
25076_geowiki-landcover-2017,0.6521435,0.34785655
34481_geowiki-landcover-2017,0.64751923,0.35248074
2040_canada,0.42758238,0.5724176
848_tanzania-ceo,0.53522027,0.46477976
20610_geowiki-landcover-2017,0.5133843,0.4866157
13229_geowiki-landcover-2017,0.41029096,0.58970904
1296_central-asia,0.30020493,0.69979507
8289_geowiki-landcover-2017,0.4152168,0.58478326
11571_geowiki-landcover-2017,0.5528515,0.44714853
1232_tanzania-ceo,0.7525079,0.24749205
4291_ile-de-france,0.5311091,0.46889094
887_canada,0.3002049,0.69979507
11763_geowiki-landcover-2017,0.5478139,0.4521861
13792_croplands,0.5352253,0.46477473
23347_geowiki-landcover-2017,0.64751923,0.3524807
706_canada,0.30020493,0.69979507
4289_geowiki-landcover-2017,0.41029063,0.5897094
1827_tanzania-ceo,0.66723615,0.33276385
2060_ile-de-france,0.5311082,0.4688918
2243_ile-de-france,0.53110754,0.46889246
5701_geowiki-landcover-2017,0.42758423,0.57241577
2525_germany,0.4275844,0.57241565
4051_ile-de-france,0.39412436,0.6058756
777_reunion-france,0.51845914,0.4815409
1681_rwanda-ceo,0.51338506,0.48661497
490_central-asia,0.39412436,0.6058756
1502_croplands,0.5133803,0.48661977
13596_geowiki-landcover-2017,0.5311166,0.4688834
29627_geowiki-landcover-2017,0.75250715,0.24749285
1092_kenya-non-crop,0.7525078,0.24749221
2000_martinique-france,0.65139675,0.34860325
19_uganda,0.5478144,0.4521856
1785_tanzania-ceo,0.75250804,0.24749196
84_mali-helmets-labelling-crops,0.30020538,0.6997946
1374_ile-de-france,0.5311087,0.4688913
3296_rwanda-ceo,0.75250787,0.24749213
4069_ile-de-france,0.39412507,0.6058749
142_rwanda-ceo,0.6672386,0.3327614
3923_ile-de-france,0.30020505,0.69979495
22624_geowiki-landcover-2017,0.6521428,0.34785715
5075_canada,0.30020487,0.6997951
6565_canada,0.42758366,0.57241637
798_ile-de-france,0.39410675,0.60589325
5350_canada,0.5311083,0.46889168
34660_geowiki-landcover-2017,0.39412346,0.60587656
1171_rwanda-ceo,0.6672429,0.33275715
4068_ile-de-france,0.53110874,0.46889123
1991_reunion-france,0.7525077,0.24749231
124_sudan,0.300233,0.699767
22652_geowiki-landcover-2017,0.6475238,0.35247615
3480_rwanda-ceo,0.7525075,0.24749249
1251_reunion-france,0.7525066,0.24749336
7507_canada,0.3002051,0.6997949
2649_kenya-non-crop,0.41029263,0.5897073
1914_tanzania-ceo,0.7525078,0.24749222
3909_geowiki-landcover-2017,0.51338404,0.48661596
3917_ile-de-france,0.39412412,0.6058759
1587_canada,0.42758375,0.57241625
588_germany,0.5311082,0.4688918
810_germany,0.53110766,0.46889228
11373_geowiki-landcover-2017,0.5478141,0.4521859
2981_ile-de-france,0.30020502,0.699795
562_tanzania-rice-ecaas,0.63585657,0.3641434
35124_geowiki-landcover-2017,0.51338315,0.48661688
91_martinique-france,0.5184417,0.4815583
1726_martinique-france,0.6521204,0.34787956
2146_central-asia,0.42758176,0.5724182
163_tanzania-rice-ecaas,0.635857,0.36414307
2587_rwanda-ceo,0.75250804,0.24749196
32595_geowiki-landcover-2017,0.42686045,0.57313955
22869_geowiki-landcover-2017,0.5311084,0.46889168
2205_germany,0.53110784,0.46889222
9466_geowiki-landcover-2017,0.4275849,0.5724151
29494_geowiki-landcover-2017,0.5528424,0.44715762
3872_canada,0.30029333,0.6997066
3763_geowiki-landcover-2017,0.5311095,0.46889046
333_canada,0.4275838,0.5724162
4805_canada,0.42758366,0.57241637
4482_canada,0.3002049,0.6997951
2984_ile-de-france,0.30020514,0.6997948
1897_geowiki-landcover-2017,0.5528428,0.44715714
23264_geowiki-landcover-2017,0.5311087,0.46889132
2113_ile-de-france,0.30020523,0.69979477
67_uganda,0.66723526,0.33276471
335_tanzania,0.6358569,0.36414307
13527_croplands,0.51845884,0.4815412
1623_geowiki-landcover-2017,0.6672354,0.33276463
2058_kenya-non-crop,0.652144,0.34785596
27397_geowiki-landcover-2017,0.652144,0.347856
867_mali-helmets-labelling-crops,0.30020556,0.6997944
986_kenya-non-crop,0.66723824,0.33276176
154_geowiki-landcover-2017,0.6671355,0.33286455
1240_reunion-france,0.75250727,0.24749276
29951_geowiki-landcover-2017,0.41029057,0.5897094
4736_canada,0.30020493,0.69979507
9229_geowiki-landcover-2017,0.54781365,0.45218635
4831_ile-de-france,0.3941236,0.6058764
517_central-asia,0.3002053,0.6997947
213_rwanda-ceo,0.7525082,0.24749173
7669_geowiki-landcover-2017,0.6521437,0.34785628
191_geowiki-landcover-2017,0.63585705,0.36414298
1616_ile-de-france,0.300205,0.699795
1535_ile-de-france,0.531109,0.46889102
4438_canada,0.5184566,0.48154345
4907_ile-de-france,0.39412427,0.60587573
997_mali-helmets-labelling-crops,0.3002051,0.6997949
3276_central-asia,0.30020502,0.699795
123_martinique-france,0.53111595,0.46888408
19156_geowiki-landcover-2017,0.42758465,0.57241535
6154_geowiki-landcover-2017,0.42758358,0.5724164
14389_geowiki-landcover-2017,0.54781413,0.45218584
396_togo,0.300208,0.69979197
3507_rwanda-ceo,0.6358573,0.36414275
1237_canada,0.30020493,0.69979507
26023_geowiki-landcover-2017,0.65213686,0.34786314
4835_canada,0.30020493,0.699795
4077_ile-de-france,0.39412576,0.60587424
387_mali-helmets-labelling-crops,0.30020657,0.69979346
3523_ile-de-france,0.3941249,0.60587513
1875_rwanda-ceo,0.63585734,0.3641427
9193_geowiki-landcover-2017,0.5528215,0.44717842
34120_geowiki-landcover-2017,0.55284494,0.44715506
27714_geowiki-landcover-2017,0.6475191,0.3524809
1002_central-asia,0.3941252,0.6058748
2250_geowiki-landcover-2017,0.63585716,0.3641428
7651_canada,0.42758352,0.5724165
7175_geowiki-landcover-2017,0.3002049,0.6997951
25898_geowiki-landcover-2017,0.65224725,0.34775272
349_martinique-france,0.6521219,0.34787813
1068_central-asia,0.30020493,0.699795
5723_ile-de-france,0.300205,0.699795
34629_geowiki-landcover-2017,0.5311086,0.4688914
12191_geowiki-landcover-2017,0.54781413,0.45218587
26116_geowiki-landcover-2017,0.4275841,0.5724159
1966_ile-de-france,0.39412075,0.60587925
713_martinique-france,0.42760238,0.5723976
26601_geowiki-landcover-2017,0.5478139,0.4521861
1731_germany,0.3003172,0.69968283
1749_martinique-france,0.5184382,0.48156178
3671_geowiki-landcover-2017,0.30023926,0.69976074
3381_geowiki-landcover-2017,0.42758486,0.5724152
27722_geowiki-landcover-2017,0.54781294,0.45218706
1181_central-asia,0.3002051,0.6997949
13172_geowiki-landcover-2017,0.42758378,0.5724162
1986_ile-de-france,0.30020663,0.6997934
725_ethiopia,0.6672382,0.3327618
15604_geowiki-landcover-2017,0.64749455,0.35250545
9037_geowiki-landcover-2017,0.6475196,0.3524804
2790_rwanda-ceo,0.7525074,0.24749254
6971_canada,0.42758474,0.57241523
199_uganda,0.64751977,0.35248026
5575_ile-de-france,0.5311035,0.4688965
1980_reunion-france,0.7525076,0.2474924
1418_martinique-france,0.6521206,0.3478794
21010_geowiki-landcover-2017,0.427585,0.572415
31946_geowiki-landcover-2017,0.42758378,0.57241625
14289_croplands,0.53522027,0.4647797
34283_geowiki-landcover-2017,0.5311076,0.46889243
3011_rwanda-ceo,0.66724116,0.3327588
1799_canada,0.42598945,0.5740105
5338_canada,0.300246,0.699754
4921_croplands,0.63584876,0.36415127
79_tanzania,0.7525079,0.24749205
15868_geowiki-landcover-2017,0.6475193,0.3524807
1095_ile-de-france,0.42758447,0.57241553
26449_geowiki-landcover-2017,0.4275877,0.5724124
70_ile-de-france,0.39410186,0.60589814
19658_geowiki-landcover-2017,0.6475418,0.35245815
386_lem-brazil,0.6672378,0.33276218
21613_geowiki-landcover-2017,0.51845896,0.48154104
18370_geowiki-landcover-2017,0.4102854,0.5897145
10185_geowiki-landcover-2017,0.7524792,0.24752077
14906_croplands,0.5478139,0.4521861
1790_canada,0.30020556,0.6997944
5148_central-asia,0.3002049,0.6997951
4031_central-asia,0.3941244,0.6058756
22700_geowiki-landcover-2017,0.4275837,0.57241637
14102_croplands,0.63585687,0.36414316
3546_ile-de-france,0.30020532,0.69979465
3293_rwanda-ceo,0.7525045,0.24749552
640_germany,0.39412236,0.6058776
31700_geowiki-landcover-2017,0.75250715,0.24749285
292_sudan,0.4275847,0.5724153
1323_germany,0.5131747,0.4868253
4156_geowiki-landcover-2017,0.5311092,0.4688908
4337_ile-de-france,0.39412287,0.6058771
4242_central-asia,0.30020523,0.69979477
6014_canada,0.30020505,0.69979495
193_ile-de-france,0.30020505,0.69979495
1394_canada,0.30020496,0.699795
17134_geowiki-landcover-2017,0.547813,0.45218697
2220_tanzania-ceo,0.752506,0.247494
1762_central-asia,0.30020493,0.699795
8581_geowiki-landcover-2017,0.66723746,0.3327626
906_kenya-non-crop,0.5352197,0.46478024
10895_croplands,0.63576,0.36423996
584_croplands,0.42758387,0.5724161
35448_geowiki-landcover-2017,0.30020487,0.6997951
6998_geowiki-landcover-2017,0.42758363,0.57241637
762_martinique-france,0.53136045,0.46863952
598_geowiki-landcover-2017,0.6672381,0.33276188
7803_canada,0.30021307,0.6997869
189_lem-brazil,0.7525077,0.24749234
19317_geowiki-landcover-2017,0.5478146,0.45218545
17618_geowiki-landcover-2017,0.64751965,0.35248035
17489_geowiki-landcover-2017,0.54781336,0.45218667
3420_canada,0.5311086,0.4688914
14289_geowiki-landcover-2017,0.5311088,0.4688912
261_tanzania-ceo,0.7525081,0.24749191
3599_rwanda-ceo,0.75250804,0.24749196
5587_geowiki-landcover-2017,0.55284226,0.44715774
1012_croplands,0.547814,0.45218602
600_tanzania-rice-ecaas,0.6358231,0.36417693
315_tanzania,0.6672018,0.33279818
4004_canada,0.53110856,0.46889147
721_geowiki-landcover-2017,0.7525077,0.2474923
13244_geowiki-landcover-2017,0.4152176,0.58478236
23713_geowiki-landcover-2017,0.6521418,0.34785816
556_mali-helmets-labelling-crops,0.300206,0.69979393
16285_geowiki-landcover-2017,0.6673607,0.33263934
1352_germany,0.30020517,0.69979477
1013_ile-de-france,0.5311091,0.46889094
3339_canada,0.4275839,0.5724161
514_tanzania-rice-ecaas,0.6358566,0.36414337
25712_geowiki-landcover-2017,0.42758393,0.57241607
7361_canada,0.4275838,0.5724162
18751_geowiki-landcover-2017,0.4152176,0.58478236
2090_martinique-france,0.6521261,0.34787393
23186_geowiki-landcover-2017,0.53110904,0.46889094
27794_geowiki-landcover-2017,0.53110904,0.46889094
1251_rwanda-ceo,0.75250417,0.24749583
8371_geowiki-landcover-2017,0.3002049,0.6997951
24554_geowiki-landcover-2017,0.3002048,0.6997951
545_mali-helmets-labelling-crops,0.30020556,0.6997944
139_canada,0.42740953,0.5725905
26552_geowiki-landcover-2017,0.53110874,0.4688912
113_germany,0.3002049,0.69979507
8_zimbabwe,0.75250727,0.24749272
8305_geowiki-landcover-2017,0.4275848,0.57241523
55_reunion-france,0.6358561,0.36414388
1716_martinique-france,0.6521204,0.34787965
1220_croplands,0.30020493,0.699795
28589_geowiki-landcover-2017,0.56525123,0.43474877
9598_croplands,0.41523066,0.5847693
2454_reunion-france,0.7525079,0.24749205
16381_geowiki-landcover-2017,0.6475195,0.3524805
436_central-asia,0.39412227,0.60587776
26582_geowiki-landcover-2017,0.42758402,0.57241595
99_geowiki-landcover-2017,0.6521439,0.34785613
885_ile-de-france,0.30020532,0.69979465
2452_germany,0.3002059,0.69979405
13408_croplands,0.53521967,0.4647803
1679_martinique-france,0.5311278,0.46887225
30465_geowiki-landcover-2017,0.3002055,0.6997945
2193_geowiki-landcover-2017,0.6521564,0.3478436
173_togo,0.4152177,0.58478224
2901_geowiki-landcover-2017,0.53110987,0.46889013
10671_croplands,0.5352206,0.46477935
1965_tanzania-ceo,0.66723734,0.33276263
553_tanzania-rice-ecaas,0.7525043,0.24749574
20967_geowiki-landcover-2017,0.5478137,0.45218632
712_rwanda-ceo,0.66723853,0.33276153
33943_geowiki-landcover-2017,0.3002051,0.6997949
33472_geowiki-landcover-2017,0.5311089,0.46889105
32199_geowiki-landcover-2017,0.30020535,0.69979465
8706_geowiki-landcover-2017,0.6672384,0.33276156
6206_canada,0.30020487,0.6997951
9852_geowiki-landcover-2017,0.7525073,0.24749267
1938_kenya-non-crop,0.41522393,0.58477604
16283_geowiki-landcover-2017,0.647519,0.352481
718_germany,0.3002049,0.69979507
7778_canada,0.41524574,0.5847542
2672_kenya-non-crop,0.6672386,0.33276138
19889_geowiki-landcover-2017,0.30020487,0.6997951
1350_geowiki-landcover-2017,0.66724455,0.33275542
1092_martinique-france,0.51763755,0.48236248
1413_canada,0.53110987,0.46889013
714_tanzania-rice-ecaas,0.6358567,0.3641433
236_canada,0.42758426,0.5724157
948_martinique-france,0.65211624,0.34788376
627_ile-de-france,0.30020505,0.69979495
2099_martinique-france,0.6358337,0.3641663
15053_geowiki-landcover-2017,0.552834,0.44716597
1847_martinique-france,0.7518938,0.24810617
8233_geowiki-landcover-2017,0.6475199,0.3524801
2591_ile-de-france,0.42758292,0.572417
27688_geowiki-landcover-2017,0.54781365,0.45218632
5331_geowiki-landcover-2017,0.39414144,0.6058586
1104_rwanda-ceo,0.74662364,0.2533764
17136_geowiki-landcover-2017,0.30020487,0.6997951
778_central-asia,0.30020535,0.69979465
2487_ile-de-france,0.3002053,0.6997947
34571_geowiki-landcover-2017,0.42758396,0.572416
2565_canada,0.42757678,0.5724232
815_tanzania-ceo,0.75250757,0.24749245
16131_geowiki-landcover-2017,0.547814,0.45218596
11319_geowiki-landcover-2017,0.7525073,0.24749267
4623_ile-de-france,0.53110886,0.46889117
31484_geowiki-landcover-2017,0.39412218,0.60587776
13360_geowiki-landcover-2017,0.64751816,0.3524819
6836_croplands,0.6358568,0.36414325
3350_ile-de-france,0.300205,0.699795
8222_geowiki-landcover-2017,0.64752007,0.3524799
21324_geowiki-landcover-2017,0.5311082,0.46889174
5823_canada,0.30020493,0.69979507
1689_geowiki-landcover-2017,0.56400776,0.43599227
17185_geowiki-landcover-2017,0.4275841,0.5724159
19253_geowiki-landcover-2017,0.6474887,0.3525113
34401_geowiki-landcover-2017,0.6521429,0.3478571
3263_geowiki-landcover-2017,0.30020615,0.6997939
30556_geowiki-landcover-2017,0.30020484,0.6997951
4449_canada,0.4275727,0.5724273
10_tanzania,0.5352204,0.4647796
199_central-asia,0.30020523,0.69979477
617_ethiopia,0.6358565,0.36414352
4651_canada,0.30020487,0.6997951
1470_geowiki-landcover-2017,0.7525047,0.2474953
28507_geowiki-landcover-2017,0.6521421,0.34785792
9945_geowiki-landcover-2017,0.6475198,0.3524801
5333_ile-de-france,0.300205,0.699795
21693_geowiki-landcover-2017,0.3002051,0.6997949
33457_geowiki-landcover-2017,0.6672384,0.3327616
7767_canada,0.41521627,0.58478373
12488_geowiki-landcover-2017,0.5310985,0.4689015
2777_geowiki-landcover-2017,0.53111255,0.46888745
3153_ile-de-france,0.30020502,0.69979495
2557_reunion-france,0.65214276,0.34785727
1284_ile-de-france,0.300205,0.699795
15170_geowiki-landcover-2017,0.5352352,0.46476474
2203_martinique-france,0.5478158,0.4521842
3268_canada,0.5311085,0.46889147
939_geowiki-landcover-2017,0.7525081,0.2474919
1422_croplands,0.5311047,0.46889535
13135_geowiki-landcover-2017,0.652144,0.34785601
28223_geowiki-landcover-2017,0.531104,0.46889594
7307_canada,0.30020505,0.69979495
22900_geowiki-landcover-2017,0.5528417,0.44715825
5604_ile-de-france,0.53110594,0.4688941
373_tanzania,0.7525079,0.24749207
13154_croplands,0.41521835,0.5847816
9901_geowiki-landcover-2017,0.547814,0.45218596
2139_ile-de-france,0.53110814,0.4688919
16781_geowiki-landcover-2017,0.5528518,0.44714826
15210_geowiki-landcover-2017,0.6672004,0.33279964
18098_geowiki-landcover-2017,0.64751166,0.35248834
6702_croplands,0.5352201,0.46477988
13373_geowiki-landcover-2017,0.6459698,0.3540302
680_togo,0.41521516,0.58478487
1105_central-asia,0.30020493,0.699795
3518_rwanda-ceo,0.6358573,0.36414278
2676_geowiki-landcover-2017,0.3002055,0.6997945
935_kenya-non-crop,0.6672376,0.33276242
924_central-asia,0.30020618,0.6997938
744_lem-brazil,0.752505,0.24749501
3267_central-asia,0.3002049,0.6997951
7865_canada,0.39414975,0.6058502
6328_canada,0.30020502,0.699795
7719_geowiki-landcover-2017,0.75250816,0.24749182
2012_tanzania-ceo,0.6521438,0.34785625
4863_ile-de-france,0.42758384,0.5724162
14071_croplands,0.5352201,0.46477988
5514_canada,0.39412317,0.6058768
6751_canada,0.53110826,0.46889174
6449_canada,0.5311059,0.46889415
50_tanzania-ceo,0.75200206,0.24799792
91_uganda,0.41029087,0.58970916
215_tanzania-ceo,0.6521384,0.34786153
20374_geowiki-landcover-2017,0.5480208,0.45197925
199_ethiopia,0.41028807,0.5897119
1810_geowiki-landcover-2017,0.5185114,0.48148862
7912_canada,0.5311082,0.46889177
33571_geowiki-landcover-2017,0.3002202,0.6997798
490_lem-brazil,0.6358567,0.36414334
153_canada,0.42758447,0.57241553
416_reunion-france,0.75250787,0.24749209
202_martinique-france,0.5311154,0.46888462
207_tanzania-ceo,0.6521467,0.3478533
299_martinique-france,0.5311559,0.4688441
20249_geowiki-landcover-2017,0.53110814,0.4688919
26350_geowiki-landcover-2017,0.64751947,0.35248056
7051_canada,0.42758527,0.5724147
1141_martinique-france,0.6475263,0.3524737
17177_geowiki-landcover-2017,0.54781324,0.45218673
17835_geowiki-landcover-2017,0.42759448,0.5724056
4249_geowiki-landcover-2017,0.5528427,0.44715732
241_geowiki-landcover-2017,0.7523395,0.24766047
8527_geowiki-landcover-2017,0.42758384,0.5724162
480_ile-de-france,0.300205,0.699795
666_lem-brazil,0.75250584,0.24749412
29110_geowiki-landcover-2017,0.42748415,0.5725158
6536_croplands,0.7525068,0.24749318
5131_canada,0.30020502,0.699795
26934_geowiki-landcover-2017,0.5478843,0.4521157
7486_canada,0.427583,0.572417
17391_geowiki-landcover-2017,0.41029063,0.58970934
3745_canada,0.30020493,0.699795
548_tanzania-rice-ecaas,0.5352209,0.46477908
945_togo,0.6521378,0.34786212
26498_geowiki-landcover-2017,0.54781395,0.4521861
56_kenya,0.7525074,0.24749257
2793_ile-de-france,0.3941237,0.60587627
2347_canada,0.3002063,0.69979376
1076_kenya-non-crop,0.75250787,0.24749213
181_kenya,0.7525077,0.24749236
34592_geowiki-landcover-2017,0.42752713,0.5724729
8501_croplands,0.6672178,0.33278224
12568_croplands,0.652143,0.34785703
32056_geowiki-landcover-2017,0.41029066,0.58970934
1996_germany,0.5311084,0.4688916
28494_geowiki-landcover-2017,0.6672381,0.33276194
2617_ile-de-france,0.30020502,0.699795
2007_central-asia,0.39412385,0.60587615
3444_rwanda-ceo,0.75250816,0.24749182
2795_central-asia,0.30020732,0.6997927
133_geowiki-landcover-2017,0.75250775,0.24749227
1628_martinique-france,0.7525,0.24750003
488_martinique-france,0.4275871,0.5724129
204_germany,0.30020505,0.69979495
3415_geowiki-landcover-2017,0.42758426,0.57241577
1975_reunion-france,0.7525079,0.24749207
4498_central-asia,0.5311088,0.4688912
90_lem-brazil,0.63586015,0.3641398
4465_canada,0.30020493,0.699795
3418_central-asia,0.39411718,0.6058828
22383_geowiki-landcover-2017,0.42758408,0.57241595
20563_geowiki-landcover-2017,0.5478125,0.45218745
5505_canada,0.30020493,0.699795
3982_central-asia,0.53110915,0.46889088
28036_geowiki-landcover-2017,0.53110915,0.46889088
3380_central-asia,0.3002085,0.6997915
5801_canada,0.30020493,0.69979507
4685_croplands,0.40986753,0.5901325
1681_ile-de-france,0.30020502,0.699795
3245_central-asia,0.30020493,0.69979507
6978_croplands,0.53522027,0.46477976
630_canada,0.42758402,0.572416
4606_geowiki-landcover-2017,0.6672375,0.33276248
7692_geowiki-landcover-2017,0.5311089,0.4688911
333_sudan,0.64751613,0.3524838
31728_geowiki-landcover-2017,0.3940594,0.60594064
18595_geowiki-landcover-2017,0.6475197,0.3524803
387_tanzania-rice-ecaas,0.7525078,0.24749218
426_togo,0.41522652,0.5847735
3301_central-asia,0.3002049,0.6997951
2299_tanzania-ceo,0.75250787,0.24749209
4710_ile-de-france,0.30020496,0.699795
4970_canada,0.30020493,0.699795
88_kenya-non-crop,0.75250787,0.24749209
655_martinique-france,0.4278311,0.5721689
5173_central-asia,0.30020487,0.6997951
1968_kenya-non-crop,0.6521441,0.34785593
7304_canada,0.300205,0.699795
23769_geowiki-landcover-2017,0.4275837,0.57241637
1466_kenya-non-crop,0.63585764,0.3641424
23067_geowiki-landcover-2017,0.5133762,0.48662382
1507_kenya-non-crop,0.6521212,0.34787884
20122_geowiki-landcover-2017,0.531109,0.46889102
2013_tanzania-ceo,0.75250804,0.247492
1815_rwanda-ceo,0.6358573,0.36414278
17083_geowiki-landcover-2017,0.63585746,0.36414254
1027_germany,0.5311078,0.46889225
403_ile-de-france,0.30020502,0.699795
20443_geowiki-landcover-2017,0.5528427,0.44715735
261_geowiki-landcover-2017,0.7525081,0.24749191
1139_ile-de-france,0.3943234,0.60567665
1580_ile-de-france,0.53110915,0.46889085
13708_croplands,0.4152163,0.5847837
29028_geowiki-landcover-2017,0.42758384,0.5724162
20102_geowiki-landcover-2017,0.42758366,0.57241637
410_croplands,0.42757627,0.5724237
1419_geowiki-landcover-2017,0.7524863,0.24751371
350_lem-brazil,0.7525013,0.24749862
21714_geowiki-landcover-2017,0.4102901,0.5897099
1344_mali-helmets-labelling-crops,0.30020514,0.6997949
8384_geowiki-landcover-2017,0.64751995,0.35248008
3401_rwanda-ceo,0.53522074,0.46477926
23571_geowiki-landcover-2017,0.30020624,0.6997938
1207_rwanda-ceo,0.7525078,0.24749218
1772_reunion-france,0.6659505,0.33404952
1033_martinique-france,0.39436573,0.6056343
592_ile-de-france,0.5311074,0.4688926
1974_martinique-france,0.41441864,0.58558136
1744_tanzania-ceo,0.6672385,0.33276153
31280_geowiki-landcover-2017,0.41521552,0.58478445
2059_tanzania-ceo,0.75250256,0.2474974
355_tanzania,0.6358571,0.3641429
185_lem-brazil,0.75250775,0.24749227
2458_ile-de-france,0.30020505,0.69979495
33752_geowiki-landcover-2017,0.41521606,0.5847839
3980_ile-de-france,0.39411244,0.6058876
5423_geowiki-landcover-2017,0.42759147,0.5724085
25450_geowiki-landcover-2017,0.30020586,0.6997941
408_germany,0.5297274,0.4702726
104_central-asia,0.4302482,0.5697518
4133_croplands,0.6521432,0.34785685
5957_canada,0.30020505,0.69979495
12010_geowiki-landcover-2017,0.4102905,0.58970946
1121_central-asia,0.3002049,0.6997951
9357_croplands,0.652139,0.347861
10038_croplands,0.5352202,0.46477982
2927_canada,0.39412406,0.6058759
712_ethiopia,0.5133863,0.48661366
5042_central-asia,0.3002048,0.6997951
1479_tanzania-ceo,0.7524578,0.24754222
1753_tanzania-ceo,0.75250554,0.24749443
17141_geowiki-landcover-2017,0.42758426,0.57241577
22892_geowiki-landcover-2017,0.55284363,0.44715637
3267_geowiki-landcover-2017,0.5528431,0.44715694
7123_canada,0.3002117,0.6997883
14448_geowiki-landcover-2017,0.5478143,0.4521857
1062_reunion-france,0.5352198,0.4647802
2176_ile-de-france,0.5311089,0.4688911
17446_geowiki-landcover-2017,0.3002049,0.69979507
5991_ile-de-france,0.300205,0.699795
5575_geowiki-landcover-2017,0.6672371,0.3327629
2992_ile-de-france,0.30020502,0.69979495
1237_rwanda-ceo,0.63585734,0.3641427
1964_geowiki-landcover-2017,0.64752996,0.35247004
1295_kenya-non-crop,0.63585705,0.36414295
2076_germany,0.30020797,0.699792
339_geowiki-landcover-2017,0.51845914,0.4815409
7074_geowiki-landcover-2017,0.41521624,0.5847838
1681_kenya-non-crop,0.75250816,0.24749187
2281_canada,0.30020505,0.69979495
4926_ile-de-france,0.30020502,0.699795
7843_geowiki-landcover-2017,0.6402798,0.35972023
21285_geowiki-landcover-2017,0.30020887,0.69979113
684_germany,0.3002049,0.69979507
7596_geowiki-landcover-2017,0.3002048,0.6997951
95_reunion-france,0.75250787,0.24749209
12580_geowiki-landcover-2017,0.5478136,0.45218638
2070_reunion-france,0.41521648,0.5847835
3536_rwanda-ceo,0.6358571,0.3641429
149_geowiki-landcover-2017,0.6672377,0.33276227
9302_geowiki-landcover-2017,0.66723657,0.33276343
31118_geowiki-landcover-2017,0.30020624,0.6997938
28116_geowiki-landcover-2017,0.5528423,0.44715774
18180_geowiki-landcover-2017,0.64752185,0.35247818
18349_geowiki-landcover-2017,0.64751846,0.35248154
1270_reunion-france,0.7525027,0.24749734
2180_reunion-france,0.6521426,0.34785742
3602_central-asia,0.30020502,0.69979495
13483_geowiki-landcover-2017,0.6358583,0.36414167
30450_geowiki-landcover-2017,0.30020517,0.6997948
30312_geowiki-landcover-2017,0.30020517,0.69979477
127_martinique-france,0.75248814,0.24751185
743_ile-de-france,0.53110605,0.46889395
30332_geowiki-landcover-2017,0.39412403,0.60587597
144_tanzania-rice-ecaas,0.635857,0.36414307
2493_reunion-france,0.7525078,0.24749222
242_germany,0.42758244,0.57241756
29658_geowiki-landcover-2017,0.5133838,0.48661616
1100_kenya-non-crop,0.6672384,0.3327616
2283_tanzania-ceo,0.55297285,0.44702718
5408_canada,0.30020505,0.6997949
5715_canada,0.5528407,0.44715926
152_germany,0.5311089,0.4688911
3465_central-asia,0.300205,0.699795
1412_rwanda-ceo,0.7525077,0.24749236
805_canada,0.300205,0.699795
2861_rwanda-ceo,0.635857,0.36414307
1469_martinique-france,0.65139675,0.34860328
18955_geowiki-landcover-2017,0.39412403,0.60587597
2332_geowiki-landcover-2017,0.65203387,0.34796613
4086_canada,0.300205,0.699795
1713_canada,0.42758402,0.572416
6264_geowiki-landcover-2017,0.4275825,0.5724175
11907_geowiki-landcover-2017,0.7525079,0.24749207
958_canada,0.3002051,0.6997949
11434_geowiki-landcover-2017,0.6672637,0.33273637
786_geowiki-landcover-2017,0.6475173,0.35248262
3665_central-asia,0.300205,0.699795
1662_martinique-france,0.5311279,0.4688721
1284_martinique-france,0.6521205,0.34787947
13321_geowiki-landcover-2017,0.7525048,0.24749513
12791_geowiki-landcover-2017,0.39416403,0.6058359
2141_martinique-france,0.7524888,0.24751122
5586_geowiki-landcover-2017,0.41521615,0.5847839
5429_geowiki-landcover-2017,0.64751977,0.35248026
2683_reunion-france,0.65217817,0.34782177
17651_geowiki-landcover-2017,0.54781264,0.4521874
8063_geowiki-landcover-2017,0.6474226,0.3525774
7516_canada,0.3002051,0.6997949
23841_geowiki-landcover-2017,0.5478138,0.4521862
13590_croplands,0.55284524,0.44715473
2924_central-asia,0.39412546,0.60587454
15191_geowiki-landcover-2017,0.53521943,0.46478057
11015_geowiki-landcover-2017,0.5184592,0.48154074
5709_ile-de-france,0.3002051,0.6997949
29058_geowiki-landcover-2017,0.6521441,0.34785593
1221_martinique-france,0.42783585,0.5721642
7374_geowiki-landcover-2017,0.30024296,0.69975704
2015_rwanda-ceo,0.66723835,0.33276168
8522_croplands,0.6672368,0.3327632
9577_geowiki-landcover-2017,0.6521447,0.34785533
1814_germany,0.39146778,0.6085322
154_rwanda-ceo,0.75250816,0.24749182
124_reunion-france,0.75250787,0.24749209
23678_geowiki-landcover-2017,0.547814,0.45218596
6896_canada,0.3002051,0.6997949
33588_geowiki-landcover-2017,0.42758402,0.57241595
38_ile-de-france,0.30020505,0.69979495
110_lem-brazil,0.6358565,0.36414355
4058_canada,0.4275837,0.57241637
2106_tanzania-ceo,0.7525079,0.24749207
212_tanzania-ceo,0.6358961,0.36410388
7303_canada,0.30020493,0.699795
895_togo,0.30023316,0.6997669
26644_geowiki-landcover-2017,0.41028625,0.58971375
18375_geowiki-landcover-2017,0.5133838,0.48661616
29405_geowiki-landcover-2017,0.42758402,0.572416
1460_martinique-france,0.42759252,0.5724075
4718_croplands,0.5528405,0.44715956
697_ethiopia,0.75250787,0.24749209
2213_central-asia,0.4275843,0.5724157
686_canada,0.30020505,0.69979495
7441_croplands,0.5352201,0.46477988
34383_geowiki-landcover-2017,0.7525078,0.24749218
234_rwanda-ceo,0.75250775,0.24749225
649_tanzania-ceo,0.667238,0.332762
531_mali-helmets-labelling-crops,0.30020645,0.6997935
5069_canada,0.30020487,0.6997951
109_tanzania-rice-ecaas,0.5352241,0.46477592
6059_canada,0.4275659,0.5724341
1200_rwanda-ceo,0.75250787,0.24749209
1340_rwanda-ceo,0.63587445,0.36412555
17429_geowiki-landcover-2017,0.64752,0.35248
2307_ile-de-france,0.300205,0.699795
355_germany,0.5311089,0.4688911
5132_ile-de-france,0.42762178,0.5723782
29963_geowiki-landcover-2017,0.75247765,0.24752234
17870_geowiki-landcover-2017,0.5133833,0.48661667
725_kenya-non-crop,0.75250757,0.24749245
20093_geowiki-landcover-2017,0.41029048,0.58970946
854_tanzania-ceo,0.6358565,0.36414346
38_reunion-france,0.75250804,0.247492
3307_geowiki-landcover-2017,0.42760402,0.57239604
14114_geowiki-landcover-2017,0.41029063,0.5897094
15463_geowiki-landcover-2017,0.42758948,0.5724105
1994_reunion-france,0.635856,0.36414403
215_canada,0.42758387,0.5724161
22196_geowiki-landcover-2017,0.3002088,0.6997912
1080_mali-helmets-labelling-crops,0.3002051,0.6997949
2741_geowiki-landcover-2017,0.5528431,0.44715694
4315_croplands,0.4152146,0.58478546
348_sudan,0.51338744,0.48661253
14287_geowiki-landcover-2017,0.41029146,0.5897085
608_kenya-non-crop,0.7525075,0.24749249
511_mali-helmets-labelling-crops,0.3002054,0.6997946
34946_geowiki-landcover-2017,0.42758387,0.5724161
4296_croplands,0.41520774,0.58479226
4665_croplands,0.30022737,0.69977266
4041_central-asia,0.39412412,0.60587585
190_mali-helmets-labelling-crops,0.30020586,0.6997941
1164_geowiki-landcover-2017,0.6358571,0.3641429
12586_geowiki-landcover-2017,0.54781395,0.4521861
27134_geowiki-landcover-2017,0.5311102,0.4688898
10470_geowiki-landcover-2017,0.64751667,0.3524833
5365_canada,0.30021495,0.6997851
7365_geowiki-landcover-2017,0.64753944,0.35246056
2397_central-asia,0.4275818,0.5724182
8477_geowiki-landcover-2017,0.65210384,0.3478962
506_croplands,0.41521725,0.5847828
666_reunion-france,0.75250787,0.24749209
623_martinique-france,0.5313595,0.46864057
5910_ile-de-france,0.39412752,0.60587245
24464_geowiki-landcover-2017,0.64749634,0.35250363
27975_geowiki-landcover-2017,0.53110975,0.46889022
295_ile-de-france,0.53110814,0.4688919
12386_geowiki-landcover-2017,0.64751935,0.35248062
6320_geowiki-landcover-2017,0.4102943,0.5897057
5222_central-asia,0.41029036,0.58970964
308_central-asia,0.3002055,0.6997945
6541_canada,0.42758268,0.5724174
48_rwanda-ceo,0.75250787,0.24749209
309_rwanda-ceo,0.66723824,0.33276176
1131_martinique-france,0.53136045,0.46863955
463_togo,0.41520938,0.5847906
2151_reunion-france,0.7525079,0.24749205
14904_croplands,0.5133839,0.48661605
4858_canada,0.42758378,0.57241625
32477_geowiki-landcover-2017,0.39412412,0.60587585
6705_croplands,0.53522,0.46477997
5431_canada,0.30020493,0.699795
655_ile-de-france,0.30020517,0.69979477
31_brazil-non-crop,0.6358726,0.3641274
879_martinique-france,0.65212435,0.34787565
23627_geowiki-landcover-2017,0.4102972,0.5897028
21046_geowiki-landcover-2017,0.3941249,0.60587513
950_croplands,0.531108,0.46889198
35215_geowiki-landcover-2017,0.42758387,0.5724161
27172_geowiki-landcover-2017,0.5311087,0.4688913
22732_geowiki-landcover-2017,0.5528426,0.4471574
677_ile-de-france,0.39412406,0.6058759
1312_croplands,0.30020517,0.6997948
5288_canada,0.39412567,0.6058743
7859_geowiki-landcover-2017,0.75250787,0.24749213
27064_geowiki-landcover-2017,0.5310977,0.46890223
735_tanzania-rice-ecaas,0.7525078,0.24749222
9329_croplands,0.41523,0.58476996
11025_croplands,0.6358553,0.36414465
76_central-asia,0.5478075,0.45219252
1586_martinique-france,0.6513965,0.3486035
27589_geowiki-landcover-2017,0.53110266,0.46889737
261_mali-helmets-labelling-crops,0.30020502,0.69979495
778_kenya-non-crop,0.5352206,0.46477938
89_sudan,0.53115135,0.46884868
792_ile-de-france,0.53110445,0.46889558
11117_geowiki-landcover-2017,0.66723955,0.33276048
990_germany,0.4275569,0.5724431
1255_germany,0.39412418,0.60587585
295_central-asia,0.30020538,0.6997946
638_reunion-france,0.7525043,0.24749574
977_ile-de-france,0.531109,0.468891
2383_martinique-france,0.6521207,0.34787935
825_croplands,0.65214056,0.34785944
12486_croplands,0.51845944,0.48154056
2920_central-asia,0.30020568,0.6997943
19361_geowiki-landcover-2017,0.5478141,0.4521859
314_ile-de-france,0.39412472,0.60587525
1393_germany,0.3002051,0.6997949
9946_geowiki-landcover-2017,0.53522074,0.4647793
1378_reunion-france,0.65214384,0.34785616
339_ile-de-france,0.39412487,0.60587513
2045_canada,0.4275544,0.5724456
5975_geowiki-landcover-2017,0.6475136,0.35248634
1447_martinique-france,0.4278307,0.5721693
1314_martinique-france,0.6520818,0.34791827
1204_germany,0.53110874,0.4688912
104_tanzania-ceo,0.6358569,0.36414307
9204_croplands,0.55284196,0.44715804
2701_central-asia,0.30022174,0.69977826
6756_croplands,0.5352204,0.4647796
6060_ile-de-france,0.39412412,0.6058759
9184_croplands,0.5528423,0.44715765
25225_geowiki-landcover-2017,0.55284554,0.44715452
4048_canada,0.42758405,0.57241595
1680_geowiki-landcover-2017,0.5352269,0.46477315
3883_geowiki-landcover-2017,0.51338786,0.48661208
2887_croplands,0.6672379,0.33276212
2324_martinique-france,0.6521203,0.34787974
3144_rwanda-ceo,0.63585716,0.3641428
1239_geowiki-landcover-2017,0.6475204,0.35247958
538_tanzania-rice-ecaas,0.6358599,0.3641401
34581_geowiki-landcover-2017,0.30020487,0.6997951
30233_geowiki-landcover-2017,0.42758402,0.572416
79_reunion-france,0.75250727,0.2474927
30174_geowiki-landcover-2017,0.4103118,0.58968824
14435_geowiki-landcover-2017,0.5311091,0.46889088
35370_geowiki-landcover-2017,0.53111005,0.46888992
2114_croplands,0.3002126,0.69978744
26983_geowiki-landcover-2017,0.64751863,0.35248134
16695_geowiki-landcover-2017,0.6521442,0.34785584
3367_croplands,0.5352198,0.46478024
1131_togo,0.5528334,0.44716662
18906_geowiki-landcover-2017,0.41029057,0.58970946
35174_geowiki-landcover-2017,0.30020538,0.6997946
2662_canada,0.30020493,0.699795
702_canada,0.3002049,0.6997951
7676_canada,0.42758393,0.57241607
2647_canada,0.39412317,0.6058768
209_central-asia,0.30020577,0.6997942
2107_canada,0.30020556,0.6997944
117_uganda,0.5339913,0.46600875
9437_geowiki-landcover-2017,0.5311037,0.4688964
25124_geowiki-landcover-2017,0.7525048,0.24749514
25448_geowiki-landcover-2017,0.53110874,0.46889123
5868_canada,0.42758325,0.5724168
15367_geowiki-landcover-2017,0.42758232,0.5724177
2237_canada,0.4275832,0.5724168
29291_geowiki-landcover-2017,0.5311092,0.46889073
2140_central-asia,0.30020502,0.699795
115_mali,0.30020505,0.69979495
3681_canada,0.30020818,0.6997918
12412_geowiki-landcover-2017,0.39411977,0.6058802
884_rwanda-ceo,0.7525078,0.24749222
5254_canada,0.30020493,0.699795
35633_geowiki-landcover-2017,0.6358557,0.36414433
23263_geowiki-landcover-2017,0.547814,0.45218602
1255_martinique-france,0.55202913,0.44797087
62_mali-non-crop,0.42764837,0.57235163
2242_kenya-non-crop,0.6672311,0.3327689
2999_central-asia,0.30020797,0.699792
72_uganda,0.41029477,0.5897052
27621_geowiki-landcover-2017,0.5311087,0.46889132
26618_geowiki-landcover-2017,0.53110886,0.46889114
1083_ile-de-france,0.39412567,0.60587436
1107_rwanda-ceo,0.6358573,0.36414275
54_mali,0.30020493,0.699795
3679_canada,0.30021268,0.6997873
17067_geowiki-landcover-2017,0.64753133,0.3524686
393_geowiki-landcover-2017,0.6358565,0.36414352
5613_canada,0.300205,0.699795
17706_geowiki-landcover-2017,0.3002048,0.6997951
2906_central-asia,0.30020577,0.6997942
24320_geowiki-landcover-2017,0.5478139,0.45218617
30795_geowiki-landcover-2017,0.30020493,0.699795
23509_geowiki-landcover-2017,0.30020484,0.6997952
1709_kenya-non-crop,0.75250816,0.24749182
2912_canada,0.39412427,0.60587573
1951_martinique-france,0.6521149,0.34788513
1180_canada,0.42758402,0.57241595
3109_geowiki-landcover-2017,0.42759797,0.57240206
34544_geowiki-landcover-2017,0.42758363,0.57241637
1823_reunion-france,0.7525075,0.24749249
10695_croplands,0.6358567,0.36414328
998_ile-de-france,0.5311091,0.46889088
2269_canada,0.30020493,0.69979507
31578_geowiki-landcover-2017,0.75249743,0.24750258
4658_central-asia,0.30020523,0.69979477
3735_central-asia,0.30020505,0.69979495
2080_germany,0.53110856,0.4688914
23444_geowiki-landcover-2017,0.39412472,0.6058753
28894_geowiki-landcover-2017,0.41029304,0.5897069
87_uganda,0.41029093,0.58970904
20077_geowiki-landcover-2017,0.5311085,0.46889153
8835_geowiki-landcover-2017,0.41029054,0.58970946
4071_canada,0.42758375,0.57241625
1509_germany,0.53030497,0.469695
134_tanzania,0.6672382,0.33276185
79_ethiopia,0.4102911,0.5897089
5633_canada,0.3002049,0.69979507
390_sudan,0.4102922,0.58970785
1388_martinique-france,0.5311109,0.46888912
13963_geowiki-landcover-2017,0.42758387,0.5724161
9671_geowiki-landcover-2017,0.7524996,0.24750037
310_rwanda-ceo,0.75250244,0.24749754
14951_croplands,0.3941249,0.60587513
9468_croplands,0.5528429,0.4471571
627_togo,0.55282515,0.44717485
1239_togo,0.4275955,0.57240456
478_martinique-france,0.4275874,0.5724126
1318_martinique-france,0.518442,0.48155805
10446_geowiki-landcover-2017,0.53110844,0.4688916
4708_canada,0.30020487,0.6997951
4767_central-asia,0.3002049,0.69979507
4596_geowiki-landcover-2017,0.55284065,0.44715935
2266_reunion-france,0.75244164,0.24755831
34779_geowiki-landcover-2017,0.42758456,0.5724155
5321_ile-de-france,0.39412254,0.60587746
19805_geowiki-landcover-2017,0.41521615,0.5847838
2836_rwanda-ceo,0.6672384,0.33276162
10885_croplands,0.51846254,0.4815374
604_geowiki-landcover-2017,0.63585687,0.36414307
6210_canada,0.3002049,0.6997951
727_mali-helmets-labelling-crops,0.30020523,0.69979477
6880_geowiki-landcover-2017,0.4102309,0.5897691
18966_geowiki-landcover-2017,0.41521633,0.5847837
12904_geowiki-landcover-2017,0.6475564,0.3524436
28197_geowiki-landcover-2017,0.55284244,0.44715756
35275_geowiki-landcover-2017,0.41521624,0.5847838
185_germany,0.42761472,0.5723853
9823_geowiki-landcover-2017,0.6521433,0.34785667
760_reunion-france,0.5528765,0.44712356
3537_rwanda-ceo,0.6673963,0.33260372
4723_canada,0.39412454,0.60587543
9837_croplands,0.6671996,0.3328004
21525_geowiki-landcover-2017,0.41029063,0.58970934
26685_geowiki-landcover-2017,0.42758393,0.57241607
3693_central-asia,0.30020493,0.699795
8857_croplands,0.5184589,0.48154107
1310_rwanda-ceo,0.75250787,0.24749212
6900_geowiki-landcover-2017,0.55284303,0.447157
7294_canada,0.30020517,0.6997948
33603_geowiki-landcover-2017,0.64751947,0.3524805
3968_canada,0.5311012,0.46889877
1359_reunion-france,0.63585603,0.36414394
170_central-asia,0.39412445,0.60587555
250_ile-de-france,0.39412427,0.60587573
1093_rwanda-ceo,0.7525079,0.24749205
9404_croplands,0.41521633,0.5847837
2069_ile-de-france,0.5311087,0.46889132
32689_geowiki-landcover-2017,0.42758352,0.5724165
1730_ile-de-france,0.300205,0.699795
25389_geowiki-landcover-2017,0.42758003,0.57241994
3443_geowiki-landcover-2017,0.6475195,0.3524805
29072_geowiki-landcover-2017,0.42758375,0.57241625
15530_geowiki-landcover-2017,0.41029063,0.5897094
2204_canada,0.30020514,0.6997949
3282_rwanda-ceo,0.7525078,0.24749216
3864_ile-de-france,0.30020514,0.6997948
18740_geowiki-landcover-2017,0.64750916,0.3524908
2443_kenya-non-crop,0.65214384,0.34785616
5040_ile-de-france,0.5311091,0.46889088
7253_canada,0.39410022,0.60589975
136_central-asia,0.39412427,0.60587573
4788_ile-de-france,0.3002051,0.6997949
10153_croplands,0.6672379,0.3327621
1927_reunion-france,0.75250703,0.24749294
6625_canada,0.4275477,0.57245237
33229_geowiki-landcover-2017,0.5310774,0.46892264
13148_croplands,0.66723794,0.3327621
1209_germany,0.531109,0.468891
795_lem-brazil,0.66688365,0.33311635
98_mali-non-crop,0.5311087,0.46889126
769_ile-de-france,0.39412993,0.60587007
624_mali-helmets-labelling-crops,0.30020574,0.6997943
12004_geowiki-landcover-2017,0.6475195,0.35248044
18722_geowiki-landcover-2017,0.5133756,0.48662448
2176_germany,0.5311089,0.46889105
386_canada,0.4275837,0.5724163
1394_kenya-non-crop,0.752495,0.24750505
1238_togo,0.30021545,0.6997845
1916_geowiki-landcover-2017,0.5478112,0.4521888
15004_geowiki-landcover-2017,0.5184596,0.48154035
2199_ile-de-france,0.53110886,0.46889114
11547_geowiki-landcover-2017,0.42780927,0.57219076
2609_reunion-france,0.75250703,0.24749297
4550_ile-de-france,0.30020502,0.699795
4287_ile-de-france,0.53110474,0.46889523
1599_central-asia,0.39412367,0.60587627
27594_geowiki-landcover-2017,0.30020493,0.699795
23288_geowiki-landcover-2017,0.531109,0.46889102
10482_geowiki-landcover-2017,0.53113425,0.46886575
4980_ile-de-france,0.30021587,0.69978416
3795_ile-de-france,0.30020496,0.699795
6369_geowiki-landcover-2017,0.51338387,0.48661616
34392_geowiki-landcover-2017,0.6521579,0.34784207
3733_canada,0.30020505,0.69979495
1460_mali-helmets-labelling-crops,0.42756066,0.5724394
859_canada,0.30024496,0.6997551
2618_kenya-non-crop,0.6475801,0.3524199
3784_geowiki-landcover-2017,0.41521737,0.5847826
7899_canada,0.39412412,0.60587585
12495_geowiki-landcover-2017,0.4275846,0.5724154
7797_canada,0.41521606,0.5847839
31120_geowiki-landcover-2017,0.42758292,0.57241714
358_tanzania-rice-ecaas,0.7525071,0.2474929
30345_geowiki-landcover-2017,0.6672395,0.33276048
189_uganda,0.7525052,0.24749479
25774_geowiki-landcover-2017,0.5478138,0.45218623
10626_croplands,0.53522015,0.46477988
1192_canada,0.42758378,0.57241625
839_ile-de-france,0.300205,0.699795
536_geowiki-landcover-2017,0.6672359,0.33276412
2012_kenya-non-crop,0.5184599,0.4815401
2536_geowiki-landcover-2017,0.30025595,0.69974405
17876_geowiki-landcover-2017,0.30020505,0.6997949
2492_germany,0.30020514,0.6997948
157_germany,0.39412385,0.60587615
628_martinique-france,0.7525005,0.24749954
723_lem-brazil,0.7525077,0.24749231
18118_geowiki-landcover-2017,0.5478138,0.45218617
1153_togo,0.55283785,0.44716212
188_kenya-non-crop,0.63585657,0.3641434
5277_canada,0.42758453,0.5724155
24776_geowiki-landcover-2017,0.54778534,0.4522147
13717_croplands,0.5184591,0.48154092
22062_geowiki-landcover-2017,0.4275837,0.57241637
15872_geowiki-landcover-2017,0.6475198,0.35248014
6881_canada,0.41521606,0.584784
14135_geowiki-landcover-2017,0.42759043,0.5724095
2333_martinique-france,0.65212756,0.3478724
5915_ile-de-france,0.53110915,0.46889088
39_geowiki-landcover-2017,0.667238,0.33276206
7627_geowiki-landcover-2017,0.6358568,0.3641432
3475_canada,0.4275837,0.57241637
2761_canada,0.3941241,0.6058759
2186_canada,0.30020547,0.69979453
1379_kenya-non-crop,0.7525062,0.24749376
4634_ile-de-france,0.39413983,0.6058602
3360_rwanda-ceo,0.75250715,0.2474928
25949_geowiki-landcover-2017,0.55266917,0.4473309
2782_rwanda-ceo,0.7525073,0.24749267
30652_geowiki-landcover-2017,0.4102909,0.58970904
1982_germany,0.30020493,0.69979507
78_tanzania-rice-ecaas,0.6358545,0.36414558
15005_geowiki-landcover-2017,0.7524972,0.2475028
984_kenya-non-crop,0.6672381,0.33276188
2260_central-asia,0.3941252,0.6058748
7359_canada,0.30020505,0.69979495
3077_rwanda-ceo,0.63585716,0.36414284
1480_geowiki-landcover-2017,0.6358568,0.3641432
14123_geowiki-landcover-2017,0.5478132,0.45218685
27308_geowiki-landcover-2017,0.41521773,0.58478224
417_tanzania-ceo,0.5352212,0.46477875
18613_geowiki-landcover-2017,0.39412406,0.6058759
6509_canada,0.300205,0.699795
3246_central-asia,0.300205,0.699795
14182_croplands,0.63583165,0.36416832
3196_rwanda-ceo,0.7525079,0.24749205
394_ile-de-france,0.5311085,0.46889153
1896_geowiki-landcover-2017,0.5184604,0.48153967
2811_ile-de-france,0.39412156,0.6058785
7126_canada,0.5311169,0.4688831
17918_geowiki-landcover-2017,0.41029048,0.5897095
22235_geowiki-landcover-2017,0.30020535,0.69979465
1057_ile-de-france,0.53110874,0.46889123
26460_geowiki-landcover-2017,0.4102902,0.5897098
6014_ile-de-france,0.4275819,0.57241803
17811_geowiki-landcover-2017,0.41028857,0.5897115
18713_geowiki-landcover-2017,0.30024216,0.6997578
10191_geowiki-landcover-2017,0.6672321,0.33276787
5801_geowiki-landcover-2017,0.4102905,0.58970946
31334_geowiki-landcover-2017,0.75250757,0.24749245
806_ile-de-france,0.300205,0.699795
21229_geowiki-landcover-2017,0.5311079,0.46889207
1960_rwanda-ceo,0.53522336,0.4647766
948_canada,0.300205,0.699795
8797_geowiki-landcover-2017,0.547814,0.452186
24430_geowiki-landcover-2017,0.41029018,0.5897098
6124_canada,0.42758408,0.57241595
829_canada,0.3002199,0.6997801
1686_kenya-non-crop,0.75250816,0.24749182
16518_geowiki-landcover-2017,0.6521437,0.34785634
1300_rwanda-ceo,0.66723853,0.33276153
29492_geowiki-landcover-2017,0.54781085,0.45218912
27211_geowiki-landcover-2017,0.5184414,0.48155862
35750_geowiki-landcover-2017,0.30028647,0.6997135
30129_geowiki-landcover-2017,0.55284095,0.44715905
551_tanzania-rice-ecaas,0.7525076,0.2474924
13842_croplands,0.53522,0.46477997
1178_germany,0.53110874,0.4688912
3673_canada,0.30020523,0.69979477
4399_croplands,0.30021694,0.699783
610_lem-brazil,0.6358567,0.3641433
572_kenya-non-crop,0.7525075,0.24749252
1961_germany,0.42757925,0.5724207
7128_canada,0.5311124,0.46888763
3727_central-asia,0.30020505,0.69979495
4670_central-asia,0.3002051,0.6997949
3733_geowiki-landcover-2017,0.41028857,0.58971137
418_tanzania-ceo,0.667238,0.332762
2223_germany,0.30020493,0.699795
18_reunion-france,0.7525071,0.24749292
35085_geowiki-landcover-2017,0.42758402,0.57241595
5262_canada,0.4275759,0.5724242
1810_canada,0.30020568,0.6997943
24314_geowiki-landcover-2017,0.4275838,0.5724162
65_germany,0.30020505,0.69979495
999_croplands,0.30020502,0.69979495
1357_rwanda-ceo,0.7525078,0.24749222
1390_kenya-non-crop,0.66723824,0.33276176
4044_central-asia,0.39412406,0.6058759
7712_geowiki-landcover-2017,0.53110904,0.468891
7816_geowiki-landcover-2017,0.531109,0.468891
11294_geowiki-landcover-2017,0.7525081,0.24749191
20107_geowiki-landcover-2017,0.5133843,0.48661572
2212_martinique-france,0.65211874,0.3478813
20110_geowiki-landcover-2017,0.42758387,0.5724161
1715_croplands,0.6521564,0.34784356
2412_rwanda-ceo,0.66723704,0.33276293
3084_croplands,0.53522015,0.46477988
1691_germany,0.300205,0.699795
1005_rwanda-ceo,0.7525081,0.24749191
1823_martinique-france,0.39412573,0.6058743
2082_germany,0.30020568,0.6997943
166_central-asia,0.39412445,0.60587555
5091_ile-de-france,0.3941249,0.6058751
2472_geowiki-landcover-2017,0.652143,0.34785697
2812_geowiki-landcover-2017,0.41522902,0.58477104
2958_geowiki-landcover-2017,0.30020705,0.699793
1205_rwanda-ceo,0.75250816,0.24749187
104_reunion-france,0.7519963,0.24800372
2716_geowiki-landcover-2017,0.6475195,0.35248044
1973_canada,0.42758396,0.572416
31990_geowiki-landcover-2017,0.5311086,0.46889135
3_germany,0.39412385,0.60587615
3792_central-asia,0.30020505,0.69979495
2704_central-asia,0.3941277,0.60587233
615_rwanda-ceo,0.6358573,0.36414278
28_geowiki-landcover-2017,0.41522592,0.5847741
123_mali-non-crop,0.5311014,0.46889853
374_tanzania,0.63585746,0.36414254
28_brazil-non-crop,0.75248986,0.24751012
32245_geowiki-landcover-2017,0.39412394,0.605876
7890_canada,0.53109735,0.46890265
2184_martinique-france,0.65139675,0.34860325
33298_geowiki-landcover-2017,0.6475089,0.3524911
5125_ile-de-france,0.53110904,0.46889094
1063_togo,0.42760012,0.5723999
1527_canada,0.30020493,0.699795
1112_central-asia,0.30020684,0.69979316
2390_kenya-non-crop,0.75250584,0.24749416
2185_rwanda-ceo,0.6671087,0.3328913
64_kenya,0.6672331,0.33276686
330_croplands,0.30020723,0.6997928
5166_canada,0.3002054,0.6997946
1942_reunion-france,0.75250787,0.24749213
1875_kenya-non-crop,0.63585776,0.3641422
1602_tanzania-ceo,0.5528433,0.44715676
4246_canada,0.5525877,0.44741237
235_tanzania,0.5352201,0.46477988
25404_geowiki-landcover-2017,0.30020523,0.69979477
11104_geowiki-landcover-2017,0.66723824,0.33276176
889_central-asia,0.3002055,0.6997945
11135_geowiki-landcover-2017,0.7524839,0.24751613
733_togo,0.5528429,0.44715708
15446_geowiki-landcover-2017,0.5184599,0.4815401
7728_canada,0.39412394,0.6058761
1632_rwanda-ceo,0.75250274,0.24749722
13453_geowiki-landcover-2017,0.415218,0.584782
32325_geowiki-landcover-2017,0.4275839,0.5724161
30346_geowiki-landcover-2017,0.3941252,0.6058748
5241_ile-de-france,0.300205,0.699795
21475_geowiki-landcover-2017,0.547814,0.45218596
11574_geowiki-landcover-2017,0.66723824,0.33276176
293_tanzania-ceo,0.6672383,0.3327617
2789_geowiki-landcover-2017,0.5311091,0.46889094
13093_geowiki-landcover-2017,0.55284667,0.4471533
1406_reunion-france,0.75250804,0.247492
1545_kenya-non-crop,0.55284244,0.44715756
18634_geowiki-landcover-2017,0.5528425,0.44715744
2091_kenya-non-crop,0.7525069,0.24749306
1968_germany,0.5311069,0.4688931
2415_central-asia,0.3002051,0.6997949
868_togo,0.42758635,0.5724136
728_martinique-france,0.5184422,0.48155773
649_kenya-non-crop,0.7525073,0.24749267
13033_geowiki-landcover-2017,0.51845956,0.48154047
954_central-asia,0.3941244,0.6058756
124_lem-brazil,0.5365552,0.46344483
19204_geowiki-landcover-2017,0.5311086,0.46889135
14083_croplands,0.53522015,0.46477985
33614_geowiki-landcover-2017,0.39412412,0.6058759
439_reunion-france,0.75250804,0.24749196
11173_geowiki-landcover-2017,0.6475198,0.35248014
2017_ile-de-france,0.30020517,0.69979477
14687_geowiki-landcover-2017,0.6672379,0.33276212
16265_geowiki-landcover-2017,0.51338387,0.48661616
2680_geowiki-landcover-2017,0.55284274,0.4471573
13459_croplands,0.55278695,0.4472131
1446_canada,0.53110987,0.46889013
3600_central-asia,0.30020568,0.6997943
1022_mali-helmets-labelling-crops,0.30020493,0.699795
3391_central-asia,0.39412397,0.605876
988_martinique-france,0.51847154,0.4815285
1233_mali-helmets-labelling-crops,0.30020514,0.6997948
27843_geowiki-landcover-2017,0.5478832,0.4521168
2191_canada,0.5311089,0.4688911
4589_canada,0.3002049,0.6997951
1984_ile-de-france,0.30020505,0.69979495
2227_geowiki-landcover-2017,0.5730059,0.42699406
7453_geowiki-landcover-2017,0.4275955,0.57240444
1058_germany,0.5311024,0.46889758
2737_ile-de-france,0.30020607,0.69979393
3326_central-asia,0.30020535,0.69979465
10766_croplands,0.53522944,0.46477062
2415_canada,0.42759746,0.57240254
3298_canada,0.5133841,0.48661593
4280_ile-de-france,0.53110653,0.46889347
2820_geowiki-landcover-2017,0.30020544,0.69979453
1216_martinique-france,0.55203044,0.4479696
850_rwanda-ceo,0.63585716,0.3641428
120_martinique-france,0.5310749,0.4689251
3112_rwanda-ceo,0.66723853,0.33276153
999_canada,0.30020493,0.699795
578_kenya-non-crop,0.75250715,0.2474929
2451_kenya-non-crop,0.65214413,0.34785584
378_kenya-non-crop,0.5478146,0.4521854
580_tanzania-rice-ecaas,0.6358583,0.3641417
22306_geowiki-landcover-2017,0.30020502,0.699795
10443_geowiki-landcover-2017,0.4275851,0.5724149
5704_geowiki-landcover-2017,0.53110963,0.4688904
771_ethiopia,0.66723895,0.33276102
3457_rwanda-ceo,0.7525082,0.24749173
4353_canada,0.30020505,0.69979495
30727_geowiki-landcover-2017,0.42758366,0.57241637
29819_geowiki-landcover-2017,0.300205,0.699795
15352_geowiki-landcover-2017,0.66723603,0.332764
20798_geowiki-landcover-2017,0.42758363,0.57241637
2278_martinique-france,0.5311118,0.46888825
2061_germany,0.30020496,0.699795
2391_rwanda-ceo,0.75250816,0.24749187
26147_geowiki-landcover-2017,0.64751935,0.35248062
13462_geowiki-landcover-2017,0.5528429,0.44715708
2541_reunion-france,0.53111815,0.46888182
2756_rwanda-ceo,0.63585716,0.36414284
15860_geowiki-landcover-2017,0.54781425,0.45218578
5962_geowiki-landcover-2017,0.3002051,0.6997949
28896_geowiki-landcover-2017,0.64755094,0.35244903
10839_geowiki-landcover-2017,0.64751995,0.35248005
167_tanzania-rice-ecaas,0.63585705,0.36414295
21697_geowiki-landcover-2017,0.64751965,0.35248032
5111_geowiki-landcover-2017,0.64751893,0.352481
2717_geowiki-landcover-2017,0.42758366,0.57241637
350_germany,0.53110474,0.46889532
15_tanzania-rice-ecaas,0.6358568,0.36414322
67_togo,0.30023304,0.69976693
4689_croplands,0.65206045,0.3479395
18957_geowiki-landcover-2017,0.6475198,0.35248014
8231_croplands,0.6358553,0.3641447
2363_canada,0.30020568,0.6997943
10169_croplands,0.5352201,0.46477988
2196_kenya-non-crop,0.66717374,0.33282626
944_rwanda-ceo,0.6358576,0.36414245
10758_croplands,0.6672379,0.33276215
22710_geowiki-landcover-2017,0.4275839,0.5724161
11609_geowiki-landcover-2017,0.7525043,0.24749567
1306_canada,0.30020505,0.6997949
8859_croplands,0.41521624,0.5847838
451_togo,0.5528397,0.44716027
10685_croplands,0.6672003,0.3327997
307_sudan,0.4276119,0.5723881
2650_canada,0.3002073,0.6997927
29984_geowiki-landcover-2017,0.43129495,0.5687051
21459_geowiki-landcover-2017,0.64751947,0.35248056
11728_geowiki-landcover-2017,0.7525081,0.24749191
2368_canada,0.5311087,0.4688913
7284_canada,0.42758456,0.5724154
3093_geowiki-landcover-2017,0.43185586,0.5681441
5192_ile-de-france,0.30020502,0.699795
169_sudan,0.4055874,0.5944126
1816_reunion-france,0.75250757,0.24749245
839_kenya-non-crop,0.7525077,0.24749234
7312_geowiki-landcover-2017,0.54781264,0.4521874
29546_geowiki-landcover-2017,0.41028756,0.58971244
1553_geowiki-landcover-2017,0.75250715,0.24749285
315_geowiki-landcover-2017,0.7525079,0.24749205
1946_ile-de-france,0.3941245,0.6058755
7134_canada,0.5311177,0.46888232
4507_croplands,0.30027273,0.6997273
198_uganda,0.54781413,0.4521858
2607_geowiki-landcover-2017,0.3941334,0.6058666
887_central-asia,0.30020618,0.6997939
412_reunion-france,0.7525071,0.24749292
22515_geowiki-landcover-2017,0.54781246,0.45218754
22084_geowiki-landcover-2017,0.42758387,0.5724161
216_tanzania-ceo,0.6672384,0.33276165
833_ile-de-france,0.30020493,0.699795
3908_ile-de-france,0.39412558,0.6058744
2136_reunion-france,0.65213937,0.3478606
1140_tanzania-ceo,0.6672386,0.3327614
284_geowiki-landcover-2017,0.5528428,0.44715723
3750_central-asia,0.30020514,0.6997949
1551_central-asia,0.30020493,0.69979507
16112_geowiki-landcover-2017,0.54781514,0.45218486
23783_geowiki-landcover-2017,0.65214413,0.34785593
10680_croplands,0.6358642,0.3641358
5402_canada,0.42754385,0.5724561
1923_central-asia,0.30020502,0.699795
3514_central-asia,0.30020493,0.699795
1886_martinique-france,0.4277755,0.57222456
7644_canada,0.42757824,0.5724217
7305_canada,0.30021438,0.69978565
5863_ile-de-france,0.3002098,0.69979024
2279_germany,0.3002051,0.6997949
1219_ile-de-france,0.30020496,0.699795
24432_geowiki-landcover-2017,0.54781246,0.45218754
4681_geowiki-landcover-2017,0.300206,0.69979393
988_tanzania-ceo,0.55284375,0.44715625
1853_reunion-france,0.75250614,0.24749385
114_sudan,0.39944243,0.6005575
34896_geowiki-landcover-2017,0.5311088,0.4688912
637_central-asia,0.30020505,0.6997949
29158_geowiki-landcover-2017,0.4275862,0.57241386
3005_ile-de-france,0.30020583,0.6997941
789_lem-brazil,0.7525063,0.24749364
2245_central-asia,0.30020514,0.6997948
8531_geowiki-landcover-2017,0.30020502,0.699795
1459_germany,0.53109187,0.46890807
1520_martinique-france,0.53112787,0.46887213
1342_germany,0.30020493,0.69979507
6855_geowiki-landcover-2017,0.5528427,0.44715735
3745_central-asia,0.3002051,0.6997949
545_rwanda-ceo,0.53522027,0.46477976
15862_geowiki-landcover-2017,0.5528508,0.44714928
27123_geowiki-landcover-2017,0.4152178,0.5847822
1850_germany,0.30020678,0.6997932
464_martinique-france,0.30021447,0.69978553
16180_geowiki-landcover-2017,0.54781395,0.4521861
1695_germany,0.5311091,0.46889094
3347_central-asia,0.30020532,0.69979465
534_lem-brazil,0.75250506,0.24749497
387_canada,0.42758346,0.57241654
5233_geowiki-landcover-2017,0.4102903,0.58970964
656_germany,0.5308944,0.46910557
175_kenya,0.7524837,0.24751627
24724_geowiki-landcover-2017,0.64751935,0.35248062
20251_geowiki-landcover-2017,0.6521441,0.34785593
3158_rwanda-ceo,0.6358583,0.36414164
1117_ile-de-france,0.30020502,0.699795
5262_ile-de-france,0.3941543,0.60584563
2201_ile-de-france,0.5310101,0.4689899
20004_geowiki-landcover-2017,0.30020666,0.69979334
1109_kenya-non-crop,0.6672394,0.33276057
1537_germany,0.30020493,0.69979507
2011_geowiki-landcover-2017,0.65215063,0.3478494
1717_germany,0.3002049,0.6997951
1838_kenya-non-crop,0.7525079,0.24749207
7877_geowiki-landcover-2017,0.5311099,0.4688901
15024_geowiki-landcover-2017,0.5315384,0.46846157
26434_geowiki-landcover-2017,0.5311078,0.46889225
896_germany,0.52852464,0.4714753
6935_canada,0.39412376,0.6058762
25790_geowiki-landcover-2017,0.547814,0.45218596
1808_kenya-non-crop,0.7525081,0.24749191
51_tanzania,0.6672375,0.33276248
3872_ile-de-france,0.30020505,0.69979495
2408_germany,0.53109616,0.46890378
598_reunion-france,0.6360576,0.3639424
30683_geowiki-landcover-2017,0.4275837,0.5724163
35335_geowiki-landcover-2017,0.53110737,0.4688926
31406_geowiki-landcover-2017,0.53522056,0.4647794
2605_kenya-non-crop,0.6672387,0.3327613
17_togo,0.55284196,0.44715807
2430_reunion-france,0.7525061,0.24749391
968_kenya-non-crop,0.7525078,0.24749222
306_martinique-france,0.5313595,0.46864057
2575_central-asia,0.42758292,0.572417
533_germany,0.5311089,0.46889114
570_ethiopia,0.7525079,0.24749205
599_ethiopia,0.5352203,0.46477965
25366_geowiki-landcover-2017,0.3002049,0.6997951
2717_rwanda-ceo,0.6358573,0.3641427
3900_geowiki-landcover-2017,0.513384,0.48661605
180_reunion-france,0.7525077,0.24749231
7491_geowiki-landcover-2017,0.30020538,0.6997946
1756_kenya-non-crop,0.75250816,0.24749182
363_sudan,0.5311162,0.4688838
296_ile-de-france,0.4275815,0.5724185
30229_geowiki-landcover-2017,0.53110915,0.46889088
12790_geowiki-landcover-2017,0.5133843,0.48661575
27886_geowiki-landcover-2017,0.547824,0.45217597
367_mali-helmets-labelling-crops,0.39412156,0.6058784
20126_geowiki-landcover-2017,0.5311089,0.4688911
517_martinique-france,0.5311278,0.46887225
616_ethiopia,0.63585716,0.36414284
13029_geowiki-landcover-2017,0.7525079,0.24749205
192_canada,0.42758417,0.5724158
30528_geowiki-landcover-2017,0.42701736,0.57298267
6135_canada,0.42758393,0.572416
1628_tanzania-ceo,0.6521436,0.34785634
2348_ile-de-france,0.300205,0.699795
4436_ile-de-france,0.5311089,0.4688911
14348_geowiki-landcover-2017,0.6357636,0.36423638
5341_geowiki-landcover-2017,0.54781157,0.45218843
1117_reunion-france,0.53522015,0.46477985
1151_martinique-france,0.7518924,0.24810763
3849_central-asia,0.30020574,0.69979423
10182_croplands,0.5352204,0.46477962
9329_geowiki-landcover-2017,0.6521479,0.34785217
5889_canada,0.3002051,0.6997949
28249_geowiki-landcover-2017,0.39412415,0.60587585
19118_geowiki-landcover-2017,0.6475102,0.3524898
1337_martinique-france,0.6521282,0.34787178
1704_kenya-non-crop,0.75250816,0.24749182
3318_rwanda-ceo,0.7525062,0.24749382
1742_canada,0.30020505,0.69979495
2388_rwanda-ceo,0.7525076,0.2474924
1107_martinique-france,0.65139604,0.34860393
1679_tanzania-ceo,0.75250787,0.24749209
17597_geowiki-landcover-2017,0.6521437,0.34785628
19784_geowiki-landcover-2017,0.6670163,0.33298373
2605_reunion-france,0.63585776,0.3641422
35133_geowiki-landcover-2017,0.3941241,0.6058759
6866_canada,0.41521722,0.5847828
25378_geowiki-landcover-2017,0.42758366,0.57241637
45_rwanda-ceo,0.63586265,0.3641373
628_kenya-non-crop,0.66723776,0.33276224
94_tanzania,0.7525075,0.24749252
1940_rwanda-ceo,0.63585883,0.36414114
227_reunion-france,0.75250703,0.24749297
364_tanzania-ceo,0.6672383,0.3327617
32238_geowiki-landcover-2017,0.30020493,0.69979507
4581_canada,0.3002049,0.69979507
3973_geowiki-landcover-2017,0.30020505,0.69979495
831_central-asia,0.5311126,0.46888745
10697_croplands,0.5352206,0.4647794
2452_rwanda-ceo,0.7525077,0.2474923
31147_geowiki-landcover-2017,0.5528428,0.44715714
26745_geowiki-landcover-2017,0.5478141,0.45218596
496_rwanda-ceo,0.6672384,0.33276165
29328_geowiki-landcover-2017,0.4275838,0.5724162
1186_martinique-france,0.75173146,0.24826853
3413_geowiki-landcover-2017,0.30020544,0.69979453
1353_canada,0.30020493,0.699795
27359_geowiki-landcover-2017,0.5528429,0.44715714
32_brazil-non-crop,0.6358565,0.36414346
658_canada,0.39412406,0.6058759
612_togo,0.5184583,0.48154163
6970_canada,0.5311049,0.46889508
31940_geowiki-landcover-2017,0.30020487,0.6997951
186_canada,0.4275834,0.57241666
3373_canada,0.53110904,0.46889094
1547_martinique-france,0.7518697,0.24813032
12_croplands,0.513384,0.48661605
8499_geowiki-landcover-2017,0.7524991,0.24750091
390_tanzania-rice-ecaas,0.7525074,0.24749257
1580_kenya-non-crop,0.75250757,0.24749245
10486_geowiki-landcover-2017,0.54782295,0.45217702
379_sudan,0.66723764,0.33276236
1854_reunion-france,0.6354624,0.36453763
17807_geowiki-landcover-2017,0.53110904,0.468891
16954_geowiki-landcover-2017,0.6521447,0.34785533
1344_rwanda-ceo,0.5352231,0.46477684
11597_geowiki-landcover-2017,0.55285096,0.44714907
2606_central-asia,0.42758363,0.57241637
22039_geowiki-landcover-2017,0.5311091,0.46889088
2023_geowiki-landcover-2017,0.75250554,0.24749443
6558_canada,0.4275691,0.5724309
1488_ile-de-france,0.30020502,0.699795
4968_ile-de-france,0.300205,0.699795
1475_germany,0.42759043,0.57240963
738_tanzania-ceo,0.75250715,0.2474929
2473_reunion-france,0.63585705,0.36414295
327_mali-helmets-labelling-crops,0.42758238,0.57241756
5187_canada,0.30020514,0.6997949
28760_geowiki-landcover-2017,0.30020493,0.69979507
1937_rwanda-ceo,0.66723835,0.33276165
47_sudan,0.3002099,0.6997901
2048_germany,0.3002049,0.69979507
402_germany,0.3002049,0.6997951
2573_rwanda-ceo,0.6358563,0.3641437
111_mali,0.3002064,0.69979364
18832_geowiki-landcover-2017,0.5478123,0.4521877
3716_croplands,0.53522015,0.46477988
514_central-asia,0.3002052,0.69979477
2427_kenya-non-crop,0.65214163,0.34785837
3704_canada,0.42758355,0.5724164
5886_canada,0.3002049,0.69979507
1223_mali-helmets-labelling-crops,0.39407876,0.60592127
9014_croplands,0.6521421,0.34785795
117_togo,0.4152714,0.5847286
1407_kenya-non-crop,0.6358616,0.36413845
33695_geowiki-landcover-2017,0.6475158,0.3524843
32254_geowiki-landcover-2017,0.300206,0.69979393
1767_geowiki-landcover-2017,0.7524857,0.24751432
1162_tanzania-ceo,0.5352225,0.46477753
628_rwanda-ceo,0.75250775,0.24749225
12575_croplands,0.6521435,0.34785646
666_ethiopia,0.4102906,0.5897094
5663_canada,0.30020493,0.699795
1352_geowiki-landcover-2017,0.7525077,0.24749231
12442_croplands,0.65214247,0.34785748
5054_central-asia,0.39413005,0.60586995
1859_central-asia,0.300206,0.69979393
210_tanzania-ceo,0.75250375,0.2474962
20509_geowiki-landcover-2017,0.64754647,0.35245356
17042_geowiki-landcover-2017,0.5528441,0.44715592
6048_geowiki-landcover-2017,0.64751893,0.352481
2204_tanzania-ceo,0.75250816,0.24749187
4430_central-asia,0.30020538,0.6997946
33781_geowiki-landcover-2017,0.39412612,0.60587394
999_tanzania-ceo,0.5352214,0.46477866
1173_martinique-france,0.75250053,0.24749951
147_germany,0.30020505,0.69979495
4630_ile-de-france,0.39410836,0.6058917
5612_canada,0.3002049,0.69979507
2706_rwanda-ceo,0.7523185,0.24768148
2013_ile-de-france,0.53110385,0.46889612
1150_martinique-france,0.5176391,0.4823609
829_rwanda-ceo,0.75250804,0.24749199
1676_germany,0.39412376,0.60587627
470_lem-brazil,0.75250727,0.2474927
34794_geowiki-landcover-2017,0.30020502,0.699795
24697_geowiki-landcover-2017,0.6521439,0.34785613
30745_geowiki-landcover-2017,0.39412472,0.60587525
242_sudan,0.5311093,0.46889067
5422_ile-de-france,0.300205,0.699795
961_reunion-france,0.5185095,0.4814905
2615_canada,0.30020493,0.69979507
985_tanzania-ceo,0.75250715,0.24749285
905_tanzania-ceo,0.7525062,0.24749382
16939_geowiki-landcover-2017,0.66723853,0.33276147
639_ethiopia,0.6471465,0.35285345
2499_kenya-non-crop,0.75250816,0.24749187
16665_geowiki-landcover-2017,0.65214396,0.34785604
120_togo,0.30020773,0.6997922
4559_canada,0.3002049,0.69979507
1730_kenya-non-crop,0.7525081,0.24749191
814_kenya-non-crop,0.7525075,0.24749252
2535_rwanda-ceo,0.63590133,0.36409864
3967_ile-de-france,0.30020502,0.699795
540_martinique-france,0.5311273,0.4688728
3914_ile-de-france,0.30021977,0.69978017
23115_geowiki-landcover-2017,0.41522217,0.58477783
4703_croplands,0.5528425,0.44715744
1861_reunion-france,0.7525074,0.24749261
4196_geowiki-landcover-2017,0.65214294,0.34785706
25847_geowiki-landcover-2017,0.51335144,0.4866486
1221_central-asia,0.3002051,0.6997949
16937_geowiki-landcover-2017,0.5352201,0.46477997
20538_geowiki-landcover-2017,0.53110844,0.46889156
294_germany,0.300205,0.699795
272_tanzania,0.7525081,0.24749191
6080_ile-de-france,0.30020502,0.699795
2470_reunion-france,0.7525083,0.24749169
2903_canada,0.30020505,0.69979495
5622_geowiki-landcover-2017,0.51845866,0.4815414
25422_geowiki-landcover-2017,0.4275838,0.5724162
2401_central-asia,0.30020538,0.6997946
560_togo,0.4188838,0.5811162
52_sudan,0.30020747,0.6997925
13806_croplands,0.7525073,0.24749267
1144_germany,0.30020505,0.69979495
3715_canada,0.42758283,0.57241714
1214_canada,0.30020493,0.69979507
6038_geowiki-landcover-2017,0.6521511,0.34784892
1140_mali-helmets-labelling-crops,0.30020505,0.69979495
32714_geowiki-landcover-2017,0.41521615,0.5847839
1071_croplands,0.5528413,0.44715866
14822_geowiki-landcover-2017,0.5133841,0.48661593
11032_geowiki-landcover-2017,0.41029063,0.58970934
1386_croplands,0.3002053,0.6997947
5020_canada,0.39412385,0.6058762
28802_geowiki-landcover-2017,0.42758736,0.5724126
3516_geowiki-landcover-2017,0.42758426,0.5724157
24437_geowiki-landcover-2017,0.42758432,0.5724157
267_martinique-france,0.53111583,0.46888414
3427_central-asia,0.39412406,0.6058759
4386_canada,0.42758402,0.572416
5184_central-asia,0.30020487,0.6997951
78_tanzania-ceo,0.66723824,0.33276176
2209_martinique-france,0.7524829,0.2475171
2284_central-asia,0.30020505,0.69979495
149_canada,0.42758405,0.57241595
2994_central-asia,0.30020568,0.6997943
1920_kenya-non-crop,0.7525079,0.24749205
903_central-asia,0.30020544,0.69979453
19778_geowiki-landcover-2017,0.39412418,0.60587585
30983_geowiki-landcover-2017,0.30020502,0.69979495
2481_rwanda-ceo,0.7525078,0.24749221
6829_geowiki-landcover-2017,0.6521436,0.3478564
617_martinique-france,0.752489,0.24751104
33710_geowiki-landcover-2017,0.51338387,0.48661616
1806_reunion-france,0.75250685,0.2474931
1110_martinique-france,0.7524852,0.24751477
139_kenya-non-crop,0.75250787,0.24749213
4212_geowiki-landcover-2017,0.64751947,0.35248056
34058_geowiki-landcover-2017,0.30020678,0.6997932
412_togo,0.30037126,0.6996288
28643_geowiki-landcover-2017,0.30022007,0.69977987
103_germany,0.42758408,0.57241595
3869_central-asia,0.3002059,0.69979405
4845_central-asia,0.53110874,0.46889123
620_germany,0.5311086,0.46889135
8619_geowiki-landcover-2017,0.5478139,0.45218617
30399_geowiki-landcover-2017,0.30020753,0.6997925
1556_kenya-non-crop,0.6521435,0.34785646
138_germany,0.531109,0.46889102
682_germany,0.39305422,0.6069458
17140_geowiki-landcover-2017,0.5311089,0.4688911
1100_ile-de-france,0.5311091,0.46889088
15_canada,0.30020568,0.6997943
11163_geowiki-landcover-2017,0.55284244,0.4471576
1177_central-asia,0.30020505,0.69979495
29467_geowiki-landcover-2017,0.5311393,0.46886066
30581_geowiki-landcover-2017,0.53110886,0.46889114
232_martinique-france,0.53111213,0.46888784
2003_rwanda-ceo,0.66723907,0.33276093
13419_geowiki-landcover-2017,0.6521433,0.34785667
24158_geowiki-landcover-2017,0.55284226,0.44715774
3646_geowiki-landcover-2017,0.30020514,0.6997949
4329_croplands,0.55210274,0.44789732
455_lem-brazil,0.6358569,0.36414307
29726_geowiki-landcover-2017,0.7525061,0.24749395
12466_croplands,0.65214247,0.34785756
2933_ile-de-france,0.30020505,0.69979495
6884_canada,0.41521612,0.5847839
34853_geowiki-landcover-2017,0.41521597,0.58478403
12302_geowiki-landcover-2017,0.7525079,0.247492
28_reunion-france,0.7525065,0.24749358
432_central-asia,0.3002069,0.6997931
1207_germany,0.53110874,0.46889126
14241_geowiki-landcover-2017,0.64751977,0.35248026
2617_reunion-france,0.75250804,0.24749199
542_tanzania-ceo,0.7525071,0.24749292
10641_croplands,0.63585687,0.36414307
5227_ile-de-france,0.30020514,0.6997948
25913_geowiki-landcover-2017,0.42758378,0.57241625
929_togo,0.6475378,0.3524621
17774_geowiki-landcover-2017,0.42758483,0.5724152
1895_canada,0.30020493,0.69979507
4622_canada,0.30020493,0.69979507
1806_tanzania-ceo,0.75250775,0.24749227
625_martinique-france,0.5313601,0.46863994
708_central-asia,0.30020514,0.6997949
196_ile-de-france,0.3002053,0.6997947
6159_canada,0.30020493,0.69979507
16256_geowiki-landcover-2017,0.64773786,0.35226214
2395_canada,0.30020493,0.699795
3013_geowiki-landcover-2017,0.39412397,0.605876
2388_germany,0.42757222,0.5724278
1565_germany,0.531109,0.468891
23688_geowiki-landcover-2017,0.5133843,0.48661572
3819_central-asia,0.3002053,0.6997947
2267_martinique-france,0.51337755,0.4866224
18917_geowiki-landcover-2017,0.42758387,0.5724161
207_rwanda-ceo,0.6672384,0.33276156
4903_ile-de-france,0.30020514,0.6997948
5072_canada,0.3002049,0.6997951
5821_canada,0.42758355,0.5724165
1816_ile-de-france,0.30020505,0.69979495
1017_central-asia,0.39412403,0.60587597
30284_geowiki-landcover-2017,0.4275822,0.5724178
774_lem-brazil,0.7525074,0.24749257
398_mali-helmets-labelling-crops,0.30020654,0.6997935
1284_rwanda-ceo,0.75250715,0.24749285
13350_geowiki-landcover-2017,0.51338404,0.48661596
1232_ile-de-france,0.39412406,0.6058759
3637_canada,0.30020487,0.6997951
796_lem-brazil,0.75184774,0.24815229
13813_croplands,0.5352201,0.46477997
54_martinique-france,0.53111595,0.46888408
6871_canada,0.41521606,0.584784
91_tanzania-rice-ecaas,0.53522015,0.46477982
3515_rwanda-ceo,0.75250685,0.24749309
2016_central-asia,0.300205,0.699795
2085_kenya-non-crop,0.7525052,0.24749479
1974_rwanda-ceo,0.7525057,0.24749428
278_kenya,0.63585883,0.3641412
6244_geowiki-landcover-2017,0.6475149,0.35248518
34547_geowiki-landcover-2017,0.42758363,0.57241637
4807_canada,0.3002053,0.6997947
3519_central-asia,0.30020493,0.699795
1316_germany,0.30020502,0.699795
1367_ile-de-france,0.5311086,0.4688914
2835_canada,0.5478126,0.45218742
5825_ile-de-france,0.39412385,0.6058761
2097_ile-de-france,0.53110886,0.46889114
855_lem-brazil,0.63586605,0.36413395
26400_geowiki-landcover-2017,0.5311084,0.4688916
9988_croplands,0.5352203,0.46477968
1824_geowiki-landcover-2017,0.5529854,0.44701457
366_martinique-france,0.651396,0.34860408
5312_geowiki-landcover-2017,0.5478138,0.45218623
24571_geowiki-landcover-2017,0.64751565,0.35248432
2064_canada,0.42788947,0.5721106
4806_canada,0.3002049,0.69979507
23277_geowiki-landcover-2017,0.54781365,0.45218638
630_lem-brazil,0.6672381,0.3327619
13065_croplands,0.6358565,0.36414352
17423_geowiki-landcover-2017,0.66723824,0.33276176
2033_rwanda-ceo,0.6672386,0.33276138
326_reunion-france,0.63584673,0.3641532
2100_tanzania-ceo,0.75248057,0.2475195
4259_canada,0.41521558,0.58478445
1529_croplands,0.51345074,0.48654932
28951_geowiki-landcover-2017,0.30020487,0.6997951
1240_canada,0.3002049,0.69979507
5343_canada,0.42758378,0.57241625
2104_croplands,0.39413488,0.60586506
5069_central-asia,0.42758125,0.57241875
24916_geowiki-landcover-2017,0.5133837,0.48661637
1015_rwanda-ceo,0.7525082,0.24749178
5831_canada,0.30020514,0.6997949
349_germany,0.5311091,0.46889094
2041_kenya-non-crop,0.6521443,0.34785572
30566_geowiki-landcover-2017,0.30020505,0.69979495
9865_geowiki-landcover-2017,0.6475191,0.3524809
385_mali-helmets-labelling-crops,0.3002064,0.69979364
2560_canada,0.42758417,0.5724158
22742_geowiki-landcover-2017,0.4275834,0.57241666
3390_central-asia,0.39412406,0.6058759
5328_geowiki-landcover-2017,0.53115064,0.46884933
33_zimbabwe,0.5528433,0.4471567
467_kenya-non-crop,0.667238,0.33276206
990_croplands,0.30020484,0.6997952
34722_geowiki-landcover-2017,0.42758366,0.57241637
12_rwanda-ceo,0.66723704,0.33276293
1225_rwanda-ceo,0.7525076,0.2474924
15044_geowiki-landcover-2017,0.5311119,0.46888807
23819_geowiki-landcover-2017,0.5478139,0.45218617
2756_ile-de-france,0.3002051,0.6997949
19544_geowiki-landcover-2017,0.53522366,0.46477634
1867_martinique-france,0.42759144,0.57240856
809_tanzania-ceo,0.63585705,0.36414292
25517_geowiki-landcover-2017,0.5133839,0.48661605
2269_kenya-non-crop,0.75249434,0.24750568
1471_rwanda-ceo,0.6672385,0.33276153
10650_geowiki-landcover-2017,0.5478134,0.45218655
4825_canada,0.30020493,0.699795
34258_geowiki-landcover-2017,0.53206265,0.4679374
5051_canada,0.30020487,0.6997951
9313_geowiki-landcover-2017,0.64751947,0.35248056
7702_geowiki-landcover-2017,0.42758444,0.57241553
3594_central-asia,0.300205,0.699795
60_kenya,0.6673633,0.33263665
975_central-asia,0.394124,0.605876
1444_canada,0.5311092,0.46889076
930_tanzania-ceo,0.75250757,0.24749245
4764_geowiki-landcover-2017,0.64751965,0.35248035
870_central-asia,0.30020717,0.6997928
339_lem-brazil,0.6672381,0.33276194
401_reunion-france,0.64890504,0.35109493
847_martinique-france,0.5184335,0.4815665
496_mali-helmets-labelling-crops,0.3002053,0.6997947
779_lem-brazil,0.5352199,0.4647801
8990_geowiki-landcover-2017,0.53522235,0.46477765
93_togo,0.5528361,0.44716385
13867_geowiki-landcover-2017,0.41029063,0.58970934
321_kenya-non-crop,0.75250053,0.24749947
20052_geowiki-landcover-2017,0.547814,0.45218602
21674_geowiki-landcover-2017,0.54781216,0.4521878
1669_canada,0.30020502,0.699795
31236_geowiki-landcover-2017,0.5311088,0.4688912
3149_ile-de-france,0.300205,0.699795
4163_canada,0.41521606,0.5847839
33069_geowiki-landcover-2017,0.5311091,0.46889088
4939_ile-de-france,0.3002097,0.69979036
1768_central-asia,0.30021834,0.6997817
1373_reunion-france,0.65214354,0.34785643
2280_tanzania-ceo,0.652143,0.34785697
895_germany,0.39412358,0.60587645
321_lem-brazil,0.53521985,0.46478015
2730_central-asia,0.30020642,0.69979364
112_germany,0.3002049,0.69979507
21151_geowiki-landcover-2017,0.53110886,0.46889114
22280_geowiki-landcover-2017,0.64751965,0.35248032
1307_canada,0.3002049,0.6997951
30453_geowiki-landcover-2017,0.41028377,0.5897162
968_central-asia,0.39412445,0.60587555
1553_germany,0.3002049,0.69979507
5090_canada,0.30020505,0.69979495
9260_croplands,0.55283815,0.44716185
1456_croplands,0.39412406,0.6058759
1345_geowiki-landcover-2017,0.6672384,0.33276165
33510_geowiki-landcover-2017,0.30021286,0.69978714
33180_geowiki-landcover-2017,0.42758408,0.5724159
11300_geowiki-landcover-2017,0.42758408,0.5724159
2139_central-asia,0.30020514,0.6997949
917_martinique-france,0.5313574,0.4686426
32003_geowiki-landcover-2017,0.5311089,0.46889114
1090_croplands,0.41521543,0.58478457
999_germany,0.30020577,0.6997942
6530_geowiki-landcover-2017,0.64751977,0.35248026
21354_geowiki-landcover-2017,0.6475198,0.3524802
2214_geowiki-landcover-2017,0.65214324,0.34785676
27277_geowiki-landcover-2017,0.6475192,0.3524808
2568_central-asia,0.3002057,0.6997943
31724_geowiki-landcover-2017,0.42758974,0.5724102
6972_geowiki-landcover-2017,0.6475195,0.35248044
18732_geowiki-landcover-2017,0.41029158,0.5897084
4662_canada,0.30020523,0.69979477
2156_central-asia,0.30020517,0.6997948
31815_geowiki-landcover-2017,0.5310819,0.46891806
2579_ile-de-france,0.30020502,0.699795
5720_ile-de-france,0.3941231,0.6058769
33177_geowiki-landcover-2017,0.3002049,0.6997951
1508_rwanda-ceo,0.7525074,0.24749257
35402_geowiki-landcover-2017,0.6672383,0.3327617
283_kenya,0.63586384,0.36413613
5333_canada,0.42758358,0.5724164
784_kenya-non-crop,0.6358447,0.36415526
885_kenya-non-crop,0.7525076,0.2474924
73_lem-brazil,0.7525077,0.24749231
23300_geowiki-landcover-2017,0.53110886,0.46889117
30029_geowiki-landcover-2017,0.39412403,0.6058759
5161_central-asia,0.30020487,0.6997951
988_reunion-france,0.63585687,0.36414307
8892_croplands,0.5184592,0.48154074
1405_reunion-france,0.7525078,0.24749218
505_ethiopia,0.5505589,0.44944108
577_ile-de-france,0.53110844,0.4688916
13654_geowiki-landcover-2017,0.65214384,0.3478562
13975_geowiki-landcover-2017,0.6475189,0.3524811
339_tanzania,0.66723746,0.3327625
32718_geowiki-landcover-2017,0.30135363,0.69864637
3233_ile-de-france,0.30020496,0.699795
26656_geowiki-landcover-2017,0.39412397,0.605876
2406_rwanda-ceo,0.63585585,0.36414415
19441_geowiki-landcover-2017,0.55284333,0.4471567
12467_geowiki-landcover-2017,0.53111225,0.46888772
2792_ile-de-france,0.394124,0.605876
1222_geowiki-landcover-2017,0.66725695,0.33274305
113_martinique-france,0.6521408,0.3478592
7714_canada,0.3002049,0.69979507
1138_ile-de-france,0.531109,0.46889102
507_ile-de-france,0.5311087,0.46889132
4205_central-asia,0.30020612,0.69979393
1752_ile-de-france,0.39377248,0.6062275
19967_geowiki-landcover-2017,0.64751875,0.35248122
35467_geowiki-landcover-2017,0.30020505,0.6997949
219_reunion-france,0.519867,0.48013306
26578_geowiki-landcover-2017,0.5311089,0.4688911
380_tanzania-rice-ecaas,0.6358569,0.36414307
1197_kenya-non-crop,0.75250787,0.24749209
667_togo,0.41521516,0.58478487
793_ile-de-france,0.30020505,0.69979495
2681_rwanda-ceo,0.6672373,0.33276272
1730_tanzania-ceo,0.75250816,0.24749187
2542_canada,0.42758396,0.572416
8729_geowiki-landcover-2017,0.6475196,0.3524804
230_kenya-non-crop,0.75250703,0.24749301
2054_ile-de-france,0.5311085,0.4688915
14297_geowiki-landcover-2017,0.54781365,0.45218632
1563_geowiki-landcover-2017,0.75250816,0.24749182
21898_geowiki-landcover-2017,0.552843,0.447157
144_rwanda-ceo,0.5352231,0.46477684
686_tanzania-ceo,0.75250363,0.24749637
29387_geowiki-landcover-2017,0.3002054,0.6997946
2468_reunion-france,0.75250804,0.247492
405_canada,0.30020532,0.69979465
28693_geowiki-landcover-2017,0.42758375,0.57241625
201_kenya-non-crop,0.75250775,0.24749227
4853_geowiki-landcover-2017,0.7525077,0.24749231
2619_central-asia,0.30049622,0.6995038
1288_germany,0.53110904,0.468891
528_tanzania-rice-ecaas,0.63585603,0.36414403
26401_geowiki-landcover-2017,0.5311084,0.46889162
28212_geowiki-landcover-2017,0.42758355,0.5724164
2826_geowiki-landcover-2017,0.41521633,0.5847837
1351_croplands,0.5184587,0.48154128
2187_central-asia,0.30020523,0.69979477
2948_geowiki-landcover-2017,0.41521534,0.5847847
64_ile-de-france,0.39412415,0.60587585
868_geowiki-landcover-2017,0.7525078,0.24749222
2_canada,0.30020535,0.69979465
26807_geowiki-landcover-2017,0.53110874,0.46889123
869_germany,0.42758402,0.57241595
3154_canada,0.42758378,0.5724162
3675_central-asia,0.30020493,0.69979507
9231_croplands,0.41521698,0.584783
5775_ile-de-france,0.30020505,0.69979495
2140_germany,0.30020505,0.69979495
1511_croplands,0.5311088,0.4688912
16295_geowiki-landcover-2017,0.55284214,0.4471578
140_tanzania-ceo,0.75192285,0.24807712
2082_central-asia,0.30020505,0.69979495
487_rwanda-ceo,0.7525079,0.247492
1592_ile-de-france,0.5311071,0.46889284
32417_geowiki-landcover-2017,0.5311089,0.46889114
16898_geowiki-landcover-2017,0.7525061,0.24749395
779_croplands,0.4275842,0.57241577
537_rwanda-ceo,0.6672388,0.33276123
1425_ile-de-france,0.300205,0.699795
178_uganda,0.41029286,0.58970714
2494_rwanda-ceo,0.7525074,0.24749254
4828_central-asia,0.30020496,0.699795
1251_geowiki-landcover-2017,0.75250787,0.24749209
20_mali-non-crop,0.3002068,0.6997932
240_tanzania-ceo,0.75250804,0.247492
12598_geowiki-landcover-2017,0.42758408,0.57241595
6023_canada,0.30020493,0.699795
23902_geowiki-landcover-2017,0.66723174,0.33276823
2434_germany,0.300205,0.699795
25687_geowiki-landcover-2017,0.53110886,0.46889117
451_mali-helmets-labelling-crops,0.30020562,0.69979435
766_germany,0.4275809,0.57241905
7797_geowiki-landcover-2017,0.6672302,0.33276984
32117_geowiki-landcover-2017,0.39412403,0.60587597
15311_geowiki-landcover-2017,0.4275844,0.57241565
4996_ile-de-france,0.300205,0.699795
513_kenya-non-crop,0.63585675,0.36414325
1449_croplands,0.39412358,0.6058764
2346_germany,0.42758387,0.5724161
1226_kenya-non-crop,0.41522014,0.58477986
3263_ile-de-france,0.30020502,0.699795
1258_togo,0.42758244,0.57241756
874_croplands,0.30020493,0.699795
1003_geowiki-landcover-2017,0.6358567,0.3641433
7101_canada,0.42758453,0.5724155
20425_geowiki-landcover-2017,0.65214044,0.3478596
1761_kenya-non-crop,0.75250804,0.24749196
363_togo,0.3002081,0.6997919
254_croplands,0.30020484,0.6997952
14_ethiopia,0.4102909,0.58970904
2286_geowiki-landcover-2017,0.6521431,0.3478569
2078_tanzania-ceo,0.55284464,0.44715536
2802_rwanda-ceo,0.75250787,0.24749209
330_tanzania-ceo,0.65214264,0.34785736
2566_canada,0.3002069,0.6997931
542_tanzania-rice-ecaas,0.53522485,0.46477517
8_uganda,0.64752007,0.35248
463_mali-helmets-labelling-crops,0.39412427,0.60587573
1179_kenya-non-crop,0.6475198,0.35248014
730_ethiopia,0.6672382,0.33276185
1563_germany,0.5311088,0.4688912
3044_geowiki-landcover-2017,0.39432865,0.6056714
1256_mali-helmets-labelling-crops,0.30020505,0.69979495
30989_geowiki-landcover-2017,0.4275837,0.57241625
21758_geowiki-landcover-2017,0.41521615,0.5847838
4004_ile-de-france,0.42758375,0.57241625
2317_canada,0.42759448,0.57240546
7351_canada,0.300205,0.699795
472_mali-helmets-labelling-crops,0.42758194,0.57241803
35060_geowiki-landcover-2017,0.42758426,0.57241577
4643_croplands,0.4151877,0.5848123
5047_central-asia,0.30020487,0.6997951
2177_tanzania-ceo,0.7525079,0.247492
361_sudan,0.5133818,0.48661825
2979_canada,0.3941235,0.60587656
1113_canada,0.30020505,0.6997949
1847_central-asia,0.30020505,0.69979495
22931_geowiki-landcover-2017,0.65214443,0.34785563
278_geowiki-landcover-2017,0.6672379,0.3327621
1226_geowiki-landcover-2017,0.6521435,0.3478565
19970_geowiki-landcover-2017,0.41029388,0.5897062
9395_geowiki-landcover-2017,0.652144,0.34785601
34_canada,0.36142683,0.63857317
1933_kenya-non-crop,0.5528434,0.4471566
29_rwanda-ceo,0.7525078,0.24749222
19962_geowiki-landcover-2017,0.41029134,0.5897087
3286_geowiki-landcover-2017,0.4275834,0.57241654
24123_geowiki-landcover-2017,0.6521428,0.34785715
1143_kenya-non-crop,0.75250787,0.24749213
1590_canada,0.300205,0.699795
4064_ile-de-france,0.3002051,0.6997949
1171_canada,0.30021214,0.69978786
11136_geowiki-landcover-2017,0.6521437,0.34785634
23248_geowiki-landcover-2017,0.42758438,0.57241565
21172_geowiki-landcover-2017,0.54781336,0.45218667
23158_geowiki-landcover-2017,0.42758256,0.57241744
2092_kenya-non-crop,0.6672371,0.33276293
268_tanzania,0.7525078,0.24749221
1426_ile-de-france,0.300205,0.699795
23969_geowiki-landcover-2017,0.42758325,0.5724168
2823_ile-de-france,0.42757916,0.5724208
1592_martinique-france,0.54782015,0.4521798
340_sudan,0.64696395,0.3530361
2322_rwanda-ceo,0.7525078,0.24749222
5628_ile-de-france,0.30020502,0.699795
24582_geowiki-landcover-2017,0.39412403,0.6058759
16706_geowiki-landcover-2017,0.75250816,0.24749187
562_reunion-france,0.75250804,0.24749196
2811_central-asia,0.39411125,0.6058887
2394_martinique-france,0.6521358,0.3478642
17957_geowiki-landcover-2017,0.5311087,0.46889132
3615_canada,0.30020493,0.699795
4680_ile-de-france,0.3941258,0.6058742
1642_martinique-france,0.53112787,0.4688721
2534_central-asia,0.39412412,0.6058759
1445_germany,0.4275858,0.57241416
5064_ile-de-france,0.300205,0.699795
801_reunion-france,0.65215147,0.34784853
2455_reunion-france,0.6358556,0.3641444
35376_geowiki-landcover-2017,0.6521435,0.34785655
38_croplands,0.3002101,0.6997899
35753_geowiki-landcover-2017,0.75250775,0.24749227
387_martinique-france,0.7518941,0.2481059
4407_central-asia,0.30020696,0.69979304
1977_central-asia,0.3002053,0.6997947
25_ethiopia,0.5478297,0.45217028
34739_geowiki-landcover-2017,0.30020854,0.69979143
2422_rwanda-ceo,0.75250757,0.24749245
110_mali,0.30020502,0.699795
860_central-asia,0.30020574,0.6997943
1701_tanzania-ceo,0.75250757,0.24749245
3365_geowiki-landcover-2017,0.42759064,0.5724094
1628_canada,0.42758355,0.5724164
10073_croplands,0.7525067,0.24749331
7594_canada,0.30020517,0.6997948
1902_central-asia,0.30020493,0.699795
129_reunion-france,0.75250816,0.24749187
56_mali,0.30020505,0.69979495
641_germany,0.39412954,0.6058705
27091_geowiki-landcover-2017,0.54781425,0.4521858
803_lem-brazil,0.63584065,0.36415938
582_tanzania-ceo,0.6521424,0.34785762
1637_central-asia,0.42758402,0.572416
7358_geowiki-landcover-2017,0.531109,0.46889102
1412_kenya-non-crop,0.53522146,0.4647786
35423_geowiki-landcover-2017,0.5478136,0.45218638
957_ile-de-france,0.39413092,0.6058691
17791_geowiki-landcover-2017,0.427583,0.57241696
31257_geowiki-landcover-2017,0.30057585,0.69942415
4814_geowiki-landcover-2017,0.531109,0.468891
4416_ile-de-france,0.3002059,0.69979405
112_ile-de-france,0.3941223,0.6058777
1279_ile-de-france,0.30020505,0.69979495
22241_geowiki-landcover-2017,0.42758575,0.5724142
5745_canada,0.3002049,0.69979507
4875_geowiki-landcover-2017,0.51338863,0.48661137
21607_geowiki-landcover-2017,0.5528427,0.44715735
4157_central-asia,0.30020785,0.69979215
1841_central-asia,0.30020574,0.6997943
14275_geowiki-landcover-2017,0.39412412,0.6058759
20_central-asia,0.30021402,0.69978595
133_tanzania,0.6672381,0.33276188
13757_croplands,0.6358528,0.36414722
10385_geowiki-landcover-2017,0.5478148,0.45218524
7_geowiki-landcover-2017,0.5352196,0.4647804
15142_geowiki-landcover-2017,0.64751977,0.35248026
660_reunion-france,0.75250816,0.24749187
30628_geowiki-landcover-2017,0.5311087,0.4688913
30098_geowiki-landcover-2017,0.6521439,0.34785604
1596_germany,0.3002056,0.6997944
1517_ile-de-france,0.5311092,0.4688908
283_togo,0.30020717,0.6997928
541_germany,0.42758098,0.572419
31497_geowiki-landcover-2017,0.41520905,0.58479095
329_lem-brazil,0.6358565,0.36414355
1983_geowiki-landcover-2017,0.41521493,0.5847851
1771_martinique-france,0.6521246,0.34787542
192_sudan,0.41521606,0.5847839
35621_geowiki-landcover-2017,0.55284244,0.4471575
15361_geowiki-landcover-2017,0.5311084,0.46889168
1321_canada,0.300205,0.699795
4589_ile-de-france,0.3941242,0.6058758
615_togo,0.55284244,0.4471576
4924_croplands,0.5352189,0.46478105
9427_croplands,0.51846296,0.481537
4190_ile-de-france,0.39412376,0.6058762
2038_kenya-non-crop,0.652144,0.34785596
2063_central-asia,0.30020547,0.69979453
34079_geowiki-landcover-2017,0.30020505,0.69979495
2290_germany,0.53110874,0.46889126
4413_croplands,0.30021676,0.6997832
25107_geowiki-landcover-2017,0.4102909,0.5897091
2787_canada,0.42758378,0.57241625
2616_geowiki-landcover-2017,0.66723126,0.33276877
1150_geowiki-landcover-2017,0.6521436,0.34785643
4487_croplands,0.42759156,0.57240844
12522_croplands,0.6521421,0.34785786
1153_geowiki-landcover-2017,0.75248903,0.2475109
8282_geowiki-landcover-2017,0.41521582,0.5847842
35065_geowiki-landcover-2017,0.30020478,0.6997952
2194_rwanda-ceo,0.63585716,0.36414284
2409_kenya-non-crop,0.6521438,0.34785625
6573_canada,0.39412495,0.6058751
23983_geowiki-landcover-2017,0.3002059,0.69979405
9234_croplands,0.41521862,0.58478135
20367_geowiki-landcover-2017,0.30020484,0.6997952
790_rwanda-ceo,0.6358573,0.36414275
34107_geowiki-landcover-2017,0.5311082,0.46889177
24622_geowiki-landcover-2017,0.5528439,0.4471561
8212_geowiki-landcover-2017,0.30020505,0.69979495
14665_geowiki-landcover-2017,0.55284244,0.4471575
472_togo,0.4152093,0.58479077
5758_ile-de-france,0.5311002,0.4688998
19066_geowiki-landcover-2017,0.41029048,0.5897096
2257_kenya-non-crop,0.7524844,0.24751563
2698_central-asia,0.30020642,0.69979364
1164_central-asia,0.30020493,0.699795
633_germany,0.53110886,0.46889114
18627_geowiki-landcover-2017,0.5528342,0.44716582
28331_geowiki-landcover-2017,0.5133829,0.4866171
2087_kenya-non-crop,0.6672369,0.3327631
1335_tanzania-ceo,0.5528433,0.4471567
8971_geowiki-landcover-2017,0.6475191,0.3524809
1013_canada,0.42758426,0.57241577
786_rwanda-ceo,0.7525077,0.24749236
5525_ile-de-france,0.3002051,0.6997949
1905_reunion-france,0.6521514,0.34784862
4626_central-asia,0.3002052,0.69979477
414_tanzania-ceo,0.75250614,0.24749386
428_tanzania-rice-ecaas,0.635857,0.36414307
233_canada,0.42758265,0.5724174
9897_geowiki-landcover-2017,0.55284226,0.44715774
6197_canada,0.30020493,0.69979507
5879_geowiki-landcover-2017,0.6475195,0.3524805
1502_germany,0.3941241,0.6058759
3377_geowiki-landcover-2017,0.42758387,0.5724161
25933_geowiki-landcover-2017,0.64751756,0.35248244
913_germany,0.300205,0.699795
1025_mali-helmets-labelling-crops,0.3002051,0.6997949
21_martinique-france,0.65139675,0.34860325
3031_ile-de-france,0.30020505,0.69979495
3522_rwanda-ceo,0.7525078,0.24749222
67_rwanda-ceo,0.66723835,0.33276165
1878_rwanda-ceo,0.5352226,0.46477738
2854_ile-de-france,0.5311082,0.46889177
32516_geowiki-landcover-2017,0.3002049,0.69979507
4520_central-asia,0.3002118,0.6997882
4436_canada,0.4152456,0.5847544
128_kenya-non-crop,0.63585657,0.36414346
394_ethiopia,0.54779017,0.4522098
2115_rwanda-ceo,0.635857,0.36414307
289_rwanda-ceo,0.7525079,0.24749205
2867_central-asia,0.42758253,0.57241744
61_kenya-non-crop,0.75250804,0.24749196
3890_canada,0.42758384,0.5724162
15787_geowiki-landcover-2017,0.5478137,0.45218626
4525_central-asia,0.33182248,0.66817755
800_canada,0.3002049,0.69979507
3111_canada,0.30020517,0.69979477
5206_ile-de-france,0.5311053,0.4688947
4605_canada,0.4275839,0.5724161
1455_ile-de-france,0.300205,0.699795
1663_germany,0.4275864,0.5724136
2166_ile-de-france,0.5311091,0.46889088
9252_geowiki-landcover-2017,0.547815,0.45218503
20584_geowiki-landcover-2017,0.54781544,0.45218456
10028_geowiki-landcover-2017,0.547814,0.452186
7747_canada,0.4152163,0.58478373
2384_rwanda-ceo,0.7525077,0.24749236
1157_kenya-non-crop,0.75250787,0.24749213
25594_geowiki-landcover-2017,0.6475117,0.3524883
18422_geowiki-landcover-2017,0.6672376,0.33276248
2789_ile-de-france,0.39409348,0.60590655
318_ethiopia,0.4103168,0.5896832
902_ile-de-france,0.531108,0.46889195
35221_geowiki-landcover-2017,0.531108,0.46889198
700_tanzania-ceo,0.75250804,0.247492
952_mali-helmets-labelling-crops,0.30020505,0.69979495
205_canada,0.4275836,0.5724164
3861_geowiki-landcover-2017,0.51337826,0.48662177
13713_croplands,0.5528423,0.44715765
2386_reunion-france,0.65213966,0.3478604
2348_central-asia,0.30020505,0.69979495
23184_geowiki-landcover-2017,0.5478139,0.4521861
1044_central-asia,0.3002049,0.69979507
18760_geowiki-landcover-2017,0.41521657,0.58478343
32306_geowiki-landcover-2017,0.4102927,0.58970726
1105_germany,0.42758405,0.57241595
462_ile-de-france,0.3002051,0.6997949
180_sudan,0.55284345,0.44715655
683_germany,0.5311087,0.46889126
132_ethiopia,0.41029057,0.58970946
25573_geowiki-landcover-2017,0.5478138,0.45218617
1969_martinique-france,0.6672142,0.33278582
560_tanzania-ceo,0.75250787,0.24749213
622_geowiki-landcover-2017,0.66723746,0.3327625
335_ethiopia,0.6672388,0.33276123
6476_geowiki-landcover-2017,0.5478116,0.45218834
862_kenya-non-crop,0.7525078,0.24749222
702_tanzania-rice-ecaas,0.75248855,0.2475114
25903_geowiki-landcover-2017,0.42758307,0.5724169
24348_geowiki-landcover-2017,0.54781324,0.45218673
30495_geowiki-landcover-2017,0.39412552,0.6058745
23406_geowiki-landcover-2017,0.30020523,0.69979477
1160_togo,0.6521407,0.34785938
1149_mali-helmets-labelling-crops,0.30020493,0.699795
3622_ile-de-france,0.3941242,0.6058758
2585_rwanda-ceo,0.7525056,0.24749441
171_uganda,0.5478024,0.4521976
15741_geowiki-landcover-2017,0.6475197,0.3524803
16195_geowiki-landcover-2017,0.5528469,0.44715306
5808_croplands,0.6358465,0.36415347
4448_croplands,0.30022162,0.6997784
10251_geowiki-landcover-2017,0.55284137,0.4471586
23339_geowiki-landcover-2017,0.41029316,0.58970684
13598_croplands,0.4511123,0.5488877
165_ile-de-france,0.3941243,0.6058757
64_mali-non-crop,0.4275652,0.5724348
3023_ile-de-france,0.30020502,0.699795
670_ile-de-france,0.3002053,0.6997947
203_togo,0.30022317,0.6997769
2182_canada,0.30020666,0.69979334
20544_geowiki-landcover-2017,0.5311086,0.46889135
165_ethiopia,0.51341045,0.48658952
31115_geowiki-landcover-2017,0.55284554,0.44715446
1315_geowiki-landcover-2017,0.6672025,0.33279753
11845_geowiki-landcover-2017,0.5184733,0.4815267
1064_germany,0.53110886,0.46889114
309_lem-brazil,0.63538134,0.36461863
7035_geowiki-landcover-2017,0.54781216,0.45218784
18_canada,0.30020538,0.6997946
1050_tanzania-ceo,0.7525078,0.24749221
7749_canada,0.41521615,0.58478385
1048_rwanda-ceo,0.7525077,0.24749236
15544_geowiki-landcover-2017,0.42758378,0.5724162
4584_canada,0.30020523,0.69979477
179_reunion-france,0.6358653,0.36413476
1040_reunion-france,0.55288714,0.44711283
2942_canada,0.30020493,0.69979507
1560_rwanda-ceo,0.7525078,0.24749218
2234_croplands,0.7525071,0.24749292
28568_geowiki-landcover-2017,0.6521433,0.34785673
3479_ile-de-france,0.39412424,0.60587573
14069_croplands,0.66723764,0.33276233
3963_canada,0.30020493,0.69979507
236_tanzania,0.7525077,0.24749231
6706_geowiki-landcover-2017,0.41029048,0.5897095
31683_geowiki-landcover-2017,0.54780966,0.4521904
31803_geowiki-landcover-2017,0.5133838,0.48661622
830_tanzania-ceo,0.7523218,0.24767826
2202_croplands,0.5354354,0.4645646
1956_germany,0.30020493,0.69979507
19_lem-brazil,0.7525072,0.2474928
922_reunion-france,0.75250775,0.24749225
3021_ile-de-france,0.30022317,0.6997769
32179_geowiki-landcover-2017,0.50874436,0.4912557
23109_geowiki-landcover-2017,0.54795367,0.4520464
22845_geowiki-landcover-2017,0.5184588,0.48154122
773_mali-helmets-labelling-crops,0.30020514,0.6997948
19711_geowiki-landcover-2017,0.51845837,0.4815416
32_lem-brazil,0.67454106,0.32545897
1514_ile-de-france,0.300205,0.699795
12368_geowiki-landcover-2017,0.53111035,0.46888965
155_mali-helmets-labelling-crops,0.30020505,0.69979495
4930_croplands,0.5352198,0.46478018
749_rwanda-ceo,0.66723895,0.33276105
1250_geowiki-landcover-2017,0.7524935,0.24750651
4661_ile-de-france,0.53110766,0.4688923
6005_ile-de-france,0.53110904,0.468891
32101_geowiki-landcover-2017,0.30323943,0.6967606
1664_germany,0.5311089,0.4688911
15680_geowiki-landcover-2017,0.5528461,0.44715393
525_kenya-non-crop,0.6358571,0.3641429
2865_rwanda-ceo,0.75250703,0.24749297
18710_geowiki-landcover-2017,0.42758355,0.5724165
347_martinique-france,0.6521209,0.3478791
249_tanzania,0.66722363,0.3327763
555_rwanda-ceo,0.53618497,0.46381506
1520_rwanda-ceo,0.7525062,0.24749382
5155_ile-de-france,0.30020502,0.699795
23752_geowiki-landcover-2017,0.6521436,0.3478564
14161_geowiki-landcover-2017,0.5311116,0.46888837
6442_canada,0.30020493,0.69979507
6109_ile-de-france,0.5311083,0.4688917
7685_canada,0.30020493,0.69979507
170_togo,0.41334134,0.5866587
1995_ile-de-france,0.39412403,0.60587597
710_ethiopia,0.53118265,0.46881735
5444_canada,0.30020493,0.69979507
4532_ile-de-france,0.30020514,0.6997949
3346_central-asia,0.30020493,0.69979507
3819_ile-de-france,0.30020493,0.699795
130_tanzania-ceo,0.65214384,0.3478562
2694_ile-de-france,0.5311087,0.4688913
29335_geowiki-landcover-2017,0.42758393,0.572416
917_tanzania-ceo,0.6521436,0.34785643
3590_canada,0.42758262,0.5724174
1642_ile-de-france,0.30020496,0.699795
692_kenya-non-crop,0.75250757,0.24749245
1536_central-asia,0.30020502,0.69979495
2118_geowiki-landcover-2017,0.5528425,0.44715744
2473_germany,0.3002049,0.69979507
13884_croplands,0.53522,0.46478
1253_tanzania-ceo,0.7525053,0.24749465
5658_canada,0.300205,0.699795
26321_geowiki-landcover-2017,0.4275842,0.57241577
29369_geowiki-landcover-2017,0.54781353,0.45218652
14149_croplands,0.4153263,0.5846737
24301_geowiki-landcover-2017,0.5311071,0.46889284
3611_central-asia,0.30020493,0.699795
780_geowiki-landcover-2017,0.7525082,0.24749182
178_rwanda-ceo,0.63585943,0.36414057
777_canada,0.42758316,0.5724168
3295_ile-de-france,0.30020493,0.699795
589_reunion-france,0.75250703,0.24749304
5387_ile-de-france,0.30020496,0.699795
7436_croplands,0.535222,0.46477798
18994_geowiki-landcover-2017,0.6475197,0.3524803
26_kenya-non-crop,0.7525063,0.24749364
30255_geowiki-landcover-2017,0.3002053,0.6997947
607_mali-helmets-labelling-crops,0.30020532,0.69979465
797_canada,0.3002049,0.6997951
28988_geowiki-landcover-2017,0.30020484,0.6997952
1998_ile-de-france,0.30020502,0.699795
260_central-asia,0.40736267,0.5926373
826_ile-de-france,0.30020493,0.699795
29294_geowiki-landcover-2017,0.39412963,0.6058703
32255_geowiki-landcover-2017,0.53110886,0.46889117
133_ethiopia,0.51338375,0.48661625
16202_geowiki-landcover-2017,0.647518,0.35248202
23117_geowiki-landcover-2017,0.55284274,0.4471573
623_ile-de-france,0.3002052,0.69979477
6300_canada,0.3002054,0.6997946
25183_geowiki-landcover-2017,0.5528435,0.4471565
3483_rwanda-ceo,0.5352201,0.46477988
1148_croplands,0.513384,0.48661605
3356_canada,0.42721614,0.5727838
6091_ile-de-france,0.3002096,0.6997904
1979_reunion-france,0.6358734,0.36412668
12225_geowiki-landcover-2017,0.5478139,0.45218617
1972_tanzania-ceo,0.6358594,0.36414063
610_central-asia,0.39412418,0.60587585
18777_geowiki-landcover-2017,0.42758432,0.57241565
60_tanzania,0.6672379,0.3327621
2667_rwanda-ceo,0.75250757,0.24749245
140_ethiopia,0.51338065,0.48661932
7275_geowiki-landcover-2017,0.7525081,0.24749191
23513_geowiki-landcover-2017,0.5478139,0.45218614
348_tanzania-rice-ecaas,0.63584346,0.3641565
61_tanzania,0.6358583,0.36414167
398_tanzania-ceo,0.75250775,0.24749227
10421_geowiki-landcover-2017,0.54781395,0.45218605
6737_croplands,0.6358547,0.36414528
5639_ile-de-france,0.3002051,0.6997949
6922_canada,0.3002049,0.6997951
4372_croplands,0.4098673,0.5901327
35_kenya,0.667236,0.33276406
6145_geowiki-landcover-2017,0.30020487,0.6997951
297_lem-brazil,0.7525073,0.24749267
2699_canada,0.3002049,0.69979507
1386_geowiki-landcover-2017,0.7524036,0.2475964
159_uganda,0.63584816,0.36415184
657_canada,0.39412442,0.6058756
35016_geowiki-landcover-2017,0.55284274,0.44715726
384_tanzania-ceo,0.75250715,0.24749285
1511_canada,0.42758292,0.572417
18948_geowiki-landcover-2017,0.5311079,0.46889207
3962_ile-de-france,0.39412358,0.6058764
3892_geowiki-landcover-2017,0.5311091,0.46889094
1651_martinique-france,0.51316315,0.48683682
446_germany,0.5311089,0.46889105
543_mali-helmets-labelling-crops,0.30020538,0.6997946
1339_central-asia,0.30020502,0.699795
291_germany,0.53110766,0.46889228
22525_geowiki-landcover-2017,0.55284214,0.44715783
519_germany,0.30020505,0.69979495
7739_geowiki-landcover-2017,0.5311096,0.46889043
27679_geowiki-landcover-2017,0.30020502,0.699795
1141_togo,0.55283934,0.44716063
797_togo,0.5184588,0.4815412
492_germany,0.39411896,0.60588104
3241_canada,0.5311089,0.46889105
3044_ile-de-france,0.30020612,0.6997939
6647_canada,0.30020502,0.699795
410_togo,0.3003711,0.6996289
25564_geowiki-landcover-2017,0.75233936,0.2476606
72_kenya,0.7525077,0.24749231
35549_geowiki-landcover-2017,0.39412454,0.60587543
3119_rwanda-ceo,0.66723216,0.3327679
4354_croplands,0.55282766,0.4471723
22701_geowiki-landcover-2017,0.41521674,0.58478326
3971_geowiki-landcover-2017,0.54781234,0.45218766
1889_tanzania-ceo,0.75250727,0.24749276
35187_geowiki-landcover-2017,0.66723835,0.33276168
2327_rwanda-ceo,0.7525078,0.24749218
6725_croplands,0.5352201,0.46477997
1589_germany,0.3002054,0.6997946
734_ile-de-france,0.39354846,0.6064515
393_ethiopia,0.5478061,0.45219395
1365_kenya-non-crop,0.66723835,0.33276165
4560_geowiki-landcover-2017,0.53110904,0.468891
3048_geowiki-landcover-2017,0.6521452,0.34785482
242_kenya-non-crop,0.7525078,0.24749222
34029_geowiki-landcover-2017,0.65214115,0.34785888
201_canada,0.42758283,0.5724172
6163_ile-de-france,0.30020502,0.699795
8750_geowiki-landcover-2017,0.30020487,0.6997951
1841_germany,0.30020505,0.69979495
28862_geowiki-landcover-2017,0.42758387,0.5724161
125_ile-de-france,0.30020502,0.699795
162_martinique-france,0.6513969,0.34860313
30231_geowiki-landcover-2017,0.75250787,0.24749209
1580_rwanda-ceo,0.7525078,0.24749218
35210_geowiki-landcover-2017,0.65214354,0.34785643
15917_geowiki-landcover-2017,0.5311086,0.46889135
594_ethiopia,0.6672349,0.3327651
132_reunion-france,0.652146,0.34785402
4349_central-asia,0.30020663,0.6997934
65_sudan,0.6521437,0.34785625
1213_ile-de-france,0.300205,0.699795
29105_geowiki-landcover-2017,0.30020505,0.69979495
25710_geowiki-landcover-2017,0.42758313,0.5724169
1423_martinique-france,0.5478132,0.45218682
657_martinique-france,0.51845205,0.48154792
27552_geowiki-landcover-2017,0.53110904,0.46889094
5831_ile-de-france,0.3941238,0.6058762
1385_tanzania-ceo,0.66723853,0.33276144
1475_canada,0.531109,0.46889105
72_central-asia,0.4102887,0.5897113
439_togo,0.6521372,0.34786278
2207_tanzania-ceo,0.5528426,0.44715735
2505_kenya-non-crop,0.7524363,0.24756375
227_uganda,0.5478147,0.45218527
2031_reunion-france,0.6521437,0.34785634
843_lem-brazil,0.6359471,0.3640529
2284_tanzania-ceo,0.63585824,0.36414176
183_tanzania,0.75250363,0.24749637
1977_ile-de-france,0.42758474,0.57241523
11546_geowiki-landcover-2017,0.63581324,0.3641868
1432_croplands,0.51338375,0.48661625
3574_rwanda-ceo,0.7525077,0.24749234
4487_canada,0.30020532,0.69979465
5566_canada,0.39412168,0.6058783
14740_geowiki-landcover-2017,0.55284274,0.44715723
6055_canada,0.30020493,0.69979507
16688_geowiki-landcover-2017,0.39412832,0.6058716
1133_rwanda-ceo,0.7524997,0.24750026
871_ile-de-france,0.30020505,0.69979495
5454_canada,0.3002051,0.6997949
24211_geowiki-landcover-2017,0.7525073,0.24749267
34319_geowiki-landcover-2017,0.42758328,0.5724167
884_martinique-france,0.51986295,0.48013708
18765_geowiki-landcover-2017,0.6521436,0.34785634
16246_geowiki-landcover-2017,0.6475189,0.3524812
8487_geowiki-landcover-2017,0.42758468,0.5724153
2755_rwanda-ceo,0.6358575,0.3641425
1038_mali-helmets-labelling-crops,0.4275605,0.57243943
6479_canada,0.3002049,0.69979507
3475_ile-de-france,0.300205,0.699795
1086_rwanda-ceo,0.5352206,0.46477938
35253_geowiki-landcover-2017,0.53110814,0.46889183
1152_rwanda-ceo,0.6475201,0.35247982
408_croplands,0.3941194,0.60588056
278_rwanda-ceo,0.7525079,0.24749205
3123_canada,0.30020574,0.6997943
2300_tanzania-ceo,0.6521439,0.34785613
44_germany,0.30020523,0.69979477
1766_tanzania-ceo,0.7525078,0.24749216
3279_rwanda-ceo,0.7523959,0.24760404
5513_ile-de-france,0.30020514,0.6997949
31738_geowiki-landcover-2017,0.41028914,0.5897109
5961_ile-de-france,0.39412507,0.60587496
4538_croplands,0.51836973,0.48163027
1245_tanzania-ceo,0.75250804,0.247492
19017_geowiki-landcover-2017,0.4275838,0.5724162
4041_canada,0.53110856,0.46889147
1032_martinique-france,0.39434633,0.6056537
2020_central-asia,0.30020493,0.699795
7903_canada,0.3941259,0.6058741
21965_geowiki-landcover-2017,0.41521788,0.5847821
56_martinique-france,0.7519039,0.24809617
654_tanzania-ceo,0.652144,0.34785596
24729_geowiki-landcover-2017,0.55284095,0.44715908
2479_reunion-france,0.7525077,0.24749234
225_canada,0.42758387,0.5724161
2853_canada,0.552842,0.44715795
3661_croplands,0.53522015,0.46477985
274_martinique-france,0.65213305,0.34786698
3746_croplands,0.6333278,0.36667225
1_kenya,0.7525063,0.24749368
738_lem-brazil,0.75250787,0.24749209
1598_rwanda-ceo,0.6672369,0.3327631
33685_geowiki-landcover-2017,0.5311066,0.46889335
1529_kenya-non-crop,0.6521438,0.34785625
3924_central-asia,0.5311061,0.4688939
67_mali-helmets-labelling-crops,0.30020556,0.6997944
1608_canada,0.30020502,0.699795
16955_geowiki-landcover-2017,0.65214217,0.34785777
23151_geowiki-landcover-2017,0.531109,0.46889105
1768_martinique-france,0.518442,0.481558
3850_central-asia,0.30020556,0.6997944
7810_canada,0.42758375,0.57241625
25591_geowiki-landcover-2017,0.5132691,0.48673087
1973_central-asia,0.30020493,0.699795
2183_germany,0.3002077,0.69979227
5_zimbabwe,0.7525074,0.24749261
1026_central-asia,0.39412418,0.60587585
27462_geowiki-landcover-2017,0.65214443,0.34785554
32835_geowiki-landcover-2017,0.5311131,0.4688869
819_rwanda-ceo,0.5352179,0.46478212
2385_central-asia,0.4275853,0.5724147
29161_geowiki-landcover-2017,0.4275776,0.5724224
1223_reunion-france,0.5184614,0.48153856
5626_ile-de-france,0.30020532,0.69979465
911_kenya-non-crop,0.7525075,0.24749249
5490_geowiki-landcover-2017,0.54781014,0.4521899
3626_geowiki-landcover-2017,0.30020505,0.69979495
2724_central-asia,0.30020535,0.69979465
27047_geowiki-landcover-2017,0.75250787,0.24749209
10737_geowiki-landcover-2017,0.30020493,0.699795
1553_rwanda-ceo,0.7525082,0.24749182
33739_geowiki-landcover-2017,0.5311086,0.4688914
1081_rwanda-ceo,0.75250787,0.24749209
23576_geowiki-landcover-2017,0.65214205,0.34785795
206_ile-de-france,0.5311085,0.46889147
3253_central-asia,0.300205,0.699795
26883_geowiki-landcover-2017,0.5478139,0.4521861
320_togo,0.55284226,0.44715777
1873_tanzania-ceo,0.6521439,0.34785613
14859_geowiki-landcover-2017,0.7525055,0.24749456
3651_ile-de-france,0.4275833,0.5724167
5770_ile-de-france,0.30020505,0.69979495
2386_canada,0.4275755,0.5724245
444_reunion-france,0.75250787,0.24749209
10107_croplands,0.5355438,0.46445617
32268_geowiki-landcover-2017,0.3002057,0.6997943
6489_canada,0.39410704,0.6058929
6544_geowiki-landcover-2017,0.513328,0.486672
27920_geowiki-landcover-2017,0.64751977,0.3524802
4844_canada,0.30020493,0.699795
31951_geowiki-landcover-2017,0.3941334,0.60586655
17968_geowiki-landcover-2017,0.41028932,0.58971065
33172_geowiki-landcover-2017,0.3002214,0.69977856
1182_rwanda-ceo,0.7525078,0.24749218
132_lem-brazil,0.7524647,0.24753529
4489_ile-de-france,0.53110844,0.46889153
4209_geowiki-landcover-2017,0.4152443,0.58475566
888_ile-de-france,0.30020502,0.699795
408_martinique-france,0.75189424,0.24810576
144_germany,0.30021235,0.6997877
199_reunion-france,0.7525076,0.24749236
15998_geowiki-landcover-2017,0.6521435,0.34785646
348_martinique-france,0.6521203,0.3478797
5937_canada,0.30020493,0.69979507
30008_geowiki-landcover-2017,0.42758408,0.5724159
1538_central-asia,0.3002051,0.6997949
1885_germany,0.531109,0.46889102
1528_canada,0.4275837,0.57241625
683_tanzania-ceo,0.7525061,0.24749391
449_ethiopia,0.4103506,0.58964944
29828_geowiki-landcover-2017,0.300207,0.69979304
5635_ile-de-france,0.30020753,0.69979244
716_togo,0.41522878,0.58477116
30234_geowiki-landcover-2017,0.42758363,0.57241637
20_tanzania-ceo,0.7525078,0.24749221
14105_geowiki-landcover-2017,0.6672371,0.3327629
1825_tanzania-ceo,0.652143,0.34785697
21107_geowiki-landcover-2017,0.5311087,0.4688913
1314_croplands,0.3002053,0.6997947
26861_geowiki-landcover-2017,0.5478141,0.45218593
8134_geowiki-landcover-2017,0.5352202,0.46477982
1378_croplands,0.4259053,0.5740947
4648_ile-de-france,0.39412472,0.60587525
344_canada,0.42758393,0.57241607
33727_geowiki-landcover-2017,0.5528423,0.44715768
22297_geowiki-landcover-2017,0.53110594,0.46889406
467_canada,0.42758405,0.57241595
733_central-asia,0.3941515,0.6058485
30198_geowiki-landcover-2017,0.30022427,0.6997757
7320_canada,0.42758185,0.57241815
4599_croplands,0.30100206,0.6989979
307_rwanda-ceo,0.7525082,0.24749178
218_tanzania-ceo,0.75250804,0.247492
10229_geowiki-landcover-2017,0.65214616,0.34785387
19083_geowiki-landcover-2017,0.5478122,0.4521878
33777_geowiki-landcover-2017,0.42758384,0.5724162
4330_croplands,0.30040467,0.69959533
9552_croplands,0.63585454,0.3641455
7830_geowiki-landcover-2017,0.53110945,0.46889052
3972_ile-de-france,0.30020502,0.699795
2250_croplands,0.5352205,0.4647795
1192_togo,0.427596,0.57240397
4060_canada,0.4275837,0.57241625
2693_geowiki-landcover-2017,0.65210074,0.34789923
778_rwanda-ceo,0.5352181,0.46478188
630_mali-helmets-labelling-crops,0.30021393,0.699786
113_rwanda-ceo,0.6672384,0.3327616
389_ile-de-france,0.5311086,0.4688914
392_tanzania-ceo,0.66723824,0.33276176
8232_croplands,0.5352198,0.4647802
23546_geowiki-landcover-2017,0.6521434,0.34785658
6882_geowiki-landcover-2017,0.30020493,0.699795
30227_geowiki-landcover-2017,0.531109,0.46889105
2887_central-asia,0.30020517,0.69979477
1329_canada,0.30020502,0.699795
24542_geowiki-landcover-2017,0.5478151,0.4521849
561_tanzania-rice-ecaas,0.6358568,0.36414325
1238_mali-helmets-labelling-crops,0.42756557,0.5724345
348_togo,0.652136,0.34786403
1450_mali-helmets-labelling-crops,0.30020514,0.6997949
291_kenya-non-crop,0.6672377,0.33276227
10078_croplands,0.6358568,0.36414316
3194_canada,0.30020493,0.699795
3648_ile-de-france,0.53110826,0.46889174
3950_ile-de-france,0.30020538,0.6997946
4645_croplands,0.55283386,0.44716617
728_lem-brazil,0.7525063,0.24749364
1813_ile-de-france,0.3002051,0.6997949
3835_central-asia,0.3002053,0.6997947
2686_kenya-non-crop,0.66723853,0.33276147
13843_croplands,0.5352201,0.46477988
1206_rwanda-ceo,0.63585585,0.36414415
2403_kenya-non-crop,0.5195454,0.48045456
18236_geowiki-landcover-2017,0.42761996,0.57238
9582_geowiki-landcover-2017,0.4275848,0.57241523
9497_croplands,0.5352205,0.4647795
4442_croplands,0.30022573,0.69977427
7923_canada,0.3941235,0.60587645
788_ethiopia,0.64751863,0.3524813
5257_canada,0.30020493,0.699795
686_ile-de-france,0.30020514,0.6997949
1002_rwanda-ceo,0.66723853,0.33276144
20132_geowiki-landcover-2017,0.5311089,0.46889114
20795_geowiki-landcover-2017,0.42758387,0.5724161
29612_geowiki-landcover-2017,0.3002053,0.6997947
2557_central-asia,0.30020505,0.69979495
24309_geowiki-landcover-2017,0.5478139,0.4521861
2469_rwanda-ceo,0.63593745,0.36406255
34540_geowiki-landcover-2017,0.39412463,0.6058754
1648_ile-de-france,0.30020502,0.699795
1722_tanzania-ceo,0.6672387,0.33276126
2794_geowiki-landcover-2017,0.30021122,0.6997888
1191_martinique-france,0.5311277,0.4688723
29489_geowiki-landcover-2017,0.41521615,0.5847839
577_lem-brazil,0.63585794,0.3641421
4403_geowiki-landcover-2017,0.6475198,0.35248014
3719_geowiki-landcover-2017,0.53116757,0.46883243
99_kenya-non-crop,0.667238,0.33276206
1344_ile-de-france,0.53110874,0.46889126
3686_geowiki-landcover-2017,0.5311503,0.46884972
26640_geowiki-landcover-2017,0.5311091,0.46889094
3966_geowiki-landcover-2017,0.64751405,0.35248595
13473_geowiki-landcover-2017,0.5528431,0.44715694
24603_geowiki-landcover-2017,0.41029093,0.58970904
617_reunion-france,0.63585603,0.36414394
23387_geowiki-landcover-2017,0.3002049,0.6997951
114_reunion-france,0.7525045,0.24749547
2653_central-asia,0.30020612,0.6997939
417_tanzania-rice-ecaas,0.6358571,0.3641429
4896_canada,0.3002054,0.6997946
2088_geowiki-landcover-2017,0.41521755,0.5847824
9122_geowiki-landcover-2017,0.65211713,0.3478828
2632_geowiki-landcover-2017,0.53111356,0.46888646
1718_canada,0.30020505,0.69979495
255_central-asia,0.31137902,0.688621
5504_ile-de-france,0.39412412,0.60587585
6180_geowiki-landcover-2017,0.54781395,0.45218605
14213_geowiki-landcover-2017,0.6474361,0.35256386
54_tanzania-rice-ecaas,0.6358569,0.36414307
9377_geowiki-landcover-2017,0.41521612,0.5847839
29972_geowiki-landcover-2017,0.5528394,0.44716063
84_tanzania-rice-ecaas,0.5352208,0.46477917
34662_geowiki-landcover-2017,0.43013296,0.569867
33815_geowiki-landcover-2017,0.4102914,0.58970857
6011_ile-de-france,0.5311093,0.46889067
820_ethiopia,0.5545889,0.44541103
7501_canada,0.30020493,0.69979507
10357_geowiki-landcover-2017,0.6672379,0.33276215
1688_central-asia,0.30020493,0.69979507
228_kenya-non-crop,0.63585705,0.36414298
6380_canada,0.42758262,0.5724174
15894_geowiki-landcover-2017,0.4102905,0.58970946
10402_geowiki-landcover-2017,0.64751047,0.3524895
3387_geowiki-landcover-2017,0.30020556,0.6997944
7709_canada,0.42719924,0.5728008
1566_geowiki-landcover-2017,0.7525081,0.24749191
21534_geowiki-landcover-2017,0.5478142,0.4521858
6797_croplands,0.5352207,0.46477932
16000_geowiki-landcover-2017,0.41029063,0.58970934
1443_rwanda-ceo,0.66723764,0.33276233
1712_kenya-non-crop,0.75250816,0.24749182
451_reunion-france,0.75250775,0.24749227
1468_central-asia,0.53109795,0.46890208
2347_central-asia,0.53110856,0.46889147
8427_geowiki-landcover-2017,0.41029063,0.58970934
2869_ile-de-france,0.53110737,0.4688926
16962_geowiki-landcover-2017,0.3002092,0.69979084
6651_geowiki-landcover-2017,0.42758402,0.572416
2893_central-asia,0.30020538,0.6997946
1620_germany,0.3002049,0.6997951
1782_reunion-france,0.75250787,0.24749209
11460_geowiki-landcover-2017,0.30021203,0.69978803
1103_togo,0.5528365,0.4471635
119_croplands,0.41521496,0.58478504
884_ile-de-france,0.30020502,0.69979495
14064_croplands,0.6358543,0.36414573
4687_croplands,0.41520074,0.58479923
120_kenya,0.75250757,0.2474924
8843_geowiki-landcover-2017,0.54781497,0.45218503
560_geowiki-landcover-2017,0.5528433,0.4471567
25624_geowiki-landcover-2017,0.5133838,0.48661616
402_tanzania-rice-ecaas,0.6358573,0.36414275
35712_geowiki-landcover-2017,0.5528379,0.4471621
13556_croplands,0.5528426,0.44715738
34798_geowiki-landcover-2017,0.30020487,0.6997951
2233_canada,0.30020493,0.69979507
4724_canada,0.39412454,0.6058755
20898_geowiki-landcover-2017,0.53522235,0.46477765
222_kenya-non-crop,0.63585734,0.3641427
19766_geowiki-landcover-2017,0.55284196,0.447158
20979_geowiki-landcover-2017,0.6475186,0.35248148
499_togo,0.41521582,0.5847842
1700_geowiki-landcover-2017,0.7525081,0.24749191
3770_central-asia,0.30020502,0.699795
3770_croplands,0.5352199,0.4647801
4314_geowiki-landcover-2017,0.55284303,0.447157
3415_rwanda-ceo,0.7525082,0.24749178
13432_geowiki-landcover-2017,0.65214115,0.34785882
18079_geowiki-landcover-2017,0.547811,0.45218903
28220_geowiki-landcover-2017,0.5311084,0.46889168
2976_ile-de-france,0.30020505,0.69979495
2270_canada,0.30020514,0.6997949
99_mali-helmets-labelling-crops,0.30020624,0.6997938
8438_geowiki-landcover-2017,0.55284303,0.44715694
7656_canada,0.4275836,0.5724164
488_canada,0.30020532,0.69979465
481_mali-helmets-labelling-crops,0.30020517,0.69979477
2460_central-asia,0.30020532,0.69979465
93_tanzania-ceo,0.7525078,0.24749222
23112_geowiki-landcover-2017,0.5528426,0.44715738
6439_geowiki-landcover-2017,0.5311092,0.4688908
152_ile-de-france,0.300205,0.699795
2524_rwanda-ceo,0.7525075,0.24749249
206_central-asia,0.42758363,0.57241637
5503_ile-de-france,0.5311091,0.46889094
312_sudan,0.41028956,0.5897104
163_tanzania,0.63585705,0.3641429
5170_ile-de-france,0.5311091,0.46889088
1575_kenya-non-crop,0.6672346,0.33276543
8449_geowiki-landcover-2017,0.7525075,0.24749252
1017_rwanda-ceo,0.75250804,0.247492
25989_geowiki-landcover-2017,0.6672395,0.33276048
770_kenya-non-crop,0.667238,0.33276197
7835_geowiki-landcover-2017,0.5141085,0.48589152
1544_geowiki-landcover-2017,0.6695025,0.33049747
22669_geowiki-landcover-2017,0.547814,0.45218602
279_germany,0.53110904,0.468891
164_uganda,0.5478143,0.45218566
34568_geowiki-landcover-2017,0.30020517,0.69979477
845_geowiki-landcover-2017,0.66723835,0.33276165
722_kenya-non-crop,0.7525077,0.24749236
674_central-asia,0.39413276,0.6058672
9980_geowiki-landcover-2017,0.66723883,0.33276114
31583_geowiki-landcover-2017,0.6358609,0.36413908
28933_geowiki-landcover-2017,0.30020493,0.69979507
35414_geowiki-landcover-2017,0.4275844,0.5724156
1269_ile-de-france,0.30020496,0.699795
353_rwanda-ceo,0.7525082,0.24749182
417_lem-brazil,0.6358564,0.36414364
1976_germany,0.30020553,0.6997945
6550_geowiki-landcover-2017,0.6475195,0.3524804
3524_ile-de-france,0.3002054,0.69979453
1480_canada,0.5311085,0.46889153
791_tanzania-rice-ecaas,0.75250685,0.2474931
10752_croplands,0.75250775,0.24749227
6020_ile-de-france,0.3941249,0.6058751
2846_central-asia,0.3002056,0.6997944
33561_geowiki-landcover-2017,0.6521437,0.34785634
3992_central-asia,0.5311087,0.46889126
3641_central-asia,0.30020493,0.699795
1234_kenya-non-crop,0.5528428,0.44715717
1839_tanzania-ceo,0.7525081,0.24749191
1837_canada,0.3002051,0.6997949
337_martinique-france,0.6358654,0.3641346
2968_central-asia,0.3002053,0.69979465
1238_central-asia,0.30020493,0.69979507
1866_ile-de-france,0.30020502,0.699795
2382_martinique-france,0.51338756,0.48661247
384_germany,0.30021963,0.69978034
11866_geowiki-landcover-2017,0.6521976,0.3478024
5899_ile-de-france,0.30020514,0.6997949
3798_ile-de-france,0.3002051,0.6997949
678_ile-de-france,0.39412266,0.60587734
994_rwanda-ceo,0.63585716,0.36414284
1068_martinique-france,0.65213484,0.34786516
69_sudan,0.5311156,0.4688844
34532_geowiki-landcover-2017,0.4275757,0.5724243
23898_geowiki-landcover-2017,0.5528424,0.4471576
5428_geowiki-landcover-2017,0.41029072,0.58970934
1952_ile-de-france,0.3941242,0.6058758
1297_canada,0.3002049,0.69979507
1025_togo,0.55264425,0.44735575
6786_geowiki-landcover-2017,0.65214115,0.3478588
34494_geowiki-landcover-2017,0.6521496,0.34785035
958_martinique-france,0.64770174,0.3522983
129_togo,0.42758495,0.5724151
17036_geowiki-landcover-2017,0.53110904,0.46889094
4679_ile-de-france,0.30020523,0.69979477
6032_canada,0.3002049,0.69979507
4383_ile-de-france,0.42746162,0.5725384
25705_geowiki-landcover-2017,0.51338387,0.4866161
4340_canada,0.30020493,0.69979507
2046_ile-de-france,0.53110904,0.46889094
484_tanzania-ceo,0.7525074,0.24749257
103_geowiki-landcover-2017,0.7525077,0.24749231
26591_geowiki-landcover-2017,0.547814,0.45218596
1346_mali-helmets-labelling-crops,0.30020523,0.69979477
9417_geowiki-landcover-2017,0.4275095,0.5724906
2041_central-asia,0.30020872,0.69979125
14948_geowiki-landcover-2017,0.6521423,0.34785768
4328_central-asia,0.3002073,0.6997927
429_canada,0.427583,0.572417
7347_canada,0.30020493,0.699795
7192_geowiki-landcover-2017,0.42758468,0.5724153
577_mali-helmets-labelling-crops,0.30020538,0.6997946
26029_geowiki-landcover-2017,0.42758363,0.57241637
1220_germany,0.30020493,0.69979507
1049_tanzania-ceo,0.65214384,0.3478562
2877_canada,0.5528428,0.4471572
983_mali-helmets-labelling-crops,0.30020538,0.6997946
1694_germany,0.30020517,0.69979477
3553_central-asia,0.30020854,0.69979143
13175_geowiki-landcover-2017,0.55284154,0.44715846
6814_croplands,0.53522146,0.46477854
4848_canada,0.3002049,0.6997951
23202_geowiki-landcover-2017,0.6475196,0.3524804
29717_geowiki-landcover-2017,0.55283475,0.4471653
7877_canada,0.5311049,0.46889505
908_mali-helmets-labelling-crops,0.30020535,0.69979465
2324_central-asia,0.30020678,0.6997932
1349_germany,0.3002049,0.69979507
116_canada,0.4275836,0.5724164
1892_geowiki-landcover-2017,0.75250673,0.24749324
2426_canada,0.3002073,0.6997927
2164_martinique-france,0.6521207,0.34787935
1348_martinique-france,0.5176378,0.48236218
26530_geowiki-landcover-2017,0.300205,0.699795
5232_geowiki-landcover-2017,0.547794,0.452206
2612_kenya-non-crop,0.7525045,0.24749549
7751_canada,0.41521624,0.5847838
2403_canada,0.39411896,0.60588104
1507_central-asia,0.3941232,0.6058768
18533_geowiki-landcover-2017,0.41521803,0.584782
2083_rwanda-ceo,0.75250804,0.247492
748_kenya-non-crop,0.6672382,0.33276185
822_reunion-france,0.75250703,0.24749297
4902_geowiki-landcover-2017,0.65213865,0.3478614
1663_canada,0.36567917,0.63432086
145_martinique-france,0.6521285,0.3478715
1797_tanzania-ceo,0.63585734,0.36414263
1398_croplands,0.6475197,0.3524803
2097_croplands,0.39652982,0.6034702
4749_central-asia,0.39411983,0.60588014
606_kenya-non-crop,0.75250757,0.24749245
4177_ile-de-france,0.30020595,0.69979405
1811_kenya-non-crop,0.75250816,0.24749187
1358_mali-helmets-labelling-crops,0.30020493,0.69979507
2607_central-asia,0.30020505,0.69979495
5109_canada,0.30020493,0.699795
26585_geowiki-landcover-2017,0.6475195,0.3524805
1638_germany,0.30020952,0.6997905
51_togo,0.415216,0.584784
6357_geowiki-landcover-2017,0.53110904,0.46889096
2025_central-asia,0.30020493,0.699795
30480_geowiki-landcover-2017,0.394125,0.60587496
35605_geowiki-landcover-2017,0.635855,0.36414492
14547_geowiki-landcover-2017,0.30020487,0.6997951
27466_geowiki-landcover-2017,0.6672514,0.33274862
21921_geowiki-landcover-2017,0.5311088,0.4688912
3146_rwanda-ceo,0.53522086,0.46477914
643_central-asia,0.39412367,0.6058763
385_tanzania-rice-ecaas,0.635857,0.36414307
112_mali-helmets-labelling-crops,0.53110206,0.46889797
2467_geowiki-landcover-2017,0.4429204,0.5570796
32015_geowiki-landcover-2017,0.42758557,0.5724144
3624_canada,0.30020493,0.699795
2340_tanzania-ceo,0.6521378,0.34786212
32000_geowiki-landcover-2017,0.5528427,0.44715735
28294_geowiki-landcover-2017,0.6521472,0.3478528
2293_martinique-france,0.39412743,0.60587263
3097_central-asia,0.42758402,0.572416
448_tanzania-rice-ecaas,0.66723746,0.33276254
3182_geowiki-landcover-2017,0.5311097,0.46889034
20284_geowiki-landcover-2017,0.42758355,0.5724164
7622_canada,0.4275837,0.57241625
12495_croplands,0.6521435,0.3478565
21460_geowiki-landcover-2017,0.55284274,0.44715723
10034_croplands,0.6358528,0.36414713
2994_ile-de-france,0.3002051,0.6997949
1362_ile-de-france,0.53110904,0.468891
31511_geowiki-landcover-2017,0.6518403,0.34815967
3028_rwanda-ceo,0.75250775,0.24749225
2391_germany,0.39411524,0.6058848
1258_geowiki-landcover-2017,0.75250095,0.24749906
2310_geowiki-landcover-2017,0.30020815,0.69979185
2190_reunion-france,0.75250727,0.2474927
378_mali-helmets-labelling-crops,0.30020678,0.6997933
1362_kenya-non-crop,0.75250584,0.24749412
737_tanzania-ceo,0.6672383,0.3327617
4245_geowiki-landcover-2017,0.41029063,0.5897094
7117_geowiki-landcover-2017,0.30020517,0.69979477
210_tanzania-rice-ecaas,0.63585687,0.36414313
2169_central-asia,0.3002051,0.6997949
16502_geowiki-landcover-2017,0.5528404,0.4471596
1018_reunion-france,0.6521417,0.34785837
23169_geowiki-landcover-2017,0.54781395,0.45218605
4205_geowiki-landcover-2017,0.42757553,0.5724245
1524_geowiki-landcover-2017,0.5352199,0.46478003
547_ile-de-france,0.53110904,0.46889096
3084_ile-de-france,0.4275822,0.5724178
30819_geowiki-landcover-2017,0.3002049,0.69979507
726_germany,0.5311081,0.4688919
4313_geowiki-landcover-2017,0.5528429,0.44715708
1743_germany,0.5311087,0.4688913
3890_central-asia,0.39412412,0.6058759
19095_geowiki-landcover-2017,0.75237274,0.24762723
1745_kenya-non-crop,0.7525078,0.24749222
9186_geowiki-landcover-2017,0.54781413,0.4521858
321_rwanda-ceo,0.7525073,0.24749267
20019_geowiki-landcover-2017,0.5528444,0.44715562
11766_geowiki-landcover-2017,0.64751047,0.3524896
21942_geowiki-landcover-2017,0.75250524,0.2474947
2145_germany,0.300205,0.699795
1998_germany,0.30020505,0.6997949
6183_ile-de-france,0.3941262,0.60587376
4528_geowiki-landcover-2017,0.5478141,0.45218593
21128_geowiki-landcover-2017,0.5478139,0.45218614
2422_central-asia,0.3002051,0.6997949
20833_geowiki-landcover-2017,0.53522,0.46478003
2448_germany,0.42758402,0.57241595
3296_central-asia,0.30020493,0.699795
19246_geowiki-landcover-2017,0.53110886,0.46889117
26615_geowiki-landcover-2017,0.547814,0.452186
6297_geowiki-landcover-2017,0.5329385,0.46706152
2422_ile-de-france,0.39410424,0.60589576
2292_canada,0.42758363,0.57241637
15298_geowiki-landcover-2017,0.6521437,0.34785628
4380_croplands,0.30023813,0.69976187
2108_ile-de-france,0.53110784,0.46889216
2035_germany,0.30020568,0.6997943
15941_geowiki-landcover-2017,0.5133838,0.48661616
3035_ile-de-france,0.53110695,0.46889308
126_central-asia,0.30020517,0.69979477
35233_geowiki-landcover-2017,0.300209,0.6997911
3555_central-asia,0.3941151,0.6058849
4752_central-asia,0.30020493,0.69979507
4080_central-asia,0.39412406,0.6058759
3394_canada,0.42758414,0.5724159
2541_kenya-non-crop,0.6475198,0.3524802
2618_central-asia,0.5311092,0.4688908
32350_geowiki-landcover-2017,0.53111607,0.4688839
23432_geowiki-landcover-2017,0.42758086,0.57241917
90_mali-helmets-labelling-crops,0.39412257,0.6058774
236_tanzania-ceo,0.75250787,0.24749213
18506_geowiki-landcover-2017,0.3002055,0.6997945
15140_geowiki-landcover-2017,0.4323197,0.5676803
2469_germany,0.42757362,0.57242644
10191_croplands,0.5352214,0.46477866
2128_germany,0.30020624,0.69979376
4555_central-asia,0.39412555,0.6058744
8284_geowiki-landcover-2017,0.6520925,0.34790748
2377_tanzania-ceo,0.7525079,0.24749205
755_rwanda-ceo,0.75250673,0.24749324
34155_geowiki-landcover-2017,0.66698915,0.33301082
80_sudan,0.5133746,0.4866254
5371_ile-de-france,0.3002053,0.6997947
2442_ile-de-france,0.30020505,0.69979495
7066_geowiki-landcover-2017,0.53110915,0.46889088
264_tanzania-ceo,0.75250536,0.24749461
9998_croplands,0.6358571,0.3641429
5972_canada,0.30020493,0.69979507
3720_ile-de-france,0.3002051,0.6997949
19163_geowiki-landcover-2017,0.5478021,0.4521979
3730_geowiki-landcover-2017,0.42758307,0.5724169
369_martinique-france,0.6358476,0.3641524
3964_ile-de-france,0.3941237,0.60587627
21462_geowiki-landcover-2017,0.42757943,0.57242054
24276_geowiki-landcover-2017,0.64751977,0.3524802
10499_geowiki-landcover-2017,0.53110856,0.46889147
955_geowiki-landcover-2017,0.6521068,0.34789315
3148_rwanda-ceo,0.635757,0.36424297
437_ile-de-france,0.30020505,0.69979495
30099_geowiki-landcover-2017,0.39412656,0.6058734
2213_reunion-france,0.75250673,0.24749324
1908_reunion-france,0.6358885,0.36411145
1476_mali-helmets-labelling-crops,0.30020517,0.6997948
1856_kenya-non-crop,0.6359892,0.3640108
5901_geowiki-landcover-2017,0.65214103,0.34785897
20770_geowiki-landcover-2017,0.7525019,0.24749812
2148_martinique-france,0.65212274,0.34787732
2661_central-asia,0.30020556,0.6997944
520_croplands,0.5311013,0.46889868
192_tanzania,0.7525077,0.24749234
31237_geowiki-landcover-2017,0.6521398,0.34786025
7256_canada,0.30020517,0.6997948
12179_geowiki-landcover-2017,0.54781896,0.4521811
4324_geowiki-landcover-2017,0.6475198,0.3524802
10665_croplands,0.63585305,0.36414692
2226_rwanda-ceo,0.6672386,0.33276147
2186_germany,0.30020502,0.699795
509_canada,0.4275814,0.57241863
3108_geowiki-landcover-2017,0.42758268,0.57241726
12264_geowiki-landcover-2017,0.5478141,0.45218593
869_mali-helmets-labelling-crops,0.30020502,0.699795
108_kenya-non-crop,0.75250804,0.24749196
9119_geowiki-landcover-2017,0.5133855,0.48661456
34945_geowiki-landcover-2017,0.42758328,0.5724167
1496_reunion-france,0.51845896,0.48154107
3939_canada,0.39412338,0.6058766
2286_reunion-france,0.6358573,0.36414278
808_germany,0.5311091,0.46889094
2080_martinique-france,0.53111327,0.46888676
8863_geowiki-landcover-2017,0.64751995,0.35248002
2841_ile-de-france,0.5311091,0.46889094
132_mali,0.30020514,0.6997949
95_germany,0.30028012,0.69971985
4723_central-asia,0.3002049,0.69979507
754_togo,0.6475817,0.3524183
25981_geowiki-landcover-2017,0.5478145,0.4521855
996_germany,0.39412403,0.6058759
1611_canada,0.30020612,0.6997939
22114_geowiki-landcover-2017,0.42758405,0.57241595
247_canada,0.42758384,0.5724162
24997_geowiki-landcover-2017,0.5476195,0.4523805
325_togo,0.5528403,0.44715974
3878_ile-de-france,0.30020505,0.69979495
9745_geowiki-landcover-2017,0.75250685,0.2474931
17097_geowiki-landcover-2017,0.5311083,0.4688917
4522_ile-de-france,0.39412418,0.60587585
1412_canada,0.53110945,0.46889052
29238_geowiki-landcover-2017,0.3941235,0.60587645
27300_geowiki-landcover-2017,0.65214354,0.34785643
959_reunion-france,0.6521434,0.34785658
492_ethiopia,0.6475195,0.35248044
626_togo,0.55284226,0.4471578
3463_geowiki-landcover-2017,0.30020568,0.6997943
659_rwanda-ceo,0.5352202,0.46477976
1771_kenya-non-crop,0.75250816,0.24749187
3113_ile-de-france,0.30020502,0.699795
2239_tanzania-ceo,0.65216005,0.34784
3901_central-asia,0.39412403,0.60587597
7029_geowiki-landcover-2017,0.531108,0.468892
27501_geowiki-landcover-2017,0.51846224,0.48153773
269_mali-helmets-labelling-crops,0.42757824,0.5724217
729_ile-de-france,0.30020523,0.69979477
1318_kenya-non-crop,0.75250685,0.24749309
9425_croplands,0.4152163,0.5847837
6298_canada,0.30020493,0.699795
22545_geowiki-landcover-2017,0.65214354,0.34785643
4527_central-asia,0.3941226,0.6058774
23570_geowiki-landcover-2017,0.5311074,0.46889257
22945_geowiki-landcover-2017,0.6521426,0.34785745
810_central-asia,0.3002051,0.6997949
278_kenya-non-crop,0.66723764,0.3327623
676_germany,0.3941253,0.6058747
3534_geowiki-landcover-2017,0.5566366,0.44336346
1527_martinique-france,0.5311275,0.46887252
10122_croplands,0.5352201,0.46477997
1738_rwanda-ceo,0.53522027,0.46477976
13505_geowiki-landcover-2017,0.41521698,0.584783
27793_geowiki-landcover-2017,0.4275836,0.5724164
2104_reunion-france,0.5184605,0.48153952
1518_germany,0.53110015,0.46889988
30757_geowiki-landcover-2017,0.39412418,0.60587585
20790_geowiki-landcover-2017,0.55284613,0.44715387
7448_canada,0.53110826,0.46889174
556_tanzania-ceo,0.75250787,0.24749209
30180_geowiki-landcover-2017,0.42759487,0.5724051
685_ethiopia,0.6521515,0.34784847
12477_croplands,0.6521429,0.34785706
3692_central-asia,0.30020493,0.699795
3282_ile-de-france,0.30020505,0.69979495
5461_canada,0.3002049,0.69979507
21436_geowiki-landcover-2017,0.64751923,0.3524808
790_ile-de-france,0.3941178,0.6058822
1140_geowiki-landcover-2017,0.553256,0.446744
4355_geowiki-landcover-2017,0.5311014,0.4688986
3501_rwanda-ceo,0.6358576,0.36414245
292_tanzania,0.6672397,0.33276024
3571_geowiki-landcover-2017,0.32162133,0.67837864
2777_rwanda-ceo,0.7525082,0.24749173
246_croplands,0.51845586,0.48154414
248_togo,0.41520783,0.58479214
21995_geowiki-landcover-2017,0.65214354,0.34785643
32231_geowiki-landcover-2017,0.54781187,0.4521881
4369_ile-de-france,0.53111047,0.4688896
76_kenya-non-crop,0.6672582,0.3327418
1920_ile-de-france,0.30020505,0.69979495
8160_geowiki-landcover-2017,0.53102094,0.4689791
73_reunion-france,0.75250715,0.2474929
1180_tanzania-ceo,0.7525079,0.24749207
1028_geowiki-landcover-2017,0.7525051,0.24749486
6065_ile-de-france,0.39412418,0.60587585
422_canada,0.42758307,0.57241696
5266_ile-de-france,0.30020562,0.6997944
5581_ile-de-france,0.30020505,0.69979495
1551_martinique-france,0.65212077,0.34787917
14080_geowiki-landcover-2017,0.53521967,0.4647803
22146_geowiki-landcover-2017,0.5478127,0.45218724
11366_geowiki-landcover-2017,0.652142,0.34785804
131_uganda,0.64752364,0.3524764
9884_geowiki-landcover-2017,0.6521434,0.34785658
9381_geowiki-landcover-2017,0.51846457,0.4815355
26492_geowiki-landcover-2017,0.4275844,0.57241553
13522_croplands,0.51845837,0.48154157
29185_geowiki-landcover-2017,0.5528414,0.4471586
13843_geowiki-landcover-2017,0.64751923,0.3524808
1108_geowiki-landcover-2017,0.6672515,0.33274847
1043_central-asia,0.39407277,0.6059272
17055_geowiki-landcover-2017,0.6521436,0.3478564
32931_geowiki-landcover-2017,0.42766386,0.57233614
32105_geowiki-landcover-2017,0.5311089,0.4688911
3713_geowiki-landcover-2017,0.65212405,0.347876
2053_tanzania-ceo,0.6672384,0.3327616
6765_croplands,0.75250804,0.24749199
400_rwanda-ceo,0.635857,0.36414298
4233_ile-de-france,0.30020502,0.699795
8274_geowiki-landcover-2017,0.547814,0.452186
2287_rwanda-ceo,0.5352203,0.46477968
24017_geowiki-landcover-2017,0.667237,0.33276302
22651_geowiki-landcover-2017,0.54781353,0.4521865
3276_canada,0.5478141,0.45218596
9364_geowiki-landcover-2017,0.54781425,0.45218575
20238_geowiki-landcover-2017,0.5478134,0.45218655
8969_geowiki-landcover-2017,0.64751077,0.3524892
4533_geowiki-landcover-2017,0.5352235,0.46477652
21_uganda,0.6475191,0.3524809
17443_geowiki-landcover-2017,0.39412385,0.60587615
1204_mali-helmets-labelling-crops,0.300205,0.699795
872_geowiki-landcover-2017,0.53522146,0.46477857
1176_canada,0.42695978,0.57304025
926_croplands,0.5311083,0.46889168
26264_geowiki-landcover-2017,0.6672379,0.33276212
1286_rwanda-ceo,0.75250816,0.24749187
2242_canada,0.30020523,0.69979477
277_lem-brazil,0.63585687,0.36414313
33546_geowiki-landcover-2017,0.5311089,0.46889114
22354_geowiki-landcover-2017,0.3002051,0.6997949
923_mali-helmets-labelling-crops,0.30020502,0.699795
11229_geowiki-landcover-2017,0.513385,0.486615
28111_geowiki-landcover-2017,0.51338524,0.48661473
940_central-asia,0.39412168,0.6058783
10889_geowiki-landcover-2017,0.64752024,0.35247976
117_rwanda-ceo,0.54781616,0.4521838
13287_geowiki-landcover-2017,0.5528426,0.44715744
1348_croplands,0.5184606,0.48153946
1535_tanzania-ceo,0.63585705,0.36414295
1318_central-asia,0.42758122,0.57241875
19960_geowiki-landcover-2017,0.4275837,0.57241625
362_croplands,0.300205,0.699795
6249_canada,0.3002058,0.6997942
227_kenya,0.75250804,0.247492
20117_geowiki-landcover-2017,0.300205,0.699795
1676_rwanda-ceo,0.75249875,0.24750118
1028_tanzania-ceo,0.7525065,0.24749358
14453_geowiki-landcover-2017,0.6475198,0.3524802
4674_ile-de-france,0.5311089,0.46889105
1840_germany,0.3002135,0.6997865
2254_martinique-france,0.65145856,0.34854138
2100_croplands,0.41057,0.58943003
6618_canada,0.42758387,0.5724161
2093_rwanda-ceo,0.7525045,0.24749552
3585_ile-de-france,0.300205,0.699795
2066_germany,0.39412403,0.6058759
818_central-asia,0.30020505,0.69979495
1035_martinique-france,0.5184369,0.48156306
2082_geowiki-landcover-2017,0.6521436,0.3478564
10382_geowiki-landcover-2017,0.42758417,0.5724158
18724_geowiki-landcover-2017,0.4102905,0.58970946
34602_geowiki-landcover-2017,0.427761,0.57223904
14702_geowiki-landcover-2017,0.42758402,0.572416
1227_germany,0.42758363,0.57241637
28450_geowiki-landcover-2017,0.64751834,0.3524817
5846_ile-de-france,0.30020502,0.699795
25196_geowiki-landcover-2017,0.65214294,0.34785706
2264_rwanda-ceo,0.75250804,0.24749196
1743_central-asia,0.30020514,0.6997949
10942_geowiki-landcover-2017,0.5133839,0.48661608
318_tanzania,0.5352204,0.4647796
28817_geowiki-landcover-2017,0.53109443,0.46890557
516_martinique-france,0.42761207,0.57238793
90_ethiopia,0.5133779,0.4866221
355_lem-brazil,0.66723764,0.33276236
5097_canada,0.3002049,0.69979507
4122_ile-de-france,0.39412445,0.6058756
437_ethiopia,0.54781306,0.4521869
309_ile-de-france,0.5310978,0.46890217
620_croplands,0.39412665,0.6058733
560_kenya-non-crop,0.75250787,0.24749209
7061_canada,0.30020514,0.6997949
191_reunion-france,0.7525053,0.24749465
1479_croplands,0.5311095,0.46889052
3375_central-asia,0.39359275,0.6064072
2015_kenya-non-crop,0.65214366,0.34785634
15150_geowiki-landcover-2017,0.65214485,0.34785518
3524_central-asia,0.394124,0.605876
475_geowiki-landcover-2017,0.66723853,0.3327615
9991_geowiki-landcover-2017,0.51338375,0.4866163
10099_geowiki-landcover-2017,0.65214413,0.3478559
22635_geowiki-landcover-2017,0.5133839,0.4866161
4074_ile-de-france,0.53110886,0.46889114
2771_rwanda-ceo,0.6672384,0.33276162
1467_croplands,0.30020493,0.699795
35361_geowiki-landcover-2017,0.531109,0.46889105
1903_rwanda-ceo,0.63585746,0.36414257
5727_geowiki-landcover-2017,0.30020493,0.69979507
1205_tanzania-ceo,0.66724265,0.33275732
2375_kenya-non-crop,0.75198865,0.24801137
8325_geowiki-landcover-2017,0.4102929,0.5897071
787_mali-helmets-labelling-crops,0.3002051,0.6997949
177_kenya-non-crop,0.6358566,0.36414337
18959_geowiki-landcover-2017,0.5478135,0.45218652
579_tanzania-rice-ecaas,0.635857,0.36414307
760_mali-helmets-labelling-crops,0.30020517,0.6997948
32510_geowiki-landcover-2017,0.53104395,0.46895605
34785_geowiki-landcover-2017,0.30020487,0.6997951
983_reunion-france,0.5184613,0.48153877
2811_geowiki-landcover-2017,0.39412546,0.60587454
3123_croplands,0.5352201,0.46477997
34232_geowiki-landcover-2017,0.30026343,0.69973654
31210_geowiki-landcover-2017,0.3002055,0.6997945
466_reunion-france,0.6521436,0.3478564
254_tanzania-ceo,0.75250626,0.24749373
2396_tanzania-ceo,0.6672384,0.33276165
10597_geowiki-landcover-2017,0.5311084,0.46889168
7188_geowiki-landcover-2017,0.42758405,0.57241595
26928_geowiki-landcover-2017,0.64751965,0.35248035
2569_reunion-france,0.6358568,0.36414316
570_rwanda-ceo,0.7525062,0.24749382
20899_geowiki-landcover-2017,0.64751965,0.35248035
1212_mali-helmets-labelling-crops,0.394127,0.605873
4548_ile-de-france,0.30020502,0.699795
7694_geowiki-landcover-2017,0.6521443,0.34785572
2342_canada,0.42758384,0.5724162
11648_geowiki-landcover-2017,0.6521443,0.3478557
2243_tanzania-ceo,0.7525079,0.247492
2360_kenya-non-crop,0.6672313,0.33276865
4518_central-asia,0.3002076,0.6997924
693_tanzania-ceo,0.6521436,0.3478564
1067_martinique-france,0.65212685,0.34787315
1603_tanzania-ceo,0.5528471,0.4471529
2385_tanzania-ceo,0.6672381,0.3327619
573_togo,0.42802545,0.5719746
1994_ile-de-france,0.39412302,0.605877
14015_croplands,0.53522307,0.46477693
22206_geowiki-landcover-2017,0.547812,0.452188
4530_croplands,0.65212494,0.347875
2279_tanzania-ceo,0.7525078,0.24749222
19137_geowiki-landcover-2017,0.6475175,0.3524825
516_rwanda-ceo,0.7524996,0.24750037
12123_geowiki-landcover-2017,0.39412308,0.6058769
10871_geowiki-landcover-2017,0.7525082,0.24749178
1181_canada,0.42758402,0.572416
1450_croplands,0.30020556,0.6997944
2115_ile-de-france,0.5311073,0.46889275
20034_geowiki-landcover-2017,0.30020493,0.699795
2137_reunion-france,0.5184591,0.4815409
4740_canada,0.30020487,0.6997951
7565_canada,0.42752272,0.5724773
3969_ile-de-france,0.39412358,0.6058764
11175_geowiki-landcover-2017,0.53111345,0.46888655
30349_geowiki-landcover-2017,0.547814,0.45218602
14555_geowiki-landcover-2017,0.5478121,0.4521879
411_tanzania-rice-ecaas,0.635857,0.36414307
8548_croplands,0.5352158,0.4647842
6539_croplands,0.6672359,0.3327641
2551_central-asia,0.30020514,0.6997949
6846_croplands,0.5352207,0.46477932
4019_ile-de-france,0.30020502,0.699795
13558_croplands,0.4152166,0.5847834
2689_central-asia,0.3002054,0.6997946
2905_ile-de-france,0.42757186,0.5724281
191_togo,0.42787018,0.5721298
6745_croplands,0.6672379,0.33276215
25048_geowiki-landcover-2017,0.5352198,0.4647802
29024_geowiki-landcover-2017,0.5311083,0.4688917
83_mali-helmets-labelling-crops,0.30020532,0.69979465
4434_croplands,0.3002182,0.69978184
2285_rwanda-ceo,0.75250804,0.24749199
2480_germany,0.53110754,0.46889248
691_rwanda-ceo,0.63585734,0.3641427
29796_geowiki-landcover-2017,0.53110904,0.46889096
3609_ile-de-france,0.30020535,0.69979465
45_tanzania,0.5352204,0.4647796
25341_geowiki-landcover-2017,0.4102908,0.58970916
1101_mali-helmets-labelling-crops,0.30020532,0.69979465
1139_martinique-france,0.65215355,0.34784642
228_central-asia,0.30020577,0.6997942
85_sudan,0.30026117,0.6997388
1199_canada,0.42758363,0.57241637
6154_canada,0.42758408,0.57241595
12425_geowiki-landcover-2017,0.42758417,0.57241577
1837_tanzania-ceo,0.75250506,0.24749497
22373_geowiki-landcover-2017,0.5311079,0.46889207
4282_canada,0.30020535,0.69979465
4216_canada,0.41521603,0.584784
2706_geowiki-landcover-2017,0.5311169,0.4688831
2384_ile-de-france,0.300205,0.699795
14645_geowiki-landcover-2017,0.54781395,0.45218602
150_reunion-france,0.6358581,0.36414188
3103_canada,0.30020517,0.6997948
3616_geowiki-landcover-2017,0.3002056,0.6997944
200_uganda,0.68042463,0.3195754
13331_geowiki-landcover-2017,0.7525081,0.24749191
2540_kenya-non-crop,0.75250447,0.24749552
2675_rwanda-ceo,0.7525081,0.24749194
14217_geowiki-landcover-2017,0.6475197,0.3524803
13_ethiopia,0.41029093,0.58970904
2536_ile-de-france,0.30020502,0.69979495
1159_mali-helmets-labelling-crops,0.42758065,0.57241935
547_rwanda-ceo,0.7524936,0.24750634
4273_ile-de-france,0.531095,0.46890497
3400_canada,0.4275837,0.5724163
7461_geowiki-landcover-2017,0.41029057,0.5897094
751_tanzania-rice-ecaas,0.6358562,0.3641438
3379_geowiki-landcover-2017,0.42748222,0.57251775
7385_geowiki-landcover-2017,0.30020487,0.6997951
750_kenya-non-crop,0.7525077,0.24749236
4464_central-asia,0.30020553,0.6997945
34916_geowiki-landcover-2017,0.5528439,0.44715604
146_kenya-non-crop,0.6672384,0.33276165
29187_geowiki-landcover-2017,0.30020484,0.6997952
562_central-asia,0.39412442,0.6058756
2466_ile-de-france,0.300205,0.699795
1002_reunion-france,0.5184599,0.48154008
8618_geowiki-landcover-2017,0.552842,0.44715795
3529_rwanda-ceo,0.6672382,0.33276185
379_geowiki-landcover-2017,0.6672365,0.33276346
369_geowiki-landcover-2017,0.7491706,0.2508294
10578_croplands,0.53522027,0.46477976
2600_ile-de-france,0.3002077,0.6997923
2144_germany,0.30020505,0.69979495
630_tanzania-ceo,0.5353348,0.4646652
6911_croplands,0.7525064,0.2474936
3846_central-asia,0.30020523,0.69979477
2111_martinique-france,0.7524618,0.24753824
1188_tanzania-ceo,0.6521437,0.34785634
3540_geowiki-landcover-2017,0.4275851,0.57241493
35487_geowiki-landcover-2017,0.531109,0.468891
31918_geowiki-landcover-2017,0.42758366,0.57241637
707_mali-helmets-labelling-crops,0.39412385,0.60587615
1296_kenya-non-crop,0.66723746,0.33276254
271_croplands,0.53110814,0.46889183
1901_reunion-france,0.7525062,0.24749376
20343_geowiki-landcover-2017,0.6521438,0.34785625
420_lem-brazil,0.63585716,0.36414286
438_central-asia,0.39412424,0.60587573
27_togo,0.3002201,0.69977987
1802_canada,0.30020517,0.69979477
15931_geowiki-landcover-2017,0.5311076,0.46889243
23761_geowiki-landcover-2017,0.5311078,0.46889225
467_martinique-france,0.531112,0.46888804
376_ile-de-france,0.531109,0.46889102
406_germany,0.39412367,0.60587627
25934_geowiki-landcover-2017,0.42756402,0.57243603
742_ethiopia,0.51338774,0.48661223
19074_geowiki-landcover-2017,0.41029066,0.58970934
27331_geowiki-landcover-2017,0.65214384,0.3478562
1138_rwanda-ceo,0.7525079,0.24749205
5239_canada,0.3941292,0.60587084
2813_rwanda-ceo,0.53522027,0.4647797
127_kenya-non-crop,0.5352206,0.46477938
10734_geowiki-landcover-2017,0.42758396,0.572416
24256_geowiki-landcover-2017,0.5311095,0.46889052
5877_ile-de-france,0.30020505,0.69979495
5440_canada,0.3002049,0.6997951
2157_central-asia,0.30030578,0.6996942
34360_geowiki-landcover-2017,0.53110874,0.4688912
206_croplands,0.300205,0.699795
798_geowiki-landcover-2017,0.7519902,0.24800979
1074_croplands,0.55284226,0.4471578
13817_croplands,0.53522,0.46477997
4781_canada,0.3002049,0.6997951
2876_canada,0.5528427,0.4471573
1506_rwanda-ceo,0.7523185,0.24768148
1378_mali-helmets-labelling-crops,0.30020577,0.6997942
3067_rwanda-ceo,0.66723835,0.33276168
27085_geowiki-landcover-2017,0.30020523,0.69979477
27_tanzania,0.63585705,0.36414298
8572_geowiki-landcover-2017,0.66723806,0.33276194
31422_geowiki-landcover-2017,0.41029066,0.58970934
42_lem-brazil,0.75250757,0.24749248
661_martinique-france,0.5311157,0.4688843
9588_croplands,0.6358567,0.36414334
692_rwanda-ceo,0.6672387,0.33276132
770_germany,0.30020493,0.69979507
15831_geowiki-landcover-2017,0.54781395,0.4521861
29067_geowiki-landcover-2017,0.42758846,0.5724116
1670_ile-de-france,0.30020505,0.69979495
517_rwanda-ceo,0.75250816,0.24749184
1601_rwanda-ceo,0.53522027,0.4647797
685_martinique-france,0.3002209,0.6997791
1265_reunion-france,0.75250787,0.24749209
4319_geowiki-landcover-2017,0.75250757,0.2474924
11873_geowiki-landcover-2017,0.5478184,0.45218158
1638_canada,0.3002051,0.6997949
4102_central-asia,0.3002055,0.6997945
4319_ile-de-france,0.5311093,0.46889067
5778_canada,0.30020493,0.69979507
184_rwanda-ceo,0.7525077,0.24749234
1290_canada,0.30020493,0.69979507
1184_canada,0.4275838,0.5724162
32273_geowiki-landcover-2017,0.30020493,0.699795
2056_canada,0.30020514,0.6997949
7255_canada,0.300205,0.699795
1195_germany,0.53110874,0.46889123
1926_kenya-non-crop,0.55284566,0.4471543
28405_geowiki-landcover-2017,0.5311086,0.4688914
13990_croplands,0.5352243,0.46477565
10064_croplands,0.53524184,0.4647581
2620_central-asia,0.30020505,0.69979495
34_brazil-non-crop,0.752505,0.24749501
2503_kenya-non-crop,0.63582766,0.36417234
645_kenya-non-crop,0.6672376,0.33276245
6053_ile-de-france,0.300205,0.699795
651_central-asia,0.3941239,0.6058761
1743_canada,0.30020517,0.6997948
5362_ile-de-france,0.30020633,0.6997937
15013_geowiki-landcover-2017,0.6521092,0.3478908
6443_geowiki-landcover-2017,0.54781973,0.45218027
24163_geowiki-landcover-2017,0.6521413,0.34785876
4448_geowiki-landcover-2017,0.5528435,0.4471565
3336_central-asia,0.30020502,0.699795
368_sudan,0.5528454,0.44715458
8782_geowiki-landcover-2017,0.5478138,0.4521862
28175_geowiki-landcover-2017,0.30020505,0.69979495
444_ile-de-france,0.30020523,0.69979477
11981_geowiki-landcover-2017,0.5199182,0.48008183
993_martinique-france,0.39441708,0.60558295
2731_ile-de-france,0.39412263,0.60587734
947_central-asia,0.30020618,0.6997939
15300_geowiki-landcover-2017,0.6521434,0.34785655
548_tanzania-ceo,0.6521428,0.34785724
3381_canada,0.5311088,0.4688912
1165_tanzania-ceo,0.667239,0.332761
1946_reunion-france,0.7525081,0.24749194
2974_canada,0.51338357,0.48661646
1337_kenya-non-crop,0.64752007,0.3524799
172_canada,0.42758402,0.572416
2972_rwanda-ceo,0.7525078,0.24749222
10786_geowiki-landcover-2017,0.42758414,0.5724159
6734_croplands,0.6358568,0.3641432
8_croplands,0.5133839,0.48661605
30699_geowiki-landcover-2017,0.5528425,0.44715744
4882_central-asia,0.3016921,0.6983079
4245_canada,0.4152169,0.5847831
1493_central-asia,0.30020493,0.699795
1024_togo,0.55284095,0.4471591
28210_geowiki-landcover-2017,0.6521437,0.34785634
1633_reunion-france,0.6521438,0.34785625
773_martinique-france,0.42768252,0.5723175
4639_ile-de-france,0.39412418,0.60587585
11_germany,0.5311089,0.46889105
4170_central-asia,0.30020836,0.6997916
33902_geowiki-landcover-2017,0.4275916,0.5724084
1187_kenya-non-crop,0.7525082,0.24749178
121_uganda,0.5339912,0.46600878
7270_geowiki-landcover-2017,0.3941239,0.6058761
2257_reunion-france,0.75250787,0.24749212
1753_ile-de-france,0.39412406,0.6058759
7857_canada,0.3941241,0.6058759
3695_ile-de-france,0.39412197,0.60587806
5397_ile-de-france,0.3002053,0.6997947
16_ethiopia,0.4103171,0.58968294
2241_canada,0.42758325,0.5724167
382_kenya-non-crop,0.64751804,0.3524819
15133_geowiki-landcover-2017,0.4275834,0.57241654
3366_croplands,0.5352188,0.4647812
1477_germany,0.300206,0.69979393
1875_canada,0.42756218,0.5724378
31373_geowiki-landcover-2017,0.42758363,0.57241637
15_reunion-france,0.75250703,0.24749297
10519_geowiki-landcover-2017,0.5528083,0.44719175
22382_geowiki-landcover-2017,0.6475197,0.3524803
688_rwanda-ceo,0.63585657,0.36414337
10077_geowiki-landcover-2017,0.53522277,0.46477723
953_canada,0.3002051,0.6997949
6506_canada,0.39412388,0.6058761
4128_central-asia,0.30020514,0.6997948
669_germany,0.53110874,0.4688912
4901_canada,0.4275832,0.5724168
4643_ile-de-france,0.394124,0.605876
2815_rwanda-ceo,0.5133852,0.4866148
13586_geowiki-landcover-2017,0.7525079,0.24749205
15397_geowiki-landcover-2017,0.647527,0.352473
688_ile-de-france,0.30020523,0.69979477
1804_ile-de-france,0.3002053,0.6997947
3520_rwanda-ceo,0.7525075,0.24749249
2787_ile-de-france,0.30020577,0.6997942
2196_central-asia,0.30020505,0.69979495
2131_central-asia,0.39412403,0.6058759
1698_martinique-france,0.53111213,0.4688879
1427_martinique-france,0.65139675,0.34860328
34_rwanda-ceo,0.63585734,0.3641427
2226_germany,0.42758402,0.572416
697_togo,0.30020797,0.69979197
29351_geowiki-landcover-2017,0.3002049,0.69979507
27317_geowiki-landcover-2017,0.5311087,0.46889132
17971_geowiki-landcover-2017,0.42762884,0.5723712
520_rwanda-ceo,0.5478792,0.4521208
33771_geowiki-landcover-2017,0.41029313,0.58970684
914_rwanda-ceo,0.75250804,0.24749199
27_canada,0.3002064,0.69979364
5724_canada,0.30020493,0.699795
15930_geowiki-landcover-2017,0.55284244,0.4471576
2877_ile-de-france,0.39412415,0.60587585
25293_geowiki-landcover-2017,0.4275844,0.57241553
5012_geowiki-landcover-2017,0.4275853,0.5724147
4033_geowiki-landcover-2017,0.5478887,0.4521113
1523_croplands,0.39412412,0.60587585
1895_ile-de-france,0.30020574,0.69979423
1911_reunion-france,0.7525079,0.247492
1593_ile-de-france,0.5311083,0.46889168
1004_reunion-france,0.75250584,0.24749412
5572_ile-de-france,0.3002063,0.6997937
5053_ile-de-france,0.4275605,0.57243955
20781_geowiki-landcover-2017,0.6521442,0.34785584
19392_geowiki-landcover-2017,0.30020502,0.69979495
2203_tanzania-ceo,0.6358573,0.3641427
2837_ile-de-france,0.53110856,0.46889147
425_kenya-non-crop,0.7525076,0.2474924
382_ethiopia,0.6475196,0.3524804
24543_geowiki-landcover-2017,0.64751965,0.35248035
26196_geowiki-landcover-2017,0.6672339,0.33276612
10786_croplands,0.6672355,0.3327645
3674_geowiki-landcover-2017,0.42758343,0.57241654
3021_rwanda-ceo,0.7525072,0.2474928
19072_geowiki-landcover-2017,0.41029027,0.58970976
2405_germany,0.3002059,0.69979405
488_tanzania-ceo,0.65214384,0.34785616
1620_geowiki-landcover-2017,0.7525077,0.24749236
14953_croplands,0.42758614,0.57241386
25169_geowiki-landcover-2017,0.7524801,0.24751994
509_central-asia,0.30020562,0.69979435
540_tanzania-ceo,0.75245285,0.2475471
2224_germany,0.3002051,0.6997949
3791_geowiki-landcover-2017,0.30021343,0.6997866
1785_ile-de-france,0.53110796,0.46889207
9139_croplands,0.41521585,0.58478415
7573_geowiki-landcover-2017,0.5528425,0.4471575
2381_canada,0.42758256,0.57241744
25713_geowiki-landcover-2017,0.4276502,0.5723498
295_germany,0.39412397,0.605876
18912_geowiki-landcover-2017,0.64751935,0.35248062
834_togo,0.4152168,0.58478326
3691_geowiki-landcover-2017,0.394148,0.605852
34458_geowiki-landcover-2017,0.30030605,0.6996939
20433_geowiki-landcover-2017,0.5184588,0.4815412
5958_canada,0.30020502,0.699795
14078_geowiki-landcover-2017,0.51338357,0.48661643
9095_geowiki-landcover-2017,0.42758682,0.57241315
10169_geowiki-landcover-2017,0.6521437,0.34785634
151_canada,0.42758387,0.5724161
4079_canada,0.30020493,0.699795
23950_geowiki-landcover-2017,0.65214396,0.34785604
873_martinique-france,0.6521252,0.3478748
1593_geowiki-landcover-2017,0.5133842,0.4866158
357_kenya-non-crop,0.75250775,0.24749227
10886_geowiki-landcover-2017,0.4102907,0.58970934
611_croplands,0.30020493,0.699795
18129_geowiki-landcover-2017,0.6521434,0.34785658
14827_geowiki-landcover-2017,0.6672385,0.33276153
966_reunion-france,0.53111845,0.46888155
22121_geowiki-landcover-2017,0.5311089,0.46889105
2116_central-asia,0.3941156,0.60588443
2387_ile-de-france,0.30020523,0.69979477
12580_croplands,0.65214247,0.34785753
637_tanzania-ceo,0.6672381,0.33276185
1124_martinique-france,0.7524746,0.24752541
4906_croplands,0.5352159,0.4647841
410_mali-helmets-labelling-crops,0.30020633,0.69979364
6852_croplands,0.53522027,0.46477976
20432_geowiki-landcover-2017,0.53110904,0.46889096
10794_geowiki-landcover-2017,0.42758417,0.57241577
34017_geowiki-landcover-2017,0.64751136,0.35248864
3165_canada,0.30021834,0.69978166
2519_ile-de-france,0.39412114,0.60587883
5159_geowiki-landcover-2017,0.41029143,0.58970857
19336_geowiki-landcover-2017,0.4275829,0.57241714
5556_ile-de-france,0.30020505,0.6997949
579_kenya-non-crop,0.7525068,0.24749322
3312_central-asia,0.3002049,0.6997951
2168_rwanda-ceo,0.75250685,0.24749318
606_togo,0.41522402,0.584776
2179_tanzania-ceo,0.75250566,0.24749437
27464_geowiki-landcover-2017,0.64751977,0.35248026
329_rwanda-ceo,0.7525079,0.24749205
292_mali-helmets-labelling-crops,0.30020523,0.69979477
34529_geowiki-landcover-2017,0.53110754,0.46889246
21170_geowiki-landcover-2017,0.42701754,0.57298243
1145_martinique-france,0.5313587,0.46864125
213_togo,0.30024755,0.6997524
3072_central-asia,0.30020523,0.69979477
166_reunion-france,0.7525079,0.24749205
26744_geowiki-landcover-2017,0.5478116,0.45218837
1112_ile-de-france,0.39414153,0.60585845
6748_canada,0.5311085,0.46889153
1015_reunion-france,0.6521438,0.34785625
4559_ile-de-france,0.30020493,0.699795
2152_croplands,0.4152166,0.5847834
4745_geowiki-landcover-2017,0.42758214,0.57241786
565_tanzania-rice-ecaas,0.5352586,0.46474144
3773_central-asia,0.3002179,0.69978213
13326_geowiki-landcover-2017,0.6522111,0.34778884
4557_ile-de-france,0.300205,0.699795
22255_geowiki-landcover-2017,0.42758557,0.5724144
571_tanzania-rice-ecaas,0.75250787,0.24749212
3287_geowiki-landcover-2017,0.30020493,0.699795
14312_geowiki-landcover-2017,0.5133838,0.48661616
13067_croplands,0.53522015,0.46477988
2517_central-asia,0.3002051,0.6997949
5600_ile-de-france,0.6474799,0.35252008
3771_central-asia,0.30020493,0.69979507
1172_central-asia,0.30020493,0.69979507
920_ile-de-france,0.5311091,0.46889088
5604_canada,0.41522118,0.58477885
30182_geowiki-landcover-2017,0.55284196,0.447158
1620_canada,0.3008895,0.6991105
2946_geowiki-landcover-2017,0.42758447,0.57241553
2083_kenya-non-crop,0.75250804,0.24749196
945_mali-helmets-labelling-crops,0.300205,0.699795
27548_geowiki-landcover-2017,0.5311088,0.4688912
35443_geowiki-landcover-2017,0.427583,0.572417
2349_martinique-france,0.652115,0.34788504
1396_rwanda-ceo,0.75250775,0.24749225
3704_central-asia,0.30020493,0.699795
674_tanzania-rice-ecaas,0.75250155,0.24749848
5459_ile-de-france,0.300205,0.699795
1114_kenya-non-crop,0.66723835,0.33276165
25_mali-non-crop,0.30020514,0.6997949
9410_croplands,0.51845926,0.48154074
30_mali-helmets-labelling-crops,0.30020535,0.69979465
18779_geowiki-landcover-2017,0.42758325,0.5724168
3929_canada,0.30021018,0.6997899
30_sudan,0.41028792,0.5897121
974_ile-de-france,0.52199656,0.47800347
879_croplands,0.42758355,0.5724165
27784_geowiki-landcover-2017,0.54781365,0.45218632
775_central-asia,0.30020896,0.6997911
375_lem-brazil,0.6358568,0.36414316
16564_geowiki-landcover-2017,0.75249547,0.24750453
1801_central-asia,0.300205,0.699795
31366_geowiki-landcover-2017,0.745662,0.25433803
2063_reunion-france,0.75248104,0.247519
2193_germany,0.4275838,0.5724162
24678_geowiki-landcover-2017,0.6475212,0.3524788
20949_geowiki-landcover-2017,0.53110874,0.4688912
494_tanzania-ceo,0.75250804,0.24749199
897_reunion-france,0.7525066,0.24749342
304_ethiopia,0.41029078,0.5897092
5055_geowiki-landcover-2017,0.6521644,0.34783563
3097_geowiki-landcover-2017,0.53110737,0.4688926
1177_ile-de-france,0.39412445,0.60587555
31331_geowiki-landcover-2017,0.53522015,0.46477988
14456_geowiki-landcover-2017,0.51338357,0.48661643
2088_tanzania-ceo,0.6672384,0.33276156
1104_mali-helmets-labelling-crops,0.3002051,0.6997949
4863_canada,0.300205,0.699795
1640_rwanda-ceo,0.75250757,0.24749245
578_croplands,0.5528285,0.4471715
2870_rwanda-ceo,0.7525072,0.2474928
1296_mali-helmets-labelling-crops,0.3002051,0.6997949
24625_geowiki-landcover-2017,0.64751965,0.35248038
2738_reunion-france,0.7525079,0.24749205
13048_croplands,0.6358553,0.3641447
29250_geowiki-landcover-2017,0.42758375,0.57241625
477_ethiopia,0.5133888,0.48661122
31862_geowiki-landcover-2017,0.54776853,0.45223147
21935_geowiki-landcover-2017,0.55284274,0.44715723
30505_geowiki-landcover-2017,0.394123,0.605877
786_kenya-non-crop,0.6672369,0.33276308
27486_geowiki-landcover-2017,0.6672382,0.3327618
2158_rwanda-ceo,0.6672326,0.33276746
4507_canada,0.30022556,0.6997744
18068_geowiki-landcover-2017,0.5311091,0.46889094
2149_ile-de-france,0.5311088,0.4688912
1742_kenya-non-crop,0.7525077,0.24749236
1430_mali-helmets-labelling-crops,0.42758167,0.57241833
4556_ile-de-france,0.39412105,0.60587895
15306_geowiki-landcover-2017,0.6672381,0.33276194
8608_geowiki-landcover-2017,0.5311102,0.4688898
2768_central-asia,0.30020863,0.6997914
26158_geowiki-landcover-2017,0.5478141,0.45218596
31035_geowiki-landcover-2017,0.30020487,0.6997951
4675_geowiki-landcover-2017,0.6475197,0.3524803
2595_canada,0.42758405,0.57241595
1966_martinique-france,0.5528186,0.4471814
493_central-asia,0.30020577,0.6997942
1711_martinique-france,0.75248545,0.24751453
6119_geowiki-landcover-2017,0.531109,0.46889105
55_ile-de-france,0.39412412,0.6058759
6074_ile-de-france,0.3002053,0.6997947
12607_croplands,0.6521437,0.34785634
7929_geowiki-landcover-2017,0.7525081,0.24749191
27084_geowiki-landcover-2017,0.53110904,0.46889094
15829_geowiki-landcover-2017,0.64744794,0.35255206
1172_reunion-france,0.5184601,0.48153988
78_lem-brazil,0.6672379,0.33276212
279_ethiopia,0.5478098,0.45219025
5489_canada,0.30020493,0.69979507
3018_central-asia,0.30021694,0.6997831
1419_kenya-non-crop,0.6672389,0.3327611
5747_canada,0.30020502,0.699795
83_ile-de-france,0.30021328,0.6997867
1177_germany,0.39412412,0.6058759
2599_reunion-france,0.5184594,0.48154065
5393_ile-de-france,0.30020505,0.69979495
557_geowiki-landcover-2017,0.5477984,0.45220163
23642_geowiki-landcover-2017,0.5311052,0.4688948
581_martinique-france,0.6475219,0.3524781
24108_geowiki-landcover-2017,0.5184605,0.48153952
2741_canada,0.30020493,0.69979507
901_croplands,0.30020493,0.69979507
11640_geowiki-landcover-2017,0.6475202,0.3524798
4929_geowiki-landcover-2017,0.55284226,0.44715774
33067_geowiki-landcover-2017,0.7525079,0.24749205
1_tanzania-ceo,0.6521435,0.3478565
2614_canada,0.394124,0.605876
425_ethiopia,0.5468339,0.45316613
5439_ile-de-france,0.300205,0.699795
3235_geowiki-landcover-2017,0.30030107,0.6996989
486_togo,0.4276117,0.5723883
4673_canada,0.3002049,0.6997951
3581_geowiki-landcover-2017,0.5311112,0.46888885
362_reunion-france,0.75250685,0.24749318
15627_geowiki-landcover-2017,0.6475198,0.35248014
9153_croplands,0.415216,0.584784
1965_reunion-france,0.7520604,0.24793959
29588_geowiki-landcover-2017,0.42758894,0.572411
535_mali-helmets-labelling-crops,0.30021894,0.69978106
2978_geowiki-landcover-2017,0.42758375,0.57241625
787_reunion-france,0.7525075,0.24749252
3096_geowiki-landcover-2017,0.5184574,0.48154262
614_kenya-non-crop,0.66724205,0.33275792
1847_germany,0.30020505,0.69979495
1436_central-asia,0.30020493,0.69979507
10684_geowiki-landcover-2017,0.5311092,0.4688908
3405_central-asia,0.3941242,0.6058758
455_martinique-france,0.7518944,0.24810554
5816_croplands,0.53521186,0.46478817
2342_reunion-france,0.6521431,0.34785685
29253_geowiki-landcover-2017,0.5311083,0.46889168
6246_geowiki-landcover-2017,0.65214354,0.34785643
867_central-asia,0.531112,0.46888798
13045_geowiki-landcover-2017,0.3002116,0.69978833
984_tanzania-ceo,0.6672385,0.33276156
12_tanzania-ceo,0.7525078,0.24749218
323_sudan,0.5478123,0.45218772
1041_germany,0.30020493,0.69979507
2239_canada,0.30020502,0.69979495
1462_ile-de-france,0.30020502,0.699795
8268_geowiki-landcover-2017,0.64751977,0.3524803
585_canada,0.42758393,0.57241607
886_rwanda-ceo,0.75250757,0.24749245
1521_rwanda-ceo,0.7525073,0.24749267
98_mali-helmets-labelling-crops,0.531109,0.468891
4614_croplands,0.30028248,0.6997175
1506_tanzania-ceo,0.7525076,0.2474924
650_martinique-france,0.5520293,0.44797063
10973_geowiki-landcover-2017,0.6475198,0.3524802
2556_kenya-non-crop,0.6475198,0.3524801
5696_ile-de-france,0.300205,0.699795
29542_geowiki-landcover-2017,0.30020493,0.69979507
26353_geowiki-landcover-2017,0.42758355,0.5724164
1727_ile-de-france,0.30020496,0.699795
535_geowiki-landcover-2017,0.75250775,0.24749227
13392_geowiki-landcover-2017,0.42758393,0.57241607
854_kenya-non-crop,0.7525075,0.24749249
2339_canada,0.4275836,0.5724164
31644_geowiki-landcover-2017,0.3002054,0.6997946
10791_croplands,0.75250673,0.24749328
34083_geowiki-landcover-2017,0.3002053,0.6997947
31898_geowiki-landcover-2017,0.3942718,0.6057282
2838_canada,0.4275862,0.57241374
3202_ile-de-france,0.3002051,0.6997949
219_ethiopia,0.39309323,0.6069068
19194_geowiki-landcover-2017,0.55284363,0.44715634
5859_ile-de-france,0.30020505,0.69979495
7111_canada,0.30020538,0.6997946
4910_geowiki-landcover-2017,0.547815,0.45218495
22276_geowiki-landcover-2017,0.30020547,0.69979453
10652_geowiki-landcover-2017,0.5478104,0.4521896
10704_croplands,0.6672261,0.33277392
2473_kenya-non-crop,0.53522056,0.46477944
416_lem-brazil,0.6358591,0.36414096
542_ethiopia,0.53521425,0.46478575
33876_geowiki-landcover-2017,0.30021098,0.699789
790_ethiopia,0.55284363,0.44715637
455_reunion-france,0.524867,0.47513297
2044_reunion-france,0.531112,0.46888804
24991_geowiki-landcover-2017,0.647502,0.352498
17175_geowiki-landcover-2017,0.5133846,0.4866154
785_togo,0.6521048,0.34789526
9979_croplands,0.53522116,0.46477887
3050_canada,0.42758408,0.57241595
1040_togo,0.65038824,0.34961176
344_ile-de-france,0.53110904,0.468891
2316_central-asia,0.30020505,0.69979495
33189_geowiki-landcover-2017,0.4275838,0.5724162
3967_central-asia,0.3003541,0.69964594
2621_kenya-non-crop,0.6475801,0.3524199
898_rwanda-ceo,0.535232,0.46476802
2_tanzania-ceo,0.65214294,0.34785706
34969_geowiki-landcover-2017,0.5478138,0.45218617
341_togo,0.55284214,0.4471579
14705_croplands,0.41521657,0.5847834
27929_geowiki-landcover-2017,0.39413098,0.605869
171_rwanda-ceo,0.7525076,0.2474924
914_geowiki-landcover-2017,0.51339394,0.48660612
32491_geowiki-landcover-2017,0.4102908,0.58970916
31231_geowiki-landcover-2017,0.63585687,0.36414307
25150_geowiki-landcover-2017,0.552842,0.44715795
1420_mali-helmets-labelling-crops,0.3002053,0.69979465
34522_geowiki-landcover-2017,0.3002049,0.69979507
836_rwanda-ceo,0.6672363,0.33276367
7177_canada,0.42653105,0.573469
1861_canada,0.30020607,0.69979393
5036_canada,0.30020487,0.6997951
1317_tanzania-ceo,0.6672379,0.33276212
1945_ile-de-france,0.39412412,0.6058759
19323_geowiki-landcover-2017,0.30020502,0.699795
1505_martinique-france,0.51844263,0.48155734
2936_central-asia,0.3002055,0.6997945
6608_geowiki-landcover-2017,0.64751345,0.35248652
13302_geowiki-landcover-2017,0.65209585,0.34790415
15876_geowiki-landcover-2017,0.5478154,0.45218468
4534_ile-de-france,0.30020493,0.699795
1686_germany,0.4275841,0.5724159
1390_martinique-france,0.53136015,0.46863988
95_mali,0.4275798,0.5724202
17086_geowiki-landcover-2017,0.5133836,0.48661637
829_ile-de-france,0.300205,0.699795
6087_ile-de-france,0.39412114,0.6058789
2112_martinique-france,0.65312827,0.3468717
284_kenya,0.63586336,0.3641367
5650_canada,0.30020556,0.6997944
2614_central-asia,0.30020642,0.6997936
15864_geowiki-landcover-2017,0.42758676,0.57241327
2189_central-asia,0.30020523,0.69979477
6698_geowiki-landcover-2017,0.6475194,0.3524806
4580_croplands,0.5311253,0.4688747
28888_geowiki-landcover-2017,0.30020595,0.69979405
21700_geowiki-landcover-2017,0.42758426,0.5724157
2840_central-asia,0.39407653,0.6059235
14973_geowiki-landcover-2017,0.41029304,0.5897069
870_croplands,0.30020505,0.69979495
4857_central-asia,0.39412114,0.6058789
549_lem-brazil,0.73189336,0.26810664
2477_ile-de-france,0.30020505,0.69979495
27421_geowiki-landcover-2017,0.5184558,0.4815442
4961_central-asia,0.30020493,0.69979507
2537_ile-de-france,0.30020502,0.699795
776_central-asia,0.3002054,0.6997946
3342_ile-de-france,0.30020595,0.69979405
475_rwanda-ceo,0.75250804,0.247492
24428_geowiki-landcover-2017,0.30020523,0.69979477
32577_geowiki-landcover-2017,0.30020544,0.69979453
3485_central-asia,0.30020493,0.69979507
29610_geowiki-landcover-2017,0.65214384,0.3478562
1261_geowiki-landcover-2017,0.66722757,0.33277237
12275_geowiki-landcover-2017,0.4275698,0.5724302
31155_geowiki-landcover-2017,0.6672392,0.3327608
11807_geowiki-landcover-2017,0.54781353,0.45218652
7777_canada,0.5184581,0.48154187
19626_geowiki-landcover-2017,0.5528425,0.44715744
30359_geowiki-landcover-2017,0.3002049,0.69979507
2536_kenya-non-crop,0.66723824,0.33276176
1966_germany,0.5311081,0.46889195
721_central-asia,0.39412367,0.60587627
1431_kenya-non-crop,0.75250816,0.24749184
970_togo,0.5528424,0.44715762
34251_geowiki-landcover-2017,0.42758355,0.5724164
536_tanzania-rice-ecaas,0.53522825,0.46477178
36_zimbabwe,0.7524226,0.24757743
3977_ile-de-france,0.39412415,0.60587585
5054_geowiki-landcover-2017,0.5478134,0.45218655
670_rwanda-ceo,0.6672384,0.3327616
994_kenya-non-crop,0.75250787,0.24749213
2249_croplands,0.7524894,0.24751061
2674_reunion-france,0.6358576,0.36414248
17628_geowiki-landcover-2017,0.5311089,0.4688911
2228_central-asia,0.3002053,0.6997947
8436_geowiki-landcover-2017,0.6521435,0.3478565
32198_geowiki-landcover-2017,0.42758378,0.57241625
23501_geowiki-landcover-2017,0.41029048,0.58970946
4292_ile-de-france,0.5311086,0.4688914
165_kenya,0.7525073,0.24749266
1058_croplands,0.42758375,0.57241625
6469_geowiki-landcover-2017,0.53110904,0.468891
421_mali-helmets-labelling-crops,0.30020666,0.69979334
14309_geowiki-landcover-2017,0.42554566,0.57445437
2200_kenya-non-crop,0.65229744,0.3477025
6705_geowiki-landcover-2017,0.5184591,0.4815409
482_canada,0.42758414,0.5724159
1757_tanzania-ceo,0.65214473,0.34785527
4922_geowiki-landcover-2017,0.6358565,0.36414346
26590_geowiki-landcover-2017,0.6475191,0.3524809
3273_central-asia,0.30020487,0.6997951
13766_croplands,0.5352196,0.46478042
552_central-asia,0.3002052,0.69979477
12911_geowiki-landcover-2017,0.7525081,0.24749191
20312_geowiki-landcover-2017,0.4102904,0.5897096
6253_geowiki-landcover-2017,0.4275877,0.57241225
1578_ile-de-france,0.53110874,0.46889123
1222_kenya-non-crop,0.6358572,0.36414278
21820_geowiki-landcover-2017,0.5528376,0.4471624
6299_canada,0.300205,0.699795
6762_croplands,0.5352201,0.46477988
3741_central-asia,0.30020517,0.6997948
188_ethiopia,0.41031715,0.5896829
703_mali-helmets-labelling-crops,0.5311105,0.46888945
35056_geowiki-landcover-2017,0.4102908,0.58970916
7911_canada,0.53110844,0.4688916
1709_geowiki-landcover-2017,0.75247705,0.24752294
4769_canada,0.30020493,0.69979507
2420_germany,0.42758623,0.57241374
10645_geowiki-landcover-2017,0.41029105,0.5897089
9742_geowiki-landcover-2017,0.51338357,0.48661646
1861_tanzania-ceo,0.7525065,0.2474935
660_togo,0.41521516,0.58478487
6375_canada,0.42568505,0.574315
260_geowiki-landcover-2017,0.5528428,0.44715723
141_togo,0.41521692,0.5847831
35514_geowiki-landcover-2017,0.41521618,0.5847838
7434_croplands,0.6358579,0.36414212
18675_geowiki-landcover-2017,0.53548867,0.46451133
31864_geowiki-landcover-2017,0.5478136,0.45218647
6728_croplands,0.53522104,0.46477902
33130_geowiki-landcover-2017,0.3002051,0.6997949
2330_germany,0.4275838,0.5724162
634_togo,0.5528358,0.4471642
17126_geowiki-landcover-2017,0.4275844,0.5724156
2600_rwanda-ceo,0.7525073,0.24749267
552_togo,0.55256826,0.44743174
1360_geowiki-landcover-2017,0.7525079,0.24749205
26594_geowiki-landcover-2017,0.51338446,0.4866155
56_ethiopia,0.41030145,0.58969855
90_tanzania-rice-ecaas,0.53522414,0.4647758
5302_canada,0.30020505,0.6997949
4277_canada,0.300205,0.699795
840_mali-helmets-labelling-crops,0.42711312,0.5728868
7250_canada,0.5478104,0.45218968
22766_geowiki-landcover-2017,0.6672323,0.33276772
3339_geowiki-landcover-2017,0.42758405,0.57241595
743_togo,0.65214336,0.34785664
1145_germany,0.53110915,0.46889088
619_togo,0.5528208,0.44717917
1832_kenya-non-crop,0.75250816,0.24749187
6359_canada,0.4275891,0.5724109
2275_reunion-france,0.7525065,0.24749358
397_croplands,0.3002049,0.69979507
1418_kenya-non-crop,0.66723835,0.33276168
29151_geowiki-landcover-2017,0.42758378,0.5724162
3115_canada,0.42758274,0.57241726
189_canada,0.3002056,0.6997944
5700_ile-de-france,0.3002051,0.6997949
315_kenya-non-crop,0.6672294,0.33277062
1958_central-asia,0.300205,0.699795
1696_central-asia,0.42758352,0.5724165
8422_geowiki-landcover-2017,0.54779077,0.4522092
30033_geowiki-landcover-2017,0.4102904,0.58970964
14280_geowiki-landcover-2017,0.5528428,0.44715723
4772_ile-de-france,0.30020502,0.699795
10658_croplands,0.5353149,0.46468508
2042_rwanda-ceo,0.6358561,0.36414385
11894_geowiki-landcover-2017,0.5352214,0.46477863
1166_geowiki-landcover-2017,0.6672382,0.3327618
3684_central-asia,0.3002049,0.69979507
17685_geowiki-landcover-2017,0.4152163,0.5847837
1736_tanzania-ceo,0.73797333,0.2620266
33253_geowiki-landcover-2017,0.30020496,0.699795
5856_canada,0.30020532,0.69979465
26529_geowiki-landcover-2017,0.42758402,0.57241595
686_kenya-non-crop,0.7525074,0.24749263
4421_central-asia,0.30020535,0.69979465
24349_geowiki-landcover-2017,0.5311091,0.46889094
1613_kenya-non-crop,0.66723835,0.33276168
419_martinique-france,0.6521211,0.3478789
109_togo,0.4152157,0.5847843
3118_rwanda-ceo,0.7525058,0.24749416
5940_geowiki-landcover-2017,0.5528423,0.44715774
520_ile-de-france,0.5311089,0.46889114
1654_rwanda-ceo,0.7525079,0.24749205
1926_reunion-france,0.7525069,0.24749306
1420_kenya-non-crop,0.7525076,0.2474924
20479_geowiki-landcover-2017,0.5133867,0.48661324
4106_ile-de-france,0.3002051,0.6997949
4768_ile-de-france,0.30020502,0.69979495
4022_canada,0.4275835,0.5724165
2044_germany,0.30020493,0.699795
796_canada,0.4275711,0.57242894
1816_canada,0.42322764,0.5767724
91_ile-de-france,0.3941226,0.6058774
11075_geowiki-landcover-2017,0.6473934,0.35260653
7671_canada,0.42758378,0.5724162
3635_geowiki-landcover-2017,0.5134072,0.48659283
13309_geowiki-landcover-2017,0.6475198,0.3524802
809_reunion-france,0.75250614,0.24749386
5246_ile-de-france,0.30020505,0.69979495
3126_rwanda-ceo,0.6475193,0.3524807
30885_geowiki-landcover-2017,0.42758363,0.57241637
2109_tanzania-ceo,0.4152279,0.5847721
21183_geowiki-landcover-2017,0.42758417,0.5724158
12862_croplands,0.53109926,0.46890068
6529_croplands,0.6349986,0.36500138
2434_rwanda-ceo,0.63585734,0.3641427
7458_canada,0.30020586,0.6997941
23882_geowiki-landcover-2017,0.5352203,0.46477968
30071_geowiki-landcover-2017,0.66723824,0.33276176
5070_central-asia,0.42758265,0.5724174
4634_central-asia,0.30020505,0.69979495
9452_croplands,0.41521648,0.58478355
1081_martinique-france,0.6475207,0.35247925
8849_croplands,0.6672174,0.3327826
2086_central-asia,0.3002051,0.6997949
279_canada,0.53110904,0.46889096
11626_geowiki-landcover-2017,0.6521445,0.34785548
19419_geowiki-landcover-2017,0.64751905,0.35248092
2218_martinique-france,0.7524889,0.24751104
18242_geowiki-landcover-2017,0.41521645,0.58478355
3440_rwanda-ceo,0.6475384,0.35246155
33013_geowiki-landcover-2017,0.7525076,0.24749236
177_ile-de-france,0.300205,0.699795
259_sudan,0.39413118,0.6058688
1952_martinique-france,0.652122,0.34787804
485_germany,0.5311085,0.46889147
258_reunion-france,0.7525027,0.24749726
3585_rwanda-ceo,0.63585705,0.36414298
746_togo,0.6521408,0.3478592
2221_canada,0.30020562,0.69979435
19236_geowiki-landcover-2017,0.30020523,0.69979477
2780_rwanda-ceo,0.7525078,0.24749218
5375_geowiki-landcover-2017,0.30021706,0.69978297
121_tanzania,0.5352202,0.46477976
654_canada,0.4275843,0.5724157
21811_geowiki-landcover-2017,0.6476224,0.35237753
5016_central-asia,0.3002049,0.6997951
22391_geowiki-landcover-2017,0.547814,0.45218596
5137_central-asia,0.30020493,0.69979507
147_mali-helmets-labelling-crops,0.5311096,0.46889043
6404_canada,0.4275834,0.5724166
24327_geowiki-landcover-2017,0.42758378,0.57241625
644_canada,0.42758402,0.57241595
1689_central-asia,0.53109515,0.46890485
365_togo,0.4152159,0.5847841
22843_geowiki-landcover-2017,0.6358559,0.3641441
10589_croplands,0.53522015,0.46477982
394_croplands,0.547814,0.452186
44_uganda,0.5477001,0.45229992
11788_geowiki-landcover-2017,0.6521433,0.34785673
2325_germany,0.5311089,0.46889114
2207_germany,0.53110904,0.468891
711_ile-de-france,0.3941256,0.60587436
33504_geowiki-landcover-2017,0.39409393,0.60590607
4032_canada,0.42758414,0.5724159
14052_croplands,0.5352639,0.46473607
13042_geowiki-landcover-2017,0.5478141,0.45218596
4946_central-asia,0.30020487,0.6997951
996_ile-de-france,0.5311093,0.46889067
698_kenya-non-crop,0.75250757,0.2474924
1438_rwanda-ceo,0.6364055,0.3635945
25694_geowiki-landcover-2017,0.6475196,0.3524804
1293_ile-de-france,0.30020493,0.699795
4023_central-asia,0.30020556,0.6997944
817_ethiopia,0.547814,0.45218596
6973_canada,0.5311022,0.46889782
786_reunion-france,0.63585746,0.36414257
39_croplands,0.5478141,0.45218596
13282_geowiki-landcover-2017,0.7525006,0.24749938
1209_martinique-france,0.5520287,0.44797128
6326_canada,0.30020493,0.699795
32092_geowiki-landcover-2017,0.5310662,0.46893382
1549_canada,0.30020523,0.69979477
27372_geowiki-landcover-2017,0.6521398,0.34786028
10861_geowiki-landcover-2017,0.552843,0.447157
1429_croplands,0.6475187,0.3524813
4069_central-asia,0.39412403,0.6058759
33209_geowiki-landcover-2017,0.5478126,0.4521874
231_lem-brazil,0.6672381,0.3327619
4793_ile-de-france,0.30020502,0.699795
12059_geowiki-landcover-2017,0.41030955,0.58969045
778_tanzania-rice-ecaas,0.6358348,0.3641652
7248_canada,0.64746994,0.3525301
499_reunion-france,0.63585705,0.36414292
3466_rwanda-ceo,0.75250787,0.24749213
131_ile-de-france,0.30020514,0.6997949
78_reunion-france,0.6358484,0.3641516
5185_central-asia,0.3002049,0.6997951
9470_croplands,0.5528898,0.44711018
8855_croplands,0.4152164,0.58478355
395_rwanda-ceo,0.6358602,0.3641398
2475_kenya-non-crop,0.64874786,0.35125217
3651_croplands,0.7525076,0.2474924
3454_rwanda-ceo,0.752506,0.247494
3330_geowiki-landcover-2017,0.5311082,0.46889174
20923_geowiki-landcover-2017,0.6521419,0.34785807
88_germany,0.30020502,0.69979495
1537_central-asia,0.30020523,0.69979477
8_ile-de-france,0.39412418,0.60587585
28726_geowiki-landcover-2017,0.5184593,0.48154068
11058_croplands,0.53522027,0.4647797
12634_croplands,0.5184594,0.48154068
33451_geowiki-landcover-2017,0.41029057,0.58970946
642_ethiopia,0.64751804,0.35248196
18361_geowiki-landcover-2017,0.75250787,0.24749213
1785_germany,0.53110266,0.46889734
2681_canada,0.30020493,0.699795
10305_geowiki-landcover-2017,0.5352225,0.4647775
27664_geowiki-landcover-2017,0.41029036,0.58970964
25617_geowiki-landcover-2017,0.54781395,0.45218605
14095_croplands,0.5352212,0.4647788
23595_geowiki-landcover-2017,0.3002174,0.6997826
24652_geowiki-landcover-2017,0.5478139,0.45218614
348_lem-brazil,0.6672375,0.33276248
9010_croplands,0.51845324,0.48154676
26411_geowiki-landcover-2017,0.54780895,0.4521911
565_canada,0.3002231,0.69977695
3062_rwanda-ceo,0.75250775,0.24749227
7930_canada,0.3002052,0.69979477
240_croplands,0.30020514,0.6997949
30741_geowiki-landcover-2017,0.3002053,0.6997947
118_sudan,0.30021766,0.6997823
4957_canada,0.3002053,0.6997947
1391_croplands,0.42758355,0.5724164
23535_geowiki-landcover-2017,0.42758363,0.57241637
339_kenya-non-crop,0.63585573,0.36414427
6093_geowiki-landcover-2017,0.39412555,0.6058744
2820_ile-de-france,0.39412367,0.6058764
711_rwanda-ceo,0.75250715,0.2474929
8041_geowiki-landcover-2017,0.6521589,0.34784108
9982_croplands,0.5352233,0.46477675
366_ethiopia,0.6891326,0.3108674
514_canada,0.42745447,0.5725456
20226_geowiki-landcover-2017,0.5311083,0.46889168
1885_reunion-france,0.635857,0.36414307
1374_martinique-france,0.6520922,0.34790775
4191_geowiki-landcover-2017,0.42758417,0.57241577
32762_geowiki-landcover-2017,0.42757988,0.5724201
3582_central-asia,0.3002051,0.6997949
1607_martinique-france,0.6521281,0.34787196
32320_geowiki-landcover-2017,0.30020493,0.699795
4787_ile-de-france,0.30020502,0.699795
1042_kenya-non-crop,0.7525078,0.24749218
452_germany,0.42758393,0.572416
4029_canada,0.4275838,0.5724162
9439_geowiki-landcover-2017,0.6358578,0.36414215
27367_geowiki-landcover-2017,0.5478136,0.45218638
50_sudan,0.42758694,0.572413
1953_central-asia,0.30020496,0.699795
2340_kenya-non-crop,0.66723853,0.33276144
24220_geowiki-landcover-2017,0.75250703,0.24749304
5392_canada,0.5311083,0.46889168
1827_kenya-non-crop,0.7525075,0.24749249
121_kenya,0.75250715,0.24749285
1423_rwanda-ceo,0.75250477,0.24749519
19787_geowiki-landcover-2017,0.4161088,0.5838912
1722_rwanda-ceo,0.5352355,0.46476445
1687_geowiki-landcover-2017,0.6521449,0.34785512
1396_germany,0.30021122,0.69978875
5735_ile-de-france,0.300205,0.699795
1379_croplands,0.30020505,0.69979495
13815_croplands,0.63585687,0.36414307
1380_martinique-france,0.5176359,0.48236412
2041_geowiki-landcover-2017,0.6521363,0.34786373
27055_geowiki-landcover-2017,0.5311485,0.4688515
2243_martinique-france,0.53111255,0.46888745
18753_geowiki-landcover-2017,0.5478139,0.45218617
7843_canada,0.531109,0.468891
1425_germany,0.5311092,0.46889076
21287_geowiki-landcover-2017,0.30020484,0.6997952
25298_geowiki-landcover-2017,0.5311092,0.46889073
88_togo,0.5527454,0.44725463
726_croplands,0.30021,0.69979
26368_geowiki-landcover-2017,0.5310929,0.46890715
2106_croplands,0.4151934,0.5848066
32792_geowiki-landcover-2017,0.30020556,0.6997944
32023_geowiki-landcover-2017,0.484932,0.51506805
1153_germany,0.30021384,0.6997861
2052_rwanda-ceo,0.53521,0.46478993
1525_canada,0.4275783,0.5724217
5407_ile-de-france,0.300205,0.699795
1847_tanzania-ceo,0.75250787,0.24749209
2918_ile-de-france,0.3941277,0.60587233
709_germany,0.30020547,0.69979453
4731_central-asia,0.3002049,0.69979507
21346_geowiki-landcover-2017,0.41029263,0.5897073
8396_geowiki-landcover-2017,0.6475197,0.3524803
10913_geowiki-landcover-2017,0.6521437,0.34785634
154_germany,0.53110886,0.46889117
4582_canada,0.3002049,0.69979507
28119_geowiki-landcover-2017,0.42758393,0.57241607
9430_croplands,0.518459,0.48154095
5143_central-asia,0.3002049,0.6997951
1003_mali-helmets-labelling-crops,0.3002051,0.6997949
20229_geowiki-landcover-2017,0.5478141,0.4521859
1989_reunion-france,0.75250566,0.2474943
1006_mali-helmets-labelling-crops,0.30020493,0.699795
5337_canada,0.5311071,0.46889284
5364_ile-de-france,0.300205,0.699795
14511_geowiki-landcover-2017,0.42758396,0.572416
3361_canada,0.4102781,0.58972186
1618_tanzania-ceo,0.7525071,0.24749292
1597_kenya-non-crop,0.5352207,0.46477932
1723_germany,0.300205,0.699795
1461_germany,0.5311091,0.46889094
564_croplands,0.30020523,0.69979477
35204_geowiki-landcover-2017,0.4223696,0.5776304
1333_kenya-non-crop,0.6521423,0.3478577
4381_croplands,0.3022417,0.6977583
3289_canada,0.5478152,0.4521848
4139_croplands,0.5184594,0.48154062
10694_croplands,0.63585687,0.36414313
87_mali-non-crop,0.30020678,0.6997932
647_canada,0.30020514,0.6997949
494_germany,0.5311103,0.4688897
25432_geowiki-landcover-2017,0.30020517,0.69979477
1900_reunion-france,0.75250787,0.24749213
3103_ile-de-france,0.300205,0.699795
3812_geowiki-landcover-2017,0.5133831,0.48661694
657_tanzania-rice-ecaas,0.7525075,0.24749249
21528_geowiki-landcover-2017,0.3002062,0.69979376
2320_tanzania-ceo,0.5352202,0.4647798
2320_geowiki-landcover-2017,0.42758507,0.57241493
1638_geowiki-landcover-2017,0.7523547,0.24764532
418_germany,0.5311089,0.46889105
2183_canada,0.3002058,0.6997942
2036_ile-de-france,0.39412418,0.60587585
12595_croplands,0.51845914,0.4815409
11614_geowiki-landcover-2017,0.55284667,0.44715333
13_mali-helmets-labelling-crops,0.42758387,0.5724161
3442_ile-de-france,0.3002057,0.6997943
246_kenya,0.5352323,0.4647677
6787_croplands,0.5352202,0.4647798
9253_geowiki-landcover-2017,0.75250727,0.24749276
790_reunion-france,0.7525075,0.24749249
13274_geowiki-landcover-2017,0.75250816,0.24749187
28524_geowiki-landcover-2017,0.6521438,0.34785625
31800_geowiki-landcover-2017,0.42758355,0.5724164
10089_geowiki-landcover-2017,0.65214324,0.34785676
1064_central-asia,0.30020493,0.69979507
34025_geowiki-landcover-2017,0.42758566,0.57241434
2510_kenya-non-crop,0.6672386,0.33276147
26940_geowiki-landcover-2017,0.42758346,0.57241654
15986_geowiki-landcover-2017,0.5478134,0.45218652
11166_geowiki-landcover-2017,0.7525078,0.24749218
32861_geowiki-landcover-2017,0.300205,0.699795
451_tanzania-rice-ecaas,0.75250113,0.24749888
19199_geowiki-landcover-2017,0.4102905,0.58970946
5484_canada,0.30020493,0.69979507
6142_canada,0.5311082,0.46889174
2096_geowiki-landcover-2017,0.6521398,0.34786022
92_reunion-france,0.75250787,0.24749213
3334_ile-de-france,0.30020523,0.69979477
1698_tanzania-ceo,0.7525072,0.2474928
2116_croplands,0.42748237,0.5725177
15992_geowiki-landcover-2017,0.64751995,0.35248008
28537_geowiki-landcover-2017,0.6519824,0.34801757
211_ethiopia,0.4102644,0.5897356
4652_ile-de-france,0.53110856,0.46889144
327_tanzania,0.7525079,0.247492
15646_geowiki-landcover-2017,0.547814,0.452186
3577_geowiki-landcover-2017,0.6521419,0.34785807
32497_geowiki-landcover-2017,0.30020502,0.699795
23302_geowiki-landcover-2017,0.54781425,0.45218578
1166_martinique-france,0.65139663,0.34860334
1416_tanzania-ceo,0.5352446,0.4647554
7368_croplands,0.6358503,0.3641497
898_mali-helmets-labelling-crops,0.3002051,0.6997949
3923_canada,0.531108,0.468892
1364_martinique-france,0.3946354,0.6053646
287_germany,0.30020505,0.69979495
14578_geowiki-landcover-2017,0.51338387,0.48661616
9521_croplands,0.63584405,0.36415595
2065_kenya-non-crop,0.652144,0.347856
109_ethiopia,0.4102959,0.5897041
29756_geowiki-landcover-2017,0.3002051,0.6997949
731_geowiki-landcover-2017,0.75250757,0.24749245
2450_rwanda-ceo,0.7525075,0.24749252
1541_kenya-non-crop,0.5528429,0.4471571
1114_mali-helmets-labelling-crops,0.30022416,0.6997758
3582_ile-de-france,0.39412358,0.60587645
660_tanzania-ceo,0.75250787,0.24749209
2654_rwanda-ceo,0.7525081,0.24749191
6184_geowiki-landcover-2017,0.55284274,0.44715726
3359_canada,0.41027936,0.5897206
27382_geowiki-landcover-2017,0.42758417,0.57241577
254_reunion-france,0.6521424,0.34785756
1248_togo,0.4275873,0.57241267
772_ile-de-france,0.39412227,0.60587776
212_kenya-non-crop,0.7525075,0.24749249
734_kenya-non-crop,0.7525074,0.24749257
5128_canada,0.30020493,0.699795
2447_central-asia,0.30023265,0.69976735
26472_geowiki-landcover-2017,0.53110874,0.46889123
6851_canada,0.518462,0.481538
140_germany,0.30020496,0.699795
1403_central-asia,0.30020502,0.69979495
3565_rwanda-ceo,0.7525076,0.2474924
10045_croplands,0.53522384,0.46477613
950_kenya-non-crop,0.75250775,0.24749225
278_ile-de-france,0.5311086,0.46889135
1557_canada,0.4275793,0.57242066
1611_central-asia,0.42758238,0.5724176
4262_canada,0.41521558,0.58478445
645_mali-helmets-labelling-crops,0.30020532,0.69979465
7431_geowiki-landcover-2017,0.30020493,0.69979507
1458_martinique-france,0.4275913,0.57240874
2843_canada,0.5478138,0.4521862
4065_geowiki-landcover-2017,0.6475159,0.3524841
1390_rwanda-ceo,0.63585734,0.3641427
10406_geowiki-landcover-2017,0.5311085,0.46889153
1934_central-asia,0.30020493,0.699795
439_ile-de-france,0.30020505,0.69979495
14049_geowiki-landcover-2017,0.55284244,0.4471575
5160_central-asia,0.39412087,0.60587907
183_central-asia,0.30020574,0.6997943
19982_geowiki-landcover-2017,0.300205,0.699795
2880_rwanda-ceo,0.7525081,0.2474919
358_lem-brazil,0.75250673,0.24749324
4414_central-asia,0.42758074,0.5724192
5858_canada,0.30020493,0.69979507
3698_ile-de-france,0.39412403,0.6058759
3927_geowiki-landcover-2017,0.64751935,0.35248068
3190_rwanda-ceo,0.6358573,0.36414275
9419_croplands,0.41521752,0.5847825
317_lem-brazil,0.7525061,0.24749391
3704_geowiki-landcover-2017,0.5311118,0.46888822
577_martinique-france,0.6522054,0.3477946
3074_canada,0.5311091,0.46889088
13734_geowiki-landcover-2017,0.5478139,0.45218617
17265_geowiki-landcover-2017,0.513384,0.486616
19541_geowiki-landcover-2017,0.65213996,0.34786007
1347_reunion-france,0.5185364,0.48146358
201_martinique-france,0.394367,0.60563296
23450_geowiki-landcover-2017,0.3002049,0.69979507
2697_ile-de-france,0.531109,0.46889105
1274_kenya-non-crop,0.75250804,0.24749196
744_kenya-non-crop,0.7525075,0.24749249
1913_reunion-france,0.6358623,0.36413768
754_lem-brazil,0.7525072,0.2474928
14702_croplands,0.5528428,0.44715723
12019_geowiki-landcover-2017,0.64751947,0.35248056
947_kenya-non-crop,0.66723806,0.33276194
23337_geowiki-landcover-2017,0.64751995,0.35248008
6559_canada,0.42758346,0.57241654
808_ethiopia,0.6521436,0.3478564
5367_ile-de-france,0.30020505,0.69979495
914_mali-helmets-labelling-crops,0.30020505,0.6997949
17575_geowiki-landcover-2017,0.3002059,0.69979405
19248_geowiki-landcover-2017,0.5133838,0.48661622
1814_kenya-non-crop,0.75250804,0.24749196
3457_canada,0.5311356,0.4688644
29965_geowiki-landcover-2017,0.6521384,0.34786153
2413_central-asia,0.5311092,0.4688908
536_mali-helmets-labelling-crops,0.53111,0.46889
33039_geowiki-landcover-2017,0.6672367,0.33276328
7941_geowiki-landcover-2017,0.5313364,0.4686636
1743_geowiki-landcover-2017,0.51845956,0.4815404
1328_kenya-non-crop,0.5528427,0.4471573
2677_kenya-non-crop,0.66723794,0.3327621
2181_martinique-france,0.652122,0.34787798
3938_canada,0.30020493,0.699795
4545_ile-de-france,0.30020493,0.699795
2615_kenya-non-crop,0.7525046,0.2474954
217_germany,0.30020493,0.699795
3191_rwanda-ceo,0.75250804,0.247492
9164_geowiki-landcover-2017,0.5133839,0.48661605
3591_central-asia,0.30020493,0.699795
3107_croplands,0.5357934,0.46420658
107_mali,0.300205,0.699795
6401_canada,0.42758325,0.5724168
1644_germany,0.42758566,0.57241434
306_tanzania,0.5352204,0.4647796
1052_togo,0.42758808,0.5724119
2824_geowiki-landcover-2017,0.30020496,0.699795
1999_geowiki-landcover-2017,0.7525012,0.24749884
4653_ile-de-france,0.39412418,0.60587585
22362_geowiki-landcover-2017,0.54780793,0.45219204
1398_rwanda-ceo,0.66723794,0.33276206
197_martinique-france,0.3943654,0.60563457
391_central-asia,0.30020544,0.69979453
22925_geowiki-landcover-2017,0.42758387,0.5724161
106_reunion-france,0.7525026,0.24749738
11257_geowiki-landcover-2017,0.6358562,0.36414385
9360_croplands,0.41521636,0.5847837
33698_geowiki-landcover-2017,0.42758417,0.5724158
882_central-asia,0.30021548,0.6997845
8781_geowiki-landcover-2017,0.6475198,0.35248014
1106_geowiki-landcover-2017,0.6672387,0.33276132
5579_ile-de-france,0.3941277,0.6058723
13489_croplands,0.41521648,0.5847835
224_mali-helmets-labelling-crops,0.30020684,0.69979316
26614_geowiki-landcover-2017,0.4275841,0.5724159
3962_geowiki-landcover-2017,0.5478137,0.4521863
2580_canada,0.4275786,0.57242143
11204_geowiki-landcover-2017,0.55284214,0.4471579
2_croplands,0.64751977,0.3524802
992_togo,0.65214294,0.34785706
35_mali,0.30020523,0.69979477
3676_ile-de-france,0.4274491,0.5725509
1428_rwanda-ceo,0.7525061,0.24749391
35291_geowiki-landcover-2017,0.42758405,0.57241595
2635_ile-de-france,0.30027902,0.699721
52_reunion-france,0.75250804,0.247492
34720_geowiki-landcover-2017,0.30020505,0.69979495
10188_geowiki-landcover-2017,0.6672379,0.33276215
1671_ile-de-france,0.30020505,0.69979495
178_sudan,0.5184499,0.48155004
15478_geowiki-landcover-2017,0.42758387,0.5724161
26502_geowiki-landcover-2017,0.41029063,0.5897094
10289_geowiki-landcover-2017,0.6521421,0.34785792
2684_ile-de-france,0.3941239,0.6058761
5492_geowiki-landcover-2017,0.41029057,0.58970946
906_mali-helmets-labelling-crops,0.30020502,0.69979495
30821_geowiki-landcover-2017,0.3002048,0.6997951
1446_mali-helmets-labelling-crops,0.30020523,0.69979477
2423_geowiki-landcover-2017,0.652119,0.34788108
130_rwanda-ceo,0.75248337,0.24751663
379_ile-de-france,0.53110874,0.4688912
1633_kenya-non-crop,0.7525068,0.24749322
1496_canada,0.5311085,0.46889147
1016_central-asia,0.39412412,0.6058759
488_togo,0.41519666,0.5848033
1698_rwanda-ceo,0.5352652,0.46473476
525_ile-de-france,0.53110933,0.46889067
4899_central-asia,0.30020493,0.699795
14969_croplands,0.42758706,0.5724129
5158_central-asia,0.3002055,0.6997945
4130_croplands,0.5184591,0.48154095
1455_tanzania-ceo,0.552843,0.44715703
7421_geowiki-landcover-2017,0.6521432,0.34785676
3673_geowiki-landcover-2017,0.41521844,0.5847816
33506_geowiki-landcover-2017,0.42758402,0.572416
3700_geowiki-landcover-2017,0.30022347,0.69977653
2795_rwanda-ceo,0.6358602,0.3641398
5754_canada,0.30020493,0.699795
8661_geowiki-landcover-2017,0.5311092,0.4688908
120_mali-non-crop,0.30020577,0.6997942
33618_geowiki-landcover-2017,0.30020493,0.69979507
4206_ile-de-france,0.39412415,0.60587585
2583_geowiki-landcover-2017,0.6521484,0.34785157
2841_central-asia,0.39412427,0.60587573
242_ethiopia,0.30022097,0.69977903
19468_geowiki-landcover-2017,0.6521423,0.3478577
1346_reunion-france,0.7525074,0.24749263
33565_geowiki-landcover-2017,0.41029072,0.5897093
92_sudan,0.4277488,0.5722512
6430_canada,0.42758012,0.5724198
21803_geowiki-landcover-2017,0.5528423,0.44715765
18410_geowiki-landcover-2017,0.6672363,0.33276367
10003_geowiki-landcover-2017,0.54781365,0.45218635
563_kenya-non-crop,0.7525075,0.24749249
12896_geowiki-landcover-2017,0.75250393,0.24749605
15838_geowiki-landcover-2017,0.3002069,0.69979316
1754_geowiki-landcover-2017,0.5528433,0.4471567
29073_geowiki-landcover-2017,0.42758378,0.57241625
6879_geowiki-landcover-2017,0.51338255,0.48661745
4643_central-asia,0.30020517,0.6997948
14824_geowiki-landcover-2017,0.41521603,0.584784
4891_central-asia,0.30020496,0.699795
4407_croplands,0.4275776,0.5724223
6950_canada,0.42758378,0.57241625
31061_geowiki-landcover-2017,0.54781336,0.4521866
386_tanzania,0.7525069,0.24749306
9467_geowiki-landcover-2017,0.64751995,0.35248008
1801_canada,0.30020505,0.69979495
585_lem-brazil,0.75250757,0.24749245
752_kenya-non-crop,0.75250757,0.24749245
3061_canada,0.42758417,0.5724159
10801_geowiki-landcover-2017,0.54781485,0.45218512
625_ethiopia,0.64751714,0.35248286
2438_geowiki-landcover-2017,0.75250787,0.24749209
275_lem-brazil,0.6672382,0.33276185
657_reunion-france,0.7525072,0.2474928
3629_ile-de-france,0.30020514,0.6997949
1082_togo,0.5352117,0.46478835
25574_geowiki-landcover-2017,0.54781413,0.45218584
1362_reunion-france,0.7524819,0.24751806
21718_geowiki-landcover-2017,0.30020586,0.6997942
1853_ile-de-france,0.30020496,0.699795
1798_reunion-france,0.6397509,0.36024907
4468_ile-de-france,0.30020657,0.69979346
459_kenya-non-crop,0.6672381,0.3327619
3273_geowiki-landcover-2017,0.41029027,0.58970976
4325_geowiki-landcover-2017,0.531107,0.46889296
2267_kenya-non-crop,0.66720456,0.33279544
8998_croplands,0.5184927,0.4815073
7672_geowiki-landcover-2017,0.39412418,0.60587585
314_lem-brazil,0.63585806,0.364142
32580_geowiki-landcover-2017,0.41029048,0.5897096
367_rwanda-ceo,0.70095116,0.29904884
26274_geowiki-landcover-2017,0.75250727,0.2474927
527_tanzania-ceo,0.65214384,0.3478562
574_canada,0.3002092,0.69979084
34507_geowiki-landcover-2017,0.7525069,0.24749306
4020_canada,0.5311078,0.46889222
34765_geowiki-landcover-2017,0.5478137,0.45218632
2234_ile-de-france,0.39412472,0.60587525
22529_geowiki-landcover-2017,0.5528423,0.44715768
4786_central-asia,0.3002049,0.6997951
7241_canada,0.30020875,0.69979125
2022_germany,0.42758316,0.5724169
1231_reunion-france,0.75250727,0.2474927
1433_central-asia,0.30020502,0.699795
26862_geowiki-landcover-2017,0.54781306,0.4521869
2517_rwanda-ceo,0.54781616,0.4521838
1463_kenya-non-crop,0.75250804,0.24749196
4994_ile-de-france,0.30020502,0.699795
657_tanzania-ceo,0.75250715,0.24749288
35401_geowiki-landcover-2017,0.5528425,0.4471575
4917_ile-de-france,0.30020502,0.699795
1331_germany,0.5310736,0.46892643
4619_croplands,0.5478251,0.45217487
3559_ile-de-france,0.30022463,0.69977534
7690_geowiki-landcover-2017,0.42758986,0.57241017
1399_croplands,0.5133839,0.48661605
322_geowiki-landcover-2017,0.75246054,0.24753939
2561_canada,0.42758334,0.57241666
5483_geowiki-landcover-2017,0.6521428,0.34785724
7785_geowiki-landcover-2017,0.6475198,0.3524802
5714_canada,0.4152199,0.58478004
28925_geowiki-landcover-2017,0.3002056,0.6997944
316_mali-helmets-labelling-crops,0.42754328,0.5724567
2294_kenya-non-crop,0.6524358,0.34756428
3874_central-asia,0.30020607,0.69979393
1844_kenya-non-crop,0.75250804,0.24749196
25295_geowiki-landcover-2017,0.4275837,0.57241637
5593_geowiki-landcover-2017,0.51845914,0.4815408
1707_germany,0.5311091,0.46889094
1651_rwanda-ceo,0.6358658,0.3641342
67_germany,0.30020493,0.699795
1097_kenya-non-crop,0.75250703,0.24749297
613_geowiki-landcover-2017,0.6672386,0.3327614
2653_kenya-non-crop,0.6672477,0.33275232
183_kenya,0.7524965,0.2475035
8915_geowiki-landcover-2017,0.6475204,0.35247955
1646_geowiki-landcover-2017,0.6672387,0.3327613
427_canada,0.42758238,0.5724177
3603_central-asia,0.30020493,0.699795
4083_ile-de-france,0.5310903,0.46890968
1551_geowiki-landcover-2017,0.75250816,0.24749187
23255_geowiki-landcover-2017,0.53110904,0.46889094
30786_geowiki-landcover-2017,0.5311089,0.46889114
109_rwanda-ceo,0.53533477,0.46466523
2230_croplands,0.63585657,0.36414337
3178_ile-de-france,0.42758015,0.5724198
22136_geowiki-landcover-2017,0.410625,0.58937496
4332_central-asia,0.30020994,0.69979006
24824_geowiki-landcover-2017,0.64751965,0.35248035
23749_geowiki-landcover-2017,0.5311176,0.46888238
2305_reunion-france,0.63585705,0.36414292
20_uganda,0.5478144,0.45218557
1246_tanzania-ceo,0.53522056,0.4647794
860_croplands,0.53110945,0.46889058
14498_geowiki-landcover-2017,0.5133813,0.4866187
2686_central-asia,0.30020523,0.69979477
24964_geowiki-landcover-2017,0.51845825,0.48154178
433_martinique-france,0.75189406,0.24810599
3209_ile-de-france,0.42759064,0.5724094
5642_canada,0.30020505,0.69979495
3875_geowiki-landcover-2017,0.6475189,0.35248116
153_ethiopia,0.41029164,0.5897084
937_martinique-france,0.5883988,0.41160113
2957_ile-de-france,0.30020502,0.699795
3310_central-asia,0.3002049,0.6997951
1492_central-asia,0.39412397,0.605876
2791_rwanda-ceo,0.7525077,0.24749231
24885_geowiki-landcover-2017,0.6475165,0.3524835
16301_geowiki-landcover-2017,0.5528411,0.4471588
16108_geowiki-landcover-2017,0.4275835,0.5724165
25708_geowiki-landcover-2017,0.64748895,0.35251108
72_tanzania,0.7525079,0.247492
2588_kenya-non-crop,0.64752,0.35248
880_canada,0.3002049,0.6997951
462_mali-helmets-labelling-crops,0.39412397,0.605876
27645_geowiki-landcover-2017,0.42756033,0.5724397
2247_germany,0.53110904,0.468891
12534_croplands,0.5184588,0.48154125
1115_germany,0.42758396,0.572416
3120_rwanda-ceo,0.63585734,0.3641427
4401_ile-de-france,0.30020505,0.69979495
6740_canada,0.5311095,0.46889052
1468_tanzania-ceo,0.635857,0.36414307
604_tanzania-rice-ecaas,0.5352213,0.46477866
1801_martinique-france,0.6521207,0.34787926
4998_central-asia,0.30020493,0.699795
3451_rwanda-ceo,0.6672378,0.33276218
19543_geowiki-landcover-2017,0.53111464,0.46888542
3909_canada,0.3002074,0.6997926
26019_geowiki-landcover-2017,0.5528461,0.44715393
10567_geowiki-landcover-2017,0.6475161,0.3524839
4649_croplands,0.30022794,0.699772
13569_geowiki-landcover-2017,0.51343596,0.486564
1124_mali-helmets-labelling-crops,0.30020514,0.6997948
784_tanzania-ceo,0.7525079,0.24749205
17871_geowiki-landcover-2017,0.30020523,0.69979477
8601_geowiki-landcover-2017,0.5352202,0.4647798
33085_geowiki-landcover-2017,0.39412358,0.60587645
17721_geowiki-landcover-2017,0.42758682,0.57241315
4779_geowiki-landcover-2017,0.53521943,0.46478057
635_canada,0.5311085,0.4688915
5804_croplands,0.6358448,0.36415517
1485_reunion-france,0.6521442,0.34785575
1058_rwanda-ceo,0.7325092,0.2674908
212_kenya,0.7525072,0.2474928
10325_geowiki-landcover-2017,0.6672384,0.33276162
1689_tanzania-ceo,0.75250816,0.24749182
679_tanzania-rice-ecaas,0.75250715,0.2474928
895_mali-helmets-labelling-crops,0.30020523,0.69979477
11945_geowiki-landcover-2017,0.6672383,0.3327617
2413_geowiki-landcover-2017,0.65025073,0.3497492
2526_reunion-france,0.51845914,0.48154086
7445_canada,0.53110904,0.46889094
6506_croplands,0.6358563,0.3641437
29675_geowiki-landcover-2017,0.3941246,0.60587543
22_geowiki-landcover-2017,0.652117,0.34788293
10213_geowiki-landcover-2017,0.5352202,0.4647798
1552_ile-de-france,0.39412406,0.6058759
32401_geowiki-landcover-2017,0.42758578,0.5724142
119_ile-de-france,0.30020502,0.699795
1639_ile-de-france,0.30020496,0.699795
7082_geowiki-landcover-2017,0.30020538,0.6997946
1276_tanzania-ceo,0.65214384,0.34785616
1915_martinique-france,0.39412704,0.605873
2692_central-asia,0.30020547,0.69979453
476_reunion-france,0.75249976,0.24750021
659_ethiopia,0.41029102,0.589709
16140_geowiki-landcover-2017,0.5133955,0.48660454
3217_geowiki-landcover-2017,0.42758447,0.57241553
2997_rwanda-ceo,0.63585705,0.3641429
29114_geowiki-landcover-2017,0.30020493,0.699795
1630_ile-de-france,0.30020523,0.69979477
1443_martinique-france,0.6514015,0.34859848
35298_geowiki-landcover-2017,0.6475132,0.3524868
1440_martinique-france,0.65212613,0.3478739
135_mali-non-crop,0.42758432,0.5724157
16935_geowiki-landcover-2017,0.4152163,0.5847837
8168_geowiki-landcover-2017,0.5478141,0.45218593
5895_canada,0.30020502,0.699795
7093_geowiki-landcover-2017,0.3002049,0.6997951
324_ile-de-france,0.5311092,0.4688908
35247_geowiki-landcover-2017,0.65214336,0.34785664
8467_geowiki-landcover-2017,0.51338416,0.48661584
29030_geowiki-landcover-2017,0.30020523,0.69979477
10966_geowiki-landcover-2017,0.4102905,0.58970946
6544_canada,0.4275837,0.57241625
2531_reunion-france,0.51846653,0.48153347
2346_canada,0.42758107,0.5724189
22596_geowiki-landcover-2017,0.5528429,0.44715708
467_germany,0.42758015,0.5724198
13343_geowiki-landcover-2017,0.4275852,0.57241476
1179_central-asia,0.30020493,0.69979507
1294_mali-helmets-labelling-crops,0.3002053,0.6997947
1953_kenya-non-crop,0.6521447,0.34785533
1641_canada,0.30020502,0.699795
2605_ile-de-france,0.30020693,0.69979304
24948_geowiki-landcover-2017,0.5311148,0.46888515
1288_central-asia,0.30020493,0.69979507
5357_ile-de-france,0.30020502,0.699795
2486_rwanda-ceo,0.75250816,0.24749187
28320_geowiki-landcover-2017,0.42758316,0.5724168
3175_ile-de-france,0.30020502,0.699795
26361_geowiki-landcover-2017,0.42758432,0.5724157
671_mali-helmets-labelling-crops,0.30020612,0.6997939
19944_geowiki-landcover-2017,0.42758378,0.57241625
8694_geowiki-landcover-2017,0.7525071,0.24749292
1972_central-asia,0.39412397,0.605876
1003_tanzania-ceo,0.635857,0.36414307
1130_germany,0.39412287,0.60587716
744_mali-helmets-labelling-crops,0.39412427,0.60587573
19378_geowiki-landcover-2017,0.41029066,0.58970934
4568_croplands,0.30022055,0.69977945
22435_geowiki-landcover-2017,0.415216,0.584784
22702_geowiki-landcover-2017,0.41029072,0.5897093
26724_geowiki-landcover-2017,0.5311511,0.46884882
1478_geowiki-landcover-2017,0.7524819,0.24751808
2883_geowiki-landcover-2017,0.5133126,0.4866874
3091_ile-de-france,0.39389586,0.6061042
1647_martinique-france,0.5311276,0.4688724
2529_central-asia,0.30020556,0.6997944
5857_ile-de-france,0.30020502,0.699795
2171_canada,0.39412278,0.6058772
5540_geowiki-landcover-2017,0.42758384,0.5724162
3843_central-asia,0.30020547,0.69979453
1854_central-asia,0.30020502,0.699795
1793_kenya-non-crop,0.635857,0.36414307
3723_ile-de-france,0.39411995,0.60588
4310_geowiki-landcover-2017,0.65214384,0.34785622
580_kenya-non-crop,0.7525075,0.24749249
2185_canada,0.3002051,0.6997949
15887_geowiki-landcover-2017,0.66723835,0.33276168
15059_geowiki-landcover-2017,0.4152217,0.58477837
4791_canada,0.30020487,0.6997951
3920_geowiki-landcover-2017,0.547814,0.45218602
3341_geowiki-landcover-2017,0.53111786,0.4688821
1666_germany,0.4275836,0.5724164
103_uganda,0.41029257,0.58970743
1685_ile-de-france,0.300205,0.699795
3867_ile-de-france,0.42758378,0.57241625
17471_geowiki-landcover-2017,0.547808,0.45219204
1474_martinique-france,0.5478007,0.45219928
33101_geowiki-landcover-2017,0.5311092,0.4688908
7104_geowiki-landcover-2017,0.41029072,0.5897093
28323_geowiki-landcover-2017,0.54780835,0.45219168
730_germany,0.30020517,0.6997948
13256_geowiki-landcover-2017,0.55284274,0.44715723
809_geowiki-landcover-2017,0.635857,0.364143
180_tanzania,0.7525065,0.24749358
627_geowiki-landcover-2017,0.7525078,0.24749222
6337_canada,0.42758405,0.57241595
166_kenya-non-crop,0.6358362,0.3641638
1351_geowiki-landcover-2017,0.7525082,0.24749178
5268_geowiki-landcover-2017,0.5311063,0.4688937
1573_canada,0.30020523,0.69979477
2235_tanzania-ceo,0.6358579,0.36414212
31207_geowiki-landcover-2017,0.3002059,0.69979405
498_kenya-non-crop,0.752475,0.24752495
281_canada,0.53110904,0.468891
1231_tanzania-ceo,0.7525078,0.24749221
5251_canada,0.3002049,0.69979507
7575_canada,0.41028976,0.58971024
857_central-asia,0.39242998,0.60757005
1067_rwanda-ceo,0.75250787,0.24749209
2419_martinique-france,0.3942062,0.60579383
5390_ile-de-france,0.30020502,0.699795
13824_croplands,0.6358553,0.3641447
703_togo,0.3003711,0.6996289
291_ile-de-france,0.39412427,0.60587573
4578_canada,0.39412338,0.6058766
4849_canada,0.3002049,0.6997951
861_tanzania-ceo,0.75250787,0.24749209
913_togo,0.65214247,0.34785748
426_kenya-non-crop,0.7525075,0.24749252
2152_rwanda-ceo,0.6672383,0.3327617
395_ile-de-france,0.5311084,0.4688916
4334_canada,0.3002049,0.69979507
4555_ile-de-france,0.39412412,0.6058759
5715_ile-de-france,0.300205,0.699795
3167_rwanda-ceo,0.63585716,0.36414284
647_ethiopia,0.547813,0.45218697
894_togo,0.3002378,0.6997622
5750_ile-de-france,0.30020502,0.699795
22782_geowiki-landcover-2017,0.5477844,0.45221564
268_mali-helmets-labelling-crops,0.30020493,0.699795
21840_geowiki-landcover-2017,0.54783803,0.45216197
11245_geowiki-landcover-2017,0.6520678,0.3479322
647_reunion-france,0.64752567,0.3524744
2696_rwanda-ceo,0.53523475,0.46476528
345_tanzania,0.7525077,0.2474923
4142_croplands,0.5528403,0.44715977
42_martinique-france,0.42780182,0.5721982
785_lem-brazil,0.7525073,0.24749267
211_germany,0.4275873,0.57241267
210_central-asia,0.30020505,0.6997949
32336_geowiki-landcover-2017,0.4275838,0.5724162
5108_ile-de-france,0.30020538,0.6997946
30482_geowiki-landcover-2017,0.54781675,0.45218325
33806_geowiki-landcover-2017,0.3002381,0.69976187
42_kenya-non-crop,0.7525074,0.24749257
3386_central-asia,0.39412406,0.6058759
7030_canada,0.54781395,0.45218605
3655_ile-de-france,0.30020845,0.6997915
4754_central-asia,0.30020505,0.69979495
24660_geowiki-landcover-2017,0.51338375,0.48661625
2580_rwanda-ceo,0.7525082,0.24749182
453_mali-helmets-labelling-crops,0.53110856,0.4688914
6248_geowiki-landcover-2017,0.5478138,0.4521862
29388_geowiki-landcover-2017,0.65214026,0.34785977
1890_kenya-non-crop,0.75250804,0.247492
34827_geowiki-landcover-2017,0.41029072,0.5897093
13140_geowiki-landcover-2017,0.6521294,0.3478706
25311_geowiki-landcover-2017,0.42910826,0.57089174
652_rwanda-ceo,0.6672438,0.33275625
499_tanzania-ceo,0.75250787,0.24749209
29277_geowiki-landcover-2017,0.5311085,0.46889147
4200_geowiki-landcover-2017,0.5478146,0.45218542
1136_germany,0.3002049,0.69979507
1147_kenya-non-crop,0.75250804,0.247492
6856_croplands,0.6358516,0.36414838
4297_central-asia,0.30023116,0.69976884
5120_ile-de-france,0.53107935,0.46892062
20988_geowiki-landcover-2017,0.5311086,0.46889135
1546_kenya-non-crop,0.65142304,0.34857696
8493_geowiki-landcover-2017,0.54781294,0.45218703
2195_tanzania-ceo,0.6358639,0.36413607
32647_geowiki-landcover-2017,0.51338387,0.4866161
222_ile-de-france,0.5311091,0.46889094
6754_croplands,0.635857,0.36414307
864_ile-de-france,0.30020496,0.699795
558_tanzania-ceo,0.7525077,0.24749236
1330_geowiki-landcover-2017,0.41030863,0.58969134
2094_reunion-france,0.6521442,0.34785584
24764_geowiki-landcover-2017,0.4275952,0.5724048
2956_central-asia,0.30020544,0.69979453
2620_geowiki-landcover-2017,0.5528426,0.44715744
529_togo,0.41521558,0.5847844
25351_geowiki-landcover-2017,0.42758295,0.572417
2390_central-asia,0.42758393,0.572416
1378_rwanda-ceo,0.63585943,0.36414057
11050_croplands,0.6358562,0.36414385
693_central-asia,0.30020514,0.6997948
772_geowiki-landcover-2017,0.5352206,0.46477935
64_sudan,0.4152201,0.5847799
5611_canada,0.3002049,0.6997951
3927_canada,0.42758316,0.57241684
2215_ile-de-france,0.39412427,0.60587573
646_mali-helmets-labelling-crops,0.3002054,0.69979453
12979_croplands,0.5352216,0.46477842
417_canada,0.4275832,0.5724168
5769_geowiki-landcover-2017,0.552843,0.44715703
1842_geowiki-landcover-2017,0.66723764,0.33276233
2779_central-asia,0.30020562,0.69979435
2140_tanzania-ceo,0.5352231,0.46477687
5360_canada,0.42758495,0.5724151
2528_reunion-france,0.5311179,0.46888208
1325_mali-helmets-labelling-crops,0.3002524,0.6997476
376_tanzania,0.75250775,0.24749227
14926_geowiki-landcover-2017,0.5478144,0.45218557
976_canada,0.30020493,0.699795
13145_croplands,0.66723704,0.33276293
13394_croplands,0.53527623,0.46472383
17588_geowiki-landcover-2017,0.3941213,0.6058787
5740_geowiki-landcover-2017,0.42758378,0.5724162
130_reunion-france,0.75250804,0.247492
27978_geowiki-landcover-2017,0.6520215,0.3479785
1471_martinique-france,0.65139675,0.3486032
3271_rwanda-ceo,0.6671233,0.3328767
6214_geowiki-landcover-2017,0.41029048,0.5897096
2900_central-asia,0.42757332,0.5724267
92_mali-helmets-labelling-crops,0.39412445,0.6058756
23441_geowiki-landcover-2017,0.6475186,0.35248142
22527_geowiki-landcover-2017,0.6475133,0.35248676
5297_ile-de-france,0.30020562,0.6997944
16867_geowiki-landcover-2017,0.6521005,0.3478995
2970_rwanda-ceo,0.7525062,0.24749382
7262_geowiki-landcover-2017,0.427583,0.572417
34753_geowiki-landcover-2017,0.30020517,0.69979477
5450_geowiki-landcover-2017,0.5478137,0.4521863
29308_geowiki-landcover-2017,0.5311086,0.46889135
1132_kenya-non-crop,0.6672386,0.33276147
4005_ile-de-france,0.300205,0.699795
2226_canada,0.30020502,0.699795
545_croplands,0.5528486,0.44715145
20159_geowiki-landcover-2017,0.4275837,0.57241637
3176_canada,0.30020496,0.699795
1699_canada,0.30020493,0.699795
1372_mali-helmets-labelling-crops,0.30020562,0.69979435
650_central-asia,0.39412412,0.6058759
11623_geowiki-landcover-2017,0.53116,0.46884
5498_canada,0.3002049,0.69979507
118_kenya,0.6672361,0.33276397
3876_geowiki-landcover-2017,0.64751965,0.35248038
6020_geowiki-landcover-2017,0.5311087,0.46889126
1989_martinique-france,0.65139663,0.34860337
20346_geowiki-landcover-2017,0.53110856,0.46889147
12845_croplands,0.41029242,0.58970755
8575_geowiki-landcover-2017,0.53110856,0.4688914
31_tanzania,0.66723716,0.3327628
17594_geowiki-landcover-2017,0.30022305,0.69977695
2085_germany,0.39412403,0.60587597
1050_togo,0.53139764,0.46860233
12801_geowiki-landcover-2017,0.64751214,0.3524878
6718_geowiki-landcover-2017,0.41024563,0.58975434
1598_tanzania-ceo,0.7525081,0.24749194
418_mali-helmets-labelling-crops,0.30020642,0.6997936
728_croplands,0.30020502,0.699795
211_croplands,0.3002051,0.6997949
34601_geowiki-landcover-2017,0.30020496,0.699795
21427_geowiki-landcover-2017,0.42758387,0.5724161
492_togo,0.41520557,0.5847944
10749_croplands,0.667236,0.33276406
35126_geowiki-landcover-2017,0.30020532,0.69979465
1661_canada,0.30020517,0.6997948
552_ethiopia,0.4103534,0.5896466
2109_reunion-france,0.65214354,0.34785643
2735_ile-de-france,0.39409366,0.60590637
1891_canada,0.300205,0.699795
27568_geowiki-landcover-2017,0.53110915,0.46889088
26925_geowiki-landcover-2017,0.42758557,0.57241446
991_geowiki-landcover-2017,0.652145,0.34785497
31_mali-helmets-labelling-crops,0.3002056,0.6997944
509_togo,0.30023068,0.6997693
810_geowiki-landcover-2017,0.63585716,0.36414284
28983_geowiki-landcover-2017,0.39411548,0.6058845
9212_geowiki-landcover-2017,0.5528428,0.44715714
13546_geowiki-landcover-2017,0.6521537,0.3478463
4441_central-asia,0.3002055,0.69979453
16029_geowiki-landcover-2017,0.3002053,0.6997947
11296_croplands,0.5352201,0.46477988
14113_croplands,0.5352204,0.46477956
23988_geowiki-landcover-2017,0.42758417,0.57241577
4529_central-asia,0.30020556,0.6997944
17873_geowiki-landcover-2017,0.4102904,0.5897096
2300_martinique-france,0.5176439,0.4823561
1825_kenya-non-crop,0.6672418,0.33275822
2398_germany,0.3002049,0.6997951
486_central-asia,0.39412415,0.60587585
1480_kenya-non-crop,0.5528517,0.44714832
5296_ile-de-france,0.300205,0.699795
6816_geowiki-landcover-2017,0.5133839,0.4866161
1421_martinique-france,0.30020753,0.69979244
7821_geowiki-landcover-2017,0.64752,0.35248
6825_geowiki-landcover-2017,0.7525074,0.24749261
687_togo,0.4152145,0.5847855
360_germany,0.531109,0.46889102
24632_geowiki-landcover-2017,0.5184588,0.48154122
17641_geowiki-landcover-2017,0.42758432,0.5724157
32078_geowiki-landcover-2017,0.42758346,0.57241654
23586_geowiki-landcover-2017,0.53110886,0.46889114
2972_central-asia,0.30020517,0.6997948
4272_croplands,0.6521426,0.34785742
13702_geowiki-landcover-2017,0.75249976,0.24750021
9_mali-helmets-labelling-crops,0.3002053,0.6997947
17822_geowiki-landcover-2017,0.53110915,0.46889085
1098_kenya-non-crop,0.6672385,0.33276156
10214_croplands,0.63585734,0.3641427
425_germany,0.53110915,0.46889088
15226_geowiki-landcover-2017,0.55285525,0.44714472
30601_geowiki-landcover-2017,0.30020493,0.699795
20619_geowiki-landcover-2017,0.552843,0.44715703
3922_canada,0.53110415,0.46889588
3925_central-asia,0.3941242,0.6058758
921_geowiki-landcover-2017,0.6673425,0.33265752
29991_geowiki-landcover-2017,0.39412442,0.6058756
17061_geowiki-landcover-2017,0.7525077,0.24749231
1222_mali-helmets-labelling-crops,0.30020776,0.6997922
82_togo,0.41521648,0.5847835
523_ethiopia,0.6358567,0.3641433
111_mali-helmets-labelling-crops,0.39412332,0.60587674
448_canada,0.4275519,0.5724481
2337_geowiki-landcover-2017,0.5528725,0.4471275
2321_geowiki-landcover-2017,0.6358588,0.36414126
6055_ile-de-france,0.30020514,0.6997948
2678_kenya-non-crop,0.6672379,0.33276212
222_lem-brazil,0.7524815,0.24751846
1648_germany,0.42758414,0.5724159
2284_germany,0.3002049,0.69979507
21503_geowiki-landcover-2017,0.5311089,0.46889105
787_lem-brazil,0.7525073,0.24749267
1945_reunion-france,0.75250787,0.24749209
1136_rwanda-ceo,0.6358571,0.3641429
112_togo,0.4152153,0.5847847
14106_croplands,0.5352202,0.46477982
1935_central-asia,0.30020505,0.69979495
713_ethiopia,0.6475186,0.35248145
823_ethiopia,0.64752305,0.35247698
5915_geowiki-landcover-2017,0.64752114,0.35247886
1031_togo,0.41536,0.58464
6932_canada,0.30605027,0.6939497
305_sudan,0.3002106,0.6997894
24537_geowiki-landcover-2017,0.53111094,0.4688891
945_central-asia,0.39407548,0.6059245
34075_geowiki-landcover-2017,0.4275843,0.5724157
650_togo,0.41521516,0.58478487
1366_tanzania-ceo,0.5528308,0.44716918
22564_geowiki-landcover-2017,0.6521435,0.34785652
5303_ile-de-france,0.30020502,0.699795
3569_rwanda-ceo,0.66724527,0.33275473
684_central-asia,0.30020586,0.6997941
115_kenya-non-crop,0.66723716,0.33276284
1045_central-asia,0.30020493,0.699795
32_ethiopia,0.41031682,0.5896832
31772_geowiki-landcover-2017,0.3002055,0.6997945
10757_geowiki-landcover-2017,0.53522027,0.4647797
8517_croplands,0.5352228,0.46477717
35844_geowiki-landcover-2017,0.41029122,0.5897088
1790_ile-de-france,0.531109,0.468891
3940_canada,0.300259,0.699741
1550_martinique-france,0.53135777,0.46864226
27447_geowiki-landcover-2017,0.55283517,0.44716483
1608_germany,0.30020493,0.699795
3880_canada,0.30020502,0.699795
290_mali-helmets-labelling-crops,0.42758253,0.57241744
7171_geowiki-landcover-2017,0.30025393,0.6997461
188_ile-de-france,0.300205,0.699795
12571_croplands,0.5184591,0.4815409
1625_reunion-france,0.65214664,0.3478534
12101_geowiki-landcover-2017,0.4102905,0.58970946
677_croplands,0.53110915,0.46889088
5083_ile-de-france,0.5311089,0.4688911
5739_canada,0.3002049,0.69979507
2895_rwanda-ceo,0.64751923,0.3524808
1243_geowiki-landcover-2017,0.66723835,0.33276168
17400_geowiki-landcover-2017,0.55284274,0.44715726
6596_geowiki-landcover-2017,0.6521436,0.34785643
1944_ile-de-france,0.39412394,0.605876
18507_geowiki-landcover-2017,0.65214384,0.34785616
1398_central-asia,0.30020493,0.69979507
1770_martinique-france,0.65212834,0.34787166
39_canada,0.4275839,0.5724161
9874_geowiki-landcover-2017,0.51338047,0.4866195
4241_geowiki-landcover-2017,0.6358568,0.3641432
10753_croplands,0.63585705,0.36414292
2303_reunion-france,0.6672086,0.33279136
162_canada,0.3002051,0.6997949
3828_central-asia,0.3002053,0.6997947
1519_ile-de-france,0.5310719,0.4689281
142_canada,0.42758387,0.5724161
725_ile-de-france,0.394123,0.605877
812_togo,0.42758992,0.5724101
20581_geowiki-landcover-2017,0.30021042,0.6997896
6257_geowiki-landcover-2017,0.3002049,0.6997951
11385_croplands,0.5184588,0.4815412
1906_reunion-france,0.7525008,0.24749924
1102_togo,0.6521646,0.3478354
18126_geowiki-landcover-2017,0.53110766,0.46889228
2110_tanzania-ceo,0.6521436,0.3478564
1890_central-asia,0.30020493,0.69979507
898_martinique-france,0.6521206,0.3478794
504_kenya-non-crop,0.75250804,0.247492
5078_geowiki-landcover-2017,0.5184629,0.48153716
1267_togo,0.4275666,0.5724334
13003_geowiki-landcover-2017,0.75250244,0.24749759
12562_geowiki-landcover-2017,0.75250113,0.24749887
15006_geowiki-landcover-2017,0.5528551,0.4471449
1173_central-asia,0.42758378,0.57241625
3437_geowiki-landcover-2017,0.39412507,0.60587496
570_tanzania-ceo,0.5528525,0.4471475
976_reunion-france,0.4152163,0.5847837
31517_geowiki-landcover-2017,0.39412412,0.6058759
332_togo,0.518459,0.48154095
610_rwanda-ceo,0.6358576,0.36414245
29945_geowiki-landcover-2017,0.42758343,0.57241654
13983_geowiki-landcover-2017,0.5478141,0.4521859
24414_geowiki-landcover-2017,0.42759135,0.5724086
28648_geowiki-landcover-2017,0.30020487,0.6997951
2343_tanzania-ceo,0.7524935,0.24750651
3266_ile-de-france,0.30020493,0.699795
2148_reunion-france,0.7525068,0.24749318
1215_ile-de-france,0.39413008,0.6058699
782_croplands,0.42758402,0.57241595
302_ethiopia,0.41029072,0.5897093
5412_canada,0.30020493,0.69979507
13819_croplands,0.6358558,0.36414418
33887_geowiki-landcover-2017,0.3002049,0.69979507
16852_geowiki-landcover-2017,0.51846546,0.48153454
31027_geowiki-landcover-2017,0.42758363,0.57241637
16386_geowiki-landcover-2017,0.54781425,0.45218578
2589_central-asia,0.30020505,0.6997949
6984_croplands,0.5352201,0.46477988
1859_tanzania-ceo,0.7525074,0.24749257
34055_geowiki-landcover-2017,0.5352214,0.46477866
26810_geowiki-landcover-2017,0.5528426,0.44715744
22842_geowiki-landcover-2017,0.75250524,0.2474947
2248_central-asia,0.30030644,0.69969356
16569_geowiki-landcover-2017,0.6521465,0.34785342
393_kenya-non-crop,0.637022,0.362978
273_reunion-france,0.65214103,0.34785897
1614_canada,0.30020493,0.69979507
549_mali-helmets-labelling-crops,0.3002055,0.6997945
2722_geowiki-landcover-2017,0.53111094,0.4688891
242_canada,0.42758417,0.5724159
1941_tanzania-ceo,0.63585716,0.36414286
1211_martinique-france,0.55203223,0.4479678
19282_geowiki-landcover-2017,0.64751965,0.35248035
231_tanzania,0.63585955,0.36414045
1340_canada,0.30020496,0.699795
2289_reunion-france,0.75250506,0.24749492
22593_geowiki-landcover-2017,0.5133861,0.48661393
1057_reunion-france,0.66726345,0.33273655
2155_germany,0.30115166,0.69884837
22272_geowiki-landcover-2017,0.5311089,0.4688911
1647_germany,0.531109,0.46889105
10755_geowiki-landcover-2017,0.55229104,0.44770893
5378_ile-de-france,0.30020493,0.699795
4654_geowiki-landcover-2017,0.30020577,0.69979423
6117_geowiki-landcover-2017,0.635857,0.36414307
34943_geowiki-landcover-2017,0.5311089,0.46889114
928_canada,0.30020493,0.69979507
329_ile-de-france,0.53110665,0.46889332
10226_geowiki-landcover-2017,0.42758402,0.57241595
5068_central-asia,0.5311085,0.46889147
7_germany,0.42758393,0.572416
1026_togo,0.6521414,0.34785867
353_geowiki-landcover-2017,0.75250673,0.24749324
939_togo,0.42759502,0.572405
3338_rwanda-ceo,0.6672384,0.33276165
5073_canada,0.30020487,0.6997951
35734_geowiki-landcover-2017,0.300326,0.69967395
12815_croplands,0.3004047,0.6995953
604_ethiopia,0.6358598,0.36414018
4770_central-asia,0.300205,0.699795
438_rwanda-ceo,0.75250787,0.24749209
10587_croplands,0.5352205,0.46477953
1641_central-asia,0.30020502,0.699795
440_germany,0.30020502,0.699795
220_kenya,0.75250775,0.24749225
26457_geowiki-landcover-2017,0.4275837,0.5724163
463_canada,0.42758363,0.57241637
20356_geowiki-landcover-2017,0.6475127,0.3524873
1257_canada,0.30020493,0.69979507
6602_geowiki-landcover-2017,0.42758387,0.5724161
4687_central-asia,0.30020502,0.699795
10799_croplands,0.66720647,0.33279353
30458_geowiki-landcover-2017,0.30020493,0.69979507
163_martinique-france,0.75247705,0.24752294
265_geowiki-landcover-2017,0.66723895,0.33276102
1481_germany,0.39413527,0.6058647
64_ethiopia,0.41029188,0.58970815
33793_geowiki-landcover-2017,0.42758378,0.57241625
1741_reunion-france,0.519593,0.48040697
1744_martinique-france,0.5184429,0.481557
3955_geowiki-landcover-2017,0.547814,0.452186
10988_geowiki-landcover-2017,0.64751977,0.35248026
1484_central-asia,0.3002049,0.69979507
2898_canada,0.5478141,0.45218596
364_kenya-non-crop,0.7524617,0.24753831
4822_geowiki-landcover-2017,0.5133843,0.48661575
359_mali-helmets-labelling-crops,0.30022436,0.69977564
540_ethiopia,0.5137311,0.48626885
3070_geowiki-landcover-2017,0.42758283,0.5724172
1039_central-asia,0.39412445,0.6058756
14871_geowiki-landcover-2017,0.5528434,0.4471566
2109_rwanda-ceo,0.63585603,0.36414394
1227_rwanda-ceo,0.5352534,0.46474662
3127_geowiki-landcover-2017,0.3003456,0.6996544
2516_central-asia,0.3002059,0.69979405
4201_ile-de-france,0.39414054,0.60585946
7620_canada,0.42758393,0.572416
10735_geowiki-landcover-2017,0.66719127,0.33280876
30592_geowiki-landcover-2017,0.30020514,0.6997949
3587_ile-de-france,0.4275839,0.5724161
16735_geowiki-landcover-2017,0.64751756,0.35248244
34119_geowiki-landcover-2017,0.6475195,0.3524805
28943_geowiki-landcover-2017,0.41521606,0.584784
23490_geowiki-landcover-2017,0.54781306,0.45218694
3004_geowiki-landcover-2017,0.5528433,0.4471567
1320_croplands,0.30020523,0.69979477
16082_geowiki-landcover-2017,0.6672383,0.3327617
2698_rwanda-ceo,0.7525077,0.24749236
199_canada,0.42758426,0.57241577
5807_canada,0.30020493,0.699795
13347_geowiki-landcover-2017,0.66904074,0.33095932
117_martinique-france,0.6521307,0.3478693
27_mali,0.30023086,0.6997691
2238_martinique-france,0.65112406,0.3488759
2225_reunion-france,0.75250787,0.24749213
31674_geowiki-landcover-2017,0.42758393,0.572416
295_rwanda-ceo,0.75250804,0.247492
2538_reunion-france,0.5311117,0.46888828
33058_geowiki-landcover-2017,0.635863,0.364137
5862_geowiki-landcover-2017,0.5133837,0.4866163
670_mali-helmets-labelling-crops,0.30020657,0.69979346
1948_kenya-non-crop,0.6521455,0.34785444
22981_geowiki-landcover-2017,0.5853334,0.4146666
24356_geowiki-landcover-2017,0.531109,0.468891
5061_ile-de-france,0.39412388,0.6058761
854_germany,0.42758358,0.5724164
4820_central-asia,0.3002049,0.6997951
21554_geowiki-landcover-2017,0.5133798,0.4866202
14160_croplands,0.5182389,0.48176107
1041_martinique-france,0.6521203,0.34787974
7257_geowiki-landcover-2017,0.4275833,0.5724167
953_tanzania-ceo,0.63585734,0.3641427
33384_geowiki-landcover-2017,0.4102905,0.58970946
4479_croplands,0.30021408,0.6997859
6110_canada,0.30020493,0.69979507
1403_mali-helmets-labelling-crops,0.30020505,0.69979495
272_mali-helmets-labelling-crops,0.30020562,0.69979435
3776_geowiki-landcover-2017,0.3004973,0.69950265
29306_geowiki-landcover-2017,0.30020574,0.6997943
50_rwanda-ceo,0.7525075,0.24749252
229_ile-de-france,0.39412415,0.60587585
541_tanzania-rice-ecaas,0.752505,0.24749504
323_martinique-france,0.5311159,0.46888408
3537_ile-de-france,0.3002052,0.69979477
143_ethiopia,0.41029257,0.58970743
109_mali-helmets-labelling-crops,0.53110915,0.46889088
64_lem-brazil,0.75250787,0.24749213
4641_central-asia,0.3002051,0.6997949
6800_croplands,0.6358517,0.36414832
756_martinique-france,0.53111595,0.46888408
1201_kenya-non-crop,0.7524786,0.24752142
32093_geowiki-landcover-2017,0.39412454,0.6058755
2121_ile-de-france,0.53110814,0.46889186
551_tanzania-ceo,0.7525079,0.247492
405_central-asia,0.3002051,0.6997949
23454_geowiki-landcover-2017,0.3002056,0.6997944
20400_geowiki-landcover-2017,0.6475189,0.3524812
101_kenya,0.53522027,0.4647797
1613_geowiki-landcover-2017,0.5352173,0.46478269
1004_rwanda-ceo,0.7525082,0.24749173
5641_geowiki-landcover-2017,0.6475196,0.3524804
9395_croplands,0.41584945,0.5841506
1340_geowiki-landcover-2017,0.41029164,0.5897083
978_geowiki-landcover-2017,0.7525079,0.24749205
7536_geowiki-landcover-2017,0.41028893,0.58971107
5173_ile-de-france,0.5311088,0.4688912
5251_geowiki-landcover-2017,0.55284196,0.447158
14531_geowiki-landcover-2017,0.75249124,0.24750884
78_mali-helmets-labelling-crops,0.427578,0.572422
1364_croplands,0.51842713,0.4815729
294_tanzania,0.6358143,0.3641857
1292_germany,0.53110653,0.4688934
6044_canada,0.3002055,0.69979453
3347_ile-de-france,0.3002051,0.6997949
24403_geowiki-landcover-2017,0.30020478,0.69979525
336_lem-brazil,0.7525074,0.24749257
3339_central-asia,0.30020618,0.6997939
2522_ile-de-france,0.30020493,0.699795
2650_ile-de-france,0.30020505,0.69979495
34154_geowiki-landcover-2017,0.6475198,0.3524802
4360_croplands,0.5183659,0.4816341
24896_geowiki-landcover-2017,0.3941268,0.6058732
12449_geowiki-landcover-2017,0.5311091,0.46889094
3894_ile-de-france,0.39409488,0.6059051
22726_geowiki-landcover-2017,0.42758533,0.5724147
9541_geowiki-landcover-2017,0.30021453,0.6997855
4705_ile-de-france,0.300205,0.699795
2714_reunion-france,0.7525074,0.24749263
11996_geowiki-landcover-2017,0.5311062,0.46889383
1073_reunion-france,0.587978,0.41202202
3526_central-asia,0.3941193,0.6058807
817_rwanda-ceo,0.6358111,0.3641889
252_kenya-non-crop,0.7525076,0.2474924
264_lem-brazil,0.6672395,0.33276057
2817_geowiki-landcover-2017,0.39412454,0.60587543
6202_geowiki-landcover-2017,0.4102909,0.5897091
19931_geowiki-landcover-2017,0.53110904,0.468891
5731_ile-de-france,0.30020502,0.69979495
334_croplands,0.51845926,0.48154074
7837_geowiki-landcover-2017,0.30020493,0.699795
5810_geowiki-landcover-2017,0.54781365,0.45218632
2154_geowiki-landcover-2017,0.65214247,0.34785753
3591_geowiki-landcover-2017,0.6517461,0.34825388
3288_rwanda-ceo,0.63585764,0.36414236
1148_rwanda-ceo,0.6358457,0.36415428
9913_geowiki-landcover-2017,0.42758396,0.572416
10089_croplands,0.63585085,0.36414915
617_mali-helmets-labelling-crops,0.39359844,0.60640156
12497_geowiki-landcover-2017,0.41029048,0.58970946
21437_geowiki-landcover-2017,0.30020484,0.6997952
13316_geowiki-landcover-2017,0.4102908,0.5897092
14409_geowiki-landcover-2017,0.53110635,0.46889362
13068_croplands,0.6672384,0.3327616
5158_ile-de-france,0.42764705,0.57235295
1973_tanzania-ceo,0.65214384,0.34785616
1737_kenya-non-crop,0.7525078,0.24749222
1859_martinique-france,0.6521378,0.34786212
7047_canada,0.42758253,0.57241744
7362_geowiki-landcover-2017,0.39465758,0.60534245
957_canada,0.3002051,0.6997949
31587_geowiki-landcover-2017,0.5310989,0.46890113
30785_geowiki-landcover-2017,0.54781395,0.4521861
1396_croplands,0.51338506,0.48661497
16651_geowiki-landcover-2017,0.6358601,0.36413997
4678_canada,0.30020493,0.699795
234_tanzania,0.7525071,0.24749292
31296_geowiki-landcover-2017,0.53110904,0.46889096
25685_geowiki-landcover-2017,0.41027674,0.5897232
1367_rwanda-ceo,0.6358601,0.36413997
4965_ile-de-france,0.30020502,0.699795
1882_central-asia,0.30020538,0.6997946
27877_geowiki-landcover-2017,0.4273313,0.5726687
29528_geowiki-landcover-2017,0.652134,0.34786597
1661_reunion-france,0.7525074,0.24749257
4897_central-asia,0.3002049,0.6997951
22998_geowiki-landcover-2017,0.5352182,0.46478182
169_tanzania-ceo,0.75250787,0.24749209
18227_geowiki-landcover-2017,0.41029057,0.58970946
2696_reunion-france,0.6521437,0.34785628
3943_ile-de-france,0.51791424,0.48208576
1280_central-asia,0.30020493,0.699795
3768_ile-de-france,0.30020505,0.69979495
691_ethiopia,0.75250787,0.24749209
747_croplands,0.30020556,0.6997944
2397_reunion-france,0.7525062,0.24749376
195_geowiki-landcover-2017,0.7525075,0.24749252
19296_geowiki-landcover-2017,0.6475196,0.3524804
597_kenya-non-crop,0.6672376,0.33276245
13261_geowiki-landcover-2017,0.65214413,0.34785593
7866_canada,0.5311084,0.46889162
218_tanzania,0.6672381,0.33276194
439_canada,0.42756253,0.57243747
6504_canada,0.300205,0.699795
1130_togo,0.5528394,0.44716063
209_togo,0.3941732,0.60582685
17249_geowiki-landcover-2017,0.54781264,0.45218733
3058_ile-de-france,0.5311087,0.46889126
322_togo,0.6521433,0.3478567
226_croplands,0.39412457,0.60587543
1998_canada,0.30020535,0.69979465
1154_germany,0.53110886,0.46889114
33548_geowiki-landcover-2017,0.41029057,0.5897094
6592_geowiki-landcover-2017,0.7525078,0.24749222
19811_geowiki-landcover-2017,0.51846737,0.48153266
1918_reunion-france,0.75250715,0.2474929
363_mali-helmets-labelling-crops,0.30020657,0.6997934
7038_canada,0.4275838,0.5724162
123_ethiopia,0.5133838,0.48661616
2188_kenya-non-crop,0.55286574,0.44713426
1584_reunion-france,0.7525079,0.24749205
7054_canada,0.42758408,0.57241595
4605_ile-de-france,0.5296775,0.4703225
5622_ile-de-france,0.30020502,0.699795
1125_kenya-non-crop,0.7525078,0.24749218
168_kenya,0.75248724,0.24751279
4171_central-asia,0.30020612,0.69979393
617_canada,0.42758402,0.572416
1675_ile-de-france,0.30020502,0.69979495
3178_geowiki-landcover-2017,0.4275865,0.5724135
3718_ile-de-france,0.30020502,0.69979495
716_mali-helmets-labelling-crops,0.3002053,0.6997947
26990_geowiki-landcover-2017,0.5478145,0.4521855
30322_geowiki-landcover-2017,0.3002055,0.6997945
1584_ile-de-france,0.5311085,0.46889147
603_togo,0.5528443,0.44715577
3910_ile-de-france,0.394122,0.605878
2347_kenya-non-crop,0.66723824,0.33276176
2217_germany,0.531106,0.46889398
4169_central-asia,0.30020717,0.69979286
3218_geowiki-landcover-2017,0.53110766,0.46889228
2155_ile-de-france,0.5311088,0.4688912
550_martinique-france,0.6513969,0.3486032
974_geowiki-landcover-2017,0.41029114,0.58970886
2113_germany,0.30020493,0.69979507
388_germany,0.300205,0.699795
13716_croplands,0.55284125,0.44715875
33419_geowiki-landcover-2017,0.30020595,0.699794
3303_central-asia,0.30020505,0.69979495
861_kenya-non-crop,0.7525078,0.24749222
1773_ile-de-france,0.3002051,0.6997949
4644_canada,0.3002049,0.69979507
7595_geowiki-landcover-2017,0.30020607,0.69979393
23477_geowiki-landcover-2017,0.41028938,0.58971065
51_mali-non-crop,0.5311092,0.4688908
90_uganda,0.41029155,0.5897085
16469_geowiki-landcover-2017,0.6521443,0.3478557
2758_geowiki-landcover-2017,0.51846397,0.48153606
21523_geowiki-landcover-2017,0.5478139,0.45218617
1341_rwanda-ceo,0.75119483,0.24880509
1422_reunion-france,0.7525062,0.24749382
11537_croplands,0.51845866,0.48154134
1389_rwanda-ceo,0.63585806,0.364142
402_rwanda-ceo,0.75250787,0.24749209
775_reunion-france,0.75250787,0.24749209
2004_kenya-non-crop,0.5184594,0.48154065
3223_canada,0.42758402,0.572416
25_reunion-france,0.7525068,0.24749322
34422_geowiki-landcover-2017,0.5311117,0.4688883
1333_ile-de-france,0.30020502,0.699795
4446_canada,0.3002244,0.6997756
445_ethiopia,0.6475198,0.3524802
21712_geowiki-landcover-2017,0.4275844,0.5724156
30667_geowiki-landcover-2017,0.53110594,0.46889403
1259_ile-de-france,0.30020505,0.69979495
2212_tanzania-ceo,0.65214384,0.3478562
30273_geowiki-landcover-2017,0.41521853,0.58478147
4165_canada,0.41521618,0.5847838
31756_geowiki-landcover-2017,0.4275844,0.57241565
928_rwanda-ceo,0.63585716,0.36414286
3519_ile-de-france,0.30020517,0.6997948
438_geowiki-landcover-2017,0.6672382,0.33276185
9007_croplands,0.41525364,0.58474636
199_rwanda-ceo,0.5352232,0.4647768
12047_geowiki-landcover-2017,0.64751595,0.35248402
923_geowiki-landcover-2017,0.6672398,0.3327602
3879_central-asia,0.30020562,0.69979435
4437_canada,0.5184571,0.4815429
13513_geowiki-landcover-2017,0.7524999,0.2475002
1728_central-asia,0.30020517,0.6997948
9966_geowiki-landcover-2017,0.51850635,0.4814937
33701_geowiki-landcover-2017,0.30020612,0.69979393
2748_rwanda-ceo,0.5352224,0.46477765
27373_geowiki-landcover-2017,0.63583994,0.36416003
2302_martinique-france,0.65139633,0.3486037
369_canada,0.4275838,0.5724162
3248_central-asia,0.3002049,0.69979507
4837_canada,0.30020505,0.69979495
8858_geowiki-landcover-2017,0.53110904,0.46889096
1004_kenya-non-crop,0.6672383,0.3327617
30_croplands,0.5514158,0.4485842
7606_geowiki-landcover-2017,0.6475187,0.3524813
5133_geowiki-landcover-2017,0.7525035,0.24749653
2460_geowiki-landcover-2017,0.427623,0.572377
15873_geowiki-landcover-2017,0.6475173,0.35248265
14410_geowiki-landcover-2017,0.5184588,0.48154122
17156_geowiki-landcover-2017,0.5478141,0.45218593
2373_germany,0.5311091,0.46889094
1110_croplands,0.30020604,0.69979393
658_mali-helmets-labelling-crops,0.39412332,0.60587674
235_tanzania-rice-ecaas,0.63585657,0.3641434
951_tanzania-ceo,0.7525073,0.24749267
28096_geowiki-landcover-2017,0.53110796,0.46889204
2855_canada,0.5528429,0.44715708
5922_ile-de-france,0.53110814,0.46889183
921_kenya-non-crop,0.6672357,0.33276427
24837_geowiki-landcover-2017,0.6521321,0.3478679
20741_geowiki-landcover-2017,0.5478123,0.45218772
404_rwanda-ceo,0.75250757,0.24749245
2184_rwanda-ceo,0.7525081,0.24749191
4520_croplands,0.30022573,0.6997742
22645_geowiki-landcover-2017,0.54781353,0.4521865
531_togo,0.5352187,0.46478128
2197_kenya-non-crop,0.6521812,0.34781876
2431_central-asia,0.39412394,0.6058761
203_reunion-france,0.51846176,0.4815382
10845_croplands,0.635857,0.36414307
3394_rwanda-ceo,0.63585716,0.36414284
28296_geowiki-landcover-2017,0.5133836,0.48661637
19930_geowiki-landcover-2017,0.42758387,0.5724161
896_ile-de-france,0.30020502,0.69979495
31614_geowiki-landcover-2017,0.53110725,0.46889278
5864_ile-de-france,0.30020505,0.6997949
210_tanzania,0.75250787,0.24749209
2029_martinique-france,0.6521187,0.34788135
18725_geowiki-landcover-2017,0.42758387,0.5724161
5647_canada,0.30020502,0.699795
14892_geowiki-landcover-2017,0.652099,0.34790102
5300_geowiki-landcover-2017,0.4102889,0.5897111
3105_rwanda-ceo,0.75249946,0.24750057
11762_geowiki-landcover-2017,0.5528425,0.44715744
31955_geowiki-landcover-2017,0.6475178,0.3524822
15745_geowiki-landcover-2017,0.5528428,0.4471572
27631_geowiki-landcover-2017,0.4276268,0.5723732
853_central-asia,0.30020684,0.69979316
3234_canada,0.5311084,0.46889168
1879_canada,0.30020523,0.69979477
1928_reunion-france,0.75250804,0.24749196
6476_canada,0.30020493,0.69979507
3762_canada,0.3002068,0.6997932
2031_rwanda-ceo,0.6358586,0.36414143
13553_croplands,0.6521425,0.34785745
800_tanzania-ceo,0.7525077,0.24749234
21839_geowiki-landcover-2017,0.55284226,0.44715774
2139_martinique-france,0.65269935,0.3473007
32475_geowiki-landcover-2017,0.42758378,0.5724162
2888_geowiki-landcover-2017,0.5311125,0.46888754
3028_geowiki-landcover-2017,0.53110963,0.46889037
863_togo,0.5311065,0.46889353
4436_geowiki-landcover-2017,0.42758405,0.57241595
7546_canada,0.55283713,0.4471629
2916_central-asia,0.30021358,0.6997864
13048_geowiki-landcover-2017,0.6672414,0.33275864
9048_geowiki-landcover-2017,0.75250685,0.2474931
90_togo,0.41521603,0.584784
884_central-asia,0.30020836,0.6997916
1408_mali-helmets-labelling-crops,0.30020502,0.699795
472_reunion-france,0.7525079,0.24749207
3623_ile-de-france,0.5311091,0.46889094
33282_geowiki-landcover-2017,0.30020484,0.6997952
32_kenya,0.7524576,0.2475424
15113_geowiki-landcover-2017,0.42758355,0.5724164
20009_geowiki-landcover-2017,0.6521412,0.3478588
4095_ile-de-france,0.3941339,0.60586613
197_tanzania,0.6672381,0.33276188
3134_ile-de-france,0.42758313,0.5724169
1129_martinique-france,0.7518887,0.2481113
28006_geowiki-landcover-2017,0.5311074,0.46889254
17882_geowiki-landcover-2017,0.4275885,0.5724115
3093_croplands,0.6672385,0.33276153
24411_geowiki-landcover-2017,0.30023736,0.69976264
29402_geowiki-landcover-2017,0.3002049,0.6997951
7876_canada,0.5311081,0.46889195
24033_geowiki-landcover-2017,0.51845914,0.4815409
35608_geowiki-landcover-2017,0.6521429,0.3478571
5345_ile-de-france,0.30020502,0.699795
2005_tanzania-ceo,0.63585734,0.3641426
770_rwanda-ceo,0.75250787,0.24749209
2310_canada,0.427583,0.57241696
14695_croplands,0.41526917,0.5847308
5762_ile-de-france,0.300205,0.699795
320_kenya-non-crop,0.75249916,0.24750087
12820_croplands,0.5311686,0.46883145
34925_geowiki-landcover-2017,0.30020633,0.6997937
1834_canada,0.30020514,0.6997949
380_ile-de-france,0.3002053,0.6997947
2286_martinique-france,0.64752454,0.3524754
14936_croplands,0.53110904,0.468891
160_martinique-france,0.5311119,0.46888807
21105_geowiki-landcover-2017,0.647518,0.352482
1016_rwanda-ceo,0.75250685,0.2474931
3080_central-asia,0.5310273,0.46897262
10863_geowiki-landcover-2017,0.3002051,0.6997949
15_mali,0.30020514,0.6997949
18446_geowiki-landcover-2017,0.7524976,0.2475024
1_canada,0.42758307,0.57241696
536_croplands,0.39412427,0.60587573
273_martinique-france,0.53111666,0.46888334
1703_ile-de-france,0.30020502,0.699795
1871_geowiki-landcover-2017,0.5352213,0.4647787
11484_geowiki-landcover-2017,0.652144,0.34785596
6467_geowiki-landcover-2017,0.4103119,0.5896881
1084_kenya-non-crop,0.6672349,0.33276513
29550_geowiki-landcover-2017,0.42757744,0.57242256
391_tanzania-rice-ecaas,0.63585687,0.36414307
1105_reunion-france,0.6672381,0.33276194
10241_geowiki-landcover-2017,0.65214336,0.34785664
4355_central-asia,0.30020615,0.6997939
4957_central-asia,0.3002049,0.6997951
4387_geowiki-landcover-2017,0.51338387,0.48661616
17695_geowiki-landcover-2017,0.30020487,0.6997951
15469_geowiki-landcover-2017,0.5311093,0.46889073
3099_geowiki-landcover-2017,0.42760205,0.572398
90_sudan,0.5311221,0.46887788
1622_tanzania-ceo,0.75250816,0.24749187
27241_geowiki-landcover-2017,0.6521433,0.34785673
2114_martinique-france,0.7524855,0.24751441
30995_geowiki-landcover-2017,0.5311086,0.4688914
1155_kenya-non-crop,0.75250787,0.24749209
1302_canada,0.30020493,0.69979507
17072_geowiki-landcover-2017,0.53108084,0.46891916
2904_croplands,0.5352201,0.46477988
661_togo,0.41521516,0.5847848
840_tanzania-ceo,0.6672388,0.3327612
270_ile-de-france,0.5311089,0.46889105
326_lem-brazil,0.63597864,0.36402136
175_ile-de-france,0.53110874,0.4688912
2269_geowiki-landcover-2017,0.5528425,0.44715744
257_reunion-france,0.75250715,0.2474929
830_canada,0.42756206,0.572438
34953_geowiki-landcover-2017,0.6521435,0.3478565
27000_geowiki-landcover-2017,0.5311084,0.46889162
81_kenya,0.66723824,0.33276176
5148_canada,0.5311027,0.4688973
46_lem-brazil,0.6672379,0.33276212
1078_germany,0.5311095,0.46889046
2705_canada,0.30020493,0.699795
921_germany,0.53110886,0.46889117
151_tanzania,0.63585705,0.36414292
32425_geowiki-landcover-2017,0.42735142,0.5726486
8666_geowiki-landcover-2017,0.6371449,0.3628551
402_mali-helmets-labelling-crops,0.30020642,0.69979364
735_central-asia,0.30023244,0.6997676
37_tanzania-ceo,0.75250757,0.24749245
33582_geowiki-landcover-2017,0.41521615,0.58478385
13836_croplands,0.6358569,0.36414307
698_ethiopia,0.6672376,0.33276242
18132_geowiki-landcover-2017,0.667238,0.33276206
3590_central-asia,0.3002049,0.69979507
14210_geowiki-landcover-2017,0.4102911,0.5897089
7077_geowiki-landcover-2017,0.6521436,0.3478564
1489_geowiki-landcover-2017,0.51845884,0.48154113
155_martinique-france,0.55202866,0.44797134
13850_geowiki-landcover-2017,0.64751804,0.3524819
5516_canada,0.3002049,0.69979507
4220_ile-de-france,0.53110904,0.468891
1908_kenya-non-crop,0.7525066,0.2474934
4154_ile-de-france,0.5310988,0.46890116
6478_canada,0.3002049,0.6997951
6605_geowiki-landcover-2017,0.39412937,0.60587066
546_central-asia,0.3002053,0.69979465
2725_rwanda-ceo,0.75250715,0.24749285
9208_croplands,0.55284643,0.44715354
399_reunion-france,0.65214235,0.34785765
12469_croplands,0.518459,0.48154095
3908_geowiki-landcover-2017,0.4102907,0.58970934
157_tanzania-rice-ecaas,0.6358569,0.36414307
34714_geowiki-landcover-2017,0.53110856,0.46889144
11254_geowiki-landcover-2017,0.4275968,0.5724032
11630_geowiki-landcover-2017,0.75250757,0.24749245
387_sudan,0.53111124,0.46888873
197_ethiopia,0.53522044,0.46477956
16551_geowiki-landcover-2017,0.55303526,0.4469647
32484_geowiki-landcover-2017,0.54777944,0.4522206
31233_geowiki-landcover-2017,0.6521364,0.34786364
24218_geowiki-landcover-2017,0.53519994,0.46480003
4848_ile-de-france,0.39413124,0.60586876
67_sudan,0.6521429,0.3478571
5640_ile-de-france,0.30020502,0.699795
2391_canada,0.42757308,0.572427
1691_geowiki-landcover-2017,0.75250775,0.24749227
3014_central-asia,0.39412367,0.6058764
1960_tanzania-ceo,0.552843,0.44715708
1689_rwanda-ceo,0.6358564,0.36414358
15491_geowiki-landcover-2017,0.42758417,0.5724159
27807_geowiki-landcover-2017,0.5477819,0.45221812
2803_central-asia,0.3002051,0.6997949
4883_geowiki-landcover-2017,0.5528428,0.44715714
2834_central-asia,0.3002054,0.6997946
4070_canada,0.30020523,0.69979477
9485_geowiki-landcover-2017,0.65214384,0.34785616
4093_ile-de-france,0.39412415,0.60587585
26419_geowiki-landcover-2017,0.5311083,0.4688917
474_croplands,0.41028973,0.5897103
10674_croplands,0.53522015,0.46477985
140_lem-brazil,0.6672335,0.3327665
4339_geowiki-landcover-2017,0.5478137,0.4521863
5745_ile-de-france,0.5311083,0.4688917
28621_geowiki-landcover-2017,0.30020544,0.69979453
6313_geowiki-landcover-2017,0.42758393,0.572416
14_martinique-france,0.6513957,0.3486043
3771_canada,0.30020496,0.699795
2526_kenya-non-crop,0.75248104,0.247519
1399_kenya-non-crop,0.6672378,0.33276218
23613_geowiki-landcover-2017,0.5311086,0.46889135
2258_croplands,0.5352196,0.46478045
2039_ile-de-france,0.3002067,0.6997933
18189_geowiki-landcover-2017,0.39412412,0.60587585
1267_rwanda-ceo,0.66723835,0.33276165
1643_germany,0.4275839,0.5724161
27348_geowiki-landcover-2017,0.5184591,0.48154095
508_martinique-france,0.6475204,0.35247955
3570_rwanda-ceo,0.75250804,0.24749196
28740_geowiki-landcover-2017,0.42758393,0.572416
3906_central-asia,0.531109,0.46889102
5620_canada,0.53110075,0.46889922
2732_central-asia,0.3002055,0.6997945
29013_geowiki-landcover-2017,0.30020538,0.6997946
3064_ile-de-france,0.3002051,0.6997949
730_tanzania-ceo,0.75250655,0.24749346
838_mali-helmets-labelling-crops,0.30020502,0.69979495
651_mali-helmets-labelling-crops,0.30020857,0.69979143
21156_geowiki-landcover-2017,0.39412427,0.60587573
549_canada,0.42758393,0.572416
17250_geowiki-landcover-2017,0.6475296,0.3524704
6783_geowiki-landcover-2017,0.42758426,0.5724157
7058_geowiki-landcover-2017,0.6521358,0.3478642
8655_geowiki-landcover-2017,0.42759055,0.57240945
7538_geowiki-landcover-2017,0.30020618,0.6997939
24473_geowiki-landcover-2017,0.6475198,0.3524802
370_tanzania-ceo,0.66723824,0.33276176
3237_central-asia,0.30020487,0.6997951
7747_geowiki-landcover-2017,0.5311085,0.46889147
10060_croplands,0.6672382,0.3327618
6421_canada,0.42758363,0.57241637
7212_geowiki-landcover-2017,0.30020517,0.69979477
12877_croplands,0.30023915,0.69976085
29969_geowiki-landcover-2017,0.5311082,0.4688918
24788_geowiki-landcover-2017,0.42758307,0.5724169
27880_geowiki-landcover-2017,0.54781234,0.4521876
697_martinique-france,0.4276024,0.5723976
2122_canada,0.42758363,0.57241637
4621_ile-de-france,0.39412406,0.6058759
2810_ile-de-france,0.30020505,0.69979495
5303_geowiki-landcover-2017,0.6475198,0.35248014
2210_geowiki-landcover-2017,0.53110987,0.46889013
12188_geowiki-landcover-2017,0.513384,0.486616
2279_reunion-france,0.75250715,0.24749285
5943_ile-de-france,0.39412412,0.60587585
3977_canada,0.42758313,0.5724169
994_croplands,0.64751726,0.35248274
3146_canada,0.42758143,0.57241863
17626_geowiki-landcover-2017,0.5477909,0.4522091
6059_croplands,0.65308475,0.34691525
835_mali-helmets-labelling-crops,0.30020493,0.69979507
217_central-asia,0.39412445,0.60587555
1956_tanzania-ceo,0.7525066,0.24749342
6848_croplands,0.5352219,0.46477818
1409_croplands,0.64751977,0.3524803
26001_geowiki-landcover-2017,0.54781395,0.45218602
739_croplands,0.30020493,0.699795
1661_martinique-france,0.6513957,0.3486043
1897_rwanda-ceo,0.7525078,0.24749221
2606_kenya-non-crop,0.6672386,0.33276135
1195_tanzania-ceo,0.75250816,0.24749187
30115_geowiki-landcover-2017,0.5528426,0.44715744
3333_ile-de-france,0.30020505,0.6997949
1275_canada,0.3002049,0.6997951
1502_rwanda-ceo,0.7525077,0.24749234
255_germany,0.5311087,0.46889132
25648_geowiki-landcover-2017,0.54782,0.45218006
1018_mali-helmets-labelling-crops,0.4275822,0.5724178
2640_central-asia,0.3002056,0.6997944
25784_geowiki-landcover-2017,0.4102904,0.5897096
117_ile-de-france,0.300205,0.699795
817_tanzania-ceo,0.5528428,0.44715723
2100_kenya-non-crop,0.53522056,0.4647795
908_central-asia,0.30020532,0.69979465
25120_geowiki-landcover-2017,0.7525077,0.24749234
6446_canada,0.30020493,0.699795
28067_geowiki-landcover-2017,0.531109,0.468891
16142_geowiki-landcover-2017,0.55284274,0.44715723
2320_martinique-france,0.67897993,0.32102
1115_tanzania-ceo,0.55284375,0.44715625
32481_geowiki-landcover-2017,0.3002049,0.6997951
547_ethiopia,0.5480261,0.45197392
5263_canada,0.30020535,0.69979465
5433_geowiki-landcover-2017,0.51337725,0.48662275
27_zimbabwe,0.752505,0.24749504
1467_germany,0.4275846,0.5724154
27624_geowiki-landcover-2017,0.41029322,0.5897068
23489_geowiki-landcover-2017,0.53110963,0.4688904
6528_canada,0.300205,0.699795
12404_geowiki-landcover-2017,0.65214276,0.34785727
4351_central-asia,0.3002076,0.6997924
7343_canada,0.30020493,0.699795
14934_croplands,0.5311092,0.46889073
5060_canada,0.30020487,0.6997951
5787_geowiki-landcover-2017,0.42758378,0.5724162
4409_geowiki-landcover-2017,0.41029054,0.58970946
10040_croplands,0.5352212,0.4647788
604_togo,0.6521435,0.34785655
237_tanzania-rice-ecaas,0.6358569,0.36414307
7287_canada,0.3002049,0.69979507
4025_canada,0.30020544,0.69979453
29842_geowiki-landcover-2017,0.6358568,0.36414316
13587_croplands,0.4152165,0.5847835
24802_geowiki-landcover-2017,0.41042203,0.58957803
6303_geowiki-landcover-2017,0.4102903,0.58970964
34553_geowiki-landcover-2017,0.5311076,0.46889243
696_central-asia,0.3002053,0.6997947
23897_geowiki-landcover-2017,0.30020666,0.69979334
4058_geowiki-landcover-2017,0.6672336,0.33276644
1436_ile-de-france,0.30020502,0.69979495
1055_mali-helmets-labelling-crops,0.30020502,0.699795
1487_reunion-france,0.6518195,0.3481805
4502_geowiki-landcover-2017,0.6669496,0.33305034
16632_geowiki-landcover-2017,0.65214384,0.34785616
9477_croplands,0.53522056,0.46477944
837_tanzania-ceo,0.6709575,0.32904252
5359_ile-de-france,0.300205,0.699795
27219_geowiki-landcover-2017,0.547763,0.45223704
1648_central-asia,0.30024895,0.699751
2542_ile-de-france,0.39349318,0.6065068
28052_geowiki-landcover-2017,0.30020523,0.69979477
13732_croplands,0.652144,0.34785601
34128_geowiki-landcover-2017,0.42756817,0.57243186
5147_central-asia,0.30020496,0.699795
1444_germany,0.42758387,0.5724161
8814_geowiki-landcover-2017,0.6475199,0.3524801
439_mali-helmets-labelling-crops,0.3002053,0.6997947
8544_croplands,0.53521967,0.46478036
1615_ile-de-france,0.53110886,0.46889114
1155_canada,0.42758405,0.57241595
4356_geowiki-landcover-2017,0.6475198,0.3524801
1500_ile-de-france,0.30020496,0.699795
6_mali-non-crop,0.5311038,0.46889618
960_reunion-france,0.6521414,0.34785858
6463_canada,0.30020493,0.69979507
31255_geowiki-landcover-2017,0.42758423,0.57241577
1217_togo,0.30021557,0.69978446
478_mali-helmets-labelling-crops,0.42758387,0.5724161
1673_central-asia,0.3002055,0.69979453
26793_geowiki-landcover-2017,0.41029054,0.58970946
80_lem-brazil,0.5352203,0.46477965
4089_canada,0.30020595,0.69979405
1774_rwanda-ceo,0.63585955,0.3641404
332_tanzania-ceo,0.55283886,0.44716114
2655_central-asia,0.3002069,0.69979316
754_croplands,0.41521603,0.584784
357_tanzania,0.6358573,0.36414275
357_ile-de-france,0.5311069,0.4688931
33211_geowiki-landcover-2017,0.42758387,0.5724161
25217_geowiki-landcover-2017,0.64751965,0.35248038
4730_croplands,0.6672144,0.3327856
467_togo,0.41520935,0.58479065
18544_geowiki-landcover-2017,0.7525081,0.24749191
4051_canada,0.53110796,0.46889204
7489_canada,0.3002053,0.69979465
1597_ile-de-france,0.3002057,0.6997943
5819_canada,0.30020493,0.69979507
3706_ile-de-france,0.39412263,0.6058774
52_lem-brazil,0.63592356,0.36407644
342_reunion-france,0.7525074,0.24749257
15666_geowiki-landcover-2017,0.5500991,0.44990098
22304_geowiki-landcover-2017,0.53110874,0.4688912
360_ile-de-france,0.53110856,0.4688914
3543_ile-de-france,0.394124,0.605876
9682_geowiki-landcover-2017,0.7525073,0.24749267
2172_geowiki-landcover-2017,0.66723555,0.33276442
206_ethiopia,0.5132441,0.48675588
2350_rwanda-ceo,0.7525077,0.24749236
3623_central-asia,0.300205,0.699795
28186_geowiki-landcover-2017,0.30020505,0.69979495
25566_geowiki-landcover-2017,0.41524485,0.5847552
18276_geowiki-landcover-2017,0.5478139,0.4521861
24659_geowiki-landcover-2017,0.3002064,0.69979364
554_canada,0.4275805,0.57241946
4138_ile-de-france,0.3002052,0.69979477
1533_tanzania-ceo,0.7525078,0.24749222
9275_geowiki-landcover-2017,0.65214354,0.34785643
237_lem-brazil,0.63585657,0.3641434
684_kenya-non-crop,0.667234,0.33276603
25484_geowiki-landcover-2017,0.54720014,0.45279983
253_sudan,0.53111535,0.46888462
33847_geowiki-landcover-2017,0.42917302,0.570827
74_tanzania-ceo,0.66787386,0.3321261
25323_geowiki-landcover-2017,0.39412397,0.605876
2654_canada,0.30020493,0.69979507
22475_geowiki-landcover-2017,0.42853066,0.57146937
22281_geowiki-landcover-2017,0.39422676,0.6057732
11947_geowiki-landcover-2017,0.54781365,0.45218632
691_reunion-france,0.7525076,0.2474924
34_mali-helmets-labelling-crops,0.3002053,0.6997947
34_germany,0.300205,0.699795
30536_geowiki-landcover-2017,0.40916586,0.59083414
32606_geowiki-landcover-2017,0.75250524,0.24749477
4263_central-asia,0.54733914,0.45266086
7905_canada,0.64749074,0.3525093
2377_reunion-france,0.66723734,0.33276263
20361_geowiki-landcover-2017,0.6475197,0.3524803
32709_geowiki-landcover-2017,0.42758384,0.5724162
2240_central-asia,0.30020502,0.699795
33532_geowiki-landcover-2017,0.30020735,0.6997927
2552_ile-de-france,0.39412403,0.6058759
27990_geowiki-landcover-2017,0.647517,0.35248291
23192_geowiki-landcover-2017,0.5311092,0.4688908
2852_central-asia,0.3002054,0.6997946
6078_canada,0.3002049,0.6997951
4147_ile-de-france,0.5308578,0.46914214
10769_croplands,0.53521985,0.4647801
1554_central-asia,0.30020505,0.69979495
14761_geowiki-landcover-2017,0.54781395,0.45218605
10745_croplands,0.66723764,0.33276236
665_reunion-france,0.7525081,0.24749191
776_lem-brazil,0.75250715,0.24749285
10612_geowiki-landcover-2017,0.42758393,0.57241607
19913_geowiki-landcover-2017,0.53110886,0.46889114
75_kenya,0.66723776,0.33276224
938_martinique-france,0.6380432,0.3619568
18761_geowiki-landcover-2017,0.513383,0.48661703
2424_reunion-france,0.60432357,0.39567643
2286_germany,0.30020514,0.6997949
98_kenya,0.6672377,0.33276227
4547_canada,0.30020493,0.69979507
5389_ile-de-france,0.30020505,0.69979495
30189_geowiki-landcover-2017,0.5311155,0.46888456
12482_croplands,0.6521434,0.34785664
19268_geowiki-landcover-2017,0.531109,0.46889102
3323_central-asia,0.300205,0.699795
2063_ile-de-france,0.53110874,0.46889123
1967_kenya-non-crop,0.6521445,0.34785554
2689_canada,0.3002051,0.6997949
2635_rwanda-ceo,0.7523371,0.24766293
4826_ile-de-france,0.30020502,0.699795
22432_geowiki-landcover-2017,0.39404672,0.60595334
8813_geowiki-landcover-2017,0.54781395,0.4521861
509_mali-helmets-labelling-crops,0.30020532,0.69979465
2760_reunion-france,0.6358571,0.3641429
33840_geowiki-landcover-2017,0.54780734,0.45219263
5538_ile-de-france,0.3002051,0.6997949
17188_geowiki-landcover-2017,0.547814,0.452186
810_martinique-france,0.6358311,0.36416885
683_lem-brazil,0.6672383,0.3327617
4681_ile-de-france,0.30020505,0.69979495
1100_croplands,0.4152145,0.5847855
4799_ile-de-france,0.30020514,0.6997949
5473_canada,0.3941239,0.6058761
5327_geowiki-landcover-2017,0.64750594,0.352494
2352_tanzania-ceo,0.7525079,0.24749205
6010_ile-de-france,0.53110904,0.468891
972_ile-de-france,0.3004786,0.69952136
3143_ile-de-france,0.30020505,0.69979495
253_ethiopia,0.41029122,0.5897088
32666_geowiki-landcover-2017,0.53110904,0.468891
3004_canada,0.42758432,0.57241565
35151_geowiki-landcover-2017,0.30021,0.69979
35785_geowiki-landcover-2017,0.30020484,0.6997952
595_germany,0.3002049,0.69979507
72_tanzania-rice-ecaas,0.635857,0.36414298
1719_germany,0.39412406,0.6058759
10711_croplands,0.5352549,0.46474507
7854_canada,0.39412424,0.60587573
229_uganda,0.54781353,0.4521865
352_geowiki-landcover-2017,0.6672343,0.33276567
1653_rwanda-ceo,0.66723853,0.3327615
151_togo,0.41521406,0.58478594
280_canada,0.4275836,0.5724164
2326_central-asia,0.30020505,0.69979495
1314_tanzania-ceo,0.552843,0.44715703
4894_canada,0.30020642,0.69979364
304_ile-de-france,0.53110874,0.46889126
4549_croplands,0.5184497,0.4815503
34228_geowiki-landcover-2017,0.42758992,0.5724101
29057_geowiki-landcover-2017,0.42758292,0.57241714
5590_ile-de-france,0.300205,0.699795
1864_geowiki-landcover-2017,0.5527175,0.44728252
2599_central-asia,0.3002051,0.6997949
2806_rwanda-ceo,0.7525078,0.24749218
27433_geowiki-landcover-2017,0.65214634,0.3478537
4351_ile-de-france,0.53110904,0.46889096
2335_kenya-non-crop,0.7524965,0.2475035
4224_ile-de-france,0.39412308,0.6058769
2196_rwanda-ceo,0.7525074,0.24749257
92_tanzania-rice-ecaas,0.5352206,0.4647794
6586_canada,0.3941248,0.60587513
26696_geowiki-landcover-2017,0.5311091,0.46889088
372_tanzania,0.63585705,0.36414295
735_germany,0.53110915,0.46889088
6485_geowiki-landcover-2017,0.6475198,0.3524802
1272_reunion-france,0.7525058,0.24749424
467_tanzania-rice-ecaas,0.6358569,0.36414307
19212_geowiki-landcover-2017,0.5478139,0.4521861
12300_geowiki-landcover-2017,0.66723233,0.33276767
1589_kenya-non-crop,0.6358567,0.3641433
1360_central-asia,0.42758211,0.5724179
25085_geowiki-landcover-2017,0.6521518,0.34784818
291_canada,0.4275837,0.57241625
331_canada,0.42758408,0.5724159
2696_canada,0.3002051,0.6997949
2107_rwanda-ceo,0.63591504,0.36408493
1588_kenya-non-crop,0.63585657,0.36414337
1842_rwanda-ceo,0.75250787,0.24749213
3468_ile-de-france,0.300205,0.699795
3886_geowiki-landcover-2017,0.30020607,0.69979393
29743_geowiki-landcover-2017,0.53110886,0.46889114
394_geowiki-landcover-2017,0.6521435,0.34785655
6712_croplands,0.6358565,0.36414346
31_ile-de-france,0.39412415,0.60587585
21600_geowiki-landcover-2017,0.5528483,0.44715172
558_rwanda-ceo,0.7525063,0.24749364
786_martinique-france,0.39437056,0.6056295
11092_geowiki-landcover-2017,0.75250787,0.24749209
13474_geowiki-landcover-2017,0.6521436,0.3478564
147_sudan,0.46316,0.53683996
9563_croplands,0.66722727,0.3327727
4369_geowiki-landcover-2017,0.5133835,0.4866165
4649_central-asia,0.3002051,0.6997949
6017_canada,0.30020502,0.699795
33043_geowiki-landcover-2017,0.6471945,0.35280544
6362_canada,0.30023494,0.6997651
1058_togo,0.3941402,0.6058598
5685_ile-de-france,0.30021143,0.6997885
2419_reunion-france,0.6521439,0.34785613
6028_croplands,0.41522038,0.5847796
22554_geowiki-landcover-2017,0.39412412,0.6058759
2482_central-asia,0.30020502,0.69979495
2876_central-asia,0.30020517,0.69979477
2229_martinique-france,0.652134,0.34786603
7616_geowiki-landcover-2017,0.65214247,0.34785753
1386_ile-de-france,0.53110874,0.46889123
145_ethiopia,0.41037866,0.5896213
23868_geowiki-landcover-2017,0.53110844,0.46889156
58_sudan,0.41522282,0.58477724
27249_geowiki-landcover-2017,0.3002049,0.6997951
802_martinique-france,0.53111595,0.46888405
1649_tanzania-ceo,0.5528425,0.4471575
582_croplands,0.42758417,0.57241577
33304_geowiki-landcover-2017,0.3002049,0.6997951
15165_geowiki-landcover-2017,0.66723806,0.33276194
7094_canada,0.42758405,0.57241595
1163_rwanda-ceo,0.7525063,0.24749364
4594_geowiki-landcover-2017,0.5184591,0.48154092
5634_canada,0.30020493,0.69979507
443_ile-de-france,0.42753777,0.57246226
4465_central-asia,0.42758465,0.5724153
4376_canada,0.3002088,0.6997912
22811_geowiki-landcover-2017,0.5311087,0.46889132
10576_croplands,0.6358562,0.3641438
432_reunion-france,0.6445549,0.35544506
2547_canada,0.4275833,0.5724167
14557_croplands,0.6358536,0.36414644
1934_germany,0.53110886,0.46889114
19092_geowiki-landcover-2017,0.6474932,0.3525068
1247_martinique-france,0.39436793,0.6056321
18274_geowiki-landcover-2017,0.5478143,0.45218575
3865_central-asia,0.3002064,0.69979364
142_ile-de-france,0.300205,0.699795
16873_geowiki-landcover-2017,0.66723824,0.33276176
4996_geowiki-landcover-2017,0.5478139,0.4521861
5710_geowiki-landcover-2017,0.5478141,0.45218593
3378_geowiki-landcover-2017,0.42758232,0.5724177
1803_germany,0.30020785,0.69979215
154_tanzania-rice-ecaas,0.6358568,0.36414322
2456_central-asia,0.53110653,0.4688935
1269_kenya-non-crop,0.6475204,0.35247952
467_ile-de-france,0.300205,0.699795
6155_ile-de-france,0.5311094,0.4688906
2214_central-asia,0.30020523,0.69979477
2371_kenya-non-crop,0.53535783,0.46464217
1493_germany,0.5311091,0.46889094
3010_geowiki-landcover-2017,0.42758355,0.5724164
3192_geowiki-landcover-2017,0.6475179,0.3524821
15845_geowiki-landcover-2017,0.6521438,0.34785625
333_croplands,0.39412305,0.605877
6870_croplands,0.66723806,0.33276194
7805_canada,0.42758307,0.5724169
5777_canada,0.30020493,0.699795
3336_canada,0.53110874,0.4688912
1225_mali-helmets-labelling-crops,0.30020517,0.69979477
4889_croplands,0.5352183,0.4647817
1420_tanzania-ceo,0.65214527,0.34785473
4659_central-asia,0.3002053,0.6997947
919_martinique-france,0.39436513,0.60563487
357_ethiopia,0.53519714,0.46480292
883_mali-helmets-labelling-crops,0.3002053,0.69979465
588_reunion-france,0.6358559,0.3641441
247_lem-brazil,0.63585687,0.36414313
1043_croplands,0.531104,0.4688959
2024_tanzania-ceo,0.5352203,0.46477965
1352_tanzania-ceo,0.7525078,0.24749218
1837_martinique-france,0.6521348,0.34786525
1725_germany,0.39412367,0.6058763
9135_croplands,0.41521573,0.58478427
3441_central-asia,0.39412412,0.6058759
4841_ile-de-france,0.300205,0.699795
11125_geowiki-landcover-2017,0.66723824,0.33276176
75_sudan,0.531112,0.46888798
3512_rwanda-ceo,0.7525008,0.24749918
2783_rwanda-ceo,0.6358573,0.3641427
9397_croplands,0.6521388,0.34786117
33750_geowiki-landcover-2017,0.5311123,0.46888772
7393_geowiki-landcover-2017,0.6521417,0.34785828
619_reunion-france,0.6358558,0.36414415
2748_reunion-france,0.6521435,0.34785655
3409_rwanda-ceo,0.6672379,0.3327621
2618_ile-de-france,0.30020845,0.6997915
9509_croplands,0.53522,0.46477997
3630_ile-de-france,0.39411744,0.6058826
248_martinique-france,0.42760095,0.5723991
1279_martinique-france,0.6513985,0.34860155
238_sudan,0.652145,0.34785494
35_ethiopia,0.41031915,0.58968085
11548_croplands,0.41521674,0.58478326
3605_ile-de-france,0.42758507,0.57241493
3694_canada,0.42757356,0.57242644
9528_geowiki-landcover-2017,0.65213436,0.3478656
255_lem-brazil,0.6672787,0.3327213
2044_tanzania-ceo,0.7525056,0.24749441
2906_ile-de-france,0.5301492,0.46985084
7466_canada,0.5311086,0.4688914
5004_central-asia,0.30020487,0.6997951
29049_geowiki-landcover-2017,0.30020854,0.6997915
967_ile-de-france,0.53110915,0.46889088
1868_ile-de-france,0.300205,0.699795
4432_croplands,0.41512474,0.5848752
1988_canada,0.42758307,0.5724169
1259_martinique-france,0.66649485,0.33350512
2717_ile-de-france,0.5311065,0.46889356
576_tanzania-ceo,0.6521437,0.34785634
32045_geowiki-landcover-2017,0.5311073,0.46889275
780_croplands,0.300205,0.699795
10534_croplands,0.635857,0.36414307
1450_central-asia,0.30020767,0.6997923
5111_central-asia,0.30024332,0.69975674
4557_central-asia,0.3023453,0.6976547
4735_croplands,0.5184576,0.4815424
15916_geowiki-landcover-2017,0.5478137,0.45218626
34895_geowiki-landcover-2017,0.42758393,0.57241607
5145_canada,0.30020493,0.69979507
492_mali-helmets-labelling-crops,0.30020532,0.69979465
4218_geowiki-landcover-2017,0.41029054,0.58970946
822_lem-brazil,0.7525035,0.24749655
643_kenya-non-crop,0.7525055,0.24749452
1928_ile-de-france,0.300205,0.699795
540_canada,0.42758313,0.5724169
6867_canada,0.5184589,0.48154107
33242_geowiki-landcover-2017,0.5528425,0.44715744
2072_canada,0.4275833,0.5724167
2675_canada,0.3002049,0.69979507
6341_geowiki-landcover-2017,0.64751977,0.35248026
25151_geowiki-landcover-2017,0.5528421,0.4471579
1756_geowiki-landcover-2017,0.6671829,0.33281714
1135_germany,0.3002049,0.69979507
32960_geowiki-landcover-2017,0.6521395,0.3478605
2938_ile-de-france,0.42758402,0.572416
30677_geowiki-landcover-2017,0.30021542,0.69978464
1935_geowiki-landcover-2017,0.75250804,0.247492
1038_rwanda-ceo,0.63172936,0.36827067
1075_mali-helmets-labelling-crops,0.3002052,0.69979477
1143_geowiki-landcover-2017,0.6475297,0.35247022
1805_geowiki-landcover-2017,0.6475183,0.35248172
2516_geowiki-landcover-2017,0.53111935,0.46888065
2735_canada,0.30023375,0.6997662
7800_geowiki-landcover-2017,0.6475183,0.35248178
6482_geowiki-landcover-2017,0.5184972,0.48150274
2495_reunion-france,0.6672384,0.33276156
2644_canada,0.30020618,0.6997939
10882_geowiki-landcover-2017,0.41029242,0.58970755
31352_geowiki-landcover-2017,0.66723776,0.33276224
217_ethiopia,0.5133726,0.4866274
995_ile-de-france,0.5311091,0.46889094
262_reunion-france,0.6521209,0.34787905
5741_geowiki-landcover-2017,0.65160716,0.34839284
5471_canada,0.3002049,0.69979507
684_tanzania-ceo,0.75250727,0.24749276
1834_germany,0.30020514,0.6997949
1764_germany,0.531109,0.46889105
289_germany,0.53110886,0.46889114
388_kenya-non-crop,0.75245464,0.24754535
477_martinique-france,0.42771444,0.57228553
2752_geowiki-landcover-2017,0.42758355,0.5724165
33461_geowiki-landcover-2017,0.53110874,0.46889123
825_geowiki-landcover-2017,0.41499773,0.5850023
1948_reunion-france,0.7525074,0.24749263
1571_ile-de-france,0.5311083,0.4688917
1979_germany,0.5311079,0.46889207
27674_geowiki-landcover-2017,0.42758378,0.5724162
16547_geowiki-landcover-2017,0.42758492,0.5724151
216_mali-helmets-labelling-crops,0.39412463,0.60587543
2681_central-asia,0.30020535,0.69979465
20390_geowiki-landcover-2017,0.54781413,0.45218587
427_martinique-france,0.7518907,0.24810927
191_ethiopia,0.41031778,0.5896822
5164_geowiki-landcover-2017,0.5478138,0.45218623
388_mali-helmets-labelling-crops,0.30020642,0.69979364
2410_canada,0.4275839,0.5724161
2888_croplands,0.75250727,0.24749272
15547_geowiki-landcover-2017,0.4275838,0.5724162
5560_ile-de-france,0.300205,0.699795
228_croplands,0.39412388,0.6058761
8454_geowiki-landcover-2017,0.6475198,0.35248014
29015_geowiki-landcover-2017,0.51338303,0.48661694
628_croplands,0.42758393,0.57241607
2577_canada,0.4275839,0.5724161
283_sudan,0.54781324,0.45218673
2838_ile-de-france,0.531109,0.46889102
4427_central-asia,0.30020517,0.6997948
434_kenya-non-crop,0.53522,0.46478
1099_germany,0.30020562,0.6997944
1067_central-asia,0.3002051,0.6997949
210_sudan,0.5184566,0.4815434
29595_geowiki-landcover-2017,0.39404625,0.60595375
5768_ile-de-france,0.30020493,0.699795
784_central-asia,0.42758355,0.5724165
1041_central-asia,0.39412394,0.605876
3488_rwanda-ceo,0.6358571,0.3641429
1993_reunion-france,0.75249,0.24750999
501_rwanda-ceo,0.64751816,0.35248184
5960_ile-de-france,0.531109,0.46889102
2031_geowiki-landcover-2017,0.6521431,0.34785694
469_canada,0.42758426,0.57241577
32_ile-de-france,0.30022925,0.69977075
1230_kenya-non-crop,0.6672373,0.3327627
10714_croplands,0.53483206,0.46516788
27086_geowiki-landcover-2017,0.6521435,0.34785655
1359_tanzania-ceo,0.75250816,0.24749187
785_mali-helmets-labelling-crops,0.300205,0.699795
2162_geowiki-landcover-2017,0.7525077,0.24749231
3369_geowiki-landcover-2017,0.3941239,0.6058761
2592_rwanda-ceo,0.535219,0.464781
4920_geowiki-landcover-2017,0.65214217,0.34785777
34275_geowiki-landcover-2017,0.3941243,0.6058757
1168_canada,0.42758393,0.57241607
2506_geowiki-landcover-2017,0.6475196,0.3524804
1442_rwanda-ceo,0.63585716,0.36414284
2569_canada,0.42758408,0.57241595
8934_geowiki-landcover-2017,0.42758444,0.57241553
12474_croplands,0.41526347,0.5847365
4909_ile-de-france,0.3002051,0.6997949
12843_croplands,0.30021513,0.6997849
409_tanzania-ceo,0.6358567,0.3641433
1220_togo,0.42759582,0.5724042
1253_geowiki-landcover-2017,0.63584596,0.364154
8133_geowiki-landcover-2017,0.5528431,0.4471569
453_ile-de-france,0.30020505,0.69979495
3023_central-asia,0.30020577,0.6997942
2229_reunion-france,0.6521416,0.34785837
113_geowiki-landcover-2017,0.65214384,0.34785616
2202_reunion-france,0.7525081,0.24749191
35104_geowiki-landcover-2017,0.42758387,0.5724161
967_croplands,0.5528427,0.4471573
596_martinique-france,0.39412734,0.60587263
2079_reunion-france,0.6358576,0.36414248
555_central-asia,0.30020583,0.6997941
13932_geowiki-landcover-2017,0.4275849,0.5724151
6784_canada,0.3002049,0.6997951
924_canada,0.30020493,0.69979507
5732_canada,0.3002049,0.69979507
4271_central-asia,0.30043322,0.6995668
4708_central-asia,0.427581,0.572419
42_mali-non-crop,0.39412427,0.60587573
1392_kenya-non-crop,0.6358584,0.3641416
492_tanzania-ceo,0.752506,0.247494
9442_geowiki-landcover-2017,0.5133839,0.48661608
205_tanzania-ceo,0.7525075,0.24749252
4609_ile-de-france,0.531108,0.46889198
2004_central-asia,0.30020753,0.69979244
1202_germany,0.30020547,0.69979453
3840_ile-de-france,0.5309805,0.46901944
23405_geowiki-landcover-2017,0.30020493,0.69979507
396_martinique-france,0.652129,0.347871
3441_ile-de-france,0.39412436,0.6058756
2285_germany,0.531109,0.46889102
1188_central-asia,0.30020505,0.69979495
70_tanzania-ceo,0.75250703,0.24749304
20437_geowiki-landcover-2017,0.5478141,0.45218593
32927_geowiki-landcover-2017,0.5185824,0.48141757
1050_martinique-france,0.65139216,0.34860784
610_mali-helmets-labelling-crops,0.30021068,0.6997893
4332_canada,0.30020487,0.6997951
509_tanzania-ceo,0.7525076,0.24749236
11533_geowiki-landcover-2017,0.6672385,0.33276153
30627_geowiki-landcover-2017,0.3002049,0.6997951
84_canada,0.3002049,0.69979507
9754_geowiki-landcover-2017,0.64753175,0.35246825
3829_canada,0.3002049,0.69979507
22571_geowiki-landcover-2017,0.7525033,0.24749671
383_rwanda-ceo,0.6358573,0.3641427
4915_canada,0.30020493,0.69979507
2222_germany,0.30020514,0.6997949
31224_geowiki-landcover-2017,0.3002083,0.6997917
688_mali-helmets-labelling-crops,0.42756182,0.5724382
22790_geowiki-landcover-2017,0.6475196,0.3524804
926_tanzania-ceo,0.7525075,0.24749249
2299_rwanda-ceo,0.7525082,0.24749173
3529_ile-de-france,0.3002051,0.6997949
490_tanzania-rice-ecaas,0.5352206,0.46477938
1202_togo,0.427596,0.57240397
29350_geowiki-landcover-2017,0.30020484,0.6997952
1111_togo,0.55284226,0.44715774
1060_mali-helmets-labelling-crops,0.300205,0.699795
1410_tanzania-ceo,0.75250787,0.24749213
4410_croplands,0.3002168,0.6997832
619_rwanda-ceo,0.66751206,0.3324879
599_tanzania-ceo,0.6672384,0.33276156
9525_geowiki-landcover-2017,0.41029057,0.58970946
21632_geowiki-landcover-2017,0.54781324,0.45218682
19041_geowiki-landcover-2017,0.6475164,0.3524836
3869_ile-de-france,0.42756847,0.5724315
87_tanzania-rice-ecaas,0.63585323,0.3641468
1983_tanzania-ceo,0.5528431,0.44715694
23960_geowiki-landcover-2017,0.5478138,0.4521862
9336_geowiki-landcover-2017,0.75250816,0.24749187
22141_geowiki-landcover-2017,0.30020487,0.6997951
3092_croplands,0.66723764,0.33276236
33410_geowiki-landcover-2017,0.39412346,0.60587656
29916_geowiki-landcover-2017,0.39414605,0.605854
4721_geowiki-landcover-2017,0.41521603,0.584784
11426_geowiki-landcover-2017,0.64751977,0.35248026
3573_canada,0.30020502,0.699795
1633_martinique-france,0.635849,0.36415103
10881_croplands,0.51846313,0.48153684
5194_geowiki-landcover-2017,0.5132744,0.48672563
2770_geowiki-landcover-2017,0.42758334,0.57241666
1037_rwanda-ceo,0.75250334,0.24749662
12212_geowiki-landcover-2017,0.394124,0.605876
2154_reunion-france,0.5184594,0.48154068
1682_martinique-france,0.5311275,0.46887243
3805_central-asia,0.3002053,0.6997947
783_mali-helmets-labelling-crops,0.42758283,0.57241714
27997_geowiki-landcover-2017,0.42758417,0.5724159
1342_mali-helmets-labelling-crops,0.3002053,0.6997947
6876_geowiki-landcover-2017,0.5478138,0.45218623
8854_croplands,0.5184665,0.4815335
1645_canada,0.3002051,0.6997949
14732_croplands,0.41521618,0.5847838
704_lem-brazil,0.6672354,0.33276463
724_martinique-france,0.4276021,0.5723979
2087_ile-de-france,0.39412433,0.6058757
30093_geowiki-landcover-2017,0.6521439,0.34785613
1490_germany,0.531109,0.46889102
3075_rwanda-ceo,0.63585734,0.3641427
4642_geowiki-landcover-2017,0.547814,0.45218602
19127_geowiki-landcover-2017,0.5478141,0.45218593
1837_central-asia,0.30020547,0.69979453
2072_tanzania-ceo,0.518458,0.48154196
26895_geowiki-landcover-2017,0.42758346,0.57241654
5501_geowiki-landcover-2017,0.5311086,0.4688914
1993_rwanda-ceo,0.5352224,0.4647776
6534_canada,0.42758325,0.5724167
7792_canada,0.5528383,0.44716167
1650_geowiki-landcover-2017,0.66723955,0.33276045
59_geowiki-landcover-2017,0.65205127,0.3479487
31755_geowiki-landcover-2017,0.64751315,0.35248685
800_central-asia,0.3002051,0.6997949
23434_geowiki-landcover-2017,0.6475195,0.35248044
4812_ile-de-france,0.30020505,0.69979495
431_ethiopia,0.5133838,0.48661622
7216_geowiki-landcover-2017,0.30020484,0.6997951
648_reunion-france,0.6475254,0.35247454
6577_geowiki-landcover-2017,0.42758492,0.5724151
305_germany,0.30020493,0.699795
24605_geowiki-landcover-2017,0.42758363,0.57241637
6393_geowiki-landcover-2017,0.5528426,0.4471574
6868_croplands,0.5352201,0.46477988
31617_geowiki-landcover-2017,0.5184589,0.48154107
605_ile-de-france,0.30020514,0.6997949
4586_croplands,0.39412963,0.6058703
2528_rwanda-ceo,0.63585764,0.3641424
6799_canada,0.42758355,0.5724164
12691_geowiki-landcover-2017,0.6472132,0.3527868
2251_geowiki-landcover-2017,0.6521432,0.34785685
34705_geowiki-landcover-2017,0.3002048,0.6997951
1325_rwanda-ceo,0.63585705,0.36414298
3801_central-asia,0.3002054,0.6997946
2364_canada,0.531109,0.468891
2316_rwanda-ceo,0.7525061,0.24749391
13117_geowiki-landcover-2017,0.66723716,0.3327629
87_central-asia,0.30020517,0.69979477
18848_geowiki-landcover-2017,0.42758387,0.5724161
319_sudan,0.30021104,0.6997889
16946_geowiki-landcover-2017,0.6521437,0.34785634
2326_canada,0.53110886,0.46889114
33620_geowiki-landcover-2017,0.3002051,0.6997949
6049_canada,0.30020493,0.699795
5555_canada,0.3002049,0.69979507
1641_germany,0.531109,0.46889105
29651_geowiki-landcover-2017,0.6672337,0.3327663
7779_geowiki-landcover-2017,0.5528426,0.44715744
3954_ile-de-france,0.39412406,0.6058759
23452_geowiki-landcover-2017,0.42758375,0.57241625
877_kenya-non-crop,0.7525077,0.24749231
764_rwanda-ceo,0.7525021,0.24749795
3228_central-asia,0.30020502,0.699795
1852_canada,0.30022797,0.699772
2335_ile-de-france,0.300205,0.699795
4507_central-asia,0.30020612,0.6997939
7302_canada,0.30020493,0.699795
386_kenya-non-crop,0.7525067,0.24749331
14148_croplands,0.41523048,0.5847695
2520_reunion-france,0.5184595,0.4815405
129_sudan,0.4102854,0.5897146
440_mali-helmets-labelling-crops,0.3002063,0.6997937
20783_geowiki-landcover-2017,0.65214336,0.34785664
13964_croplands,0.63585687,0.36414313
509_martinique-france,0.5311129,0.4688871
699_central-asia,0.39412358,0.60587645
27026_geowiki-landcover-2017,0.39412376,0.60587627
21302_geowiki-landcover-2017,0.6521439,0.34785607
2227_germany,0.53110904,0.46889096
34702_geowiki-landcover-2017,0.3002049,0.6997951
1271_ile-de-france,0.3002227,0.69977725
9580_geowiki-landcover-2017,0.53111154,0.46888843
291_rwanda-ceo,0.7525076,0.2474924
9491_croplands,0.5352198,0.46478018
1060_ile-de-france,0.5311084,0.46889168
57_mali-non-crop,0.53110844,0.46889156
1941_kenya-non-crop,0.41521868,0.5847813
1075_croplands,0.41521624,0.5847838
30272_geowiki-landcover-2017,0.531101,0.468899
24791_geowiki-landcover-2017,0.7524782,0.24752179
20589_geowiki-landcover-2017,0.6358573,0.3641427
25306_geowiki-landcover-2017,0.531109,0.468891
2518_rwanda-ceo,0.63586247,0.36413756
19669_geowiki-landcover-2017,0.6521437,0.34785634
2586_reunion-france,0.5184671,0.48153287
5006_central-asia,0.3002049,0.6997951
3283_canada,0.5133941,0.48660588
3358_geowiki-landcover-2017,0.547807,0.45219302
2134_kenya-non-crop,0.7525077,0.24749231
73_canada,0.30020657,0.6997934
2920_geowiki-landcover-2017,0.4275837,0.57241625
3657_ile-de-france,0.4275833,0.5724167
366_mali-helmets-labelling-crops,0.30020648,0.6997935
29974_geowiki-landcover-2017,0.41521645,0.58478355
1759_kenya-non-crop,0.7525081,0.24749191
77_rwanda-ceo,0.75249904,0.24750091
32974_geowiki-landcover-2017,0.6475217,0.3524783
1246_germany,0.42726263,0.57273734
35296_geowiki-landcover-2017,0.39412433,0.6058757
1181_germany,0.531107,0.468893
1150_kenya-non-crop,0.75250804,0.247492
4729_ile-de-france,0.3002051,0.6997949
15919_geowiki-landcover-2017,0.41520572,0.5847942
6940_canada,0.42758378,0.57241625
2580_ile-de-france,0.42758226,0.57241774
34712_geowiki-landcover-2017,0.30024743,0.69975257
871_tanzania-ceo,0.75250787,0.24749209
22737_geowiki-landcover-2017,0.64752185,0.35247815
25482_geowiki-landcover-2017,0.5311094,0.46889067
10850_geowiki-landcover-2017,0.42758378,0.57241625
490_martinique-france,0.531109,0.468891
19024_geowiki-landcover-2017,0.7523611,0.24763887
2605_rwanda-ceo,0.7525081,0.24749191
16689_geowiki-landcover-2017,0.7525042,0.24749579
1010_rwanda-ceo,0.63585734,0.3641426
4735_geowiki-landcover-2017,0.5469989,0.4530011
6985_croplands,0.6358566,0.36414337
1828_canada,0.3002051,0.6997949
4728_geowiki-landcover-2017,0.6521433,0.34785667
3422_canada,0.42819497,0.57180506
6541_croplands,0.53522086,0.46477914
26252_geowiki-landcover-2017,0.7525037,0.24749632
1736_geowiki-landcover-2017,0.6358563,0.36414376
29415_geowiki-landcover-2017,0.30020493,0.699795
1102_martinique-france,0.53091675,0.46908325
50_mali-helmets-labelling-crops,0.30020505,0.6997949
2861_geowiki-landcover-2017,0.30040827,0.6995917
1191_tanzania-ceo,0.63585746,0.3641425
1506_martinique-france,0.53136015,0.46863988
12621_croplands,0.6521429,0.3478571
596_tanzania-rice-ecaas,0.6357505,0.36424956
2443_rwanda-ceo,0.66723853,0.33276144
3686_central-asia,0.3002051,0.6997949
5627_canada,0.3002049,0.69979507
14915_croplands,0.53110236,0.46889767
4108_central-asia,0.5310675,0.46893254
3903_central-asia,0.5311087,0.46889126
1385_croplands,0.30020908,0.69979095
3667_croplands,0.5352206,0.46477938
4012_ile-de-france,0.30020577,0.6997942
973_canada,0.300205,0.699795
2020_germany,0.531109,0.468891
5340_canada,0.42758355,0.5724164
6271_geowiki-landcover-2017,0.42897967,0.57102036
7841_canada,0.4275791,0.5724209
645_rwanda-ceo,0.5352204,0.4647796
4241_ile-de-france,0.300205,0.699795
57_ile-de-france,0.3941241,0.6058759
4911_geowiki-landcover-2017,0.4275839,0.5724161
27823_geowiki-landcover-2017,0.54781395,0.45218602
7633_geowiki-landcover-2017,0.45156786,0.5484322
2418_kenya-non-crop,0.6358591,0.36414096
31541_geowiki-landcover-2017,0.39412305,0.6058769
1_uganda,0.54781544,0.4521846
529_croplands,0.53108954,0.46891043
835_canada,0.30020505,0.69979495
14111_croplands,0.75250727,0.2474927
10841_croplands,0.41524044,0.58475953
612_croplands,0.39411044,0.60588956
7828_canada,0.3941239,0.6058761
17313_geowiki-landcover-2017,0.51337826,0.48662177
3960_geowiki-landcover-2017,0.30020502,0.699795
2393_ile-de-france,0.30020523,0.69979477
748_germany,0.53110653,0.4688935
1629_kenya-non-crop,0.7525069,0.24749306
126_germany,0.39412397,0.605876
6871_croplands,0.53522,0.46477997
4349_geowiki-landcover-2017,0.5478139,0.45218617
1128_reunion-france,0.63585985,0.3641401
3951_central-asia,0.5311078,0.46889225
480_canada,0.42758465,0.5724154
4750_canada,0.30020496,0.699795
4880_central-asia,0.3002049,0.6997951
24497_geowiki-landcover-2017,0.41022152,0.5897785
2393_tanzania-ceo,0.7525078,0.24749218
1302_kenya-non-crop,0.6672372,0.33276275
991_ile-de-france,0.53110886,0.46889117
1426_martinique-france,0.6534302,0.34656978
1248_central-asia,0.30020493,0.69979507
769_tanzania-rice-ecaas,0.75248826,0.24751176
35280_geowiki-landcover-2017,0.427583,0.572417
2195_croplands,0.66723806,0.33276194
3795_central-asia,0.30020505,0.69979495
1323_rwanda-ceo,0.75250685,0.24749318
1809_rwanda-ceo,0.6358591,0.3641409
26455_geowiki-landcover-2017,0.5311065,0.46889356
17437_geowiki-landcover-2017,0.63585794,0.36414203
1012_ile-de-france,0.3941157,0.6058843
33799_geowiki-landcover-2017,0.5133839,0.48661605
2834_geowiki-landcover-2017,0.42758363,0.57241637
445_togo,0.5528362,0.4471638
972_kenya-non-crop,0.7525076,0.2474924
1992_kenya-non-crop,0.6521432,0.34785685
33_tanzania-rice-ecaas,0.63585687,0.36414316
563_mali-helmets-labelling-crops,0.30020523,0.69979477
11570_geowiki-landcover-2017,0.65214384,0.34785622
3736_canada,0.42758307,0.57241696
651_lem-brazil,0.6672381,0.33276188
3382_canada,0.53110904,0.46889096
293_tanzania,0.63585716,0.36414286
575_martinique-france,0.65139663,0.34860334
1649_martinique-france,0.6513966,0.3486034
5099_ile-de-france,0.30020502,0.699795
24549_geowiki-landcover-2017,0.547814,0.452186
508_central-asia,0.30020574,0.6997943
33378_geowiki-landcover-2017,0.3002049,0.6997951
32600_geowiki-landcover-2017,0.30020493,0.699795
2164_rwanda-ceo,0.75250804,0.247492
13588_croplands,0.6521432,0.34785685
941_rwanda-ceo,0.7525079,0.24749205
1799_germany,0.53110635,0.46889362
721_ethiopia,0.6672386,0.3327614
372_kenya-non-crop,0.4102913,0.5897087
2184_reunion-france,0.7524224,0.24757768
13575_geowiki-landcover-2017,0.6475199,0.3524801
13887_croplands,0.635859,0.36414105
46_croplands,0.54781413,0.45218584
6077_canada,0.39412376,0.60587627
1283_germany,0.5311089,0.46889105
437_germany,0.30020496,0.699795
718_lem-brazil,0.75250626,0.24749373
5601_ile-de-france,0.5311093,0.46889073
27699_geowiki-landcover-2017,0.53110915,0.46889088
32452_geowiki-landcover-2017,0.30020484,0.6997952
23957_geowiki-landcover-2017,0.42758277,0.5724172
1414_canada,0.53044647,0.46955356
30569_geowiki-landcover-2017,0.30020493,0.699795
2225_canada,0.30020562,0.69979435
2156_canada,0.42758378,0.57241625
11812_geowiki-landcover-2017,0.64751935,0.35248068
1976_rwanda-ceo,0.63585657,0.36414346
31157_geowiki-landcover-2017,0.53110904,0.468891
4198_ile-de-france,0.39412445,0.6058756
880_geowiki-landcover-2017,0.75250804,0.247492
3640_canada,0.30020496,0.699795
1275_martinique-france,0.65139455,0.3486055
25528_geowiki-landcover-2017,0.5311096,0.46889043
10060_geowiki-landcover-2017,0.5311101,0.46888986
499_mali-helmets-labelling-crops,0.42758402,0.572416
31876_geowiki-landcover-2017,0.30020493,0.69979507
6169_canada,0.41521618,0.5847838
2273_kenya-non-crop,0.63592607,0.36407396
2151_germany,0.53110904,0.468891
2420_central-asia,0.30020514,0.6997949
2466_geowiki-landcover-2017,0.7525062,0.24749376
20658_geowiki-landcover-2017,0.5184592,0.4815408
750_martinique-france,0.5311161,0.46888387
11026_croplands,0.53521925,0.46478075
722_germany,0.30020514,0.6997948
32590_geowiki-landcover-2017,0.42758384,0.5724162
462_canada,0.42758268,0.5724174
34514_geowiki-landcover-2017,0.5311079,0.46889207
2437_reunion-france,0.6672077,0.3327923
1312_central-asia,0.30020493,0.69979507
3054_canada,0.42758405,0.57241595
159_geowiki-landcover-2017,0.7523055,0.24769455
2384_central-asia,0.30020517,0.69979477
34771_geowiki-landcover-2017,0.42758238,0.57241756
3342_central-asia,0.39411727,0.60588276
6459_canada,0.30020493,0.69979507
369_tanzania-rice-ecaas,0.6358569,0.36414307
1295_ile-de-france,0.39412394,0.605876
2781_geowiki-landcover-2017,0.31171992,0.68828005
3638_ile-de-france,0.39412805,0.6058719
19179_geowiki-landcover-2017,0.42758098,0.57241905
875_ile-de-france,0.30020496,0.699795
1507_geowiki-landcover-2017,0.6358569,0.36414307
3001_canada,0.42758426,0.5724157
447_rwanda-ceo,0.75250804,0.24749196
2696_ile-de-france,0.53110904,0.46889096
111_togo,0.5528381,0.44716188
618_mali-helmets-labelling-crops,0.30020612,0.6997939
4214_canada,0.41521594,0.58478403
30718_geowiki-landcover-2017,0.5311079,0.46889207
4911_canada,0.300205,0.699795
20779_geowiki-landcover-2017,0.39412427,0.60587573
2847_canada,0.4102976,0.5897024
24701_geowiki-landcover-2017,0.5528425,0.44715744
1508_geowiki-landcover-2017,0.55284315,0.44715682
761_mali-helmets-labelling-crops,0.3002097,0.6997903
32027_geowiki-landcover-2017,0.42758453,0.5724155
3085_ile-de-france,0.42757913,0.5724209
236_geowiki-landcover-2017,0.6672385,0.33276153
5656_ile-de-france,0.30020505,0.69979495
34607_geowiki-landcover-2017,0.30021834,0.69978166
272_reunion-france,0.7525032,0.24749675
163_sudan,0.5085323,0.4914677
1330_central-asia,0.39412376,0.60587627
4267_central-asia,0.41018987,0.58981013
7090_geowiki-landcover-2017,0.7525078,0.24749218
552_ile-de-france,0.30020505,0.69979495
2019_rwanda-ceo,0.5352179,0.46478212
3321_geowiki-landcover-2017,0.5133836,0.48661637
19465_geowiki-landcover-2017,0.5528418,0.44715825
4337_croplands,0.30026537,0.6997346
1219_croplands,0.30020502,0.69979495
7240_canada,0.30020502,0.699795
18913_geowiki-landcover-2017,0.5311079,0.46889207
2433_ile-de-france,0.30020502,0.699795
157_tanzania,0.53522015,0.46477982
34919_geowiki-landcover-2017,0.53110874,0.4688912
2558_canada,0.42758384,0.5724162
2991_geowiki-landcover-2017,0.42758292,0.572417
2384_canada,0.42757925,0.5724208
4829_croplands,0.66723776,0.33276224
2666_geowiki-landcover-2017,0.41523024,0.5847698
1573_kenya-non-crop,0.7525053,0.24749465
1193_central-asia,0.30020493,0.699795
17312_geowiki-landcover-2017,0.6521624,0.3478376
24014_geowiki-landcover-2017,0.6672383,0.33276168
3617_central-asia,0.30020493,0.699795
11238_geowiki-landcover-2017,0.55277437,0.44722557
8994_croplands,0.652132,0.34786806
35191_geowiki-landcover-2017,0.652136,0.34786394
6_kenya,0.7525066,0.24749342
172_togo,0.41521224,0.5847878
4191_central-asia,0.3002055,0.6997945
6463_geowiki-landcover-2017,0.3002058,0.6997942
1161_reunion-france,0.6358534,0.36414656
25700_geowiki-landcover-2017,0.6521435,0.3478565
35314_geowiki-landcover-2017,0.3941242,0.60587573
31779_geowiki-landcover-2017,0.42758325,0.5724168
664_germany,0.53110844,0.4688916
29753_geowiki-landcover-2017,0.4275845,0.5724155
32187_geowiki-landcover-2017,0.5478138,0.45218623
2201_reunion-france,0.75250787,0.24749213
1580_geowiki-landcover-2017,0.65214384,0.34785616
19760_geowiki-landcover-2017,0.53093076,0.46906924
2236_kenya-non-crop,0.7524934,0.24750659
435_mali-helmets-labelling-crops,0.5311091,0.46889094
3348_central-asia,0.3002051,0.6997949
1108_central-asia,0.30020493,0.699795
2504_reunion-france,0.63585734,0.36414263
1992_geowiki-landcover-2017,0.652141,0.34785905
11_canada,0.3941977,0.6058023
1428_tanzania-ceo,0.7525079,0.24749205
8_sudan,0.5528427,0.44715735
7922_canada,0.53110707,0.46889287
2407_ile-de-france,0.30020502,0.699795
18956_geowiki-landcover-2017,0.5478136,0.45218638
780_kenya-non-crop,0.7525075,0.24749252
34376_geowiki-landcover-2017,0.53111815,0.46888182
2320_canada,0.3002049,0.69979507
1965_ile-de-france,0.39411327,0.6058867
1180_ile-de-france,0.39412525,0.6058747
3679_geowiki-landcover-2017,0.53110987,0.46889013
819_ile-de-france,0.300205,0.699795
2126_ile-de-france,0.5311087,0.46889126
32862_geowiki-landcover-2017,0.65189016,0.34810984
10645_croplands,0.53522015,0.46477982
1103_canada,0.42758086,0.57241917
22620_geowiki-landcover-2017,0.4275841,0.5724159
318_canada,0.42758396,0.572416
5521_canada,0.30020493,0.69979507
743_martinique-france,0.42759237,0.57240766
4719_croplands,0.41523322,0.58476675
260_tanzania-ceo,0.53522015,0.46477982
33012_geowiki-landcover-2017,0.647523,0.352477
3729_croplands,0.53522015,0.46477988
609_lem-brazil,0.75250673,0.24749324
4504_central-asia,0.3002051,0.6997949
1208_central-asia,0.30020514,0.6997949
2240_rwanda-ceo,0.6475384,0.35246155
34264_geowiki-landcover-2017,0.53522015,0.46477985
17003_geowiki-landcover-2017,0.65214896,0.34785107
1443_mali-helmets-labelling-crops,0.30020586,0.6997942
2608_reunion-france,0.6358557,0.36414433
1789_geowiki-landcover-2017,0.7524411,0.24755885
2383_tanzania-ceo,0.55284315,0.44715682
1641_reunion-france,0.7525065,0.24749358
918_tanzania-ceo,0.65210354,0.34789646
222_tanzania,0.6672486,0.3327514
26122_geowiki-landcover-2017,0.5478143,0.45218575
2676_rwanda-ceo,0.75250816,0.24749182
797_central-asia,0.30020523,0.69979477
19242_geowiki-landcover-2017,0.53110904,0.46889094
30514_geowiki-landcover-2017,0.30020532,0.69979465
3210_central-asia,0.30020502,0.69979495
2165_canada,0.3002049,0.69979507
3414_rwanda-ceo,0.63586605,0.36413395
2199_kenya-non-crop,0.6521505,0.3478495
13425_geowiki-landcover-2017,0.5478141,0.4521859
4676_canada,0.30020493,0.69979507
2112_central-asia,0.30020523,0.69979477
87_tanzania,0.6358451,0.36415485
3423_central-asia,0.3941241,0.6058759
250_tanzania-rice-ecaas,0.6358568,0.36414322
29692_geowiki-landcover-2017,0.5133828,0.48661724
11010_geowiki-landcover-2017,0.6512725,0.34872752
22021_geowiki-landcover-2017,0.6521452,0.34785473
6664_croplands,0.535228,0.46477202
4141_croplands,0.6521398,0.34786028
22093_geowiki-landcover-2017,0.30020493,0.69979507
33447_geowiki-landcover-2017,0.42758378,0.5724162
2731_central-asia,0.30020633,0.69979364
4124_geowiki-landcover-2017,0.5478141,0.45218593
5506_canada,0.30020493,0.69979507
2243_reunion-france,0.635853,0.36414704
4511_canada,0.39412215,0.6058779
1876_tanzania-ceo,0.5184661,0.48153389
146_martinique-france,0.75248873,0.24751127
136_mali-non-crop,0.30020523,0.69979477
4876_geowiki-landcover-2017,0.6521394,0.34786052
6906_croplands,0.5352201,0.46477988
4911_central-asia,0.3002049,0.69979507
168_sudan,0.6430615,0.3569385
1988_geowiki-landcover-2017,0.75250703,0.24749297
7138_canada,0.30020493,0.69979507
29064_geowiki-landcover-2017,0.5311087,0.46889132
4355_croplands,0.55284077,0.44715926
22954_geowiki-landcover-2017,0.5135648,0.4864352
34064_geowiki-landcover-2017,0.3002053,0.6997947
743_lem-brazil,0.75250506,0.24749497
1436_germany,0.42758518,0.5724149
1376_rwanda-ceo,0.75250757,0.24749245
16621_geowiki-landcover-2017,0.75250787,0.24749213
4273_canada,0.42758393,0.57241607
2554_kenya-non-crop,0.6475198,0.35248014
6_sudan,0.41520858,0.5847914
3208_canada,0.53110886,0.46889114
23573_geowiki-landcover-2017,0.42758697,0.572413
3329_canada,0.5310936,0.4689064
4437_central-asia,0.30033866,0.6996614
12771_geowiki-landcover-2017,0.53110904,0.468891
28903_geowiki-landcover-2017,0.394124,0.605876
29202_geowiki-landcover-2017,0.64751977,0.3524802
30988_geowiki-landcover-2017,0.30020487,0.6997951
19672_geowiki-landcover-2017,0.5478315,0.4521685
5996_ile-de-france,0.300205,0.699795
11183_geowiki-landcover-2017,0.7525078,0.24749218
710_canada,0.4275833,0.57241666
977_rwanda-ceo,0.6358572,0.36414278
771_kenya-non-crop,0.6358564,0.36414364
168_kenya-non-crop,0.66721076,0.33278927
26682_geowiki-landcover-2017,0.64730185,0.35269815
17761_geowiki-landcover-2017,0.54780483,0.45219514
2205_rwanda-ceo,0.7525081,0.24749191
10242_geowiki-landcover-2017,0.7525021,0.24749795
9931_croplands,0.53522104,0.46477896
2148_rwanda-ceo,0.75250804,0.24749196
4269_ile-de-france,0.300205,0.699795
18493_geowiki-landcover-2017,0.6521432,0.34785676
16305_geowiki-landcover-2017,0.6521431,0.3478569
7754_canada,0.5184589,0.48154107
27388_geowiki-landcover-2017,0.6521439,0.34785604
4222_ile-de-france,0.30020514,0.6997949
624_martinique-france,0.53136015,0.46863982
3339_rwanda-ceo,0.7525066,0.24749342
167_rwanda-ceo,0.6358601,0.36413997
1276_rwanda-ceo,0.63585734,0.3641427
76_geowiki-landcover-2017,0.552843,0.44715703
313_kenya,0.6672357,0.33276427
22824_geowiki-landcover-2017,0.64748365,0.35251638
641_mali-helmets-labelling-crops,0.39417925,0.6058207
1453_kenya-non-crop,0.65214396,0.34785604
5014_ile-de-france,0.30020502,0.699795
650_canada,0.39412358,0.60587645
1215_canada,0.3002049,0.69979507
1472_mali-helmets-labelling-crops,0.30020514,0.6997949
5359_canada,0.5478128,0.4521872
810_kenya-non-crop,0.7525075,0.24749249
1320_central-asia,0.30020502,0.699795
31686_geowiki-landcover-2017,0.66723835,0.33276165
300_rwanda-ceo,0.5352203,0.46477965
3366_canada,0.30020523,0.69979477
1505_canada,0.42758414,0.5724159
22930_geowiki-landcover-2017,0.7524878,0.24751224
1005_tanzania-ceo,0.6521436,0.3478564
405_germany,0.3002049,0.69979507
6431_canada,0.30020493,0.69979507
25237_geowiki-landcover-2017,0.552843,0.44715708
991_reunion-france,0.6358571,0.3641429
1595_kenya-non-crop,0.5352204,0.46477956
12539_croplands,0.65214247,0.34785753
3275_ile-de-france,0.30020493,0.699795
3886_canada,0.3002059,0.69979405
2159_martinique-france,0.75249946,0.24750052
4714_geowiki-landcover-2017,0.6521442,0.34785584
2739_reunion-france,0.7525074,0.24749263
734_geowiki-landcover-2017,0.53529775,0.46470222
2255_germany,0.30020583,0.6997941
29988_geowiki-landcover-2017,0.41028675,0.5897133
649_mali-helmets-labelling-crops,0.30020568,0.6997943
1882_kenya-non-crop,0.66723853,0.33276144
1133_canada,0.42758405,0.57241595
1854_tanzania-ceo,0.63585657,0.3641434
2263_croplands,0.5352199,0.4647801
5_ethiopia,0.41029087,0.58970916
2634_rwanda-ceo,0.75250775,0.24749225
3405_ile-de-france,0.531108,0.46889195
11994_geowiki-landcover-2017,0.64750177,0.3524983
4671_croplands,0.30023274,0.6997673
20387_geowiki-landcover-2017,0.54781306,0.45218694
30692_geowiki-landcover-2017,0.4275837,0.5724163
5178_geowiki-landcover-2017,0.5478152,0.45218477
8568_geowiki-landcover-2017,0.55281675,0.44718325
2489_reunion-france,0.7525026,0.24749738
19817_geowiki-landcover-2017,0.5528418,0.44715822
3530_rwanda-ceo,0.7525072,0.2474928
1123_central-asia,0.300205,0.699795
4809_central-asia,0.3002049,0.6997951
2655_reunion-france,0.75250787,0.24749213
6181_ile-de-france,0.53110814,0.46889183
10698_geowiki-landcover-2017,0.41029054,0.58970946
2742_rwanda-ceo,0.75250816,0.24749182
2767_ile-de-france,0.30020523,0.69979477
19166_geowiki-landcover-2017,0.3002074,0.6997926
6800_canada,0.42758346,0.57241654
6136_geowiki-landcover-2017,0.64751905,0.35248092
724_lem-brazil,0.7525067,0.24749333
597_tanzania-ceo,0.6521429,0.34785706
1220_martinique-france,0.5313607,0.4686393
12482_geowiki-landcover-2017,0.5311081,0.46889195
388_togo,0.41521564,0.5847844
10778_geowiki-landcover-2017,0.5478155,0.45218453
19069_geowiki-landcover-2017,0.30020505,0.69979495
5778_croplands,0.5352151,0.46478495
367_geowiki-landcover-2017,0.65214217,0.34785786
7156_geowiki-landcover-2017,0.4102903,0.58970964
1172_ile-de-france,0.5311086,0.4688914
1495_rwanda-ceo,0.75250804,0.247492
2771_geowiki-landcover-2017,0.4275848,0.57241523
1750_geowiki-landcover-2017,0.7525062,0.24749382
2315_central-asia,0.42758405,0.57241595
3816_canada,0.30020493,0.699795
1379_reunion-france,0.552842,0.447158
2863_ile-de-france,0.5311091,0.46889088
3823_central-asia,0.30020526,0.69979477
1649_canada,0.3002056,0.6997944
532_canada,0.42758238,0.57241756
28098_geowiki-landcover-2017,0.5133849,0.48661512
251_sudan,0.5133837,0.4866163
20448_geowiki-landcover-2017,0.55284274,0.4471573
776_togo,0.65215516,0.34784487
10713_croplands,0.5352202,0.46477976
2935_ile-de-france,0.5311073,0.46889275
4281_central-asia,0.41028228,0.5897177
26330_geowiki-landcover-2017,0.5528413,0.44715875
15_geowiki-landcover-2017,0.7525077,0.24749231
1220_rwanda-ceo,0.7525072,0.2474928
173_canada,0.42758414,0.5724159
23775_geowiki-landcover-2017,0.6672382,0.33276185
267_tanzania,0.752504,0.24749601
22863_geowiki-landcover-2017,0.64751935,0.35248068
1486_central-asia,0.30020502,0.699795
2767_canada,0.3002053,0.6997947
32878_geowiki-landcover-2017,0.54781294,0.45218706
7760_geowiki-landcover-2017,0.667238,0.332762
9249_geowiki-landcover-2017,0.5528427,0.44715732
29357_geowiki-landcover-2017,0.4275837,0.57241637
535_croplands,0.39412415,0.60587585
1657_reunion-france,0.6521435,0.34785655
3979_ile-de-france,0.393887,0.606113
33264_geowiki-landcover-2017,0.55284214,0.4471579
4866_ile-de-france,0.39412972,0.60587025
7178_canada,0.300205,0.699795
25409_geowiki-landcover-2017,0.5311068,0.4688932
2814_central-asia,0.30020568,0.6997943
14085_croplands,0.53522015,0.46477988
602_canada,0.42758393,0.572416
1790_germany,0.3941232,0.6058768
1256_martinique-france,0.6513969,0.34860313
5984_geowiki-landcover-2017,0.4102908,0.5897092
17681_geowiki-landcover-2017,0.42758167,0.57241833
2660_rwanda-ceo,0.75250804,0.247492
2317_germany,0.39404902,0.60595095
201_germany,0.30020562,0.69979435
1170_rwanda-ceo,0.75250804,0.24749196
7245_geowiki-landcover-2017,0.5478097,0.4521903
3687_geowiki-landcover-2017,0.30021346,0.69978654
836_canada,0.30020547,0.69979453
5758_canada,0.30020493,0.69979507
2104_rwanda-ceo,0.7525081,0.24749191
10663_geowiki-landcover-2017,0.5478139,0.4521861
3181_rwanda-ceo,0.7525079,0.24749205
27072_geowiki-landcover-2017,0.4152163,0.58478373
1326_rwanda-ceo,0.7525062,0.2474938
34015_geowiki-landcover-2017,0.3002049,0.6997951
32849_geowiki-landcover-2017,0.42759746,0.57240254
6930_geowiki-landcover-2017,0.5311086,0.46889135
654_lem-brazil,0.7525075,0.24749252
706_geowiki-landcover-2017,0.5352201,0.46477997
13535_croplands,0.51859844,0.48140156
204_tanzania,0.53522,0.46478003
1222_martinique-france,0.42783132,0.5721687
124_canada,0.42758557,0.5724144
25773_geowiki-landcover-2017,0.54785824,0.4521418
9981_geowiki-landcover-2017,0.6475214,0.35247862
14096_geowiki-landcover-2017,0.41029122,0.5897088
33524_geowiki-landcover-2017,0.552843,0.44715708
207_uganda,0.5352181,0.46478194
642_germany,0.30020535,0.69979465
905_ile-de-france,0.53110856,0.46889144
5729_geowiki-landcover-2017,0.652143,0.34785703
3643_canada,0.3002049,0.6997951
1027_rwanda-ceo,0.5354539,0.46454608
2237_ile-de-france,0.53110915,0.46889085
518_tanzania-ceo,0.7525077,0.2474923
2783_canada,0.3002049,0.69979507
4671_ile-de-france,0.53110874,0.46889126
658_rwanda-ceo,0.7525079,0.247492
613_mali-helmets-labelling-crops,0.3002053,0.69979465
4366_ile-de-france,0.300205,0.699795
2872_rwanda-ceo,0.6358722,0.36412784
2054_tanzania-ceo,0.6672382,0.33276185
18547_geowiki-landcover-2017,0.6521438,0.34785625
9266_geowiki-landcover-2017,0.66723794,0.33276206
1362_central-asia,0.30020502,0.699795
600_reunion-france,0.75250566,0.2474943
1428_martinique-france,0.65139675,0.3486032
405_geowiki-landcover-2017,0.55284774,0.4471522
1173_tanzania-ceo,0.5184605,0.48153946
26608_geowiki-landcover-2017,0.5311086,0.4688914
17240_geowiki-landcover-2017,0.7525078,0.24749222
18111_geowiki-landcover-2017,0.531109,0.468891
6513_canada,0.30020493,0.69979507
10951_geowiki-landcover-2017,0.42467675,0.5753233
4901_ile-de-france,0.3941233,0.60587674
392_togo,0.3002558,0.6997442
892_kenya-non-crop,0.7525078,0.24749222
6284_geowiki-landcover-2017,0.41029048,0.58970946
3965_central-asia,0.5311088,0.4688912
3822_ile-de-france,0.42753363,0.57246643
469_lem-brazil,0.53522074,0.4647793
22718_geowiki-landcover-2017,0.64751935,0.35248065
32615_geowiki-landcover-2017,0.3002063,0.69979376
20471_geowiki-landcover-2017,0.53110665,0.46889335
303_mali-helmets-labelling-crops,0.30020517,0.6997948
15677_geowiki-landcover-2017,0.5311091,0.46889094
86_mali,0.30020505,0.69979495
356_geowiki-landcover-2017,0.6672381,0.33276185
134_central-asia,0.3941239,0.6058761
2112_germany,0.30020505,0.69979495
3508_geowiki-landcover-2017,0.39412567,0.6058743
2124_croplands,0.41513607,0.5848639
335_mali-helmets-labelling-crops,0.30020624,0.6997938
12131_geowiki-landcover-2017,0.53109956,0.4689004
5309_canada,0.42758328,0.5724167
18806_geowiki-landcover-2017,0.39412454,0.6058755
28826_geowiki-landcover-2017,0.42758402,0.572416
17143_geowiki-landcover-2017,0.5352419,0.46475807
589_rwanda-ceo,0.7525079,0.24749205
17966_geowiki-landcover-2017,0.4102911,0.5897089
12515_geowiki-landcover-2017,0.39412406,0.6058759
3990_geowiki-landcover-2017,0.5311087,0.46889132
15711_geowiki-landcover-2017,0.5478141,0.45218596
965_martinique-france,0.635723,0.36427703
247_croplands,0.30020487,0.6997951
18540_geowiki-landcover-2017,0.6521204,0.34787965
30369_geowiki-landcover-2017,0.42758375,0.57241625
537_ile-de-france,0.53110915,0.46889088
33126_geowiki-landcover-2017,0.3941242,0.60587573
25379_geowiki-landcover-2017,0.42758396,0.572416
15844_geowiki-landcover-2017,0.65214324,0.34785676
21410_geowiki-landcover-2017,0.42758796,0.572412
17615_geowiki-landcover-2017,0.64749074,0.3525093
3936_geowiki-landcover-2017,0.5311111,0.46888885
175_kenya-non-crop,0.6672379,0.3327621
801_togo,0.30023077,0.6997692
2230_geowiki-landcover-2017,0.75250816,0.24749187
4750_ile-de-france,0.300205,0.699795
812_germany,0.300205,0.699795
6534_geowiki-landcover-2017,0.6475195,0.3524805
7334_geowiki-landcover-2017,0.42762354,0.57237643
556_ethiopia,0.54781693,0.45218304
34022_geowiki-landcover-2017,0.64751863,0.3524813
34102_geowiki-landcover-2017,0.3002049,0.69979507
5692_geowiki-landcover-2017,0.51338583,0.4866142
4210_geowiki-landcover-2017,0.42766067,0.5723393
5419_geowiki-landcover-2017,0.39412412,0.60587585
5082_geowiki-landcover-2017,0.55284333,0.44715667
620_rwanda-ceo,0.6672396,0.33276036
188_reunion-france,0.75250804,0.24749196
33088_geowiki-landcover-2017,0.75250316,0.24749684
3453_croplands,0.5352183,0.46478173
1183_germany,0.5311091,0.46889088
33195_geowiki-landcover-2017,0.53110904,0.46889096
35_mali-helmets-labelling-crops,0.3002053,0.6997947
794_tanzania-ceo,0.7525076,0.2474924
156_germany,0.30020505,0.69979495
5525_canada,0.30020493,0.69979507
17366_geowiki-landcover-2017,0.39424163,0.6057584
816_kenya-non-crop,0.75249636,0.24750364
2571_reunion-france,0.6358628,0.3641372
4914_ile-de-france,0.53110844,0.4688916
706_rwanda-ceo,0.75250804,0.247492
1804_kenya-non-crop,0.6358655,0.3641345
3800_geowiki-landcover-2017,0.5310786,0.46892142
9581_geowiki-landcover-2017,0.41029054,0.58970946
2103_tanzania-ceo,0.75250804,0.247492
3643_geowiki-landcover-2017,0.53111553,0.46888447
762_ethiopia,0.4102908,0.5897092
13548_croplands,0.5528428,0.44715714
136_reunion-france,0.75250703,0.24749297
1494_tanzania-ceo,0.6672391,0.33276084
2170_kenya-non-crop,0.65214396,0.34785604
3425_ile-de-france,0.3941167,0.6058833
14819_geowiki-landcover-2017,0.75248075,0.24751925
1482_ile-de-france,0.30020502,0.699795
317_mali-helmets-labelling-crops,0.30020505,0.69979495
35357_geowiki-landcover-2017,0.42758366,0.57241637
468_canada,0.42758408,0.57241595
2560_reunion-france,0.75250727,0.24749267
1324_reunion-france,0.6521443,0.34785566
1023_rwanda-ceo,0.6358558,0.36414418
1670_germany,0.30020502,0.699795
4250_geowiki-landcover-2017,0.6521436,0.34785643
1360_croplands,0.51844984,0.48155013
34444_geowiki-landcover-2017,0.55283904,0.44716096
1502_central-asia,0.4275823,0.57241774
6954_canada,0.53110987,0.46889016
1656_reunion-france,0.75250715,0.24749285
2310_ile-de-france,0.30020502,0.699795
2337_germany,0.53110904,0.46889096
4751_geowiki-landcover-2017,0.7525077,0.24749231
28024_geowiki-landcover-2017,0.51338357,0.48661643
500_geowiki-landcover-2017,0.55284274,0.4471573
1308_canada,0.3002049,0.69979507
1388_germany,0.3002049,0.69979507
17038_geowiki-landcover-2017,0.65214384,0.3478562
30376_geowiki-landcover-2017,0.30020514,0.6997949
20363_geowiki-landcover-2017,0.6672379,0.33276215
4930_ile-de-france,0.30020502,0.699795
2061_rwanda-ceo,0.6475461,0.3524539
3994_ile-de-france,0.30020505,0.69979495
1758_germany,0.4275913,0.5724087
24060_geowiki-landcover-2017,0.42758346,0.57241654
914_croplands,0.30021495,0.6997851
3315_rwanda-ceo,0.635857,0.36414307
13514_geowiki-landcover-2017,0.5528426,0.44715735
453_kenya-non-crop,0.7525078,0.24749222
7510_geowiki-landcover-2017,0.30020505,0.69979495
2309_rwanda-ceo,0.515083,0.484917
2237_kenya-non-crop,0.7524975,0.24750254
24599_geowiki-landcover-2017,0.5478144,0.4521856
24243_geowiki-landcover-2017,0.5311089,0.4688911
32331_geowiki-landcover-2017,0.5528519,0.44714805
16019_geowiki-landcover-2017,0.6358569,0.36414307
595_mali-helmets-labelling-crops,0.39410326,0.6058968
3571_ile-de-france,0.3002051,0.6997949
21_zimbabwe,0.63585794,0.36414206
30188_geowiki-landcover-2017,0.4275833,0.5724167
27605_geowiki-landcover-2017,0.42758352,0.5724165
4405_central-asia,0.30020547,0.69979453
1286_martinique-france,0.6521207,0.34787926
681_tanzania-ceo,0.7525074,0.24749257
5854_canada,0.42758426,0.57241577
14109_geowiki-landcover-2017,0.5528429,0.44715714
7920_geowiki-landcover-2017,0.7525082,0.24749178
21535_geowiki-landcover-2017,0.64751977,0.3524803
5805_ile-de-france,0.39412403,0.6058759
3333_central-asia,0.3941239,0.6058761
2960_geowiki-landcover-2017,0.54767686,0.4523231
17533_geowiki-landcover-2017,0.65214354,0.34785643
2783_ile-de-france,0.30020505,0.69979495
21270_geowiki-landcover-2017,0.42757282,0.5724272
26606_geowiki-landcover-2017,0.547814,0.452186
25092_geowiki-landcover-2017,0.6672382,0.3327618
2179_germany,0.30020493,0.69979507
27850_geowiki-landcover-2017,0.5311093,0.46889073
3228_ile-de-france,0.30020493,0.699795
714_kenya-non-crop,0.7525075,0.24749252
3495_ile-de-france,0.30020726,0.69979274
7234_geowiki-landcover-2017,0.30020493,0.69979507
16473_geowiki-landcover-2017,0.66723835,0.33276168
19741_geowiki-landcover-2017,0.5528426,0.4471574
935_canada,0.30020502,0.699795
2110_canada,0.30020612,0.6997939
3395_ile-de-france,0.30020502,0.699795
3433_canada,0.53110886,0.46889114
6064_croplands,0.5351551,0.46484485
17_zimbabwe,0.6358564,0.36414364
541_togo,0.75250566,0.24749437
7043_geowiki-landcover-2017,0.42758402,0.57241595
651_martinique-france,0.65138674,0.3486133
15470_geowiki-landcover-2017,0.42759207,0.5724079
1302_ile-de-france,0.30020526,0.69979477
398_lem-brazil,0.75250214,0.24749787
4117_central-asia,0.39412266,0.60587734
1486_canada,0.531108,0.468892
656_central-asia,0.30020505,0.69979495
799_tanzania-ceo,0.7525055,0.24749452
3004_rwanda-ceo,0.7525078,0.24749222
7062_geowiki-landcover-2017,0.53110695,0.46889302
31094_geowiki-landcover-2017,0.5311086,0.4688914
34844_geowiki-landcover-2017,0.51845896,0.481541
2242_tanzania-ceo,0.7525077,0.24749231
10128_geowiki-landcover-2017,0.66723835,0.33276168
31189_geowiki-landcover-2017,0.53110844,0.46889156
260_kenya,0.7525063,0.24749364
120_canada,0.42758417,0.5724158
3687_central-asia,0.30020502,0.699795
5420_geowiki-landcover-2017,0.64751977,0.35248026
3116_canada,0.42758268,0.57241726
204_sudan,0.4152154,0.58478457
30136_geowiki-landcover-2017,0.39412412,0.6058759
8154_geowiki-landcover-2017,0.5352334,0.46476662
2338_germany,0.5311078,0.46889228
1_brazil-non-crop,0.5184642,0.48153576
1493_kenya-non-crop,0.7525061,0.24749398
19554_geowiki-landcover-2017,0.54781353,0.45218647
9001_croplands,0.41521624,0.5847838
1318_reunion-france,0.6350454,0.36495462
669_ile-de-france,0.30020502,0.699795
32275_geowiki-landcover-2017,0.39412227,0.60587776
5316_ile-de-france,0.300205,0.699795
3199_rwanda-ceo,0.635857,0.36414307
9768_geowiki-landcover-2017,0.51338404,0.486616
4389_ile-de-france,0.30020502,0.69979495
605_rwanda-ceo,0.66723764,0.33276236
23187_geowiki-landcover-2017,0.5133835,0.4866165
31230_geowiki-landcover-2017,0.41029054,0.58970946
21392_geowiki-landcover-2017,0.5478128,0.4521872
175_lem-brazil,0.66723746,0.3327626
15654_geowiki-landcover-2017,0.547814,0.45218602
1108_ile-de-france,0.53110904,0.46889094
691_mali-helmets-labelling-crops,0.30020577,0.6997942
33688_geowiki-landcover-2017,0.39412394,0.6058761
28_kenya-non-crop,0.5352199,0.4647801
11579_geowiki-landcover-2017,0.5528441,0.44715592
17122_geowiki-landcover-2017,0.5478141,0.4521859
1818_reunion-france,0.63585716,0.3641428
3913_canada,0.42757058,0.5724295
18258_geowiki-landcover-2017,0.39412412,0.6058759
162_reunion-france,0.7525078,0.24749222
34563_geowiki-landcover-2017,0.4275837,0.5724163
34758_geowiki-landcover-2017,0.53110844,0.46889153
35831_geowiki-landcover-2017,0.65208405,0.34791595
678_lem-brazil,0.6358567,0.3641433
1495_central-asia,0.3002049,0.69979507
2302_rwanda-ceo,0.7525065,0.24749358
26524_geowiki-landcover-2017,0.54769486,0.45230514
859_ile-de-france,0.30020493,0.699795
530_martinique-france,0.6513923,0.3486077
2290_reunion-france,0.75250757,0.2474924
13180_geowiki-landcover-2017,0.65214384,0.3478562
514_togo,0.30020753,0.69979244
2261_ile-de-france,0.30020502,0.699795
23821_geowiki-landcover-2017,0.3002049,0.6997951
1552_geowiki-landcover-2017,0.75250554,0.24749443
415_ethiopia,0.30021092,0.69978905
292_geowiki-landcover-2017,0.6672381,0.3327619
2313_martinique-france,0.75249803,0.24750198
3880_ile-de-france,0.30020502,0.699795
2070_martinique-france,0.53109276,0.4689072
23563_geowiki-landcover-2017,0.64751744,0.3524826
2850_rwanda-ceo,0.75250816,0.24749187
29338_geowiki-landcover-2017,0.5311083,0.4688917
2076_croplands,0.55284226,0.44715777
2257_geowiki-landcover-2017,0.5478143,0.45218566
6794_croplands,0.53522015,0.46477988
712_germany,0.30020493,0.69979507
25401_geowiki-landcover-2017,0.5311089,0.46889105
5000_central-asia,0.30020487,0.6997951
2010_germany,0.3002053,0.6997947
3381_ile-de-france,0.5311083,0.46889168
1980_germany,0.300205,0.699795
1012_germany,0.39411893,0.6058811
3408_rwanda-ceo,0.6358579,0.36414212
2588_canada,0.4275848,0.57241523
2209_tanzania-ceo,0.6521434,0.34785658
5015_ile-de-france,0.394124,0.605876
1958_kenya-non-crop,0.6521448,0.34785524
601_togo,0.30020806,0.6997919
22852_geowiki-landcover-2017,0.5528425,0.4471575
8528_geowiki-landcover-2017,0.7524944,0.24750559
591_germany,0.53110874,0.4688912
314_ethiopia,0.6475432,0.3524568
124_ile-de-france,0.5311087,0.46889132
2007_geowiki-landcover-2017,0.55284303,0.447157
755_canada,0.3002059,0.69979405
4480_canada,0.4275816,0.5724184
62_sudan,0.415217,0.584783
24597_geowiki-landcover-2017,0.5478125,0.45218748
13022_geowiki-landcover-2017,0.6672259,0.3327741
6792_croplands,0.53522015,0.46477982
773_tanzania-rice-ecaas,0.7525078,0.24749216
225_germany,0.53110886,0.46889114
1065_germany,0.39412448,0.6058755
17544_geowiki-landcover-2017,0.53109664,0.4689033
166_uganda,0.54781437,0.45218563
29219_geowiki-landcover-2017,0.42758504,0.572415
824_canada,0.30020544,0.69979453
13291_geowiki-landcover-2017,0.6521434,0.34785658
2134_croplands,0.30028912,0.69971085
63_germany,0.300205,0.699795
12437_croplands,0.65214276,0.34785727
17924_geowiki-landcover-2017,0.5528469,0.44715306
24443_geowiki-landcover-2017,0.42758268,0.5724174
19223_geowiki-landcover-2017,0.42758363,0.57241637
15664_geowiki-landcover-2017,0.5530918,0.44690812
1433_croplands,0.39412192,0.60587806
1331_kenya-non-crop,0.75250816,0.24749182
6850_croplands,0.535221,0.46477902
896_canada,0.3002049,0.6997951
1769_canada,0.42755854,0.57244146
24873_geowiki-landcover-2017,0.6475198,0.35248014
20932_geowiki-landcover-2017,0.5528425,0.44715744
283_tanzania-rice-ecaas,0.63544875,0.36455125
2424_germany,0.5311089,0.4688911
4310_ile-de-france,0.5311055,0.46889442
7993_geowiki-landcover-2017,0.53111184,0.46888816
5062_canada,0.30020484,0.6997951
1017_mali-helmets-labelling-crops,0.3002049,0.69979507
1504_geowiki-landcover-2017,0.53522074,0.46477926
23475_geowiki-landcover-2017,0.42758414,0.5724159
28613_geowiki-landcover-2017,0.4152084,0.58479154
1372_kenya-non-crop,0.5352308,0.46476918
21269_geowiki-landcover-2017,0.4275832,0.5724168
3400_ile-de-france,0.5311085,0.46889153
29131_geowiki-landcover-2017,0.4275834,0.57241654
1125_mali-helmets-labelling-crops,0.3002051,0.6997949
3331_rwanda-ceo,0.75250757,0.24749245
3060_ile-de-france,0.3002051,0.6997949
427_rwanda-ceo,0.7525073,0.24749267
6567_canada,0.5311095,0.46889046
783_martinique-france,0.75248724,0.24751279
12828_geowiki-landcover-2017,0.41029203,0.589708
5022_central-asia,0.30020487,0.6997951
178_central-asia,0.3002051,0.6997949
1350_martinique-france,0.75186884,0.24813117
1297_germany,0.4275629,0.5724371
4800_canada,0.30021974,0.6997802
1327_canada,0.300205,0.699795
1706_rwanda-ceo,0.75247973,0.24752031
25845_geowiki-landcover-2017,0.5311735,0.46882647
62_ile-de-france,0.5311052,0.4688948
2430_geowiki-landcover-2017,0.65168947,0.3483105
24162_geowiki-landcover-2017,0.5352194,0.46478057
26531_geowiki-landcover-2017,0.4275836,0.5724164
3695_canada,0.30023775,0.6997623
21524_geowiki-landcover-2017,0.64751935,0.35248062
343_togo,0.6521435,0.34785646
13743_croplands,0.5528413,0.44715866
4191_ile-de-france,0.42769533,0.57230467
20488_geowiki-landcover-2017,0.5478115,0.45218846
1267_tanzania-ceo,0.75250787,0.24749212
757_croplands,0.39412406,0.6058759
145_mali-helmets-labelling-crops,0.30020568,0.6997943
1321_kenya-non-crop,0.63585997,0.36414
30028_geowiki-landcover-2017,0.4275839,0.5724161
22182_geowiki-landcover-2017,0.6475198,0.35248014
5990_canada,0.30020493,0.69979507
23232_geowiki-landcover-2017,0.42758378,0.57241625
123_geowiki-landcover-2017,0.667224,0.33277604
2109_geowiki-landcover-2017,0.5528451,0.44715485
931_geowiki-landcover-2017,0.53521985,0.46478015
23506_geowiki-landcover-2017,0.54781413,0.45218587
2389_canada,0.30020493,0.699795
7691_canada,0.42758387,0.5724161
6029_geowiki-landcover-2017,0.30070832,0.6992917
24926_geowiki-landcover-2017,0.42758363,0.57241637
30152_geowiki-landcover-2017,0.30020532,0.69979465
23134_geowiki-landcover-2017,0.4275819,0.5724181
2189_canada,0.42758378,0.57241625
130_tanzania-rice-ecaas,0.63585687,0.36414313
3539_rwanda-ceo,0.7525074,0.24749257
1494_martinique-france,0.65217483,0.34782517
34704_geowiki-landcover-2017,0.42758363,0.57241637
24233_geowiki-landcover-2017,0.6521434,0.34785658
2702_reunion-france,0.75250703,0.24749304
13703_geowiki-landcover-2017,0.64751977,0.3524803
2716_ile-de-france,0.5311082,0.4688918
24319_geowiki-landcover-2017,0.53110915,0.46889088
20199_geowiki-landcover-2017,0.6475137,0.3524863
29450_geowiki-landcover-2017,0.30020493,0.69979507
467_central-asia,0.39412767,0.60587233
1216_germany,0.531109,0.46889105
35824_geowiki-landcover-2017,0.64751995,0.35248005
7614_geowiki-landcover-2017,0.42758363,0.57241637
257_kenya-non-crop,0.75250775,0.24749227
2773_canada,0.30020493,0.69979507
12599_geowiki-landcover-2017,0.5311092,0.4688908
24490_geowiki-landcover-2017,0.5311092,0.46889076
5008_geowiki-landcover-2017,0.65214026,0.3478597
4870_central-asia,0.39412385,0.6058762
9449_croplands,0.51845926,0.48154074
5771_geowiki-landcover-2017,0.531109,0.468891
1981_central-asia,0.39412472,0.6058753
15240_geowiki-landcover-2017,0.75250804,0.247492
26233_geowiki-landcover-2017,0.4152159,0.58478403
2867_canada,0.5528427,0.4471573
7730_canada,0.39412412,0.6058759
5708_ile-de-france,0.39412424,0.60587573
3338_ile-de-france,0.5311079,0.46889207
1095_kenya-non-crop,0.7525078,0.24749218
5378_geowiki-landcover-2017,0.531107,0.468893
3799_canada,0.30020493,0.699795
4858_ile-de-france,0.39412394,0.6058761
66_ile-de-france,0.39412287,0.60587716
2644_ile-de-france,0.42757434,0.5724257
800_ile-de-france,0.300205,0.699795
914_central-asia,0.3895365,0.6104635
5052_central-asia,0.39412314,0.60587686
542_martinique-france,0.42760628,0.5723937
1941_reunion-france,0.7525078,0.24749222
17964_geowiki-landcover-2017,0.53110886,0.46889117
1677_kenya-non-crop,0.7525081,0.24749191
8834_geowiki-landcover-2017,0.42758405,0.57241595
1212_ile-de-france,0.53110904,0.46889096
519_togo,0.3002077,0.6997923
16537_geowiki-landcover-2017,0.5528426,0.44715735
2542_central-asia,0.30020538,0.6997946
32995_geowiki-landcover-2017,0.5352204,0.46477956
14709_geowiki-landcover-2017,0.61257416,0.3874258
6785_geowiki-landcover-2017,0.5528425,0.44715744
13420_geowiki-landcover-2017,0.41029066,0.58970934
541_reunion-france,0.7525068,0.24749322
21403_geowiki-landcover-2017,0.6672366,0.3327634
10488_geowiki-landcover-2017,0.64751947,0.35248056
221_ethiopia,0.41028616,0.5897139
32328_geowiki-landcover-2017,0.5478115,0.45218846
3262_ile-de-france,0.30020493,0.699795
28651_geowiki-landcover-2017,0.7524873,0.24751268
10592_geowiki-landcover-2017,0.5311081,0.46889195
3385_canada,0.4275837,0.57241625
7751_geowiki-landcover-2017,0.75250566,0.2474943
752_rwanda-ceo,0.66723853,0.33276144
3240_geowiki-landcover-2017,0.43314636,0.5668537
780_canada,0.42758408,0.5724159
2075_germany,0.30020514,0.6997948
12199_geowiki-landcover-2017,0.42758396,0.572416
1062_mali-helmets-labelling-crops,0.300205,0.699795
1609_central-asia,0.30020535,0.69979465
14407_geowiki-landcover-2017,0.64751935,0.35248065
29863_geowiki-landcover-2017,0.53110886,0.46889117
31972_geowiki-landcover-2017,0.53110904,0.468891
1960_ile-de-france,0.39416602,0.60583395
2776_rwanda-ceo,0.75250787,0.24749213
5565_ile-de-france,0.30128378,0.6987162
239_mali-helmets-labelling-crops,0.30022028,0.69977975
2165_germany,0.3002049,0.69979507
829_central-asia,0.5311102,0.4688898
261_tanzania,0.63585716,0.36414286
35410_geowiki-landcover-2017,0.42758408,0.5724159
2523_germany,0.42758396,0.572416
19070_geowiki-landcover-2017,0.42758387,0.5724161
297_tanzania-ceo,0.5352204,0.46477962
1813_germany,0.531109,0.46889102
33874_geowiki-landcover-2017,0.42758402,0.572416
6330_canada,0.3002294,0.6997706
115_uganda,0.5339913,0.46600875
1444_croplands,0.39412478,0.60587525
80_mali-non-crop,0.39412427,0.60587573
1892_reunion-france,0.635857,0.36414307
20334_geowiki-landcover-2017,0.30020517,0.69979477
11321_geowiki-landcover-2017,0.7525078,0.24749222
5769_ile-de-france,0.5311078,0.46889228
1055_central-asia,0.30020493,0.69979507
881_geowiki-landcover-2017,0.75250673,0.24749324
2205_croplands,0.75250715,0.24749288
15385_geowiki-landcover-2017,0.4275838,0.5724162
17562_geowiki-landcover-2017,0.42758346,0.57241654
1838_rwanda-ceo,0.6358565,0.36414352
589_lem-brazil,0.7525015,0.24749854
139_mali-non-crop,0.5311093,0.46889067
100_germany,0.30020532,0.69979465
20536_geowiki-landcover-2017,0.5478136,0.45218647
1107_ile-de-france,0.39412427,0.60587573
1682_kenya-non-crop,0.75250804,0.24749196
47_togo,0.4152155,0.5847845
201_ile-de-france,0.5311053,0.46889475
4525_croplands,0.6520117,0.34798825
21717_geowiki-landcover-2017,0.531107,0.46889296
175_uganda,0.4102909,0.58970904
1436_martinique-france,0.6513973,0.34860277
10712_geowiki-landcover-2017,0.5478132,0.45218682
7060_canada,0.39412245,0.6058775
1872_rwanda-ceo,0.53544337,0.46455663
590_mali-helmets-labelling-crops,0.30020532,0.69979465
1165_geowiki-landcover-2017,0.5528431,0.44715694
290_reunion-france,0.75250804,0.247492
32988_geowiki-landcover-2017,0.66717845,0.33282155
2181_germany,0.30020496,0.699795
2373_ile-de-france,0.30020502,0.699795
4353_ile-de-france,0.5311089,0.4688911
2_mali-helmets-labelling-crops,0.30020568,0.6997943
29774_geowiki-landcover-2017,0.6672347,0.33276522
1101_ile-de-france,0.39412412,0.60587585
10181_croplands,0.53522015,0.46477988
10102_croplands,0.53522,0.46477997
221_tanzania-rice-ecaas,0.6358569,0.36414307
1687_kenya-non-crop,0.75250816,0.24749182
22372_geowiki-landcover-2017,0.39412528,0.6058747
627_ethiopia,0.6475164,0.3524835
1532_croplands,0.5133839,0.48661608
2300_central-asia,0.42758363,0.57241637
272_canada,0.42758387,0.5724161
1635_canada,0.30020502,0.69979495
973_germany,0.42758265,0.5724174
5436_canada,0.3002049,0.69979507
33784_geowiki-landcover-2017,0.42758378,0.5724162
619_tanzania-rice-ecaas,0.75250685,0.24749318
27126_geowiki-landcover-2017,0.6521421,0.34785792
1870_martinique-france,0.42759222,0.5724077
2253_canada,0.42758414,0.5724159
492_martinique-france,0.5310927,0.46890733
1385_reunion-france,0.6521436,0.34785634
2889_croplands,0.7525061,0.24749391
654_germany,0.53110904,0.46889094
9042_geowiki-landcover-2017,0.5352201,0.46477988
1350_kenya-non-crop,0.75250804,0.247492
23879_geowiki-landcover-2017,0.42758983,0.57241017
10707_croplands,0.66723573,0.33276424
748_geowiki-landcover-2017,0.6521434,0.34785658
35299_geowiki-landcover-2017,0.4275759,0.5724242
3683_ile-de-france,0.39412403,0.60587597
384_lem-brazil,0.7525074,0.24749263
1229_germany,0.531109,0.46889102
2650_reunion-france,0.6358637,0.3641363
1037_martinique-france,0.5184877,0.48151234
1727_canada,0.30020535,0.69979465
9982_geowiki-landcover-2017,0.5311094,0.46889067
1438_mali-helmets-labelling-crops,0.3002059,0.6997941
28493_geowiki-landcover-2017,0.65213853,0.3478614
598_ethiopia,0.75250804,0.247492
1765_rwanda-ceo,0.75250804,0.247492
23_tanzania,0.6672384,0.33276165
1231_mali-helmets-labelling-crops,0.30020505,0.69979495
575_ile-de-france,0.53110874,0.4688912
663_ile-de-france,0.30020535,0.69979465
24594_geowiki-landcover-2017,0.531109,0.46889102
7585_canada,0.30020487,0.6997951
15944_geowiki-landcover-2017,0.5479085,0.4520915
1164_martinique-france,0.5184422,0.48155773
1128_togo,0.65211904,0.34788093
1599_kenya-non-crop,0.63585716,0.36414286
3803_ile-de-france,0.30020535,0.69979465
29800_geowiki-landcover-2017,0.3002049,0.69979507
417_geowiki-landcover-2017,0.5352201,0.46477988
15031_geowiki-landcover-2017,0.41521603,0.584784
3425_rwanda-ceo,0.5352698,0.46473023
7819_geowiki-landcover-2017,0.518459,0.481541
28254_geowiki-landcover-2017,0.6358572,0.36414278
2858_canada,0.552844,0.44715604
6411_canada,0.5311079,0.46889207
34774_geowiki-landcover-2017,0.30020493,0.69979507
1612_germany,0.53110886,0.46889114
2244_canada,0.30020526,0.69979477
181_ile-de-france,0.3941239,0.6058761
5933_ile-de-france,0.5310696,0.46893048
34_lem-brazil,0.75250626,0.24749373
5272_ile-de-france,0.39412415,0.60587585
31093_geowiki-landcover-2017,0.652143,0.34785697
20299_geowiki-landcover-2017,0.30020517,0.69979477
6968_canada,0.5311089,0.4688911
5396_canada,0.55283296,0.44716707
2118_kenya-non-crop,0.7525078,0.24749218
965_canada,0.30020505,0.69979495
5055_ile-de-france,0.5311085,0.46889153
4364_croplands,0.5336148,0.4663852
4528_croplands,0.41519699,0.584803
2556_reunion-france,0.5184594,0.48154068
6654_canada,0.30020493,0.69979507
26518_geowiki-landcover-2017,0.647519,0.352481
846_kenya-non-crop,0.7525077,0.24749236
1100_germany,0.42757222,0.57242775
1401_kenya-non-crop,0.64752245,0.35247755
8460_geowiki-landcover-2017,0.6521429,0.3478571
232_geowiki-landcover-2017,0.6672383,0.3327617
451_tanzania-ceo,0.66723794,0.3327621
25835_geowiki-landcover-2017,0.547814,0.45218596
33454_geowiki-landcover-2017,0.3002049,0.69979507
1772_kenya-non-crop,0.75250816,0.24749187
83_tanzania-rice-ecaas,0.63585687,0.36414313
173_martinique-france,0.6513971,0.3486029
628_central-asia,0.3002062,0.69979376
1483_rwanda-ceo,0.75249356,0.24750644
3859_ile-de-france,0.30020502,0.699795
23376_geowiki-landcover-2017,0.5528415,0.44715855
3647_central-asia,0.30020502,0.699795
2963_rwanda-ceo,0.7525081,0.24749191
892_germany,0.3002054,0.6997946
4137_croplands,0.5184596,0.48154035
1693_germany,0.42758417,0.5724159
69_geowiki-landcover-2017,0.66723824,0.33276176
7506_canada,0.42758375,0.57241625
23809_geowiki-landcover-2017,0.6358701,0.36412996
22317_geowiki-landcover-2017,0.42758355,0.5724165
2551_rwanda-ceo,0.75250816,0.24749187
7078_geowiki-landcover-2017,0.54781324,0.45218682
4150_central-asia,0.30020633,0.69979364
97_mali,0.3002051,0.6997949
33900_geowiki-landcover-2017,0.53110886,0.46889114
412_central-asia,0.3002053,0.6997947
227_lem-brazil,0.6672352,0.33276474
1531_tanzania-ceo,0.75250804,0.24749199
328_geowiki-landcover-2017,0.5528437,0.44715634
2268_rwanda-ceo,0.7525082,0.24749178
686_ethiopia,0.7525077,0.24749231
2000_germany,0.30020493,0.69979507
92_canada,0.42758363,0.57241637
1678_ile-de-france,0.3002051,0.6997949
12436_croplands,0.4152164,0.5847836
4823_geowiki-landcover-2017,0.4152159,0.58478415
16666_geowiki-landcover-2017,0.66723824,0.33276176
581_germany,0.5311089,0.4688911
3541_ile-de-france,0.30020502,0.699795
4793_geowiki-landcover-2017,0.647517,0.352483
6813_croplands,0.63585484,0.3641452
28882_geowiki-landcover-2017,0.42758363,0.57241637
32622_geowiki-landcover-2017,0.3002049,0.69979507
35696_geowiki-landcover-2017,0.5478149,0.4521851
4914_central-asia,0.30020487,0.6997951
2268_geowiki-landcover-2017,0.7524714,0.24752863
3507_ile-de-france,0.30020505,0.69979495
3586_rwanda-ceo,0.7525076,0.2474924
2684_reunion-france,0.51845956,0.4815405
24875_geowiki-landcover-2017,0.63553375,0.36446628
5131_ile-de-france,0.3002052,0.69979477
991_mali-helmets-labelling-crops,0.300205,0.699795
2541_geowiki-landcover-2017,0.42758447,0.57241553
1066_togo,0.42763346,0.5723666
6164_ile-de-france,0.3002265,0.6997735
5992_geowiki-landcover-2017,0.6474935,0.3525065
703_ethiopia,0.6475196,0.3524804
3774_geowiki-landcover-2017,0.5310918,0.46890822
1419_canada,0.54780793,0.45219204
6221_canada,0.30020493,0.699795
6714_canada,0.531113,0.468887
3287_canada,0.6475195,0.3524805
1175_canada,0.42758408,0.5724159
257_canada,0.300205,0.699795
4_rwanda-ceo,0.6475205,0.3524795
1430_kenya-non-crop,0.75250816,0.24749182
29_reunion-france,0.75250703,0.24749304
12704_geowiki-landcover-2017,0.5478136,0.45218647
1466_germany,0.39412433,0.6058757
2288_reunion-france,0.7525078,0.24749222
4088_ile-de-france,0.39412412,0.6058759
9489_croplands,0.5352199,0.46478003
3086_canada,0.42759675,0.5724033
9529_croplands,0.5352206,0.46477935
8546_croplands,0.75250727,0.24749267
2893_geowiki-landcover-2017,0.42758924,0.57241076
4627_central-asia,0.3002053,0.6997947
889_germany,0.30020502,0.699795
2309_germany,0.5311091,0.46889094
35354_geowiki-landcover-2017,0.5478141,0.45218596
6975_canada,0.42758238,0.5724176
2458_kenya-non-crop,0.55284226,0.44715774
5409_ile-de-france,0.30020496,0.699795
13871_geowiki-landcover-2017,0.66723645,0.33276358
2465_ile-de-france,0.30020505,0.6997949
480_martinique-france,0.42758682,0.57241315
7261_canada,0.30020493,0.69979507
1183_central-asia,0.42758307,0.5724169
12614_croplands,0.518459,0.48154095
302_tanzania-rice-ecaas,0.5355149,0.46448514
1067_ile-de-france,0.42758128,0.5724187
8162_geowiki-landcover-2017,0.51845914,0.4815408
2191_croplands,0.6358563,0.36414373
31928_geowiki-landcover-2017,0.42755088,0.5724491
16358_geowiki-landcover-2017,0.64752066,0.35247934
6528_croplands,0.53522015,0.46477988
3238_rwanda-ceo,0.63585705,0.36414298
4855_canada,0.30020514,0.6997949
20954_geowiki-landcover-2017,0.42758396,0.572416
13147_croplands,0.7525077,0.24749234
134_ethiopia,0.4102909,0.5897091
910_mali-helmets-labelling-crops,0.30020502,0.699795
742_ile-de-france,0.39412427,0.60587573
24628_geowiki-landcover-2017,0.41029063,0.5897094
1394_mali-helmets-labelling-crops,0.3002111,0.69978887
254_canada,0.4275854,0.57241464
1441_kenya-non-crop,0.65214396,0.34785604
2418_martinique-france,0.6671958,0.33280423
10609_croplands,0.6358567,0.36414334
8468_geowiki-landcover-2017,0.7525077,0.24749236
2528_canada,0.42758408,0.57241595
2003_ile-de-france,0.5311092,0.46889073
18920_geowiki-landcover-2017,0.5478079,0.4521922
25806_geowiki-landcover-2017,0.64752,0.35248
1499_reunion-france,0.51845914,0.4815408
5514_ile-de-france,0.30020544,0.69979453
919_central-asia,0.30020517,0.6997948
2262_central-asia,0.30020505,0.6997949
1894_kenya-non-crop,0.6672381,0.33276188
607_geowiki-landcover-2017,0.6672384,0.33276156
1492_croplands,0.519303,0.48069695
3658_central-asia,0.30020493,0.699795
651_geowiki-landcover-2017,0.6521625,0.34783748
293_kenya-non-crop,0.75250715,0.24749285
416_martinique-france,0.65212303,0.34787697
375_ile-de-france,0.5311081,0.46889195
691_tanzania-rice-ecaas,0.7525074,0.24749257
4789_canada,0.30020487,0.6997951
6988_croplands,0.5352198,0.46478018
1569_geowiki-landcover-2017,0.5352201,0.46477988
2794_ile-de-france,0.30020502,0.699795
11134_geowiki-landcover-2017,0.51338387,0.48661616
9028_geowiki-landcover-2017,0.75250673,0.24749328
592_tanzania-rice-ecaas,0.5352207,0.46477932
416_canada,0.30020493,0.699795
359_rwanda-ceo,0.6358573,0.36414275
1156_reunion-france,0.51850104,0.48149896
1995_canada,0.42758355,0.5724165
1070_germany,0.53110886,0.46889114
17938_geowiki-landcover-2017,0.42758378,0.5724162
6621_canada,0.30020505,0.69979495
3942_canada,0.30021802,0.699782
586_rwanda-ceo,0.66723037,0.33276963
5067_geowiki-landcover-2017,0.65214586,0.34785417
9283_geowiki-landcover-2017,0.7525075,0.24749252
16748_geowiki-landcover-2017,0.55284214,0.4471579
5732_geowiki-landcover-2017,0.55284226,0.44715777
14949_geowiki-landcover-2017,0.66723824,0.33276176
832_togo,0.6521436,0.3478564
4211_canada,0.41521606,0.584784
2815_geowiki-landcover-2017,0.4275397,0.5724603
544_kenya-non-crop,0.75250775,0.24749227
504_tanzania-ceo,0.7525081,0.2474919
24299_geowiki-landcover-2017,0.39412385,0.60587615
21_canada,0.30020523,0.69979477
311_martinique-france,0.752485,0.247515
263_central-asia,0.30020633,0.6997937
2057_martinique-france,0.63509315,0.36490688
3042_central-asia,0.30020562,0.69979435
5858_ile-de-france,0.39412385,0.6058761
6549_canada,0.4274794,0.57252055
188_togo,0.3004514,0.69954854
24383_geowiki-landcover-2017,0.30021787,0.69978213
28652_geowiki-landcover-2017,0.75250816,0.24749182
637_croplands,0.3941256,0.6058744
769_kenya-non-crop,0.6672376,0.33276242
2867_geowiki-landcover-2017,0.42758495,0.5724151
1305_tanzania-ceo,0.7525074,0.24749263
5615_ile-de-france,0.30020493,0.69979507
1458_tanzania-ceo,0.66723514,0.33276486
1971_germany,0.42758378,0.5724162
1615_reunion-france,0.75250584,0.24749412
22253_geowiki-landcover-2017,0.64751923,0.35248074
1122_geowiki-landcover-2017,0.75249743,0.24750254
933_rwanda-ceo,0.7525079,0.24749205
955_germany,0.30025238,0.6997476
23224_geowiki-landcover-2017,0.54781485,0.45218515
16790_geowiki-landcover-2017,0.5184597,0.4815403
167_martinique-france,0.75189406,0.24810599
18_rwanda-ceo,0.7525079,0.24749207
3130_canada,0.42758366,0.57241637
17196_geowiki-landcover-2017,0.5133836,0.48661637
608_central-asia,0.39408752,0.60591245
2604_central-asia,0.42756993,0.5724301
2294_martinique-france,0.5311175,0.46888247
1668_tanzania-ceo,0.7525078,0.24749218
2595_kenya-non-crop,0.5478139,0.4521861
1671_kenya-non-crop,0.7525081,0.24749191
1271_canada,0.30020487,0.6997951
6221_geowiki-landcover-2017,0.6475198,0.3524802
616_martinique-france,0.7524889,0.2475111
3150_geowiki-landcover-2017,0.30021104,0.6997889
35602_geowiki-landcover-2017,0.63585126,0.36414877
1515_geowiki-landcover-2017,0.7525075,0.24749252
26005_geowiki-landcover-2017,0.5311107,0.4688893
7236_geowiki-landcover-2017,0.53110826,0.46889174
608_tanzania-rice-ecaas,0.63585734,0.36414263
19340_geowiki-landcover-2017,0.42758405,0.57241595
2264_reunion-france,0.7525078,0.24749216
504_canada,0.42758307,0.57241696
21773_geowiki-landcover-2017,0.42758387,0.5724161
2405_central-asia,0.42758417,0.5724159
12388_geowiki-landcover-2017,0.5133839,0.4866161
26185_geowiki-landcover-2017,0.6475198,0.3524802
192_geowiki-landcover-2017,0.75250715,0.24749285
10455_geowiki-landcover-2017,0.5478143,0.4521857
19879_geowiki-landcover-2017,0.5478136,0.4521864
13734_croplands,0.65214324,0.34785676
33533_geowiki-landcover-2017,0.75247824,0.24752177
27221_geowiki-landcover-2017,0.5528429,0.44715708
118_central-asia,0.30020517,0.6997948
28615_geowiki-landcover-2017,0.3941234,0.6058766
42_ethiopia,0.410291,0.589709
1342_reunion-france,0.6521455,0.34785444
3656_croplands,0.53522,0.46477997
3357_ile-de-france,0.530867,0.46913302
6024_ile-de-france,0.53110796,0.46889204
17765_geowiki-landcover-2017,0.5478141,0.45218596
397_mali-helmets-labelling-crops,0.3002109,0.6997891
175_tanzania-rice-ecaas,0.635857,0.36414307
313_ethiopia,0.513411,0.48658898
834_canada,0.30020517,0.69979477
33735_geowiki-landcover-2017,0.30020487,0.6997951
660_ethiopia,0.41029137,0.5897086
27915_geowiki-landcover-2017,0.6475193,0.3524807
4327_geowiki-landcover-2017,0.6521424,0.34785756
27329_geowiki-landcover-2017,0.5352196,0.46478036
934_rwanda-ceo,0.53522056,0.4647795
4129_geowiki-landcover-2017,0.7525081,0.24749191
1588_rwanda-ceo,0.6475195,0.3524805
310_kenya,0.7525038,0.24749619
1149_germany,0.42760667,0.5723933
811_ethiopia,0.635847,0.36415306
581_mali-helmets-labelling-crops,0.30020744,0.69979256
25393_geowiki-landcover-2017,0.41028976,0.58971024
221_reunion-france,0.5184631,0.4815369
2252_ile-de-france,0.300205,0.699795
27909_geowiki-landcover-2017,0.6521404,0.34785965
25853_geowiki-landcover-2017,0.3002049,0.6997951
4238_canada,0.41521573,0.5847842
1810_rwanda-ceo,0.6358576,0.36414245
1170_geowiki-landcover-2017,0.6672383,0.3327617
7247_canada,0.4102627,0.58973736
66_sudan,0.6521436,0.3478564
31437_geowiki-landcover-2017,0.65197414,0.34802586
21053_geowiki-landcover-2017,0.5311093,0.46889073
1199_central-asia,0.42758182,0.57241815
13775_geowiki-landcover-2017,0.5311089,0.46889114
3752_ile-de-france,0.30020523,0.69979477
100_tanzania,0.5352203,0.46477965
1642_germany,0.53110904,0.46889094
1554_tanzania-ceo,0.6672418,0.33275822
13536_geowiki-landcover-2017,0.51338357,0.48661646
5485_ile-de-france,0.30020517,0.69979477
31646_geowiki-landcover-2017,0.4275834,0.57241666
21736_geowiki-landcover-2017,0.54781574,0.45218432
19008_geowiki-landcover-2017,0.64751977,0.3524802
11471_geowiki-landcover-2017,0.65214837,0.34785166
950_rwanda-ceo,0.64751995,0.35248005
21629_geowiki-landcover-2017,0.64751965,0.35248032
104_kenya,0.6672342,0.33276582
6816_croplands,0.5352204,0.46477962
1609_rwanda-ceo,0.63585865,0.36414135
19459_geowiki-landcover-2017,0.53111196,0.46888804
13576_geowiki-landcover-2017,0.41521645,0.58478355
1206_martinique-france,0.53107935,0.46892062
4846_central-asia,0.53110695,0.46889302
1760_martinique-france,0.6521235,0.34787646
813_canada,0.30020958,0.6997905
829_lem-brazil,0.7525043,0.24749567
426_ethiopia,0.64751965,0.35248038
1554_kenya-non-crop,0.65214324,0.34785676
3835_geowiki-landcover-2017,0.513384,0.48661605
1399_martinique-france,0.7518947,0.24810527
1255_ile-de-france,0.30020505,0.69979495
2107_kenya-non-crop,0.7525079,0.247492
1441_central-asia,0.3002049,0.69979507
4116_central-asia,0.30021825,0.6997818
2680_reunion-france,0.75250787,0.24749209
5172_canada,0.3002049,0.69979507
25882_geowiki-landcover-2017,0.5478137,0.45218632
2299_ile-de-france,0.300205,0.699795
29254_geowiki-landcover-2017,0.30020562,0.69979435
4726_geowiki-landcover-2017,0.41029096,0.58970904
19629_geowiki-landcover-2017,0.6475201,0.35247982
5765_ile-de-france,0.30020502,0.69979495
3867_canada,0.3002049,0.6997951
707_germany,0.30024752,0.6997525
3442_rwanda-ceo,0.75249493,0.2475051
3470_ile-de-france,0.30020502,0.699795
35827_geowiki-landcover-2017,0.5478139,0.4521861
1601_germany,0.30021146,0.6997886
1483_germany,0.30020502,0.699795
9974_croplands,0.5352205,0.46477953
9614_geowiki-landcover-2017,0.5184743,0.48152572
22155_geowiki-landcover-2017,0.41028976,0.58971024
2835_rwanda-ceo,0.667238,0.33276197
12545_croplands,0.4152352,0.58476484
303_sudan,0.64749306,0.3525069
11004_geowiki-landcover-2017,0.66723394,0.3327661
2891_croplands,0.53522,0.46478003
22907_geowiki-landcover-2017,0.42808405,0.5719159
5907_canada,0.30020517,0.6997948
505_lem-brazil,0.53521985,0.4647801
29214_geowiki-landcover-2017,0.41028708,0.58971286
2086_kenya-non-crop,0.75250804,0.24749199
21073_geowiki-landcover-2017,0.5478133,0.45218673
115_tanzania,0.63586044,0.36413953
78_tanzania,0.6672381,0.33276188
1442_croplands,0.53111285,0.4688871
1311_tanzania-ceo,0.63585764,0.36414236
684_geowiki-landcover-2017,0.55284464,0.44715533
972_rwanda-ceo,0.75250417,0.24749587
2754_geowiki-landcover-2017,0.3002056,0.6997944
3280_rwanda-ceo,0.53522515,0.46477485
1566_germany,0.30020493,0.69979507
4027_geowiki-landcover-2017,0.5133849,0.48661515
2318_germany,0.53110904,0.46889094
1549_central-asia,0.30020502,0.699795
9526_geowiki-landcover-2017,0.65214384,0.3478562
29175_geowiki-landcover-2017,0.30020505,0.6997949
28598_geowiki-landcover-2017,0.42758396,0.572416
5115_central-asia,0.3002062,0.69979376
56_tanzania,0.5352208,0.4647792
6915_canada,0.3002049,0.69979507
1691_canada,0.42758307,0.57241696
24520_geowiki-landcover-2017,0.42758402,0.572416
12357_geowiki-landcover-2017,0.54781395,0.4521861
747_ethiopia,0.6475196,0.3524804
287_tanzania-ceo,0.635857,0.36414307
2481_central-asia,0.30020505,0.69979495
28095_geowiki-landcover-2017,0.30020484,0.6997952
3439_central-asia,0.39412403,0.60587597
32384_geowiki-landcover-2017,0.5311092,0.4688908
1922_germany,0.531109,0.46889105
11265_geowiki-landcover-2017,0.75250685,0.2474931
174_lem-brazil,0.6365104,0.36348966
7264_canada,0.30020493,0.69979507
353_sudan,0.6475164,0.3524836
3166_canada,0.30020505,0.69979495
11985_geowiki-landcover-2017,0.30020577,0.6997942
26448_geowiki-landcover-2017,0.42758432,0.5724157
1908_rwanda-ceo,0.7525061,0.24749391
35428_geowiki-landcover-2017,0.5310161,0.4689839
355_martinique-france,0.53112775,0.46887225
23692_geowiki-landcover-2017,0.54781324,0.45218682
879_canada,0.3002049,0.69979507
2008_reunion-france,0.6521437,0.34785628
30263_geowiki-landcover-2017,0.42758355,0.5724164
4648_central-asia,0.30020502,0.699795
7485_geowiki-landcover-2017,0.39412272,0.6058772
1620_martinique-france,0.64752185,0.35247815
1123_geowiki-landcover-2017,0.6358578,0.36414212
2986_geowiki-landcover-2017,0.42755628,0.5724438
2428_central-asia,0.30020526,0.69979477
4169_canada,0.5184583,0.48154166
4892_ile-de-france,0.3002062,0.6997938
1754_martinique-france,0.651396,0.34860405
1778_central-asia,0.42735222,0.5726478
23569_geowiki-landcover-2017,0.5478145,0.4521855
740_mali-helmets-labelling-crops,0.3002051,0.6997949
2049_canada,0.42758358,0.5724164
16141_geowiki-landcover-2017,0.54781395,0.45218602
1397_croplands,0.64751977,0.35248026
2585_central-asia,0.30020502,0.69979495
2384_geowiki-landcover-2017,0.6358569,0.36414307
816_ile-de-france,0.30020493,0.699795
1626_rwanda-ceo,0.7525076,0.2474924
2634_reunion-france,0.7525051,0.24749492
1183_mali-helmets-labelling-crops,0.4275837,0.57241625
3917_canada,0.4275838,0.5724162
2109_central-asia,0.30020505,0.69979495
25698_geowiki-landcover-2017,0.5311086,0.4688914
4666_canada,0.3002051,0.6997949
122_tanzania-ceo,0.5352204,0.46477962
9484_geowiki-landcover-2017,0.7525063,0.24749364
9011_geowiki-landcover-2017,0.54781353,0.45218647
3520_central-asia,0.30021155,0.6997884
3941_central-asia,0.39412406,0.6058759
4304_canada,0.39412397,0.605876
7456_canada,0.3002049,0.69979507
562_croplands,0.30020824,0.6997917
1399_canada,0.300205,0.699795
17625_geowiki-landcover-2017,0.6475198,0.3524802
525_germany,0.5311091,0.46889088
34748_geowiki-landcover-2017,0.39412406,0.6058759
4544_ile-de-france,0.30020502,0.69979495
494_togo,0.4152157,0.5847843
604_martinique-france,0.53136027,0.4686397
229_kenya,0.7525056,0.24749441
4862_geowiki-landcover-2017,0.7525045,0.24749547
239_reunion-france,0.5184592,0.48154074
2601_ile-de-france,0.30020502,0.699795
3440_ile-de-france,0.30026844,0.6997315
4182_central-asia,0.30020708,0.6997929
127_central-asia,0.30020523,0.69979477
563_tanzania-ceo,0.66723543,0.3327646
2660_kenya-non-crop,0.6358573,0.36414278
30733_geowiki-landcover-2017,0.64751893,0.3524811
12803_croplands,0.41521615,0.58478385
3758_geowiki-landcover-2017,0.42757738,0.57242256
2895_canada,0.41028866,0.58971137
23575_geowiki-landcover-2017,0.5133843,0.48661572
30738_geowiki-landcover-2017,0.30020505,0.69979495
4416_geowiki-landcover-2017,0.39412397,0.605876
27835_geowiki-landcover-2017,0.64751977,0.35248026
3960_canada,0.42758378,0.57241625
3739_croplands,0.53523064,0.4647693
9813_geowiki-landcover-2017,0.5184616,0.48153844
2546_ile-de-france,0.3002055,0.6997945
1281_canada,0.30020493,0.69979507
26009_geowiki-landcover-2017,0.5133845,0.48661542
1333_germany,0.30020493,0.699795
1114_ile-de-france,0.39411947,0.60588056
1038_martinique-france,0.51844245,0.4815576
19655_geowiki-landcover-2017,0.4152163,0.58478373
31490_geowiki-landcover-2017,0.75250727,0.2474927
13279_geowiki-landcover-2017,0.5528428,0.44715723
1838_geowiki-landcover-2017,0.51845896,0.48154104
139_geowiki-landcover-2017,0.5133836,0.48661637
5368_geowiki-landcover-2017,0.42758352,0.5724165
1314_germany,0.3941239,0.6058761
31584_geowiki-landcover-2017,0.65214384,0.34785613
92_germany,0.3002049,0.69979507
29342_geowiki-landcover-2017,0.54781336,0.4521866
3743_croplands,0.5352235,0.46477652
1192_germany,0.30020493,0.699795
32353_geowiki-landcover-2017,0.54781234,0.45218766
1070_martinique-france,0.7525006,0.24749942
47_zimbabwe,0.7525072,0.2474928
27851_geowiki-landcover-2017,0.30020484,0.6997951
21231_geowiki-landcover-2017,0.7525075,0.24749252
1658_kenya-non-crop,0.7525079,0.24749205
13828_geowiki-landcover-2017,0.5528429,0.44715714
5499_canada,0.30020493,0.69979507
112_reunion-france,0.75250787,0.24749209
6145_canada,0.3002049,0.6997951
14860_geowiki-landcover-2017,0.6521442,0.34785578
187_kenya-non-crop,0.6358574,0.3641426
35190_geowiki-landcover-2017,0.6521424,0.34785756
36_germany,0.30020505,0.69979495
236_tanzania-rice-ecaas,0.635857,0.36414307
1215_togo,0.5310432,0.46895683
2047_geowiki-landcover-2017,0.7525078,0.24749222
290_ile-de-france,0.39416376,0.6058363
1215_reunion-france,0.6521384,0.34786156
153_kenya-non-crop,0.64757985,0.35242015
1352_canada,0.30020493,0.699795
3556_geowiki-landcover-2017,0.42758432,0.57241565
13404_croplands,0.7525066,0.24749337
10530_geowiki-landcover-2017,0.6475192,0.35248086
282_tanzania,0.7525006,0.24749942
1373_central-asia,0.5303549,0.4696451
2073_reunion-france,0.7525069,0.24749306
5380_ile-de-france,0.30020505,0.69979495
3041_central-asia,0.30020544,0.69979453
788_central-asia,0.30020517,0.6997948
4853_croplands,0.6672369,0.33276305
873_tanzania-ceo,0.66722256,0.33277747
2462_geowiki-landcover-2017,0.7525079,0.24749207
10702_croplands,0.5352203,0.4647797
2145_rwanda-ceo,0.63585716,0.3641428
177_togo,0.41513428,0.58486575
1022_togo,0.5528417,0.4471583
1348_central-asia,0.39188454,0.60811543
32329_geowiki-landcover-2017,0.42758247,0.5724175
1457_martinique-france,0.64752513,0.35247484
1609_ile-de-france,0.53108823,0.46891174
663_tanzania-ceo,0.5528429,0.44715708
371_ethiopia,0.6672346,0.33276543
12869_croplands,0.41036388,0.58963615
3787_ile-de-france,0.3002053,0.69979465
379_lem-brazil,0.75250757,0.2474924
779_canada,0.3002079,0.6997921
6749_croplands,0.53522015,0.46477988
3710_geowiki-landcover-2017,0.3941235,0.6058765
1422_tanzania-ceo,0.75250685,0.2474931
1517_tanzania-ceo,0.7525078,0.24749222
2903_geowiki-landcover-2017,0.30030784,0.6996922
1975_germany,0.3002049,0.69979507
299_ethiopia,0.6475189,0.3524812
657_central-asia,0.39412406,0.6058759
971_ile-de-france,0.53110695,0.46889308
721_tanzania-rice-ecaas,0.75250065,0.24749929
200_croplands,0.30020642,0.69979364
9464_croplands,0.5528423,0.44715768
25165_geowiki-landcover-2017,0.5528425,0.4471575
2757_ile-de-france,0.30020556,0.6997944
857_togo,0.65196913,0.34803087
13530_croplands,0.5528413,0.4471587
8122_geowiki-landcover-2017,0.5311092,0.4688908
12292_geowiki-landcover-2017,0.7525077,0.2474923
1662_tanzania-ceo,0.5352206,0.46477938
205_togo,0.3002175,0.69978255
9556_geowiki-landcover-2017,0.65214324,0.34785676
896_reunion-france,0.75250536,0.24749461
1475_mali-helmets-labelling-crops,0.4275836,0.5724164
5214_ile-de-france,0.3002051,0.6997949
2010_geowiki-landcover-2017,0.5528497,0.4471503
691_ile-de-france,0.30020517,0.6997948
574_lem-brazil,0.75250715,0.24749285
930_rwanda-ceo,0.75250787,0.24749213
10458_geowiki-landcover-2017,0.64751965,0.35248035
4394_ile-de-france,0.30020502,0.69979495
17707_geowiki-landcover-2017,0.4102762,0.5897238
1915_tanzania-ceo,0.65214354,0.34785643
769_canada,0.30020493,0.699795
832_ile-de-france,0.300205,0.699795
9492_geowiki-landcover-2017,0.5528437,0.44715634
67_croplands,0.64751863,0.3524814
16234_geowiki-landcover-2017,0.6672381,0.33276185
233_central-asia,0.4102871,0.58971286
158_ile-de-france,0.300205,0.699795
188_geowiki-landcover-2017,0.55284667,0.44715336
31206_geowiki-landcover-2017,0.4275836,0.5724164
9819_geowiki-landcover-2017,0.3002051,0.6997949
7089_canada,0.41521508,0.5847849
14875_croplands,0.6518914,0.34810862
476_ile-de-france,0.30020505,0.69979495
32868_geowiki-landcover-2017,0.42758363,0.57241637
2474_geowiki-landcover-2017,0.5311121,0.46888795
4654_central-asia,0.30020505,0.6997949
396_tanzania-ceo,0.7525076,0.2474924
2571_kenya-non-crop,0.64751965,0.35248032
32646_geowiki-landcover-2017,0.4102904,0.5897096
8228_geowiki-landcover-2017,0.65214795,0.34785202
3003_rwanda-ceo,0.6358573,0.3641427
24300_geowiki-landcover-2017,0.30020514,0.6997949
1862_kenya-non-crop,0.7525065,0.2474935
3896_ile-de-france,0.39410698,0.605893
413_ethiopia,0.41026434,0.5897356
22398_geowiki-landcover-2017,0.42758417,0.5724159
10495_croplands,0.63585675,0.36414325
4832_geowiki-landcover-2017,0.42759332,0.57240665
1878_kenya-non-crop,0.7525081,0.24749191
5043_geowiki-landcover-2017,0.51338375,0.48661625
4277_central-asia,0.41024977,0.5897502
1768_kenya-non-crop,0.7525081,0.24749191
686_germany,0.42758417,0.5724159
15_mali-helmets-labelling-crops,0.3002053,0.6997947
3808_canada,0.300205,0.699795
10507_croplands,0.6358568,0.36414316
1702_ile-de-france,0.30020502,0.69979495
2216_geowiki-landcover-2017,0.53338337,0.46661657
16775_geowiki-landcover-2017,0.30043995,0.69956005
4157_geowiki-landcover-2017,0.6471468,0.35285318
2146_kenya-non-crop,0.6672384,0.3327616
1632_reunion-france,0.65214384,0.34785622
10041_croplands,0.53522015,0.46477988
1732_germany,0.3002049,0.69979507
1425_reunion-france,0.7525079,0.24749205
25453_geowiki-landcover-2017,0.4275838,0.5724162
35525_geowiki-landcover-2017,0.75250787,0.24749209
21575_geowiki-landcover-2017,0.4102906,0.5897094
2663_geowiki-landcover-2017,0.42758402,0.572416
5784_geowiki-landcover-2017,0.6475197,0.3524803
328_tanzania-rice-ecaas,0.6358659,0.36413407
571_togo,0.5351622,0.4648378
2654_geowiki-landcover-2017,0.552852,0.447148
7470_croplands,0.5525675,0.4474325
6519_canada,0.39410236,0.60589767
58_kenya,0.66723764,0.3327623
2663_kenya-non-crop,0.66723853,0.33276147
655_geowiki-landcover-2017,0.75250804,0.247492
626_tanzania-ceo,0.66724,0.33276
162_central-asia,0.30020544,0.69979453
1527_tanzania-ceo,0.75250804,0.247492
18569_geowiki-landcover-2017,0.6672367,0.33276334
35130_geowiki-landcover-2017,0.30020493,0.699795
31624_geowiki-landcover-2017,0.30021465,0.6997854
34296_geowiki-landcover-2017,0.7525078,0.24749218
881_central-asia,0.30020568,0.6997943
664_ile-de-france,0.3002051,0.6997949
3491_croplands,0.41524875,0.5847512
10849_croplands,0.5184703,0.48152968
5050_canada,0.30020487,0.6997951
33041_geowiki-landcover-2017,0.39412403,0.60587597
656_rwanda-ceo,0.7525079,0.24749205
150_canada,0.42758387,0.5724161
542_geowiki-landcover-2017,0.75250804,0.247492
27473_geowiki-landcover-2017,0.6521437,0.34785634
26674_geowiki-landcover-2017,0.39412397,0.605876
2836_canada,0.4275843,0.5724157
5783_ile-de-france,0.39412442,0.6058756
28597_geowiki-landcover-2017,0.4275849,0.5724151
2765_canada,0.30020612,0.6997939
31336_geowiki-landcover-2017,0.5528424,0.4471576
920_canada,0.30020496,0.699795
6199_geowiki-landcover-2017,0.39413148,0.6058685
6372_geowiki-landcover-2017,0.42758393,0.57241607
6815_croplands,0.53522044,0.46477956
1559_rwanda-ceo,0.6358573,0.36414275
2360_germany,0.30020496,0.699795
22853_geowiki-landcover-2017,0.42758355,0.5724165
539_central-asia,0.30020523,0.69979477
576_reunion-france,0.6358558,0.36414415
5150_geowiki-landcover-2017,0.5133838,0.48661622
29319_geowiki-landcover-2017,0.4263365,0.57366353
4566_canada,0.39411715,0.6058828
9794_geowiki-landcover-2017,0.5528431,0.44715694
2980_rwanda-ceo,0.75250596,0.24749404
151_ethiopia,0.41029078,0.5897092
2119_canada,0.53110784,0.46889216
5557_canada,0.3002049,0.69979507
2892_croplands,0.5352205,0.4647795
611_geowiki-landcover-2017,0.7525079,0.24749207
1317_mali-helmets-labelling-crops,0.30020973,0.69979024
170_kenya,0.75250304,0.24749698
10204_croplands,0.5356985,0.46430153
4970_central-asia,0.3002049,0.69979507
248_ethiopia,0.3002085,0.6997915
15185_geowiki-landcover-2017,0.75250816,0.24749182
2022_rwanda-ceo,0.75250673,0.24749324
31387_geowiki-landcover-2017,0.65214354,0.34785643
29668_geowiki-landcover-2017,0.30022445,0.6997755
6818_geowiki-landcover-2017,0.41029072,0.58970934
4697_central-asia,0.30020505,0.69979495
310_togo,0.518459,0.48154095
1656_rwanda-ceo,0.75250804,0.247492
2004_reunion-france,0.75250787,0.24749209
1196_kenya-non-crop,0.75250775,0.24749227
1168_central-asia,0.39412984,0.6058702
27790_geowiki-landcover-2017,0.54781324,0.45218673
2396_kenya-non-crop,0.75248945,0.24751052
335_geowiki-landcover-2017,0.5352538,0.46474615
214_kenya,0.752505,0.247495
3294_ile-de-france,0.30020505,0.6997949
169_ethiopia,0.4103171,0.5896829
385_kenya-non-crop,0.63585705,0.36414295
491_kenya-non-crop,0.53517795,0.46482208
29379_geowiki-landcover-2017,0.5478142,0.4521858
1333_mali-helmets-labelling-crops,0.3002055,0.69979453
26186_geowiki-landcover-2017,0.6521436,0.3478564
627_martinique-france,0.65139633,0.34860364
174_rwanda-ceo,0.7525072,0.2474928
4239_canada,0.41521558,0.58478445
14183_croplands,0.5184629,0.48153713
263_tanzania,0.6673675,0.3326325
28919_geowiki-landcover-2017,0.41521606,0.584784
3670_geowiki-landcover-2017,0.4275843,0.5724157
2647_reunion-france,0.75250703,0.24749304
8202_geowiki-landcover-2017,0.6672387,0.3327613
723_kenya-non-crop,0.6358602,0.3641398
17052_geowiki-landcover-2017,0.7525081,0.24749191
2285_reunion-france,0.752487,0.24751297
25_zimbabwe,0.63585657,0.36414337
13739_croplands,0.41521686,0.58478314
30630_geowiki-landcover-2017,0.51337844,0.4866216
1403_rwanda-ceo,0.75250787,0.24749213
35817_geowiki-landcover-2017,0.4275705,0.57242954
16062_geowiki-landcover-2017,0.513384,0.48661605
6091_geowiki-landcover-2017,0.6475175,0.3524825
2892_canada,0.4102904,0.5897096
3588_canada,0.39412412,0.6058759
166_lem-brazil,0.7525061,0.24749395
106_kenya-non-crop,0.7525074,0.24749254
14698_croplands,0.41521752,0.5847825
157_reunion-france,0.51846296,0.48153707
26430_geowiki-landcover-2017,0.4275839,0.5724161
5592_geowiki-landcover-2017,0.5311089,0.46889105
2668_geowiki-landcover-2017,0.6521453,0.34785464
9984_geowiki-landcover-2017,0.5478115,0.4521885
2129_tanzania-ceo,0.6521437,0.34785628
16038_geowiki-landcover-2017,0.42758426,0.57241577
3365_central-asia,0.39412385,0.60587615
3614_canada,0.3002049,0.69979507
733_reunion-france,0.63587606,0.36412397
462_martinique-france,0.6521073,0.34789273
26057_geowiki-landcover-2017,0.3941381,0.6058619
31447_geowiki-landcover-2017,0.5311082,0.46889174
706_reunion-france,0.7524548,0.24754517
13613_geowiki-landcover-2017,0.66723984,0.33276016
831_rwanda-ceo,0.6358586,0.36414143
18012_geowiki-landcover-2017,0.5311087,0.46889132
2447_germany,0.39412397,0.605876
2642_central-asia,0.30020517,0.6997948
632_central-asia,0.3002055,0.69979453
480_croplands,0.5478071,0.45219293
1625_kenya-non-crop,0.7525069,0.24749306
747_geowiki-landcover-2017,0.66724,0.33275998
22437_geowiki-landcover-2017,0.42758515,0.5724149
3297_rwanda-ceo,0.7525081,0.24749191
1525_geowiki-landcover-2017,0.55284184,0.44715813
1178_geowiki-landcover-2017,0.5528474,0.4471526
723_tanzania-rice-ecaas,0.6358557,0.36414433
8850_croplands,0.7525045,0.24749552
22741_geowiki-landcover-2017,0.5311089,0.46889105
672_geowiki-landcover-2017,0.75250787,0.24749209
1831_germany,0.30020493,0.699795
33070_geowiki-landcover-2017,0.7501838,0.24981618
219_tanzania-rice-ecaas,0.6358568,0.36414322
5042_canada,0.3002049,0.6997951
0_togo,0.5499041,0.45009586
258_ile-de-france,0.5311089,0.46889105
37_geowiki-landcover-2017,0.5528426,0.4471574
1666_geowiki-landcover-2017,0.7525078,0.24749218
617_central-asia,0.30020523,0.69979477
4929_croplands,0.5352264,0.4647736
2637_ile-de-france,0.30020538,0.6997946
516_central-asia,0.30020544,0.69979453
50_germany,0.30020782,0.6997922
1447_tanzania-ceo,0.75250536,0.24749461
7657_geowiki-landcover-2017,0.30020505,0.6997949
2090_tanzania-ceo,0.5352202,0.46477976
747_lem-brazil,0.6672305,0.3327695
38_lem-brazil,0.7520182,0.24798177
4980_central-asia,0.39372623,0.6062738
587_ethiopia,0.63585705,0.36414298
595_tanzania-ceo,0.66723776,0.3327622
826_canada,0.30020574,0.6997943
1476_tanzania-ceo,0.7525078,0.24749218
2756_reunion-france,0.6358571,0.3641429
262_sudan,0.5311964,0.46880358
199_geowiki-landcover-2017,0.75245863,0.24754137
896_martinique-france,0.5184351,0.4815649
6732_canada,0.5311071,0.46889287
18729_geowiki-landcover-2017,0.30020493,0.699795
1217_mali-helmets-labelling-crops,0.30020505,0.69979495
6873_croplands,0.53522176,0.46477824
233_kenya,0.7524535,0.24754654
1056_reunion-france,0.7525078,0.24749222
5191_canada,0.30020493,0.699795
2017_rwanda-ceo,0.6358111,0.3641889
3645_geowiki-landcover-2017,0.42758378,0.57241625
5061_canada,0.30020493,0.699795
1256_reunion-france,0.63585705,0.3641429
12460_geowiki-landcover-2017,0.54781395,0.45218605
640_tanzania-ceo,0.75250757,0.2474924
3433_geowiki-landcover-2017,0.53111124,0.46888873
4300_croplands,0.415211,0.58478904
2525_central-asia,0.53109074,0.46890923
14492_geowiki-landcover-2017,0.64751905,0.35248098
1399_geowiki-landcover-2017,0.7525077,0.24749234
2254_central-asia,0.30020502,0.699795
771_togo,0.4275848,0.5724152
2375_geowiki-landcover-2017,0.7525078,0.24749216
2627_ile-de-france,0.30020505,0.69979495
30967_geowiki-landcover-2017,0.53110814,0.46889186
656_martinique-france,0.42783108,0.57216895
493_germany,0.30020523,0.69979477
7588_geowiki-landcover-2017,0.7525052,0.24749483
4738_canada,0.30020487,0.6997951
1434_canada,0.531109,0.468891
308_togo,0.5528428,0.44715723
366_canada,0.42758453,0.5724155
23053_geowiki-landcover-2017,0.6521433,0.34785667
1242_tanzania-ceo,0.7525077,0.24749236
1191_germany,0.30020496,0.699795
14527_geowiki-landcover-2017,0.5478141,0.45218593
2337_reunion-france,0.63585556,0.3641444
24548_geowiki-landcover-2017,0.42758575,0.5724142
7892_canada,0.42758414,0.5724159
8873_geowiki-landcover-2017,0.5311089,0.46889105
1152_mali-helmets-labelling-crops,0.30020538,0.6997946
470_togo,0.41520938,0.58479065
1490_reunion-france,0.5184596,0.48154038
340_rwanda-ceo,0.7523642,0.2476358
2813_geowiki-landcover-2017,0.4152177,0.58478224
1538_canada,0.30020493,0.69979507
4546_canada,0.39412418,0.60587585
19890_geowiki-landcover-2017,0.30020574,0.69979423
12808_croplands,0.5528409,0.4471591
1230_martinique-france,0.55314845,0.44685158
13833_croplands,0.5352201,0.46477997
22674_geowiki-landcover-2017,0.64751977,0.3524803
1517_kenya-non-crop,0.5528428,0.44715714
8362_geowiki-landcover-2017,0.7524935,0.24750644
933_kenya-non-crop,0.7525078,0.24749222
16909_geowiki-landcover-2017,0.75233585,0.24766418
4130_ile-de-france,0.42684773,0.57315224
123_sudan,0.30022746,0.69977254
19406_geowiki-landcover-2017,0.39412835,0.6058716
100_lem-brazil,0.75249344,0.24750654
1108_kenya-non-crop,0.6672386,0.33276138
8368_geowiki-landcover-2017,0.75250363,0.24749637
1081_tanzania-ceo,0.51531315,0.48468682
15899_geowiki-landcover-2017,0.6475158,0.35248426
10389_geowiki-landcover-2017,0.5478135,0.45218652
94_ethiopia,0.41029066,0.58970934
14943_geowiki-landcover-2017,0.7524997,0.24750026
8452_geowiki-landcover-2017,0.55283415,0.44716582
1607_canada,0.42758206,0.5724179
1922_rwanda-ceo,0.66723955,0.3327604
3322_central-asia,0.30020502,0.699795
2219_tanzania-ceo,0.66723853,0.33276147
21196_geowiki-landcover-2017,0.64751506,0.3524849
1583_geowiki-landcover-2017,0.6672369,0.3327631
4505_croplands,0.30023667,0.6997633
1287_rwanda-ceo,0.7525076,0.2474924
5048_central-asia,0.30020493,0.69979507
1594_central-asia,0.30020493,0.69979507
316_ile-de-france,0.39412367,0.6058764
13653_geowiki-landcover-2017,0.30020767,0.6997923
3465_ile-de-france,0.30020496,0.699795
29065_geowiki-landcover-2017,0.5311086,0.46889135
15707_geowiki-landcover-2017,0.41029063,0.5897094
18698_geowiki-landcover-2017,0.547814,0.45218602
164_sudan,0.4055874,0.5944126
697_reunion-france,0.7525067,0.24749333
2625_geowiki-landcover-2017,0.6516991,0.34830087
888_germany,0.30020493,0.699795
2288_canada,0.30020514,0.6997948
8554_croplands,0.53519785,0.46480215
20428_geowiki-landcover-2017,0.42758378,0.57241625
26675_geowiki-landcover-2017,0.4275839,0.5724161
28408_geowiki-landcover-2017,0.42758355,0.5724164
525_rwanda-ceo,0.64752626,0.3524737
343_tanzania-rice-ecaas,0.53522056,0.46477944
12640_croplands,0.65214336,0.34785664
33075_geowiki-landcover-2017,0.65214384,0.3478562
8534_geowiki-landcover-2017,0.5478147,0.45218524
275_central-asia,0.4102961,0.5897039
20358_geowiki-landcover-2017,0.547814,0.45218602
4816_ile-de-france,0.30020502,0.699795
9000_geowiki-landcover-2017,0.5184578,0.48154223
33387_geowiki-landcover-2017,0.652142,0.347858
1311_canada,0.30020517,0.69979477
2171_germany,0.30020505,0.69979495
32970_geowiki-landcover-2017,0.5528267,0.44717327
821_ile-de-france,0.3941306,0.6058694
14905_geowiki-landcover-2017,0.65214384,0.3478562
33_tanzania-ceo,0.5352206,0.46477938
14898_geowiki-landcover-2017,0.5133839,0.48661608
654_togo,0.5184575,0.48154253
2572_kenya-non-crop,0.64752007,0.3524799
18197_geowiki-landcover-2017,0.4275837,0.57241625
1407_germany,0.5311086,0.4688914
5137_ile-de-france,0.5311092,0.4688908
18312_geowiki-landcover-2017,0.55284244,0.44715756
4284_ile-de-france,0.30020505,0.69979495
28069_geowiki-landcover-2017,0.6475192,0.3524809
10101_croplands,0.6358576,0.36414248
32850_geowiki-landcover-2017,0.65214413,0.3478559
2089_tanzania-ceo,0.75250715,0.24749285
6368_canada,0.42757863,0.5724213
2139_canada,0.30020493,0.69979507
8255_geowiki-landcover-2017,0.55284274,0.4471573
2369_ile-de-france,0.30020493,0.699795
17780_geowiki-landcover-2017,0.53110904,0.46889096
1822_germany,0.30020505,0.69979495
2782_central-asia,0.3002055,0.6997945
258_sudan,0.64751947,0.35248056
2432_central-asia,0.3002054,0.69979453
125_rwanda-ceo,0.63585705,0.36414298
10123_croplands,0.53522015,0.46477982
8491_croplands,0.5352194,0.46478057
453_tanzania-ceo,0.75250685,0.2474931
596_central-asia,0.30020562,0.69979435
11140_geowiki-landcover-2017,0.5528444,0.44715554
13542_croplands,0.41521737,0.5847826
133_togo,0.55283755,0.44716242
4127_central-asia,0.5311091,0.46889088
11128_geowiki-landcover-2017,0.51845896,0.481541
1967_reunion-france,0.51845956,0.4815404
4394_canada,0.30020523,0.69979477
473_canada,0.42758402,0.572416
39_germany,0.39412376,0.6058762
2340_central-asia,0.42758393,0.572416
3012_canada,0.42758426,0.57241577
14263_geowiki-landcover-2017,0.547813,0.452187
34_kenya,0.66723734,0.3327627
874_germany,0.53110886,0.46889114
4321_geowiki-landcover-2017,0.5184591,0.4815409
3523_geowiki-landcover-2017,0.30020502,0.69979495
1482_tanzania-ceo,0.6521436,0.3478564
3593_geowiki-landcover-2017,0.5311092,0.46889076
4818_geowiki-landcover-2017,0.75250787,0.24749213
1688_reunion-france,0.6521433,0.3478567
216_kenya,0.75250775,0.24749227
29480_geowiki-landcover-2017,0.54781395,0.45218605
2597_central-asia,0.3941235,0.6058765
1143_reunion-france,0.635857,0.36414307
11_kenya,0.75250685,0.2474931
6749_canada,0.5311089,0.4688911
25342_geowiki-landcover-2017,0.53110856,0.46889144
1451_tanzania-ceo,0.6672383,0.3327617
5574_canada,0.30020505,0.69979495
2980_ile-de-france,0.300205,0.699795
2906_geowiki-landcover-2017,0.4275836,0.5724164
7105_canada,0.53110886,0.46889114
33329_geowiki-landcover-2017,0.427583,0.57241696
3847_canada,0.42758402,0.572416
35711_geowiki-landcover-2017,0.6672382,0.3327618
20015_geowiki-landcover-2017,0.4275832,0.5724168
989_ile-de-france,0.5311089,0.46889105
904_canada,0.30020502,0.699795
4895_geowiki-landcover-2017,0.55284315,0.44715685
3557_ile-de-france,0.3002053,0.6997947
113_canada,0.4275839,0.5724161
13367_geowiki-landcover-2017,0.65074915,0.34925082
1731_canada,0.300205,0.699795
7148_geowiki-landcover-2017,0.6520603,0.3479397
27016_geowiki-landcover-2017,0.6475199,0.3524801
3595_ile-de-france,0.30020502,0.699795
948_reunion-france,0.6521364,0.34786364
29020_geowiki-landcover-2017,0.42758384,0.5724162
887_mali-helmets-labelling-crops,0.30020556,0.6997944
11855_geowiki-landcover-2017,0.42758644,0.57241356
2297_ile-de-france,0.30020493,0.699795
20128_geowiki-landcover-2017,0.64751905,0.35248095
289_mali-helmets-labelling-crops,0.30020517,0.69979477
2935_central-asia,0.3941235,0.6058765
1382_canada,0.30020517,0.69979477
4575_central-asia,0.42758697,0.572413
1616_reunion-france,0.65216726,0.34783277
14016_geowiki-landcover-2017,0.6672364,0.33276358
98_togo,0.4152177,0.58478236
1143_mali-helmets-labelling-crops,0.30020505,0.69979495
1961_ile-de-france,0.3941242,0.60587573
513_geowiki-landcover-2017,0.75250787,0.24749213
10700_croplands,0.75250524,0.24749477
1924_tanzania-ceo,0.7525078,0.24749218
10637_croplands,0.6358565,0.36414346
420_central-asia,0.3941239,0.6058761
31703_geowiki-landcover-2017,0.42758417,0.57241577
5612_geowiki-landcover-2017,0.5528424,0.4471576
4457_geowiki-landcover-2017,0.42758387,0.5724161
2502_canada,0.42758396,0.572416
30479_geowiki-landcover-2017,0.39412832,0.6058717
1071_germany,0.531109,0.468891
2359_tanzania-ceo,0.6672374,0.33276263
1476_geowiki-landcover-2017,0.5352213,0.46477872
4145_croplands,0.6521438,0.34785625
21854_geowiki-landcover-2017,0.55284566,0.44715434
33289_geowiki-landcover-2017,0.5528413,0.44715866
27218_geowiki-landcover-2017,0.42758402,0.572416
105_rwanda-ceo,0.7525078,0.24749222
4068_central-asia,0.39412403,0.6058759
1366_ile-de-france,0.39424023,0.60575974
48_kenya-non-crop,0.75250804,0.247492
20265_geowiki-landcover-2017,0.64751935,0.35248068
5307_ile-de-france,0.30020502,0.699795
230_sudan,0.55284333,0.4471567
728_canada,0.30020493,0.699795
1715_geowiki-landcover-2017,0.6521437,0.34785628
442_canada,0.42758042,0.57241964
9898_croplands,0.6358531,0.36414683
825_ethiopia,0.5133836,0.48661643
25361_geowiki-landcover-2017,0.42760247,0.57239753
4701_geowiki-landcover-2017,0.6521508,0.34784922
202_canada,0.42758408,0.57241595
25861_geowiki-landcover-2017,0.64751947,0.35248056
27044_geowiki-landcover-2017,0.7525026,0.24749735
1359_ile-de-france,0.53110904,0.46889096
381_tanzania,0.6672379,0.33276215
1549_geowiki-landcover-2017,0.75250804,0.24749196
13071_geowiki-landcover-2017,0.51845914,0.48154086
1900_ile-de-france,0.300205,0.699795
4131_geowiki-landcover-2017,0.5478104,0.45218968
11108_geowiki-landcover-2017,0.66723853,0.33276153
8937_geowiki-landcover-2017,0.64751947,0.3524806
3249_ile-de-france,0.30020502,0.699795
1389_reunion-france,0.6521436,0.34785634
8520_croplands,0.6672116,0.33278838
964_togo,0.4150948,0.58490515
5600_geowiki-landcover-2017,0.42758378,0.57241625
6883_canada,0.41521615,0.5847839
420_germany,0.531109,0.468891
17225_geowiki-landcover-2017,0.42758784,0.57241213
238_lem-brazil,0.63585687,0.36414313
251_mali-helmets-labelling-crops,0.42757964,0.57242036
4719_canada,0.3941259,0.6058741
28444_geowiki-landcover-2017,0.55284244,0.44715756
891_reunion-france,0.7525077,0.24749236
31994_geowiki-landcover-2017,0.4275838,0.5724162
338_geowiki-landcover-2017,0.75250804,0.24749196
4396_croplands,0.42764318,0.5723568
5713_geowiki-landcover-2017,0.394122,0.60587794
1622_central-asia,0.3002053,0.6997947
4359_croplands,0.5528406,0.4471594
482_rwanda-ceo,0.7525074,0.24749254
2037_martinique-france,0.7518944,0.24810554
23412_geowiki-landcover-2017,0.54780155,0.45219842
364_ile-de-france,0.5311089,0.46889114
14928_croplands,0.39413273,0.60586727
5623_canada,0.30020493,0.69979507
3671_central-asia,0.30020502,0.69979495
1456_martinique-france,0.53111607,0.4688839
4657_croplands,0.55282,0.44718003
548_ile-de-france,0.53110963,0.4688904
3107_ile-de-france,0.300205,0.699795
2564_ile-de-france,0.30020514,0.6997948
814_germany,0.3002049,0.69979507
1542_martinique-france,0.65139633,0.3486037
31565_geowiki-landcover-2017,0.6672381,0.33276185
28609_geowiki-landcover-2017,0.30020487,0.6997951
441_germany,0.531109,0.46889102
28682_geowiki-landcover-2017,0.3002056,0.6997944
200_kenya,0.7525077,0.24749236
1091_central-asia,0.30020493,0.699795
17448_geowiki-landcover-2017,0.4102904,0.5897096
5228_geowiki-landcover-2017,0.6525266,0.34747338
2488_central-asia,0.3002051,0.6997949
29_kenya-non-crop,0.75250727,0.2474927
2505_central-asia,0.30020717,0.69979286
31121_geowiki-landcover-2017,0.30020478,0.69979525
195_kenya-non-crop,0.5352202,0.46477976
794_central-asia,0.30020502,0.699795
19891_geowiki-landcover-2017,0.42758432,0.57241565
12918_geowiki-landcover-2017,0.6521435,0.3478565
426_germany,0.30020493,0.69979507
5084_ile-de-france,0.30020502,0.699795
1647_geowiki-landcover-2017,0.5528427,0.44715732
1640_central-asia,0.39845693,0.60154307
1088_reunion-france,0.6358569,0.36414307
15882_geowiki-landcover-2017,0.5478138,0.45218623
6413_geowiki-landcover-2017,0.6521438,0.34785625
374_sudan,0.30024838,0.6997516
17405_geowiki-landcover-2017,0.6521413,0.34785876
686_tanzania-rice-ecaas,0.75250685,0.24749318
1305_mali-helmets-labelling-crops,0.4275554,0.57244456
28440_geowiki-landcover-2017,0.5311092,0.46889076
538_tanzania-ceo,0.75250715,0.24749285
6417_canada,0.4275837,0.5724163
12258_geowiki-landcover-2017,0.6475192,0.3524808
4884_canada,0.3002056,0.6997944
1905_tanzania-ceo,0.66723853,0.33276147
378_canada,0.42758432,0.57241565
23493_geowiki-landcover-2017,0.5311092,0.46889073
22988_geowiki-landcover-2017,0.6520957,0.3479043
2026_kenya-non-crop,0.65214443,0.34785557
1685_martinique-france,0.752486,0.24751396
119_rwanda-ceo,0.5134034,0.4865966
4325_central-asia,0.3002126,0.69978744
165_kenya-non-crop,0.75249124,0.24750875
1173_ile-de-france,0.39432707,0.60567296
34654_geowiki-landcover-2017,0.42758262,0.5724174
6392_canada,0.5311081,0.46889195
5736_canada,0.30122942,0.6987706
5511_ile-de-france,0.300205,0.699795
6081_ile-de-france,0.30020502,0.699795
4698_croplands,0.6671943,0.33280572
33_mali,0.30020502,0.699795
466_croplands,0.39412305,0.6058769
26569_geowiki-landcover-2017,0.41028976,0.58971024
909_tanzania-ceo,0.6672415,0.3327585
848_rwanda-ceo,0.75236017,0.24763983
1016_croplands,0.3043299,0.69567007
6436_geowiki-landcover-2017,0.30023286,0.6997671
33240_geowiki-landcover-2017,0.5311057,0.46889433
20766_geowiki-landcover-2017,0.6521432,0.34785685
1236_canada,0.3002049,0.69979507
35_togo,0.30021977,0.69978017
31295_geowiki-landcover-2017,0.4275837,0.57241625
12232_geowiki-landcover-2017,0.531111,0.46888897
3540_ile-de-france,0.30020514,0.6997949
3884_geowiki-landcover-2017,0.4275863,0.5724137
448_ethiopia,0.41029102,0.589709
11655_croplands,0.65210223,0.34789777
30978_geowiki-landcover-2017,0.6475195,0.3524805
754_canada,0.30020505,0.69979495
285_martinique-france,0.5311121,0.46888795
7400_geowiki-landcover-2017,0.54781497,0.45218503
631_germany,0.531109,0.46889102
2188_tanzania-ceo,0.66723865,0.33276132
4650_croplands,0.30022475,0.6997753
2019_canada,0.3002059,0.6997941
5079_geowiki-landcover-2017,0.54781413,0.4521858
6097_ile-de-france,0.300205,0.699795
9915_geowiki-landcover-2017,0.63585955,0.36414042
26867_geowiki-landcover-2017,0.42758334,0.57241666
4690_croplands,0.4151678,0.5848322
31342_geowiki-landcover-2017,0.6358584,0.36414155
1478_croplands,0.53110915,0.46889088
12508_geowiki-landcover-2017,0.5478134,0.45218658
13265_geowiki-landcover-2017,0.7525079,0.247492
5870_canada,0.4275842,0.57241577
1275_germany,0.5311091,0.46889094
4324_canada,0.42758486,0.5724152
2311_martinique-france,0.6521384,0.3478616
2205_geowiki-landcover-2017,0.5528425,0.4471575
27801_geowiki-landcover-2017,0.5478137,0.4521863
1929_germany,0.53110886,0.46889114
19190_geowiki-landcover-2017,0.30020815,0.69979185
121_sudan,0.30020693,0.69979304
2074_reunion-france,0.65214145,0.34785855
5537_canada,0.3002049,0.69979507
14949_croplands,0.64751947,0.35248056
1124_ile-de-france,0.5310952,0.4689048
826_central-asia,0.5503644,0.4496356
202_tanzania-ceo,0.65215456,0.3478455
2109_kenya-non-crop,0.6672381,0.33276194
1609_reunion-france,0.7525072,0.2474928
5703_geowiki-landcover-2017,0.41029143,0.58970857
14535_geowiki-landcover-2017,0.54781646,0.45218354
29190_geowiki-landcover-2017,0.30020574,0.6997943
4662_ile-de-france,0.39412546,0.60587454
7498_geowiki-landcover-2017,0.65214354,0.34785643
3842_geowiki-landcover-2017,0.53110915,0.46889088
811_martinique-france,0.65231574,0.34768423
7198_geowiki-landcover-2017,0.5133837,0.48661637
4454_geowiki-landcover-2017,0.6672379,0.33276212
26914_geowiki-landcover-2017,0.4275843,0.5724157
35481_geowiki-landcover-2017,0.53111386,0.46888617
4007_central-asia,0.39412415,0.60587585
92_ile-de-france,0.39407903,0.6059209
35_tanzania-rice-ecaas,0.635857,0.36414298
404_croplands,0.42758065,0.57241935
519_mali-helmets-labelling-crops,0.3941253,0.6058747
459_geowiki-landcover-2017,0.6672382,0.3327618
10514_croplands,0.6358569,0.36414307
737_ethiopia,0.64752245,0.35247755
8385_geowiki-landcover-2017,0.64751923,0.35248074
4402_central-asia,0.30020642,0.69979364
34505_geowiki-landcover-2017,0.6521437,0.34785628
27848_geowiki-landcover-2017,0.30020538,0.6997946
29799_geowiki-landcover-2017,0.75250804,0.247492
14088_croplands,0.5352208,0.46477914
20351_geowiki-landcover-2017,0.5133839,0.4866161
698_germany,0.30020493,0.699795
7604_canada,0.42758378,0.57241625
732_kenya-non-crop,0.7525069,0.24749306
2276_ile-de-france,0.30020493,0.699795
9190_geowiki-landcover-2017,0.6517739,0.34822613
12565_croplands,0.65214354,0.34785643
34599_geowiki-landcover-2017,0.30020493,0.699795
9886_croplands,0.53520846,0.46479154
583_canada,0.42752776,0.5724722
1954_geowiki-landcover-2017,0.66723824,0.33276176
29714_geowiki-landcover-2017,0.427583,0.57241696
2277_martinique-france,0.42758596,0.5724141
2538_central-asia,0.30020517,0.6997948
61_rwanda-ceo,0.7525077,0.24749236
33873_geowiki-landcover-2017,0.42758405,0.57241595
16481_geowiki-landcover-2017,0.5352218,0.46477818
5_geowiki-landcover-2017,0.65214396,0.34785604
11643_geowiki-landcover-2017,0.65214384,0.34785616
1405_tanzania-ceo,0.6052621,0.39473796
583_germany,0.3002049,0.69979507
2095_canada,0.42758358,0.5724164
2178_reunion-france,0.752506,0.247494
6083_canada,0.41521668,0.5847833
7293_canada,0.30020493,0.699795
2090_canada,0.3002049,0.69979507
7594_geowiki-landcover-2017,0.30020493,0.69979507
1072_martinique-france,0.6521177,0.3478823
7181_canada,0.3002056,0.6997944
687_tanzania-rice-ecaas,0.5357033,0.4642967
5229_central-asia,0.4102904,0.58970964
3432_ile-de-france,0.30020502,0.699795
2048_canada,0.4275834,0.57241654
2378_canada,0.4275835,0.5724165
767_croplands,0.53110874,0.4688912
1441_ile-de-france,0.30020493,0.699795
1252_geowiki-landcover-2017,0.7525075,0.24749252
3553_rwanda-ceo,0.75250816,0.24749182
2589_rwanda-ceo,0.63585806,0.364142
6795_croplands,0.53522015,0.46477982
8990_croplands,0.6521249,0.3478751
26924_geowiki-landcover-2017,0.42758554,0.57241446
79_rwanda-ceo,0.75250673,0.24749327
4387_ile-de-france,0.300205,0.699795
31676_geowiki-landcover-2017,0.53110874,0.4688912
444_tanzania-ceo,0.6672372,0.33276278
4716_geowiki-landcover-2017,0.6672386,0.33276138
23345_geowiki-landcover-2017,0.5478139,0.45218614
2559_kenya-non-crop,0.64752,0.35248
16552_geowiki-landcover-2017,0.64750993,0.3524901
18131_geowiki-landcover-2017,0.41029054,0.58970946
1233_togo,0.5228084,0.47719166
4621_croplands,0.4101103,0.5898897
3365_canada,0.3002051,0.6997949
19304_geowiki-landcover-2017,0.42776883,0.5722312
2209_canada,0.30020493,0.69979507
531_germany,0.5311087,0.46889126
1540_kenya-non-crop,0.5527761,0.44722396
743_tanzania-rice-ecaas,0.7525081,0.24749194
11987_geowiki-landcover-2017,0.4275843,0.5724157
448_geowiki-landcover-2017,0.6521437,0.34785634
27741_geowiki-landcover-2017,0.39412585,0.6058741
300_tanzania-ceo,0.75250757,0.24749248
2674_kenya-non-crop,0.66723853,0.33276147
23933_geowiki-landcover-2017,0.5478141,0.4521859
7862_canada,0.5311086,0.46889135
1985_kenya-non-crop,0.6521445,0.34785545
3945_geowiki-landcover-2017,0.54781306,0.45218688
568_lem-brazil,0.75250566,0.24749437
129_ile-de-france,0.30020493,0.699795
392_croplands,0.42760906,0.572391
3063_canada,0.42758417,0.5724159
729_togo,0.55284226,0.44715774
1230_germany,0.53110886,0.46889117
655_rwanda-ceo,0.75250375,0.2474962
4886_central-asia,0.30020487,0.6997951
532_tanzania-ceo,0.53522056,0.4647794
3844_canada,0.3941237,0.60587627
1449_canada,0.39412838,0.6058716
856_ile-de-france,0.300205,0.699795
827_lem-brazil,0.7525066,0.24749342
1855_geowiki-landcover-2017,0.6672386,0.33276138
7300_geowiki-landcover-2017,0.3002049,0.6997951
521_tanzania-ceo,0.75250703,0.24749294
1264_central-asia,0.30020493,0.69979507
3209_geowiki-landcover-2017,0.3002095,0.6997905
502_mali-helmets-labelling-crops,0.3002053,0.6997947
249_mali-helmets-labelling-crops,0.30020505,0.69979495
9478_croplands,0.66717196,0.33282802
7487_geowiki-landcover-2017,0.30020523,0.69979477
1350_central-asia,0.30020493,0.699795
62_lem-brazil,0.667219,0.33278102
1917_central-asia,0.30020493,0.69979507
10231_geowiki-landcover-2017,0.5528426,0.44715738
7193_geowiki-landcover-2017,0.42758363,0.57241637
675_martinique-france,0.42760238,0.5723976
1968_central-asia,0.30020502,0.699795
1448_germany,0.5311091,0.46889094
11419_geowiki-landcover-2017,0.4152156,0.5847844
1956_central-asia,0.30020502,0.699795
462_geowiki-landcover-2017,0.7525078,0.24749218
3690_central-asia,0.39412424,0.60587573
1536_rwanda-ceo,0.7497652,0.2502348
31311_geowiki-landcover-2017,0.3002087,0.69979125
14700_geowiki-landcover-2017,0.75246894,0.24753101
141_rwanda-ceo,0.75119483,0.24880509
5737_ile-de-france,0.30020502,0.699795
942_kenya-non-crop,0.75250727,0.2474927
4551_geowiki-landcover-2017,0.30020487,0.6997951
21401_geowiki-landcover-2017,0.5478138,0.45218617
22585_geowiki-landcover-2017,0.54781395,0.4521861
31083_geowiki-landcover-2017,0.30020487,0.6997951
834_martinique-france,0.65211976,0.3478802
2273_canada,0.30020535,0.69979465
6063_ile-de-france,0.30020505,0.69979495
8556_geowiki-landcover-2017,0.53110856,0.4688914
34493_geowiki-landcover-2017,0.42758542,0.5724146
20397_geowiki-landcover-2017,0.4276322,0.5723677
31564_geowiki-landcover-2017,0.42758518,0.5724149
4717_canada,0.39413172,0.60586834
5939_canada,0.5311086,0.4688914
10007_croplands,0.6358568,0.36414322
2211_rwanda-ceo,0.63585716,0.36414286
23455_geowiki-landcover-2017,0.42738175,0.57261825
634_reunion-france,0.7525075,0.24749252
7233_geowiki-landcover-2017,0.55284363,0.44715643
1954_kenya-non-crop,0.6521447,0.34785533
1927_canada,0.42758396,0.572416
30696_geowiki-landcover-2017,0.300205,0.699795
428_tanzania-ceo,0.65214366,0.34785634
4574_croplands,0.41509655,0.5849034
6875_canada,0.65202945,0.34797052
34091_geowiki-landcover-2017,0.30020562,0.69979435
15541_geowiki-landcover-2017,0.547814,0.45218602
352_togo,0.518459,0.48154098
2368_rwanda-ceo,0.75250775,0.24749227
104_rwanda-ceo,0.63586056,0.3641394
1645_tanzania-ceo,0.7525068,0.24749322
268_rwanda-ceo,0.6672725,0.33272743
5983_ile-de-france,0.300205,0.699795
752_croplands,0.51845914,0.48154086
8136_geowiki-landcover-2017,0.5133839,0.48661608
11628_croplands,0.6521439,0.34785613
481_tanzania-ceo,0.7525079,0.247492
4801_canada,0.30020493,0.69979507
17728_geowiki-landcover-2017,0.41027763,0.5897224
57_togo,0.30021533,0.6997847
1043_tanzania-ceo,0.65214247,0.34785753
1659_central-asia,0.30020493,0.69979507
30374_geowiki-landcover-2017,0.30020493,0.69979507
105_central-asia,0.39414206,0.6058579
89_canada,0.42758405,0.57241595
34835_geowiki-landcover-2017,0.5478127,0.4521873
2760_ile-de-france,0.30020514,0.6997949
56_croplands,0.51338387,0.4866161
2307_geowiki-landcover-2017,0.552842,0.44715795
4617_geowiki-landcover-2017,0.41521624,0.5847838
4263_geowiki-landcover-2017,0.64751923,0.3524808
2088_canada,0.42758375,0.57241625
26436_geowiki-landcover-2017,0.531109,0.46889105
2276_kenya-non-crop,0.65215,0.34785
14177_geowiki-landcover-2017,0.51338387,0.4866161
6701_croplands,0.66723704,0.33276302
16685_geowiki-landcover-2017,0.7525081,0.24749191
1631_geowiki-landcover-2017,0.54780763,0.4521924
7806_geowiki-landcover-2017,0.53110904,0.46889094
28199_geowiki-landcover-2017,0.65214336,0.34785664
7761_geowiki-landcover-2017,0.53110904,0.46889096
2498_geowiki-landcover-2017,0.7525046,0.2474954
3573_central-asia,0.3002051,0.6997949
35194_geowiki-landcover-2017,0.30020493,0.699795
2248_ile-de-france,0.30020493,0.699795
7399_geowiki-landcover-2017,0.64756113,0.3524389
8979_geowiki-landcover-2017,0.6475198,0.35248014
6779_croplands,0.667238,0.33276203
1497_central-asia,0.30020493,0.69979507
27310_geowiki-landcover-2017,0.64751905,0.35248092
814_croplands,0.30020562,0.69979435
3348_canada,0.30025652,0.69974345
14099_geowiki-landcover-2017,0.5478147,0.45218524
22_tanzania-ceo,0.6672284,0.33277154
1634_martinique-france,0.6358833,0.36411667
4576_geowiki-landcover-2017,0.6521438,0.34785625
3183_canada,0.30020526,0.69979477
11323_geowiki-landcover-2017,0.75250816,0.24749187
460_croplands,0.5528431,0.44715685
94_uganda,0.5351218,0.46487817
164_kenya-non-crop,0.63583636,0.3641636
1905_geowiki-landcover-2017,0.55284494,0.44715503
103_tanzania-rice-ecaas,0.53522104,0.46477893
5453_geowiki-landcover-2017,0.5478141,0.45218593
294_tanzania-rice-ecaas,0.63585687,0.36414313
206_reunion-france,0.5184611,0.4815389
535_rwanda-ceo,0.6474548,0.35254517
2332_central-asia,0.30020502,0.699795
19713_geowiki-landcover-2017,0.42758465,0.5724153
24779_geowiki-landcover-2017,0.42758557,0.57241446
19666_geowiki-landcover-2017,0.5528407,0.44715926
2175_ile-de-france,0.5311085,0.4688915
13934_geowiki-landcover-2017,0.394124,0.605876
12844_croplands,0.30020922,0.6997908
4337_central-asia,0.30020574,0.6997943
5256_canada,0.30020505,0.69979495
9154_croplands,0.41521597,0.58478403
9469_geowiki-landcover-2017,0.55284274,0.4471573
3393_ile-de-france,0.30021587,0.69978416
19981_geowiki-landcover-2017,0.64751977,0.3524802
3335_central-asia,0.3941235,0.60587645
5578_ile-de-france,0.39412403,0.6058759
10529_geowiki-landcover-2017,0.3002051,0.6997949
2237_tanzania-ceo,0.53522027,0.4647797
14391_geowiki-landcover-2017,0.64751995,0.35248008
142_mali-helmets-labelling-crops,0.39412367,0.6058764
12206_geowiki-landcover-2017,0.42758402,0.572416
2485_ile-de-france,0.4275396,0.5724604
1874_reunion-france,0.7525064,0.2474936
2917_central-asia,0.3002068,0.6997932
4677_ile-de-france,0.300205,0.699795
31762_geowiki-landcover-2017,0.4275819,0.5724181
5660_ile-de-france,0.30020505,0.69979495
2291_central-asia,0.30022234,0.6997776
10014_croplands,0.5352199,0.4647801
202_rwanda-ceo,0.75250787,0.24749213
4313_central-asia,0.30021507,0.699785
3809_geowiki-landcover-2017,0.64751947,0.3524806
326_tanzania,0.7525066,0.24749337
4093_geowiki-landcover-2017,0.53110915,0.46889085
15277_geowiki-landcover-2017,0.66723764,0.33276233
363_tanzania,0.53531176,0.4646882
2283_germany,0.42758262,0.5724174
301_sudan,0.54781365,0.45218635
4455_canada,0.4275826,0.57241744
2499_ile-de-france,0.300205,0.699795
8072_geowiki-landcover-2017,0.55284214,0.4471578
17176_geowiki-landcover-2017,0.30020478,0.69979525
1148_mali-helmets-labelling-crops,0.30020568,0.6997943
3272_geowiki-landcover-2017,0.53112286,0.46887708
15968_geowiki-landcover-2017,0.42758408,0.5724159
860_togo,0.6475234,0.3524766
11483_geowiki-landcover-2017,0.55284226,0.4471578
2176_central-asia,0.30020502,0.699795
25148_geowiki-landcover-2017,0.65214896,0.34785107
14151_croplands,0.41521913,0.5847809
2722_rwanda-ceo,0.5352681,0.4647318
11188_geowiki-landcover-2017,0.5478141,0.45218593
42_kenya,0.6672366,0.33276337
4346_canada,0.42758518,0.5724148
1421_germany,0.53110904,0.46889094
8586_geowiki-landcover-2017,0.4102918,0.5897082
18308_geowiki-landcover-2017,0.75249904,0.24750091
792_canada,0.42758346,0.57241654
681_central-asia,0.42751652,0.57248354
3472_ile-de-france,0.39412323,0.60587674
321_croplands,0.53110737,0.4688927
32195_geowiki-landcover-2017,0.42754543,0.57245463
3043_canada,0.4275841,0.5724159
33348_geowiki-landcover-2017,0.5311089,0.4688911
16979_geowiki-landcover-2017,0.63585305,0.36414698
5536_ile-de-france,0.3002053,0.6997947
3777_geowiki-landcover-2017,0.6475177,0.3524823
102_ile-de-france,0.3940883,0.6059117
19002_geowiki-landcover-2017,0.5126008,0.4873992
4682_ile-de-france,0.30020505,0.69979495
8515_croplands,0.53521985,0.4647801
2465_germany,0.531109,0.46889102
4592_ile-de-france,0.3941241,0.6058759
4843_canada,0.30020493,0.699795
401_kenya-non-crop,0.63585716,0.3641428
31245_geowiki-landcover-2017,0.39413032,0.6058697
535_martinique-france,0.41519135,0.58480865
8553_croplands,0.75248665,0.24751335
29349_geowiki-landcover-2017,0.42758387,0.5724161
4077_geowiki-landcover-2017,0.75250804,0.24749199
3195_rwanda-ceo,0.6358577,0.3641423
1938_tanzania-ceo,0.75250787,0.24749213
18823_geowiki-landcover-2017,0.5478123,0.4521877
3788_canada,0.3002049,0.69979507
11330_geowiki-landcover-2017,0.7525078,0.24749222
6432_canada,0.3002049,0.69979507
3883_central-asia,0.3002055,0.6997945
1836_germany,0.3002049,0.69979507
8853_croplands,0.4152163,0.5847837
655_reunion-france,0.63585776,0.36414224
2753_central-asia,0.42758432,0.57241565
4349_croplands,0.30530456,0.6946954
20959_geowiki-landcover-2017,0.5311091,0.46889094
10968_geowiki-landcover-2017,0.5311092,0.46889076
9834_croplands,0.63585544,0.36414456
19161_geowiki-landcover-2017,0.4275838,0.5724162
4591_geowiki-landcover-2017,0.4275849,0.5724151
5143_geowiki-landcover-2017,0.6672381,0.33276188
989_togo,0.51845896,0.48154104
163_reunion-france,0.7525075,0.24749252
236_croplands,0.300205,0.699795
6100_ile-de-france,0.5311083,0.46889168
9968_croplands,0.63590777,0.36409217
24947_geowiki-landcover-2017,0.6672371,0.3327629
1417_germany,0.30020517,0.69979477
25357_geowiki-landcover-2017,0.54781413,0.45218584
31091_geowiki-landcover-2017,0.300205,0.699795
219_sudan,0.5184575,0.48154253
1505_rwanda-ceo,0.7516432,0.24835677
147_lem-brazil,0.75250703,0.24749297
465_ethiopia,0.4102905,0.58970946
79_mali-helmets-labelling-crops,0.30020532,0.69979465
1744_rwanda-ceo,0.63588744,0.3641126
934_geowiki-landcover-2017,0.41029096,0.58970904
11828_geowiki-landcover-2017,0.7302829,0.26971707
5981_geowiki-landcover-2017,0.53110844,0.46889156
31340_geowiki-landcover-2017,0.4275837,0.5724163
2579_canada,0.42758417,0.57241577
373_tanzania-ceo,0.75250787,0.24749209
4452_geowiki-landcover-2017,0.66726404,0.33273593
18635_geowiki-landcover-2017,0.6672379,0.33276215
33060_geowiki-landcover-2017,0.39412463,0.6058753
791_canada,0.42758253,0.57241744
2830_ile-de-france,0.5311087,0.4688913
32115_geowiki-landcover-2017,0.42758316,0.57241684
1063_tanzania-ceo,0.55285186,0.44714817
867_croplands,0.552841,0.447159
5017_canada,0.3002049,0.69979507
7789_canada,0.41521704,0.5847829
11734_geowiki-landcover-2017,0.51845884,0.4815412
427_reunion-france,0.75250727,0.2474927
1381_central-asia,0.30020505,0.69979495
29976_geowiki-landcover-2017,0.54781336,0.45218667
636_lem-brazil,0.7525017,0.24749827
11874_geowiki-landcover-2017,0.652144,0.34785601
224_canada,0.4275841,0.5724159
3865_ile-de-france,0.42758346,0.57241654
986_germany,0.39412358,0.60587645
1457_mali-helmets-labelling-crops,0.42756903,0.57243097
15793_geowiki-landcover-2017,0.64751685,0.35248315
2135_geowiki-landcover-2017,0.30020708,0.6997929
5669_canada,0.3002053,0.69979465
19606_geowiki-landcover-2017,0.46972778,0.53027225
869_kenya-non-crop,0.7525077,0.24749236
599_central-asia,0.30020505,0.69979495
124_rwanda-ceo,0.7525075,0.24749249
466_kenya-non-crop,0.6672381,0.33276185
22680_geowiki-landcover-2017,0.6475155,0.35248455
5823_ile-de-france,0.300205,0.699795
1967_martinique-france,0.5528176,0.44718242
19311_geowiki-landcover-2017,0.427585,0.572415
1233_central-asia,0.39412397,0.605876
5553_ile-de-france,0.30020502,0.69979495
3459_canada,0.6474389,0.35256112
3336_geowiki-landcover-2017,0.39412436,0.6058756
4295_croplands,0.41520786,0.58479214
15977_geowiki-landcover-2017,0.64751995,0.35248008
21797_geowiki-landcover-2017,0.75250775,0.24749225
33261_geowiki-landcover-2017,0.42758405,0.57241595
1897_ile-de-france,0.300205,0.699795
20502_geowiki-landcover-2017,0.54781395,0.45218602
2708_reunion-france,0.65214354,0.34785643
27713_geowiki-landcover-2017,0.30020484,0.6997951
5056_canada,0.3002049,0.6997951
3780_canada,0.30020502,0.699795
4274_canada,0.30020493,0.69979507
7311_canada,0.30020487,0.6997951
19595_geowiki-landcover-2017,0.5528423,0.44715765
4004_geowiki-landcover-2017,0.42758465,0.57241535
53_mali-non-crop,0.42758417,0.5724159
19969_geowiki-landcover-2017,0.41029578,0.5897043
133_uganda,0.43064433,0.5693557
3094_rwanda-ceo,0.7525041,0.24749592
34174_geowiki-landcover-2017,0.30020514,0.6997949
783_ile-de-france,0.53110665,0.46889335
8469_geowiki-landcover-2017,0.42758414,0.5724159
13110_geowiki-landcover-2017,0.53522116,0.46477887
219_geowiki-landcover-2017,0.7525063,0.24749368
26981_geowiki-landcover-2017,0.42758542,0.5724145
16193_geowiki-landcover-2017,0.41533238,0.5846676
33612_geowiki-landcover-2017,0.4152261,0.5847739
9414_croplands,0.51845944,0.48154056
6112_ile-de-france,0.30020502,0.69979495
3160_rwanda-ceo,0.53522336,0.4647766
4215_canada,0.4152159,0.58478403
10498_geowiki-landcover-2017,0.5311117,0.4688883
417_central-asia,0.3002051,0.6997949
476_rwanda-ceo,0.75249875,0.24750118
159_tanzania,0.75250804,0.24749199
972_martinique-france,0.5184434,0.4815566
2817_ile-de-france,0.53110796,0.468892
3021_geowiki-landcover-2017,0.41029632,0.5897037
964_croplands,0.30020505,0.6997949
209_rwanda-ceo,0.63585734,0.3641427
11058_geowiki-landcover-2017,0.51845914,0.4815409
2247_canada,0.3002051,0.6997949
605_kenya-non-crop,0.6376277,0.36237228
859_lem-brazil,0.6358537,0.36414626
14023_croplands,0.53522015,0.46477985
14360_geowiki-landcover-2017,0.41029105,0.5897089
112_tanzania-rice-ecaas,0.6358568,0.36414325
25035_geowiki-landcover-2017,0.30020493,0.699795
890_canada,0.30024064,0.69975936
1349_rwanda-ceo,0.63590205,0.36409795
4572_canada,0.30020493,0.69979507
6979_canada,0.53110886,0.46889114
705_canada,0.3002053,0.6997947
947_ile-de-france,0.39412415,0.60587585
415_lem-brazil,0.6358566,0.36414337
12856_croplands,0.5184495,0.48155048
35843_geowiki-landcover-2017,0.30020487,0.6997951
3176_geowiki-landcover-2017,0.30020556,0.6997944
2100_rwanda-ceo,0.7525082,0.24749178
119_ethiopia,0.41969377,0.5803063
77_sudan,0.5133824,0.48661768
760_togo,0.55183965,0.44816035
5645_geowiki-landcover-2017,0.552847,0.447153
2823_central-asia,0.30020538,0.6997946
1471_canada,0.5311091,0.46889094
197_kenya-non-crop,0.5352201,0.46477988
14155_croplands,0.5528456,0.44715437
9414_geowiki-landcover-2017,0.6358562,0.36414385
340_tanzania,0.63585705,0.36414292
19171_geowiki-landcover-2017,0.39412385,0.6058761
1119_germany,0.42758393,0.57241607
2711_geowiki-landcover-2017,0.30021098,0.699789
27582_geowiki-landcover-2017,0.53110206,0.46889794
74_sudan,0.5311141,0.46888593
1575_rwanda-ceo,0.7525073,0.24749267
2255_central-asia,0.39412183,0.60587823
823_lem-brazil,0.6358545,0.36414558
990_mali-helmets-labelling-crops,0.30020493,0.699795
1754_canada,0.30032778,0.6996722
11536_croplands,0.41521633,0.5847837
22577_geowiki-landcover-2017,0.6475158,0.3524842
1036_central-asia,0.3941242,0.60587573
531_canada,0.42758405,0.57241595
7685_geowiki-landcover-2017,0.30020505,0.69979495
2543_reunion-france,0.65213704,0.34786293
3766_geowiki-landcover-2017,0.64751905,0.35248095
2952_geowiki-landcover-2017,0.5474803,0.45251974
2078_martinique-france,0.5133796,0.4866204
1037_central-asia,0.39412403,0.6058759
1902_ile-de-france,0.4275808,0.57241917
1849_rwanda-ceo,0.66723514,0.33276492
148_geowiki-landcover-2017,0.7525079,0.24749205
490_togo,0.41520405,0.58479595
2144_ile-de-france,0.5311085,0.46889147
3386_rwanda-ceo,0.7525079,0.24749205
867_ile-de-france,0.5311087,0.4688913
680_germany,0.5311087,0.46889126
26683_geowiki-landcover-2017,0.39412412,0.6058759
10848_geowiki-landcover-2017,0.42758405,0.57241595
1434_germany,0.531109,0.46889102
1200_germany,0.5311091,0.46889088
1928_rwanda-ceo,0.7525025,0.24749751
3727_canada,0.39411938,0.6058806
4377_central-asia,0.30020607,0.69979393
1123_kenya-non-crop,0.75203395,0.24796605
775_rwanda-ceo,0.6358644,0.3641356
277_geowiki-landcover-2017,0.6521436,0.3478564
3261_geowiki-landcover-2017,0.5311115,0.46888858
6673_canada,0.4275839,0.5724161
635_rwanda-ceo,0.7525077,0.24749236
5737_geowiki-landcover-2017,0.53110915,0.46889088
3725_canada,0.30020517,0.69979477
281_tanzania-rice-ecaas,0.53522146,0.4647786
25_martinique-france,0.63583124,0.36416876
487_mali-helmets-labelling-crops,0.3002192,0.69978076
1822_rwanda-ceo,0.63604355,0.36395648
26885_geowiki-landcover-2017,0.41029048,0.5897095
1898_ile-de-france,0.3002051,0.6997949
4170_ile-de-france,0.53110814,0.46889186
27494_geowiki-landcover-2017,0.6521428,0.34785724
10643_geowiki-landcover-2017,0.5478139,0.4521861
1468_rwanda-ceo,0.6672725,0.33272743
6522_geowiki-landcover-2017,0.64751536,0.35248464
1814_martinique-france,0.65213466,0.34786537
18175_geowiki-landcover-2017,0.6475201,0.35247985
299_reunion-france,0.63585705,0.36414298
12485_croplands,0.6520963,0.34790373
2778_rwanda-ceo,0.75250816,0.24749184
24075_geowiki-landcover-2017,0.5311089,0.46889114
2990_canada,0.4275759,0.5724242
30_tanzania-ceo,0.75250804,0.247492
2405_kenya-non-crop,0.7524893,0.24751072
1818_kenya-non-crop,0.75250804,0.24749196
5318_canada,0.4275833,0.57241666
2405_rwanda-ceo,0.75250816,0.24749187
27773_geowiki-landcover-2017,0.6475195,0.35248044
28468_geowiki-landcover-2017,0.4102924,0.5897076
718_kenya-non-crop,0.7525075,0.24749249
971_mali-helmets-labelling-crops,0.30020493,0.699795
659_lem-brazil,0.66723806,0.33276194
15471_geowiki-landcover-2017,0.5133839,0.48661608
3259_rwanda-ceo,0.5352327,0.46476725
33183_geowiki-landcover-2017,0.531109,0.46889105
2956_canada,0.53110886,0.46889117
781_martinique-france,0.7518934,0.24810655
940_mali-helmets-labelling-crops,0.3002053,0.6997947
11150_geowiki-landcover-2017,0.5477901,0.45220986
28306_geowiki-landcover-2017,0.6521435,0.3478565
1645_reunion-france,0.6521513,0.34784868
2476_ile-de-france,0.30020505,0.69979495
479_canada,0.42758444,0.57241553
924_togo,0.55284196,0.44715804
2858_ile-de-france,0.5311092,0.4688908
3038_geowiki-landcover-2017,0.41522536,0.5847747
6151_geowiki-landcover-2017,0.5478141,0.45218596
3097_rwanda-ceo,0.7525078,0.24749221
2029_ile-de-france,0.3002073,0.6997927
36_ile-de-france,0.39412427,0.60587573
2710_canada,0.3002051,0.6997949
2304_kenya-non-crop,0.66721475,0.33278528
452_central-asia,0.3002053,0.6997947
2345_germany,0.4275837,0.5724163
33072_geowiki-landcover-2017,0.30020505,0.69979495
32609_geowiki-landcover-2017,0.5311089,0.46889105
1003_croplands,0.51338387,0.4866161
271_rwanda-ceo,0.6672385,0.33276153
4327_central-asia,0.30020595,0.699794
2726_central-asia,0.30020568,0.6997943
20668_geowiki-landcover-2017,0.6521435,0.34785655
2923_central-asia,0.42758557,0.5724144
2423_rwanda-ceo,0.6672383,0.3327617
2319_kenya-non-crop,0.75250334,0.24749662
1322_martinique-france,0.53440875,0.46559122
2312_tanzania-ceo,0.667238,0.33276203
146_tanzania-rice-ecaas,0.635857,0.36414307
14926_croplands,0.5303609,0.46963912
25_canada,0.30022782,0.6997722
4763_geowiki-landcover-2017,0.5478147,0.45218527
33_rwanda-ceo,0.75250727,0.2474927
579_germany,0.5311094,0.46889067
5407_geowiki-landcover-2017,0.6521447,0.34785533
23342_geowiki-landcover-2017,0.3002106,0.6997894
998_togo,0.552842,0.44715795
575_lem-brazil,0.75250584,0.24749412
1798_kenya-non-crop,0.75250804,0.24749199
5807_ile-de-france,0.3002055,0.6997945
14079_geowiki-landcover-2017,0.41029048,0.5897095
1215_kenya-non-crop,0.66723824,0.33276176
1570_kenya-non-crop,0.53551775,0.46448228
937_kenya-non-crop,0.66723734,0.3327627
1448_reunion-france,0.7525078,0.24749216
7915_canada,0.394125,0.60587496
474_canada,0.4275842,0.57241577
1219_mali-helmets-labelling-crops,0.300205,0.699795
8402_geowiki-landcover-2017,0.51845956,0.4815405
336_ethiopia,0.75250804,0.24749199
18465_geowiki-landcover-2017,0.6475089,0.3524911
5661_canada,0.30020493,0.699795
2729_rwanda-ceo,0.7525079,0.24749205
1820_reunion-france,0.6358595,0.3641405
112_tanzania-ceo,0.7525067,0.24749333
912_central-asia,0.30020612,0.69979393
12266_geowiki-landcover-2017,0.42759088,0.57240915
1200_ile-de-france,0.64751613,0.3524838
22708_geowiki-landcover-2017,0.6521418,0.3478582
1383_geowiki-landcover-2017,0.41029048,0.5897095
2086_martinique-france,0.7524888,0.24751122
3374_central-asia,0.30020493,0.699795
1212_tanzania-ceo,0.6672381,0.33276188
149_lem-brazil,0.7525074,0.24749257
417_croplands,0.30020693,0.69979304
700_lem-brazil,0.6358433,0.36415666
16161_geowiki-landcover-2017,0.5528414,0.4471586
10459_geowiki-landcover-2017,0.5478125,0.45218745
5993_canada,0.30020493,0.699795
6939_geowiki-landcover-2017,0.42758402,0.572416
15791_geowiki-landcover-2017,0.6475196,0.3524804
335_kenya-non-crop,0.63585705,0.36414295
4580_canada,0.30020493,0.69979507
5541_canada,0.30020493,0.699795
21526_geowiki-landcover-2017,0.5311081,0.46889195
7001_geowiki-landcover-2017,0.4275851,0.5724149
4447_central-asia,0.30020517,0.69979477
2090_reunion-france,0.6521434,0.34785655
5167_central-asia,0.3941202,0.6058798
1247_germany,0.30020544,0.69979453
439_rwanda-ceo,0.6672382,0.3327618
27152_geowiki-landcover-2017,0.5528429,0.44715714
1485_central-asia,0.3941224,0.6058776
1432_germany,0.53110904,0.46889096
1711_canada,0.3002059,0.69979405
146_mali,0.39412415,0.60587585
32440_geowiki-landcover-2017,0.5478134,0.45218655
10049_geowiki-landcover-2017,0.6521438,0.34785625
1603_canada,0.30020502,0.699795
31_martinique-france,0.6521083,0.34789163
6063_canada,0.30020517,0.69979477
4528_central-asia,0.39412656,0.6058734
62_rwanda-ceo,0.6358573,0.36414278
16760_geowiki-landcover-2017,0.7525077,0.24749231
5132_central-asia,0.30020514,0.6997949
591_tanzania-rice-ecaas,0.5352199,0.46478003
30016_geowiki-landcover-2017,0.41521558,0.58478445
2016_reunion-france,0.6521429,0.3478571
207_canada,0.30021182,0.69978815
3453_canada,0.64751655,0.35248342
331_ethiopia,0.6672378,0.33276218
26388_geowiki-landcover-2017,0.41029096,0.58970904
1406_mali-helmets-labelling-crops,0.30020502,0.699795
366_tanzania,0.66725206,0.33274797
1505_reunion-france,0.75119954,0.24880043
3592_canada,0.30020487,0.6997951
982_reunion-france,0.6521427,0.34785736
809_ile-de-france,0.300205,0.699795
1676_ile-de-france,0.30020514,0.6997949
34081_geowiki-landcover-2017,0.30020487,0.6997951
159_tanzania-ceo,0.75250804,0.247492
3301_geowiki-landcover-2017,0.6521433,0.3478567
10712_croplands,0.5352201,0.46477988
1221_croplands,0.39412192,0.60587806
594_ile-de-france,0.53110856,0.4688914
4373_canada,0.3002049,0.69979507
1458_rwanda-ceo,0.75250363,0.24749637
1618_canada,0.42744517,0.5725548
351_tanzania-ceo,0.7525079,0.24749205
11909_geowiki-landcover-2017,0.5478137,0.4521863
3842_ile-de-france,0.30020514,0.6997948
17574_geowiki-landcover-2017,0.5528421,0.44715792
138_sudan,0.64751875,0.35248128
6106_geowiki-landcover-2017,0.6475195,0.3524805
2655_canada,0.3002054,0.69979453
946_mali-helmets-labelling-crops,0.30020493,0.699795
21052_geowiki-landcover-2017,0.5478138,0.4521862
428_kenya-non-crop,0.75247556,0.24752447
126_ethiopia,0.5133835,0.4866165
4175_canada,0.30020493,0.699795
435_tanzania-rice-ecaas,0.63585705,0.36414298
14156_croplands,0.5530822,0.44691774
1868_rwanda-ceo,0.7525017,0.24749821
2996_geowiki-landcover-2017,0.53111416,0.4688858
22748_geowiki-landcover-2017,0.53110886,0.46889117
2801_rwanda-ceo,0.53522027,0.4647797
1397_geowiki-landcover-2017,0.7525081,0.24749194
15286_geowiki-landcover-2017,0.4152092,0.58479077
1755_germany,0.53110784,0.46889216
864_croplands,0.30021128,0.6997887
1065_martinique-france,0.52843606,0.4715639
878_reunion-france,0.63585734,0.36414263
5849_geowiki-landcover-2017,0.4102935,0.5897065
32522_geowiki-landcover-2017,0.427585,0.572415
242_tanzania-rice-ecaas,0.6672342,0.3327658
22115_geowiki-landcover-2017,0.42758363,0.57241637
25000_geowiki-landcover-2017,0.3002063,0.69979376
215_kenya-non-crop,0.6358573,0.3641427
6784_geowiki-landcover-2017,0.4152183,0.5847817
1799_kenya-non-crop,0.6358567,0.36414328
11654_croplands,0.65214187,0.34785813
982_mali-helmets-labelling-crops,0.30020502,0.699795
133_mali-non-crop,0.4275833,0.57241666
1984_germany,0.3002051,0.6997949
1342_tanzania-ceo,0.7525081,0.24749191
10860_geowiki-landcover-2017,0.42758393,0.572416
993_kenya-non-crop,0.7525077,0.24749231
2226_geowiki-landcover-2017,0.7525065,0.24749358
793_ethiopia,0.6521437,0.34785625
5948_ile-de-france,0.30020502,0.69979495
7678_canada,0.42758378,0.57241625
4887_canada,0.30020574,0.6997943
12534_geowiki-landcover-2017,0.42758363,0.57241637
688_lem-brazil,0.75250566,0.2474943
2613_ile-de-france,0.30020502,0.699795
3708_ile-de-france,0.3002055,0.6997945
602_ile-de-france,0.39412287,0.60587716
35675_geowiki-landcover-2017,0.4275985,0.57240146
1417_central-asia,0.30020523,0.69979477
31963_geowiki-landcover-2017,0.5311073,0.4688927
17818_geowiki-landcover-2017,0.64751637,0.35248366
33654_geowiki-landcover-2017,0.3941269,0.6058731
10035_geowiki-landcover-2017,0.6672383,0.3327617
4026_geowiki-landcover-2017,0.4102908,0.5897092
10930_geowiki-landcover-2017,0.41029066,0.58970934
673_germany,0.30020505,0.6997949
13103_geowiki-landcover-2017,0.6475291,0.35247084
26258_geowiki-landcover-2017,0.39415017,0.60584986
609_geowiki-landcover-2017,0.66723853,0.33276144
3073_rwanda-ceo,0.63585746,0.36414257
208_tanzania,0.6672381,0.33276188
980_canada,0.3005703,0.69942963
648_lem-brazil,0.6672377,0.33276227
5841_canada,0.30020514,0.6997949
2373_geowiki-landcover-2017,0.41521713,0.58478284
4189_central-asia,0.3002059,0.69979405
1907_germany,0.5311088,0.4688912
1060_germany,0.53110904,0.46889096
34885_geowiki-landcover-2017,0.41027182,0.58972824
21057_geowiki-landcover-2017,0.5478139,0.4521861
4862_central-asia,0.30020538,0.6997946
584_tanzania-ceo,0.7525051,0.24749488
1092_reunion-france,0.63585705,0.36414292
1103_martinique-france,0.39480048,0.6051995
428_lem-brazil,0.7525074,0.24749263
15464_geowiki-landcover-2017,0.5133639,0.4866361
1070_central-asia,0.30020493,0.69979507
2349_central-asia,0.3002051,0.6997949
32379_geowiki-landcover-2017,0.42757696,0.57242304
1026_reunion-france,0.63585705,0.3641429
4466_central-asia,0.39412186,0.6058781
23343_geowiki-landcover-2017,0.64751977,0.3524802
19395_geowiki-landcover-2017,0.5478139,0.4521861
2237_central-asia,0.30020505,0.69979495
4342_canada,0.30020502,0.699795
20890_geowiki-landcover-2017,0.65214384,0.3478562
32527_geowiki-landcover-2017,0.5478111,0.45218897
2831_central-asia,0.3004353,0.69956475
12544_geowiki-landcover-2017,0.64751977,0.35248026
1184_togo,0.5528058,0.4471942
3053_central-asia,0.4275902,0.57240987
2095_tanzania-ceo,0.75250804,0.247492
