,0,1
23813_geowiki-landcover-2017,0.5844305,0.41556948
2097_germany,0.39395022,0.6060498
27110_geowiki-landcover-2017,0.46990222,0.5300978
8_tanzania-rice-ecaas,0.6302408,0.36975917
10705_geowiki-landcover-2017,0.62995857,0.37004143
7301_canada,0.39395124,0.60604876
14072_geowiki-landcover-2017,0.5555325,0.44446748
6662_geowiki-landcover-2017,0.4961135,0.50388646
5996_geowiki-landcover-2017,0.720802,0.279198
633_canada,0.3939499,0.6060501
4392_central-asia,0.3939499,0.60605013
4252_ile-de-france,0.3939499,0.60605013
2177_geowiki-landcover-2017,0.46667334,0.5333267
161_germany,0.46990374,0.5300963
7348_geowiki-landcover-2017,0.46990407,0.53009593
1027_martinique-france,0.5699594,0.43004054
1499_kenya-non-crop,0.6302408,0.3697592
10547_geowiki-landcover-2017,0.5555305,0.4444695
5472_ile-de-france,0.3939499,0.60605013
3771_croplands,0.5555303,0.4444697
31390_geowiki-landcover-2017,0.46667248,0.5333275
33596_geowiki-landcover-2017,0.3939499,0.60605013
34600_geowiki-landcover-2017,0.56995964,0.43004036
4706_ile-de-france,0.3939499,0.60605013
3372_geowiki-landcover-2017,0.4666726,0.53332746
101_canada,0.46667287,0.5333271
893_central-asia,0.3939499,0.6060501
7654_geowiki-landcover-2017,0.39395103,0.60604894
3010_ile-de-france,0.3939501,0.6060499
44_mali-helmets-labelling-crops,0.4666726,0.53332746
158_central-asia,0.3939499,0.60605013
33570_geowiki-landcover-2017,0.5699596,0.43004045
3488_croplands,0.46667585,0.5333241
21721_geowiki-landcover-2017,0.654381,0.34561902
196_togo,0.54406095,0.45593905
4506_geowiki-landcover-2017,0.63024074,0.3697593
1292_kenya-non-crop,0.6302408,0.3697592
5042_ile-de-france,0.39395,0.6060501
1980_tanzania-ceo,0.6302099,0.36979008
296_lem-brazil,0.46667454,0.5333255
2052_central-asia,0.3939499,0.60605013
3983_ile-de-france,0.39394993,0.6060501
4036_canada,0.3939501,0.6060499
298_mali-helmets-labelling-crops,0.46667203,0.533328
48_reunion-france,0.4814612,0.51853883
1804_reunion-france,0.55552953,0.44447047
1726_canada,0.46667287,0.5333271
601_central-asia,0.4961135,0.5038865
788_martinique-france,0.56995964,0.4300404
4692_central-asia,0.39394993,0.6060501
4621_geowiki-landcover-2017,0.5555303,0.4444697
143_mali,0.46667257,0.53332746
1548_geowiki-landcover-2017,0.63021904,0.36978096
218_reunion-france,0.4666728,0.5333272
5133_ile-de-france,0.3939508,0.6060492
98_central-asia,0.39394993,0.6060501
6645_canada,0.46667162,0.53332835
5661_ile-de-france,0.3939499,0.60605013
502_togo,0.46667284,0.53332716
8016_geowiki-landcover-2017,0.39395493,0.60604507
331_geowiki-landcover-2017,0.6302411,0.3697589
5390_canada,0.4961131,0.50388694
34446_geowiki-landcover-2017,0.46619642,0.5338036
14109_croplands,0.5555304,0.44446963
14099_croplands,0.55553216,0.44446787
662_geowiki-landcover-2017,0.72080207,0.27919793
7433_croplands,0.5555302,0.44446978
16_mali-helmets-labelling-crops,0.4666727,0.5333273
85_ile-de-france,0.39395007,0.60604995
1135_ile-de-france,0.3939499,0.60605013
666_mali-helmets-labelling-crops,0.46667257,0.53332746
24442_geowiki-landcover-2017,0.46667302,0.53332704
5881_canada,0.4615901,0.5384099
5533_ile-de-france,0.3939499,0.60605013
4440_geowiki-landcover-2017,0.55553097,0.44446903
32582_geowiki-landcover-2017,0.3939499,0.60605013
4838_central-asia,0.39395025,0.6060498
23319_geowiki-landcover-2017,0.5440605,0.45593944
35137_geowiki-landcover-2017,0.3939499,0.60605013
293_rwanda-ceo,0.7208016,0.27919838
1251_ile-de-france,0.3939498,0.60605013
2327_kenya-non-crop,0.5555304,0.44446963
20001_geowiki-landcover-2017,0.5440612,0.45593885
28370_geowiki-landcover-2017,0.584441,0.41555896
14252_geowiki-landcover-2017,0.5555306,0.44446942
3431_canada,0.5699593,0.43004078
16593_geowiki-landcover-2017,0.63024104,0.3697589
1751_germany,0.4699029,0.53009707
1730_germany,0.39395028,0.6060497
19598_geowiki-landcover-2017,0.5699596,0.4300404
20030_geowiki-landcover-2017,0.46667606,0.5333239
2011_martinique-france,0.46667317,0.5333268
23132_geowiki-landcover-2017,0.54406106,0.4559389
3296_geowiki-landcover-2017,0.5440612,0.45593882
25671_geowiki-landcover-2017,0.65727794,0.34272212
2562_rwanda-ceo,0.72080207,0.27919787
2093_martinique-france,0.46667328,0.53332675
15266_geowiki-landcover-2017,0.5587333,0.44126672
30022_geowiki-landcover-2017,0.46990427,0.53009576
5851_ile-de-france,0.39395007,0.60604995
914_tanzania-ceo,0.56996185,0.4300382
17614_geowiki-landcover-2017,0.47002032,0.5299797
1203_canada,0.3939499,0.60605013
5412_geowiki-landcover-2017,0.39395007,0.6060499
3493_central-asia,0.3939499,0.60605013
71_croplands,0.5440612,0.45593885
787_kenya-non-crop,0.6302397,0.3697603
32926_geowiki-landcover-2017,0.5555278,0.44447213
32300_geowiki-landcover-2017,0.46667755,0.53332245
9018_croplands,0.466673,0.53332704
1948_central-asia,0.3939499,0.60605013
3766_ile-de-france,0.39395,0.6060501
2805_ile-de-france,0.39395007,0.60604995
1798_martinique-france,0.5699557,0.43004426
19953_geowiki-landcover-2017,0.56995875,0.43004125
29372_geowiki-landcover-2017,0.56995994,0.43004006
30426_geowiki-landcover-2017,0.5440593,0.45594078
1234_martinique-france,0.5699592,0.43004078
32156_geowiki-landcover-2017,0.39395022,0.6060498
15822_geowiki-landcover-2017,0.48146096,0.5185391
503_canada,0.46667287,0.5333271
937_ile-de-france,0.39395,0.60604995
257_tanzania-rice-ecaas,0.630241,0.369759
11511_geowiki-landcover-2017,0.4667522,0.5332478
1491_canada,0.56992245,0.43007755
36_kenya-non-crop,0.65808046,0.3419195
4572_ile-de-france,0.39395243,0.6060476
15237_geowiki-landcover-2017,0.65435314,0.34564692
20456_geowiki-landcover-2017,0.39395,0.6060501
12804_croplands,0.46992525,0.5300748
4646_geowiki-landcover-2017,0.46667302,0.533327
1329_mali-helmets-labelling-crops,0.46651652,0.5334835
14027_croplands,0.5555303,0.4444697
1478_martinique-france,0.6543542,0.34564582
3581_rwanda-ceo,0.72078633,0.27921364
25571_geowiki-landcover-2017,0.5555303,0.4444697
30238_geowiki-landcover-2017,0.5699597,0.4300403
28041_geowiki-landcover-2017,0.4961112,0.50388885
35159_geowiki-landcover-2017,0.39394993,0.6060501
30439_geowiki-landcover-2017,0.3939512,0.60604876
19922_geowiki-landcover-2017,0.55553275,0.44446728
4266_canada,0.46990424,0.53009576
8102_geowiki-landcover-2017,0.56995964,0.43004036
3633_ile-de-france,0.39395,0.6060501
471_ethiopia,0.6302299,0.36977008
393_ile-de-france,0.48146036,0.51853967
4274_ile-de-france,0.39395007,0.6060499
282_kenya,0.6297533,0.3702467
7819_canada,0.4698675,0.53013253
14799_geowiki-landcover-2017,0.46667317,0.5333268
2787_geowiki-landcover-2017,0.46667287,0.5333271
9489_geowiki-landcover-2017,0.5440858,0.45591417
28624_geowiki-landcover-2017,0.3939533,0.60604674
1636_central-asia,0.3939499,0.60605013
310_tanzania-ceo,0.544061,0.45593897
3751_central-asia,0.3939499,0.60605013
3506_rwanda-ceo,0.7207992,0.2792008
451_lem-brazil,0.63024056,0.3697594
3207_central-asia,0.39394993,0.6060501
34413_geowiki-landcover-2017,0.46667126,0.5333288
4607_ile-de-france,0.3939499,0.60605013
9922_geowiki-landcover-2017,0.4666734,0.5333266
22626_geowiki-landcover-2017,0.63023853,0.36976147
736_martinique-france,0.4666729,0.5333271
1291_germany,0.39395007,0.60604995
34593_geowiki-landcover-2017,0.39394993,0.6060501
21603_geowiki-landcover-2017,0.49611366,0.50388634
265_tanzania-ceo,0.6302408,0.3697592
5757_canada,0.39395002,0.60604995
16052_geowiki-landcover-2017,0.48146105,0.51853895
1892_germany,0.46990323,0.5300968
4452_croplands,0.466672,0.533328
14405_geowiki-landcover-2017,0.55873215,0.44126782
33898_geowiki-landcover-2017,0.49611375,0.5038862
9787_geowiki-landcover-2017,0.481461,0.518539
25321_geowiki-landcover-2017,0.54406124,0.45593882
80_tanzania,0.55553025,0.44446975
3250_central-asia,0.3939499,0.60605013
819_martinique-france,0.654354,0.34564602
405_lem-brazil,0.6302363,0.36976364
5474_ile-de-france,0.3939499,0.60605013
243_tanzania-rice-ecaas,0.63024086,0.36975917
4097_canada,0.3939499,0.60605013
15207_geowiki-landcover-2017,0.46667358,0.5333264
4504_croplands,0.46667674,0.5333233
87_mali,0.46667257,0.53332746
2363_geowiki-landcover-2017,0.56995964,0.43004033
4325_ile-de-france,0.39395,0.6060501
4625_croplands,0.4666682,0.53333175
3486_geowiki-landcover-2017,0.46667266,0.53332734
2824_rwanda-ceo,0.5555317,0.44446838
2003_tanzania-ceo,0.63023883,0.36976117
1024_mali-helmets-labelling-crops,0.46667212,0.53332794
765_lem-brazil,0.544063,0.455937
19592_geowiki-landcover-2017,0.481461,0.518539
18845_geowiki-landcover-2017,0.48145998,0.51854
370_geowiki-landcover-2017,0.630241,0.36975908
2545_germany,0.3939499,0.60605013
446_croplands,0.3939527,0.6060473
1004_canada,0.46667287,0.5333271
147_rwanda-ceo,0.55873215,0.44126785
26619_geowiki-landcover-2017,0.46667308,0.533327
139_tanzania-ceo,0.6302411,0.3697589
2402_central-asia,0.3939499,0.60605013
3008_central-asia,0.3939502,0.6060498
367_martinique-france,0.65435433,0.34564564
10185_croplands,0.6302403,0.36975968
1956_reunion-france,0.5587324,0.4412676
21631_geowiki-landcover-2017,0.46667334,0.5333266
3299_ile-de-france,0.3939499,0.60605013
1020_germany,0.39394993,0.6060501
2251_kenya-non-crop,0.54406124,0.4559388
2278_kenya-non-crop,0.46667314,0.53332686
4139_geowiki-landcover-2017,0.58443886,0.41556108
851_togo,0.46667293,0.53332704
1191_central-asia,0.3939499,0.60605013
646_germany,0.39395,0.6060501
5300_ile-de-france,0.39395025,0.6060497
2902_central-asia,0.4699041,0.5300959
369_ile-de-france,0.3939499,0.60605013
16956_geowiki-landcover-2017,0.54406106,0.45593894
35578_geowiki-landcover-2017,0.65435386,0.3456462
34610_geowiki-landcover-2017,0.46667287,0.5333271
1679_ile-de-france,0.49611357,0.50388646
23208_geowiki-landcover-2017,0.5667698,0.43323016
36_mali-helmets-labelling-crops,0.4666729,0.5333271
1734_ile-de-france,0.3939499,0.60605013
26209_geowiki-landcover-2017,0.63023716,0.36976287
2573_ile-de-france,0.3939499,0.60605013
19402_geowiki-landcover-2017,0.56996346,0.43003651
153_martinique-france,0.5699597,0.43004024
276_germany,0.39412948,0.6058705
2041_tanzania-ceo,0.6302402,0.36975983
2642_kenya-non-crop,0.7208006,0.27919942
14918_geowiki-landcover-2017,0.63024,0.36975995
6_mali-helmets-labelling-crops,0.4666724,0.5333276
1046_reunion-france,0.65728563,0.3427144
390_croplands,0.584434,0.41556597
23032_geowiki-landcover-2017,0.48146114,0.5185389
1830_martinique-france,0.4666735,0.53332657
6625_geowiki-landcover-2017,0.48146087,0.5185391
2439_geowiki-landcover-2017,0.54405946,0.45594057
2011_rwanda-ceo,0.6302409,0.36975908
4677_croplands,0.46666995,0.5333301
5796_canada,0.3939499,0.60605013
14721_geowiki-landcover-2017,0.56995964,0.43004036
1881_kenya-non-crop,0.630241,0.369759
34515_geowiki-landcover-2017,0.39395,0.60605
1223_croplands,0.466681,0.533319
1066_germany,0.39395002,0.60604995
21148_geowiki-landcover-2017,0.49615324,0.50384676
1056_rwanda-ceo,0.55555755,0.44444245
6333_canada,0.39394984,0.60605013
645_togo,0.4666734,0.5333266
282_mali-helmets-labelling-crops,0.46672255,0.53327745
31949_geowiki-landcover-2017,0.39395,0.6060501
1573_tanzania-ceo,0.7208012,0.2791988
7756_canada,0.4961542,0.5038458
8474_geowiki-landcover-2017,0.65435445,0.3456456
1097_rwanda-ceo,0.6302411,0.3697589
4290_ile-de-france,0.3939523,0.6060477
11111_geowiki-landcover-2017,0.63023204,0.369768
33467_geowiki-landcover-2017,0.39395,0.60605
23275_geowiki-landcover-2017,0.5440613,0.45593873
12982_croplands,0.54406106,0.4559389
1994_germany,0.46990404,0.53009593
15771_geowiki-landcover-2017,0.555786,0.444214
29355_geowiki-landcover-2017,0.5844341,0.41556588
1745_martinique-france,0.5555305,0.4444695
13804_croplands,0.5555304,0.4444696
15790_geowiki-landcover-2017,0.5699597,0.43004027
6801_croplands,0.6543545,0.34564552
12586_croplands,0.4666729,0.5333271
1511_central-asia,0.3939499,0.60605013
32244_geowiki-landcover-2017,0.3939501,0.6060499
2108_geowiki-landcover-2017,0.46667334,0.5333266
863_geowiki-landcover-2017,0.6302401,0.36975995
691_canada,0.39400584,0.60599416
2882_ile-de-france,0.3939499,0.60605013
499_lem-brazil,0.46667585,0.5333241
1973_rwanda-ceo,0.55553144,0.4444686
389_reunion-france,0.5844795,0.41552046
19274_geowiki-landcover-2017,0.5555303,0.44446966
2252_central-asia,0.3939499,0.60605013
4395_croplands,0.46667334,0.5333267
464_central-asia,0.3939499,0.60605013
262_ile-de-france,0.48146003,0.5185399
2784_canada,0.46990404,0.53009593
4087_canada,0.3939499,0.6060501
152_tanzania-rice-ecaas,0.630241,0.369759
2147_central-asia,0.3939499,0.60605013
7327_canada,0.39395103,0.60604894
4471_canada,0.4699041,0.5300959
4014_ile-de-france,0.39394993,0.6060501
536_canada,0.4666729,0.5333271
2880_croplands,0.5555142,0.44448578
9023_croplands,0.46667284,0.53332716
1901_ile-de-france,0.3939499,0.60605013
7798_canada,0.4699652,0.5300348
48_mali-helmets-labelling-crops,0.5440599,0.45594016
4890_ile-de-france,0.3939499,0.60605013
6283_geowiki-landcover-2017,0.3939541,0.60604596
3317_central-asia,0.3939499,0.60605013
7524_canada,0.46667284,0.53332716
3521_geowiki-landcover-2017,0.4666727,0.5333273
3765_canada,0.3939596,0.60604036
283_croplands,0.46990424,0.53009576
1304_ile-de-france,0.3939499,0.60605013
6015_ile-de-france,0.39395264,0.60604733
1073_kenya-non-crop,0.55553025,0.44446972
1202_martinique-france,0.5699597,0.43004024
700_mali-helmets-labelling-crops,0.46667254,0.5333275
3470_central-asia,0.3939499,0.60605013
1924_central-asia,0.3939499,0.60605013
35594_geowiki-landcover-2017,0.46667206,0.533328
34805_geowiki-landcover-2017,0.46667302,0.533327
3254_geowiki-landcover-2017,0.46667328,0.5333267
1005_togo,0.46667308,0.533327
5_sudan,0.4666868,0.5333132
9957_croplands,0.5555305,0.4444695
2709_ile-de-france,0.39395,0.6060501
3013_central-asia,0.3939499,0.60605013
9145_croplands,0.46667314,0.53332686
2102_croplands,0.5699593,0.43004075
10100_croplands,0.6302405,0.3697595
576_central-asia,0.3939499,0.60605013
247_central-asia,0.39395022,0.6060498
17279_geowiki-landcover-2017,0.39395034,0.60604966
10330_geowiki-landcover-2017,0.65435433,0.3456457
6935_geowiki-landcover-2017,0.39394993,0.6060501
6844_geowiki-landcover-2017,0.46667555,0.5333244
1542_reunion-france,0.5555307,0.44446933
21878_geowiki-landcover-2017,0.5440306,0.45596936
1808_germany,0.39395,0.6060501
3433_central-asia,0.3939499,0.60605013
3174_rwanda-ceo,0.6302408,0.3697592
1998_tanzania-ceo,0.5440612,0.45593885
490_ethiopia,0.65363806,0.34636188
4861_canada,0.39395022,0.6060498
4651_croplands,0.4666711,0.5333289
28661_geowiki-landcover-2017,0.5440607,0.4559393
18070_geowiki-landcover-2017,0.39395046,0.60604954
29919_geowiki-landcover-2017,0.39395,0.6060501
2509_rwanda-ceo,0.65435433,0.34564564
13422_geowiki-landcover-2017,0.56995827,0.4300417
195_reunion-france,0.603456,0.39654398
147_togo,0.4666732,0.5333268
2287_reunion-france,0.6034559,0.39654413
16855_geowiki-landcover-2017,0.4814608,0.5185392
25_germany,0.3939502,0.6060498
435_martinique-france,0.5555304,0.44446963
27002_geowiki-landcover-2017,0.48146078,0.5185392
3764_geowiki-landcover-2017,0.46669763,0.5333024
410_tanzania-rice-ecaas,0.6301652,0.36983478
12605_geowiki-landcover-2017,0.5699597,0.43004027
33117_geowiki-landcover-2017,0.39395058,0.6060494
1229_martinique-france,0.5433479,0.4566521
1643_rwanda-ceo,0.55553025,0.44446972
2092_canada,0.46667266,0.5333273
4140_central-asia,0.39395,0.6060501
14305_geowiki-landcover-2017,0.5555304,0.44446957
1951_reunion-france,0.62828445,0.37171558
3787_central-asia,0.3939499,0.60605013
33975_geowiki-landcover-2017,0.5440612,0.45593888
29359_geowiki-landcover-2017,0.56995964,0.4300404
1089_central-asia,0.3939499,0.60605013
33079_geowiki-landcover-2017,0.55553424,0.44446573
21274_geowiki-landcover-2017,0.46667212,0.5333279
3000_ile-de-france,0.39395002,0.60604995
32120_geowiki-landcover-2017,0.56995964,0.4300404
5015_central-asia,0.39394993,0.6060501
5221_central-asia,0.48145914,0.51854086
22836_geowiki-landcover-2017,0.49611354,0.50388646
805_germany,0.39401242,0.60598755
6070_canada,0.39395,0.6060501
4720_ile-de-france,0.3939499,0.60605013
2531_kenya-non-crop,0.72080225,0.27919775
889_kenya-non-crop,0.630241,0.369759
16031_geowiki-landcover-2017,0.49611697,0.50388306
646_canada,0.39394993,0.6060501
5289_ile-de-france,0.39395225,0.60604775
516_togo,0.46667287,0.5333271
676_central-asia,0.39395,0.6060501
2493_kenya-non-crop,0.63024056,0.3697594
120_ile-de-france,0.3939499,0.60605013
417_reunion-france,0.58443624,0.41556376
5278_canada,0.39395726,0.60604274
4563_canada,0.4699041,0.5300959
4667_central-asia,0.4699037,0.53009635
3634_canada,0.4666719,0.53332806
2680_ile-de-france,0.3939499,0.60605013
354_germany,0.3939502,0.6060498
862_ile-de-france,0.3939501,0.6060499
3627_geowiki-landcover-2017,0.5273774,0.4726226
1406_ile-de-france,0.39394993,0.6060501
2954_ile-de-france,0.46990404,0.53009593
31161_geowiki-landcover-2017,0.46990183,0.5300982
4755_ile-de-france,0.3939499,0.60605013
519_central-asia,0.3939499,0.60605013
1155_martinique-france,0.5699599,0.43004012
1460_ile-de-france,0.3939511,0.60604894
492_croplands,0.46667373,0.53332627
2523_ile-de-france,0.39395,0.60605
619_germany,0.3939503,0.6060497
2781_ile-de-france,0.39394993,0.6060501
997_tanzania-ceo,0.4666729,0.5333271
15799_geowiki-landcover-2017,0.54406375,0.45593625
6034_canada,0.39395,0.6060501
19356_geowiki-landcover-2017,0.65435433,0.34564564
304_rwanda-ceo,0.6302371,0.36976296
2151_geowiki-landcover-2017,0.54406196,0.45593804
9565_geowiki-landcover-2017,0.46667293,0.53332704
4836_geowiki-landcover-2017,0.5555303,0.44446972
9102_croplands,0.46667302,0.53332704
799_ile-de-france,0.3939498,0.60605013
5986_ile-de-france,0.39394993,0.6060501
2399_reunion-france,0.5844455,0.41555452
21261_geowiki-landcover-2017,0.5440612,0.45593885
2236_central-asia,0.3939499,0.60605013
2034_geowiki-landcover-2017,0.46667254,0.5333275
35756_geowiki-landcover-2017,0.5697439,0.43025616
2213_kenya-non-crop,0.6302388,0.36976123
332_sudan,0.5555162,0.44448385
917_togo,0.46667293,0.53332704
891_germany,0.3939499,0.60605013
1990_geowiki-landcover-2017,0.5699604,0.4300396
75_ile-de-france,0.39395034,0.6060496
1601_ile-de-france,0.39395,0.60604995
5354_ile-de-france,0.3939499,0.60605013
203_kenya-non-crop,0.5555319,0.44446808
2293_ile-de-france,0.3939499,0.60605013
4347_croplands,0.54406065,0.45593938
110_ile-de-france,0.3939499,0.60605013
23039_geowiki-landcover-2017,0.654346,0.34565404
34682_geowiki-landcover-2017,0.56995964,0.43004033
601_tanzania-rice-ecaas,0.63023823,0.36976174
4695_ile-de-france,0.3939499,0.60605013
5158_geowiki-landcover-2017,0.6437958,0.35620424
20217_geowiki-landcover-2017,0.46667293,0.53332704
2031_tanzania-ceo,0.6438002,0.35619977
28247_geowiki-landcover-2017,0.4666728,0.5333272
24833_geowiki-landcover-2017,0.5844339,0.41556606
3969_canada,0.3939499,0.60605013
31148_geowiki-landcover-2017,0.4699043,0.5300957
978_kenya-non-crop,0.630241,0.36975905
136_ethiopia,0.5587322,0.4412678
1607_rwanda-ceo,0.6302072,0.36979288
2096_kenya-non-crop,0.72080207,0.27919796
2821_rwanda-ceo,0.5555305,0.44446954
26_kenya,0.5555304,0.4444696
23557_geowiki-landcover-2017,0.6302365,0.36976352
34539_geowiki-landcover-2017,0.46667293,0.53332704
3830_croplands,0.46667302,0.533327
4050_central-asia,0.3939499,0.60605013
2589_canada,0.46667293,0.53332704
13596_croplands,0.4666732,0.5333268
3914_geowiki-landcover-2017,0.6572654,0.34273458
2224_rwanda-ceo,0.72080034,0.27919966
4243_canada,0.39395064,0.60604936
27161_geowiki-landcover-2017,0.48145697,0.518543
625_togo,0.46667352,0.5333265
18758_geowiki-landcover-2017,0.46667975,0.53332025
4796_canada,0.39395016,0.6060498
15867_geowiki-landcover-2017,0.5439868,0.45601317
2220_martinique-france,0.5699678,0.43003216
32017_geowiki-landcover-2017,0.39395,0.6060501
107_reunion-france,0.48146373,0.51853627
2012_martinique-france,0.46667314,0.5333268
138_ile-de-france,0.3939499,0.6060501
2819_ile-de-france,0.3939499,0.60605013
17886_geowiki-landcover-2017,0.466673,0.53332704
2243_central-asia,0.3939499,0.60605013
2414_martinique-france,0.5699606,0.43003938
32180_geowiki-landcover-2017,0.46667287,0.5333271
29056_geowiki-landcover-2017,0.39395007,0.6060499
15949_geowiki-landcover-2017,0.57313806,0.4268619
210_togo,0.5440609,0.4559391
893_kenya-non-crop,0.630241,0.369759
32585_geowiki-landcover-2017,0.39394993,0.6060501
25_geowiki-landcover-2017,0.54406124,0.4559388
33683_geowiki-landcover-2017,0.65719336,0.3428066
527_togo,0.46667373,0.53332627
210_kenya-non-crop,0.6543541,0.3456459
3000_canada,0.54406124,0.45593882
25103_geowiki-landcover-2017,0.55552936,0.44447064
1099_croplands,0.4666734,0.53332657
2154_martinique-france,0.65434,0.3456599
487_germany,0.4699031,0.5300969
2775_geowiki-landcover-2017,0.5555306,0.44446936
1170_ile-de-france,0.48145846,0.5185416
2122_ile-de-france,0.39394984,0.60605013
3359_central-asia,0.3939499,0.60605013
29006_geowiki-landcover-2017,0.56995946,0.43004054
27023_geowiki-landcover-2017,0.5555276,0.44447243
1726_geowiki-landcover-2017,0.5555306,0.44446942
3624_central-asia,0.39394993,0.6060501
5106_canada,0.469904,0.530096
5210_geowiki-landcover-2017,0.46663454,0.5333654
205_uganda,0.5555303,0.4444697
2206_geowiki-landcover-2017,0.46664998,0.53335
452_ile-de-france,0.3939499,0.60605013
26_mali-non-crop,0.56996083,0.43003923
449_rwanda-ceo,0.7208021,0.27919784
1365_canada,0.466673,0.53332704
5416_canada,0.3939499,0.60605013
554_germany,0.3939499,0.60605013
1687_rwanda-ceo,0.6543551,0.3456449
13608_croplands,0.6437999,0.35620007
35148_geowiki-landcover-2017,0.630159,0.36984098
1427_germany,0.3939512,0.6060488
32118_geowiki-landcover-2017,0.5440611,0.45593888
2265_martinique-france,0.55553085,0.44446912
4692_geowiki-landcover-2017,0.544061,0.45593897
207_ethiopia,0.5440597,0.45594037
30067_geowiki-landcover-2017,0.5555408,0.4444592
1317_rwanda-ceo,0.6302408,0.3697592
3993_ile-de-france,0.3939499,0.6060501
56_lem-brazil,0.5555229,0.44447708
200_lem-brazil,0.6302166,0.3697834
208_togo,0.46667388,0.5333261
2179_rwanda-ceo,0.6543559,0.34564412
1049_togo,0.56995636,0.43004364
1375_germany,0.3939499,0.60605013
5913_ile-de-france,0.39395007,0.6060499
4864_ile-de-france,0.39395085,0.6060492
17105_geowiki-landcover-2017,0.56995034,0.4300497
5365_ile-de-france,0.39395392,0.606046
21405_geowiki-landcover-2017,0.46990404,0.530096
1381_mali-helmets-labelling-crops,0.46667132,0.53332865
2990_ile-de-france,0.39394993,0.6060501
537_tanzania-rice-ecaas,0.6302408,0.36975923
22778_geowiki-landcover-2017,0.3939498,0.60605013
2622_central-asia,0.3939499,0.60605013
1740_central-asia,0.39394984,0.60605013
1841_ile-de-france,0.39395002,0.60604995
6819_geowiki-landcover-2017,0.39395,0.6060501
4229_ile-de-france,0.3939499,0.60605013
18566_geowiki-landcover-2017,0.46667245,0.5333275
1182_geowiki-landcover-2017,0.48146102,0.518539
1303_ile-de-france,0.39395,0.60604995
496_reunion-france,0.55873454,0.44126546
4448_central-asia,0.46990195,0.5300981
7102_geowiki-landcover-2017,0.39395067,0.60604936
1743_rwanda-ceo,0.72080183,0.27919814
2695_ile-de-france,0.49611348,0.5038865
32733_geowiki-landcover-2017,0.46985987,0.53014016
4598_canada,0.46667287,0.53332716
2417_reunion-france,0.5587345,0.44126552
1680_rwanda-ceo,0.63024104,0.3697589
3036_ile-de-france,0.39396557,0.6060344
16165_geowiki-landcover-2017,0.46664724,0.5333528
10513_croplands,0.5555303,0.44446963
261_lem-brazil,0.65240794,0.34759206
14872_geowiki-landcover-2017,0.630241,0.36975905
10756_geowiki-landcover-2017,0.46667275,0.5333273
219_canada,0.46667328,0.53332675
26890_geowiki-landcover-2017,0.48146087,0.5185391
3371_geowiki-landcover-2017,0.46667188,0.5333281
976_ile-de-france,0.39395016,0.60604984
31486_geowiki-landcover-2017,0.39395002,0.60604995
878_rwanda-ceo,0.6302407,0.36975935
966_martinique-france,0.5699597,0.4300403
1645_germany,0.39394993,0.6060501
866_rwanda-ceo,0.72080207,0.2791979
2516_reunion-france,0.52740574,0.47259426
80_ethiopia,0.55873233,0.44126767
2433_kenya-non-crop,0.466673,0.53332704
1790_kenya-non-crop,0.630241,0.369759
28932_geowiki-landcover-2017,0.39395007,0.60604995
17814_geowiki-landcover-2017,0.5587421,0.4412579
1107_geowiki-landcover-2017,0.63024116,0.3697589
2910_ile-de-france,0.39395034,0.60604966
15723_geowiki-landcover-2017,0.39395,0.60605
11753_geowiki-landcover-2017,0.46667647,0.5333236
594_martinique-france,0.46667287,0.5333271
2433_central-asia,0.3939499,0.60605013
10725_geowiki-landcover-2017,0.584434,0.415566
2718_geowiki-landcover-2017,0.46667144,0.53332853
7437_geowiki-landcover-2017,0.56995964,0.4300404
65_kenya-non-crop,0.720802,0.27919796
25630_geowiki-landcover-2017,0.39395,0.60604995
13543_geowiki-landcover-2017,0.7208022,0.27919775
10656_croplands,0.55552584,0.4444742
434_togo,0.46667403,0.53332597
10862_geowiki-landcover-2017,0.5555304,0.4444696
28546_geowiki-landcover-2017,0.5555305,0.44446948
3284_central-asia,0.3939499,0.60605013
773_ethiopia,0.65435433,0.3456457
35217_geowiki-landcover-2017,0.39395,0.60604995
16310_geowiki-landcover-2017,0.46667293,0.53332704
316_tanzania,0.6302402,0.36975983
276_sudan,0.56996083,0.4300392
15019_geowiki-landcover-2017,0.720802,0.279198
13838_croplands,0.5555303,0.44446972
1988_germany,0.39395013,0.6060499
322_canada,0.46667284,0.53332716
1436_canada,0.4666729,0.5333271
526_mali-helmets-labelling-crops,0.4666725,0.5333275
1212_germany,0.39395,0.6060501
19055_geowiki-landcover-2017,0.5699602,0.4300398
15730_geowiki-landcover-2017,0.3939499,0.6060501
34564_geowiki-landcover-2017,0.39394993,0.6060501
28789_geowiki-landcover-2017,0.39395112,0.60604894
1024_reunion-france,0.63024086,0.3697591
24544_geowiki-landcover-2017,0.5555343,0.44446573
23205_geowiki-landcover-2017,0.5844346,0.41556534
22838_geowiki-landcover-2017,0.46667308,0.533327
978_croplands,0.46990293,0.53009707
2290_martinique-france,0.5699646,0.4300354
624_croplands,0.46665132,0.5333487
2571_canada,0.46667293,0.53332704
3505_geowiki-landcover-2017,0.4666724,0.53332764
1236_tanzania-ceo,0.544062,0.45593795
24460_geowiki-landcover-2017,0.5557232,0.4442768
251_canada,0.3939504,0.6060496
7823_geowiki-landcover-2017,0.39395118,0.6060488
1799_martinique-france,0.5699611,0.43003893
1338_tanzania-ceo,0.46667287,0.5333271
3508_croplands,0.55553,0.44446993
16362_geowiki-landcover-2017,0.6302412,0.3697588
15119_geowiki-landcover-2017,0.65435463,0.3456453
526_central-asia,0.3939499,0.60605013
3149_canada,0.39395,0.6060501
4989_central-asia,0.39395,0.60605
7505_canada,0.46667284,0.53332716
4526_ile-de-france,0.3939499,0.60605013
167_togo,0.46667308,0.53332686
30360_geowiki-landcover-2017,0.46667287,0.5333271
1843_tanzania-ceo,0.55905193,0.4409481
32614_geowiki-landcover-2017,0.64379996,0.35620007
2262_germany,0.39395025,0.6060497
29437_geowiki-landcover-2017,0.55873364,0.4412664
7556_geowiki-landcover-2017,0.3939499,0.60605013
29910_geowiki-landcover-2017,0.46667174,0.53332824
7881_canada,0.3939499,0.60605013
754_geowiki-landcover-2017,0.5555305,0.4444695
2003_central-asia,0.3939499,0.60605013
1000_central-asia,0.3939499,0.6060501
31456_geowiki-landcover-2017,0.48145902,0.518541
3604_canada,0.39395007,0.60604995
6245_geowiki-landcover-2017,0.6543539,0.3456461
4023_ile-de-france,0.39395,0.60604995
1306_rwanda-ceo,0.65436035,0.3456396
34250_geowiki-landcover-2017,0.4666726,0.53332746
25095_geowiki-landcover-2017,0.55873144,0.44126862
18943_geowiki-landcover-2017,0.46667293,0.53332704
1143_canada,0.4666729,0.5333271
2391_kenya-non-crop,0.46667323,0.53332675
1245_martinique-france,0.5555304,0.44446957
2524_geowiki-landcover-2017,0.46667302,0.533327
1535_central-asia,0.3939499,0.6060501
2875_ile-de-france,0.48145813,0.51854193
970_central-asia,0.46988463,0.53011537
29_lem-brazil,0.57027274,0.42972723
26898_geowiki-landcover-2017,0.39395,0.6060501
26520_geowiki-landcover-2017,0.5555304,0.44446963
27251_geowiki-landcover-2017,0.5555305,0.44446948
27595_geowiki-landcover-2017,0.5699597,0.4300403
3842_central-asia,0.3939499,0.60605013
198_lem-brazil,0.55551535,0.44448468
2216_ile-de-france,0.39395007,0.60604995
7777_geowiki-landcover-2017,0.481461,0.518539
25_tanzania-rice-ecaas,0.55553085,0.44446918
2448_ile-de-france,0.3939499,0.60605013
9150_croplands,0.46667054,0.5333295
12600_croplands,0.46667293,0.53332704
2511_central-asia,0.3939499,0.60605013
916_tanzania-ceo,0.63024104,0.36975893
2878_geowiki-landcover-2017,0.4666728,0.5333272
19888_geowiki-landcover-2017,0.5440574,0.45594257
594_kenya-non-crop,0.55554974,0.4444503
2279_kenya-non-crop,0.46667308,0.533327
2523_kenya-non-crop,0.569978,0.43002197
5853_canada,0.39395,0.6060501
3313_geowiki-landcover-2017,0.39395314,0.60604686
869_tanzania-ceo,0.63024104,0.369759
798_rwanda-ceo,0.72080153,0.27919847
31085_geowiki-landcover-2017,0.39395756,0.60604244
2002_germany,0.3939499,0.60605013
1016_geowiki-landcover-2017,0.584434,0.41556603
242_mali-helmets-labelling-crops,0.46667254,0.53332746
382_tanzania,0.5555302,0.44446978
761_martinique-france,0.46667284,0.53332716
5713_ile-de-france,0.3939499,0.60605013
32007_geowiki-landcover-2017,0.46667284,0.53332716
4543_geowiki-landcover-2017,0.46667284,0.53332716
31392_geowiki-landcover-2017,0.63023716,0.36976284
1761_tanzania-ceo,0.544057,0.455943
9924_geowiki-landcover-2017,0.56996065,0.43003932
619_croplands,0.46990448,0.5300955
34652_geowiki-landcover-2017,0.5440611,0.45593888
1910_ile-de-france,0.3939498,0.60605013
1740_ile-de-france,0.3939499,0.60605013
16432_geowiki-landcover-2017,0.5555273,0.44447267
1208_kenya-non-crop,0.6302558,0.36974412
3837_croplands,0.46667287,0.5333271
183_rwanda-ceo,0.630241,0.369759
11479_geowiki-landcover-2017,0.630241,0.369759
25317_geowiki-landcover-2017,0.4666742,0.5333258
3422_rwanda-ceo,0.6543553,0.34564474
7445_croplands,0.63023895,0.369761
2095_central-asia,0.3939499,0.60605013
4105_canada,0.3939499,0.6060501
19901_geowiki-landcover-2017,0.46667355,0.5333264
297_kenya-non-crop,0.55553144,0.44446853
25072_geowiki-landcover-2017,0.5699618,0.4300382
4547_croplands,0.46666843,0.5333316
2522_geowiki-landcover-2017,0.46667266,0.53332734
337_germany,0.3939512,0.6060488
29733_geowiki-landcover-2017,0.48146075,0.5185392
6655_canada,0.3939499,0.60605013
23356_geowiki-landcover-2017,0.48146087,0.5185391
77_canada,0.544061,0.45593897
29577_geowiki-landcover-2017,0.39394993,0.6060501
3454_geowiki-landcover-2017,0.46667266,0.53332734
2546_geowiki-landcover-2017,0.46667302,0.533327
0_mali,0.46667174,0.53332824
723_geowiki-landcover-2017,0.48146498,0.518535
4788_central-asia,0.3939499,0.60605013
25294_geowiki-landcover-2017,0.5440605,0.4559395
1500_martinique-france,0.46667328,0.5333267
208_rwanda-ceo,0.6543548,0.3456452
2464_ile-de-france,0.39395,0.6060501
1463_germany,0.46990368,0.53009635
19134_geowiki-landcover-2017,0.469904,0.530096
3001_rwanda-ceo,0.5555435,0.44445652
13200_geowiki-landcover-2017,0.46667945,0.5333206
29893_geowiki-landcover-2017,0.5440601,0.45593995
2461_central-asia,0.3939499,0.60605013
1154_central-asia,0.3939499,0.6060501
945_martinique-france,0.5699598,0.43004024
4537_central-asia,0.3939499,0.6060501
10733_croplands,0.55553025,0.44446972
776_tanzania-ceo,0.5440612,0.45593885
3361_rwanda-ceo,0.7208018,0.27919823
4306_croplands,0.5440598,0.4559402
7688_canada,0.39395347,0.60604656
23778_geowiki-landcover-2017,0.5555305,0.4444695
2441_rwanda-ceo,0.63023734,0.3697626
59_tanzania-rice-ecaas,0.63024086,0.36975914
329_kenya-non-crop,0.65435445,0.34564555
2254_canada,0.39395,0.60604995
1433_germany,0.3939501,0.6060499
2366_canada,0.46667302,0.53332704
26944_geowiki-landcover-2017,0.5552122,0.44478777
8957_geowiki-landcover-2017,0.5440605,0.45593947
2771_ile-de-france,0.3939499,0.6060501
18037_geowiki-landcover-2017,0.56995964,0.4300404
29413_geowiki-landcover-2017,0.39395803,0.60604197
5966_ile-de-france,0.39394993,0.6060501
1124_tanzania-ceo,0.7208017,0.2791983
33600_geowiki-landcover-2017,0.48146087,0.5185391
8861_geowiki-landcover-2017,0.63024116,0.3697589
789_ile-de-france,0.3939499,0.60605013
897_geowiki-landcover-2017,0.5587325,0.4412675
20290_geowiki-landcover-2017,0.5555304,0.4444696
12365_geowiki-landcover-2017,0.3939499,0.6060501
8859_geowiki-landcover-2017,0.5440612,0.45593885
30268_geowiki-landcover-2017,0.46990457,0.5300954
541_ethiopia,0.5555282,0.44447184
22104_geowiki-landcover-2017,0.5844678,0.41553217
32044_geowiki-landcover-2017,0.5440571,0.45594296
3203_canada,0.46667397,0.533326
3770_canada,0.39395,0.6060501
74_kenya,0.5555305,0.44446954
1355_ile-de-france,0.3939499,0.6060501
1661_tanzania-ceo,0.630241,0.369759
4769_central-asia,0.39395022,0.6060498
3619_geowiki-landcover-2017,0.46667254,0.5333275
3104_ile-de-france,0.3939499,0.60605013
835_ile-de-france,0.3939499,0.60605013
7167_geowiki-landcover-2017,0.4814642,0.5185358
1346_canada,0.5440609,0.45593908
2089_croplands,0.46667266,0.53332734
2446_ile-de-france,0.3939499,0.60605013
11258_geowiki-landcover-2017,0.5555305,0.4444695
985_germany,0.39395,0.6060501
1512_rwanda-ceo,0.630241,0.369759
29203_geowiki-landcover-2017,0.39395,0.6060501
800_reunion-france,0.65435314,0.34564683
2186_rwanda-ceo,0.63023895,0.36976102
81_croplands,0.544061,0.45593897
1513_canada,0.39395002,0.60604995
952_togo,0.544061,0.45593902
23060_geowiki-landcover-2017,0.49611387,0.50388616
16_tanzania-rice-ecaas,0.63023454,0.36976552
268_kenya-non-crop,0.630241,0.369759
454_togo,0.46667308,0.53332686
29077_geowiki-landcover-2017,0.5555292,0.44447088
1045_mali-helmets-labelling-crops,0.46667218,0.5333278
10647_geowiki-landcover-2017,0.584434,0.41556597
893_mali-helmets-labelling-crops,0.46667182,0.5333282
835_reunion-france,0.72080016,0.27919987
27_brazil-non-crop,0.64378655,0.35621342
3580_rwanda-ceo,0.7208021,0.2791979
4850_croplands,0.6437973,0.35620275
25580_geowiki-landcover-2017,0.49611443,0.50388557
6691_croplands,0.5555384,0.44446158
1565_reunion-france,0.52739227,0.4726077
2546_kenya-non-crop,0.48146138,0.51853865
1418_croplands,0.3939503,0.6060497
26639_geowiki-landcover-2017,0.39395076,0.6060493
6688_croplands,0.630241,0.369759
23421_geowiki-landcover-2017,0.46667287,0.5333271
3666_central-asia,0.3939499,0.60605013
33651_geowiki-landcover-2017,0.4666716,0.5333284
31782_geowiki-landcover-2017,0.46667206,0.53332794
1186_kenya-non-crop,0.630241,0.369759
25480_geowiki-landcover-2017,0.46667317,0.5333268
1112_germany,0.49611357,0.5038864
1284_germany,0.39395,0.60604995
6723_canada,0.39395076,0.60604924
3785_canada,0.3939499,0.6060501
1925_germany,0.469896,0.530104
733_tanzania-rice-ecaas,0.6302402,0.36975983
1331_ile-de-france,0.3939499,0.60605013
32079_geowiki-landcover-2017,0.3939499,0.60605013
1378_tanzania-ceo,0.63024104,0.36975893
25696_geowiki-landcover-2017,0.5555296,0.44447038
1455_germany,0.3939501,0.6060499
532_togo,0.46677384,0.5332262
27867_geowiki-landcover-2017,0.4699041,0.5300959
1348_ile-de-france,0.3939499,0.60605013
1477_kenya-non-crop,0.54406124,0.4559388
2073_tanzania-ceo,0.643796,0.35620397
907_kenya-non-crop,0.6543581,0.3456419
899_kenya-non-crop,0.7208017,0.2791983
1048_croplands,0.3939751,0.60602486
21711_geowiki-landcover-2017,0.48146114,0.51853883
3595_central-asia,0.3939499,0.60605013
881_kenya-non-crop,0.65435433,0.3456457
1470_kenya-non-crop,0.5588298,0.44117022
2790_central-asia,0.39395,0.6060501
6673_croplands,0.5555304,0.44446957
4492_croplands,0.46667105,0.53332895
3703_central-asia,0.3939499,0.60605013
17011_geowiki-landcover-2017,0.46667293,0.53332704
14133_geowiki-landcover-2017,0.39395007,0.60604995
11250_geowiki-landcover-2017,0.64380014,0.35619986
12594_croplands,0.4666729,0.5333271
10965_geowiki-landcover-2017,0.5440612,0.45593885
7829_canada,0.39395002,0.60604995
1584_martinique-france,0.46667334,0.5333267
21864_geowiki-landcover-2017,0.5440602,0.45593983
7766_canada,0.46667257,0.53332746
1332_geowiki-landcover-2017,0.72079736,0.27920264
5781_canada,0.39395007,0.60604995
2180_geowiki-landcover-2017,0.46667266,0.5333273
25998_geowiki-landcover-2017,0.584434,0.41556603
3753_central-asia,0.39394984,0.60605013
3388_ile-de-france,0.3939499,0.60605013
780_ile-de-france,0.3939499,0.60605013
10488_croplands,0.5555303,0.4444697
2408_central-asia,0.3939499,0.60605013
21552_geowiki-landcover-2017,0.39395094,0.60604906
4847_croplands,0.56996113,0.43003884
9492_croplands,0.55553013,0.4444699
3190_canada,0.39395007,0.60604995
3414_geowiki-landcover-2017,0.5440584,0.4559416
1487_ile-de-france,0.39395,0.6060501
33342_geowiki-landcover-2017,0.46667287,0.5333271
20302_geowiki-landcover-2017,0.39398047,0.6060195
1392_germany,0.39395007,0.6060499
1338_reunion-france,0.56995994,0.43004
5542_geowiki-landcover-2017,0.49611396,0.50388604
15234_geowiki-landcover-2017,0.46719337,0.53280663
3068_ile-de-france,0.3939499,0.60605013
1411_ile-de-france,0.3939499,0.60605013
50_croplands,0.466673,0.53332704
5458_canada,0.46990395,0.53009605
9324_geowiki-landcover-2017,0.48146102,0.518539
6085_canada,0.3939516,0.6060484
1349_tanzania-ceo,0.5440612,0.45593882
1370_geowiki-landcover-2017,0.63024104,0.369759
6788_croplands,0.63024104,0.3697589
1932_central-asia,0.3939499,0.60605013
8884_geowiki-landcover-2017,0.6302407,0.36975932
1670_geowiki-landcover-2017,0.5844312,0.4155689
3701_geowiki-landcover-2017,0.46667287,0.53332716
2319_ile-de-france,0.39394984,0.60605013
4927_ile-de-france,0.3939499,0.60605013
6720_canada,0.3939516,0.6060484
29362_geowiki-landcover-2017,0.46667293,0.53332704
2016_martinique-france,0.56996113,0.43003887
1969_central-asia,0.3939499,0.60605013
14693_geowiki-landcover-2017,0.56995964,0.43004036
556_canada,0.4666729,0.5333271
592_ethiopia,0.5555305,0.4444695
352_canada,0.46667302,0.533327
528_reunion-france,0.48146343,0.51853657
474_ethiopia,0.48146152,0.51853853
10201_geowiki-landcover-2017,0.46667275,0.5333272
475_kenya-non-crop,0.5579299,0.44207016
28200_geowiki-landcover-2017,0.6543439,0.34565604
7126_geowiki-landcover-2017,0.49611598,0.503884
115_ile-de-france,0.3939499,0.60605013
976_central-asia,0.49611303,0.50388694
10579_croplands,0.5555303,0.44446966
1553_canada,0.5440524,0.4559476
103_canada,0.46667287,0.5333271
71_kenya-non-crop,0.6302411,0.3697589
11365_geowiki-landcover-2017,0.49611363,0.5038864
24358_geowiki-landcover-2017,0.5699596,0.4300404
2158_tanzania-ceo,0.54406106,0.45593888
2274_ile-de-france,0.39395002,0.60604995
6094_canada,0.5699585,0.43004152
881_reunion-france,0.65435314,0.3456469
152_ethiopia,0.5587318,0.44126824
2094_tanzania-ceo,0.5699607,0.43003923
812_geowiki-landcover-2017,0.5587315,0.44126853
458_rwanda-ceo,0.65435404,0.34564596
7488_geowiki-landcover-2017,0.46990302,0.53009695
22759_geowiki-landcover-2017,0.58443415,0.41556585
994_germany,0.4698967,0.5301033
14849_geowiki-landcover-2017,0.6543544,0.3456456
17895_geowiki-landcover-2017,0.46667302,0.53332704
510_germany,0.39395,0.6060501
5731_canada,0.3939499,0.60605013
5991_canada,0.3939499,0.6060501
4053_geowiki-landcover-2017,0.48146033,0.51853967
35255_geowiki-landcover-2017,0.39396054,0.60603946
12070_geowiki-landcover-2017,0.48146075,0.51853925
6144_geowiki-landcover-2017,0.48146158,0.51853836
176_tanzania-ceo,0.5555307,0.44446933
2019_tanzania-ceo,0.46668532,0.5333147
29833_geowiki-landcover-2017,0.39398885,0.60601115
29647_geowiki-landcover-2017,0.65435463,0.3456453
4023_geowiki-landcover-2017,0.39395374,0.6060463
1271_geowiki-landcover-2017,0.72080183,0.27919814
283_geowiki-landcover-2017,0.46667287,0.5333271
30622_geowiki-landcover-2017,0.46667308,0.53332686
3229_geowiki-landcover-2017,0.46667287,0.53332716
1257_tanzania-ceo,0.54406106,0.4559389
22298_geowiki-landcover-2017,0.4666729,0.5333271
2192_germany,0.5587131,0.4412869
2047_kenya-non-crop,0.46667328,0.53332675
3579_canada,0.39394993,0.6060501
4360_geowiki-landcover-2017,0.55553097,0.44446903
9889_geowiki-landcover-2017,0.5699595,0.43004048
26719_geowiki-landcover-2017,0.469904,0.530096
423_germany,0.3939499,0.60605013
12505_croplands,0.4666729,0.5333271
1248_germany,0.3939499,0.60605013
14201_croplands,0.5555348,0.44446522
2332_kenya-non-crop,0.7208022,0.2791978
2082_ile-de-france,0.39395007,0.60604995
140_martinique-france,0.56995964,0.43004033
4771_canada,0.4698991,0.5301009
3842_canada,0.3939499,0.6060501
944_germany,0.39395,0.60605
1409_tanzania-ceo,0.630241,0.36975905
2949_central-asia,0.39395,0.6060501
1008_kenya-non-crop,0.63024086,0.3697591
24707_geowiki-landcover-2017,0.58443403,0.41556597
2562_reunion-france,0.65435326,0.34564674
22282_geowiki-landcover-2017,0.48146054,0.5185395
1014_togo,0.56996006,0.43003994
6904_croplands,0.5555382,0.4444618
9005_croplands,0.46667287,0.53332716
2433_reunion-france,0.6302399,0.3697601
1060_rwanda-ceo,0.654355,0.345645
1114_reunion-france,0.6302402,0.36975983
17652_geowiki-landcover-2017,0.39395002,0.60604995
320_sudan,0.46667612,0.5333239
661_geowiki-landcover-2017,0.6302405,0.3697595
1376_germany,0.3939499,0.60605013
20055_geowiki-landcover-2017,0.65726936,0.34273064
1195_canada,0.46667287,0.5333271
1964_tanzania-ceo,0.64379984,0.3562001
953_geowiki-landcover-2017,0.72079474,0.27920523
30075_geowiki-landcover-2017,0.39395,0.60605
2456_geowiki-landcover-2017,0.46667218,0.5333278
1459_mali-helmets-labelling-crops,0.5440588,0.45594114
5233_ile-de-france,0.3939499,0.60605013
2850_geowiki-landcover-2017,0.4666726,0.5333274
1215_germany,0.39394993,0.6060501
4067_canada,0.3939498,0.60605013
3924_geowiki-landcover-2017,0.39395007,0.60604995
32546_geowiki-landcover-2017,0.46667284,0.53332716
1007_croplands,0.39395007,0.6060499
3006_central-asia,0.39394993,0.6060501
273_croplands,0.4814615,0.51853853
6981_croplands,0.5555306,0.44446936
13142_croplands,0.6543539,0.34564608
9435_geowiki-landcover-2017,0.5557942,0.4442058
2891_ile-de-france,0.584434,0.415566
14942_geowiki-landcover-2017,0.6543529,0.34564704
969_martinique-france,0.6543544,0.3456456
21305_geowiki-landcover-2017,0.6302226,0.36977735
17980_geowiki-landcover-2017,0.39395,0.6060501
5057_canada,0.39395,0.6060501
3523_central-asia,0.3939499,0.60605013
4762_geowiki-landcover-2017,0.58443415,0.41556585
6293_canada,0.39395043,0.6060496
240_ile-de-france,0.39395002,0.60604995
1958_rwanda-ceo,0.7208,0.27920005
9879_geowiki-landcover-2017,0.46667287,0.53332716
367_lem-brazil,0.56998163,0.43001837
18492_geowiki-landcover-2017,0.4961135,0.5038865
24280_geowiki-landcover-2017,0.5440612,0.45593882
636_ile-de-france,0.39395,0.6060501
508_canada,0.46667287,0.5333271
1486_kenya-non-crop,0.6302408,0.36975917
241_mali-helmets-labelling-crops,0.46667257,0.53332746
327_croplands,0.39395046,0.60604954
1761_ile-de-france,0.3939499,0.60605013
6143_ile-de-france,0.39395046,0.60604954
4985_geowiki-landcover-2017,0.39395,0.60604995
13121_geowiki-landcover-2017,0.5587329,0.44126704
2426_rwanda-ceo,0.7208021,0.2791979
3715_geowiki-landcover-2017,0.4666773,0.5333227
5257_ile-de-france,0.39395,0.6060501
163_kenya,0.6543524,0.3456476
11085_geowiki-landcover-2017,0.65435106,0.34564897
4202_ile-de-france,0.39395022,0.6060498
10468_geowiki-landcover-2017,0.5555305,0.44446948
6527_croplands,0.4666776,0.5333224
1571_rwanda-ceo,0.6302399,0.3697601
5236_canada,0.3939525,0.6060475
1032_mali-helmets-labelling-crops,0.5440568,0.45594323
34831_geowiki-landcover-2017,0.54405034,0.4559496
211_togo,0.54405856,0.45594144
819_canada,0.4666729,0.5333271
30309_geowiki-landcover-2017,0.4666717,0.5333283
257_ethiopia,0.6572835,0.3427165
23765_geowiki-landcover-2017,0.55873233,0.44126767
28574_geowiki-landcover-2017,0.5555305,0.44446954
2569_geowiki-landcover-2017,0.46667266,0.5333273
1107_togo,0.5440614,0.45593852
3325_canada,0.39395046,0.60604954
22120_geowiki-landcover-2017,0.39395103,0.60604894
24683_geowiki-landcover-2017,0.54406095,0.45593905
398_ethiopia,0.6437998,0.35620028
5741_ile-de-france,0.3939499,0.60605013
167_germany,0.46989292,0.5301071
1758_rwanda-ceo,0.55553144,0.4444686
29545_geowiki-landcover-2017,0.46667078,0.53332925
105_ethiopia,0.4814627,0.5185373
43_canada,0.54406124,0.45593882
3046_central-asia,0.39395,0.60605
5041_canada,0.39395,0.6060501
2896_central-asia,0.3939499,0.60605013
1542_kenya-non-crop,0.544061,0.455939
647_mali-helmets-labelling-crops,0.46667254,0.53332746
229_ethiopia,0.5440607,0.4559393
903_tanzania-ceo,0.64379233,0.35620767
19035_geowiki-landcover-2017,0.39395007,0.60604995
1796_central-asia,0.39394984,0.60605013
709_tanzania-rice-ecaas,0.63024014,0.36975986
1083_mali-helmets-labelling-crops,0.4666718,0.53332824
1254_reunion-france,0.48146373,0.51853627
389_tanzania,0.65435404,0.34564593
2618_rwanda-ceo,0.63024104,0.3697589
10742_croplands,0.55553025,0.44446975
85_uganda,0.6296911,0.37030882
5643_geowiki-landcover-2017,0.39395076,0.6060493
4618_central-asia,0.46990392,0.53009605
1940_kenya-non-crop,0.54406124,0.45593873
18927_geowiki-landcover-2017,0.55873245,0.44126752
715_kenya-non-crop,0.5555304,0.4444696
7893_canada,0.4666729,0.5333271
1791_reunion-france,0.55552953,0.44447052
2592_reunion-france,0.49611744,0.5038825
1649_reunion-france,0.63024086,0.36975914
5980_geowiki-landcover-2017,0.6543542,0.34564582
2344_rwanda-ceo,0.6302411,0.3697589
12156_geowiki-landcover-2017,0.469904,0.530096
5054_ile-de-france,0.3939499,0.60605013
1377_martinique-france,0.5555302,0.44446984
460_kenya-non-crop,0.5587341,0.44126585
30599_geowiki-landcover-2017,0.46667308,0.533327
2444_ile-de-france,0.3939499,0.60605013
33766_geowiki-landcover-2017,0.48147672,0.51852334
2438_germany,0.57313716,0.42686284
25798_geowiki-landcover-2017,0.4961134,0.5038866
21104_geowiki-landcover-2017,0.49611297,0.50388706
1088_mali-helmets-labelling-crops,0.46667174,0.53332824
4412_croplands,0.54406047,0.45593956
4937_croplands,0.46667483,0.5333252
896_croplands,0.4666724,0.5333276
3033_rwanda-ceo,0.5555311,0.44446898
27818_geowiki-landcover-2017,0.630241,0.369759
19427_geowiki-landcover-2017,0.46990356,0.5300965
3556_central-asia,0.3939499,0.60605013
474_reunion-france,0.7208019,0.27919814
980_central-asia,0.39395,0.6060501
18077_geowiki-landcover-2017,0.48146144,0.5185386
12994_geowiki-landcover-2017,0.6543523,0.34564766
12629_croplands,0.46667305,0.533327
1976_geowiki-landcover-2017,0.56996816,0.4300318
3402_canada,0.4961146,0.50388545
3102_canada,0.46667287,0.5333271
2767_central-asia,0.3939499,0.60605013
4378_canada,0.46667328,0.5333267
2503_central-asia,0.3939499,0.60605013
2054_kenya-non-crop,0.46667287,0.5333271
1337_ile-de-france,0.39394993,0.6060501
2227_reunion-france,0.48146114,0.51853883
14851_geowiki-landcover-2017,0.54406124,0.45593882
1495_reunion-france,0.544061,0.45593897
33942_geowiki-landcover-2017,0.48145717,0.5185428
6397_geowiki-landcover-2017,0.39395016,0.6060498
4551_central-asia,0.39395,0.60604995
9472_croplands,0.55553114,0.44446886
1126_ile-de-france,0.46950665,0.5304933
204_togo,0.46667293,0.53332704
24746_geowiki-landcover-2017,0.584434,0.41556597
2998_central-asia,0.39394993,0.6060501
4412_ile-de-france,0.46989045,0.5301096
152_martinique-france,0.55553055,0.44446942
24331_geowiki-landcover-2017,0.46667308,0.5333269
3769_central-asia,0.3939499,0.60605013
1932_tanzania-ceo,0.4666794,0.5333206
14462_geowiki-landcover-2017,0.48146084,0.51853913
1129_kenya-non-crop,0.6302388,0.36976117
2953_canada,0.54403996,0.45595998
22429_geowiki-landcover-2017,0.49611634,0.50388366
33093_geowiki-landcover-2017,0.5844353,0.41556472
43_togo,0.46667314,0.53332686
5157_canada,0.46990415,0.5300959
163_ethiopia,0.55873215,0.44126785
6977_canada,0.49611425,0.50388575
2156_germany,0.39395002,0.60604995
7529_canada,0.39395103,0.60604894
6733_croplands,0.5555305,0.44446948
39_mali,0.46667165,0.53332835
17607_geowiki-landcover-2017,0.4814617,0.5185383
2053_geowiki-landcover-2017,0.6543546,0.34564543
22160_geowiki-landcover-2017,0.39395,0.60604995
423_canada,0.466673,0.53332704
2768_rwanda-ceo,0.63024104,0.36975893
2512_germany,0.3939499,0.60605013
143_lem-brazil,0.46667403,0.53332597
6622_canada,0.3939499,0.60605013
4561_geowiki-landcover-2017,0.46668592,0.53331405
29907_geowiki-landcover-2017,0.46667275,0.5333272
2224_central-asia,0.3939499,0.60605013
169_togo,0.46785668,0.5321433
5939_geowiki-landcover-2017,0.466673,0.53332704
294_rwanda-ceo,0.6302598,0.3697402
2716_canada,0.5440612,0.45593882
913_kenya-non-crop,0.5555304,0.44446957
14646_geowiki-landcover-2017,0.55553025,0.44446978
87_sudan,0.46667275,0.5333272
1191_geowiki-landcover-2017,0.48146114,0.51853883
304_kenya-non-crop,0.7208004,0.27919957
14907_geowiki-landcover-2017,0.64379984,0.3562001
28123_geowiki-landcover-2017,0.573137,0.42686304
30783_geowiki-landcover-2017,0.46667284,0.53332716
4585_ile-de-france,0.3939499,0.60605013
2102_central-asia,0.46988815,0.53011185
1668_martinique-france,0.72079307,0.2792069
810_mali-helmets-labelling-crops,0.4666728,0.5333272
32967_geowiki-landcover-2017,0.54406136,0.4559386
180_togo,0.46673402,0.533266
10619_geowiki-landcover-2017,0.5555305,0.4444695
30158_geowiki-landcover-2017,0.39395,0.6060501
71_mali-non-crop,0.6437986,0.35620138
5190_ile-de-france,0.3939499,0.60605013
6903_geowiki-landcover-2017,0.5699595,0.43004048
5609_canada,0.39395016,0.60604984
20524_geowiki-landcover-2017,0.63024116,0.3697589
5328_ile-de-france,0.39395013,0.6060499
5947_ile-de-france,0.4699037,0.5300963
284_reunion-france,0.5556189,0.44438118
1248_tanzania-ceo,0.5699601,0.43003988
12475_croplands,0.46667287,0.5333271
19737_geowiki-landcover-2017,0.5699597,0.43004027
808_geowiki-landcover-2017,0.55873257,0.44126743
1413_rwanda-ceo,0.6302411,0.3697589
9789_geowiki-landcover-2017,0.64379984,0.3562001
26521_geowiki-landcover-2017,0.46667287,0.53332716
2945_croplands,0.55553144,0.44446853
756_lem-brazil,0.54406375,0.45593622
2987_geowiki-landcover-2017,0.46667284,0.53332716
13072_geowiki-landcover-2017,0.654354,0.34564602
227_central-asia,0.3939505,0.60604954
22721_geowiki-landcover-2017,0.39395007,0.60604995
29258_geowiki-landcover-2017,0.49611455,0.50388545
34262_geowiki-landcover-2017,0.6296162,0.37038383
1115_ile-de-france,0.49611363,0.5038864
26712_geowiki-landcover-2017,0.5440611,0.45593888
2155_geowiki-landcover-2017,0.5440612,0.45593888
3666_ile-de-france,0.3939499,0.60605013
35673_geowiki-landcover-2017,0.481463,0.51853704
1300_mali-helmets-labelling-crops,0.5440602,0.45593983
6525_canada,0.39395002,0.60604995
7937_canada,0.39395392,0.6060461
2472_canada,0.39395,0.6060501
13855_croplands,0.5555306,0.44446942
841_kenya-non-crop,0.72078425,0.27921575
25640_geowiki-landcover-2017,0.5587322,0.44126773
12946_geowiki-landcover-2017,0.5699597,0.4300403
772_croplands,0.46667236,0.53332764
75_uganda,0.55553085,0.44446915
14925_geowiki-landcover-2017,0.5699595,0.43004048
6686_geowiki-landcover-2017,0.4666729,0.5333271
2810_geowiki-landcover-2017,0.54406005,0.45594
773_germany,0.39395007,0.60604995
9248_geowiki-landcover-2017,0.5587322,0.44126773
13831_geowiki-landcover-2017,0.5555304,0.4444696
1029_tanzania-ceo,0.65435433,0.3456457
27014_geowiki-landcover-2017,0.5555305,0.44446948
5464_canada,0.39396214,0.6060379
2454_canada,0.39395034,0.6060496
10730_croplands,0.55553025,0.44446975
3305_canada,0.46667275,0.5333273
22637_geowiki-landcover-2017,0.466673,0.53332704
27577_geowiki-landcover-2017,0.46669498,0.53330505
2448_kenya-non-crop,0.466673,0.53332704
19366_geowiki-landcover-2017,0.46990374,0.5300963
4279_central-asia,0.39395025,0.6060498
1382_martinique-france,0.46667293,0.53332704
6255_geowiki-landcover-2017,0.5699597,0.4300403
23975_geowiki-landcover-2017,0.46990415,0.5300959
1316_kenya-non-crop,0.72080195,0.2791981
693_mali-helmets-labelling-crops,0.4666726,0.53332746
97_mali-helmets-labelling-crops,0.4666724,0.5333276
2105_kenya-non-crop,0.63024116,0.3697589
4370_canada,0.39394993,0.6060501
32848_geowiki-landcover-2017,0.46664548,0.5333545
15315_geowiki-landcover-2017,0.46667287,0.5333271
8897_geowiki-landcover-2017,0.5555309,0.4444691
748_ile-de-france,0.39395,0.60604995
15164_geowiki-landcover-2017,0.56995976,0.43004024
2394_tanzania-ceo,0.7208022,0.27919784
1298_kenya-non-crop,0.6302408,0.36975917
4734_geowiki-landcover-2017,0.4699053,0.53009474
2370_central-asia,0.39394993,0.6060501
1329_central-asia,0.3939499,0.60605013
1965_martinique-france,0.46667352,0.5333265
10944_geowiki-landcover-2017,0.39394993,0.6060501
23755_geowiki-landcover-2017,0.4814609,0.5185391
32433_geowiki-landcover-2017,0.5440611,0.45593888
1368_germany,0.4699037,0.53009635
1473_germany,0.3939499,0.60605013
501_germany,0.3939499,0.60605013
2472_germany,0.3939501,0.6060499
2684_central-asia,0.3939499,0.6060501
2432_canada,0.39395,0.60604995
30330_geowiki-landcover-2017,0.39395,0.60604995
349_reunion-france,0.5273928,0.47260717
31573_geowiki-landcover-2017,0.39395043,0.6060496
4684_central-asia,0.39395016,0.60604984
481_germany,0.39395016,0.60604984
16842_geowiki-landcover-2017,0.4666791,0.5333209
4115_geowiki-landcover-2017,0.5699631,0.4300369
2388_canada,0.39395007,0.60604995
463_croplands,0.4699041,0.53009593
3355_geowiki-landcover-2017,0.46667323,0.53332675
2467_ile-de-france,0.39395002,0.60604995
13552_geowiki-landcover-2017,0.65435445,0.34564555
1459_ile-de-france,0.39395,0.60604995
1711_geowiki-landcover-2017,0.63024104,0.369759
6360_geowiki-landcover-2017,0.55553085,0.44446918
2734_central-asia,0.3939499,0.6060501
32378_geowiki-landcover-2017,0.39395046,0.60604954
20056_geowiki-landcover-2017,0.39395073,0.6060493
1167_tanzania-ceo,0.6543542,0.34564573
22271_geowiki-landcover-2017,0.5699597,0.43004027
1138_geowiki-landcover-2017,0.7207493,0.27925068
20072_geowiki-landcover-2017,0.39395,0.6060501
9428_geowiki-landcover-2017,0.5699595,0.43004054
774_tanzania-ceo,0.6363653,0.36363468
1881_martinique-france,0.46667293,0.53332704
74_lem-brazil,0.63024056,0.36975947
9403_croplands,0.466673,0.53332704
3367_ile-de-france,0.3939499,0.60605013
32375_geowiki-landcover-2017,0.39395717,0.60604286
31655_geowiki-landcover-2017,0.5440616,0.45593846
2528_germany,0.3939499,0.60605013
9880_croplands,0.555526,0.44447398
7034_geowiki-landcover-2017,0.49611425,0.50388575
13313_geowiki-landcover-2017,0.56996167,0.43003833
26299_geowiki-landcover-2017,0.5587304,0.44126955
1176_central-asia,0.3939499,0.60605013
657_ethiopia,0.5587324,0.4412676
22248_geowiki-landcover-2017,0.65435433,0.3456457
178_tanzania-ceo,0.64379996,0.35619998
30981_geowiki-landcover-2017,0.5440612,0.45593888
2663_rwanda-ceo,0.5555306,0.44446942
2203_rwanda-ceo,0.55553025,0.44446972
8519_geowiki-landcover-2017,0.65435314,0.34564683
2489_kenya-non-crop,0.6543541,0.3456459
847_central-asia,0.39395007,0.60604995
1064_rwanda-ceo,0.63024104,0.369759
24906_geowiki-landcover-2017,0.5731381,0.4268619
4888_geowiki-landcover-2017,0.56995976,0.43004024
5884_canada,0.39395016,0.60604984
33146_geowiki-landcover-2017,0.64379925,0.35620078
13880_croplands,0.55553025,0.44446978
17640_geowiki-landcover-2017,0.63024104,0.3697589
8014_geowiki-landcover-2017,0.4666723,0.5333277
19247_geowiki-landcover-2017,0.46667275,0.5333273
1797_canada,0.39395016,0.6060498
7621_geowiki-landcover-2017,0.39395,0.60605
10277_geowiki-landcover-2017,0.6543545,0.34564552
3114_canada,0.46667293,0.53332704
298_reunion-france,0.527392,0.472608
1870_geowiki-landcover-2017,0.54406023,0.45593977
3924_ile-de-france,0.39395025,0.6060498
10506_geowiki-landcover-2017,0.46667305,0.533327
858_ile-de-france,0.3939499,0.60605013
5941_geowiki-landcover-2017,0.39395,0.60604995
28646_geowiki-landcover-2017,0.49611354,0.50388646
19272_geowiki-landcover-2017,0.46990994,0.5300901
13592_geowiki-landcover-2017,0.56996,0.43004
17738_geowiki-landcover-2017,0.46667302,0.53332704
8561_geowiki-landcover-2017,0.5844339,0.41556612
14345_geowiki-landcover-2017,0.39394993,0.6060501
11139_geowiki-landcover-2017,0.5555334,0.44446653
1313_germany,0.4698799,0.53012013
1217_central-asia,0.3939499,0.60605013
79_uganda,0.5555303,0.44446972
15218_geowiki-landcover-2017,0.6302408,0.36975917
1241_togo,0.46667287,0.53332716
1909_reunion-france,0.713002,0.28699797
18877_geowiki-landcover-2017,0.5555305,0.44446948
4494_ile-de-france,0.39395,0.60605
2133_canada,0.46990395,0.53009605
1563_reunion-france,0.558732,0.44126803
807_ile-de-france,0.3939499,0.60605013
23324_geowiki-landcover-2017,0.55553156,0.44446847
5005_central-asia,0.3939499,0.60605013
2418_ile-de-france,0.3939499,0.6060501
4221_ile-de-france,0.3939499,0.60605013
291_tanzania,0.6302166,0.3697834
2213_tanzania-ceo,0.63024104,0.369759
8775_geowiki-landcover-2017,0.5555305,0.44446948
31074_geowiki-landcover-2017,0.39395046,0.60604954
25106_geowiki-landcover-2017,0.6543542,0.34564582
1663_reunion-france,0.481466,0.518534
1261_germany,0.39395,0.60604995
3076_rwanda-ceo,0.63024056,0.36975947
6798_geowiki-landcover-2017,0.46667287,0.5333271
1421_central-asia,0.3939499,0.60605013
75_mali-helmets-labelling-crops,0.46667212,0.53332794
28053_geowiki-landcover-2017,0.49611363,0.5038864
33277_geowiki-landcover-2017,0.3939499,0.6060501
22408_geowiki-landcover-2017,0.55553055,0.44446948
3691_central-asia,0.3939499,0.6060501
33086_geowiki-landcover-2017,0.65724134,0.3427587
18319_geowiki-landcover-2017,0.5555303,0.44446963
4653_croplands,0.4666711,0.5333289
2258_kenya-non-crop,0.54406136,0.45593864
17488_geowiki-landcover-2017,0.46990445,0.5300956
715_ethiopia,0.48146096,0.518539
1790_rwanda-ceo,0.5555304,0.44446957
2424_kenya-non-crop,0.466673,0.53332704
29621_geowiki-landcover-2017,0.39395016,0.6060498
681_rwanda-ceo,0.6302408,0.36975917
4410_ile-de-france,0.3939499,0.60605013
29101_geowiki-landcover-2017,0.4961135,0.50388646
4971_ile-de-france,0.3939499,0.60605013
4440_central-asia,0.39395,0.60604995
607_tanzania-ceo,0.5555304,0.44446957
4002_geowiki-landcover-2017,0.39395,0.60604995
1114_canada,0.46667287,0.5333271
11676_geowiki-landcover-2017,0.4666728,0.5333272
5055_canada,0.39394993,0.6060501
2417_rwanda-ceo,0.7207311,0.2792689
4659_croplands,0.5440586,0.4559414
1839_martinique-france,0.5437713,0.45622864
59_kenya-non-crop,0.630241,0.36975905
1817_kenya-non-crop,0.630241,0.36975908
2535_reunion-france,0.6544694,0.34553063
5139_ile-de-france,0.3939499,0.60605013
14034_geowiki-landcover-2017,0.56995916,0.43004078
11046_croplands,0.6302401,0.36975995
12133_geowiki-landcover-2017,0.5699595,0.4300405
2796_canada,0.3939499,0.60605013
19026_geowiki-landcover-2017,0.5555305,0.44446948
977_croplands,0.39421186,0.6057882
1894_rwanda-ceo,0.65436244,0.34563753
1412_central-asia,0.3939499,0.60605013
1502_canada,0.46667293,0.53332704
4185_canada,0.39395,0.6060501
560_tanzania-rice-ecaas,0.6298981,0.37010193
1926_rwanda-ceo,0.65435433,0.34564567
27327_geowiki-landcover-2017,0.6543441,0.34565592
26667_geowiki-landcover-2017,0.39395043,0.6060496
27815_geowiki-landcover-2017,0.6543544,0.3456456
2161_germany,0.39395007,0.60604995
4629_central-asia,0.469821,0.53017896
495_kenya-non-crop,0.48147032,0.5185297
7316_geowiki-landcover-2017,0.39395007,0.60604995
4332_croplands,0.46667287,0.5333271
1952_tanzania-ceo,0.5440622,0.45593774
12585_croplands,0.46667293,0.53332704
311_croplands,0.469904,0.530096
33127_geowiki-landcover-2017,0.58445376,0.41554624
428_ile-de-france,0.3939499,0.60605013
6464_canada,0.3939499,0.60605013
14805_geowiki-landcover-2017,0.5844344,0.41556555
268_ethiopia,0.5587271,0.44127285
6098_canada,0.3939499,0.60605013
317_sudan,0.46667627,0.53332376
1829_canada,0.3939503,0.6060497
482_croplands,0.46667376,0.53332627
99_croplands,0.54405946,0.4559405
4961_geowiki-landcover-2017,0.4667733,0.5332267
3468_central-asia,0.39394993,0.6060501
6872_croplands,0.5555305,0.44446954
26475_geowiki-landcover-2017,0.6543517,0.34564832
5393_canada,0.39395034,0.6060496
4790_geowiki-landcover-2017,0.46667355,0.53332645
1835_ile-de-france,0.39395067,0.60604936
26583_geowiki-landcover-2017,0.54406106,0.45593888
33794_geowiki-landcover-2017,0.4666728,0.5333272
5194_central-asia,0.39395,0.6060501
188_rwanda-ceo,0.63024104,0.369759
19538_geowiki-landcover-2017,0.6437998,0.35620028
1912_ile-de-france,0.3939499,0.60605013
28672_geowiki-landcover-2017,0.46667358,0.5333264
4203_central-asia,0.39395,0.60605
2105_germany,0.39395025,0.6060498
8564_geowiki-landcover-2017,0.46667293,0.53332704
2395_germany,0.39395162,0.6060484
1483_canada,0.5699597,0.4300403
15632_geowiki-landcover-2017,0.55873173,0.44126832
6851_croplands,0.63024104,0.369759
25842_geowiki-landcover-2017,0.48146087,0.51853913
5414_ile-de-france,0.3939498,0.6060502
470_tanzania-ceo,0.6438004,0.3561996
33542_geowiki-landcover-2017,0.4666719,0.5333281
406_canada,0.4666729,0.5333271
3167_ile-de-france,0.3939498,0.60605013
1111_canada,0.46667287,0.5333271
1353_geowiki-landcover-2017,0.55873364,0.4412664
603_ethiopia,0.5555305,0.44446948
3968_geowiki-landcover-2017,0.55873233,0.44126767
15942_geowiki-landcover-2017,0.39395264,0.60604733
533_kenya-non-crop,0.72079813,0.27920187
408_ile-de-france,0.3939499,0.60605013
767_togo,0.54405874,0.4559413
10796_croplands,0.55552983,0.4444702
10739_croplands,0.55553025,0.44446978
3543_geowiki-landcover-2017,0.4666726,0.53332746
15272_geowiki-landcover-2017,0.55553126,0.4444687
18921_geowiki-landcover-2017,0.3939498,0.60605013
5441_ile-de-france,0.3939499,0.60605013
1781_ile-de-france,0.393951,0.606049
28893_geowiki-landcover-2017,0.46667287,0.5333271
977_germany,0.39395025,0.6060497
1753_martinique-france,0.5699596,0.43004045
1696_germany,0.4070484,0.5929516
15928_geowiki-landcover-2017,0.55553067,0.44446933
20657_geowiki-landcover-2017,0.4666757,0.5333243
2451_rwanda-ceo,0.720802,0.279198
211_lem-brazil,0.5555296,0.4444704
4710_geowiki-landcover-2017,0.5555304,0.44446957
1843_canada,0.39395043,0.60604954
1074_ile-de-france,0.39394993,0.6060501
138_ethiopia,0.48146096,0.5185391
19344_geowiki-landcover-2017,0.5699591,0.4300409
1550_kenya-non-crop,0.54406106,0.45593888
54_rwanda-ceo,0.72080207,0.2791979
32533_geowiki-landcover-2017,0.5440562,0.45594382
1033_geowiki-landcover-2017,0.72080207,0.27919796
11538_croplands,0.46667293,0.53332704
1547_tanzania-ceo,0.630241,0.369759
984_germany,0.46990365,0.53009635
5301_central-asia,0.48145688,0.5185431
30219_geowiki-landcover-2017,0.558732,0.44126803
2196_tanzania-ceo,0.63024104,0.3697589
1095_rwanda-ceo,0.7207877,0.27921236
1862_rwanda-ceo,0.7208012,0.27919877
1053_geowiki-landcover-2017,0.6438001,0.35619998
4010_canada,0.3939499,0.6060501
1098_martinique-france,0.46667573,0.53332424
7570_geowiki-landcover-2017,0.46667287,0.5333271
34096_geowiki-landcover-2017,0.49611357,0.5038864
25524_geowiki-landcover-2017,0.58443385,0.41556615
1765_germany,0.3939499,0.60605013
95_togo,0.5440598,0.4559402
1893_ile-de-france,0.3939499,0.60605013
2021_kenya-non-crop,0.46667302,0.53332704
1303_germany,0.3939499,0.60605013
1169_germany,0.39395034,0.6060496
1324_kenya-non-crop,0.65435594,0.34564406
15760_geowiki-landcover-2017,0.58443385,0.41556612
11045_croplands,0.63024056,0.3697594
27_tanzania-rice-ecaas,0.5556023,0.44439766
2374_canada,0.46667287,0.5333271
1775_reunion-france,0.63022953,0.36977047
4686_geowiki-landcover-2017,0.630241,0.369759
865_kenya-non-crop,0.63024086,0.3697591
16241_geowiki-landcover-2017,0.58443403,0.41556597
661_reunion-france,0.55873483,0.44126517
1202_tanzania-ceo,0.630241,0.369759
1513_tanzania-ceo,0.46667302,0.533327
1383_kenya-non-crop,0.5555305,0.4444695
35201_geowiki-landcover-2017,0.46987584,0.5301242
4914_croplands,0.5440618,0.45593822
31527_geowiki-landcover-2017,0.46989584,0.53010416
32965_geowiki-landcover-2017,0.46667203,0.533328
25050_geowiki-landcover-2017,0.5699609,0.4300391
3121_croplands,0.6302491,0.36975095
2949_rwanda-ceo,0.65435195,0.34564805
1944_geowiki-landcover-2017,0.56995994,0.4300401
454_lem-brazil,0.5555303,0.44446963
2475_reunion-france,0.6543578,0.34564215
7776_canada,0.4666686,0.5333314
30247_geowiki-landcover-2017,0.5555306,0.44446942
1930_tanzania-ceo,0.6302407,0.36975932
35405_geowiki-landcover-2017,0.39395,0.6060501
28324_geowiki-landcover-2017,0.46667153,0.5333285
3682_ile-de-france,0.3939499,0.60605013
3572_ile-de-france,0.3939499,0.60605013
23206_geowiki-landcover-2017,0.55873233,0.4412677
12261_geowiki-landcover-2017,0.5440612,0.45593882
15457_geowiki-landcover-2017,0.46667334,0.5333267
3490_rwanda-ceo,0.72080207,0.2791979
2018_tanzania-ceo,0.63024086,0.36975914
22266_geowiki-landcover-2017,0.55555415,0.44444588
51_mali,0.46667504,0.53332496
11177_geowiki-landcover-2017,0.56995934,0.43004066
4188_central-asia,0.3939499,0.60605013
14070_croplands,0.5555304,0.4444696
9517_geowiki-landcover-2017,0.6543542,0.34564582
4518_ile-de-france,0.39395016,0.60604984
9513_croplands,0.5555279,0.44447207
72_mali,0.46667176,0.53332824
2109_croplands,0.4666669,0.5333331
10769_geowiki-landcover-2017,0.5555303,0.44446963
30237_geowiki-landcover-2017,0.6543247,0.34567523
1272_canada,0.46667287,0.53332716
5679_ile-de-france,0.3939499,0.60605013
3528_rwanda-ceo,0.72080195,0.27919802
21139_geowiki-landcover-2017,0.5699595,0.43004054
116_germany,0.46990356,0.5300964
4761_canada,0.39395067,0.6060493
3593_ile-de-france,0.3939499,0.60605013
19825_geowiki-landcover-2017,0.4961172,0.50388277
56_sudan,0.5440612,0.45593885
40_rwanda-ceo,0.6302411,0.3697589
7065_geowiki-landcover-2017,0.46667132,0.5333287
11721_geowiki-landcover-2017,0.48146075,0.5185392
717_martinique-france,0.5440612,0.45593888
670_kenya-non-crop,0.5555306,0.44446933
432_geowiki-landcover-2017,0.5440613,0.45593873
1237_mali-helmets-labelling-crops,0.46667174,0.53332824
28501_geowiki-landcover-2017,0.56995976,0.43004024
6159_ile-de-france,0.3939499,0.60605013
2209_ile-de-france,0.39395043,0.60604954
4313_canada,0.46667287,0.5333271
27879_geowiki-landcover-2017,0.48146084,0.51853913
512_togo,0.5440607,0.45593926
39_rwanda-ceo,0.6302403,0.3697597
21542_geowiki-landcover-2017,0.39424714,0.6057529
1484_mali-helmets-labelling-crops,0.46667174,0.53332824
47_croplands,0.55873233,0.44126764
4342_croplands,0.46667302,0.533327
714_ile-de-france,0.3939498,0.60605013
9204_geowiki-landcover-2017,0.5555305,0.44446954
13290_geowiki-landcover-2017,0.48146102,0.518539
2876_rwanda-ceo,0.6302409,0.36975908
2358_kenya-non-crop,0.63024104,0.3697589
3436_geowiki-landcover-2017,0.46667153,0.5333285
128_martinique-france,0.46667314,0.5333268
359_sudan,0.46666887,0.5333311
17298_geowiki-landcover-2017,0.5555311,0.4444689
1322_central-asia,0.3939499,0.60605013
2825_central-asia,0.3939499,0.6060501
2682_geowiki-landcover-2017,0.6437981,0.35620186
1023_geowiki-landcover-2017,0.72080135,0.27919862
14301_geowiki-landcover-2017,0.3939499,0.60605013
662_germany,0.46990398,0.53009605
1541_geowiki-landcover-2017,0.5587319,0.4412681
2059_reunion-france,0.49611738,0.5038826
32441_geowiki-landcover-2017,0.4699022,0.5300978
11495_geowiki-landcover-2017,0.46667373,0.53332627
3596_rwanda-ceo,0.5555308,0.44446918
23283_geowiki-landcover-2017,0.6543542,0.34564576
9261_geowiki-landcover-2017,0.56996536,0.43003458
34226_geowiki-landcover-2017,0.64379424,0.3562058
1870_germany,0.39395007,0.60604995
15737_geowiki-landcover-2017,0.5555306,0.44446942
751_lem-brazil,0.54406255,0.45593747
213_tanzania-rice-ecaas,0.630241,0.36975905
32929_geowiki-landcover-2017,0.46667233,0.5333277
3_brazil-non-crop,0.544062,0.45593795
1719_central-asia,0.3939499,0.60605013
16078_geowiki-landcover-2017,0.3939826,0.6060174
946_tanzania-ceo,0.6438,0.35619998
1326_canada,0.46667287,0.5333271
13680_geowiki-landcover-2017,0.6543542,0.34564576
1714_geowiki-landcover-2017,0.6572852,0.34271482
414_rwanda-ceo,0.720713,0.27928695
34787_geowiki-landcover-2017,0.5699593,0.43004072
3990_canada,0.3939499,0.60605013
1255_togo,0.46667287,0.5333271
52_tanzania-ceo,0.544061,0.45593897
29048_geowiki-landcover-2017,0.4699041,0.5300959
3712_ile-de-france,0.3939499,0.60605013
919_canada,0.46667287,0.5333271
7549_canada,0.39400855,0.6059915
3403_central-asia,0.3939499,0.60605013
545_kenya-non-crop,0.72080207,0.27919796
1427_croplands,0.39395118,0.6060488
33210_geowiki-landcover-2017,0.39395025,0.6060497
7818_canada,0.39395,0.60604995
5300_canada,0.39395013,0.6060499
477_tanzania-rice-ecaas,0.6302407,0.36975935
26075_geowiki-landcover-2017,0.46663713,0.5333629
723_central-asia,0.39394984,0.60605013
30930_geowiki-landcover-2017,0.39395,0.60604995
562_rwanda-ceo,0.72080207,0.27919787
19376_geowiki-landcover-2017,0.5440609,0.45593908
24_croplands,0.64379996,0.35619998
12860_croplands,0.46667114,0.53332883
814_rwanda-ceo,0.5555308,0.44446927
16009_geowiki-landcover-2017,0.49616882,0.50383115
7091_canada,0.39395022,0.6060498
639_germany,0.39395225,0.60604775
229_sudan,0.544061,0.45593902
9449_geowiki-landcover-2017,0.5440612,0.45593885
24477_geowiki-landcover-2017,0.65435404,0.34564593
2535_central-asia,0.3939499,0.60605013
3752_croplands,0.46667302,0.533327
21920_geowiki-landcover-2017,0.5731347,0.42686528
13913_geowiki-landcover-2017,0.5555304,0.44446957
11685_geowiki-landcover-2017,0.5440612,0.45593882
1442_tanzania-ceo,0.63024104,0.36975893
491_croplands,0.5440601,0.45593986
9944_geowiki-landcover-2017,0.6572836,0.34271646
19_ile-de-france,0.39395,0.60604995
1495_mali-helmets-labelling-crops,0.46667063,0.53332937
296_canada,0.5731371,0.42686284
4506_canada,0.4698846,0.53011537
1450_kenya-non-crop,0.5440611,0.45593888
3429_rwanda-ceo,0.63024104,0.3697589
33780_geowiki-landcover-2017,0.39395225,0.60604775
384_ile-de-france,0.39395,0.6060501
630_martinique-france,0.65435433,0.3456457
803_croplands,0.46990377,0.5300963
14164_croplands,0.46667302,0.53332704
1809_ile-de-france,0.3939499,0.6060501
4563_croplands,0.46666297,0.53333706
9022_croplands,0.46667287,0.5333271
737_rwanda-ceo,0.630241,0.369759
558_martinique-france,0.46667913,0.53332084
385_lem-brazil,0.54421145,0.45578858
2620_ile-de-france,0.3939499,0.60605013
3883_canada,0.3939516,0.6060484
31349_geowiki-landcover-2017,0.4699067,0.5300933
2108_tanzania-ceo,0.6302442,0.36975583
708_canada,0.4666729,0.5333271
15943_geowiki-landcover-2017,0.46667302,0.53332704
2455_geowiki-landcover-2017,0.63024074,0.3697593
419_lem-brazil,0.55552936,0.44447067
2147_rwanda-ceo,0.7208022,0.27919784
18121_geowiki-landcover-2017,0.56996006,0.43004
5692_ile-de-france,0.39395025,0.6060498
4374_croplands,0.46667266,0.53332734
1779_rwanda-ceo,0.55553216,0.44446784
7893_geowiki-landcover-2017,0.5440611,0.45593888
11790_geowiki-landcover-2017,0.46667287,0.5333271
3352_central-asia,0.39394984,0.60605013
367_togo,0.544061,0.455939
3721_central-asia,0.3939499,0.60605013
2308_geowiki-landcover-2017,0.39395133,0.60604864
5540_canada,0.39395,0.6060501
4670_canada,0.39395,0.60604995
32468_geowiki-landcover-2017,0.49611327,0.5038867
3237_canada,0.3939545,0.6060455
937_geowiki-landcover-2017,0.65435433,0.34564564
252_tanzania,0.5555321,0.4444679
34667_geowiki-landcover-2017,0.48146084,0.51853913
113_tanzania-rice-ecaas,0.6302291,0.36977085
30159_geowiki-landcover-2017,0.5586548,0.44134527
2372_geowiki-landcover-2017,0.7207928,0.27920723
520_geowiki-landcover-2017,0.5440616,0.45593843
7443_geowiki-landcover-2017,0.46664995,0.5333501
21522_geowiki-landcover-2017,0.4814608,0.5185392
32121_geowiki-landcover-2017,0.48146448,0.51853555
43_uganda,0.48146734,0.5185327
1832_ile-de-france,0.39395,0.60605
690_tanzania-rice-ecaas,0.6302367,0.36976334
4945_ile-de-france,0.39395002,0.60604995
8428_geowiki-landcover-2017,0.65728325,0.34271678
2117_croplands,0.46667168,0.5333283
33138_geowiki-landcover-2017,0.657283,0.342717
198_reunion-france,0.6302402,0.36975983
84_central-asia,0.3939499,0.60605013
2399_tanzania-ceo,0.5440517,0.4559483
70_martinique-france,0.65435433,0.34564564
4154_central-asia,0.39394993,0.6060501
2591_kenya-non-crop,0.5587324,0.4412676
21904_geowiki-landcover-2017,0.5844345,0.41556546
19310_geowiki-landcover-2017,0.5731373,0.42686272
5073_ile-de-france,0.39395002,0.60604995
1686_ile-de-france,0.3939499,0.60605013
14932_croplands,0.39395118,0.6060488
2586_kenya-non-crop,0.5587324,0.4412676
29886_geowiki-landcover-2017,0.3939499,0.60605013
10933_geowiki-landcover-2017,0.63024056,0.36975947
1983_central-asia,0.3939499,0.60605013
2869_croplands,0.643801,0.356199
3823_geowiki-landcover-2017,0.49611503,0.503885
1744_geowiki-landcover-2017,0.56995934,0.43004063
27833_geowiki-landcover-2017,0.4666729,0.5333271
2317_ile-de-france,0.3939499,0.60605013
7870_geowiki-landcover-2017,0.3939569,0.60604304
2249_tanzania-ceo,0.5555304,0.44446957
19007_geowiki-landcover-2017,0.46989608,0.5301039
623_tanzania-ceo,0.72080034,0.27919963
9198_geowiki-landcover-2017,0.48146108,0.51853895
2770_rwanda-ceo,0.5555307,0.44446933
31852_geowiki-landcover-2017,0.39395,0.60605
29499_geowiki-landcover-2017,0.46667293,0.53332704
1786_kenya-non-crop,0.630241,0.369759
39_kenya,0.63024056,0.36975947
7081_geowiki-landcover-2017,0.5730926,0.4269074
254_lem-brazil,0.4666897,0.5333103
215_sudan,0.46667308,0.5333269
11_mali-helmets-labelling-crops,0.4666724,0.5333276
226_tanzania-rice-ecaas,0.63024086,0.3697591
33947_geowiki-landcover-2017,0.56993705,0.43006295
941_mali-helmets-labelling-crops,0.46667206,0.53332794
3599_central-asia,0.3939499,0.60605013
1830_kenya-non-crop,0.630241,0.369759
3699_ile-de-france,0.3939499,0.60605013
1917_kenya-non-crop,0.7208022,0.27919784
4255_central-asia,0.39395058,0.6060495
692_tanzania-rice-ecaas,0.6302392,0.36976087
3436_ile-de-france,0.3939502,0.6060498
2721_geowiki-landcover-2017,0.4666726,0.53332746
2325_martinique-france,0.5699596,0.43004042
33_mali-helmets-labelling-crops,0.4666741,0.53332585
30754_geowiki-landcover-2017,0.46667308,0.53332686
1224_togo,0.6437979,0.35620216
485_togo,0.54406106,0.45593888
281_ethiopia,0.5844343,0.4155658
1456_tanzania-ceo,0.5555304,0.44446957
5796_geowiki-landcover-2017,0.54406106,0.45593894
2330_geowiki-landcover-2017,0.5699597,0.43004024
14812_geowiki-landcover-2017,0.56995964,0.4300404
31002_geowiki-landcover-2017,0.46667302,0.53332704
2423_germany,0.49611655,0.5038834
2966_rwanda-ceo,0.6302402,0.36975983
4842_central-asia,0.39395,0.6060501
4815_central-asia,0.39395037,0.6060496
241_tanzania-ceo,0.7208008,0.2791992
216_rwanda-ceo,0.6543667,0.3456333
759_lem-brazil,0.6301964,0.3698036
27729_geowiki-landcover-2017,0.55553013,0.44446987
317_togo,0.46667302,0.53332704
3614_ile-de-france,0.3939499,0.60605013
5320_ile-de-france,0.3939499,0.60605013
4708_geowiki-landcover-2017,0.58443534,0.41556466
597_lem-brazil,0.57004136,0.42995864
1924_reunion-france,0.60345536,0.3965446
31985_geowiki-landcover-2017,0.39395073,0.6060493
1003_germany,0.39394993,0.6060501
18938_geowiki-landcover-2017,0.5555554,0.44444463
12494_croplands,0.466673,0.53332704
26742_geowiki-landcover-2017,0.46667188,0.5333281
51_reunion-france,0.48146334,0.5185366
12134_geowiki-landcover-2017,0.39395037,0.6060496
2429_central-asia,0.39394993,0.6060501
1459_canada,0.5699592,0.43004078
1868_martinique-france,0.46667302,0.533327
2351_ile-de-france,0.3939499,0.60605013
807_germany,0.3939502,0.6060498
17715_geowiki-landcover-2017,0.46667254,0.5333275
821_reunion-france,0.48146275,0.5185372
5748_ile-de-france,0.3939499,0.60605013
4728_croplands,0.46666837,0.53333163
1050_mali-helmets-labelling-crops,0.46668395,0.533316
3486_croplands,0.56995904,0.43004093
774_geowiki-landcover-2017,0.6302405,0.36975947
30338_geowiki-landcover-2017,0.63024104,0.3697589
2814_ile-de-france,0.3939499,0.60605013
559_kenya-non-crop,0.55553204,0.44446793
891_geowiki-landcover-2017,0.55873275,0.44126728
677_tanzania-ceo,0.7208016,0.2791984
800_kenya-non-crop,0.6302404,0.36975956
186_ile-de-france,0.39394984,0.60605013
3952_ile-de-france,0.39395,0.60605
2155_reunion-france,0.6543542,0.34564582
9835_croplands,0.46667328,0.53332675
769_geowiki-landcover-2017,0.630241,0.369759
907_germany,0.57313704,0.42686296
10880_geowiki-landcover-2017,0.5440612,0.45593882
33899_geowiki-landcover-2017,0.39395225,0.6060478
1211_tanzania-ceo,0.544062,0.45593795
7080_canada,0.39398938,0.6060107
14295_geowiki-landcover-2017,0.48146108,0.51853895
1923_ile-de-france,0.39395133,0.60604864
10767_croplands,0.55552995,0.44447002
4744_ile-de-france,0.39395007,0.60604995
3574_geowiki-landcover-2017,0.39400533,0.6059947
3866_canada,0.3939499,0.60605013
1897_central-asia,0.3939499,0.60605013
2361_canada,0.46667287,0.5333271
3101_rwanda-ceo,0.65435445,0.3456456
377_mali-helmets-labelling-crops,0.46667257,0.53332746
34097_geowiki-landcover-2017,0.46990463,0.5300954
34633_geowiki-landcover-2017,0.46667293,0.53332704
32037_geowiki-landcover-2017,0.544061,0.45593897
22191_geowiki-landcover-2017,0.46667892,0.53332114
33417_geowiki-landcover-2017,0.4961138,0.5038862
16702_geowiki-landcover-2017,0.63024104,0.3697589
2974_rwanda-ceo,0.7208015,0.2791985
20714_geowiki-landcover-2017,0.4814612,0.51853883
16459_geowiki-landcover-2017,0.46667334,0.5333266
202_central-asia,0.3939499,0.60605013
11849_geowiki-landcover-2017,0.46667266,0.53332734
1464_kenya-non-crop,0.630241,0.369759
3473_central-asia,0.3939499,0.60605013
5610_ile-de-france,0.3939499,0.60605013
480_ethiopia,0.55872995,0.44127008
34669_geowiki-landcover-2017,0.39395073,0.6060493
35736_geowiki-landcover-2017,0.4699039,0.5300961
10591_croplands,0.55553013,0.44446987
2431_germany,0.3939499,0.60605013
3049_canada,0.5440612,0.45593882
810_canada,0.46667287,0.5333271
1029_kenya-non-crop,0.630241,0.369759
1595_martinique-france,0.56998336,0.4300166
1118_kenya-non-crop,0.5555362,0.44446376
632_ethiopia,0.55873233,0.44126767
3089_rwanda-ceo,0.7208021,0.27919784
34914_geowiki-landcover-2017,0.39395022,0.6060498
4460_ile-de-france,0.3939499,0.60605013
4500_ile-de-france,0.3939499,0.60605013
4969_ile-de-france,0.4696972,0.53030276
23364_geowiki-landcover-2017,0.46667287,0.5333271
1587_germany,0.39395198,0.60604805
24000_geowiki-landcover-2017,0.5699612,0.4300388
399_tanzania-ceo,0.6437992,0.35620078
589_central-asia,0.3939499,0.60605013
175_geowiki-landcover-2017,0.48146358,0.5185364
327_lem-brazil,0.54406375,0.45593625
12543_croplands,0.466673,0.53332704
27011_geowiki-landcover-2017,0.3939499,0.6060501
2023_central-asia,0.3939499,0.60605013
5852_ile-de-france,0.39396092,0.6060391
2407_martinique-france,0.5699846,0.4300154
1097_martinique-france,0.5699596,0.4300404
1232_martinique-france,0.46667334,0.5333266
9903_geowiki-landcover-2017,0.48146108,0.51853895
34351_geowiki-landcover-2017,0.5587325,0.4412675
351_tanzania-rice-ecaas,0.63024104,0.369759
617_togo,0.46667945,0.53332055
4741_croplands,0.46667254,0.5333275
17838_geowiki-landcover-2017,0.5555304,0.44446957
3649_ile-de-france,0.3939499,0.60605013
2196_croplands,0.6302408,0.36975917
2308_martinique-france,0.46667507,0.5333249
1442_germany,0.39395007,0.6060499
29241_geowiki-landcover-2017,0.46667275,0.5333273
15535_geowiki-landcover-2017,0.4666698,0.5333302
2708_ile-de-france,0.49611357,0.50388646
187_uganda,0.55552995,0.44447008
1838_tanzania-ceo,0.55553025,0.44446975
5528_ile-de-france,0.3939499,0.60605013
5965_ile-de-france,0.3939499,0.60605013
838_kenya-non-crop,0.63023996,0.36976004
586_martinique-france,0.65435344,0.3456466
4554_geowiki-landcover-2017,0.48146108,0.51853895
900_togo,0.46667337,0.5333266
1913_kenya-non-crop,0.7208022,0.2791978
346_germany,0.39395007,0.60604995
18364_geowiki-landcover-2017,0.3939499,0.60605013
2481_germany,0.39395,0.60604995
2365_kenya-non-crop,0.55553085,0.44446918
16150_geowiki-landcover-2017,0.5587398,0.44126022
34497_geowiki-landcover-2017,0.6437225,0.35627753
7943_canada,0.39397755,0.6060224
13498_geowiki-landcover-2017,0.54406124,0.45593873
284_martinique-france,0.46667522,0.5333248
2411_martinique-france,0.65435433,0.34564567
1388_mali-helmets-labelling-crops,0.46673045,0.5332695
16819_geowiki-landcover-2017,0.54406106,0.4559389
2180_canada,0.49611387,0.5038861
3669_geowiki-landcover-2017,0.4666716,0.53332835
23549_geowiki-landcover-2017,0.584434,0.41556603
7075_canada,0.4666727,0.5333273
24956_geowiki-landcover-2017,0.39395058,0.6060495
1027_reunion-france,0.7208018,0.27919823
13489_geowiki-landcover-2017,0.54406124,0.45593876
10304_geowiki-landcover-2017,0.39395,0.6060501
5721_canada,0.39394993,0.6060501
2138_martinique-france,0.56995994,0.43004006
3663_canada,0.3939499,0.60605013
29109_geowiki-landcover-2017,0.49615458,0.5038454
4968_canada,0.39395043,0.6060496
34556_geowiki-landcover-2017,0.39395022,0.6060498
21985_geowiki-landcover-2017,0.4961138,0.50388616
2711_reunion-france,0.6543542,0.34564582
2364_ile-de-france,0.3939499,0.60605013
9857_geowiki-landcover-2017,0.63024104,0.36975893
28364_geowiki-landcover-2017,0.49611375,0.5038862
21814_geowiki-landcover-2017,0.5699596,0.43004042
3739_geowiki-landcover-2017,0.5440594,0.45594057
2269_martinique-france,0.5699585,0.43004155
3037_central-asia,0.3939499,0.60605013
1211_ile-de-france,0.57313746,0.4268626
533_rwanda-ceo,0.72080106,0.27919888
604_lem-brazil,0.46667683,0.53332317
28901_geowiki-landcover-2017,0.39401722,0.60598284
21586_geowiki-landcover-2017,0.39395025,0.6060497
22059_geowiki-landcover-2017,0.5587324,0.44126758
1594_canada,0.4698891,0.5301109
436_reunion-france,0.69742805,0.30257195
5967_canada,0.51245123,0.48754877
32482_geowiki-landcover-2017,0.3939499,0.60605013
2961_geowiki-landcover-2017,0.5440608,0.45593917
5_brazil-non-crop,0.46668193,0.5333181
2965_geowiki-landcover-2017,0.46667293,0.53332704
669_lem-brazil,0.6301702,0.36982974
2224_kenya-non-crop,0.6302314,0.36976865
1683_geowiki-landcover-2017,0.63024104,0.369759
899_ile-de-france,0.3939499,0.60605013
368_croplands,0.46667287,0.5333271
7436_geowiki-landcover-2017,0.46667287,0.5333271
5847_canada,0.3939499,0.6060501
3940_geowiki-landcover-2017,0.48146087,0.51853913
3863_geowiki-landcover-2017,0.558732,0.44126803
4983_central-asia,0.39395,0.6060501
1040_tanzania-ceo,0.65435445,0.34564555
2889_ile-de-france,0.3939505,0.6060495
2736_rwanda-ceo,0.7208021,0.2791979
8886_geowiki-landcover-2017,0.5555304,0.44446957
980_martinique-france,0.6543527,0.34564734
524_canada,0.46667287,0.5333271
27_rwanda-ceo,0.720802,0.27919802
206_kenya-non-crop,0.5555304,0.4444696
10367_geowiki-landcover-2017,0.5555306,0.44446942
35613_geowiki-landcover-2017,0.46990553,0.53009444
3724_ile-de-france,0.3939499,0.60605013
11556_geowiki-landcover-2017,0.5555303,0.44446966
2044_martinique-france,0.56995964,0.43004033
14_sudan,0.64379984,0.35620016
6799_geowiki-landcover-2017,0.6572835,0.3427165
837_germany,0.3939502,0.6060498
868_mali-helmets-labelling-crops,0.46667218,0.5333278
1969_germany,0.3939499,0.60605013
387_central-asia,0.3939499,0.60605013
776_tanzania-rice-ecaas,0.6302339,0.36976612
10023_geowiki-landcover-2017,0.4809468,0.51905316
2991_central-asia,0.3939502,0.6060498
13533_croplands,0.46666834,0.5333317
2094_ile-de-france,0.39395,0.60604995
1381_reunion-france,0.6543352,0.3456648
5821_ile-de-france,0.39401007,0.60598993
418_ethiopia,0.6543425,0.34565753
6264_canada,0.48145875,0.5185413
5773_canada,0.3939499,0.60605013
3071_central-asia,0.3939499,0.60605013
27953_geowiki-landcover-2017,0.39395043,0.60604954
7641_geowiki-landcover-2017,0.39395007,0.60604995
1316_central-asia,0.3939499,0.60605013
25560_geowiki-landcover-2017,0.55552715,0.4444728
60_canada,0.46668807,0.53331196
25595_geowiki-landcover-2017,0.5555304,0.4444696
431_tanzania-rice-ecaas,0.6302403,0.36975965
5684_ile-de-france,0.46987838,0.5301216
989_geowiki-landcover-2017,0.6302412,0.3697588
3052_ile-de-france,0.3939499,0.60605013
3985_canada,0.49611363,0.5038864
27756_geowiki-landcover-2017,0.46667317,0.5333268
13355_geowiki-landcover-2017,0.55235445,0.44764555
13494_geowiki-landcover-2017,0.64379984,0.3562001
458_germany,0.3939499,0.60605013
3229_ile-de-france,0.3939499,0.60605013
28936_geowiki-landcover-2017,0.48146105,0.51853895
116_tanzania-ceo,0.544062,0.45593795
3228_rwanda-ceo,0.7206936,0.2793064
12011_geowiki-landcover-2017,0.5555304,0.44446957
174_kenya-non-crop,0.72080076,0.2791992
13655_geowiki-landcover-2017,0.46777943,0.5322206
28844_geowiki-landcover-2017,0.39395207,0.606048
2055_germany,0.3939499,0.6060501
1788_germany,0.46989888,0.5301011
1013_martinique-france,0.56995994,0.43004
4048_ile-de-france,0.49611357,0.5038864
28_tanzania-ceo,0.5440612,0.45593882
22598_geowiki-landcover-2017,0.5844143,0.4155857
281_ile-de-france,0.39395,0.60604995
34910_geowiki-landcover-2017,0.39395025,0.6060497
758_reunion-france,0.49611712,0.5038829
322_ile-de-france,0.39395,0.60604995
6859_croplands,0.630241,0.36975905
1_germany,0.4699041,0.53009593
18742_geowiki-landcover-2017,0.46667358,0.5333264
18087_geowiki-landcover-2017,0.49611363,0.50388634
32874_geowiki-landcover-2017,0.544061,0.45593897
19774_geowiki-landcover-2017,0.584434,0.41556597
921_togo,0.56996006,0.43004
33415_geowiki-landcover-2017,0.39394993,0.6060501
503_mali-helmets-labelling-crops,0.54406023,0.45593974
16622_geowiki-landcover-2017,0.63024104,0.3697589
2254_rwanda-ceo,0.65435636,0.34564358
364_ethiopia,0.48146096,0.5185391
14484_geowiki-landcover-2017,0.55553144,0.4444686
1707_rwanda-ceo,0.65435386,0.3456462
9987_croplands,0.5555304,0.44446957
7784_canada,0.46992046,0.5300796
14_kenya,0.5555311,0.44446895
3658_geowiki-landcover-2017,0.46667367,0.5333263
1518_kenya-non-crop,0.5440612,0.45593885
1093_central-asia,0.3939499,0.60605013
35803_geowiki-landcover-2017,0.5699588,0.43004122
3740_central-asia,0.3939499,0.60605013
5963_canada,0.39395192,0.6060481
2014_reunion-france,0.56995964,0.4300404
3059_ile-de-france,0.3939499,0.60605013
27195_geowiki-landcover-2017,0.49611366,0.50388634
6326_geowiki-landcover-2017,0.63024104,0.36975893
4418_central-asia,0.3939499,0.60605013
11557_croplands,0.5699597,0.4300403
11064_geowiki-landcover-2017,0.64379954,0.35620043
3836_geowiki-landcover-2017,0.55873233,0.44126764
1224_martinique-france,0.46667284,0.53332716
7269_geowiki-landcover-2017,0.49611244,0.50388753
1541_martinique-france,0.55553025,0.44446978
6810_croplands,0.63024086,0.3697591
18894_geowiki-landcover-2017,0.54405946,0.45594054
2026_tanzania-ceo,0.6302413,0.3697587
1889_central-asia,0.39395,0.6060501
3388_geowiki-landcover-2017,0.4666725,0.5333275
3359_geowiki-landcover-2017,0.46667266,0.53332734
9408_croplands,0.5440609,0.45593917
142_tanzania-ceo,0.6304688,0.36953115
32697_geowiki-landcover-2017,0.46990383,0.5300961
2725_geowiki-landcover-2017,0.4666726,0.53332746
10190_croplands,0.5555304,0.44446963
602_croplands,0.39395288,0.60604715
977_mali-helmets-labelling-crops,0.54405993,0.45594007
7694_canada,0.39395225,0.60604775
6410_geowiki-landcover-2017,0.46990392,0.53009605
3025_ile-de-france,0.39395002,0.60604995
15874_geowiki-landcover-2017,0.5555305,0.4444695
760_tanzania-rice-ecaas,0.63023895,0.36976108
578_tanzania-ceo,0.630241,0.369759
5750_canada,0.39395007,0.60604995
31833_geowiki-landcover-2017,0.39395022,0.6060498
1030_ile-de-france,0.39394993,0.6060501
415_croplands,0.46667138,0.53332865
27619_geowiki-landcover-2017,0.46667302,0.533327
22101_geowiki-landcover-2017,0.55553055,0.44446948
829_togo,0.4666762,0.5333238
888_reunion-france,0.5587346,0.44126537
3029_canada,0.5440612,0.45593885
1231_kenya-non-crop,0.56995964,0.4300404
774_tanzania-rice-ecaas,0.63023996,0.36976004
22270_geowiki-landcover-2017,0.555529,0.44447097
30732_geowiki-landcover-2017,0.3939507,0.6060493
455_rwanda-ceo,0.7208022,0.27919784
2350_tanzania-ceo,0.6302407,0.3697593
1993_geowiki-landcover-2017,0.6467531,0.35324693
20414_geowiki-landcover-2017,0.5555305,0.44446948
2249_reunion-france,0.63024086,0.3697591
4369_croplands,0.46667218,0.5333278
20507_geowiki-landcover-2017,0.39395183,0.6060481
724_mali-helmets-labelling-crops,0.46667197,0.53332806
2514_germany,0.49611333,0.50388664
1260_mali-helmets-labelling-crops,0.46667176,0.53332824
2340_rwanda-ceo,0.72080183,0.27919814
3034_geowiki-landcover-2017,0.46667236,0.53332764
468_geowiki-landcover-2017,0.55556405,0.444436
2194_tanzania-ceo,0.63024086,0.36975917
17500_geowiki-landcover-2017,0.39395,0.6060501
1613_germany,0.39395013,0.6060499
968_martinique-france,0.46667293,0.53332704
109_geowiki-landcover-2017,0.63023555,0.36976448
23471_geowiki-landcover-2017,0.46667308,0.5333269
12516_geowiki-landcover-2017,0.46667388,0.5333261
1448_canada,0.64379996,0.35619998
582_central-asia,0.3939499,0.60605013
1492_tanzania-ceo,0.5440639,0.45593607
3301_canada,0.46667293,0.53332704
486_germany,0.39395,0.60604995
226_rwanda-ceo,0.63024056,0.3697594
8_martinique-france,0.65435404,0.345646
2571_ile-de-france,0.46990374,0.5300963
20098_geowiki-landcover-2017,0.4699041,0.5300959
1900_geowiki-landcover-2017,0.56996113,0.4300389
3322_canada,0.39395076,0.60604924
72_croplands,0.46667308,0.5333269
375_rwanda-ceo,0.6302408,0.3697592
15072_geowiki-landcover-2017,0.6543546,0.3456455
20422_geowiki-landcover-2017,0.4814607,0.51853925
206_germany,0.39395,0.60605
285_togo,0.4666732,0.5333268
9842_croplands,0.46667328,0.53332675
1805_ile-de-france,0.39394993,0.6060501
21366_geowiki-landcover-2017,0.49611363,0.50388634
34485_geowiki-landcover-2017,0.4666728,0.5333272
1869_central-asia,0.39394993,0.6060501
503_rwanda-ceo,0.72080207,0.27919793
334_togo,0.6437992,0.3562008
14326_geowiki-landcover-2017,0.39395043,0.6060496
1014_ile-de-france,0.3939499,0.60605013
17187_geowiki-landcover-2017,0.39395,0.60605
16563_geowiki-landcover-2017,0.48146567,0.51853436
17314_geowiki-landcover-2017,0.55553055,0.44446948
3002_canada,0.5440612,0.45593882
2800_central-asia,0.3939499,0.60605013
29719_geowiki-landcover-2017,0.4961135,0.50388646
635_lem-brazil,0.54406685,0.4559331
554_mali-helmets-labelling-crops,0.46667254,0.53332746
2959_ile-de-france,0.46988517,0.5301148
14863_geowiki-landcover-2017,0.54407454,0.4559254
22440_geowiki-landcover-2017,0.49611363,0.5038864
406_sudan,0.46667266,0.5333273
4253_central-asia,0.39395282,0.60604715
1099_kenya-non-crop,0.5555304,0.44446963
1064_martinique-france,0.56995994,0.4300401
6966_canada,0.56995934,0.4300407
14684_geowiki-landcover-2017,0.48146102,0.518539
2322_germany,0.39395,0.6060501
648_ethiopia,0.6572836,0.34271643
17624_geowiki-landcover-2017,0.65435433,0.34564564
3587_croplands,0.46667355,0.5333264
1670_canada,0.3939499,0.6060501
1801_germany,0.4699034,0.5300966
4515_canada,0.4699053,0.53009474
469_martinique-france,0.46668968,0.5333103
2194_canada,0.4961136,0.5038864
1274_rwanda-ceo,0.7206345,0.27936554
879_geowiki-landcover-2017,0.63023347,0.36976647
5899_geowiki-landcover-2017,0.5587303,0.4412697
102_central-asia,0.39395,0.60605
13_sudan,0.544061,0.45593897
12644_geowiki-landcover-2017,0.54406106,0.4559389
1198_ile-de-france,0.3955202,0.6044798
3153_canada,0.39394993,0.6060501
22971_geowiki-landcover-2017,0.46667203,0.533328
498_lem-brazil,0.46667483,0.53332514
2216_tanzania-ceo,0.5555317,0.44446835
66_martinique-france,0.46667385,0.53332615
24199_geowiki-landcover-2017,0.5440596,0.4559404
26671_geowiki-landcover-2017,0.5844399,0.4155601
26439_geowiki-landcover-2017,0.46667308,0.53332686
3313_canada,0.39395124,0.60604876
2922_central-asia,0.3939499,0.60605013
723_canada,0.46667287,0.5333271
7604_geowiki-landcover-2017,0.46667293,0.53332704
2130_martinique-france,0.4666779,0.5333221
479_germany,0.3939499,0.60605013
3767_geowiki-landcover-2017,0.46667212,0.5333279
1259_canada,0.46667284,0.53332716
587_kenya-non-crop,0.55553085,0.44446912
7289_geowiki-landcover-2017,0.39395383,0.60604614
5919_ile-de-france,0.39395002,0.60604995
163_geowiki-landcover-2017,0.63024086,0.3697591
5266_canada,0.39396232,0.60603774
5511_canada,0.3939499,0.60605013
26695_geowiki-landcover-2017,0.57313734,0.4268627
307_tanzania-ceo,0.5440621,0.45593792
819_geowiki-landcover-2017,0.630241,0.36975908
4637_central-asia,0.39395082,0.6060492
5651_canada,0.39395103,0.606049
936_central-asia,0.3939499,0.60605013
174_mali-helmets-labelling-crops,0.46667206,0.53332794
17272_geowiki-landcover-2017,0.49611372,0.5038863
1552_rwanda-ceo,0.7208021,0.2791979
4612_ile-de-france,0.39395002,0.60604995
4781_central-asia,0.3939499,0.60605013
495_geowiki-landcover-2017,0.63024193,0.36975807
377_kenya-non-crop,0.5555233,0.4444767
4739_central-asia,0.39395,0.6060501
24_uganda,0.55553013,0.44446984
164_ethiopia,0.55873173,0.44126824
6665_canada,0.39395,0.60605
1501_central-asia,0.3939499,0.60605013
6757_canada,0.55550987,0.44449008
34807_geowiki-landcover-2017,0.4666728,0.5333272
562_lem-brazil,0.63023245,0.36976758
2910_croplands,0.5555299,0.44447014
213_geowiki-landcover-2017,0.54406124,0.45593882
4844_ile-de-france,0.39395,0.6060501
1776_ile-de-france,0.39395094,0.6060491
9517_croplands,0.46667683,0.53332317
9381_croplands,0.54406065,0.4559393
19589_geowiki-landcover-2017,0.46667308,0.533327
489_togo,0.46667528,0.5333247
29847_geowiki-landcover-2017,0.57065743,0.42934257
1631_rwanda-ceo,0.65435433,0.34564564
1266_kenya-non-crop,0.5844357,0.41556424
1485_canada,0.5699596,0.43004042
12821_croplands,0.5440608,0.45593917
440_rwanda-ceo,0.63024086,0.3697591
4647_croplands,0.46667096,0.533329
1561_ile-de-france,0.3939499,0.60605013
1245_togo,0.46667287,0.53332716
783_rwanda-ceo,0.7208013,0.27919874
1769_ile-de-france,0.39394993,0.6060501
23131_geowiki-landcover-2017,0.46667302,0.53332704
4340_central-asia,0.39394993,0.6060501
933_germany,0.39395028,0.6060497
6742_canada,0.46290958,0.5370904
13574_geowiki-landcover-2017,0.5699595,0.43004054
1814_reunion-france,0.6282862,0.37171388
522_ethiopia,0.48146138,0.51853865
31566_geowiki-landcover-2017,0.46666658,0.5333334
1912_tanzania-ceo,0.64380014,0.35619986
116_uganda,0.6302405,0.3697595
4657_geowiki-landcover-2017,0.48146108,0.51853895
13812_geowiki-landcover-2017,0.64379364,0.35620633
955_croplands,0.46667284,0.53332716
2542_kenya-non-crop,0.5844542,0.4155458
3696_geowiki-landcover-2017,0.39417928,0.6058207
12610_croplands,0.46667293,0.53332704
10295_geowiki-landcover-2017,0.72080135,0.27919862
6610_canada,0.39395,0.60604995
4436_croplands,0.46667126,0.5333288
13861_croplands,0.5555302,0.44446978
1902_kenya-non-crop,0.72080225,0.27919775
3796_geowiki-landcover-2017,0.46659946,0.53340054
6975_geowiki-landcover-2017,0.49611363,0.5038864
27544_geowiki-landcover-2017,0.544061,0.45593897
21039_geowiki-landcover-2017,0.46990377,0.5300963
32662_geowiki-landcover-2017,0.39395025,0.6060498
15068_geowiki-landcover-2017,0.4699053,0.53009474
1274_central-asia,0.3939499,0.60605013
1635_tanzania-ceo,0.5587439,0.4412561
21548_geowiki-landcover-2017,0.39395,0.60605
8923_geowiki-landcover-2017,0.5844339,0.4155661
4204_geowiki-landcover-2017,0.5555304,0.44446957
35213_geowiki-landcover-2017,0.39395148,0.6060486
7648_canada,0.3939514,0.6060486
879_rwanda-ceo,0.6543565,0.34564352
1066_rwanda-ceo,0.6302407,0.3697593
33221_geowiki-landcover-2017,0.5440608,0.45593917
3465_rwanda-ceo,0.65435433,0.34564567
3363_geowiki-landcover-2017,0.46667162,0.53332835
11308_geowiki-landcover-2017,0.48146084,0.51853913
24595_geowiki-landcover-2017,0.72080207,0.2791979
23847_geowiki-landcover-2017,0.5844343,0.4155658
610_croplands,0.39395076,0.6060493
3068_rwanda-ceo,0.55553055,0.44446948
11372_geowiki-landcover-2017,0.6572836,0.34271646
906_canada,0.46667287,0.5333271
3366_geowiki-landcover-2017,0.46667284,0.53332716
601_rwanda-ceo,0.5555435,0.44445652
30336_geowiki-landcover-2017,0.4961128,0.50388724
480_tanzania-rice-ecaas,0.6302408,0.36975923
796_togo,0.54404646,0.45595348
2859_rwanda-ceo,0.63024104,0.369759
2020_martinique-france,0.65435404,0.34564593
23230_geowiki-landcover-2017,0.4666729,0.5333271
1962_kenya-non-crop,0.46667293,0.53332704
25104_geowiki-landcover-2017,0.6543456,0.34565443
9380_geowiki-landcover-2017,0.46667287,0.5333271
15038_geowiki-landcover-2017,0.630238,0.369762
827_germany,0.46988934,0.53011066
631_ile-de-france,0.3939499,0.60605013
21193_geowiki-landcover-2017,0.55873233,0.4412677
4959_canada,0.46667308,0.53332686
5769_canada,0.39395,0.60604995
2121_germany,0.3939499,0.60605013
5667_ile-de-france,0.3939499,0.60605013
10093_croplands,0.5555306,0.44446942
14365_geowiki-landcover-2017,0.40217584,0.59782416
30283_geowiki-landcover-2017,0.5440352,0.45596483
2997_croplands,0.72074753,0.2792525
30946_geowiki-landcover-2017,0.46990377,0.5300963
1155_rwanda-ceo,0.7208022,0.27919775
94_tanzania-ceo,0.5440611,0.45593888
13_tanzania-ceo,0.5440621,0.45593792
423_kenya-non-crop,0.4814637,0.51853627
15438_geowiki-landcover-2017,0.4666749,0.53332514
17540_geowiki-landcover-2017,0.5555303,0.44446966
1631_central-asia,0.3939499,0.60605013
10011_croplands,0.55552995,0.44447008
26787_geowiki-landcover-2017,0.39395243,0.6060475
1603_germany,0.4961126,0.5038874
853_germany,0.39395,0.6060501
1822_canada,0.3939514,0.60604864
1246_togo,0.46667287,0.5333271
1682_germany,0.39395007,0.60604995
15444_geowiki-landcover-2017,0.56995964,0.4300404
3271_ile-de-france,0.3939499,0.60605013
20216_geowiki-landcover-2017,0.4961373,0.50386274
1995_central-asia,0.39394993,0.6060501
828_ile-de-france,0.3939499,0.60605013
106_mali-helmets-labelling-crops,0.46667206,0.533328
275_geowiki-landcover-2017,0.630241,0.369759
1799_central-asia,0.3939499,0.60605013
985_central-asia,0.3939499,0.60605013
888_tanzania-ceo,0.63024104,0.3697589
1982_rwanda-ceo,0.6302341,0.36976585
14663_geowiki-landcover-2017,0.5440609,0.45593908
4732_central-asia,0.39395002,0.60604995
30_togo,0.5439491,0.45605093
12837_croplands,0.54404396,0.4559561
15488_geowiki-landcover-2017,0.49613017,0.50386983
2282_martinique-france,0.5555305,0.44446948
23233_geowiki-landcover-2017,0.49611503,0.503885
4419_geowiki-landcover-2017,0.72080207,0.2791979
573_lem-brazil,0.5555299,0.4444701
5162_canada,0.39395,0.60604995
3741_canada,0.46667266,0.5333273
576_martinique-france,0.46667287,0.5333271
4418_croplands,0.46667233,0.5333277
642_canada,0.3939499,0.60605013
26303_geowiki-landcover-2017,0.5699598,0.43004024
25917_geowiki-landcover-2017,0.3939498,0.6060502
91_canada,0.4666716,0.53332835
18597_geowiki-landcover-2017,0.48146084,0.51853913
29470_geowiki-landcover-2017,0.4814607,0.51853925
1155_central-asia,0.46983683,0.5301632
161_canada,0.46667287,0.5333271
4825_central-asia,0.46990067,0.53009933
1030_rwanda-ceo,0.55553275,0.44446725
3182_rwanda-ceo,0.6302341,0.36976585
7415_geowiki-landcover-2017,0.5440607,0.45593923
10303_geowiki-landcover-2017,0.46677884,0.5332212
7785_canada,0.3939667,0.60603327
21874_geowiki-landcover-2017,0.56995964,0.4300404
9505_geowiki-landcover-2017,0.5555305,0.44446954
1654_kenya-non-crop,0.6302409,0.36975908
3360_ile-de-france,0.3939498,0.60605013
431_kenya-non-crop,0.6572838,0.34271622
27984_geowiki-landcover-2017,0.4814609,0.5185391
2877_rwanda-ceo,0.6543566,0.3456434
13531_croplands,0.4666726,0.53332746
753_mali-helmets-labelling-crops,0.5440599,0.45594016
34800_geowiki-landcover-2017,0.3939505,0.60604954
567_germany,0.3939499,0.6060501
18025_geowiki-landcover-2017,0.5555304,0.44446957
26554_geowiki-landcover-2017,0.4814618,0.51853824
1696_geowiki-landcover-2017,0.4814612,0.51853883
5999_ile-de-france,0.3939499,0.6060501
22756_geowiki-landcover-2017,0.7208014,0.27919865
872_canada,0.46667275,0.5333273
3006_geowiki-landcover-2017,0.4666703,0.5333297
765_mali-helmets-labelling-crops,0.4666741,0.5333259
4462_geowiki-landcover-2017,0.5555304,0.44446963
3789_ile-de-france,0.3939499,0.60605013
1401_rwanda-ceo,0.72080183,0.27919823
774_mali-helmets-labelling-crops,0.4667278,0.53327227
910_croplands,0.4697746,0.5302254
968_ile-de-france,0.3939499,0.60605013
236_central-asia,0.39394993,0.6060501
3_tanzania,0.63023776,0.3697622
7512_geowiki-landcover-2017,0.54406106,0.45593888
7426_croplands,0.5555303,0.4444697
17600_geowiki-landcover-2017,0.5555305,0.44446948
5884_geowiki-landcover-2017,0.39395007,0.6060499
995_germany,0.3939503,0.6060497
1274_martinique-france,0.5699597,0.4300403
1254_kenya-non-crop,0.5440611,0.45593888
6308_geowiki-landcover-2017,0.3939499,0.6060501
34328_geowiki-landcover-2017,0.3939523,0.6060477
244_mali-helmets-labelling-crops,0.46667257,0.53332746
267_central-asia,0.3939505,0.60604954
2352_rwanda-ceo,0.65434635,0.3456536
1488_martinique-france,0.5699591,0.43004093
25821_geowiki-landcover-2017,0.4814608,0.51853913
68_togo,0.46667287,0.5333271
2441_germany,0.39395007,0.60604995
3249_geowiki-landcover-2017,0.46667293,0.53332704
16890_geowiki-landcover-2017,0.6302404,0.36975962
35470_geowiki-landcover-2017,0.4699039,0.5300961
31947_geowiki-landcover-2017,0.48146072,0.51853925
16638_geowiki-landcover-2017,0.63024104,0.3697589
31_germany,0.39395,0.60605
10211_croplands,0.55552965,0.44447032
23948_geowiki-landcover-2017,0.5699597,0.4300403
984_central-asia,0.39394993,0.6060501
1890_canada,0.39395016,0.60604984
1727_central-asia,0.3939529,0.6060471
4762_central-asia,0.39395007,0.60604995
396_canada,0.4961139,0.5038861
896_rwanda-ceo,0.63024235,0.36975768
29908_geowiki-landcover-2017,0.630241,0.369759
4536_central-asia,0.39395,0.6060501
4740_central-asia,0.39394993,0.6060501
30370_geowiki-landcover-2017,0.46667287,0.5333271
849_mali-helmets-labelling-crops,0.46667212,0.53332794
19030_geowiki-landcover-2017,0.56996006,0.43004
390_tanzania,0.55553216,0.44446778
3123_ile-de-france,0.469881,0.530119
1239_germany,0.3939502,0.6060498
1824_central-asia,0.39395034,0.6060496
987_central-asia,0.46990398,0.53009605
1085_mali-helmets-labelling-crops,0.46667227,0.5333277
191_martinique-france,0.5699572,0.4300428
1215_mali-helmets-labelling-crops,0.4666719,0.53332806
29846_geowiki-landcover-2017,0.49611348,0.5038865
2520_central-asia,0.3939499,0.60605013
1206_central-asia,0.3939499,0.60605013
5199_canada,0.46990398,0.53009605
831_reunion-france,0.4816025,0.5183975
1191_mali-helmets-labelling-crops,0.4666897,0.5333103
12552_croplands,0.5699596,0.43004042
3308_canada,0.4666727,0.5333273
6327_canada,0.39394993,0.6060501
5976_canada,0.39396223,0.60603774
2929_canada,0.54406095,0.45593908
29165_geowiki-landcover-2017,0.49611375,0.5038863
17229_geowiki-landcover-2017,0.54405457,0.45594537
2544_canada,0.46667287,0.5333271
32503_geowiki-landcover-2017,0.4699034,0.5300966
5205_geowiki-landcover-2017,0.39395,0.60604995
1589_central-asia,0.3939499,0.6060501
7447_croplands,0.63016045,0.36983952
4403_central-asia,0.39395007,0.60604995
1046_mali-helmets-labelling-crops,0.46667212,0.53332794
12475_geowiki-landcover-2017,0.65728676,0.34271327
261_germany,0.46988055,0.5301194
3630_central-asia,0.3939499,0.60605013
28848_geowiki-landcover-2017,0.49611378,0.5038862
140_ile-de-france,0.3939499,0.60605013
13541_geowiki-landcover-2017,0.5699599,0.43004012
55_tanzania-ceo,0.7208021,0.2791979
6180_ile-de-france,0.49611172,0.50388825
14211_geowiki-landcover-2017,0.5844339,0.4155661
1093_geowiki-landcover-2017,0.5440634,0.4559366
483_reunion-france,0.4814645,0.5185355
979_mali-helmets-labelling-crops,0.4666724,0.5333276
3564_central-asia,0.3939499,0.6060501
13755_croplands,0.46669233,0.5333077
890_ile-de-france,0.3939499,0.60605013
1680_canada,0.39395067,0.6060493
4544_canada,0.4699373,0.5300627
715_tanzania-rice-ecaas,0.63023823,0.36976174
2163_tanzania-ceo,0.64380264,0.35619742
1404_central-asia,0.3939499,0.60605013
5001_ile-de-france,0.3939499,0.6060501
2632_ile-de-france,0.3939499,0.60605013
273_mali-helmets-labelling-crops,0.5440572,0.45594284
743_canada,0.5440612,0.45593882
22127_geowiki-landcover-2017,0.6543451,0.3456549
107_ile-de-france,0.3939499,0.60605013
7186_geowiki-landcover-2017,0.39395085,0.6060491
6947_geowiki-landcover-2017,0.58443385,0.41556612
1235_togo,0.64379907,0.35620087
185_reunion-france,0.60345626,0.3965437
2627_canada,0.39395,0.6060501
30206_geowiki-landcover-2017,0.4961098,0.5038902
256_ile-de-france,0.39394993,0.6060501
858_central-asia,0.3939498,0.6060502
4461_geowiki-landcover-2017,0.4666729,0.5333271
191_kenya-non-crop,0.6543549,0.34564516
25837_geowiki-landcover-2017,0.39395002,0.60604995
2415_geowiki-landcover-2017,0.46667415,0.53332585
2168_geowiki-landcover-2017,0.6543549,0.34564516
23649_geowiki-landcover-2017,0.5844339,0.41556606
1361_kenya-non-crop,0.558733,0.441267
870_rwanda-ceo,0.65435755,0.34564245
34122_geowiki-landcover-2017,0.3939503,0.6060497
2046_reunion-france,0.5699608,0.43003923
13883_croplands,0.55553025,0.44446972
14730_geowiki-landcover-2017,0.6302407,0.3697593
35634_geowiki-landcover-2017,0.39395,0.60604995
7567_geowiki-landcover-2017,0.46990356,0.5300964
23006_geowiki-landcover-2017,0.46667382,0.53332615
11425_geowiki-landcover-2017,0.5442482,0.4557518
481_ethiopia,0.481463,0.51853704
230_uganda,0.5555311,0.4444689
1909_rwanda-ceo,0.72079563,0.27920443
2232_germany,0.39395007,0.60604995
33449_geowiki-landcover-2017,0.46990487,0.5300951
12854_croplands,0.4666719,0.5333281
5803_ile-de-france,0.3939499,0.6060501
23399_geowiki-landcover-2017,0.46667293,0.53332704
7790_geowiki-landcover-2017,0.6438001,0.3561999
16200_geowiki-landcover-2017,0.6572794,0.3427206
5417_ile-de-france,0.3939498,0.60605013
7439_geowiki-landcover-2017,0.39395034,0.6060496
4834_geowiki-landcover-2017,0.48146126,0.5185387
5760_ile-de-france,0.3939499,0.60605013
23409_geowiki-landcover-2017,0.481464,0.51853603
1512_kenya-non-crop,0.5440612,0.45593885
1658_tanzania-ceo,0.6302399,0.36976004
2705_geowiki-landcover-2017,0.46667185,0.5333282
9528_croplands,0.63023573,0.3697643
727_rwanda-ceo,0.72080153,0.2791985
10290_geowiki-landcover-2017,0.5440612,0.45593888
227_canada,0.46667308,0.533327
24568_geowiki-landcover-2017,0.5587315,0.44126853
1628_geowiki-landcover-2017,0.55873245,0.44126755
2372_central-asia,0.3939499,0.6060501
2998_rwanda-ceo,0.6544488,0.3455512
1084_mali-helmets-labelling-crops,0.46667197,0.53332806
24316_geowiki-landcover-2017,0.46667314,0.53332686
306_sudan,0.46667287,0.5333271
2018_geowiki-landcover-2017,0.6543542,0.34564573
981_croplands,0.5555067,0.44449332
24391_geowiki-landcover-2017,0.56995994,0.43004003
465_canada,0.4666729,0.5333271
1795_germany,0.39395002,0.60604995
3685_ile-de-france,0.3939499,0.60605013
1748_canada,0.46667287,0.5333271
26947_geowiki-landcover-2017,0.48146087,0.51853913
5659_canada,0.39395094,0.606049
2460_kenya-non-crop,0.5440601,0.45593986
4635_croplands,0.46666956,0.5333305
12865_croplands,0.5440584,0.45594165
2540_ile-de-france,0.39395016,0.6060498
1346_germany,0.39395007,0.6060499
22213_geowiki-landcover-2017,0.46990418,0.5300958
77_kenya,0.5555303,0.44446963
3332_central-asia,0.3939499,0.60605013
1458_mali-helmets-labelling-crops,0.54405546,0.45594457
1709_germany,0.39395007,0.6060499
1251_kenya-non-crop,0.630241,0.369759
2861_croplands,0.6302407,0.36975935
20635_geowiki-landcover-2017,0.55552906,0.44447088
14443_geowiki-landcover-2017,0.5699597,0.43004027
2463_germany,0.3939499,0.60605013
1115_kenya-non-crop,0.630241,0.36975905
27602_geowiki-landcover-2017,0.6543511,0.34564888
1376_tanzania-ceo,0.72080207,0.27919796
853_canada,0.39395598,0.606044
10072_geowiki-landcover-2017,0.5699593,0.43004075
5740_canada,0.3939499,0.60605013
726_mali-helmets-labelling-crops,0.46667197,0.53332806
4689_ile-de-france,0.3939499,0.60605013
616_ile-de-france,0.39394993,0.6060501
23363_geowiki-landcover-2017,0.39395252,0.6060475
15617_geowiki-landcover-2017,0.39395,0.60604995
1884_reunion-france,0.654354,0.34564602
1088_ile-de-france,0.39395112,0.6060488
30018_geowiki-landcover-2017,0.46667287,0.5333271
1960_kenya-non-crop,0.46667302,0.533327
20123_geowiki-landcover-2017,0.4814596,0.5185404
28895_geowiki-landcover-2017,0.46667314,0.5333268
20908_geowiki-landcover-2017,0.55553025,0.44446975
33832_geowiki-landcover-2017,0.48145986,0.5185402
1049_central-asia,0.3939499,0.60605013
17264_geowiki-landcover-2017,0.46668488,0.5333152
532_central-asia,0.3939499,0.60605013
1184_geowiki-landcover-2017,0.6436852,0.35631478
18109_geowiki-landcover-2017,0.40241247,0.5975876
29279_geowiki-landcover-2017,0.49644363,0.5035564
18650_geowiki-landcover-2017,0.65419513,0.34580493
2822_central-asia,0.39395,0.60605
15532_geowiki-landcover-2017,0.54406035,0.4559396
30371_geowiki-landcover-2017,0.39395,0.60604995
2501_germany,0.3939499,0.6060501
1723_canada,0.4666729,0.5333271
32225_geowiki-landcover-2017,0.3939499,0.60605013
730_rwanda-ceo,0.63024104,0.369759
528_germany,0.469904,0.530096
2653_reunion-france,0.46667662,0.53332335
4907_central-asia,0.39395,0.6060501
156_tanzania,0.6302408,0.3697592
1627_canada,0.39395112,0.6060489
33526_geowiki-landcover-2017,0.3939499,0.60605013
4721_croplands,0.46666834,0.5333317
5144_canada,0.39394993,0.6060501
2104_central-asia,0.39395007,0.60604995
4696_croplands,0.46667105,0.53332895
10509_geowiki-landcover-2017,0.5555305,0.44446948
2411_geowiki-landcover-2017,0.5555262,0.44447383
10738_geowiki-landcover-2017,0.4814611,0.5185389
243_sudan,0.544061,0.45593902
2233_central-asia,0.3939499,0.60605013
20998_geowiki-landcover-2017,0.46667305,0.533327
1881_central-asia,0.39394993,0.6060501
5183_canada,0.46990368,0.53009635
1134_tanzania-ceo,0.63022506,0.369775
22154_geowiki-landcover-2017,0.56996006,0.43003997
34968_geowiki-landcover-2017,0.466673,0.53332704
33152_geowiki-landcover-2017,0.544061,0.455939
1959_central-asia,0.3939499,0.60605013
615_martinique-france,0.65435433,0.34564564
132_tanzania-rice-ecaas,0.5555318,0.44446817
9380_croplands,0.46667472,0.5333253
300_germany,0.3939499,0.6060501
6803_croplands,0.55553126,0.44446874
3092_ile-de-france,0.3939499,0.60605013
15014_geowiki-landcover-2017,0.4666734,0.53332657
4000_canada,0.3939499,0.60605013
1855_reunion-france,0.5587346,0.4412654
4588_canada,0.39395067,0.60604936
13921_geowiki-landcover-2017,0.6302407,0.36975935
590_canada,0.4666729,0.5333271
2324_tanzania-ceo,0.5440613,0.45593867
19045_geowiki-landcover-2017,0.54406124,0.4559388
6540_croplands,0.72079194,0.2792081
3055_central-asia,0.3939499,0.60605013
3389_canada,0.57314396,0.4268561
846_rwanda-ceo,0.65435433,0.34564567
690_germany,0.3939513,0.60604876
5176_ile-de-france,0.46990398,0.530096
31830_geowiki-landcover-2017,0.3939499,0.60605013
2061_kenya-non-crop,0.5440612,0.45593885
4022_central-asia,0.3939499,0.60605013
2921_ile-de-france,0.39395007,0.60604995
65_canada,0.64379627,0.35620373
18091_geowiki-landcover-2017,0.46667337,0.5333266
8165_geowiki-landcover-2017,0.72080207,0.27919793
8677_geowiki-landcover-2017,0.6300313,0.36996877
1514_kenya-non-crop,0.5440612,0.45593885
6854_geowiki-landcover-2017,0.3939499,0.60605013
7041_canada,0.39395002,0.60604995
900_martinique-france,0.5699597,0.4300403
934_croplands,0.48146057,0.5185394
5726_canada,0.3939499,0.6060501
21779_geowiki-landcover-2017,0.4666741,0.5333259
2013_central-asia,0.3939499,0.60605013
227_martinique-france,0.5555343,0.44446567
673_geowiki-landcover-2017,0.5555304,0.44446963
891_martinique-france,0.6543537,0.34564632
2400_rwanda-ceo,0.6543536,0.3456464
1762_kenya-non-crop,0.630241,0.369759
155_reunion-france,0.5555312,0.44446883
1024_kenya-non-crop,0.630241,0.36975905
4677_geowiki-landcover-2017,0.46667403,0.53332597
6742_geowiki-landcover-2017,0.65435433,0.34564567
1717_reunion-france,0.56995726,0.43004274
7515_geowiki-landcover-2017,0.3939499,0.60605013
13642_geowiki-landcover-2017,0.65727884,0.3427212
274_togo,0.55549556,0.4445045
495_croplands,0.46667302,0.53332704
10022_croplands,0.5555304,0.44446963
10956_geowiki-landcover-2017,0.3939512,0.60604876
2059_central-asia,0.3939499,0.60605013
10189_geowiki-landcover-2017,0.6438,0.35619998
11935_geowiki-landcover-2017,0.48146087,0.5185391
12561_geowiki-landcover-2017,0.48146397,0.51853603
5903_ile-de-france,0.3939499,0.60605013
8592_geowiki-landcover-2017,0.48146096,0.5185391
7463_geowiki-landcover-2017,0.39395007,0.60604995
22556_geowiki-landcover-2017,0.4699003,0.5300997
1215_rwanda-ceo,0.6302334,0.36976665
4818_canada,0.46337593,0.5366241
4145_ile-de-france,0.39395103,0.60604894
3914_central-asia,0.3939499,0.6060501
266_togo,0.4666729,0.5333271
4485_ile-de-france,0.39395,0.6060501
11114_geowiki-landcover-2017,0.48146108,0.51853895
3254_rwanda-ceo,0.5555352,0.4444648
1556_germany,0.39395,0.6060501
1870_reunion-france,0.65435356,0.34564644
972_croplands,0.5555302,0.44446978
3913_central-asia,0.39394993,0.6060501
1528_ile-de-france,0.4699007,0.5300993
15511_geowiki-landcover-2017,0.54406106,0.4559389
11709_geowiki-landcover-2017,0.46667317,0.5333268
3721_geowiki-landcover-2017,0.46667245,0.5333276
724_geowiki-landcover-2017,0.63024324,0.36975676
13170_geowiki-landcover-2017,0.65435433,0.34564564
29423_geowiki-landcover-2017,0.3939499,0.60605013
1373_ile-de-france,0.3939499,0.6060501
1092_togo,0.46667373,0.53332627
4218_canada,0.39395055,0.6060495
6160_ile-de-france,0.3939499,0.60605013
833_germany,0.39398697,0.606013
372_tanzania-ceo,0.6302516,0.36974838
28195_geowiki-landcover-2017,0.39409375,0.60590625
4601_ile-de-france,0.3939499,0.6060501
757_reunion-france,0.5273917,0.47260827
858_rwanda-ceo,0.63023615,0.36976382
30797_geowiki-landcover-2017,0.39395216,0.60604787
3568_central-asia,0.3939499,0.60605013
16728_geowiki-landcover-2017,0.6302405,0.3697595
6123_ile-de-france,0.46990204,0.53009796
5408_ile-de-france,0.3939499,0.60605013
735_ethiopia,0.6302371,0.36976293
569_germany,0.39395,0.60604995
3291_central-asia,0.39395562,0.60604435
327_geowiki-landcover-2017,0.54406106,0.45593894
9205_croplands,0.46667328,0.53332675
35013_geowiki-landcover-2017,0.39395085,0.6060491
18757_geowiki-landcover-2017,0.39395058,0.6060495
30638_geowiki-landcover-2017,0.3940294,0.6059706
23825_geowiki-landcover-2017,0.4814608,0.5185392
4354_ile-de-france,0.39395,0.6060501
26503_geowiki-landcover-2017,0.5731366,0.4268633
32601_geowiki-landcover-2017,0.46667367,0.5333263
2927_ile-de-france,0.3939499,0.6060501
4135_croplands,0.46667475,0.53332525
892_rwanda-ceo,0.65435445,0.34564555
9258_geowiki-landcover-2017,0.4814611,0.5185389
21223_geowiki-landcover-2017,0.39396065,0.6060394
3895_ile-de-france,0.3939499,0.6060501
35_kenya-non-crop,0.630241,0.369759
33216_geowiki-landcover-2017,0.46667287,0.5333271
278_central-asia,0.39395043,0.6060496
17825_geowiki-landcover-2017,0.49611363,0.5038864
154_tanzania,0.55553025,0.44446972
1929_reunion-france,0.72080135,0.27919868
10262_geowiki-landcover-2017,0.6302411,0.3697589
1396_central-asia,0.39395002,0.60604995
4589_geowiki-landcover-2017,0.65435517,0.3456448
3421_ile-de-france,0.39419407,0.60580593
16579_geowiki-landcover-2017,0.5440612,0.45593882
9432_croplands,0.4666729,0.5333271
3446_geowiki-landcover-2017,0.544061,0.45593897
9888_geowiki-landcover-2017,0.5555305,0.44446954
1292_mali-helmets-labelling-crops,0.46667206,0.53332794
1226_mali-helmets-labelling-crops,0.4666718,0.53332824
25274_geowiki-landcover-2017,0.46667305,0.533327
5423_canada,0.39395,0.6060501
23946_geowiki-landcover-2017,0.48146087,0.51853913
186_tanzania-rice-ecaas,0.6302409,0.36975908
2139_kenya-non-crop,0.7208022,0.2791978
3375_ile-de-france,0.3939499,0.60605013
644_tanzania-ceo,0.5699595,0.4300405
152_canada,0.4666729,0.5333271
692_lem-brazil,0.7207892,0.2792108
9448_croplands,0.4666729,0.5333271
31621_geowiki-landcover-2017,0.4666728,0.5333272
4092_central-asia,0.3939499,0.60605013
12058_geowiki-landcover-2017,0.544061,0.455939
18602_geowiki-landcover-2017,0.46990418,0.5300958
2578_canada,0.4666729,0.5333271
6096_canada,0.39395025,0.6060497
8757_geowiki-landcover-2017,0.5731366,0.42686334
27579_geowiki-landcover-2017,0.48146218,0.5185378
214_croplands,0.3939499,0.60605013
603_ile-de-france,0.39395,0.6060501
124_mali,0.46667266,0.53332734
24361_geowiki-landcover-2017,0.56995964,0.43004036
5467_canada,0.3961731,0.60382694
1600_martinique-france,0.56995654,0.4300435
1405_ile-de-france,0.3939499,0.60605013
1335_ile-de-france,0.39395016,0.60604984
5522_canada,0.39394993,0.6060501
1444_tanzania-ceo,0.54406124,0.45593876
16931_geowiki-landcover-2017,0.4666728,0.5333272
1526_croplands,0.46990383,0.5300962
1895_reunion-france,0.65434617,0.34565383
31045_geowiki-landcover-2017,0.3939505,0.60604954
9175_croplands,0.46667305,0.533327
20799_geowiki-landcover-2017,0.55553436,0.44446567
293_canada,0.39395,0.60604995
100_mali-helmets-labelling-crops,0.46667236,0.53332764
4286_croplands,0.46990404,0.53009593
425_geowiki-landcover-2017,0.6302631,0.36973685
1875_ile-de-france,0.3939499,0.60605013
11635_croplands,0.46667302,0.53332704
1813_canada,0.39395,0.60604995
4308_central-asia,0.3939518,0.6060482
7444_canada,0.39395103,0.60604894
6312_geowiki-landcover-2017,0.46667153,0.53332853
68_tanzania-rice-ecaas,0.63024074,0.3697593
2244_ile-de-france,0.39395,0.60604995
107_tanzania,0.7208007,0.27919933
13839_croplands,0.5555303,0.4444697
26206_geowiki-landcover-2017,0.56995994,0.43004
826_ethiopia,0.5559753,0.4440247
3008_geowiki-landcover-2017,0.4666728,0.5333272
22230_geowiki-landcover-2017,0.5587322,0.44126773
14031_croplands,0.55553025,0.44446978
5329_canada,0.3939498,0.60605013
702_rwanda-ceo,0.63024104,0.36975893
1161_ile-de-france,0.39395,0.6060501
25494_geowiki-landcover-2017,0.5555302,0.44446984
403_geowiki-landcover-2017,0.6438001,0.35619998
3755_central-asia,0.3939499,0.60605013
13638_geowiki-landcover-2017,0.5555305,0.44446948
2479_central-asia,0.3939499,0.60605013
22_kenya-non-crop,0.5555302,0.44446978
2008_central-asia,0.3939499,0.60605013
25627_geowiki-landcover-2017,0.48146734,0.5185327
31098_geowiki-landcover-2017,0.46667227,0.53332776
174_martinique-france,0.46667287,0.5333271
1658_ile-de-france,0.3939499,0.60605013
246_rwanda-ceo,0.55553144,0.4444686
1176_martinique-france,0.65435445,0.3456456
35532_geowiki-landcover-2017,0.4698818,0.53011817
2602_reunion-france,0.5699598,0.43004015
1408_tanzania-ceo,0.5555305,0.4444695
482_central-asia,0.3939499,0.60605013
21963_geowiki-landcover-2017,0.5844355,0.41556448
16304_geowiki-landcover-2017,0.55873233,0.44126764
1773_reunion-france,0.72038215,0.27961785
6285_canada,0.3939503,0.6060497
6612_canada,0.46990317,0.5300968
1128_canada,0.46667328,0.53332675
1950_ile-de-france,0.3939499,0.60605013
622_togo,0.46667287,0.5333271
422_rwanda-ceo,0.6543545,0.34564552
451_central-asia,0.3939499,0.60605013
121_germany,0.3939498,0.6060502
5947_canada,0.39395067,0.60604936
1972_rwanda-ceo,0.5555305,0.44446948
3478_geowiki-landcover-2017,0.46667218,0.5333278
820_central-asia,0.3939499,0.60605013
18743_geowiki-landcover-2017,0.46990404,0.530096
22650_geowiki-landcover-2017,0.49611366,0.50388634
21062_geowiki-landcover-2017,0.466673,0.53332704
26293_geowiki-landcover-2017,0.64379996,0.35620004
1631_ile-de-france,0.3939499,0.60605013
4241_central-asia,0.3939503,0.6060497
6911_canada,0.46667275,0.5333272
6889_canada,0.46990275,0.53009725
1363_germany,0.39395025,0.6060498
30365_geowiki-landcover-2017,0.39395085,0.6060491
3562_ile-de-france,0.3939499,0.60605013
31136_geowiki-landcover-2017,0.5440579,0.45594206
519_martinique-france,0.5555304,0.44446957
2139_croplands,0.46666807,0.53333193
12498_geowiki-landcover-2017,0.5555427,0.44445735
392_germany,0.3939499,0.60605013
5885_geowiki-landcover-2017,0.55555063,0.4444494
150_uganda,0.63024086,0.3697591
986_reunion-france,0.5699595,0.43004048
45_uganda,0.55873305,0.44126698
1975_central-asia,0.39394993,0.6060501
18052_geowiki-landcover-2017,0.5555297,0.4444703
246_sudan,0.46667802,0.53332204
1728_canada,0.46667287,0.5333271
28923_geowiki-landcover-2017,0.46667302,0.53332704
1888_ile-de-france,0.3939499,0.60605013
616_central-asia,0.3939499,0.60605013
14400_geowiki-landcover-2017,0.5555297,0.44447026
367_ethiopia,0.48146096,0.5185391
12609_croplands,0.4666729,0.5333271
28636_geowiki-landcover-2017,0.5699547,0.43004534
5725_canada,0.3939499,0.60605013
1655_tanzania-ceo,0.46667573,0.53332424
1567_central-asia,0.3939499,0.60605013
4148_central-asia,0.3939499,0.6060501
1861_kenya-non-crop,0.5555458,0.44445422
508_kenya-non-crop,0.630241,0.369759
1645_geowiki-landcover-2017,0.48147205,0.5185279
11202_geowiki-landcover-2017,0.5699597,0.4300403
1973_ile-de-france,0.39395025,0.6060497
31557_geowiki-landcover-2017,0.46667188,0.5333281
1644_martinique-france,0.5555305,0.44446954
1251_germany,0.39395,0.6060501
4862_canada,0.39395016,0.6060498
1216_mali-helmets-labelling-crops,0.46667212,0.53332794
3121_ile-de-france,0.46989802,0.530102
303_central-asia,0.3939499,0.60605013
11301_croplands,0.5555306,0.44446942
186_ethiopia,0.55873215,0.44126782
3099_rwanda-ceo,0.5555303,0.44446963
12968_geowiki-landcover-2017,0.5555306,0.44446942
13713_geowiki-landcover-2017,0.63024104,0.3697589
26462_geowiki-landcover-2017,0.54405946,0.45594054
3303_geowiki-landcover-2017,0.569958,0.43004203
25269_geowiki-landcover-2017,0.466673,0.53332704
2499_rwanda-ceo,0.7208015,0.27919853
5067_canada,0.3939499,0.6060501
2479_rwanda-ceo,0.7208022,0.27919784
917_kenya-non-crop,0.630241,0.36975905
1141_central-asia,0.3939499,0.60605013
67_tanzania-rice-ecaas,0.630241,0.369759
34469_geowiki-landcover-2017,0.54406106,0.45593888
8908_geowiki-landcover-2017,0.48146087,0.51853913
1479_kenya-non-crop,0.5440612,0.45593882
2366_ile-de-france,0.3939499,0.60605013
410_lem-brazil,0.654353,0.34564698
4237_ile-de-france,0.3939499,0.60605013
5938_canada,0.3939501,0.6060499
9421_croplands,0.46667293,0.53332704
8838_croplands,0.5555128,0.4444872
24323_geowiki-landcover-2017,0.63024074,0.3697593
9231_geowiki-landcover-2017,0.5699658,0.4300342
749_tanzania-rice-ecaas,0.63023746,0.3697625
4734_croplands,0.4666742,0.5333258
131_mali-helmets-labelling-crops,0.4666724,0.5333276
1152_martinique-france,0.5701764,0.42982352
9505_croplands,0.6302401,0.36975986
29418_geowiki-landcover-2017,0.46990052,0.53009945
2374_geowiki-landcover-2017,0.46667275,0.5333273
3161_ile-de-france,0.3939499,0.60605013
13701_geowiki-landcover-2017,0.5440612,0.45593882
846_croplands,0.39395007,0.60604995
1286_ile-de-france,0.3939499,0.60605013
34690_geowiki-landcover-2017,0.49523678,0.5047632
1873_canada,0.39395016,0.60604984
799_tanzania-rice-ecaas,0.63024,0.36975995
14342_geowiki-landcover-2017,0.48146087,0.5185391
910_togo,0.544061,0.45593897
7775_canada,0.4666724,0.5333276
5944_ile-de-france,0.3939499,0.60605013
24436_geowiki-landcover-2017,0.5555302,0.44446978
13496_croplands,0.46667275,0.5333273
903_ile-de-france,0.3939499,0.60605013
7292_canada,0.4699025,0.5300975
5110_central-asia,0.39395,0.60605
24743_geowiki-landcover-2017,0.48146087,0.5185391
23150_geowiki-landcover-2017,0.46667293,0.53332704
29079_geowiki-landcover-2017,0.39395645,0.6060436
1259_mali-helmets-labelling-crops,0.46667176,0.53332824
5945_canada,0.3939499,0.60605013
788_geowiki-landcover-2017,0.6302411,0.3697589
580_tanzania-ceo,0.630241,0.369759
2533_geowiki-landcover-2017,0.46667278,0.5333272
17744_geowiki-landcover-2017,0.4814648,0.51853526
2696_central-asia,0.3939499,0.60605013
62_ethiopia,0.5587322,0.4412678
18105_geowiki-landcover-2017,0.4699043,0.5300957
15825_geowiki-landcover-2017,0.55873156,0.4412684
1670_rwanda-ceo,0.65435386,0.3456462
7_kenya,0.5555382,0.4444618
10130_croplands,0.55553013,0.4444699
2065_central-asia,0.3939499,0.60605013
32599_geowiki-landcover-2017,0.46667287,0.5333271
7622_geowiki-landcover-2017,0.39543128,0.6045688
1813_rwanda-ceo,0.5555297,0.44447023
29348_geowiki-landcover-2017,0.39395022,0.6060498
843_croplands,0.39395,0.60605
2951_ile-de-france,0.39395,0.60605
1507_martinique-france,0.46667302,0.533327
11019_geowiki-landcover-2017,0.55553246,0.44446754
13861_geowiki-landcover-2017,0.5731372,0.42686284
4389_central-asia,0.3939499,0.6060501
2419_ile-de-france,0.3939499,0.60605013
650_croplands,0.55873215,0.44126782
270_canada,0.39395,0.6060501
20142_geowiki-landcover-2017,0.584434,0.41556603
33255_geowiki-landcover-2017,0.5844357,0.4155643
19046_geowiki-landcover-2017,0.55552953,0.44447044
2228_geowiki-landcover-2017,0.55553025,0.44446972
665_ile-de-france,0.39395016,0.60604984
252_ethiopia,0.65728354,0.34271646
1444_reunion-france,0.5555304,0.44446963
25622_geowiki-landcover-2017,0.39395,0.60605
35864_geowiki-landcover-2017,0.63024074,0.3697593
499_canada,0.46667287,0.5333271
5258_canada,0.39395016,0.6060498
852_rwanda-ceo,0.55553406,0.44446594
180_martinique-france,0.5699588,0.43004116
7377_geowiki-landcover-2017,0.6543493,0.3456507
7384_geowiki-landcover-2017,0.4666729,0.5333271
822_mali-helmets-labelling-crops,0.54405814,0.45594186
13024_geowiki-landcover-2017,0.5699636,0.43003643
35071_geowiki-landcover-2017,0.49611354,0.50388646
6614_canada,0.39395022,0.6060498
34054_geowiki-landcover-2017,0.46667284,0.53332716
95_kenya-non-crop,0.72080195,0.27919802
676_rwanda-ceo,0.63024056,0.36975947
4208_canada,0.4666461,0.53335387
55_mali-helmets-labelling-crops,0.46667176,0.53332824
7202_canada,0.39396057,0.6060394
627_mali-helmets-labelling-crops,0.4666724,0.5333276
5693_geowiki-landcover-2017,0.49611405,0.5038859
2665_geowiki-landcover-2017,0.46667293,0.53332704
374_lem-brazil,0.54406285,0.45593715
2508_canada,0.46667287,0.53332716
31266_geowiki-landcover-2017,0.39395007,0.60604995
26559_geowiki-landcover-2017,0.46667656,0.5333234
18981_geowiki-landcover-2017,0.39395007,0.60604995
1888_reunion-france,0.6543231,0.34567693
22604_geowiki-landcover-2017,0.5699581,0.43004188
3337_rwanda-ceo,0.5555306,0.44446942
2558_ile-de-france,0.469904,0.530096
4616_ile-de-france,0.3939499,0.60605013
2094_kenya-non-crop,0.7208022,0.2791978
922_geowiki-landcover-2017,0.5555305,0.44446948
1450_geowiki-landcover-2017,0.5555304,0.44446963
8303_geowiki-landcover-2017,0.5699597,0.43004024
7526_canada,0.39397004,0.60603
26543_geowiki-landcover-2017,0.57313746,0.42686254
33263_geowiki-landcover-2017,0.5844345,0.41556546
765_reunion-france,0.6034553,0.3965447
1869_germany,0.3939501,0.6060499
8806_geowiki-landcover-2017,0.55552876,0.44447118
339_martinique-france,0.65436065,0.3456393
29341_geowiki-landcover-2017,0.5699595,0.43004054
31705_geowiki-landcover-2017,0.46667254,0.53332746
13149_geowiki-landcover-2017,0.5699591,0.43004093
29781_geowiki-landcover-2017,0.46667287,0.5333271
29673_geowiki-landcover-2017,0.39395,0.60605
14081_geowiki-landcover-2017,0.5555305,0.4444695
1950_martinique-france,0.5699628,0.43003714
10152_geowiki-landcover-2017,0.5440626,0.45593733
2712_ile-de-france,0.4961137,0.50388634
13769_croplands,0.46667358,0.5333264
9370_geowiki-landcover-2017,0.584434,0.41556603
30147_geowiki-landcover-2017,0.5440612,0.45593885
15969_geowiki-landcover-2017,0.54406106,0.45593888
661_ethiopia,0.48146087,0.5185391
13240_geowiki-landcover-2017,0.5587331,0.44126683
1824_rwanda-ceo,0.7208022,0.27919775
3435_ile-de-france,0.39395016,0.60604984
34019_geowiki-landcover-2017,0.46667048,0.53332955
434_tanzania-ceo,0.7208021,0.2791979
5269_ile-de-france,0.469904,0.530096
1175_martinique-france,0.7208001,0.2791999
28424_geowiki-landcover-2017,0.46667022,0.5333298
25620_geowiki-landcover-2017,0.49611357,0.5038864
31559_geowiki-landcover-2017,0.46667302,0.533327
4695_croplands,0.466672,0.533328
637_kenya-non-crop,0.6131054,0.38689452
6753_canada,0.39395028,0.6060497
2078_canada,0.3939499,0.60605013
1085_reunion-france,0.72080195,0.27919802
677_germany,0.3939499,0.60605013
9587_croplands,0.4666779,0.5333221
31436_geowiki-landcover-2017,0.49611363,0.5038864
238_reunion-france,0.466673,0.53332704
1806_ile-de-france,0.39395133,0.60604864
223_reunion-france,0.5555278,0.44447213
3931_central-asia,0.39394993,0.6060501
21025_geowiki-landcover-2017,0.5555304,0.4444696
9553_croplands,0.46667308,0.5333269
4475_ile-de-france,0.39395,0.6060501
546_canada,0.46667287,0.5333271
716_kenya-non-crop,0.5555304,0.44446957
779_togo,0.6437998,0.35620022
32084_geowiki-landcover-2017,0.46667302,0.53332704
13950_geowiki-landcover-2017,0.48146087,0.5185391
5629_geowiki-landcover-2017,0.5440612,0.45593882
678_rwanda-ceo,0.6543543,0.34564573
17759_geowiki-landcover-2017,0.481461,0.518539
33965_geowiki-landcover-2017,0.39395022,0.6060498
27537_geowiki-landcover-2017,0.46667254,0.5333275
2069_martinique-france,0.4666878,0.53331226
4278_geowiki-landcover-2017,0.5587324,0.44126758
1746_geowiki-landcover-2017,0.56996006,0.4300399
13968_geowiki-landcover-2017,0.48146102,0.518539
20114_geowiki-landcover-2017,0.4961111,0.5038889
11312_geowiki-landcover-2017,0.5844494,0.41555065
244_germany,0.3939499,0.60605013
3505_central-asia,0.3939499,0.60605013
1068_mali-helmets-labelling-crops,0.46667176,0.53332824
1212_kenya-non-crop,0.6543527,0.34564725
950_germany,0.3939499,0.60605013
1369_mali-helmets-labelling-crops,0.54406005,0.45593995
1474_tanzania-ceo,0.63024104,0.369759
2687_reunion-france,0.65435416,0.34564587
10004_croplands,0.55553126,0.44446874
4740_croplands,0.46667087,0.5333291
6642_geowiki-landcover-2017,0.39395282,0.60604715
1489_canada,0.5699597,0.43004024
9128_geowiki-landcover-2017,0.5587228,0.44127718
28455_geowiki-landcover-2017,0.64379424,0.35620576
16226_geowiki-landcover-2017,0.5555305,0.44446954
18416_geowiki-landcover-2017,0.64378977,0.3562102
760_martinique-france,0.46667287,0.5333271
54_croplands,0.48146102,0.518539
485_rwanda-ceo,0.7207692,0.27923077
5_mali-helmets-labelling-crops,0.4666726,0.5333274
33185_geowiki-landcover-2017,0.39395037,0.6060496
798_central-asia,0.3939499,0.60605013
2135_croplands,0.46667093,0.53332907
90_reunion-france,0.48146373,0.51853627
3244_geowiki-landcover-2017,0.46667236,0.53332764
2040_reunion-france,0.5699566,0.43004334
1846_rwanda-ceo,0.63023984,0.36976013
4320_geowiki-landcover-2017,0.5587287,0.4412713
4302_central-asia,0.39395025,0.6060497
294_ethiopia,0.4814609,0.5185391
15748_geowiki-landcover-2017,0.5555305,0.44446948
1027_mali-helmets-labelling-crops,0.54406035,0.45593962
6456_geowiki-landcover-2017,0.46667308,0.533327
820_tanzania-ceo,0.65435386,0.34564614
31100_geowiki-landcover-2017,0.4961137,0.50388634
1194_kenya-non-crop,0.630226,0.36977395
1961_central-asia,0.3939499,0.60605013
5822_canada,0.3939499,0.60605013
1608_ile-de-france,0.3939499,0.60605013
33961_geowiki-landcover-2017,0.3939499,0.6060501
1241_mali-helmets-labelling-crops,0.46667174,0.53332824
3547_rwanda-ceo,0.6543522,0.34564784
6929_geowiki-landcover-2017,0.39395025,0.6060497
878_geowiki-landcover-2017,0.5555304,0.44446957
33170_geowiki-landcover-2017,0.39395067,0.6060493
3035_rwanda-ceo,0.63024104,0.369759
6759_canada,0.3939504,0.6060496
667_central-asia,0.3939499,0.60605013
1721_ile-de-france,0.3939499,0.60605013
1285_germany,0.39395025,0.6060497
14166_geowiki-landcover-2017,0.39397034,0.6060296
137_tanzania,0.65435445,0.34564555
849_canada,0.46337593,0.5366241
15906_geowiki-landcover-2017,0.55873144,0.44126862
26_tanzania-ceo,0.54406106,0.45593888
18017_geowiki-landcover-2017,0.39395,0.6060501
298_central-asia,0.3939499,0.6060501
169_kenya-non-crop,0.7208021,0.2791979
3662_ile-de-france,0.39395,0.60605
373_kenya-non-crop,0.720795,0.27920502
499_croplands,0.46667266,0.53332734
1636_rwanda-ceo,0.5555304,0.44446957
2218_canada,0.39395025,0.6060497
162_togo,0.5440612,0.45593885
1517_germany,0.3939499,0.60605013
11697_geowiki-landcover-2017,0.64379936,0.35620064
158_togo,0.46667323,0.53332675
1558_reunion-france,0.555534,0.44446602
1937_reunion-france,0.6974267,0.30257338
1784_martinique-france,0.55553025,0.44446972
199_mali-helmets-labelling-crops,0.46667212,0.53332794
3037_canada,0.5440612,0.45593885
14158_croplands,0.46667314,0.53332686
1099_reunion-france,0.48146164,0.51853836
35426_geowiki-landcover-2017,0.49611357,0.50388646
1100_tanzania-ceo,0.7208018,0.27919823
10765_geowiki-landcover-2017,0.4814608,0.51853913
11389_geowiki-landcover-2017,0.56995827,0.4300417
3401_geowiki-landcover-2017,0.4666834,0.5333167
3008_rwanda-ceo,0.5555381,0.44446188
592_central-asia,0.3939499,0.60605013
2140_croplands,0.5555198,0.4444802
5883_ile-de-france,0.4699035,0.53009653
543_rwanda-ceo,0.72080183,0.27919814
16938_geowiki-landcover-2017,0.5845306,0.4154694
3494_central-asia,0.3939499,0.60605013
30481_geowiki-landcover-2017,0.46667287,0.5333271
3607_canada,0.39395,0.6060501
4766_ile-de-france,0.46990356,0.5300965
976_germany,0.4693856,0.53061444
1906_geowiki-landcover-2017,0.5699698,0.4300302
2857_central-asia,0.3939499,0.6060501
503_central-asia,0.3939499,0.60605013
5717_geowiki-landcover-2017,0.48146096,0.5185391
35676_geowiki-landcover-2017,0.46667206,0.533328
1216_togo,0.4666735,0.5333265
25238_geowiki-landcover-2017,0.72079885,0.27920112
2368_ile-de-france,0.3939499,0.60605013
22138_geowiki-landcover-2017,0.4667295,0.53327054
250_tanzania-ceo,0.5440612,0.45593885
4379_geowiki-landcover-2017,0.65435445,0.3456456
3213_central-asia,0.39395,0.6060501
3472_canada,0.39395025,0.6060497
996_togo,0.4666729,0.5333271
119_lem-brazil,0.64380836,0.35619164
134_ile-de-france,0.3939499,0.60605013
89_tanzania-rice-ecaas,0.6302405,0.3697595
2534_geowiki-landcover-2017,0.5699593,0.43004078
14357_geowiki-landcover-2017,0.5555306,0.44446942
6110_ile-de-france,0.3939499,0.60605013
3222_rwanda-ceo,0.5568741,0.44312584
813_germany,0.3939499,0.60605013
1036_croplands,0.46667328,0.5333267
881_togo,0.5440603,0.45593968
29496_geowiki-landcover-2017,0.39395028,0.6060497
3587_rwanda-ceo,0.63024104,0.3697589
235_togo,0.46667293,0.53332704
23333_geowiki-landcover-2017,0.46666905,0.533331
96_mali,0.46667257,0.53332746
596_canada,0.4666729,0.5333271
519_ethiopia,0.4814609,0.5185391
23355_geowiki-landcover-2017,0.54319537,0.4568047
1606_germany,0.39395,0.60605
1040_central-asia,0.39395,0.60604995
2055_geowiki-landcover-2017,0.65435433,0.3456457
4136_ile-de-france,0.39394984,0.60605013
35682_geowiki-landcover-2017,0.39395007,0.60604995
23526_geowiki-landcover-2017,0.57313925,0.42686072
1840_canada,0.39395094,0.606049
2249_central-asia,0.39395,0.6060501
5597_ile-de-france,0.4699026,0.5300974
4817_geowiki-landcover-2017,0.48145956,0.51854044
33751_geowiki-landcover-2017,0.3939499,0.60605013
105_mali-helmets-labelling-crops,0.46667206,0.53332794
3655_canada,0.3939503,0.6060497
3607_croplands,0.46667382,0.5333262
2465_rwanda-ceo,0.6543572,0.3456428
14564_geowiki-landcover-2017,0.48146108,0.51853895
5876_canada,0.3939499,0.6060501
1002_germany,0.39398,0.60602003
393_rwanda-ceo,0.7208007,0.27919924
22310_geowiki-landcover-2017,0.46667427,0.53332573
15344_geowiki-landcover-2017,0.46667284,0.53332716
132_togo,0.46667302,0.53332704
3602_ile-de-france,0.3939499,0.60605013
24740_geowiki-landcover-2017,0.4699041,0.5300959
14972_geowiki-landcover-2017,0.56995964,0.4300404
7024_geowiki-landcover-2017,0.4666729,0.5333271
585_rwanda-ceo,0.63024104,0.3697589
27811_geowiki-landcover-2017,0.466673,0.53332704
244_ile-de-france,0.39395,0.60605
18608_geowiki-landcover-2017,0.65435016,0.34564984
10030_croplands,0.5555295,0.44447052
2063_kenya-non-crop,0.5440612,0.45593885
2801_central-asia,0.39395,0.60604995
4915_croplands,0.47028133,0.5297187
3412_central-asia,0.3939499,0.60605013
1318_tanzania-ceo,0.6543536,0.34564632
889_canada,0.4666728,0.5333272
242_togo,0.4666749,0.53332514
10860_croplands,0.54371744,0.45628256
232_rwanda-ceo,0.72080004,0.2792
7178_geowiki-landcover-2017,0.48146364,0.5185364
0_mali-non-crop,0.544044,0.455956
29516_geowiki-landcover-2017,0.5699599,0.43004015
26238_geowiki-landcover-2017,0.56995976,0.43004024
1184_tanzania-ceo,0.5555523,0.44444764
4933_croplands,0.5440618,0.45593822
1427_canada,0.5699598,0.43004015
34027_geowiki-landcover-2017,0.3939499,0.6060501
31145_geowiki-landcover-2017,0.39394993,0.6060501
285_rwanda-ceo,0.5555866,0.44441345
26997_geowiki-landcover-2017,0.4814608,0.51853913
41_uganda,0.63024265,0.36975738
1728_germany,0.39395022,0.6060498
30232_geowiki-landcover-2017,0.39395034,0.60604966
10326_geowiki-landcover-2017,0.656912,0.34308794
2045_central-asia,0.3939499,0.60605013
1335_martinique-france,0.65435463,0.3456454
16485_geowiki-landcover-2017,0.7208021,0.27919784
1564_rwanda-ceo,0.63024086,0.36975914
13069_croplands,0.630241,0.369759
38_tanzania-rice-ecaas,0.6302401,0.36975995
550_tanzania-ceo,0.63025224,0.36974776
1113_rwanda-ceo,0.6543542,0.34564576
2200_croplands,0.6302392,0.36976078
32362_geowiki-landcover-2017,0.46990418,0.5300958
10654_croplands,0.63023865,0.36976135
4550_croplands,0.544056,0.455944
20836_geowiki-landcover-2017,0.4814608,0.5185392
2383_ile-de-france,0.3939499,0.60605013
818_canada,0.46667287,0.5333271
3448_canada,0.46667355,0.53332645
541_mali-helmets-labelling-crops,0.4666724,0.5333276
630_togo,0.46667293,0.53332704
1062_togo,0.5440612,0.45593888
1773_germany,0.3939499,0.60605013
5838_ile-de-france,0.3939501,0.6060499
1001_rwanda-ceo,0.55553234,0.44446772
5220_central-asia,0.48145902,0.5185409
2293_germany,0.46990404,0.530096
30684_geowiki-landcover-2017,0.3939504,0.6060496
18491_geowiki-landcover-2017,0.6543542,0.34564573
19983_geowiki-landcover-2017,0.48177302,0.518227
23564_geowiki-landcover-2017,0.39395,0.6060501
19141_geowiki-landcover-2017,0.46667293,0.53332704
4524_central-asia,0.39395,0.60604995
1672_canada,0.39395,0.60604995
2422_germany,0.46990404,0.53009593
1310_croplands,0.46667588,0.5333241
10141_croplands,0.5555302,0.44446978
30940_geowiki-landcover-2017,0.46990383,0.5300961
564_geowiki-landcover-2017,0.5699342,0.4300658
16985_geowiki-landcover-2017,0.5555305,0.4444695
15_brazil-non-crop,0.64379996,0.35620004
2844_geowiki-landcover-2017,0.54405975,0.45594028
20523_geowiki-landcover-2017,0.39395055,0.6060495
281_tanzania,0.5555305,0.44446948
11024_croplands,0.56996036,0.4300396
31333_geowiki-landcover-2017,0.39395,0.60605
34286_geowiki-landcover-2017,0.46667287,0.5333271
25904_geowiki-landcover-2017,0.5699603,0.43003973
14201_geowiki-landcover-2017,0.48146096,0.518539
245_ethiopia,0.544061,0.45593902
14779_geowiki-landcover-2017,0.4666756,0.53332436
13704_geowiki-landcover-2017,0.6543499,0.34565005
2046_rwanda-ceo,0.65435433,0.34564567
4322_croplands,0.4666727,0.5333273
81_lem-brazil,0.5555292,0.44447085
48_mali-non-crop,0.4666721,0.53332794
7118_canada,0.46667284,0.53332716
4520_ile-de-france,0.3939499,0.60605013
10085_croplands,0.5555304,0.44446963
5229_ile-de-france,0.46990296,0.530097
3145_geowiki-landcover-2017,0.466672,0.533328
1748_kenya-non-crop,0.630241,0.369759
7919_canada,0.3939514,0.60604864
696_kenya-non-crop,0.55553585,0.44446412
244_rwanda-ceo,0.7207918,0.27920824
10105_croplands,0.6302408,0.36975926
3537_central-asia,0.3939499,0.60605013
31238_geowiki-landcover-2017,0.39395007,0.6060499
3424_geowiki-landcover-2017,0.4666726,0.5333274
34828_geowiki-landcover-2017,0.39395025,0.6060497
20348_geowiki-landcover-2017,0.48146108,0.51853895
246_togo,0.46667302,0.53332704
1065_croplands,0.46667355,0.5333264
15818_geowiki-landcover-2017,0.4814609,0.5185391
304_mali-helmets-labelling-crops,0.46667212,0.53332794
561_croplands,0.46990436,0.5300956
310_ile-de-france,0.39395,0.6060501
203_central-asia,0.3939499,0.60605013
5194_ile-de-france,0.39395943,0.60604054
6425_geowiki-landcover-2017,0.46754205,0.53245795
277_rwanda-ceo,0.6302409,0.36975908
5764_canada,0.39395,0.60604995
721_lem-brazil,0.544064,0.455936
460_ethiopia,0.6543532,0.3456468
1208_togo,0.5440606,0.45593938
9147_croplands,0.6437967,0.35620332
759_central-asia,0.4961136,0.5038864
7892_geowiki-landcover-2017,0.6543542,0.34564576
1260_reunion-france,0.5555304,0.44446957
6562_canada,0.3939499,0.60605013
30121_geowiki-landcover-2017,0.46667364,0.5333263
527_tanzania-rice-ecaas,0.63024056,0.3697594
1819_ile-de-france,0.3939499,0.60605013
5021_central-asia,0.39395177,0.6060482
22990_geowiki-landcover-2017,0.5587325,0.4412675
1531_reunion-france,0.52739215,0.47260782
2070_kenya-non-crop,0.5440612,0.45593882
241_reunion-france,0.46667367,0.5333263
2728_rwanda-ceo,0.55553025,0.44446975
438_kenya-non-crop,0.5587341,0.4412659
2933_geowiki-landcover-2017,0.5699593,0.43004072
1355_croplands,0.4666728,0.5333272
3115_geowiki-landcover-2017,0.4666725,0.5333275
16875_geowiki-landcover-2017,0.7208021,0.27919784
15347_geowiki-landcover-2017,0.72079515,0.27920482
6254_canada,0.39395943,0.6060406
30163_geowiki-landcover-2017,0.5699575,0.4300425
948_ile-de-france,0.3939499,0.60605013
4028_geowiki-landcover-2017,0.46990404,0.530096
13143_geowiki-landcover-2017,0.56995964,0.43004036
1079_reunion-france,0.5555292,0.44447088
945_geowiki-landcover-2017,0.6302408,0.36975917
1487_central-asia,0.3939499,0.60605013
760_lem-brazil,0.544062,0.45593795
3596_ile-de-france,0.39394984,0.60605013
824_reunion-france,0.72080106,0.27919888
2757_reunion-france,0.65728575,0.34271422
18144_geowiki-landcover-2017,0.5844327,0.41556728
5101_ile-de-france,0.3939499,0.60605013
6501_canada,0.46667123,0.5333288
1751_central-asia,0.3939499,0.60605013
14556_croplands,0.55553055,0.44446948
3975_ile-de-france,0.39395,0.60605
3201_canada,0.6415453,0.35845473
3727_ile-de-france,0.3939511,0.60604894
1458_germany,0.3939499,0.60605013
27919_geowiki-landcover-2017,0.5844341,0.41556588
13920_geowiki-landcover-2017,0.46990597,0.530094
1006_kenya-non-crop,0.630241,0.369759
1968_geowiki-landcover-2017,0.5699597,0.4300403
854_canada,0.39395604,0.606044
254_martinique-france,0.5555056,0.44449443
14451_geowiki-landcover-2017,0.57313323,0.42686683
367_ile-de-france,0.3939499,0.6060501
1502_ile-de-france,0.39395007,0.60604995
135_martinique-france,0.46667388,0.53332615
10572_geowiki-landcover-2017,0.5844339,0.41556606
557_croplands,0.46990377,0.5300963
7720_canada,0.4699039,0.5300961
1237_kenya-non-crop,0.6437999,0.35620007
29097_geowiki-landcover-2017,0.5440612,0.45593882
7793_canada,0.46631783,0.53368217
1667_rwanda-ceo,0.6302383,0.36976165
4110_central-asia,0.3939499,0.60605013
4583_geowiki-landcover-2017,0.49610922,0.5038908
3385_geowiki-landcover-2017,0.4666728,0.5333272
23431_geowiki-landcover-2017,0.39394993,0.6060501
1902_geowiki-landcover-2017,0.5699594,0.43004063
1452_tanzania-ceo,0.6302403,0.36975974
31773_geowiki-landcover-2017,0.39395,0.60604995
1166_germany,0.5730991,0.4269009
1172_rwanda-ceo,0.65435433,0.34564567
512_central-asia,0.39395007,0.60604995
2213_rwanda-ceo,0.63024104,0.3697589
14569_geowiki-landcover-2017,0.55873203,0.44126794
21695_geowiki-landcover-2017,0.48146087,0.5185391
4417_croplands,0.4666723,0.5333277
34966_geowiki-landcover-2017,0.48146033,0.51853967
98_rwanda-ceo,0.63024104,0.36975893
2465_geowiki-landcover-2017,0.46667227,0.53332776
11378_geowiki-landcover-2017,0.58443475,0.41556522
962_martinique-france,0.65434897,0.34565103
3169_rwanda-ceo,0.63024104,0.3697589
30852_geowiki-landcover-2017,0.4961161,0.5038839
758_togo,0.64379996,0.35619998
1272_mali-helmets-labelling-crops,0.4666718,0.5333282
3855_canada,0.3939499,0.60605013
1138_tanzania-ceo,0.6543493,0.34565067
13_tanzania-rice-ecaas,0.5555304,0.44446957
1693_geowiki-landcover-2017,0.58443666,0.41556334
23796_geowiki-landcover-2017,0.48146087,0.5185391
84_germany,0.39395013,0.6060499
3_geowiki-landcover-2017,0.5440617,0.45593825
10057_croplands,0.5555302,0.44446978
12364_geowiki-landcover-2017,0.5555305,0.44446954
4060_ile-de-france,0.39394993,0.6060501
75_tanzania-ceo,0.5440611,0.45593888
162_mali-helmets-labelling-crops,0.46667212,0.5333279
696_reunion-france,0.72080195,0.27919802
670_martinique-france,0.46667284,0.53332716
18910_geowiki-landcover-2017,0.6543523,0.3456477
256_kenya-non-crop,0.6302407,0.3697593
1046_germany,0.3939499,0.60605013
253_croplands,0.466673,0.53332704
92_lem-brazil,0.6543503,0.3456497
19173_geowiki-landcover-2017,0.49610794,0.503892
32209_geowiki-landcover-2017,0.39395165,0.60604835
339_sudan,0.39395112,0.6060488
14460_geowiki-landcover-2017,0.5555305,0.4444695
2511_kenya-non-crop,0.7208022,0.27919775
27471_geowiki-landcover-2017,0.6543482,0.34565178
2009_reunion-france,0.46667293,0.53332704
3616_central-asia,0.3939499,0.60605013
332_rwanda-ceo,0.72063935,0.27936062
35320_geowiki-landcover-2017,0.39395016,0.6060498
4521_geowiki-landcover-2017,0.46667302,0.533327
8488_croplands,0.46667317,0.5333268
8547_croplands,0.5699628,0.43003717
16213_geowiki-landcover-2017,0.5587322,0.44126776
14115_croplands,0.55553013,0.4444699
1679_central-asia,0.39394984,0.60605013
594_tanzania-rice-ecaas,0.63023865,0.36976135
2084_rwanda-ceo,0.7208021,0.2791979
951_rwanda-ceo,0.72080207,0.2791979
1416_kenya-non-crop,0.72080207,0.27919793
29490_geowiki-landcover-2017,0.466673,0.53332704
5656_geowiki-landcover-2017,0.48146042,0.51853955
892_reunion-france,0.58181435,0.41818565
2924_rwanda-ceo,0.63024086,0.3697591
75_rwanda-ceo,0.7208021,0.2791979
1392_tanzania-ceo,0.630241,0.369759
142_ethiopia,0.48146197,0.51853806
944_martinique-france,0.65435404,0.34564596
8_mali,0.46667162,0.53332835
990_ile-de-france,0.3939499,0.60605013
16540_geowiki-landcover-2017,0.63024104,0.369759
2874_croplands,0.6302406,0.36975938
2255_kenya-non-crop,0.5440616,0.45593846
55_uganda,0.48146743,0.51853263
2123_tanzania-ceo,0.6302409,0.36975908
5589_geowiki-landcover-2017,0.555533,0.44446698
4360_ile-de-france,0.39394993,0.6060501
1128_martinique-france,0.654353,0.34564698
4624_geowiki-landcover-2017,0.5440392,0.45596075
28565_geowiki-landcover-2017,0.58498186,0.4150181
1885_martinique-france,0.6302397,0.3697603
2405_geowiki-landcover-2017,0.5699595,0.43004048
3339_ile-de-france,0.39395022,0.6060498
2474_reunion-france,0.65435314,0.34564683
432_lem-brazil,0.46668804,0.53331196
980_reunion-france,0.65435416,0.34564587
825_germany,0.46975908,0.5302409
4058_ile-de-france,0.3939499,0.60605013
34299_geowiki-landcover-2017,0.39395025,0.6060497
1096_kenya-non-crop,0.6302406,0.36975938
8542_geowiki-landcover-2017,0.46667287,0.5333271
798_togo,0.5440612,0.45593882
1190_tanzania-ceo,0.5440612,0.45593885
3480_ile-de-france,0.39395007,0.60604995
1425_rwanda-ceo,0.63024074,0.3697593
434_croplands,0.39395,0.6060501
6379_canada,0.3939514,0.6060486
684_reunion-france,0.6302456,0.36975434
1219_central-asia,0.39394993,0.6060501
7787_canada,0.643733,0.35626698
915_mali-helmets-labelling-crops,0.64374876,0.3562512
8712_geowiki-landcover-2017,0.63023776,0.3697622
3891_ile-de-france,0.39395007,0.60604995
1124_germany,0.3939499,0.60605013
213_ethiopia,0.54406285,0.45593718
26340_geowiki-landcover-2017,0.569967,0.43003303
10201_croplands,0.55553025,0.44446972
710_togo,0.46667302,0.53332704
14452_geowiki-landcover-2017,0.55873185,0.44126818
28721_geowiki-landcover-2017,0.6438001,0.35619992
2654_ile-de-france,0.3939499,0.60605013
600_togo,0.46667355,0.5333264
399_martinique-france,0.46673715,0.5332629
25559_geowiki-landcover-2017,0.5699815,0.43001848
17536_geowiki-landcover-2017,0.4699039,0.5300961
809_lem-brazil,0.6302408,0.36975917
1287_canada,0.46667293,0.53332704
526_croplands,0.39395103,0.60604894
14077_geowiki-landcover-2017,0.5699597,0.4300403
616_canada,0.3939499,0.6060501
277_tanzania-ceo,0.55553055,0.44446942
2960_central-asia,0.39395216,0.6060478
3059_central-asia,0.3939499,0.6060501
3868_ile-de-france,0.3939499,0.60605013
3231_canada,0.573138,0.42686197
29905_geowiki-landcover-2017,0.39395112,0.6060488
3362_canada,0.46667305,0.533327
13375_geowiki-landcover-2017,0.39395374,0.60604626
1402_tanzania-ceo,0.55548304,0.444517
277_togo,0.46667287,0.5333271
1209_tanzania-ceo,0.5440621,0.4559379
18099_geowiki-landcover-2017,0.57313514,0.42686486
2826_ile-de-france,0.3939499,0.60605013
2984_canada,0.393987,0.606013
2426_germany,0.39540052,0.6045995
25421_geowiki-landcover-2017,0.46667302,0.533327
1233_rwanda-ceo,0.6302404,0.36975956
576_togo,0.54405916,0.45594078
2832_rwanda-ceo,0.7207897,0.27921027
26304_geowiki-landcover-2017,0.4961137,0.50388634
1822_ile-de-france,0.4698913,0.53010875
1967_central-asia,0.39395,0.6060501
2265_croplands,0.46667355,0.5333264
34528_geowiki-landcover-2017,0.39395007,0.60604995
1985_reunion-france,0.63023907,0.36976093
27743_geowiki-landcover-2017,0.5699588,0.43004122
118_germany,0.3939499,0.6060501
12515_croplands,0.5440612,0.45593882
27873_geowiki-landcover-2017,0.48163673,0.5183633
727_ile-de-france,0.3939501,0.6060499
13578_geowiki-landcover-2017,0.64379936,0.35620058
604_central-asia,0.3939499,0.60605013
1181_martinique-france,0.6543536,0.34564632
651_kenya-non-crop,0.65435386,0.3456462
2279_rwanda-ceo,0.63024104,0.36975893
12767_geowiki-landcover-2017,0.58443415,0.41556585
241_ethiopia,0.54406077,0.45593923
1984_geowiki-landcover-2017,0.46667275,0.5333273
353_ethiopia,0.55872935,0.44127062
16761_geowiki-landcover-2017,0.56996024,0.43003976
2773_rwanda-ceo,0.7208002,0.2791998
3247_central-asia,0.3939499,0.60605013
6240_canada,0.3939499,0.60605013
15995_geowiki-landcover-2017,0.55873233,0.44126764
7179_geowiki-landcover-2017,0.5699593,0.43004075
3988_canada,0.39395,0.60604995
1341_martinique-france,0.5555305,0.4444695
126_kenya-non-crop,0.6302408,0.3697592
2108_martinique-france,0.6543545,0.34564552
3461_central-asia,0.3939499,0.60605013
664_martinique-france,0.46667293,0.53332704
5853_geowiki-landcover-2017,0.5555306,0.44446942
10686_croplands,0.5555294,0.44447058
35235_geowiki-landcover-2017,0.48147556,0.5185244
5267_ile-de-france,0.3939499,0.60605013
2250_tanzania-ceo,0.630241,0.369759
1882_martinique-france,0.466673,0.53332704
1802_central-asia,0.3939499,0.60605013
228_togo,0.54406106,0.4559389
314_kenya-non-crop,0.72080195,0.2791981
816_togo,0.5555303,0.4444697
63_ile-de-france,0.39395,0.6060501
20_germany,0.39395013,0.6060499
2325_reunion-france,0.5699596,0.43004042
583_martinique-france,0.6543542,0.34564573
18717_geowiki-landcover-2017,0.48142624,0.51857376
25501_geowiki-landcover-2017,0.481463,0.518537
33666_geowiki-landcover-2017,0.5844335,0.41556653
6287_geowiki-landcover-2017,0.54396415,0.45603585
30864_geowiki-landcover-2017,0.4666719,0.53332806
2470_kenya-non-crop,0.63023627,0.36976373
7658_geowiki-landcover-2017,0.39403206,0.60596794
5601_geowiki-landcover-2017,0.55553025,0.44446975
33904_geowiki-landcover-2017,0.54406,0.45594
292_germany,0.39395002,0.60604995
3324_canada,0.39395204,0.606048
192_mali-helmets-labelling-crops,0.46667197,0.53332806
1122_mali-helmets-labelling-crops,0.5440584,0.45594156
8489_croplands,0.54406136,0.45593867
4364_central-asia,0.3939499,0.6060501
104_mali-non-crop,0.5440602,0.4559398
1525_reunion-france,0.48146036,0.51853967
26899_geowiki-landcover-2017,0.39395,0.60605
21741_geowiki-landcover-2017,0.4666987,0.5333013
3295_canada,0.7208023,0.27919772
17426_geowiki-landcover-2017,0.6437938,0.3562062
2368_kenya-non-crop,0.5699678,0.4300322
19379_geowiki-landcover-2017,0.46667218,0.5333278
28727_geowiki-landcover-2017,0.39394993,0.6060501
3748_canada,0.39395073,0.6060493
978_martinique-france,0.5699598,0.43004015
11234_geowiki-landcover-2017,0.4699041,0.5300959
1189_ile-de-france,0.39395007,0.6060499
1095_martinique-france,0.55553025,0.44446978
29587_geowiki-landcover-2017,0.46666825,0.5333317
823_ile-de-france,0.3939499,0.60605013
27708_geowiki-landcover-2017,0.46667308,0.5333269
2123_geowiki-landcover-2017,0.6437975,0.3562025
7484_canada,0.46667278,0.5333272
4900_croplands,0.5441421,0.45585793
23008_geowiki-landcover-2017,0.55873233,0.4412677
4355_ile-de-france,0.39394993,0.6060501
9826_geowiki-landcover-2017,0.630241,0.369759
3367_rwanda-ceo,0.72080207,0.2791979
1126_central-asia,0.3939499,0.60605013
5981_canada,0.3939499,0.6060501
2324_canada,0.39395,0.6060501
1147_tanzania-ceo,0.6302403,0.36975974
1899_reunion-france,0.65728307,0.3427169
5223_geowiki-landcover-2017,0.5229342,0.4770658
1000_ile-de-france,0.3939501,0.6060499
288_mali-helmets-labelling-crops,0.54406023,0.4559398
3233_central-asia,0.3939499,0.6060501
1144_geowiki-landcover-2017,0.6437982,0.3562018
24324_geowiki-landcover-2017,0.4666729,0.5333271
8877_geowiki-landcover-2017,0.4699043,0.53009576
2453_central-asia,0.3939499,0.60605013
32812_geowiki-landcover-2017,0.46667266,0.53332734
27401_geowiki-landcover-2017,0.46667308,0.533327
73_martinique-france,0.65435433,0.34564567
1541_rwanda-ceo,0.72077084,0.2792292
1324_tanzania-ceo,0.7208022,0.27919784
3406_central-asia,0.3939499,0.60605013
178_tanzania,0.5555305,0.44446948
18272_geowiki-landcover-2017,0.3939501,0.6060499
37_sudan,0.544061,0.45593902
9573_geowiki-landcover-2017,0.46989745,0.53010255
30753_geowiki-landcover-2017,0.46667317,0.5333268
6523_canada,0.39405546,0.6059446
195_martinique-france,0.65435433,0.34564567
1_martinique-france,0.46667588,0.5333241
35346_geowiki-landcover-2017,0.3939499,0.60605013
13016_geowiki-landcover-2017,0.55552965,0.4444703
4190_central-asia,0.3939499,0.60605013
2127_martinique-france,0.65435433,0.34564564
491_rwanda-ceo,0.65436417,0.34563586
13896_geowiki-landcover-2017,0.5699607,0.43003923
1569_central-asia,0.3939499,0.60605013
234_lem-brazil,0.63023525,0.36976472
1614_martinique-france,0.65435314,0.34564683
4355_canada,0.3939513,0.60604864
34344_geowiki-landcover-2017,0.6302409,0.36975908
4200_ile-de-france,0.3939499,0.60605013
14919_geowiki-landcover-2017,0.63024086,0.3697591
450_martinique-france,0.6543466,0.3456534
20515_geowiki-landcover-2017,0.46667293,0.53332704
1783_reunion-france,0.65435475,0.34564528
3466_canada,0.4666728,0.5333272
3319_geowiki-landcover-2017,0.49615037,0.5038496
1783_kenya-non-crop,0.630241,0.369759
4737_canada,0.49614266,0.5038573
896_kenya-non-crop,0.630241,0.36975905
2249_germany,0.3939499,0.60605013
13549_croplands,0.5699604,0.4300396
1283_rwanda-ceo,0.55553734,0.44446263
2356_geowiki-landcover-2017,0.569958,0.4300421
27617_geowiki-landcover-2017,0.5440612,0.45593882
618_ile-de-france,0.39394993,0.6060501
3989_ile-de-france,0.4699017,0.53009826
4049_ile-de-france,0.39395,0.6060501
938_mali-helmets-labelling-crops,0.46667317,0.5333268
22232_geowiki-landcover-2017,0.5555303,0.44446972
2262_rwanda-ceo,0.6543564,0.34564358
18014_geowiki-landcover-2017,0.4666734,0.5333266
1365_mali-helmets-labelling-crops,0.46667174,0.53332824
234_mali-helmets-labelling-crops,0.46667254,0.5333275
1871_canada,0.39395025,0.6060498
564_kenya-non-crop,0.720802,0.27919802
30861_geowiki-landcover-2017,0.46667287,0.5333271
87_germany,0.39395103,0.606049
33162_geowiki-landcover-2017,0.39395007,0.60604995
617_tanzania-ceo,0.54406106,0.45593888
2282_germany,0.39395,0.60605
18253_geowiki-landcover-2017,0.39395046,0.60604954
696_togo,0.54405946,0.45594057
6355_geowiki-landcover-2017,0.5555304,0.44446957
34606_geowiki-landcover-2017,0.57309157,0.42690843
2985_geowiki-landcover-2017,0.46667248,0.5333275
114_togo,0.64379776,0.35620224
12_canada,0.4666736,0.5333264
26702_geowiki-landcover-2017,0.5555305,0.44446948
162_tanzania,0.55553055,0.44446948
193_sudan,0.46667254,0.53332746
2556_rwanda-ceo,0.72080183,0.27919814
6071_canada,0.3939504,0.6060496
263_togo,0.46667308,0.533327
32839_geowiki-landcover-2017,0.46671152,0.5332884
26491_geowiki-landcover-2017,0.46667305,0.533327
4920_croplands,0.5440615,0.4559385
452_kenya-non-crop,0.65728515,0.34271485
17830_geowiki-landcover-2017,0.39443263,0.60556734
17033_geowiki-landcover-2017,0.56995964,0.43004033
1790_martinique-france,0.65435416,0.3456459
6157_ile-de-france,0.46990088,0.5300991
396_central-asia,0.3939499,0.60605013
2122_martinique-france,0.65435237,0.34564766
2199_rwanda-ceo,0.63024104,0.369759
698_geowiki-landcover-2017,0.5440612,0.45593888
2446_reunion-france,0.65435386,0.3456462
204_geowiki-landcover-2017,0.6437862,0.3562138
4385_central-asia,0.39394984,0.60605013
306_tanzania-rice-ecaas,0.5555311,0.44446895
10722_croplands,0.55552965,0.4444703
186_tanzania-ceo,0.720802,0.27919802
372_germany,0.4699023,0.53009766
1584_tanzania-ceo,0.63024104,0.3697589
258_geowiki-landcover-2017,0.5440615,0.45593846
375_tanzania,0.5555305,0.44446954
33953_geowiki-landcover-2017,0.46990418,0.5300958
7965_geowiki-landcover-2017,0.46990365,0.53009635
24511_geowiki-landcover-2017,0.55553055,0.44446948
2249_martinique-france,0.6543542,0.34564582
983_central-asia,0.3939499,0.60605013
2505_reunion-france,0.54406047,0.45593956
305_togo,0.5440608,0.45593917
2302_germany,0.39395,0.6060501
5244_ile-de-france,0.3939499,0.60605013
6845_croplands,0.6301998,0.36980018
1255_central-asia,0.3939499,0.60605013
24804_geowiki-landcover-2017,0.3939499,0.60605013
1886_canada,0.39395022,0.6060498
110_central-asia,0.3939499,0.6060501
189_rwanda-ceo,0.7208016,0.27919844
13778_geowiki-landcover-2017,0.54406106,0.4559389
1514_croplands,0.39395007,0.60604995
4733_central-asia,0.39395,0.60605
24763_geowiki-landcover-2017,0.39395007,0.60604995
31923_geowiki-landcover-2017,0.5844222,0.4155778
30863_geowiki-landcover-2017,0.3939499,0.60605013
44_tanzania-rice-ecaas,0.63023823,0.36976174
1176_togo,0.54406106,0.45593888
3168_canada,0.39395007,0.60604995
158_germany,0.39395326,0.60604674
4114_central-asia,0.3939499,0.60605013
24806_geowiki-landcover-2017,0.49611363,0.5038864
20031_geowiki-landcover-2017,0.6437944,0.3562056
26699_geowiki-landcover-2017,0.39395,0.60604995
1243_canada,0.46667287,0.5333271
9191_geowiki-landcover-2017,0.555533,0.44446698
14920_geowiki-landcover-2017,0.7208021,0.2791979
206_sudan,0.4666726,0.53332746
1166_mali-helmets-labelling-crops,0.46667054,0.5333295
713_rwanda-ceo,0.72080195,0.2791981
1866_rwanda-ceo,0.5555303,0.4444697
2987_rwanda-ceo,0.55553,0.44446993
26616_geowiki-landcover-2017,0.46667334,0.5333266
2292_kenya-non-crop,0.46667308,0.53332686
136_lem-brazil,0.5440626,0.4559374
140_uganda,0.6301951,0.36980492
55_mali,0.46667188,0.5333281
9372_croplands,0.46667778,0.5333222
114_martinique-france,0.5555285,0.4444715
1767_rwanda-ceo,0.7208021,0.2791979
2263_kenya-non-crop,0.54419655,0.45580348
7039_canada,0.39395,0.60604995
3779_geowiki-landcover-2017,0.46667287,0.53332716
7517_geowiki-landcover-2017,0.46667072,0.53332925
446_rwanda-ceo,0.7208015,0.2791985
11279_geowiki-landcover-2017,0.63023984,0.36976022
35319_geowiki-landcover-2017,0.49611363,0.50388634
1460_canada,0.5699597,0.43004027
2341_geowiki-landcover-2017,0.5440607,0.4559393
1501_kenya-non-crop,0.63024104,0.369759
6257_canada,0.3939502,0.6060498
1183_togo,0.5699601,0.43003985
1585_kenya-non-crop,0.5555304,0.4444696
29091_geowiki-landcover-2017,0.39395317,0.6060468
1471_ile-de-france,0.3939499,0.60605013
3453_rwanda-ceo,0.7208015,0.27919856
12478_croplands,0.46667287,0.5333271
5184_ile-de-france,0.39395437,0.60604566
9305_geowiki-landcover-2017,0.46667463,0.5333253
33515_geowiki-landcover-2017,0.3939499,0.60605013
7462_geowiki-landcover-2017,0.39395192,0.60604805
2262_ile-de-france,0.3939499,0.60605013
32729_geowiki-landcover-2017,0.4666745,0.5333255
10706_croplands,0.5555299,0.44447008
2620_canada,0.3939499,0.6060501
5041_central-asia,0.39395,0.6060501
743_reunion-france,0.6302385,0.36976156
411_rwanda-ceo,0.55554533,0.4444547
366_sudan,0.64378756,0.35621244
11184_geowiki-landcover-2017,0.56995994,0.43004003
32083_geowiki-landcover-2017,0.46990553,0.5300945
2439_kenya-non-crop,0.466673,0.53332704
4964_canada,0.46667287,0.5333271
1495_ile-de-france,0.39395007,0.60604995
1533_ile-de-france,0.39394993,0.6060501
804_ethiopia,0.46667254,0.5333275
1039_germany,0.4699003,0.5300997
2148_central-asia,0.3939499,0.60605013
126_mali-helmets-labelling-crops,0.46667314,0.5333268
753_geowiki-landcover-2017,0.7208022,0.27919784
655_central-asia,0.39395016,0.60604984
15857_geowiki-landcover-2017,0.5555306,0.44446942
16100_geowiki-landcover-2017,0.48146114,0.5185389
1409_central-asia,0.3939499,0.60605013
13300_geowiki-landcover-2017,0.5555305,0.4444695
25280_geowiki-landcover-2017,0.46667293,0.53332704
1596_central-asia,0.3939499,0.60605013
4347_canada,0.3939499,0.6060501
19365_geowiki-landcover-2017,0.46990323,0.5300968
22568_geowiki-landcover-2017,0.544061,0.455939
2543_geowiki-landcover-2017,0.46667537,0.53332466
1356_kenya-non-crop,0.72080183,0.2791982
267_tanzania-rice-ecaas,0.630241,0.36975905
125_geowiki-landcover-2017,0.5440612,0.45593885
5153_central-asia,0.39395192,0.6060481
3343_canada,0.3939534,0.60604656
4380_canada,0.46667293,0.53332704
3035_canada,0.5440612,0.45593885
2155_tanzania-ceo,0.544062,0.45593795
20535_geowiki-landcover-2017,0.48146617,0.5185338
1752_rwanda-ceo,0.6302411,0.3697589
25511_geowiki-landcover-2017,0.46990404,0.53009593
7861_canada,0.39395,0.60605
1977_tanzania-ceo,0.46667293,0.53332704
19839_geowiki-landcover-2017,0.46667212,0.53332794
2296_tanzania-ceo,0.544062,0.45593795
2535_ile-de-france,0.393953,0.606047
32211_geowiki-landcover-2017,0.48146254,0.5185374
25866_geowiki-landcover-2017,0.46667325,0.53332675
18555_geowiki-landcover-2017,0.7207773,0.27922276
27667_geowiki-landcover-2017,0.4666746,0.5333254
13545_geowiki-landcover-2017,0.56995934,0.43004063
1242_central-asia,0.3939499,0.60605013
3467_canada,0.46667317,0.5333268
25534_geowiki-landcover-2017,0.48146084,0.51853913
24734_geowiki-landcover-2017,0.65435386,0.3456461
3283_geowiki-landcover-2017,0.56997275,0.43002722
3314_ile-de-france,0.3939499,0.60605013
4428_central-asia,0.3939499,0.60605013
2395_kenya-non-crop,0.5440609,0.45593908
19835_geowiki-landcover-2017,0.54409176,0.4559082
30128_geowiki-landcover-2017,0.4666716,0.5333284
6516_canada,0.39395007,0.60604995
1686_geowiki-landcover-2017,0.55562484,0.4443752
34598_geowiki-landcover-2017,0.5699596,0.4300404
370_rwanda-ceo,0.5555307,0.44446933
25506_geowiki-landcover-2017,0.558735,0.441265
2089_martinique-france,0.65435463,0.3456454
813_kenya-non-crop,0.6301921,0.36980787
7802_canada,0.39395025,0.6060498
3650_ile-de-france,0.3939499,0.60605013
1228_rwanda-ceo,0.72080183,0.27919817
127_tanzania-ceo,0.5440616,0.4559384
2320_rwanda-ceo,0.7208021,0.2791979
570_germany,0.39395157,0.6060484
4120_geowiki-landcover-2017,0.3939572,0.6060428
2289_kenya-non-crop,0.46667305,0.533327
27282_geowiki-landcover-2017,0.5555305,0.44446954
825_canada,0.46667308,0.53332686
6482_canada,0.54031104,0.4596889
3961_canada,0.3939498,0.60605013
214_ile-de-france,0.3939499,0.60605013
6987_croplands,0.6302409,0.36975908
574_germany,0.39395213,0.60604787
5140_geowiki-landcover-2017,0.46667653,0.5333235
2362_germany,0.39395207,0.6060479
13462_croplands,0.46667293,0.53332704
5598_ile-de-france,0.3939499,0.60605013
9753_geowiki-landcover-2017,0.54406136,0.45593864
606_ethiopia,0.63024116,0.3697589
3590_croplands,0.56996036,0.43003964
18139_geowiki-landcover-2017,0.39394984,0.60605013
5_kenya,0.5555312,0.44446877
15097_geowiki-landcover-2017,0.56995887,0.43004113
3961_central-asia,0.39394984,0.60605013
1377_germany,0.3939499,0.6060501
161_togo,0.544061,0.45593897
4168_ile-de-france,0.39395,0.60604995
27890_geowiki-landcover-2017,0.48146087,0.51853913
4699_croplands,0.46667096,0.533329
34166_geowiki-landcover-2017,0.4666751,0.5333249
288_tanzania-rice-ecaas,0.6302409,0.36975908
25720_geowiki-landcover-2017,0.6543575,0.34564245
644_kenya-non-crop,0.5555304,0.44446957
5464_geowiki-landcover-2017,0.46994677,0.5300532
35503_geowiki-landcover-2017,0.39395,0.6060501
19493_geowiki-landcover-2017,0.5690211,0.43097892
22638_geowiki-landcover-2017,0.49611363,0.50388634
193_mali-helmets-labelling-crops,0.46667212,0.5333279
4316_geowiki-landcover-2017,0.46990404,0.53009593
6052_canada,0.39394993,0.6060501
1777_germany,0.4699038,0.5300962
5767_ile-de-france,0.3939499,0.60605013
22750_geowiki-landcover-2017,0.5587318,0.44126824
6151_ile-de-france,0.39395007,0.60604995
3710_canada,0.46667224,0.53332776
4544_croplands,0.5438375,0.4561625
1199_geowiki-landcover-2017,0.6302399,0.36976004
16243_geowiki-landcover-2017,0.48146087,0.51853913
1307_central-asia,0.3939499,0.60605013
13626_geowiki-landcover-2017,0.46668497,0.533315
128_tanzania-rice-ecaas,0.63024086,0.3697591
22081_geowiki-landcover-2017,0.65728027,0.3427197
4628_central-asia,0.3939512,0.6060488
17994_geowiki-landcover-2017,0.3941251,0.6058749
2345_ile-de-france,0.3939499,0.60605013
13075_geowiki-landcover-2017,0.54406106,0.45593894
23354_geowiki-landcover-2017,0.49611393,0.50388604
25204_geowiki-landcover-2017,0.65435433,0.34564564
6515_canada,0.39394993,0.6060501
12181_geowiki-landcover-2017,0.39395043,0.6060496
34850_geowiki-landcover-2017,0.50112617,0.4988738
1096_tanzania-ceo,0.643802,0.356198
9480_geowiki-landcover-2017,0.5440889,0.45591107
5314_geowiki-landcover-2017,0.5699596,0.43004042
9385_croplands,0.46667308,0.5333269
5426_ile-de-france,0.3939499,0.60605013
31192_geowiki-landcover-2017,0.5843883,0.4156117
20950_geowiki-landcover-2017,0.5699597,0.43004027
1207_ile-de-france,0.39394993,0.6060501
23792_geowiki-landcover-2017,0.65728337,0.34271657
1829_rwanda-ceo,0.55553097,0.44446898
2092_rwanda-ceo,0.65435445,0.34564555
2715_canada,0.46667302,0.53332704
6397_canada,0.39394984,0.60605013
17244_geowiki-landcover-2017,0.56995904,0.43004093
8_mali-non-crop,0.5699605,0.43003947
16510_geowiki-landcover-2017,0.6437909,0.35620913
7335_canada,0.39395007,0.60604995
90_kenya-non-crop,0.630241,0.369759
979_martinique-france,0.5699598,0.43004015
23633_geowiki-landcover-2017,0.5699597,0.4300403
2329_tanzania-ceo,0.5555305,0.4444695
22705_geowiki-landcover-2017,0.48146087,0.5185391
26875_geowiki-landcover-2017,0.48146096,0.5185391
1720_central-asia,0.3939499,0.60605013
32341_geowiki-landcover-2017,0.3939499,0.60605013
2316_canada,0.39394993,0.6060501
11983_geowiki-landcover-2017,0.5440612,0.45593885
7681_canada,0.39398342,0.60601664
2380_martinique-france,0.5699602,0.43003976
8914_geowiki-landcover-2017,0.5555309,0.44446912
1666_central-asia,0.3939499,0.60605013
844_tanzania-ceo,0.63024104,0.3697589
310_mali-helmets-labelling-crops,0.46667367,0.5333263
816_canada,0.46667287,0.5333271
5582_ile-de-france,0.46990398,0.53009605
438_germany,0.3939548,0.6060452
5648_canada,0.39395085,0.6060491
336_kenya-non-crop,0.63024086,0.3697591
3430_central-asia,0.3939499,0.60605013
50_togo,0.46667653,0.5333235
14098_croplands,0.55553,0.44446993
547_kenya-non-crop,0.7208016,0.27919838
31039_geowiki-landcover-2017,0.39395016,0.60604984
203_germany,0.3939499,0.60605013
1708_geowiki-landcover-2017,0.5587323,0.44126773
1338_martinique-france,0.6543513,0.34564874
790_germany,0.39409557,0.6059044
21817_geowiki-landcover-2017,0.39395007,0.60604995
2915_central-asia,0.3939499,0.60605013
34730_geowiki-landcover-2017,0.57312953,0.4268705
2789_canada,0.3939499,0.60605013
62_togo,0.46667287,0.5333271
4465_ile-de-france,0.3939499,0.60605013
22355_geowiki-landcover-2017,0.46667293,0.53332704
2236_germany,0.39395,0.60604995
329_sudan,0.46990752,0.5300924
2094_rwanda-ceo,0.72080207,0.27919796
35723_geowiki-landcover-2017,0.6302381,0.36976188
27655_geowiki-landcover-2017,0.39395222,0.6060478
24654_geowiki-landcover-2017,0.46667305,0.533327
11482_geowiki-landcover-2017,0.58443606,0.415564
31645_geowiki-landcover-2017,0.3939506,0.60604936
13_canada,0.54406095,0.45593905
72_togo,0.5440582,0.45594186
303_reunion-france,0.544061,0.455939
212_canada,0.46667287,0.5333271
7503_geowiki-landcover-2017,0.54406077,0.45593923
4168_croplands,0.46667293,0.53332704
11677_geowiki-landcover-2017,0.72080165,0.27919835
3439_rwanda-ceo,0.7208019,0.27919814
4340_geowiki-landcover-2017,0.584434,0.41556603
1766_geowiki-landcover-2017,0.4666739,0.5333261
942_central-asia,0.3939499,0.60605013
4177_geowiki-landcover-2017,0.6543542,0.34564573
5819_croplands,0.54406035,0.45593965
1719_martinique-france,0.5699598,0.43004018
1319_reunion-france,0.630241,0.36975908
6659_canada,0.39401066,0.6059893
1778_germany,0.3939499,0.60605013
5548_canada,0.3939499,0.6060501
3819_canada,0.3939499,0.6060501
4611_geowiki-landcover-2017,0.48146075,0.5185392
161_kenya-non-crop,0.720799,0.27920094
385_ethiopia,0.48146334,0.5185366
1562_rwanda-ceo,0.6543536,0.34564632
2274_central-asia,0.3939499,0.60605013
3213_rwanda-ceo,0.63024104,0.369759
328_tanzania-ceo,0.65476036,0.34523967
2676_reunion-france,0.544061,0.45593902
29157_geowiki-landcover-2017,0.46667245,0.5333275
836_martinique-france,0.46667287,0.5333271
2232_tanzania-ceo,0.720802,0.279198
1658_canada,0.3939524,0.60604763
1939_central-asia,0.3939499,0.6060501
546_rwanda-ceo,0.7208021,0.27919784
7449_geowiki-landcover-2017,0.39395034,0.60604966
1247_ile-de-france,0.3939498,0.60605013
31125_geowiki-landcover-2017,0.39399192,0.60600805
5014_central-asia,0.39394993,0.6060501
808_kenya-non-crop,0.6302408,0.36975917
1410_central-asia,0.3939499,0.60605013
5749_canada,0.39395,0.6060501
15895_geowiki-landcover-2017,0.5844343,0.4155658
3504_rwanda-ceo,0.5555331,0.44446683
1187_ile-de-france,0.46990293,0.53009707
2040_central-asia,0.3939499,0.60605013
308_geowiki-landcover-2017,0.5587324,0.4412676
4658_canada,0.39395085,0.6060491
14423_geowiki-landcover-2017,0.6302301,0.36976987
1156_canada,0.46667287,0.5333271
28783_geowiki-landcover-2017,0.3939499,0.60605013
5831_geowiki-landcover-2017,0.55553216,0.44446778
714_rwanda-ceo,0.65435445,0.3456456
97_mali-non-crop,0.5699595,0.43004048
1546_rwanda-ceo,0.720802,0.27919796
6169_ile-de-france,0.3939499,0.60605013
33749_geowiki-landcover-2017,0.55552727,0.4444728
1880_ile-de-france,0.3939499,0.60605013
2078_kenya-non-crop,0.5440612,0.45593885
494_mali-helmets-labelling-crops,0.5440605,0.4559395
4178_ile-de-france,0.46990347,0.53009653
30973_geowiki-landcover-2017,0.57313585,0.42686418
2208_rwanda-ceo,0.63023895,0.36976108
1152_togo,0.5699598,0.43004024
8080_geowiki-landcover-2017,0.65435433,0.3456457
772_rwanda-ceo,0.5555305,0.44446948
789_reunion-france,0.6572855,0.34271443
2026_rwanda-ceo,0.55553114,0.44446886
1938_rwanda-ceo,0.65436256,0.34563744
2000_ile-de-france,0.39395,0.60605
255_reunion-france,0.4973961,0.5026039
805_togo,0.5440609,0.45593917
608_ile-de-france,0.3939499,0.60605013
10_tanzania-rice-ecaas,0.63023996,0.36976004
12720_geowiki-landcover-2017,0.5714295,0.42857054
5139_central-asia,0.3939499,0.60605013
590_lem-brazil,0.555462,0.44453797
12820_geowiki-landcover-2017,0.48146087,0.5185391
26007_geowiki-landcover-2017,0.65435314,0.3456469
580_central-asia,0.3939499,0.60605013
23631_geowiki-landcover-2017,0.64379346,0.3562066
3452_geowiki-landcover-2017,0.46667275,0.5333272
466_canada,0.46667287,0.5333271
2795_ile-de-france,0.39394993,0.6060501
272_kenya-non-crop,0.6302389,0.36976108
4013_central-asia,0.3939499,0.6060501
368_ile-de-france,0.39395,0.6060501
3034_central-asia,0.39395025,0.6060497
2594_canada,0.46667287,0.5333271
12517_geowiki-landcover-2017,0.6302408,0.3697592
6555_canada,0.49610746,0.50389254
186_tanzania,0.6302408,0.3697592
501_central-asia,0.3939499,0.60605013
1524_ile-de-france,0.4961138,0.50388616
34326_geowiki-landcover-2017,0.46667317,0.5333268
1714_kenya-non-crop,0.630241,0.369759
306_ile-de-france,0.3939498,0.60605013
35196_geowiki-landcover-2017,0.6302392,0.36976087
1168_germany,0.3939499,0.60605013
6144_canada,0.3939512,0.60604876
7235_geowiki-landcover-2017,0.46993598,0.530064
4859_geowiki-landcover-2017,0.54406005,0.45593995
29794_geowiki-landcover-2017,0.4961135,0.5038865
2531_central-asia,0.3939499,0.60605013
4103_canada,0.39395,0.60605
13834_geowiki-landcover-2017,0.5440597,0.45594034
5544_ile-de-france,0.3939499,0.60605013
3497_central-asia,0.3939499,0.60605013
11670_geowiki-landcover-2017,0.56996,0.43004
14_mali,0.46667185,0.5333281
219_uganda,0.65435475,0.34564522
507_kenya-non-crop,0.630241,0.36975905
5978_canada,0.3939499,0.6060501
30347_geowiki-landcover-2017,0.5555174,0.4444826
4386_ile-de-france,0.3939499,0.60605013
1073_tanzania-ceo,0.5440612,0.45593885
5067_central-asia,0.39395007,0.60604995
224_tanzania-ceo,0.6302406,0.36975938
33626_geowiki-landcover-2017,0.39395,0.6060501
21495_geowiki-landcover-2017,0.46667022,0.5333297
13348_geowiki-landcover-2017,0.46667293,0.53332704
2613_kenya-non-crop,0.6302408,0.36975923
1944_kenya-non-crop,0.54406124,0.45593876
27228_geowiki-landcover-2017,0.39395,0.60604995
3121_rwanda-ceo,0.5557016,0.4442984
290_kenya,0.6302404,0.36975956
833_canada,0.46667287,0.5333271
26438_geowiki-landcover-2017,0.5440568,0.45594326
2492_rwanda-ceo,0.63024104,0.36975893
5829_ile-de-france,0.3939499,0.6060501
4179_ile-de-france,0.3939499,0.60605013
1013_central-asia,0.3939499,0.60605013
431_rwanda-ceo,0.65435433,0.34564564
1004_tanzania-ceo,0.63024104,0.369759
33207_geowiki-landcover-2017,0.5440612,0.45593888
24482_geowiki-landcover-2017,0.55873144,0.4412686
14291_croplands,0.55553174,0.4444683
229_martinique-france,0.46667412,0.53332585
2303_kenya-non-crop,0.4666736,0.5333264
479_lem-brazil,0.555474,0.44452605
32307_geowiki-landcover-2017,0.49611357,0.5038864
2353_rwanda-ceo,0.55553436,0.4444656
576_canada,0.46667287,0.5333271
3014_geowiki-landcover-2017,0.4666726,0.53332734
132_sudan,0.46667284,0.53332716
626_martinique-france,0.56995964,0.43004036
1023_germany,0.46990302,0.53009695
311_tanzania,0.5555305,0.4444695
599_canada,0.4666729,0.5333271
2203_geowiki-landcover-2017,0.5699597,0.4300403
1290_mali-helmets-labelling-crops,0.46667206,0.533328
52_togo,0.5440612,0.45593888
12346_geowiki-landcover-2017,0.4814608,0.5185392
659_ile-de-france,0.3939499,0.60605013
619_ethiopia,0.630241,0.369759
1066_geowiki-landcover-2017,0.4666728,0.5333272
5641_ile-de-france,0.3939499,0.60605013
14943_croplands,0.39395243,0.6060475
2129_germany,0.3939499,0.60605013
1521_martinique-france,0.46667287,0.5333271
18721_geowiki-landcover-2017,0.4666728,0.5333272
7079_geowiki-landcover-2017,0.65435547,0.34564453
1163_germany,0.3939499,0.60605013
1656_tanzania-ceo,0.6437989,0.35620108
24020_geowiki-landcover-2017,0.5699597,0.4300403
5234_canada,0.46990204,0.53009796
2382_geowiki-landcover-2017,0.56995994,0.4300401
34149_geowiki-landcover-2017,0.54405516,0.4559448
13018_geowiki-landcover-2017,0.6438002,0.35619977
2008_rwanda-ceo,0.630241,0.369759
1791_geowiki-landcover-2017,0.56996036,0.43003964
829_germany,0.46990395,0.53009605
10_sudan,0.5699718,0.43002823
473_kenya-non-crop,0.55873394,0.44126606
25815_geowiki-landcover-2017,0.46667424,0.5333258
10598_croplands,0.55553025,0.44446978
3199_ile-de-france,0.3939499,0.60605013
30054_geowiki-landcover-2017,0.58443433,0.41556564
3164_geowiki-landcover-2017,0.46667144,0.5333286
33184_geowiki-landcover-2017,0.4666728,0.5333272
155_ethiopia,0.55870384,0.44129616
2008_canada,0.39394993,0.6060501
1858_rwanda-ceo,0.55553025,0.44446972
1389_germany,0.469904,0.530096
273_ile-de-france,0.39395505,0.60604495
562_togo,0.5555305,0.44446954
18583_geowiki-landcover-2017,0.5699597,0.4300403
30184_geowiki-landcover-2017,0.46667153,0.53332853
645_croplands,0.46667156,0.5333285
438_martinique-france,0.5555304,0.44446957
27730_geowiki-landcover-2017,0.5555303,0.44446972
35474_geowiki-landcover-2017,0.4699041,0.53009593
26033_geowiki-landcover-2017,0.5440608,0.4559392
2377_rwanda-ceo,0.63024104,0.3697589
6863_canada,0.39399004,0.60600996
3220_rwanda-ceo,0.6302417,0.3697583
16582_geowiki-landcover-2017,0.46667284,0.53332716
2617_kenya-non-crop,0.6302408,0.3697592
569_kenya-non-crop,0.7208019,0.27919814
1708_canada,0.46667284,0.53332716
1692_rwanda-ceo,0.6302407,0.3697593
2935_rwanda-ceo,0.6543601,0.34563988
24_germany,0.39395058,0.6060494
2458_central-asia,0.3939499,0.60605013
2298_ile-de-france,0.3939499,0.60605013
859_rwanda-ceo,0.555711,0.44428906
32333_geowiki-landcover-2017,0.39395338,0.6060467
1472_martinique-france,0.5699599,0.4300401
3399_geowiki-landcover-2017,0.64379966,0.35620037
1218_central-asia,0.3939499,0.60605013
3597_central-asia,0.3939499,0.6060501
379_canada,0.39404425,0.6059558
14668_geowiki-landcover-2017,0.72079444,0.27920556
1485_rwanda-ceo,0.5555866,0.44441345
2097_rwanda-ceo,0.63024104,0.3697589
2010_reunion-france,0.5555305,0.44446948
1617_ile-de-france,0.3939499,0.60605013
11337_geowiki-landcover-2017,0.58443344,0.41556656
19062_geowiki-landcover-2017,0.3939499,0.60605013
3587_canada,0.39395,0.60604995
445_ile-de-france,0.39394984,0.60605013
5558_ile-de-france,0.3939499,0.60605013
27687_geowiki-landcover-2017,0.56995916,0.4300408
32283_geowiki-landcover-2017,0.3939499,0.60605013
909_rwanda-ceo,0.72080207,0.27919787
585_kenya-non-crop,0.55553174,0.44446823
17377_geowiki-landcover-2017,0.5440583,0.45594168
4726_croplands,0.46667153,0.5333285
2136_kenya-non-crop,0.7208022,0.2791978
10608_geowiki-landcover-2017,0.46990392,0.53009605
8463_geowiki-landcover-2017,0.4666746,0.5333254
1469_germany,0.3939499,0.6060501
2201_canada,0.46667287,0.5333271
7652_canada,0.39395076,0.6060493
798_tanzania-ceo,0.7208019,0.27919814
1312_reunion-france,0.54406506,0.45593494
5018_canada,0.39394993,0.6060501
3930_ile-de-france,0.39395,0.60604995
28091_geowiki-landcover-2017,0.584434,0.415566
27130_geowiki-landcover-2017,0.5844701,0.4155299
8395_geowiki-landcover-2017,0.6572833,0.34271666
4172_ile-de-france,0.3939499,0.60605013
3723_canada,0.4666726,0.53332734
27910_geowiki-landcover-2017,0.5587322,0.44126773
8826_geowiki-landcover-2017,0.46667293,0.53332704
19640_geowiki-landcover-2017,0.49611485,0.50388515
4403_croplands,0.4666727,0.5333273
2173_tanzania-ceo,0.7208022,0.2791978
1540_canada,0.3939501,0.6060499
14510_geowiki-landcover-2017,0.46667287,0.53332716
278_tanzania,0.5555303,0.44446966
1845_tanzania-ceo,0.63024104,0.3697589
765_geowiki-landcover-2017,0.55873233,0.44126767
27564_geowiki-landcover-2017,0.46667594,0.53332406
1030_reunion-france,0.5699604,0.43003958
1716_ile-de-france,0.3939499,0.60605013
312_ethiopia,0.5587304,0.44126955
6764_croplands,0.5555306,0.44446933
13878_geowiki-landcover-2017,0.63024104,0.3697589
6097_canada,0.39395007,0.60604995
24_reunion-france,0.62828606,0.37171394
1141_canada,0.46667287,0.5333271
2046_germany,0.4699033,0.53009665
16402_geowiki-landcover-2017,0.48146114,0.51853883
22117_geowiki-landcover-2017,0.5555302,0.44446978
3404_geowiki-landcover-2017,0.46667203,0.533328
20_ile-de-france,0.3939499,0.6060501
10308_geowiki-landcover-2017,0.4666741,0.5333259
886_central-asia,0.39395028,0.6060497
6547_canada,0.3939499,0.6060501
1151_canada,0.46667287,0.5333271
703_geowiki-landcover-2017,0.6302408,0.36975917
3554_central-asia,0.39394993,0.6060501
2678_reunion-france,0.65435386,0.34564617
3371_central-asia,0.3939499,0.60605013
5902_geowiki-landcover-2017,0.55553025,0.44446978
400_lem-brazil,0.5555305,0.4444695
1043_germany,0.3939499,0.60605013
14157_geowiki-landcover-2017,0.5587324,0.44126758
2779_ile-de-france,0.3939499,0.60605013
15381_geowiki-landcover-2017,0.5699599,0.43004015
32498_geowiki-landcover-2017,0.46669137,0.53330857
6042_ile-de-france,0.39395007,0.60604995
9788_geowiki-landcover-2017,0.5555303,0.44446963
1271_reunion-france,0.6302397,0.36976027
18656_geowiki-landcover-2017,0.3939499,0.60605013
8050_geowiki-landcover-2017,0.54406124,0.45593876
373_lem-brazil,0.46667877,0.53332126
187_rwanda-ceo,0.65432066,0.34567934
24386_geowiki-landcover-2017,0.5555305,0.4444695
379_germany,0.39395103,0.60604894
22794_geowiki-landcover-2017,0.39395025,0.6060497
4635_central-asia,0.39395007,0.60604995
2421_rwanda-ceo,0.630241,0.369759
4286_ile-de-france,0.39395037,0.6060496
19742_geowiki-landcover-2017,0.5555306,0.44446942
305_reunion-france,0.5555299,0.4444701
27897_geowiki-landcover-2017,0.5555306,0.44446933
2137_central-asia,0.39394993,0.6060501
207_croplands,0.46990258,0.5300974
33858_geowiki-landcover-2017,0.39395037,0.6060496
8791_geowiki-landcover-2017,0.63023645,0.36976355
456_central-asia,0.3939499,0.60605013
298_sudan,0.5587277,0.44127235
1197_central-asia,0.3939499,0.6060501
10689_geowiki-landcover-2017,0.5440503,0.45594972
1882_tanzania-ceo,0.7207664,0.27923363
4540_ile-de-france,0.39395,0.60605
2029_geowiki-landcover-2017,0.6543285,0.34567153
2256_reunion-france,0.6302399,0.36976004
3568_geowiki-landcover-2017,0.46667206,0.533328
18872_geowiki-landcover-2017,0.584434,0.41556597
2893_canada,0.63024104,0.36975893
12508_croplands,0.46667302,0.53332704
626_tanzania-rice-ecaas,0.63023984,0.36976013
2203_germany,0.39395,0.60604995
4295_canada,0.39395088,0.6060491
30811_geowiki-landcover-2017,0.3939499,0.60605013
4580_geowiki-landcover-2017,0.5440612,0.45593885
4403_ile-de-france,0.3939499,0.60605013
23460_geowiki-landcover-2017,0.55876195,0.44123808
1148_germany,0.49611074,0.5038893
20464_geowiki-landcover-2017,0.46667284,0.53332716
401_togo,0.469904,0.530096
5523_canada,0.3939499,0.60605013
2132_germany,0.39395,0.60605
728_ethiopia,0.65435445,0.3456456
836_ile-de-france,0.3939499,0.60605013
1678_kenya-non-crop,0.630241,0.369759
9181_croplands,0.46667293,0.53332704
1140_martinique-france,0.65435046,0.34564957
2672_rwanda-ceo,0.6544745,0.34552553
1994_canada,0.46667293,0.53332704
11068_geowiki-landcover-2017,0.72079295,0.27920705
304_tanzania-ceo,0.63024086,0.36975917
2371_germany,0.46988437,0.5301156
5163_canada,0.39395007,0.60604995
7927_canada,0.3939499,0.60605013
14442_geowiki-landcover-2017,0.4814609,0.5185391
14036_croplands,0.5555303,0.44446963
19483_geowiki-landcover-2017,0.58443415,0.41556585
62_mali-helmets-labelling-crops,0.466672,0.533328
2021_tanzania-ceo,0.5440612,0.45593888
758_kenya-non-crop,0.6302405,0.36975956
4530_ile-de-france,0.3939499,0.60605013
14399_geowiki-landcover-2017,0.6572835,0.34271652
4861_geowiki-landcover-2017,0.5699665,0.4300335
573_rwanda-ceo,0.6543572,0.34564278
29523_geowiki-landcover-2017,0.5555304,0.44446957
1906_tanzania-ceo,0.5555481,0.4444519
1607_central-asia,0.3939499,0.60605013
3824_geowiki-landcover-2017,0.3939503,0.6060497
29671_geowiki-landcover-2017,0.46667302,0.53332704
8730_geowiki-landcover-2017,0.5555305,0.4444695
2006_germany,0.3939499,0.60605013
1675_rwanda-ceo,0.6302408,0.3697592
32687_geowiki-landcover-2017,0.4699043,0.53009576
3943_central-asia,0.3939499,0.60605013
1128_germany,0.39395,0.60604995
2230_central-asia,0.3939499,0.60605013
1914_central-asia,0.39394984,0.60605013
21493_geowiki-landcover-2017,0.46667293,0.53332704
612_kenya-non-crop,0.63023996,0.36976004
187_sudan,0.54406095,0.45593905
8552_croplands,0.46667317,0.5333268
2302_reunion-france,0.6302408,0.36975917
25495_geowiki-landcover-2017,0.5587322,0.44126773
15572_geowiki-landcover-2017,0.5555312,0.44446883
32799_geowiki-landcover-2017,0.46667284,0.53332716
22180_geowiki-landcover-2017,0.48146075,0.51853925
1071_kenya-non-crop,0.55553025,0.44446975
2262_canada,0.46989167,0.53010833
2095_kenya-non-crop,0.7208021,0.2791979
2394_germany,0.39395025,0.6060497
25899_geowiki-landcover-2017,0.63024056,0.36975947
29192_geowiki-landcover-2017,0.46667287,0.5333271
3149_rwanda-ceo,0.5555311,0.44446898
1129_germany,0.46798933,0.5320107
11929_geowiki-landcover-2017,0.5699602,0.43003985
3317_rwanda-ceo,0.720802,0.27919796
3410_ile-de-france,0.39395,0.60604995
20991_geowiki-landcover-2017,0.46989796,0.530102
33610_geowiki-landcover-2017,0.643799,0.356201
1933_central-asia,0.3939499,0.60605013
779_central-asia,0.39395007,0.6060499
4045_ile-de-france,0.3939499,0.60605013
846_mali-helmets-labelling-crops,0.46667206,0.53332794
17649_geowiki-landcover-2017,0.3939499,0.60605013
2143_martinique-france,0.5699502,0.4300498
385_geowiki-landcover-2017,0.63023937,0.3697606
10750_geowiki-landcover-2017,0.54406124,0.45593882
7641_canada,0.3939516,0.6060484
752_lem-brazil,0.5440626,0.45593733
24064_geowiki-landcover-2017,0.65435433,0.34564567
3137_canada,0.39395025,0.6060497
4638_geowiki-landcover-2017,0.46667257,0.53332746
2386_kenya-non-crop,0.4666776,0.5333224
12760_geowiki-landcover-2017,0.5555311,0.4444689
388_martinique-france,0.56995964,0.43004036
14236_geowiki-landcover-2017,0.48146114,0.5185389
3082_central-asia,0.39394993,0.6060501
7286_canada,0.39395085,0.6060492
23679_geowiki-landcover-2017,0.3939499,0.60605013
3323_ile-de-france,0.3939499,0.60605013
505_rwanda-ceo,0.7207902,0.2792098
579_lem-brazil,0.6543526,0.3456474
503_martinique-france,0.5555307,0.44446927
4407_geowiki-landcover-2017,0.4666729,0.5333271
209_geowiki-landcover-2017,0.5440653,0.45593464
3436_central-asia,0.3939499,0.6060501
2750_central-asia,0.3939499,0.60605013
1086_ile-de-france,0.39395007,0.60604995
1963_ile-de-france,0.39395016,0.60604984
7847_canada,0.39395022,0.6060498
905_martinique-france,0.6543541,0.3456459
6916_canada,0.46667275,0.5333272
1009_mali-helmets-labelling-crops,0.5440599,0.45594016
137_sudan,0.39395717,0.6060428
2278_ile-de-france,0.3939499,0.60605013
1051_ile-de-france,0.46990398,0.530096
12830_croplands,0.46667895,0.5333211
24388_geowiki-landcover-2017,0.5587354,0.44126466
2125_rwanda-ceo,0.65435505,0.34564495
2515_geowiki-landcover-2017,0.5699594,0.43004063
1621_central-asia,0.3939498,0.60605013
1287_central-asia,0.3939499,0.60605013
750_rwanda-ceo,0.5555304,0.44446957
5338_ile-de-france,0.39394993,0.6060501
494_ile-de-france,0.3939499,0.6060501
2698_canada,0.3939499,0.60605013
2192_kenya-non-crop,0.643795,0.35620502
17623_geowiki-landcover-2017,0.48146114,0.51853883
1261_rwanda-ceo,0.63024104,0.36975893
854_rwanda-ceo,0.5555352,0.4444648
25051_geowiki-landcover-2017,0.5699595,0.43004048
1304_geowiki-landcover-2017,0.54404855,0.45595148
1421_tanzania-ceo,0.5440612,0.45593885
7134_geowiki-landcover-2017,0.39395007,0.60604995
8314_geowiki-landcover-2017,0.65435433,0.34564564
387_lem-brazil,0.46794996,0.5320501
22353_geowiki-landcover-2017,0.5555305,0.44446954
4632_central-asia,0.39395,0.6060501
564_lem-brazil,0.6302352,0.36976478
2505_germany,0.3939499,0.60605013
25304_geowiki-landcover-2017,0.55552906,0.44447094
3734_geowiki-landcover-2017,0.4666728,0.5333272
1202_kenya-non-crop,0.65737325,0.34262675
11554_croplands,0.56995964,0.43004033
18300_geowiki-landcover-2017,0.5699572,0.4300428
16929_geowiki-landcover-2017,0.5699627,0.43003735
5481_canada,0.39394993,0.6060501
171_central-asia,0.3939499,0.60605013
1750_central-asia,0.39395,0.60605
2221_reunion-france,0.72080195,0.2791981
807_canada,0.46667287,0.5333271
33404_geowiki-landcover-2017,0.39395016,0.60604984
20452_geowiki-landcover-2017,0.48146334,0.5185366
4977_canada,0.3939499,0.6060501
2414_rwanda-ceo,0.72079986,0.27920017
961_germany,0.4699041,0.5300959
8986_croplands,0.54406106,0.4559389
23764_geowiki-landcover-2017,0.46989062,0.5301094
1266_canada,0.46667287,0.5333271
32272_geowiki-landcover-2017,0.5699583,0.43004167
14387_geowiki-landcover-2017,0.5555306,0.44446933
16391_geowiki-landcover-2017,0.65435433,0.3456457
66_togo,0.46667287,0.5333271
588_ethiopia,0.6302374,0.3697626
2899_canada,0.63024104,0.36975893
198_ethiopia,0.5440607,0.45593923
29599_geowiki-landcover-2017,0.54405856,0.4559414
12453_croplands,0.46670753,0.5332925
19170_geowiki-landcover-2017,0.55873233,0.4412677
1165_togo,0.46667328,0.53332675
6439_canada,0.39395,0.60604995
10131_croplands,0.55553013,0.44446993
22438_geowiki-landcover-2017,0.4814611,0.5185389
365_tanzania-ceo,0.63024104,0.3697589
1380_ile-de-france,0.3939499,0.6060501
26564_geowiki-landcover-2017,0.5555305,0.4444695
35046_geowiki-landcover-2017,0.39395,0.60605
2651_reunion-france,0.4666777,0.53332233
12190_geowiki-landcover-2017,0.58443415,0.41556585
30800_geowiki-landcover-2017,0.3939499,0.60605013
4285_croplands,0.4699123,0.5300877
640_togo,0.46667337,0.5333266
16272_geowiki-landcover-2017,0.5844337,0.4155663
787_croplands,0.4666775,0.53332245
4602_geowiki-landcover-2017,0.4699039,0.5300961
486_tanzania-rice-ecaas,0.63024086,0.3697591
28921_geowiki-landcover-2017,0.48146048,0.5185395
2285_kenya-non-crop,0.46667382,0.5333262
13490_geowiki-landcover-2017,0.7207816,0.27921835
27556_geowiki-landcover-2017,0.54406124,0.45593882
30654_geowiki-landcover-2017,0.5440606,0.45593938
15099_geowiki-landcover-2017,0.5731353,0.42686468
1145_geowiki-landcover-2017,0.630241,0.369759
13756_croplands,0.4666732,0.5333268
243_martinique-france,0.56995976,0.43004024
846_central-asia,0.49611294,0.50388706
19608_geowiki-landcover-2017,0.54406047,0.4559395
11329_geowiki-landcover-2017,0.6543536,0.34564632
30_tanzania-rice-ecaas,0.6302336,0.36976638
216_martinique-france,0.56999177,0.43000823
2492_central-asia,0.3939499,0.60605013
3660_canada,0.39395,0.60604995
3744_geowiki-landcover-2017,0.48142081,0.51857924
4190_geowiki-landcover-2017,0.5555306,0.44446942
69_tanzania,0.55553025,0.44446978
438_lem-brazil,0.6302401,0.36975995
1693_martinique-france,0.55553114,0.44446883
15354_geowiki-landcover-2017,0.5554625,0.4445375
5606_ile-de-france,0.3939499,0.60605013
3671_canada,0.46667293,0.53332704
1062_germany,0.3939499,0.60605013
1244_ile-de-france,0.39394984,0.60605013
1978_martinique-france,0.5699587,0.4300413
2506_ile-de-france,0.3939499,0.60605013
19797_geowiki-landcover-2017,0.4961137,0.50388634
5180_geowiki-landcover-2017,0.58443296,0.415567
11528_geowiki-landcover-2017,0.72080034,0.27919963
8_togo,0.57000905,0.42999098
1487_rwanda-ceo,0.63024086,0.3697591
5846_canada,0.39395,0.60605
2380_central-asia,0.39395,0.6060501
1136_central-asia,0.39395,0.6060501
12582_croplands,0.46667293,0.53332704
346_ethiopia,0.55873203,0.441268
1145_togo,0.5700658,0.42993417
648_ile-de-france,0.3939499,0.60605013
1225_central-asia,0.3939499,0.60605013
31925_geowiki-landcover-2017,0.40365055,0.5963495
665_ethiopia,0.65728325,0.34271675
885_germany,0.39395016,0.60604984
27673_geowiki-landcover-2017,0.46667287,0.5333271
5891_ile-de-france,0.39395007,0.60604995
10688_croplands,0.5555292,0.44447082
1254_germany,0.3939499,0.60605013
25290_geowiki-landcover-2017,0.5547358,0.44526422
799_rwanda-ceo,0.6544252,0.3455748
2101_rwanda-ceo,0.63024104,0.3697589
31358_geowiki-landcover-2017,0.4666742,0.5333258
15241_geowiki-landcover-2017,0.5699549,0.43004516
1038_ile-de-france,0.39395,0.60604995
4039_ile-de-france,0.3939499,0.6060501
9770_geowiki-landcover-2017,0.5555304,0.44446963
1206_germany,0.49611363,0.5038864
500_rwanda-ceo,0.72080153,0.27919847
106_central-asia,0.39395,0.6060501
72_mali-non-crop,0.46687517,0.53312486
72_ile-de-france,0.39395007,0.60604995
4315_canada,0.46667266,0.5333273
8533_geowiki-landcover-2017,0.6302383,0.3697617
4866_central-asia,0.39395007,0.60604995
26739_geowiki-landcover-2017,0.48147517,0.5185249
230_geowiki-landcover-2017,0.5440619,0.4559381
32436_geowiki-landcover-2017,0.39395,0.6060501
31391_geowiki-landcover-2017,0.46667302,0.53332704
24213_geowiki-landcover-2017,0.56995964,0.4300404
96_ile-de-france,0.39395007,0.60604995
2233_reunion-france,0.630241,0.36975905
1057_germany,0.46990296,0.53009707
283_rwanda-ceo,0.5555304,0.44446957
1026_germany,0.39395,0.60604995
28509_geowiki-landcover-2017,0.56996185,0.43003818
20681_geowiki-landcover-2017,0.555528,0.44447201
20175_geowiki-landcover-2017,0.39395034,0.6060496
1523_germany,0.3939499,0.60605013
10510_croplands,0.5555305,0.4444695
2576_kenya-non-crop,0.58443415,0.4155658
2362_geowiki-landcover-2017,0.5555322,0.44446778
1862_tanzania-ceo,0.7204916,0.27950838
23393_geowiki-landcover-2017,0.46991134,0.5300887
1228_martinique-france,0.46667334,0.5333266
20274_geowiki-landcover-2017,0.6438,0.35619998
692_central-asia,0.3939499,0.60605013
24551_geowiki-landcover-2017,0.555529,0.44447097
2936_rwanda-ceo,0.630241,0.369759
957_germany,0.46990275,0.5300972
5116_geowiki-landcover-2017,0.63024104,0.3697589
5514_geowiki-landcover-2017,0.46667287,0.5333271
884_tanzania-ceo,0.55555224,0.4444477
12958_geowiki-landcover-2017,0.54405725,0.45594272
1130_kenya-non-crop,0.63024044,0.36975956
821_ethiopia,0.54406106,0.45593894
908_ile-de-france,0.39395314,0.6060468
2240_croplands,0.46672577,0.53327423
11355_geowiki-landcover-2017,0.46667302,0.533327
561_ethiopia,0.55873245,0.44126758
1548_ile-de-france,0.46969852,0.5303015
5779_canada,0.39395037,0.6060496
5446_ile-de-france,0.3939499,0.60605013
924_tanzania-ceo,0.63024104,0.369759
3080_canada,0.46990436,0.53009564
297_ile-de-france,0.3939499,0.60605013
1172_mali-helmets-labelling-crops,0.46667174,0.53332824
17773_geowiki-landcover-2017,0.39395085,0.6060491
21882_geowiki-landcover-2017,0.4666728,0.5333272
26654_geowiki-landcover-2017,0.55553055,0.44446948
838_geowiki-landcover-2017,0.4814619,0.5185381
32399_geowiki-landcover-2017,0.46990445,0.5300955
26105_geowiki-landcover-2017,0.4961137,0.50388634
6863_geowiki-landcover-2017,0.3939499,0.60605013
30151_geowiki-landcover-2017,0.5061578,0.49384215
13658_geowiki-landcover-2017,0.58443564,0.41556433
920_kenya-non-crop,0.55559826,0.44440174
18330_geowiki-landcover-2017,0.65728366,0.3427163
235_geowiki-landcover-2017,0.630241,0.369759
19400_geowiki-landcover-2017,0.6437574,0.35624263
15950_geowiki-landcover-2017,0.54406106,0.45593888
48_uganda,0.48146173,0.51853824
13593_geowiki-landcover-2017,0.5554081,0.44459188
21186_geowiki-landcover-2017,0.45219725,0.5478028
1476_martinique-france,0.56995964,0.43004036
18_ile-de-france,0.39395,0.60605
2104_tanzania-ceo,0.7207978,0.2792022
1857_canada,0.39395025,0.6060497
3353_central-asia,0.3939499,0.60605013
27788_geowiki-landcover-2017,0.5555305,0.4444695
3444_canada,0.55553,0.44447
1077_geowiki-landcover-2017,0.6302397,0.36976027
684_mali-helmets-labelling-crops,0.46667275,0.5333272
5733_ile-de-france,0.3939499,0.60605013
982_rwanda-ceo,0.7207984,0.2792016
2613_geowiki-landcover-2017,0.6437969,0.35620305
6172_ile-de-france,0.3939499,0.60605013
33061_geowiki-landcover-2017,0.5699597,0.43004024
4894_croplands,0.5440614,0.4559386
210_ile-de-france,0.3939499,0.60605013
4763_central-asia,0.3939499,0.60605013
11322_geowiki-landcover-2017,0.63024074,0.3697593
3773_geowiki-landcover-2017,0.5440605,0.45593947
1736_canada,0.4666729,0.5333271
5551_canada,0.39394993,0.6060501
7086_canada,0.46990505,0.530095
4625_geowiki-landcover-2017,0.48146114,0.51853883
1517_central-asia,0.39395,0.60605
2100_canada,0.56995904,0.43004096
3473_canada,0.3939499,0.60605013
21771_geowiki-landcover-2017,0.39395067,0.60604936
2411_central-asia,0.3939499,0.6060501
3062_ile-de-france,0.3939499,0.60605013
4804_ile-de-france,0.39395007,0.6060499
835_togo,0.46667302,0.533327
19884_geowiki-landcover-2017,0.5555303,0.4444697
5346_canada,0.39395,0.6060501
567_canada,0.46667287,0.5333271
2556_geowiki-landcover-2017,0.5698994,0.43010065
879_central-asia,0.3939499,0.60605013
1660_kenya-non-crop,0.6302409,0.36975908
3017_geowiki-landcover-2017,0.4666724,0.5333276
26723_geowiki-landcover-2017,0.4814609,0.5185391
9148_geowiki-landcover-2017,0.56995964,0.43004036
2862_geowiki-landcover-2017,0.46667266,0.53332734
22269_geowiki-landcover-2017,0.5844343,0.4155658
12079_geowiki-landcover-2017,0.5555296,0.44447038
72_sudan,0.4666727,0.5333273
6651_canada,0.4666718,0.53332824
5829_canada,0.39395085,0.6060492
534_germany,0.39395893,0.606041
55_sudan,0.54406095,0.45593908
9833_croplands,0.5540258,0.44597417
2487_central-asia,0.3939499,0.60605013
4033_canada,0.3940397,0.6059603
1083_reunion-france,0.5440446,0.4559554
1737_reunion-france,0.56995726,0.43004277
29873_geowiki-landcover-2017,0.4961137,0.50388634
188_mali-helmets-labelling-crops,0.466672,0.533328
1094_martinique-france,0.56995964,0.4300404
1405_central-asia,0.3939499,0.60605013
4000_ile-de-france,0.39395,0.6060501
2023_ile-de-france,0.39395,0.60604995
1990_tanzania-ceo,0.72080195,0.27919802
35787_geowiki-landcover-2017,0.46667185,0.5333281
2733_central-asia,0.39395055,0.6060495
1946_rwanda-ceo,0.6296956,0.37030444
297_ethiopia,0.5587316,0.44126832
11421_geowiki-landcover-2017,0.5440666,0.45593336
14909_croplands,0.48146087,0.51853913
1897_germany,0.3939499,0.60605013
1919_tanzania-ceo,0.72080207,0.2791979
1102_canada,0.46667287,0.5333271
27720_geowiki-landcover-2017,0.4666729,0.5333271
23916_geowiki-landcover-2017,0.7208009,0.2791991
26282_geowiki-landcover-2017,0.65435416,0.34564587
1264_canada,0.46667287,0.5333271
2414_kenya-non-crop,0.54406065,0.4559393
5273_ile-de-france,0.39394993,0.6060501
549_kenya-non-crop,0.72080195,0.2791981
3438_central-asia,0.3939499,0.60605013
158_lem-brazil,0.5440691,0.45593092
5940_ile-de-france,0.3939499,0.60605013
1080_togo,0.65435714,0.34564286
9157_geowiki-landcover-2017,0.6543543,0.34564573
35223_geowiki-landcover-2017,0.4671282,0.5328718
4958_central-asia,0.39394993,0.6060501
4773_canada,0.39395025,0.6060497
25523_geowiki-landcover-2017,0.57313734,0.42686266
28580_geowiki-landcover-2017,0.56995976,0.43004024
1232_geowiki-landcover-2017,0.6301561,0.36984393
4174_canada,0.3939499,0.60605013
15296_geowiki-landcover-2017,0.4666758,0.53332424
2916_canada,0.39395,0.60604995
1996_rwanda-ceo,0.630241,0.369759
33500_geowiki-landcover-2017,0.46990535,0.5300947
335_tanzania-ceo,0.63024104,0.3697589
2484_rwanda-ceo,0.5555304,0.44446957
101_mali-helmets-labelling-crops,0.4666724,0.53332764
384_mali-helmets-labelling-crops,0.46667257,0.53332746
2219_martinique-france,0.5555305,0.44446948
2954_central-asia,0.3939499,0.6060501
7875_canada,0.39394993,0.6060501
2071_central-asia,0.39394984,0.60605013
2035_ile-de-france,0.39395007,0.60604995
4550_central-asia,0.3939499,0.60605013
867_togo,0.54406065,0.45593938
1083_croplands,0.46667546,0.53332454
1633_ile-de-france,0.39394993,0.6060501
28738_geowiki-landcover-2017,0.48146126,0.5185387
32016_geowiki-landcover-2017,0.3939519,0.6060481
1150_mali-helmets-labelling-crops,0.46667185,0.5333282
10160_croplands,0.6302405,0.3697595
1000_togo,0.54404753,0.4559525
2608_central-asia,0.3939499,0.60605013
277_ethiopia,0.48146105,0.51853895
1333_rwanda-ceo,0.63024056,0.36975938
736_germany,0.4961135,0.5038865
8891_geowiki-landcover-2017,0.54406095,0.45593902
34816_geowiki-landcover-2017,0.5440612,0.45593885
511_central-asia,0.3939499,0.60605013
4899_canada,0.3939652,0.60603476
279_sudan,0.57034373,0.42965624
833_central-asia,0.3960862,0.6039138
32247_geowiki-landcover-2017,0.46667287,0.5333271
12089_geowiki-landcover-2017,0.46667287,0.53332716
1537_tanzania-ceo,0.630241,0.369759
1088_togo,0.46667305,0.533327
14058_geowiki-landcover-2017,0.3939499,0.6060501
18142_geowiki-landcover-2017,0.4699042,0.5300958
3196_geowiki-landcover-2017,0.46667236,0.53332764
28736_geowiki-landcover-2017,0.46667105,0.53332895
365_lem-brazil,0.5699613,0.4300387
1583_tanzania-ceo,0.7208021,0.2791979
16719_geowiki-landcover-2017,0.6437984,0.35620156
4452_ile-de-france,0.39395025,0.6060497
1735_central-asia,0.3939499,0.60605013
824_ile-de-france,0.3939499,0.60605013
107_ethiopia,0.55873054,0.44126952
380_ethiopia,0.4814632,0.5185368
28465_geowiki-landcover-2017,0.56996006,0.4300399
3137_rwanda-ceo,0.630241,0.369759
11775_geowiki-landcover-2017,0.5555357,0.4444643
39_tanzania-rice-ecaas,0.63014966,0.36985028
631_tanzania-rice-ecaas,0.63023365,0.36976632
17445_geowiki-landcover-2017,0.46990436,0.53009564
1983_rwanda-ceo,0.7208013,0.27919874
25340_geowiki-landcover-2017,0.56995964,0.43004033
320_tanzania-ceo,0.63024116,0.3697589
1484_martinique-france,0.65435416,0.34564587
555_togo,0.46667343,0.53332657
35668_geowiki-landcover-2017,0.46667212,0.53332794
15697_geowiki-landcover-2017,0.5844341,0.4155659
9960_geowiki-landcover-2017,0.569963,0.430037
2148_canada,0.49611363,0.5038864
1826_central-asia,0.39394984,0.60605013
69_rwanda-ceo,0.63024116,0.3697589
2953_rwanda-ceo,0.5844353,0.41556472
4570_central-asia,0.39395532,0.60604465
2644_croplands,0.54406106,0.45593888
223_ethiopia,0.54406065,0.45593938
15880_geowiki-landcover-2017,0.48146084,0.51853913
21578_geowiki-landcover-2017,0.39395007,0.6060499
4477_geowiki-landcover-2017,0.5440619,0.4559381
1643_geowiki-landcover-2017,0.7208021,0.27919784
1732_ile-de-france,0.3939499,0.60605013
683_reunion-france,0.5555312,0.44446877
13242_geowiki-landcover-2017,0.54406095,0.45593902
4497_ile-de-france,0.39395,0.6060501
232_kenya,0.5555307,0.44446933
209_reunion-france,0.55553025,0.44446978
33725_geowiki-landcover-2017,0.39395,0.6060501
30470_geowiki-landcover-2017,0.46667096,0.53332907
586_canada,0.46667287,0.5333271
33333_geowiki-landcover-2017,0.4699041,0.5300959
27558_geowiki-landcover-2017,0.46667278,0.5333272
34646_geowiki-landcover-2017,0.4666732,0.5333268
5647_ile-de-france,0.3939499,0.60605013
1662_germany,0.3939499,0.60605013
683_ethiopia,0.54406124,0.45593882
14842_geowiki-landcover-2017,0.6543542,0.34564576
104_geowiki-landcover-2017,0.46668825,0.5333118
5025_central-asia,0.46986765,0.5301323
2766_ile-de-france,0.39395,0.60604995
3404_canada,0.5555146,0.44448537
26751_geowiki-landcover-2017,0.3939499,0.60605013
1087_mali-helmets-labelling-crops,0.46668467,0.5333153
2_zimbabwe,0.6302392,0.36976087
11042_geowiki-landcover-2017,0.56995964,0.43004033
581_togo,0.46667302,0.53332704
9965_croplands,0.555532,0.44446802
616_kenya-non-crop,0.5556367,0.4443633
32505_geowiki-landcover-2017,0.4961136,0.5038864
21787_geowiki-landcover-2017,0.56995964,0.43004036
114_uganda,0.630241,0.36975905
25801_geowiki-landcover-2017,0.5699597,0.43004027
6107_ile-de-france,0.3939499,0.60605013
1249_togo,0.46667284,0.53332716
1540_central-asia,0.3939499,0.60605013
2771_canada,0.39394993,0.6060501
2339_germany,0.39394993,0.6060501
4607_canada,0.46667287,0.53332716
10611_geowiki-landcover-2017,0.46667358,0.5333264
1292_geowiki-landcover-2017,0.46667287,0.5333271
13320_geowiki-landcover-2017,0.46667287,0.5333271
19726_geowiki-landcover-2017,0.3939551,0.6060449
4929_central-asia,0.3939499,0.60605013
11623_croplands,0.46667284,0.53332716
4255_canada,0.393957,0.60604304
34114_geowiki-landcover-2017,0.4699041,0.53009593
1245_rwanda-ceo,0.630241,0.369759
113_kenya-non-crop,0.63024056,0.36975947
12818_geowiki-landcover-2017,0.5555304,0.44446957
4436_central-asia,0.3939499,0.60605013
6679_croplands,0.63024104,0.369759
342_togo,0.5699599,0.4300401
252_lem-brazil,0.6302399,0.36976013
616_rwanda-ceo,0.630241,0.369759
5816_ile-de-france,0.39395,0.60604995
2205_central-asia,0.3939499,0.60605013
1642_rwanda-ceo,0.55553097,0.444469
3953_central-asia,0.3939499,0.60605013
35466_geowiki-landcover-2017,0.46990424,0.53009576
9755_geowiki-landcover-2017,0.46667045,0.53332955
4300_geowiki-landcover-2017,0.56996006,0.43003997
4495_geowiki-landcover-2017,0.46990898,0.530091
2088_martinique-france,0.65435433,0.34564567
30726_geowiki-landcover-2017,0.46667293,0.53332704
2666_rwanda-ceo,0.654355,0.345645
673_central-asia,0.3939499,0.60605013
1644_ile-de-france,0.3939499,0.60605013
3615_central-asia,0.3939499,0.60605013
14063_croplands,0.5555302,0.44446978
12628_geowiki-landcover-2017,0.46667308,0.533327
3221_canada,0.49611726,0.5038827
20634_geowiki-landcover-2017,0.4699045,0.5300955
991_croplands,0.39395034,0.60604966
3192_canada,0.39395007,0.60604995
7539_geowiki-landcover-2017,0.5587308,0.44126922
7442_geowiki-landcover-2017,0.5699598,0.43004024
1812_central-asia,0.39395037,0.6060496
13761_croplands,0.46667624,0.53332376
3231_geowiki-landcover-2017,0.5440612,0.45593885
2_kenya,0.5555305,0.4444695
21320_geowiki-landcover-2017,0.54385334,0.45614663
7712_canada,0.39395475,0.60604525
392_rwanda-ceo,0.6543559,0.34564412
10338_geowiki-landcover-2017,0.39403316,0.60596687
1430_croplands,0.48146072,0.51853925
125_lem-brazil,0.46667695,0.53332305
208_germany,0.46990404,0.53009593
14_brazil-non-crop,0.46667403,0.53332597
4225_geowiki-landcover-2017,0.48146144,0.5185386
471_germany,0.46990356,0.5300964
16729_geowiki-landcover-2017,0.49611443,0.5038856
26726_geowiki-landcover-2017,0.3939499,0.6060501
8_brazil-non-crop,0.54406375,0.4559362
17407_geowiki-landcover-2017,0.46990258,0.5300974
1076_germany,0.3939499,0.60605013
7833_canada,0.39397994,0.6060201
382_lem-brazil,0.54406255,0.45593747
19756_geowiki-landcover-2017,0.4666892,0.53331083
17364_geowiki-landcover-2017,0.57314,0.42686
1364_mali-helmets-labelling-crops,0.46667063,0.5333293
21683_geowiki-landcover-2017,0.48146084,0.51853913
34292_geowiki-landcover-2017,0.3939515,0.60604846
7863_canada,0.39395,0.6060501
15084_geowiki-landcover-2017,0.72080207,0.2791979
35250_geowiki-landcover-2017,0.3939499,0.6060501
1883_ile-de-france,0.3939499,0.60605013
1695_ile-de-france,0.3939499,0.60605013
1154_martinique-france,0.5555303,0.4444697
7007_geowiki-landcover-2017,0.46667302,0.533327
377_ethiopia,0.48146313,0.51853687
11535_croplands,0.46667293,0.53332704
534_tanzania-ceo,0.6302409,0.36975908
3300_ile-de-france,0.3939499,0.60605013
2525_canada,0.4666729,0.5333271
5617_geowiki-landcover-2017,0.39401653,0.6059835
2639_central-asia,0.3939499,0.60605013
1642_geowiki-landcover-2017,0.65435916,0.34564087
17304_geowiki-landcover-2017,0.56995964,0.4300404
32267_geowiki-landcover-2017,0.46667266,0.5333273
1082_martinique-france,0.6543542,0.34564576
1068_ile-de-france,0.39395007,0.60604995
872_kenya-non-crop,0.6302408,0.3697592
4031_geowiki-landcover-2017,0.6438053,0.35619473
2360_ile-de-france,0.3939498,0.60605013
33292_geowiki-landcover-2017,0.466673,0.53332704
4796_ile-de-france,0.3939499,0.6060501
1216_canada,0.46667275,0.5333273
122_germany,0.3939499,0.60605013
2557_kenya-non-crop,0.55873233,0.44126764
33050_geowiki-landcover-2017,0.6302403,0.36975968
34902_geowiki-landcover-2017,0.3939499,0.6060501
8291_geowiki-landcover-2017,0.46667275,0.5333273
4833_canada,0.46667284,0.53332716
2019_geowiki-landcover-2017,0.54406124,0.45593882
28277_geowiki-landcover-2017,0.39395,0.6060501
27015_geowiki-landcover-2017,0.46990404,0.530096
21421_geowiki-landcover-2017,0.39395,0.60604995
10793_croplands,0.5555305,0.44446948
776_ethiopia,0.5555188,0.4444812
27988_geowiki-landcover-2017,0.48146087,0.5185391
613_lem-brazil,0.6438012,0.3561988
1280_martinique-france,0.46667293,0.53332704
1370_central-asia,0.3939499,0.60605013
31075_geowiki-landcover-2017,0.573137,0.42686307
1783_central-asia,0.3939499,0.60605013
775_mali-helmets-labelling-crops,0.46667206,0.533328
2417_central-asia,0.3939499,0.6060501
954_reunion-france,0.49739614,0.5026038
26052_geowiki-landcover-2017,0.58443385,0.41556612
1567_geowiki-landcover-2017,0.5440612,0.45593888
1400_croplands,0.39395082,0.6060492
10618_croplands,0.5555285,0.44447148
1845_central-asia,0.3939499,0.60605013
4667_canada,0.3939514,0.6060486
5193_central-asia,0.39395,0.60604995
24079_geowiki-landcover-2017,0.46667293,0.53332704
35600_geowiki-landcover-2017,0.65431064,0.3456894
3165_ile-de-france,0.39394984,0.60605013
29051_geowiki-landcover-2017,0.6572838,0.34271622
9011_croplands,0.4666729,0.5333271
548_togo,0.54406106,0.45593894
3245_geowiki-landcover-2017,0.6437991,0.35620087
4435_geowiki-landcover-2017,0.5555304,0.44446957
14242_geowiki-landcover-2017,0.7208022,0.27919775
152_tanzania-ceo,0.630241,0.369759
1078_mali-helmets-labelling-crops,0.46667606,0.533324
1414_kenya-non-crop,0.63024145,0.3697586
962_ile-de-france,0.57309556,0.4269044
1164_rwanda-ceo,0.55553025,0.44446978
1429_geowiki-landcover-2017,0.6302405,0.36975956
2354_geowiki-landcover-2017,0.630241,0.36975908
2679_central-asia,0.39395,0.60605
30917_geowiki-landcover-2017,0.5440611,0.45593888
934_reunion-france,0.6302402,0.36975977
4992_ile-de-france,0.3939499,0.60605013
17747_geowiki-landcover-2017,0.46667278,0.5333272
801_tanzania-ceo,0.544062,0.45593795
211_geowiki-landcover-2017,0.630241,0.369759
12676_geowiki-landcover-2017,0.5555308,0.44446918
27488_geowiki-landcover-2017,0.4814631,0.5185369
1189_canada,0.4666729,0.5333271
27958_geowiki-landcover-2017,0.469904,0.530096
4123_ile-de-france,0.39395165,0.60604835
32126_geowiki-landcover-2017,0.46667153,0.5333285
1097_mali-helmets-labelling-crops,0.4666717,0.5333283
237_ethiopia,0.5440608,0.45593917
3784_canada,0.3939499,0.60605013
1350_rwanda-ceo,0.72080195,0.27919802
1526_reunion-france,0.6302405,0.3697595
2806_central-asia,0.3939499,0.6060501
207_mali-helmets-labelling-crops,0.4666719,0.53332806
468_tanzania-rice-ecaas,0.6302407,0.36975935
2280_canada,0.39395,0.6060501
3559_rwanda-ceo,0.7208016,0.27919847
14829_geowiki-landcover-2017,0.6302411,0.3697589
30433_geowiki-landcover-2017,0.39395022,0.6060498
7324_canada,0.39397955,0.60602045
5456_geowiki-landcover-2017,0.466673,0.53332704
30991_geowiki-landcover-2017,0.39395016,0.6060498
32639_geowiki-landcover-2017,0.46667442,0.53332555
31188_geowiki-landcover-2017,0.39395028,0.6060497
2331_canada,0.39395064,0.60604936
56_tanzania-rice-ecaas,0.6302409,0.36975908
341_germany,0.3939499,0.60605013
1001_kenya-non-crop,0.630241,0.369759
955_tanzania-ceo,0.72080207,0.27919796
1842_tanzania-ceo,0.7208022,0.27919784
5427_ile-de-france,0.39394984,0.60605013
3661_central-asia,0.3939499,0.60605013
4846_croplands,0.54406124,0.4559388
31081_geowiki-landcover-2017,0.46667287,0.5333271
2377_canada,0.46667284,0.53332716
1122_togo,0.5440602,0.4559398
10158_geowiki-landcover-2017,0.6543465,0.34565347
12879_geowiki-landcover-2017,0.64379966,0.35620034
2359_geowiki-landcover-2017,0.5699568,0.43004322
7637_canada,0.39395157,0.6060484
2738_canada,0.3939503,0.6060497
23550_geowiki-landcover-2017,0.5529212,0.4470788
1497_kenya-non-crop,0.63024086,0.3697591
137_togo,0.46667305,0.533327
14996_geowiki-landcover-2017,0.63024104,0.369759
813_mali-helmets-labelling-crops,0.46667233,0.5333277
32626_geowiki-landcover-2017,0.3943715,0.6056285
1864_central-asia,0.3939499,0.6060501
1198_martinique-france,0.6543543,0.34564573
4087_central-asia,0.39394993,0.6060501
3078_canada,0.46990433,0.53009564
8617_geowiki-landcover-2017,0.6302371,0.36976293
32904_geowiki-landcover-2017,0.55873245,0.44126752
1846_ile-de-france,0.3939499,0.60605013
324_ethiopia,0.55873233,0.44126764
548_mali-helmets-labelling-crops,0.4666724,0.53332764
289_tanzania-ceo,0.5440612,0.45593885
922_croplands,0.46667245,0.5333275
883_martinique-france,0.6543542,0.34564582
5876_croplands,0.4666732,0.5333268
1096_canada,0.46667275,0.5333273
1160_geowiki-landcover-2017,0.48146185,0.5185382
7801_geowiki-landcover-2017,0.6543546,0.34564543
148_tanzania-rice-ecaas,0.6302407,0.3697593
489_canada,0.46667293,0.53332704
1341_tanzania-ceo,0.63024116,0.3697588
71_mali-helmets-labelling-crops,0.46667218,0.5333278
3861_central-asia,0.3939499,0.60605013
2773_reunion-france,0.6543531,0.34564695
3158_geowiki-landcover-2017,0.46667233,0.5333277
2223_ile-de-france,0.3939589,0.60604113
1195_kenya-non-crop,0.6572832,0.34271678
3608_ile-de-france,0.3939498,0.60605013
7109_canada,0.4699041,0.5300959
6928_canada,0.39395902,0.606041
11153_geowiki-landcover-2017,0.5699595,0.43004048
4053_central-asia,0.3939499,0.6060501
2578_reunion-france,0.65435416,0.34564587
1504_martinique-france,0.56996256,0.43003744
3567_ile-de-france,0.39395,0.6060501
2745_reunion-france,0.58443743,0.41556257
6879_croplands,0.555533,0.444467
2056_ile-de-france,0.39395,0.60605
675_tanzania-ceo,0.630241,0.369759
2167_canada,0.49611375,0.5038863
2733_ile-de-france,0.3939499,0.60605013
32690_geowiki-landcover-2017,0.46667355,0.53332645
12422_geowiki-landcover-2017,0.5440607,0.4559393
1052_germany,0.39395016,0.60604984
13337_geowiki-landcover-2017,0.64379513,0.35620493
1485_tanzania-ceo,0.58443594,0.415564
2007_kenya-non-crop,0.46667287,0.5333271
20702_geowiki-landcover-2017,0.72080195,0.2791981
32908_geowiki-landcover-2017,0.4666639,0.5333361
295_ethiopia,0.48146126,0.5185388
4670_croplands,0.54405856,0.4559415
1607_germany,0.3939505,0.6060495
5554_geowiki-landcover-2017,0.5587274,0.44127265
5306_ile-de-france,0.39395,0.60604995
18148_geowiki-landcover-2017,0.46990404,0.530096
19920_geowiki-landcover-2017,0.4666729,0.5333271
648_germany,0.3939499,0.60605013
2049_martinique-france,0.46667287,0.5333271
4282_central-asia,0.39395,0.60604995
24234_geowiki-landcover-2017,0.4666736,0.5333264
3431_central-asia,0.3939499,0.60605013
1732_central-asia,0.3939499,0.60605013
4888_croplands,0.46667403,0.53332597
2104_germany,0.469842,0.530158
6050_ile-de-france,0.39395148,0.6060486
35146_geowiki-landcover-2017,0.544059,0.45594105
1759_central-asia,0.3939499,0.60605013
6473_croplands,0.5563415,0.4436584
300_ethiopia,0.55873173,0.44126832
1775_geowiki-landcover-2017,0.46667558,0.53332436
2674_ile-de-france,0.3939499,0.60605013
19342_geowiki-landcover-2017,0.55873144,0.4412686
2023_canada,0.3939503,0.6060497
586_ile-de-france,0.49611363,0.5038864
1922_canada,0.46667287,0.5333271
2129_ile-de-france,0.39395016,0.60604984
500_martinique-france,0.46667293,0.53332704
815_germany,0.46989882,0.5301012
25551_geowiki-landcover-2017,0.55961525,0.44038478
1445_geowiki-landcover-2017,0.6302382,0.36976182
2998_ile-de-france,0.39395082,0.6060492
346_tanzania,0.65435404,0.34564596
165_tanzania,0.630241,0.369759
2719_rwanda-ceo,0.63024116,0.36975884
15273_geowiki-landcover-2017,0.63024116,0.3697589
2582_reunion-france,0.5699596,0.4300404
775_germany,0.3939499,0.60605013
28002_geowiki-landcover-2017,0.6543544,0.3456456
961_croplands,0.3939499,0.60605013
35135_geowiki-landcover-2017,0.4699042,0.5300958
5654_canada,0.39395103,0.60604894
7070_canada,0.39395,0.6060501
683_croplands,0.4666669,0.5333331
1404_tanzania-ceo,0.5699616,0.4300384
408_mali-helmets-labelling-crops,0.5440533,0.45594665
3852_canada,0.3939499,0.6060501
13722_croplands,0.5440612,0.45593882
2124_tanzania-ceo,0.63024104,0.369759
28816_geowiki-landcover-2017,0.46667314,0.53332686
2274_martinique-france,0.56999964,0.4300004
14629_geowiki-landcover-2017,0.559272,0.44072798
516_geowiki-landcover-2017,0.6302416,0.36975843
10655_geowiki-landcover-2017,0.46667877,0.53332126
13534_croplands,0.46637955,0.5336204
10171_croplands,0.5555301,0.44446993
31109_geowiki-landcover-2017,0.39395016,0.6060498
481_reunion-france,0.5587325,0.4412675
32457_geowiki-landcover-2017,0.39395016,0.60604984
1191_ile-de-france,0.39395058,0.6060494
676_croplands,0.3939504,0.6060496
419_sudan,0.643798,0.35620204
18497_geowiki-landcover-2017,0.46667275,0.5333272
2858_geowiki-landcover-2017,0.54406136,0.45593864
6964_geowiki-landcover-2017,0.5555305,0.44446948
640_rwanda-ceo,0.72080207,0.27919796
4711_geowiki-landcover-2017,0.5587322,0.4412678
8556_croplands,0.46667293,0.53332704
656_canada,0.3939499,0.60605013
30703_geowiki-landcover-2017,0.39394984,0.60605013
285_kenya-non-crop,0.630242,0.36975795
5802_canada,0.39394993,0.6060501
29089_geowiki-landcover-2017,0.64379877,0.35620117
3340_central-asia,0.3939499,0.60605013
550_ile-de-france,0.39394993,0.6060501
2288_central-asia,0.3939499,0.60605013
1531_kenya-non-crop,0.5440611,0.45593888
3854_canada,0.3939498,0.60605013
14554_geowiki-landcover-2017,0.46990436,0.5300956
284_lem-brazil,0.544063,0.45593706
17059_geowiki-landcover-2017,0.46667293,0.53332704
10495_geowiki-landcover-2017,0.46667314,0.53332686
961_geowiki-landcover-2017,0.63024074,0.3697593
83_geowiki-landcover-2017,0.643602,0.35639796
127_lem-brazil,0.54406244,0.45593753
10660_geowiki-landcover-2017,0.49611366,0.50388634
17586_geowiki-landcover-2017,0.58443415,0.41556585
3573_geowiki-landcover-2017,0.5555282,0.44447178
3802_geowiki-landcover-2017,0.39395174,0.6060482
312_rwanda-ceo,0.630241,0.369759
980_togo,0.54405904,0.45594093
3958_geowiki-landcover-2017,0.48146313,0.51853687
6083_geowiki-landcover-2017,0.46669206,0.53330797
2325_kenya-non-crop,0.5555305,0.44446954
5112_ile-de-france,0.3939499,0.60605013
864_rwanda-ceo,0.6302411,0.3697589
19252_geowiki-landcover-2017,0.65728354,0.34271646
1911_canada,0.4666729,0.5333271
752_togo,0.46667334,0.5333266
583_togo,0.46667287,0.5333271
803_ile-de-france,0.3939499,0.60605013
29787_geowiki-landcover-2017,0.39395645,0.6060436
29040_geowiki-landcover-2017,0.46990263,0.53009737
33303_geowiki-landcover-2017,0.46667278,0.5333272
33697_geowiki-landcover-2017,0.46668223,0.53331774
14173_geowiki-landcover-2017,0.5555305,0.44446954
2534_germany,0.39394993,0.6060501
23330_geowiki-landcover-2017,0.58443403,0.41556597
405_sudan,0.4666728,0.5333272
6065_geowiki-landcover-2017,0.481461,0.518539
1557_ile-de-france,0.3939506,0.60604936
1452_germany,0.3939499,0.60605013
14902_geowiki-landcover-2017,0.46667328,0.5333267
2236_tanzania-ceo,0.6302391,0.3697609
2355_kenya-non-crop,0.72080207,0.27919796
28720_geowiki-landcover-2017,0.5731375,0.42686248
3043_central-asia,0.39395007,0.60604995
6172_geowiki-landcover-2017,0.5438861,0.4561139
7737_canada,0.4666466,0.5333534
2152_tanzania-ceo,0.63023895,0.369761
4775_canada,0.3939499,0.60605013
1797_germany,0.39395,0.60604995
31162_geowiki-landcover-2017,0.48146015,0.51853985
6565_geowiki-landcover-2017,0.65435433,0.34564564
2749_canada,0.39395007,0.6060499
766_ile-de-france,0.3939499,0.6060501
1046_tanzania-ceo,0.6437909,0.35620916
26642_geowiki-landcover-2017,0.63024104,0.36975893
898_croplands,0.46667293,0.53332704
12373_geowiki-landcover-2017,0.5440615,0.45593852
2328_reunion-france,0.46667606,0.533324
6143_geowiki-landcover-2017,0.5555305,0.44446948
3876_ile-de-france,0.3939499,0.60605013
28875_geowiki-landcover-2017,0.54405934,0.45594063
917_rwanda-ceo,0.720802,0.27919796
573_martinique-france,0.55552727,0.44447276
2273_reunion-france,0.5587325,0.44126746
9020_geowiki-landcover-2017,0.7208022,0.27919784
32882_geowiki-landcover-2017,0.4666728,0.5333272
25762_geowiki-landcover-2017,0.3939498,0.6060502
3461_rwanda-ceo,0.63024086,0.36975914
6470_geowiki-landcover-2017,0.48146126,0.5185388
75_geowiki-landcover-2017,0.7208004,0.27919957
3025_central-asia,0.3939499,0.60605013
821_mali-helmets-labelling-crops,0.5440583,0.45594165
4252_croplands,0.54405326,0.4559467
18962_geowiki-landcover-2017,0.46667245,0.5333276
32293_geowiki-landcover-2017,0.39395925,0.6060407
969_ile-de-france,0.39395022,0.6060498
2953_geowiki-landcover-2017,0.4666716,0.53332835
1707_tanzania-ceo,0.630241,0.36975905
5578_geowiki-landcover-2017,0.5699601,0.4300399
2728_central-asia,0.39395,0.60605
5785_ile-de-france,0.3939499,0.6060501
3317_canada,0.39396217,0.6060378
876_martinique-france,0.5699681,0.43003187
2700_reunion-france,0.6974229,0.30257708
3647_geowiki-landcover-2017,0.4666728,0.5333272
14308_geowiki-landcover-2017,0.55553025,0.44446975
22111_geowiki-landcover-2017,0.46667293,0.53332704
197_canada,0.46667287,0.5333271
3885_geowiki-landcover-2017,0.39395112,0.60604894
19935_geowiki-landcover-2017,0.6438,0.35619998
2762_reunion-france,0.6302412,0.3697588
4406_ile-de-france,0.3939499,0.60605013
22258_geowiki-landcover-2017,0.56995964,0.43004033
30673_geowiki-landcover-2017,0.49611366,0.50388634
148_ethiopia,0.4814746,0.51852536
16963_geowiki-landcover-2017,0.64380014,0.35619986
23673_geowiki-landcover-2017,0.6438001,0.35619998
166_ile-de-france,0.3939503,0.6060497
35685_geowiki-landcover-2017,0.46667302,0.533327
304_lem-brazil,0.54406375,0.45593628
35648_geowiki-landcover-2017,0.6543539,0.3456461
5931_ile-de-france,0.39395016,0.6060498
578_lem-brazil,0.65435046,0.34564957
30916_geowiki-landcover-2017,0.46667287,0.5333271
49_rwanda-ceo,0.63024104,0.3697589
213_croplands,0.3939499,0.60605013
2314_rwanda-ceo,0.65435517,0.3456448
2681_reunion-france,0.5555304,0.44446957
715_mali-helmets-labelling-crops,0.46667197,0.53332806
1725_central-asia,0.3939499,0.60605013
1153_mali-helmets-labelling-crops,0.46667174,0.53332824
5209_central-asia,0.3939499,0.6060501
122_tanzania-rice-ecaas,0.630241,0.369759
269_sudan,0.4666729,0.5333271
515_ethiopia,0.48146087,0.51853913
3291_canada,0.72080046,0.2791995
28487_geowiki-landcover-2017,0.55553097,0.44446903
1594_rwanda-ceo,0.6302411,0.3697589
2461_rwanda-ceo,0.63024104,0.36975893
8838_geowiki-landcover-2017,0.5555305,0.44446948
192_ethiopia,0.48149773,0.51850224
35537_geowiki-landcover-2017,0.3939499,0.60605013
1310_geowiki-landcover-2017,0.4666729,0.5333271
2652_reunion-france,0.6543536,0.3456464
1597_germany,0.3939511,0.60604894
4057_geowiki-landcover-2017,0.5587348,0.4412652
4519_croplands,0.5440599,0.45594016
897_central-asia,0.3939499,0.60605013
9356_geowiki-landcover-2017,0.6438001,0.3561999
22864_geowiki-landcover-2017,0.48146164,0.51853836
1989_geowiki-landcover-2017,0.6437982,0.3562018
1028_rwanda-ceo,0.7206965,0.2793035
2923_canada,0.46990424,0.53009576
1684_germany,0.39395,0.6060501
2017_geowiki-landcover-2017,0.4667058,0.5332942
6722_croplands,0.63024,0.36976004
1558_central-asia,0.3939499,0.60605013
1242_germany,0.3939499,0.60605013
1058_central-asia,0.3939499,0.60605013
121_rwanda-ceo,0.63024104,0.36975893
21142_geowiki-landcover-2017,0.466673,0.53332704
2238_kenya-non-crop,0.54406077,0.45593923
22090_geowiki-landcover-2017,0.3939507,0.6060493
26557_geowiki-landcover-2017,0.46667314,0.53332686
4691_ile-de-france,0.3939499,0.60605013
2478_kenya-non-crop,0.64380115,0.35619888
798_germany,0.39396766,0.6060324
5614_geowiki-landcover-2017,0.5587325,0.4412675
187_croplands,0.4699031,0.5300969
34193_geowiki-landcover-2017,0.46667722,0.53332275
29881_geowiki-landcover-2017,0.46665767,0.5333423
1811_reunion-france,0.48150012,0.5184999
3839_geowiki-landcover-2017,0.48146084,0.51853913
33700_geowiki-landcover-2017,0.54406077,0.45593923
34382_geowiki-landcover-2017,0.5587324,0.4412676
1208_martinique-france,0.55552953,0.44447044
14984_geowiki-landcover-2017,0.5699597,0.43004027
1_tanzania-rice-ecaas,0.5555304,0.44446957
1467_tanzania-ceo,0.63024,0.36976004
9426_croplands,0.46667358,0.5333264
51_rwanda-ceo,0.720802,0.279198
361_tanzania-ceo,0.55553174,0.44446823
35026_geowiki-landcover-2017,0.39395007,0.60604995
13728_croplands,0.46667302,0.53332704
13310_geowiki-landcover-2017,0.55548584,0.44451416
23635_geowiki-landcover-2017,0.5587189,0.44128105
160_geowiki-landcover-2017,0.54406106,0.45593888
16405_geowiki-landcover-2017,0.4666729,0.5333271
2504_germany,0.3939528,0.6060472
776_canada,0.46667287,0.5333271
608_tanzania-ceo,0.63023984,0.36976013
459_mali-helmets-labelling-crops,0.4666718,0.53332824
2575_kenya-non-crop,0.5587324,0.4412676
11042_croplands,0.6302397,0.36976027
138_mali-non-crop,0.5699595,0.43004048
5554_ile-de-france,0.39395168,0.6060483
963_martinique-france,0.55552983,0.4444702
605_togo,0.5698455,0.43015453
121_martinique-france,0.5699595,0.43004054
1138_canada,0.46667287,0.5333271
5224_ile-de-france,0.39395,0.6060501
0_canada,0.46667293,0.53332704
11318_geowiki-landcover-2017,0.5699597,0.43004024
32864_geowiki-landcover-2017,0.39395002,0.60604995
8607_geowiki-landcover-2017,0.4961134,0.50388664
1835_tanzania-ceo,0.64377135,0.35622865
34_tanzania-rice-ecaas,0.55560833,0.44439164
17595_geowiki-landcover-2017,0.4666732,0.5333268
5372_canada,0.4666583,0.5333417
34320_geowiki-landcover-2017,0.3939541,0.60604584
2944_canada,0.39398208,0.60601795
1284_canada,0.46667287,0.5333271
2253_croplands,0.46669495,0.53330505
182_germany,0.3939499,0.60605013
2933_rwanda-ceo,0.72080106,0.27919888
2803_rwanda-ceo,0.630241,0.369759
13239_geowiki-landcover-2017,0.54406124,0.4559388
16928_geowiki-landcover-2017,0.4666728,0.5333272
35584_geowiki-landcover-2017,0.46667293,0.53332704
546_croplands,0.4699041,0.5300959
19109_geowiki-landcover-2017,0.5555293,0.44447067
16751_geowiki-landcover-2017,0.56995964,0.43004033
3925_ile-de-france,0.3939499,0.60605013
2939_geowiki-landcover-2017,0.46667227,0.5333277
14940_geowiki-landcover-2017,0.5440605,0.45593947
19331_geowiki-landcover-2017,0.4814616,0.51853836
12930_geowiki-landcover-2017,0.6302385,0.36976147
835_tanzania-ceo,0.6302345,0.36976552
20427_geowiki-landcover-2017,0.4666728,0.5333272
2173_rwanda-ceo,0.72080207,0.2791979
1156_martinique-france,0.46667334,0.5333266
1089_geowiki-landcover-2017,0.6302409,0.36975908
621_rwanda-ceo,0.72080207,0.27919793
1736_germany,0.3939948,0.6060052
2167_kenya-non-crop,0.72079974,0.27920032
865_croplands,0.48146242,0.51853764
1785_geowiki-landcover-2017,0.46988177,0.5301182
3245_ile-de-france,0.3939499,0.60605013
497_reunion-france,0.5587441,0.4412559
23466_geowiki-landcover-2017,0.48146102,0.518539
3254_central-asia,0.3939499,0.60605013
18_geowiki-landcover-2017,0.63024104,0.369759
6008_ile-de-france,0.39395007,0.60604995
3805_ile-de-france,0.39395007,0.60604995
35770_geowiki-landcover-2017,0.5440602,0.4559398
5371_geowiki-landcover-2017,0.54406023,0.45593977
1984_tanzania-ceo,0.6438001,0.3561999
3103_geowiki-landcover-2017,0.4666739,0.5333261
411_central-asia,0.3939499,0.6060501
14037_geowiki-landcover-2017,0.48146126,0.5185387
32826_geowiki-landcover-2017,0.39395157,0.6060484
35256_geowiki-landcover-2017,0.39395,0.60605
23668_geowiki-landcover-2017,0.39395028,0.6060497
28534_geowiki-landcover-2017,0.46667308,0.5333269
736_ethiopia,0.55876064,0.44123936
3478_canada,0.39394993,0.6060501
5826_croplands,0.54406106,0.4559389
412_germany,0.39395112,0.6060489
3274_canada,0.63024104,0.3697589
10127_croplands,0.6302405,0.36975947
19446_geowiki-landcover-2017,0.46666968,0.53333026
138_togo,0.46667293,0.53332704
247_geowiki-landcover-2017,0.5555315,0.4444685
238_canada,0.46667287,0.5333271
25287_geowiki-landcover-2017,0.54405564,0.4559444
1340_central-asia,0.3939499,0.60605013
2452_kenya-non-crop,0.46667302,0.53332704
2591_canada,0.46667323,0.53332675
978_reunion-france,0.497398,0.502602
6610_geowiki-landcover-2017,0.48146075,0.5185392
267_canada,0.39395,0.60604995
3131_geowiki-landcover-2017,0.56995887,0.43004113
64_tanzania-rice-ecaas,0.630241,0.36975908
3040_canada,0.5440612,0.45593882
1788_central-asia,0.3939499,0.60605013
4986_canada,0.46990395,0.53009605
16896_geowiki-landcover-2017,0.5440597,0.45594034
16194_geowiki-landcover-2017,0.46667355,0.5333265
470_kenya-non-crop,0.5587341,0.44126588
10503_croplands,0.5555305,0.44446954
376_canada,0.39395344,0.60604656
3_martinique-france,0.6543539,0.3456461
98_tanzania-rice-ecaas,0.6302254,0.36977452
14143_geowiki-landcover-2017,0.63024145,0.3697586
797_martinique-france,0.46667287,0.5333271
2030_kenya-non-crop,0.4666729,0.5333271
6711_geowiki-landcover-2017,0.3939499,0.60605013
1971_rwanda-ceo,0.63024104,0.369759
1155_tanzania-ceo,0.5555307,0.44446933
10783_croplands,0.55705404,0.442946
339_mali-helmets-labelling-crops,0.46667254,0.5333275
2447_rwanda-ceo,0.5555304,0.4444696
18095_geowiki-landcover-2017,0.46667287,0.53332716
7628_geowiki-landcover-2017,0.46666414,0.5333359
699_germany,0.39395133,0.60604864
442_central-asia,0.3939499,0.60605013
2191_kenya-non-crop,0.6437982,0.3562018
3226_canada,0.56994456,0.4300555
8480_geowiki-landcover-2017,0.5587324,0.4412676
315_togo,0.46667865,0.5333214
13197_geowiki-landcover-2017,0.5699597,0.43004024
3067_geowiki-landcover-2017,0.54406106,0.45593888
1152_germany,0.46990395,0.53009605
1751_geowiki-landcover-2017,0.46667325,0.53332675
15250_geowiki-landcover-2017,0.46667212,0.5333279
2072_central-asia,0.3939498,0.60605013
1459_geowiki-landcover-2017,0.64379954,0.35620043
1907_geowiki-landcover-2017,0.5699601,0.4300399
27004_geowiki-landcover-2017,0.48146078,0.5185392
52_martinique-france,0.65414095,0.34585905
18930_geowiki-landcover-2017,0.46666735,0.53333265
1079_ile-de-france,0.3939499,0.60605013
13201_geowiki-landcover-2017,0.4814646,0.51853544
4652_croplands,0.56995577,0.43004426
17956_geowiki-landcover-2017,0.544062,0.45593795
793_germany,0.46989903,0.53010094
2463_reunion-france,0.55553406,0.44446588
52_germany,0.39395007,0.60604995
6839_geowiki-landcover-2017,0.39395,0.6060501
530_tanzania-ceo,0.63024104,0.369759
1659_germany,0.39395,0.60604995
30321_geowiki-landcover-2017,0.46990404,0.53009593
2004_canada,0.39395002,0.60604995
4307_central-asia,0.39395,0.60604995
33267_geowiki-landcover-2017,0.46667275,0.5333273
748_togo,0.5699597,0.43004027
1979_central-asia,0.3939499,0.60605013
1723_ile-de-france,0.39394993,0.6060501
493_ile-de-france,0.3939499,0.60605013
470_canada,0.46667287,0.5333271
863_kenya-non-crop,0.6302373,0.3697627
874_mali-helmets-labelling-crops,0.46667278,0.5333272
1165_ile-de-france,0.3939499,0.60605013
3087_ile-de-france,0.39394993,0.6060501
35431_geowiki-landcover-2017,0.46990237,0.5300976
1458_kenya-non-crop,0.5440612,0.45593885
488_rwanda-ceo,0.6543535,0.34564653
4818_central-asia,0.39395,0.60605
2995_central-asia,0.3939499,0.60605013
14049_croplands,0.63024056,0.36975947
1726_croplands,0.46667364,0.5333263
12569_croplands,0.46667287,0.5333271
24057_geowiki-landcover-2017,0.5555303,0.44446966
3650_croplands,0.6538107,0.34618932
15961_geowiki-landcover-2017,0.48146087,0.51853913
19422_geowiki-landcover-2017,0.65435416,0.34564587
890_mali-helmets-labelling-crops,0.46667212,0.53332794
303_rwanda-ceo,0.6302408,0.36975923
806_reunion-france,0.5587345,0.4412655
729_tanzania-rice-ecaas,0.63023895,0.36976102
23497_geowiki-landcover-2017,0.5555305,0.44446954
30017_geowiki-landcover-2017,0.39395612,0.6060439
4261_central-asia,0.3939531,0.6060469
1978_ile-de-france,0.39395,0.60604995
28305_geowiki-landcover-2017,0.48146108,0.51853895
3468_rwanda-ceo,0.6302409,0.36975908
3212_canada,0.64379984,0.3562001
3201_ile-de-france,0.3939499,0.60605013
2527_kenya-non-crop,0.4668083,0.5331917
35836_geowiki-landcover-2017,0.46667394,0.5333261
17006_geowiki-landcover-2017,0.5440606,0.45593938
5255_ile-de-france,0.39395,0.6060501
9557_croplands,0.54405975,0.45594025
10200_geowiki-landcover-2017,0.5440614,0.45593858
1865_reunion-france,0.48146325,0.5185367
14816_geowiki-landcover-2017,0.55553055,0.44446942
17171_geowiki-landcover-2017,0.46667266,0.5333273
1655_reunion-france,0.544061,0.45593897
1287_kenya-non-crop,0.6302347,0.36976528
1572_martinique-france,0.46667287,0.53332716
1153_reunion-france,0.49742088,0.50257915
3030_central-asia,0.3939499,0.6060501
29525_geowiki-landcover-2017,0.3939516,0.6060484
509_tanzania-rice-ecaas,0.6302401,0.36975995
3307_ile-de-france,0.3939499,0.60605013
2446_kenya-non-crop,0.466673,0.53332704
19324_geowiki-landcover-2017,0.56995964,0.43004033
1710_ile-de-france,0.39395067,0.60604936
521_kenya-non-crop,0.720802,0.27919796
3717_geowiki-landcover-2017,0.4666724,0.5333276
94_kenya,0.6302401,0.36975995
1003_rwanda-ceo,0.55553025,0.44446972
7346_geowiki-landcover-2017,0.3939614,0.6060386
1762_ile-de-france,0.3939499,0.60605013
27210_geowiki-landcover-2017,0.6437997,0.35620028
3073_central-asia,0.3939499,0.60605013
2251_central-asia,0.39394993,0.6060501
1918_ile-de-france,0.3939499,0.60605013
35360_geowiki-landcover-2017,0.3939501,0.6060499
1105_canada,0.46667287,0.5333271
31860_geowiki-landcover-2017,0.54406023,0.4559398
4722_canada,0.39395124,0.60604876
967_kenya-non-crop,0.630241,0.36975908
4015_geowiki-landcover-2017,0.48146042,0.51853955
35735_geowiki-landcover-2017,0.4707389,0.52926105
1135_central-asia,0.3939499,0.60605013
4575_geowiki-landcover-2017,0.46667168,0.5333283
4016_canada,0.3939501,0.6060499
2553_rwanda-ceo,0.6301955,0.36980444
4086_geowiki-landcover-2017,0.49611577,0.5038842
2964_central-asia,0.46990246,0.53009754
32949_geowiki-landcover-2017,0.5699857,0.43001428
3105_ile-de-france,0.39395,0.6060501
190_tanzania-rice-ecaas,0.6302409,0.36975908
33844_geowiki-landcover-2017,0.3941037,0.60589635
12234_geowiki-landcover-2017,0.65728295,0.342717
5147_canada,0.3939519,0.6060481
8235_geowiki-landcover-2017,0.5555305,0.44446954
5771_canada,0.39394993,0.6060501
1172_canada,0.46667287,0.5333271
3129_rwanda-ceo,0.6543644,0.3456356
1162_martinique-france,0.5555305,0.44446954
880_kenya-non-crop,0.6302404,0.36975962
31191_geowiki-landcover-2017,0.4961153,0.5038847
1890_germany,0.39395,0.60605
33083_geowiki-landcover-2017,0.46667233,0.5333277
914_martinique-france,0.654354,0.34564602
5507_geowiki-landcover-2017,0.5440612,0.45593888
2328_ile-de-france,0.3939499,0.60605013
4725_ile-de-france,0.39398286,0.6060171
16438_geowiki-landcover-2017,0.6543545,0.34564552
2244_croplands,0.54406285,0.45593715
893_germany,0.39395076,0.60604924
182_rwanda-ceo,0.6543638,0.34563613
3617_ile-de-france,0.3939499,0.60605013
4682_canada,0.46990407,0.53009593
32573_geowiki-landcover-2017,0.39395016,0.6060498
194_rwanda-ceo,0.63024116,0.3697589
754_tanzania-ceo,0.6543576,0.3456424
26799_geowiki-landcover-2017,0.4814609,0.5185391
14022_geowiki-landcover-2017,0.6302313,0.36976865
28872_geowiki-landcover-2017,0.39395016,0.6060498
5223_central-asia,0.48145914,0.5185408
2160_martinique-france,0.6538523,0.34614772
2358_ile-de-france,0.46990398,0.530096
13904_geowiki-landcover-2017,0.5699661,0.43003392
1644_reunion-france,0.63024,0.36975995
771_geowiki-landcover-2017,0.5587324,0.4412676
15425_geowiki-landcover-2017,0.5440612,0.45593888
7423_geowiki-landcover-2017,0.39728877,0.60271126
5182_ile-de-france,0.39395007,0.60604995
694_canada,0.39395404,0.60604596
6823_croplands,0.6302409,0.36975908
2302_tanzania-ceo,0.5555344,0.44446558
241_central-asia,0.39395067,0.60604936
2358_rwanda-ceo,0.6302399,0.3697601
200_mali-helmets-labelling-crops,0.46667218,0.5333278
3225_rwanda-ceo,0.6543542,0.34564576
12583_geowiki-landcover-2017,0.55544066,0.4445593
4045_central-asia,0.3939499,0.60605013
31289_geowiki-landcover-2017,0.544064,0.455936
145_uganda,0.5555304,0.4444696
343_ethiopia,0.4814819,0.51851815
1243_ile-de-france,0.3939498,0.6060502
572_central-asia,0.3939499,0.60605013
7592_geowiki-landcover-2017,0.39424264,0.60575736
4094_canada,0.39395007,0.60604995
24887_geowiki-landcover-2017,0.48146072,0.51853925
617_croplands,0.46667266,0.5333273
2110_germany,0.3939499,0.60605013
26484_geowiki-landcover-2017,0.63024116,0.3697588
1523_canada,0.39395022,0.6060498
623_central-asia,0.46990392,0.5300961
872_rwanda-ceo,0.6543546,0.34564546
16854_geowiki-landcover-2017,0.5440612,0.45593885
4047_geowiki-landcover-2017,0.7208022,0.2791978
6387_canada,0.39395007,0.60604995
9597_croplands,0.46667328,0.53332675
6122_canada,0.393951,0.606049
15102_geowiki-landcover-2017,0.46667266,0.53332734
368_reunion-france,0.6572829,0.34271714
2369_geowiki-landcover-2017,0.56995904,0.43004102
31710_geowiki-landcover-2017,0.46667477,0.5333252
541_rwanda-ceo,0.7208017,0.2791983
902_rwanda-ceo,0.7208021,0.27919784
4506_central-asia,0.39394993,0.6060501
6219_canada,0.39395124,0.60604876
722_mali-helmets-labelling-crops,0.46667197,0.53332806
808_mali-helmets-labelling-crops,0.46667206,0.533328
2505_ile-de-france,0.39404342,0.6059566
12562_croplands,0.46667293,0.53332704
18831_geowiki-landcover-2017,0.5440592,0.45594078
6782_croplands,0.55553246,0.44446754
32167_geowiki-landcover-2017,0.4666729,0.5333271
1689_canada,0.4666724,0.5333276
11543_croplands,0.5555183,0.44448164
14024_croplands,0.55553126,0.44446874
2648_reunion-france,0.52739286,0.47260714
9737_geowiki-landcover-2017,0.56995994,0.43004006
1731_rwanda-ceo,0.6302411,0.3697589
662_tanzania-ceo,0.555532,0.44446808
31651_geowiki-landcover-2017,0.49611592,0.503884
2035_martinique-france,0.5555305,0.44446948
5873_ile-de-france,0.39395,0.6060501
12579_geowiki-landcover-2017,0.46667308,0.533327
9530_croplands,0.55550617,0.44449383
7820_canada,0.39395067,0.6060493
2774_ile-de-france,0.3939499,0.60605013
1208_ile-de-france,0.39395028,0.6060497
1216_central-asia,0.3939499,0.60605013
27706_geowiki-landcover-2017,0.466673,0.53332704
12881_croplands,0.46667135,0.53332865
918_germany,0.3939499,0.60605013
28114_geowiki-landcover-2017,0.49611357,0.5038864
6256_canada,0.3939499,0.6060501
4982_ile-de-france,0.46990404,0.530096
2277_canada,0.39395,0.60604995
416_germany,0.39394993,0.6060501
13815_geowiki-landcover-2017,0.46990436,0.53009564
15679_geowiki-landcover-2017,0.6571789,0.3428211
514_ile-de-france,0.3939499,0.60605013
591_central-asia,0.4699035,0.53009653
1517_martinique-france,0.6543543,0.34564573
17019_geowiki-landcover-2017,0.5440632,0.45593676
1047_geowiki-landcover-2017,0.63024,0.36975995
5535_canada,0.39394984,0.60605013
8832_geowiki-landcover-2017,0.5555995,0.44440046
4353_croplands,0.46667266,0.53332734
11913_geowiki-landcover-2017,0.54406124,0.4559388
22413_geowiki-landcover-2017,0.3939499,0.60605013
471_reunion-france,0.48146358,0.51853645
6812_croplands,0.630241,0.369759
35811_geowiki-landcover-2017,0.55553126,0.4444687
893_croplands,0.39395007,0.60604995
3384_ile-de-france,0.39395,0.60604995
4091_canada,0.39395043,0.60604954
582_ethiopia,0.55553055,0.44446942
2150_germany,0.3939499,0.60605013
251_tanzania-rice-ecaas,0.72080207,0.27919793
3155_rwanda-ceo,0.6543543,0.34564573
3255_canada,0.46667317,0.5333268
739_canada,0.46667293,0.53332704
81_mali-non-crop,0.4666754,0.5333246
643_germany,0.39395,0.6060501
28676_geowiki-landcover-2017,0.469907,0.5300931
12619_geowiki-landcover-2017,0.6302402,0.36975983
2586_rwanda-ceo,0.63024104,0.36975893
1440_canada,0.56995964,0.43004033
10317_geowiki-landcover-2017,0.49612936,0.5038706
920_togo,0.54406035,0.45593962
388_croplands,0.39395007,0.60604995
30_geowiki-landcover-2017,0.48146158,0.51853836
4824_ile-de-france,0.39394984,0.60605013
2587_kenya-non-crop,0.5587324,0.4412676
1990_ile-de-france,0.3939499,0.60605013
34944_geowiki-landcover-2017,0.49610958,0.5038904
15579_geowiki-landcover-2017,0.5555304,0.44446957
1573_reunion-france,0.5555304,0.44446957
4575_croplands,0.46666995,0.5333301
5879_croplands,0.46667945,0.5333205
3550_geowiki-landcover-2017,0.56995624,0.43004373
904_central-asia,0.39395022,0.6060498
13599_croplands,0.46667302,0.533327
253_kenya-non-crop,0.6302408,0.36975917
1838_germany,0.3939499,0.60605013
2333_central-asia,0.39394993,0.6060501
1137_rwanda-ceo,0.63024133,0.36975864
0_uganda,0.55553013,0.44446993
746_ile-de-france,0.3939499,0.60605013
23210_geowiki-landcover-2017,0.5699597,0.4300403
1796_rwanda-ceo,0.630241,0.369759
1427_central-asia,0.3939499,0.60605013
2376_geowiki-landcover-2017,0.5699599,0.43004012
27099_geowiki-landcover-2017,0.46989834,0.5301017
34484_geowiki-landcover-2017,0.46667254,0.5333275
800_mali-helmets-labelling-crops,0.5439789,0.45602104
1101_tanzania-ceo,0.64380187,0.3561981
5515_canada,0.46989432,0.5301057
1294_central-asia,0.3939499,0.60605013
19696_geowiki-landcover-2017,0.6543542,0.34564573
3049_central-asia,0.39395,0.6060501
2707_geowiki-landcover-2017,0.46667254,0.53332746
3711_central-asia,0.3939499,0.60605013
4498_croplands,0.4666709,0.53332907
76_tanzania-rice-ecaas,0.63024104,0.369759
19444_geowiki-landcover-2017,0.5587334,0.44126657
8496_croplands,0.54406166,0.45593837
2013_germany,0.39395007,0.6060499
934_ile-de-france,0.3939499,0.60605013
28667_geowiki-landcover-2017,0.48146042,0.51853955
107_geowiki-landcover-2017,0.6535002,0.34649986
404_geowiki-landcover-2017,0.6302406,0.36975938
201_sudan,0.5440608,0.4559392
6309_canada,0.39395,0.60604995
730_mali-helmets-labelling-crops,0.46667197,0.53332806
737_mali-helmets-labelling-crops,0.466672,0.533328
8138_geowiki-landcover-2017,0.46667328,0.5333267
1299_tanzania-ceo,0.5512785,0.4487216
6222_canada,0.3939512,0.6060488
265_mali-helmets-labelling-crops,0.4666721,0.53332794
25953_geowiki-landcover-2017,0.5440114,0.45598856
21060_geowiki-landcover-2017,0.544061,0.455939
13550_croplands,0.4666735,0.5333265
22600_geowiki-landcover-2017,0.4814614,0.5185386
811_geowiki-landcover-2017,0.55873245,0.44126755
3032_ile-de-france,0.39395025,0.6060498
3476_canada,0.3939499,0.60605013
173_lem-brazil,0.6301345,0.36986548
4046_canada,0.49611363,0.50388634
8271_geowiki-landcover-2017,0.3939583,0.6060417
502_ile-de-france,0.3939499,0.60605013
6131_geowiki-landcover-2017,0.4699041,0.5300959
2283_kenya-non-crop,0.46667308,0.5333269
1353_martinique-france,0.56995964,0.4300404
1413_tanzania-ceo,0.55553114,0.44446883
219_germany,0.3939499,0.60605013
5445_canada,0.39395133,0.60604864
3493_croplands,0.5440607,0.45593923
2995_ile-de-france,0.3939499,0.60605013
4512_central-asia,0.3939499,0.60605013
1068_kenya-non-crop,0.5555304,0.44446957
1238_germany,0.39395016,0.60604984
606_geowiki-landcover-2017,0.48145112,0.51854885
651_tanzania-ceo,0.630241,0.369759
85_martinique-france,0.65435374,0.34564632
10134_croplands,0.5555302,0.44446984
7706_geowiki-landcover-2017,0.39395022,0.6060498
351_croplands,0.55873233,0.44126773
19037_geowiki-landcover-2017,0.39395,0.60604995
703_germany,0.3939499,0.6060501
7485_canada,0.4666728,0.5333272
4783_central-asia,0.3939499,0.60605013
58_tanzania-rice-ecaas,0.630241,0.369759
21162_geowiki-landcover-2017,0.5555305,0.4444695
12423_geowiki-landcover-2017,0.5731375,0.4268625
24115_geowiki-landcover-2017,0.6543544,0.3456456
9510_croplands,0.5555433,0.4444567
593_ile-de-france,0.39395,0.60605
2911_geowiki-landcover-2017,0.4666724,0.5333276
4036_ile-de-france,0.3939499,0.60605013
321_tanzania-rice-ecaas,0.72080195,0.2791981
6671_geowiki-landcover-2017,0.46667287,0.5333271
1513_martinique-france,0.65435433,0.34564567
4617_canada,0.46667287,0.5333271
201_togo,0.46686533,0.5331347
1131_central-asia,0.3939499,0.60605013
13216_geowiki-landcover-2017,0.4814657,0.5185343
791_ile-de-france,0.39394984,0.60605013
131_sudan,0.4666725,0.5333275
29331_geowiki-landcover-2017,0.56995964,0.43004033
5353_canada,0.3939499,0.60605013
1154_togo,0.5440599,0.45594016
4843_central-asia,0.49611402,0.503886
626_reunion-france,0.6302404,0.36975965
6600_canada,0.49611333,0.50388664
33226_geowiki-landcover-2017,0.5440513,0.45594868
1409_canada,0.5699604,0.4300396
2062_germany,0.39395043,0.6060496
901_ile-de-france,0.39395016,0.60604984
2219_geowiki-landcover-2017,0.4666785,0.5333215
5486_canada,0.3939499,0.6060501
472_canada,0.4666729,0.5333271
249_canada,0.39395025,0.6060497
912_ile-de-france,0.39395085,0.6060492
2104_canada,0.54406106,0.4559389
33919_geowiki-landcover-2017,0.39395013,0.6060499
10112_geowiki-landcover-2017,0.48146132,0.51853865
139_reunion-france,0.65435517,0.34564483
3122_rwanda-ceo,0.63024104,0.369759
29036_geowiki-landcover-2017,0.4666026,0.5333974
675_central-asia,0.3939499,0.6060501
1881_ile-de-france,0.3939499,0.60605013
1568_germany,0.39395046,0.60604954
1648_reunion-france,0.6302392,0.36976084
22207_geowiki-landcover-2017,0.54406124,0.45593876
292_togo,0.46667585,0.5333241
2005_reunion-france,0.6034563,0.39654368
301_germany,0.3939499,0.60605013
17557_geowiki-landcover-2017,0.46667293,0.53332704
5391_geowiki-landcover-2017,0.46667293,0.53332704
7016_geowiki-landcover-2017,0.39395007,0.60604995
12205_geowiki-landcover-2017,0.481461,0.518539
3738_central-asia,0.3939499,0.60605013
6348_geowiki-landcover-2017,0.5699615,0.43003848
5817_ile-de-france,0.39395007,0.60604995
5686_geowiki-landcover-2017,0.5555306,0.44446942
28719_geowiki-landcover-2017,0.56996137,0.4300387
2983_ile-de-france,0.3939499,0.60605013
31974_geowiki-landcover-2017,0.58444124,0.41555876
2149_germany,0.46985784,0.5301422
756_ethiopia,0.5587326,0.44126734
33576_geowiki-landcover-2017,0.55552024,0.4444798
803_tanzania-ceo,0.7208021,0.27919784
10554_geowiki-landcover-2017,0.6437199,0.35628012
2691_canada,0.3939503,0.6060497
28506_geowiki-landcover-2017,0.56995916,0.43004084
16497_geowiki-landcover-2017,0.46667585,0.5333241
15863_geowiki-landcover-2017,0.63023674,0.36976326
3098_central-asia,0.39395002,0.60604995
114_ile-de-france,0.3939499,0.60605013
229_mali-helmets-labelling-crops,0.4666719,0.53332806
4761_geowiki-landcover-2017,0.56995964,0.43004033
6898_croplands,0.630241,0.369759
31998_geowiki-landcover-2017,0.46667287,0.5333271
25540_geowiki-landcover-2017,0.3939499,0.60605013
19743_geowiki-landcover-2017,0.584434,0.41556597
157_tanzania-ceo,0.5699691,0.43003085
1736_kenya-non-crop,0.630241,0.36975908
1589_reunion-france,0.4666739,0.5333261
219_ile-de-france,0.39395,0.60604995
2946_rwanda-ceo,0.7208021,0.27919784
5628_canada,0.3939499,0.60605013
242_lem-brazil,0.6295857,0.37041432
490_tanzania-ceo,0.6302404,0.36975956
777_togo,0.5555308,0.44446927
523_croplands,0.4699047,0.53009534
21981_geowiki-landcover-2017,0.56997174,0.43002823
14331_geowiki-landcover-2017,0.5587328,0.44126713
4489_croplands,0.46667105,0.53332895
815_croplands,0.4666726,0.5333274
32303_geowiki-landcover-2017,0.48146087,0.5185391
16612_geowiki-landcover-2017,0.46667415,0.53332585
738_ethiopia,0.48331138,0.5166886
6720_croplands,0.55553067,0.44446933
1711_reunion-france,0.5699572,0.4300428
3600_geowiki-landcover-2017,0.49680653,0.50319344
85_mali-non-crop,0.46667284,0.53332716
5090_ile-de-france,0.3939499,0.60605013
140_mali-helmets-labelling-crops,0.5440461,0.45595387
1918_central-asia,0.3939499,0.60605013
1561_geowiki-landcover-2017,0.54406124,0.45593873
13363_geowiki-landcover-2017,0.46667287,0.5333271
16374_geowiki-landcover-2017,0.6438,0.35619998
914_kenya-non-crop,0.5555304,0.44446957
1235_rwanda-ceo,0.72080165,0.27919835
2340_canada,0.46667314,0.5333268
320_rwanda-ceo,0.6302409,0.36975908
2661_rwanda-ceo,0.5555309,0.4444691
4475_canada,0.46990407,0.53009593
4111_central-asia,0.3939499,0.60605013
16050_geowiki-landcover-2017,0.58355916,0.41644084
551_canada,0.46667287,0.5333271
33864_geowiki-landcover-2017,0.46989697,0.530103
7200_geowiki-landcover-2017,0.3939499,0.6060501
4532_croplands,0.46665153,0.53334844
4672_canada,0.39395007,0.60604995
2589_ile-de-france,0.3939499,0.60605013
548_ethiopia,0.63021964,0.3697804
959_kenya-non-crop,0.630241,0.36975905
1738_central-asia,0.3939499,0.60605013
26762_geowiki-landcover-2017,0.39395,0.6060501
2748_canada,0.39395,0.6060501
12624_croplands,0.4666729,0.5333271
35112_geowiki-landcover-2017,0.46667287,0.5333271
3900_central-asia,0.39394993,0.6060501
26881_geowiki-landcover-2017,0.5555304,0.44446957
2074_tanzania-ceo,0.55553025,0.44446978
7952_geowiki-landcover-2017,0.46667176,0.53332824
5180_ile-de-france,0.39395,0.60604995
3718_croplands,0.5555301,0.44446993
2164_geowiki-landcover-2017,0.56996036,0.43003964
1497_germany,0.4699035,0.5300965
22673_geowiki-landcover-2017,0.39395,0.60604995
2021_rwanda-ceo,0.6543545,0.34564552
265_rwanda-ceo,0.63024104,0.369759
209_croplands,0.39396,0.60604
368_tanzania-ceo,0.5440615,0.45593852
11501_geowiki-landcover-2017,0.65435624,0.34564376
80_canada,0.39395,0.60605
299_tanzania,0.5555303,0.4444697
766_martinique-france,0.46667445,0.53332555
24733_geowiki-landcover-2017,0.5731311,0.42686892
1018_rwanda-ceo,0.6543731,0.3456269
7888_geowiki-landcover-2017,0.64379996,0.35620004
694_central-asia,0.3939499,0.60605013
33706_geowiki-landcover-2017,0.4961138,0.50388616
16355_geowiki-landcover-2017,0.48146087,0.5185391
23620_geowiki-landcover-2017,0.5587323,0.44126773
2902_geowiki-landcover-2017,0.46667257,0.53332746
2281_martinique-france,0.65435344,0.3456466
627_canada,0.4666728,0.5333272
2950_geowiki-landcover-2017,0.46667174,0.53332824
77_lem-brazil,0.6302385,0.3697615
116_rwanda-ceo,0.7208022,0.27919778
34915_geowiki-landcover-2017,0.57081795,0.42918205
965_geowiki-landcover-2017,0.4814611,0.5185389
1088_geowiki-landcover-2017,0.5555303,0.44446966
1462_germany,0.3939527,0.60604733
24979_geowiki-landcover-2017,0.46990356,0.5300965
4329_central-asia,0.3939499,0.6060501
9073_geowiki-landcover-2017,0.584434,0.415566
2929_rwanda-ceo,0.5555308,0.44446918
7598_canada,0.4666727,0.5333273
495_tanzania-ceo,0.7208021,0.27919784
5431_ile-de-france,0.3939499,0.60605013
2306_rwanda-ceo,0.7207992,0.2792008
1626_ile-de-france,0.3939499,0.60605013
441_kenya-non-crop,0.65728515,0.3427149
3798_canada,0.39394993,0.6060501
35595_geowiki-landcover-2017,0.469896,0.53010404
14155_geowiki-landcover-2017,0.3939499,0.60605013
29135_geowiki-landcover-2017,0.46667355,0.53332645
2367_ile-de-france,0.3939499,0.60605013
357_canada,0.3939506,0.60604936
11921_geowiki-landcover-2017,0.5783858,0.42161423
1101_rwanda-ceo,0.65435433,0.34564564
5985_canada,0.3939499,0.60605013
19377_geowiki-landcover-2017,0.7208015,0.2791986
19611_geowiki-landcover-2017,0.48146087,0.51853913
30133_geowiki-landcover-2017,0.4666728,0.5333272
2304_rwanda-ceo,0.5555331,0.44446683
22618_geowiki-landcover-2017,0.48146084,0.51853913
1170_germany,0.46990263,0.53009737
777_tanzania-ceo,0.72080207,0.27919793
9_kenya-non-crop,0.555623,0.444377
2747_reunion-france,0.49739635,0.50260365
11190_geowiki-landcover-2017,0.5699604,0.4300396
725_mali-helmets-labelling-crops,0.466672,0.533328
115_reunion-france,0.6034563,0.3965437
25750_geowiki-landcover-2017,0.39395058,0.6060495
183_germany,0.39395007,0.60604995
4639_canada,0.39395,0.60605
13543_croplands,0.46667293,0.53332704
4731_geowiki-landcover-2017,0.6302376,0.3697624
1099_rwanda-ceo,0.6302411,0.3697589
6367_geowiki-landcover-2017,0.4961136,0.5038864
689_ile-de-france,0.3939499,0.60605013
3918_ile-de-france,0.3939499,0.60605013
6094_ile-de-france,0.3939511,0.60604894
3629_canada,0.46667278,0.5333272
2057_geowiki-landcover-2017,0.56990975,0.4300902
2333_rwanda-ceo,0.72078884,0.27921116
14914_croplands,0.39395,0.6060501
6456_canada,0.39402717,0.6059728
3427_ile-de-france,0.3939514,0.60604864
683_rwanda-ceo,0.63024104,0.369759
274_tanzania-ceo,0.544062,0.45593795
2027_geowiki-landcover-2017,0.5844361,0.4155639
1201_geowiki-landcover-2017,0.5555312,0.44446877
1812_germany,0.46990103,0.53009903
32458_geowiki-landcover-2017,0.3940203,0.6059797
1788_canada,0.39395034,0.6060496
1087_germany,0.3939499,0.60605013
2726_geowiki-landcover-2017,0.544061,0.45593902
26182_geowiki-landcover-2017,0.49611378,0.5038862
5124_canada,0.39395,0.60605
724_canada,0.46667287,0.5333271
469_ile-de-france,0.3939499,0.60605013
2270_central-asia,0.3939499,0.60605013
955_ile-de-france,0.3939501,0.6060499
2909_geowiki-landcover-2017,0.48148832,0.51851165
8415_geowiki-landcover-2017,0.4666729,0.5333271
14066_croplands,0.55553013,0.4444699
9392_geowiki-landcover-2017,0.5440617,0.4559383
1032_togo,0.5699597,0.4300403
12932_geowiki-landcover-2017,0.6538961,0.34610388
2652_canada,0.39395,0.60605
22229_geowiki-landcover-2017,0.46667328,0.53332675
17026_geowiki-landcover-2017,0.46667302,0.53332704
1470_croplands,0.39395034,0.6060496
1652_canada,0.46664053,0.5333595
354_ethiopia,0.5840247,0.4159752
174_uganda,0.5555309,0.44446912
34638_geowiki-landcover-2017,0.46668807,0.53331196
5249_geowiki-landcover-2017,0.48146042,0.5185396
12455_croplands,0.46667337,0.5333266
8241_geowiki-landcover-2017,0.643801,0.35619906
770_croplands,0.3939499,0.60605013
6732_croplands,0.5555305,0.4444695
21003_geowiki-landcover-2017,0.4666726,0.53332734
5550_canada,0.3939499,0.60605013
644_central-asia,0.39507493,0.6049251
1388_reunion-france,0.54406095,0.45593905
33499_geowiki-landcover-2017,0.39395007,0.60604995
413_lem-brazil,0.55550516,0.44449484
25310_geowiki-landcover-2017,0.46667498,0.533325
178_kenya,0.65435606,0.34564394
5274_ile-de-france,0.46990404,0.53009593
3583_central-asia,0.3939499,0.60605013
29320_geowiki-landcover-2017,0.3939505,0.6060495
26171_geowiki-landcover-2017,0.46667287,0.5333271
22300_geowiki-landcover-2017,0.39395,0.60605
125_tanzania,0.55553025,0.44446978
23293_geowiki-landcover-2017,0.49611497,0.50388503
1343_martinique-france,0.5699606,0.43003938
828_croplands,0.39395043,0.6060496
5446_geowiki-landcover-2017,0.4666697,0.53333026
21309_geowiki-landcover-2017,0.4699045,0.53009546
9973_geowiki-landcover-2017,0.65435463,0.3456454
34088_geowiki-landcover-2017,0.4699041,0.53009593
2412_martinique-france,0.5699597,0.4300403
647_central-asia,0.3939499,0.60605013
3638_central-asia,0.3939499,0.60605013
26645_geowiki-landcover-2017,0.55553234,0.44446763
1431_croplands,0.48145953,0.51854044
137_geowiki-landcover-2017,0.6302411,0.3697589
1305_germany,0.3939499,0.60605013
823_rwanda-ceo,0.6302407,0.36975932
2108_croplands,0.46667117,0.53332883
15497_geowiki-landcover-2017,0.54406106,0.4559389
1918_kenya-non-crop,0.72080225,0.27919775
9062_croplands,0.46667314,0.53332686
6411_geowiki-landcover-2017,0.5844339,0.41556606
519_geowiki-landcover-2017,0.48146185,0.5185382
2229_tanzania-ceo,0.5555303,0.44446966
2544_ile-de-france,0.39395,0.6060501
1757_kenya-non-crop,0.630241,0.369759
117_tanzania-rice-ecaas,0.6302407,0.36975935
18340_geowiki-landcover-2017,0.49611387,0.5038861
412_tanzania-ceo,0.544062,0.45593795
1940_tanzania-ceo,0.54406136,0.45593867
851_tanzania-ceo,0.6302403,0.36975974
3001_central-asia,0.39394993,0.6060501
32019_geowiki-landcover-2017,0.39394993,0.6060501
3247_rwanda-ceo,0.55553406,0.44446594
1641_kenya-non-crop,0.63024086,0.3697591
432_canada,0.46667287,0.5333271
16755_geowiki-landcover-2017,0.5699601,0.4300399
2339_tanzania-ceo,0.630241,0.369759
1765_geowiki-landcover-2017,0.46667325,0.53332675
927_germany,0.3939499,0.60605013
930_togo,0.55552864,0.4444714
936_rwanda-ceo,0.63023853,0.36976147
2557_canada,0.46667302,0.533327
2367_germany,0.39395002,0.60604995
1479_geowiki-landcover-2017,0.6302409,0.36975908
3020_ile-de-france,0.39395,0.60605
847_mali-helmets-labelling-crops,0.4666725,0.5333275
10441_geowiki-landcover-2017,0.46667293,0.53332704
52_ile-de-france,0.3939499,0.60605013
553_central-asia,0.3939499,0.60605013
3009_rwanda-ceo,0.72080207,0.2791979
1599_reunion-france,0.63024086,0.3697591
4028_ile-de-france,0.3939499,0.60605013
13144_croplands,0.6302311,0.36976895
719_lem-brazil,0.544078,0.455922
1961_martinique-france,0.5699597,0.43004024
6743_croplands,0.6300062,0.36999378
14132_geowiki-landcover-2017,0.630241,0.369759
13078_geowiki-landcover-2017,0.5555302,0.44446984
5620_ile-de-france,0.39394993,0.6060501
853_tanzania-ceo,0.7208021,0.2791979
12514_croplands,0.46667308,0.53332686
96_ethiopia,0.55872923,0.4412707
4071_central-asia,0.39394993,0.6060501
1956_rwanda-ceo,0.7208022,0.27919784
26734_geowiki-landcover-2017,0.48146227,0.51853776
26760_geowiki-landcover-2017,0.5844339,0.41556606
11061_geowiki-landcover-2017,0.48146087,0.5185391
14141_croplands,0.55553013,0.44446987
5105_geowiki-landcover-2017,0.3939502,0.6060498
1316_rwanda-ceo,0.7208022,0.27919778
26676_geowiki-landcover-2017,0.4268601,0.57313997
199_lem-brazil,0.55552554,0.44447446
23_martinique-france,0.6543541,0.3456459
30557_geowiki-landcover-2017,0.58443403,0.41556597
25602_geowiki-landcover-2017,0.48146096,0.5185391
112_uganda,0.6302397,0.36976025
15569_geowiki-landcover-2017,0.4666729,0.5333271
11017_geowiki-landcover-2017,0.5699596,0.4300404
453_ethiopia,0.6543535,0.34564653
1498_ile-de-france,0.39395,0.60604995
2555_ile-de-france,0.39395028,0.6060497
16777_geowiki-landcover-2017,0.5699596,0.43004042
20962_geowiki-landcover-2017,0.5440616,0.4559384
11159_geowiki-landcover-2017,0.65436065,0.34563938
16920_geowiki-landcover-2017,0.5699612,0.4300388
57_mali,0.46667162,0.53332835
32412_geowiki-landcover-2017,0.469904,0.530096
2270_martinique-france,0.5555295,0.44447052
29605_geowiki-landcover-2017,0.39395025,0.6060497
2926_ile-de-france,0.39395,0.60604995
26445_geowiki-landcover-2017,0.4666729,0.5333271
6004_canada,0.39395884,0.60604113
1124_central-asia,0.39395007,0.6060499
1594_geowiki-landcover-2017,0.6302408,0.36975923
2695_kenya-non-crop,0.63024104,0.3697589
29614_geowiki-landcover-2017,0.4666729,0.5333271
796_rwanda-ceo,0.630241,0.369759
768_central-asia,0.3939499,0.60605013
3781_canada,0.39395,0.6060501
5368_ile-de-france,0.3939499,0.60605013
1000_tanzania-ceo,0.63024086,0.3697591
41_germany,0.39395007,0.60604995
4711_ile-de-france,0.3939499,0.60605013
4616_central-asia,0.39395013,0.6060499
11307_geowiki-landcover-2017,0.4667031,0.53329694
572_tanzania-rice-ecaas,0.55553126,0.44446874
4061_ile-de-france,0.3939499,0.60605013
15136_geowiki-landcover-2017,0.6302411,0.3697589
34587_geowiki-landcover-2017,0.4666729,0.5333271
648_kenya-non-crop,0.5555303,0.44446966
4609_croplands,0.46647027,0.53352976
2596_canada,0.4666729,0.5333271
16742_geowiki-landcover-2017,0.5621891,0.4378109
95_geowiki-landcover-2017,0.55552685,0.4444731
29378_geowiki-landcover-2017,0.46990404,0.530096
13_mali-non-crop,0.54406095,0.45593908
2231_martinique-france,0.56996626,0.4300337
15371_geowiki-landcover-2017,0.56995964,0.4300404
1415_canada,0.56995994,0.43004006
12860_geowiki-landcover-2017,0.4666751,0.53332484
387_germany,0.3939499,0.60605013
395_canada,0.39395,0.60604995
9739_geowiki-landcover-2017,0.65427566,0.3457243
1445_central-asia,0.3939499,0.60605013
28127_geowiki-landcover-2017,0.39395013,0.6060499
20073_geowiki-landcover-2017,0.56995934,0.4300407
1791_martinique-france,0.5555305,0.44446954
347_germany,0.3939499,0.60605013
3550_rwanda-ceo,0.65435445,0.34564552
583_geowiki-landcover-2017,0.6302408,0.3697592
12818_croplands,0.46667236,0.53332764
34634_geowiki-landcover-2017,0.466673,0.53332704
1398_ile-de-france,0.39395,0.6060501
32841_geowiki-landcover-2017,0.5440487,0.45595127
2030_canada,0.4666726,0.53332734
20863_geowiki-landcover-2017,0.5440701,0.45592988
1090_reunion-france,0.65435314,0.3456469
9407_croplands,0.46667358,0.5333264
391_kenya-non-crop,0.72079366,0.2792064
3002_rwanda-ceo,0.72080207,0.2791979
21707_geowiki-landcover-2017,0.469904,0.530096
266_rwanda-ceo,0.654355,0.345645
5495_geowiki-landcover-2017,0.5699594,0.43004054
760_ethiopia,0.6572827,0.3427173
838_rwanda-ceo,0.7208017,0.2791983
17703_geowiki-landcover-2017,0.64379853,0.35620147
4005_canada,0.39395002,0.60604995
2704_reunion-france,0.5844348,0.41556516
5641_canada,0.39395076,0.60604924
33692_geowiki-landcover-2017,0.39395016,0.60604984
33104_geowiki-landcover-2017,0.46671498,0.533285
18201_geowiki-landcover-2017,0.72078633,0.27921364
2492_kenya-non-crop,0.63024074,0.3697593
2519_rwanda-ceo,0.630241,0.369759
9981_croplands,0.6302407,0.3697593
530_germany,0.39395007,0.60604995
7027_geowiki-landcover-2017,0.39395016,0.60604984
108_ile-de-france,0.3939499,0.6060501
11569_croplands,0.46667317,0.5333268
19799_geowiki-landcover-2017,0.49611357,0.5038864
22428_geowiki-landcover-2017,0.5844344,0.41556564
34939_geowiki-landcover-2017,0.4660487,0.53395134
2895_ile-de-france,0.39395007,0.6060499
32699_geowiki-landcover-2017,0.3939499,0.6060501
10595_croplands,0.555527,0.44447303
27039_geowiki-landcover-2017,0.5844339,0.41556612
34742_geowiki-landcover-2017,0.6437994,0.35620058
1587_central-asia,0.3939499,0.60605013
375_martinique-france,0.5555305,0.44446948
4457_croplands,0.46667206,0.533328
561_germany,0.3939499,0.60605013
5614_ile-de-france,0.39395,0.60605
4501_croplands,0.5440397,0.4559603
1780_central-asia,0.3939499,0.60605013
186_kenya,0.6098585,0.3901415
998_geowiki-landcover-2017,0.63024104,0.3697589
3716_central-asia,0.3939499,0.60605013
478_tanzania-ceo,0.7208022,0.27919784
666_germany,0.46990284,0.5300972
2936_canada,0.56995994,0.43004006
21568_geowiki-landcover-2017,0.6543542,0.34564576
3576_rwanda-ceo,0.72080135,0.2791987
1589_canada,0.39395007,0.6060499
1848_germany,0.39395022,0.6060498
6855_canada,0.39398947,0.60601056
1353_ile-de-france,0.39395007,0.60604995
509_geowiki-landcover-2017,0.63024104,0.3697589
1024_ile-de-france,0.3939499,0.6060501
2094_croplands,0.4666724,0.5333276
2326_martinique-france,0.56995964,0.4300404
221_kenya,0.630237,0.36976305
200_ile-de-france,0.46985498,0.530145
1432_geowiki-landcover-2017,0.63024104,0.369759
33702_geowiki-landcover-2017,0.5440608,0.45593917
1135_geowiki-landcover-2017,0.46667293,0.53332704
718_tanzania-rice-ecaas,0.6302381,0.36976185
500_canada,0.46667287,0.5333271
3680_canada,0.39395487,0.6060452
2019_germany,0.3939498,0.60605013
2527_canada,0.46667287,0.5333271
2428_reunion-france,0.39531267,0.6046873
12546_croplands,0.46667328,0.5333267
24053_geowiki-landcover-2017,0.48146114,0.51853883
423_tanzania-ceo,0.65435845,0.34564152
14156_geowiki-landcover-2017,0.49611375,0.5038862
14872_croplands,0.5440591,0.4559409
5154_central-asia,0.3939499,0.60605013
1103_croplands,0.544061,0.45593897
293_togo,0.64378774,0.3562123
32266_geowiki-landcover-2017,0.4699043,0.5300957
33290_geowiki-landcover-2017,0.39395002,0.60604995
798_kenya-non-crop,0.55553293,0.44446707
17981_geowiki-landcover-2017,0.46990433,0.53009564
33469_geowiki-landcover-2017,0.6543528,0.34564725
20273_geowiki-landcover-2017,0.6302412,0.36975878
5648_geowiki-landcover-2017,0.4666776,0.5333224
359_tanzania,0.5555303,0.44446966
13998_geowiki-landcover-2017,0.48146227,0.51853776
1219_geowiki-landcover-2017,0.630241,0.369759
22923_geowiki-landcover-2017,0.48144588,0.5185541
2940_rwanda-ceo,0.63024104,0.3697589
27923_geowiki-landcover-2017,0.48146173,0.51853824
17993_geowiki-landcover-2017,0.4668172,0.5331828
2126_germany,0.39395,0.60604995
5068_geowiki-landcover-2017,0.55552405,0.44447595
2373_martinique-france,0.5699596,0.43004042
6153_ile-de-france,0.39395025,0.6060497
110_mali-helmets-labelling-crops,0.46667212,0.53332794
658_tanzania-rice-ecaas,0.5555305,0.44446954
1302_rwanda-ceo,0.63024104,0.369759
28650_geowiki-landcover-2017,0.46990445,0.5300956
31521_geowiki-landcover-2017,0.46667266,0.53332734
2614_ile-de-france,0.3939499,0.60605013
1148_martinique-france,0.57003677,0.42996323
3563_geowiki-landcover-2017,0.46667278,0.5333272
729_martinique-france,0.56995964,0.4300404
712_croplands,0.39395,0.60605
2141_germany,0.46990326,0.5300967
3471_central-asia,0.3939499,0.60605013
146_germany,0.39394993,0.6060501
12909_geowiki-landcover-2017,0.544061,0.45593902
154_reunion-france,0.5555303,0.44446972
21204_geowiki-landcover-2017,0.46667218,0.53332776
2571_central-asia,0.3939499,0.6060501
1462_tanzania-ceo,0.5440613,0.45593867
34464_geowiki-landcover-2017,0.544061,0.45593902
8394_geowiki-landcover-2017,0.63024104,0.3697589
28504_geowiki-landcover-2017,0.64120245,0.35879755
2421_reunion-france,0.5856729,0.41432709
260_germany,0.39394993,0.6060501
28107_geowiki-landcover-2017,0.46990705,0.53009295
5580_ile-de-france,0.39395076,0.60604924
7917_geowiki-landcover-2017,0.39395174,0.6060482
3583_canada,0.39395,0.60604995
5015_geowiki-landcover-2017,0.5844341,0.4155659
2464_kenya-non-crop,0.54406106,0.4559389
25829_geowiki-landcover-2017,0.4666729,0.5333271
33382_geowiki-landcover-2017,0.3939512,0.6060488
13050_geowiki-landcover-2017,0.63024104,0.369759
3678_ile-de-france,0.3939499,0.60605013
29390_geowiki-landcover-2017,0.3939582,0.6060418
750_tanzania-rice-ecaas,0.63023955,0.36976045
16388_geowiki-landcover-2017,0.65435517,0.34564483
1473_geowiki-landcover-2017,0.63024217,0.36975786
1740_geowiki-landcover-2017,0.56996137,0.4300387
2024_central-asia,0.3939499,0.60605013
4746_central-asia,0.39395,0.6060501
838_central-asia,0.3939499,0.60605013
17496_geowiki-landcover-2017,0.3939499,0.6060501
6191_geowiki-landcover-2017,0.54405975,0.45594022
31857_geowiki-landcover-2017,0.3939501,0.6060499
2035_rwanda-ceo,0.63024104,0.3697589
5618_ile-de-france,0.39396334,0.60603666
385_togo,0.4666786,0.5333214
7853_geowiki-landcover-2017,0.5555304,0.44446957
9105_geowiki-landcover-2017,0.4814608,0.51853913
1045_reunion-france,0.6572818,0.34271818
4465_croplands,0.46667182,0.5333282
31262_geowiki-landcover-2017,0.46667287,0.5333271
1579_martinique-france,0.4666754,0.5333246
649_ethiopia,0.58443415,0.41556585
2160_ile-de-france,0.39395,0.60605
2347_reunion-france,0.65728617,0.3427138
5621_canada,0.3939499,0.6060501
1158_reunion-france,0.49739775,0.5026023
2295_central-asia,0.3939499,0.60605013
13757_geowiki-landcover-2017,0.39395303,0.606047
3300_canada,0.4666729,0.5333271
1557_rwanda-ceo,0.72079957,0.27920043
1611_ile-de-france,0.3939499,0.60605013
1661_geowiki-landcover-2017,0.5555299,0.44447014
3737_ile-de-france,0.3939499,0.60605013
1877_geowiki-landcover-2017,0.46667552,0.53332454
160_kenya-non-crop,0.6543549,0.3456451
9183_croplands,0.46667314,0.53332686
1718_rwanda-ceo,0.5555314,0.44446865
23449_geowiki-landcover-2017,0.5555303,0.44446963
27560_geowiki-landcover-2017,0.56995964,0.4300404
2039_canada,0.46664256,0.53335744
2105_canada,0.39398476,0.6060152
6598_geowiki-landcover-2017,0.46990237,0.53009766
963_mali-helmets-labelling-crops,0.4666719,0.53332806
10724_geowiki-landcover-2017,0.63023674,0.36976326
4574_central-asia,0.39395,0.60605
9254_geowiki-landcover-2017,0.5844345,0.41556546
28470_geowiki-landcover-2017,0.544056,0.45594397
2282_reunion-france,0.603456,0.396544
16863_geowiki-landcover-2017,0.46667325,0.53332675
12216_geowiki-landcover-2017,0.5440572,0.45594278
6793_croplands,0.630241,0.369759
1432_central-asia,0.3939499,0.6060501
6352_canada,0.39395022,0.6060498
3811_central-asia,0.3939499,0.60605013
20694_geowiki-landcover-2017,0.5440587,0.45594132
1698_canada,0.4666723,0.5333277
19494_geowiki-landcover-2017,0.39395043,0.6060496
4330_canada,0.3939502,0.6060498
1100_martinique-france,0.5699602,0.43003985
7119_geowiki-landcover-2017,0.39395043,0.60604954
11383_croplands,0.46667317,0.5333268
456_martinique-france,0.46667287,0.5333271
5504_canada,0.3939499,0.60605013
33599_geowiki-landcover-2017,0.5698605,0.43013942
150_tanzania,0.65433854,0.34566152
622_canada,0.46667284,0.53332716
4129_central-asia,0.39395,0.6060501
5178_ile-de-france,0.3939503,0.6060497
2467_germany,0.39395043,0.6060496
27328_geowiki-landcover-2017,0.48146105,0.51853895
21753_geowiki-landcover-2017,0.4666756,0.53332436
3429_central-asia,0.3939499,0.60605013
58_martinique-france,0.46667558,0.5333244
2861_central-asia,0.3939499,0.6060501
13385_croplands,0.46667382,0.53332615
868_ile-de-france,0.39394993,0.6060501
4456_ile-de-france,0.39395007,0.60604995
1781_tanzania-ceo,0.6438001,0.35619992
2881_ile-de-france,0.4961136,0.5038864
5730_geowiki-landcover-2017,0.5699595,0.43004048
23566_geowiki-landcover-2017,0.5555305,0.44446954
3489_croplands,0.54406065,0.45593938
17221_geowiki-landcover-2017,0.5699602,0.43003985
811_croplands,0.39395002,0.60604995
28286_geowiki-landcover-2017,0.4666728,0.5333272
766_geowiki-landcover-2017,0.5555305,0.44446948
11230_geowiki-landcover-2017,0.5844341,0.4155659
5894_geowiki-landcover-2017,0.5555316,0.44446838
3415_ile-de-france,0.39395618,0.6060438
472_tanzania-ceo,0.720802,0.27919796
6162_canada,0.39395025,0.6060497
427_ile-de-france,0.3939499,0.60605013
5128_central-asia,0.39395,0.6060501
2514_ile-de-france,0.39395007,0.60604995
4513_geowiki-landcover-2017,0.39395452,0.6060455
6231_canada,0.39395,0.6060501
1593_kenya-non-crop,0.5555304,0.44446963
5818_canada,0.3939499,0.60605013
1798_tanzania-ceo,0.6301643,0.3698357
56_canada,0.46676114,0.5332389
12405_geowiki-landcover-2017,0.5699596,0.4300404
25657_geowiki-landcover-2017,0.46667275,0.5333272
511_canada,0.46667287,0.53332716
10067_geowiki-landcover-2017,0.65435386,0.3456461
1697_kenya-non-crop,0.630241,0.369759
2962_geowiki-landcover-2017,0.46667245,0.5333275
5386_ile-de-france,0.3939499,0.60605013
5228_ile-de-france,0.39394993,0.6060501
32278_geowiki-landcover-2017,0.3939499,0.60605013
738_mali-helmets-labelling-crops,0.46667197,0.53332806
35615_geowiki-landcover-2017,0.39400086,0.6059992
3970_central-asia,0.3939499,0.60605013
5_uganda,0.55553013,0.44446984
2057_tanzania-ceo,0.65434355,0.34565645
31438_geowiki-landcover-2017,0.56997085,0.43002915
1387_canada,0.46667287,0.5333271
30979_geowiki-landcover-2017,0.39395025,0.6060497
848_croplands,0.39395,0.6060501
4898_canada,0.3939652,0.60603476
28627_geowiki-landcover-2017,0.56995964,0.4300404
7579_canada,0.46667376,0.53332627
353_germany,0.3939501,0.6060499
2135_martinique-france,0.56995714,0.43004286
22285_geowiki-landcover-2017,0.39395,0.60604995
2912_central-asia,0.39394993,0.6060501
6741_canada,0.46290946,0.53709054
1041_reunion-france,0.46668366,0.5333163
29870_geowiki-landcover-2017,0.6543539,0.3456461
28042_geowiki-landcover-2017,0.48146558,0.5185344
88_mali,0.4666726,0.53332734
469_togo,0.544061,0.45593902
424_kenya-non-crop,0.5587338,0.44126624
799_ethiopia,0.5587325,0.4412675
356_ile-de-france,0.39395067,0.6060493
1462_geowiki-landcover-2017,0.63024104,0.36975893
3428_rwanda-ceo,0.7206965,0.2793035
2975_central-asia,0.3939499,0.6060501
9959_croplands,0.55553055,0.44446942
2126_canada,0.4961136,0.5038864
1688_rwanda-ceo,0.6543535,0.34564653
910_martinique-france,0.570011,0.42998895
1674_rwanda-ceo,0.63024104,0.3697589
2769_ile-de-france,0.3939499,0.60605013
3676_canada,0.39396173,0.6060382
4974_central-asia,0.39394993,0.6060501
4962_canada,0.46667287,0.5333271
18682_geowiki-landcover-2017,0.5699595,0.43004054
4296_ile-de-france,0.3939499,0.60605013
1257_germany,0.4699041,0.53009593
19498_geowiki-landcover-2017,0.46667325,0.53332675
681_ethiopia,0.4667213,0.5332787
2179_martinique-france,0.56995964,0.43004033
1786_geowiki-landcover-2017,0.5440611,0.45593888
2075_rwanda-ceo,0.5555305,0.4444695
414_central-asia,0.3939499,0.60605013
150_togo,0.54406035,0.45593962
4813_central-asia,0.46990383,0.5300961
354_mali-helmets-labelling-crops,0.46667257,0.53332746
24167_geowiki-landcover-2017,0.56995964,0.43004036
4910_ile-de-france,0.3939499,0.60605013
1402_rwanda-ceo,0.63023925,0.36976072
18143_geowiki-landcover-2017,0.5555246,0.44447538
6833_geowiki-landcover-2017,0.46667358,0.5333264
31689_geowiki-landcover-2017,0.4699041,0.53009593
3116_rwanda-ceo,0.630241,0.36975905
2378_central-asia,0.3939499,0.60605013
2113_croplands,0.4667504,0.5332496
7449_canada,0.3939511,0.60604894
1740_kenya-non-crop,0.630241,0.36975905
834_geowiki-landcover-2017,0.6572838,0.34271625
33845_geowiki-landcover-2017,0.46667266,0.53332734
14915_geowiki-landcover-2017,0.39395133,0.60604864
14468_geowiki-landcover-2017,0.48146102,0.518539
2081_central-asia,0.39395,0.6060501
2537_canada,0.46667287,0.5333271
1335_central-asia,0.3939499,0.60605013
730_martinique-france,0.6543539,0.34564602
1167_mali-helmets-labelling-crops,0.46667233,0.5333277
1454_germany,0.3939499,0.60605013
3932_ile-de-france,0.3939499,0.60605013
34186_geowiki-landcover-2017,0.46667287,0.53332716
15537_geowiki-landcover-2017,0.65435433,0.34564564
15507_geowiki-landcover-2017,0.54405224,0.4559478
1913_germany,0.39395007,0.60604995
3174_ile-de-france,0.3939499,0.6060501
1488_canada,0.5699595,0.43004048
4401_croplands,0.46667275,0.5333273
2181_kenya-non-crop,0.5440612,0.45593885
25096_geowiki-landcover-2017,0.3939503,0.6060497
2912_rwanda-ceo,0.6543553,0.34564468
479_ethiopia,0.48146164,0.51853836
31411_geowiki-landcover-2017,0.39395,0.60605
7649_canada,0.3939506,0.60604936
10667_croplands,0.5555296,0.44447038
2600_reunion-france,0.56996065,0.43003938
720_togo,0.63017887,0.36982113
34007_geowiki-landcover-2017,0.55553013,0.44446987
2179_canada,0.49611366,0.50388634
2568_rwanda-ceo,0.63024104,0.3697589
5238_canada,0.3939513,0.60604876
801_central-asia,0.3939499,0.60605013
35340_geowiki-landcover-2017,0.3939499,0.60605013
14606_geowiki-landcover-2017,0.4666719,0.5333281
5534_canada,0.3939499,0.60605013
2557_ile-de-france,0.46990404,0.53009593
1490_martinique-france,0.5699606,0.43003938
2510_canada,0.46667287,0.5333271
1719_geowiki-landcover-2017,0.55873245,0.44126758
3474_canada,0.39395,0.6060501
5159_ile-de-france,0.3939499,0.60605013
1562_geowiki-landcover-2017,0.5731391,0.42686093
2412_germany,0.3939508,0.6060492
8166_geowiki-landcover-2017,0.39395,0.60605
1379_canada,0.46667287,0.53332716
2471_geowiki-landcover-2017,0.46667266,0.5333273
17836_geowiki-landcover-2017,0.46667433,0.5333257
1133_mali-helmets-labelling-crops,0.5440295,0.45597053
22796_geowiki-landcover-2017,0.5555305,0.4444695
2130_ile-de-france,0.3939499,0.60605013
2966_geowiki-landcover-2017,0.5440769,0.45592314
567_ethiopia,0.5587324,0.44126758
15304_geowiki-landcover-2017,0.5699607,0.43003926
5616_canada,0.3939499,0.60605013
2033_geowiki-landcover-2017,0.5555257,0.44447428
3330_rwanda-ceo,0.630241,0.36975905
3451_ile-de-france,0.3939499,0.60605013
667_tanzania-rice-ecaas,0.6302392,0.36976084
193_kenya,0.6543515,0.34564856
22335_geowiki-landcover-2017,0.46669197,0.533308
872_mali-helmets-labelling-crops,0.46667206,0.53332794
1311_croplands,0.46671525,0.5332848
34060_geowiki-landcover-2017,0.46990415,0.5300959
2684_canada,0.39395,0.60604995
3068_geowiki-landcover-2017,0.46666935,0.5333307
7352_geowiki-landcover-2017,0.5555306,0.44446942
30109_geowiki-landcover-2017,0.49611345,0.5038865
10_martinique-france,0.46667302,0.533327
568_rwanda-ceo,0.72080195,0.27919802
4608_croplands,0.5438585,0.45614147
30799_geowiki-landcover-2017,0.46667287,0.5333271
6717_croplands,0.630241,0.369759
340_ethiopia,0.48146114,0.51853883
684_tanzania-rice-ecaas,0.63023424,0.3697658
5356_canada,0.3939499,0.60605013
1885_ile-de-france,0.3939499,0.60605013
3608_croplands,0.46670365,0.5332963
13246_geowiki-landcover-2017,0.584434,0.41556597
4277_geowiki-landcover-2017,0.6543536,0.34564632
1726_central-asia,0.3939499,0.60605013
1390_mali-helmets-labelling-crops,0.46666807,0.533332
15040_geowiki-landcover-2017,0.4814611,0.5185389
482_reunion-france,0.48150247,0.5184975
34087_geowiki-landcover-2017,0.5844339,0.4155661
1633_germany,0.39395016,0.60604984
1663_ile-de-france,0.3939499,0.60605013
6674_croplands,0.63023925,0.36976072
257_germany,0.3939499,0.60605013
2653_canada,0.46667275,0.5333273
13552_croplands,0.46667302,0.53332704
13589_croplands,0.46667308,0.53332686
35074_geowiki-landcover-2017,0.46990418,0.5300958
23929_geowiki-landcover-2017,0.4961146,0.5038854
3985_ile-de-france,0.3939499,0.60605013
13821_croplands,0.5555304,0.4444696
888_togo,0.5439548,0.4560452
10551_geowiki-landcover-2017,0.55553055,0.44446948
12457_geowiki-landcover-2017,0.46667537,0.5333246
1311_mali-helmets-labelling-crops,0.46667355,0.5333265
629_germany,0.3939499,0.6060501
20108_geowiki-landcover-2017,0.3939506,0.60604936
170_canada,0.46667287,0.5333271
23360_geowiki-landcover-2017,0.4699041,0.53009593
5674_ile-de-france,0.3939499,0.60605013
6158_ile-de-france,0.39522356,0.60477644
5847_geowiki-landcover-2017,0.4961238,0.5038762
135_mali,0.46667254,0.53332746
792_kenya-non-crop,0.5555325,0.44446748
19936_geowiki-landcover-2017,0.5731394,0.42686057
31903_geowiki-landcover-2017,0.3939505,0.6060495
1075_tanzania-ceo,0.5555305,0.44446954
6876_croplands,0.5555305,0.44446954
3648_geowiki-landcover-2017,0.46667078,0.53332925
1249_martinique-france,0.46667287,0.5333271
21919_geowiki-landcover-2017,0.48146087,0.5185391
17369_geowiki-landcover-2017,0.39395,0.60604995
29_tanzania,0.55553025,0.44446978
6367_canada,0.3939498,0.60605013
611_rwanda-ceo,0.6306831,0.3693169
22187_geowiki-landcover-2017,0.46667308,0.533327
102_lem-brazil,0.46668443,0.53331554
14344_geowiki-landcover-2017,0.46990418,0.5300958
2811_rwanda-ceo,0.55554533,0.4444547
520_reunion-france,0.54407084,0.45592913
653_mali-helmets-labelling-crops,0.46667254,0.53332746
1104_togo,0.46667433,0.5333257
577_canada,0.46667287,0.5333271
1312_canada,0.46667287,0.5333271
1628_rwanda-ceo,0.6543541,0.3456459
24731_geowiki-landcover-2017,0.481461,0.518539
30950_geowiki-landcover-2017,0.48145992,0.5185401
6114_canada,0.3939499,0.6060501
308_sudan,0.54406095,0.45593905
6146_canada,0.39395002,0.60604995
315_sudan,0.5440612,0.45593882
6132_ile-de-france,0.3939499,0.60605013
7429_croplands,0.5555303,0.4444697
2298_tanzania-ceo,0.63024104,0.36975893
2870_central-asia,0.39395,0.60605
6770_croplands,0.5555403,0.4444597
1616_canada,0.39395052,0.6060495
1862_canada,0.39395025,0.6060497
1479_reunion-france,0.5699606,0.43003947
231_germany,0.3939499,0.60605013
14028_croplands,0.63024086,0.3697591
7858_geowiki-landcover-2017,0.46667287,0.5333271
2508_reunion-france,0.64379996,0.35619998
32918_geowiki-landcover-2017,0.6302385,0.36976147
101_togo,0.4666785,0.53332156
338_germany,0.3939499,0.60605013
6980_croplands,0.5555307,0.44446933
5406_geowiki-landcover-2017,0.48146102,0.518539
16815_geowiki-landcover-2017,0.4666787,0.5333213
45_tanzania-ceo,0.63023794,0.36976203
991_kenya-non-crop,0.6302405,0.3697595
1357_ile-de-france,0.3939499,0.60605013
26918_geowiki-landcover-2017,0.5555305,0.44446948
2067_central-asia,0.3939499,0.60605013
23229_geowiki-landcover-2017,0.39395,0.60605
24468_geowiki-landcover-2017,0.55873203,0.44126797
10194_geowiki-landcover-2017,0.48145986,0.51854014
1932_ile-de-france,0.39394984,0.60605013
1323_tanzania-ceo,0.63024086,0.3697591
2240_martinique-france,0.65435207,0.34564787
27012_geowiki-landcover-2017,0.5587323,0.44126773
19394_geowiki-landcover-2017,0.54406124,0.45593876
140_central-asia,0.3939499,0.60605013
35680_geowiki-landcover-2017,0.39395016,0.60604984
18153_geowiki-landcover-2017,0.6572835,0.34271657
4509_central-asia,0.3939499,0.60605013
32743_geowiki-landcover-2017,0.5440596,0.45594043
91_mali-helmets-labelling-crops,0.4666746,0.5333254
1493_ile-de-france,0.3939499,0.6060501
2875_geowiki-landcover-2017,0.4666726,0.5333274
19654_geowiki-landcover-2017,0.6543539,0.34564608
156_tanzania-ceo,0.63024133,0.36975867
4924_ile-de-france,0.3939499,0.60605013
25454_geowiki-landcover-2017,0.6437851,0.35621485
1536_canada,0.3948646,0.60513544
3550_central-asia,0.3939499,0.60605013
4478_croplands,0.46667197,0.53332806
1002_croplands,0.46667165,0.53332835
17779_geowiki-landcover-2017,0.39395034,0.60604966
1276_reunion-france,0.5440643,0.45593572
378_sudan,0.54406106,0.45593888
4707_geowiki-landcover-2017,0.5555305,0.44446948
1319_canada,0.46667287,0.5333271
3065_central-asia,0.3939499,0.6060501
6073_ile-de-france,0.46990404,0.53009593
5281_ile-de-france,0.4699037,0.53009635
230_central-asia,0.39395007,0.60604995
7947_geowiki-landcover-2017,0.654083,0.345917
1186_tanzania-ceo,0.5440709,0.45592907
16061_geowiki-landcover-2017,0.48146084,0.51853913
24907_geowiki-landcover-2017,0.6543545,0.34564552
2714_canada,0.54406124,0.4559388
165_germany,0.39395,0.6060501
2362_rwanda-ceo,0.6543553,0.3456447
9585_geowiki-landcover-2017,0.46667314,0.5333268
3178_canada,0.46990266,0.53009737
4408_croplands,0.5440607,0.4559393
1866_geowiki-landcover-2017,0.65435475,0.34564528
23771_geowiki-landcover-2017,0.39395025,0.6060498
14481_geowiki-landcover-2017,0.39395002,0.60604995
8058_geowiki-landcover-2017,0.46667293,0.53332704
15437_geowiki-landcover-2017,0.4666724,0.5333276
292_kenya-non-crop,0.5555305,0.44446954
852_ile-de-france,0.3939499,0.60605013
733_ile-de-france,0.49611354,0.50388646
17473_geowiki-landcover-2017,0.5555305,0.44446948
2133_reunion-france,0.4973968,0.5026032
545_reunion-france,0.5273921,0.47260788
228_lem-brazil,0.55552626,0.4444737
379_togo,0.46668127,0.53331876
105_lem-brazil,0.46682948,0.5331705
3716_canada,0.46667284,0.53332716
28657_geowiki-landcover-2017,0.5844343,0.4155657
23795_geowiki-landcover-2017,0.5555293,0.4444707
2483_reunion-france,0.5555292,0.44447082
19476_geowiki-landcover-2017,0.3939562,0.60604376
1136_ile-de-france,0.39395,0.6060501
30464_geowiki-landcover-2017,0.46667287,0.53332716
2038_geowiki-landcover-2017,0.5699714,0.43002862
471_kenya-non-crop,0.55873406,0.44126594
199_tanzania,0.6302339,0.36976612
34_martinique-france,0.5699598,0.43004024
20289_geowiki-landcover-2017,0.46667302,0.53332704
4249_ile-de-france,0.3939499,0.60605013
2464_germany,0.3939501,0.6060499
6093_ile-de-france,0.39395064,0.60604936
30707_geowiki-landcover-2017,0.46990436,0.53009564
16163_geowiki-landcover-2017,0.39395,0.6060501
902_canada,0.4666729,0.5333271
715_central-asia,0.39395162,0.6060484
2985_canada,0.393951,0.606049
6276_canada,0.39395,0.60605
10112_croplands,0.630241,0.369759
12741_geowiki-landcover-2017,0.4814609,0.5185391
13340_geowiki-landcover-2017,0.6302409,0.36975908
428_togo,0.46667725,0.53332275
16604_geowiki-landcover-2017,0.6437998,0.35620028
1092_mali-helmets-labelling-crops,0.4666717,0.5333283
13081_croplands,0.63024014,0.36975986
231_ile-de-france,0.39394993,0.6060501
156_tanzania-rice-ecaas,0.630241,0.369759
6888_geowiki-landcover-2017,0.46990564,0.5300943
823_kenya-non-crop,0.555571,0.44442898
1295_rwanda-ceo,0.6302405,0.3697595
1545_rwanda-ceo,0.7208021,0.2791979
7948_geowiki-landcover-2017,0.7208013,0.2791987
26604_geowiki-landcover-2017,0.6543536,0.34564632
744_germany,0.46990392,0.53009605
929_canada,0.46667287,0.5333271
16006_geowiki-landcover-2017,0.5699596,0.43004042
638_tanzania-rice-ecaas,0.6302401,0.36975995
28088_geowiki-landcover-2017,0.39395007,0.60604995
6469_canada,0.39395,0.6060501
2915_canada,0.3939531,0.6060469
199_sudan,0.46667254,0.53332746
33299_geowiki-landcover-2017,0.5440612,0.45593885
4960_canada,0.4666729,0.5333271
305_central-asia,0.3939499,0.6060501
4020_geowiki-landcover-2017,0.55873233,0.44126767
16066_geowiki-landcover-2017,0.5699599,0.4300401
12269_geowiki-landcover-2017,0.48146114,0.51853883
3313_ile-de-france,0.3939499,0.60605013
294_tanzania-ceo,0.72080195,0.27919808
26812_geowiki-landcover-2017,0.39395,0.60605
74_central-asia,0.39395007,0.60604995
6587_canada,0.39395,0.6060501
581_ethiopia,0.5555305,0.44446954
908_canada,0.46667287,0.5333271
2639_geowiki-landcover-2017,0.46667287,0.5333271
2839_canada,0.5439954,0.45600462
11239_geowiki-landcover-2017,0.62981206,0.37018797
3115_rwanda-ceo,0.6302408,0.3697592
22003_geowiki-landcover-2017,0.5844339,0.41556612
27755_geowiki-landcover-2017,0.469904,0.530096
9867_geowiki-landcover-2017,0.54406065,0.45593938
2100_martinique-france,0.5699597,0.43004027
1516_central-asia,0.39395,0.60605
1482_mali-helmets-labelling-crops,0.4666718,0.5333282
2133_ile-de-france,0.49611425,0.5038858
614_lem-brazil,0.5440626,0.4559374
738_germany,0.46990395,0.53009605
2056_rwanda-ceo,0.6302385,0.36976147
19279_geowiki-landcover-2017,0.55553013,0.44446993
6880_croplands,0.5555306,0.44446936
585_croplands,0.39395046,0.60604954
1477_ile-de-france,0.3939499,0.60605013
1917_canada,0.46667293,0.53332704
2177_ile-de-france,0.39395046,0.60604954
14191_geowiki-landcover-2017,0.5555306,0.44446933
126_mali-non-crop,0.63023734,0.3697627
661_canada,0.39395,0.6060501
117_lem-brazil,0.72079474,0.2792052
23562_geowiki-landcover-2017,0.3939499,0.60605013
9209_croplands,0.5699598,0.43004015
4580_ile-de-france,0.3939499,0.60605013
975_rwanda-ceo,0.6302411,0.3697589
1335_mali-helmets-labelling-crops,0.4699083,0.5300917
25823_geowiki-landcover-2017,0.6543546,0.34564546
12852_croplands,0.6242335,0.3757665
571_central-asia,0.3939499,0.6060501
74_reunion-france,0.48146114,0.51853883
25455_geowiki-landcover-2017,0.65435433,0.34564567
7796_canada,0.3940089,0.6059911
155_kenya-non-crop,0.72080183,0.27919814
3514_geowiki-landcover-2017,0.5440585,0.4559415
5308_geowiki-landcover-2017,0.48146087,0.51853913
1143_tanzania-ceo,0.55553013,0.44446987
1878_martinique-france,0.46667287,0.5333271
356_togo,0.5440609,0.45593908
5981_ile-de-france,0.3939499,0.60605013
140_togo,0.54402757,0.45597246
14512_geowiki-landcover-2017,0.4699035,0.53009653
32123_geowiki-landcover-2017,0.46667606,0.5333239
2561_central-asia,0.3939499,0.60605013
3874_geowiki-landcover-2017,0.39395076,0.6060493
2221_germany,0.46990317,0.5300968
9082_geowiki-landcover-2017,0.5555251,0.44447485
505_tanzania-ceo,0.7207783,0.27922174
1465_germany,0.3939499,0.60605013
25374_geowiki-landcover-2017,0.467048,0.532952
28634_geowiki-landcover-2017,0.46667287,0.5333271
24649_geowiki-landcover-2017,0.48146096,0.518539
5188_canada,0.3939514,0.60604864
5843_canada,0.39395,0.6060501
309_sudan,0.46667287,0.5333271
239_central-asia,0.39397046,0.60602957
7763_canada,0.5699596,0.43004042
1263_canada,0.46667287,0.53332716
2135_reunion-france,0.65435416,0.34564587
3611_canada,0.39395007,0.60604995
31376_geowiki-landcover-2017,0.3939499,0.60605013
4959_geowiki-landcover-2017,0.56995916,0.43004084
309_central-asia,0.3939499,0.60605013
9228_croplands,0.5699596,0.43004042
8327_geowiki-landcover-2017,0.5555303,0.44446966
13987_geowiki-landcover-2017,0.65727955,0.34272045
6546_canada,0.39395,0.6060501
32066_geowiki-landcover-2017,0.39395007,0.60604995
4496_canada,0.3939511,0.60604894
1692_germany,0.3939499,0.60605013
2945_canada,0.54400915,0.45599082
1932_germany,0.39395,0.6060501
178_togo,0.46667355,0.5333265
525_geowiki-landcover-2017,0.64380074,0.3561992
854_croplands,0.46666855,0.53333145
25419_geowiki-landcover-2017,0.46667328,0.53332675
23886_geowiki-landcover-2017,0.3939499,0.60605013
185_kenya,0.55553156,0.4444684
28774_geowiki-landcover-2017,0.5699599,0.43004015
6989_geowiki-landcover-2017,0.39395,0.60605
3320_canada,0.46667284,0.53332716
6928_geowiki-landcover-2017,0.39395055,0.6060495
26096_geowiki-landcover-2017,0.5555305,0.4444695
57_sudan,0.54406095,0.45593902
7203_geowiki-landcover-2017,0.39395222,0.6060478
1372_reunion-france,0.4973984,0.5026016
2700_central-asia,0.3939499,0.60605013
34541_geowiki-landcover-2017,0.46667308,0.533327
1314_geowiki-landcover-2017,0.4814613,0.5185387
20701_geowiki-landcover-2017,0.4814609,0.5185391
3215_geowiki-landcover-2017,0.46667442,0.53332555
8499_croplands,0.46667555,0.5333244
4323_croplands,0.4666729,0.5333271
3813_canada,0.39395007,0.60604995
1747_germany,0.46990383,0.5300961
1868_reunion-france,0.6034561,0.39654392
5028_ile-de-france,0.39394984,0.60605013
3962_central-asia,0.3939499,0.6060501
7408_geowiki-landcover-2017,0.39395505,0.60604495
11905_geowiki-landcover-2017,0.5555305,0.44446948
1094_kenya-non-crop,0.63024086,0.36975914
33203_geowiki-landcover-2017,0.46667287,0.5333271
1437_croplands,0.39395076,0.60604924
16203_geowiki-landcover-2017,0.48146096,0.5185391
10487_croplands,0.55553,0.44446993
719_germany,0.3939499,0.60605013
10045_geowiki-landcover-2017,0.7208018,0.27919823
33583_geowiki-landcover-2017,0.39395016,0.60604984
4586_ile-de-france,0.3939499,0.60605013
5414_canada,0.39395,0.6060501
2941_croplands,0.55553263,0.44446737
1268_mali-helmets-labelling-crops,0.46667185,0.5333282
2102_kenya-non-crop,0.7208022,0.2791978
18939_geowiki-landcover-2017,0.63024086,0.3697591
7478_canada,0.4666724,0.5333276
4453_canada,0.4666701,0.5333299
2320_reunion-france,0.5587347,0.44126529
1563_martinique-france,0.56995964,0.4300404
2706_reunion-france,0.5440609,0.45593908
3083_canada,0.46990424,0.53009576
624_lem-brazil,0.54406166,0.45593837
20551_geowiki-landcover-2017,0.5730975,0.42690247
1001_togo,0.5699599,0.4300401
740_central-asia,0.3939499,0.60605013
23321_geowiki-landcover-2017,0.5844358,0.41556418
1068_togo,0.46667406,0.53332597
2753_rwanda-ceo,0.63024104,0.3697589
823_martinique-france,0.5555304,0.44446957
13271_geowiki-landcover-2017,0.720797,0.27920303
3215_central-asia,0.3939499,0.60605013
10086_geowiki-landcover-2017,0.5555293,0.4444707
6579_geowiki-landcover-2017,0.55871266,0.44128734
3939_ile-de-france,0.3939499,0.60605013
28442_geowiki-landcover-2017,0.5699657,0.4300343
13835_croplands,0.6302402,0.36975977
3282_central-asia,0.3939499,0.60605013
6087_geowiki-landcover-2017,0.39395595,0.60604405
3826_central-asia,0.3939499,0.60605013
3586_central-asia,0.3939499,0.6060501
460_tanzania-ceo,0.6302411,0.3697589
220_tanzania,0.5555304,0.4444696
5703_ile-de-france,0.39395007,0.60604995
23289_geowiki-landcover-2017,0.46990418,0.5300958
17816_geowiki-landcover-2017,0.5440583,0.45594165
4477_croplands,0.466672,0.533328
35748_geowiki-landcover-2017,0.6302407,0.3697593
1713_croplands,0.6302182,0.3697818
25300_geowiki-landcover-2017,0.46667328,0.5333267
9514_geowiki-landcover-2017,0.4814655,0.5185345
25429_geowiki-landcover-2017,0.46667376,0.5333262
3636_canada,0.46667266,0.53332734
2435_geowiki-landcover-2017,0.46667206,0.533328
3533_central-asia,0.3939499,0.60605013
725_reunion-france,0.5440624,0.45593768
2997_geowiki-landcover-2017,0.46667394,0.5333261
579_rwanda-ceo,0.55553216,0.44446784
226_geowiki-landcover-2017,0.64380014,0.35619986
82_mali,0.4666726,0.53332734
861_togo,0.5555306,0.44446933
24596_geowiki-landcover-2017,0.5587326,0.44126734
10717_croplands,0.46667323,0.53332675
9700_geowiki-landcover-2017,0.72080135,0.27919862
7358_canada,0.39395088,0.6060491
807_geowiki-landcover-2017,0.5555303,0.4444697
160_kenya,0.65435433,0.34564567
5693_ile-de-france,0.48143667,0.51856333
58_mali-non-crop,0.6437993,0.35620072
1139_mali-helmets-labelling-crops,0.4666717,0.5333283
2369_martinique-france,0.6543544,0.3456456
1145_kenya-non-crop,0.63024056,0.3697594
11115_geowiki-landcover-2017,0.63023233,0.36976767
23361_geowiki-landcover-2017,0.56995976,0.43004024
5011_geowiki-landcover-2017,0.63024056,0.36975947
701_togo,0.4666729,0.5333271
4473_geowiki-landcover-2017,0.63024104,0.369759
4996_central-asia,0.3939499,0.60605013
1239_ile-de-france,0.3939498,0.60605013
2971_geowiki-landcover-2017,0.46667266,0.5333273
372_geowiki-landcover-2017,0.5440612,0.45593882
2216_rwanda-ceo,0.55553013,0.4444699
35268_geowiki-landcover-2017,0.3939686,0.6060314
3324_geowiki-landcover-2017,0.46667412,0.53332585
29511_geowiki-landcover-2017,0.3939502,0.6060498
22711_geowiki-landcover-2017,0.3939499,0.6060501
696_tanzania-rice-ecaas,0.63023984,0.36976013
19599_geowiki-landcover-2017,0.6437989,0.35620117
4541_croplands,0.46672556,0.5332744
2317_central-asia,0.3939499,0.60605013
2033_canada,0.39394993,0.6060501
405_ile-de-france,0.3939499,0.60605013
430_reunion-france,0.4666729,0.5333271
166_rwanda-ceo,0.7208016,0.27919844
3883_ile-de-france,0.3939499,0.60605013
198_central-asia,0.3939499,0.60605013
27665_geowiki-landcover-2017,0.5844344,0.41556564
2818_central-asia,0.39394993,0.6060501
1014_geowiki-landcover-2017,0.5555303,0.44446966
5399_ile-de-france,0.3939499,0.60605013
1273_canada,0.46667287,0.53332716
2658_geowiki-landcover-2017,0.466673,0.53332704
1418_canada,0.5555331,0.44446683
19401_geowiki-landcover-2017,0.46667293,0.53332704
21550_geowiki-landcover-2017,0.39395007,0.60604995
21244_geowiki-landcover-2017,0.55890924,0.4410908
24604_geowiki-landcover-2017,0.39395,0.6060501
35352_geowiki-landcover-2017,0.49611357,0.5038864
9748_geowiki-landcover-2017,0.5555283,0.4444717
10_tanzania-ceo,0.63024014,0.36975986
1021_martinique-france,0.5555276,0.44447234
18525_geowiki-landcover-2017,0.4699041,0.5300959
29553_geowiki-landcover-2017,0.46990427,0.53009576
29100_geowiki-landcover-2017,0.46990392,0.53009605
2313_germany,0.46990284,0.5300971
804_kenya-non-crop,0.63024056,0.3697594
35365_geowiki-landcover-2017,0.39395016,0.60604984
14643_geowiki-landcover-2017,0.4814611,0.5185389
177_lem-brazil,0.55552685,0.44447315
4567_croplands,0.4666543,0.53334576
4597_geowiki-landcover-2017,0.6302409,0.36975908
908_rwanda-ceo,0.55553013,0.44446984
2796_geowiki-landcover-2017,0.46667287,0.5333271
4271_ile-de-france,0.3939499,0.60605013
4918_canada,0.466676,0.533324
15955_geowiki-landcover-2017,0.58443415,0.41556588
2231_germany,0.46990404,0.530096
19004_geowiki-landcover-2017,0.54406077,0.45593923
1582_canada,0.39395025,0.6060497
2445_reunion-france,0.72080094,0.27919903
281_kenya-non-crop,0.6543542,0.34564573
9829_croplands,0.46669844,0.53330153
789_tanzania-rice-ecaas,0.63023984,0.36976013
10575_geowiki-landcover-2017,0.5555305,0.44446954
5828_geowiki-landcover-2017,0.4666729,0.5333271
1766_canada,0.39394993,0.6060501
2242_central-asia,0.3939499,0.60605013
2594_kenya-non-crop,0.5587324,0.4412676
1555_tanzania-ceo,0.64379984,0.3562001
5984_canada,0.39394984,0.60605013
2461_ile-de-france,0.3939499,0.60605013
15601_geowiki-landcover-2017,0.55873144,0.44126856
2809_ile-de-france,0.39395,0.60604995
4724_ile-de-france,0.3939499,0.60605013
27119_geowiki-landcover-2017,0.39395037,0.6060496
7480_geowiki-landcover-2017,0.46990418,0.5300958
6771_croplands,0.630241,0.369759
113_sudan,0.46667302,0.53332704
96_togo,0.54405594,0.45594403
18161_geowiki-landcover-2017,0.4814618,0.5185382
16778_geowiki-landcover-2017,0.72079873,0.27920127
3483_geowiki-landcover-2017,0.46776357,0.5322364
99_sudan,0.46667275,0.5333273
450_lem-brazil,0.6302406,0.36975938
4839_central-asia,0.4699039,0.5300961
1599_martinique-france,0.56995964,0.43004033
2250_canada,0.3939499,0.60605013
2091_martinique-france,0.56996405,0.4300359
91_kenya,0.5555303,0.44446966
2330_rwanda-ceo,0.63023925,0.36976078
7661_canada,0.39398342,0.60601664
339_germany,0.46990377,0.5300963
30036_geowiki-landcover-2017,0.49611416,0.50388587
33485_geowiki-landcover-2017,0.49611363,0.5038864
1440_ile-de-france,0.3939499,0.60605013
23839_geowiki-landcover-2017,0.5556313,0.4443687
1512_croplands,0.39395,0.60604995
2686_canada,0.39395002,0.60604995
13182_geowiki-landcover-2017,0.7177104,0.28228965
33020_geowiki-landcover-2017,0.5844346,0.41556534
4217_ile-de-france,0.3939498,0.6060502
2919_rwanda-ceo,0.5555307,0.4444693
5666_geowiki-landcover-2017,0.5699594,0.43004057
1253_mali-helmets-labelling-crops,0.46667233,0.5333277
412_croplands,0.3939499,0.60605013
15071_geowiki-landcover-2017,0.48146084,0.51853913
246_kenya-non-crop,0.5844417,0.41555825
4613_geowiki-landcover-2017,0.46990442,0.5300956
1046_togo,0.5699595,0.43004054
3039_rwanda-ceo,0.72079706,0.27920297
20682_geowiki-landcover-2017,0.46661893,0.5333811
27591_geowiki-landcover-2017,0.46667302,0.533327
1510_kenya-non-crop,0.46667367,0.5333263
1173_kenya-non-crop,0.630241,0.369759
1118_rwanda-ceo,0.72080207,0.2791979
25158_geowiki-landcover-2017,0.54406106,0.45593894
3866_central-asia,0.39394993,0.6060501
33926_geowiki-landcover-2017,0.39395007,0.60604995
25377_geowiki-landcover-2017,0.54406124,0.45593876
1520_ile-de-france,0.39395,0.6060501
2496_germany,0.39395365,0.6060464
31179_geowiki-landcover-2017,0.39394993,0.6060501
200_canada,0.46667287,0.5333271
29457_geowiki-landcover-2017,0.57313687,0.42686313
5490_ile-de-france,0.39395174,0.6060482
1656_kenya-non-crop,0.6302407,0.3697593
10903_geowiki-landcover-2017,0.5440546,0.45594537
10865_croplands,0.466673,0.53332704
536_reunion-france,0.6034563,0.39654368
5706_ile-de-france,0.57313746,0.42686254
10926_geowiki-landcover-2017,0.5844341,0.41556594
46_reunion-france,0.60345626,0.39654374
389_mali-helmets-labelling-crops,0.4666726,0.5333274
23495_geowiki-landcover-2017,0.5555303,0.4444697
12572_geowiki-landcover-2017,0.5844419,0.4155581
3849_croplands,0.46667308,0.53332686
1466_canada,0.5699598,0.43004018
862_mali-helmets-labelling-crops,0.46667212,0.5333279
1473_croplands,0.39395043,0.6060496
9168_geowiki-landcover-2017,0.4814609,0.5185391
15623_geowiki-landcover-2017,0.48918667,0.5108133
1278_canada,0.46667287,0.5333271
3974_central-asia,0.3939499,0.60605013
421_reunion-france,0.55553,0.44447
5668_canada,0.3939511,0.60604894
131_mali-non-crop,0.54406095,0.45593908
534_mali-helmets-labelling-crops,0.4666724,0.5333276
1499_tanzania-ceo,0.7208021,0.27919784
30543_geowiki-landcover-2017,0.46667314,0.53332686
4367_geowiki-landcover-2017,0.54406106,0.4559389
31839_geowiki-landcover-2017,0.39395157,0.60604846
29283_geowiki-landcover-2017,0.46667305,0.533327
2238_canada,0.39395016,0.60604984
2888_central-asia,0.3939499,0.60605013
35305_geowiki-landcover-2017,0.55873233,0.44126767
2243_kenya-non-crop,0.6434277,0.35657227
12834_geowiki-landcover-2017,0.48146105,0.51853895
1995_geowiki-landcover-2017,0.56996495,0.4300351
3587_geowiki-landcover-2017,0.46667206,0.533328
1273_geowiki-landcover-2017,0.5440612,0.45593882
14749_geowiki-landcover-2017,0.64380056,0.35619947
1112_geowiki-landcover-2017,0.46667668,0.53332335
2109_canada,0.39395067,0.60604936
2355_rwanda-ceo,0.7208022,0.27919775
578_rwanda-ceo,0.6302408,0.36975917
6510_geowiki-landcover-2017,0.49611437,0.5038856
14091_croplands,0.5555299,0.4444701
758_germany,0.3939499,0.60605013
34886_geowiki-landcover-2017,0.3939499,0.60605013
22433_geowiki-landcover-2017,0.48146096,0.5185391
3732_ile-de-france,0.3939499,0.60605013
35406_geowiki-landcover-2017,0.48146042,0.51853955
4018_canada,0.3939499,0.60605013
3158_ile-de-france,0.3939499,0.60605013
5970_ile-de-france,0.39395,0.6060501
57_tanzania-rice-ecaas,0.630241,0.369759
2082_rwanda-ceo,0.5556013,0.44439876
4370_central-asia,0.39395013,0.6060499
4914_geowiki-landcover-2017,0.64379996,0.35620007
2314_ile-de-france,0.6572827,0.3427173
1636_kenya-non-crop,0.6302409,0.36975908
452_tanzania-ceo,0.63024104,0.36975893
1256_croplands,0.46667218,0.5333278
28423_geowiki-landcover-2017,0.6543541,0.3456459
4824_croplands,0.6302408,0.3697592
30659_geowiki-landcover-2017,0.46667293,0.53332704
5001_central-asia,0.46085918,0.5391408
429_geowiki-landcover-2017,0.65431595,0.34568405
2219_rwanda-ceo,0.63024104,0.3697589
1594_croplands,0.5440614,0.45593852
907_mali-helmets-labelling-crops,0.46667236,0.53332764
460_reunion-france,0.54198194,0.4580181
1043_martinique-france,0.56995964,0.43004033
2626_kenya-non-crop,0.63023984,0.36976022
3171_ile-de-france,0.3939499,0.60605013
102_tanzania-rice-ecaas,0.5555311,0.44446898
7104_canada,0.39395046,0.60604954
26478_geowiki-landcover-2017,0.46990407,0.53009593
2834_canada,0.63023394,0.36976606
384_canada,0.39395508,0.6060449
4662_croplands,0.54405904,0.45594093
1474_ile-de-france,0.3939499,0.60605013
66_central-asia,0.39395002,0.60604995
554_lem-brazil,0.46668345,0.5333166
30760_geowiki-landcover-2017,0.5555305,0.44446954
912_rwanda-ceo,0.6543545,0.34564552
1992_martinique-france,0.56995964,0.43004036
28083_geowiki-landcover-2017,0.4814625,0.51853746
1153_kenya-non-crop,0.65435666,0.3456433
30446_geowiki-landcover-2017,0.544061,0.45593902
15169_geowiki-landcover-2017,0.4666742,0.5333258
208_croplands,0.54405993,0.45594004
1879_martinique-france,0.5699519,0.4300481
18830_geowiki-landcover-2017,0.39395875,0.60604125
27550_geowiki-landcover-2017,0.46666104,0.53333896
2171_rwanda-ceo,0.6302407,0.36975932
9_mali,0.46667632,0.53332365
2406_germany,0.39395,0.60604995
28058_geowiki-landcover-2017,0.3939499,0.6060501
22_uganda,0.5587345,0.44126555
286_mali-helmets-labelling-crops,0.46667206,0.533328
1440_tanzania-ceo,0.63024104,0.3697589
439_croplands,0.4666729,0.5333271
14632_geowiki-landcover-2017,0.46671718,0.5332828
15526_geowiki-landcover-2017,0.466673,0.53332704
7131_geowiki-landcover-2017,0.5587189,0.44128108
6688_canada,0.3939499,0.60605013
151_germany,0.39395022,0.6060498
787_central-asia,0.3939499,0.60605013
15683_geowiki-landcover-2017,0.4814609,0.5185391
1201_rwanda-ceo,0.72080195,0.27919802
24899_geowiki-landcover-2017,0.49611387,0.5038861
8896_geowiki-landcover-2017,0.46667287,0.5333271
23400_geowiki-landcover-2017,0.55553055,0.44446942
2486_kenya-non-crop,0.7208022,0.27919775
28810_geowiki-landcover-2017,0.39395,0.60605
3648_croplands,0.5555303,0.44446972
1273_togo,0.6544814,0.3455186
3681_central-asia,0.3939499,0.6060501
392_tanzania-rice-ecaas,0.6302408,0.36975917
13047_geowiki-landcover-2017,0.64380014,0.35619986
3081_rwanda-ceo,0.6302408,0.36975917
2267_geowiki-landcover-2017,0.63445234,0.36554772
1175_rwanda-ceo,0.65435445,0.3456456
961_togo,0.46667293,0.53332704
4010_central-asia,0.39395,0.6060501
5891_canada,0.39395,0.6060501
1810_martinique-france,0.5699597,0.43004024
29380_geowiki-landcover-2017,0.46667325,0.53332675
19954_geowiki-landcover-2017,0.46667293,0.53332704
929_ile-de-france,0.3939521,0.60604787
302_kenya-non-crop,0.55553144,0.4444686
13881_geowiki-landcover-2017,0.39395,0.6060501
28599_geowiki-landcover-2017,0.46667367,0.5333263
11537_geowiki-landcover-2017,0.57318497,0.42681506
1478_canada,0.56995964,0.4300404
47_ethiopia,0.5587324,0.4412676
1717_canada,0.4666729,0.5333271
6948_geowiki-landcover-2017,0.56995964,0.4300404
22671_geowiki-landcover-2017,0.46990752,0.5300924
1441_croplands,0.3939503,0.6060497
2382_reunion-france,0.6974278,0.3025722
1941_central-asia,0.3939498,0.6060502
2999_geowiki-landcover-2017,0.46667257,0.53332746
721_canada,0.46667287,0.5333271
23411_geowiki-landcover-2017,0.46667284,0.53332716
442_ethiopia,0.48146465,0.5185353
6409_geowiki-landcover-2017,0.46667328,0.53332675
3874_canada,0.39395,0.6060501
3417_ile-de-france,0.3939499,0.60605013
2220_rwanda-ceo,0.63024104,0.369759
1851_rwanda-ceo,0.63024086,0.36975917
22512_geowiki-landcover-2017,0.48146087,0.51853913
517_croplands,0.46990377,0.5300963
33987_geowiki-landcover-2017,0.5501987,0.44980133
32087_geowiki-landcover-2017,0.39395288,0.60604715
35098_geowiki-landcover-2017,0.39395016,0.60604984
9500_croplands,0.6302378,0.3697622
1024_martinique-france,0.6543543,0.34564573
1779_germany,0.46989423,0.53010577
1147_germany,0.4961125,0.5038875
1883_rwanda-ceo,0.63024104,0.369759
15193_geowiki-landcover-2017,0.5555304,0.44446957
10124_croplands,0.55553883,0.44446117
1379_martinique-france,0.65435433,0.3456457
2698_ile-de-france,0.4961155,0.5038845
3795_canada,0.39395,0.6060501
411_martinique-france,0.6543543,0.34564573
187_togo,0.46667314,0.5333268
5119_ile-de-france,0.39395,0.6060501
3_sudan,0.5440607,0.45593923
1919_kenya-non-crop,0.5440613,0.45593867
5892_ile-de-france,0.3939499,0.60605013
1423_croplands,0.46989727,0.5301027
12459_croplands,0.5440583,0.45594165
2459_geowiki-landcover-2017,0.46667245,0.5333276
9378_croplands,0.54406095,0.45593908
5337_geowiki-landcover-2017,0.5555304,0.44446963
23853_geowiki-landcover-2017,0.5440615,0.45593852
1197_tanzania-ceo,0.48146206,0.51853794
5603_canada,0.39398935,0.6060107
25510_geowiki-landcover-2017,0.4666686,0.5333314
5923_ile-de-france,0.3939499,0.60605013
445_martinique-france,0.5555305,0.44446954
336_sudan,0.48146254,0.5185374
2180_ile-de-france,0.3939505,0.6060495
9458_croplands,0.5667388,0.4332612
4257_ile-de-france,0.39395,0.6060501
14024_geowiki-landcover-2017,0.4814608,0.5185392
12851_croplands,0.46667102,0.533329
33627_geowiki-landcover-2017,0.4666729,0.5333271
15010_geowiki-landcover-2017,0.39395833,0.60604167
11785_geowiki-landcover-2017,0.63024,0.36976004
22322_geowiki-landcover-2017,0.5699597,0.43004024
4698_central-asia,0.3939499,0.60605013
3495_croplands,0.46667308,0.5333269
2114_canada,0.46990395,0.53009605
3592_ile-de-france,0.3939499,0.60605013
5610_canada,0.39395,0.60604995
7916_geowiki-landcover-2017,0.54408073,0.45591927
10218_croplands,0.55552995,0.44447005
555_ethiopia,0.5588149,0.44118515
121_croplands,0.46667284,0.53332716
4788_canada,0.39395007,0.60604995
2276_tanzania-ceo,0.5555329,0.44446713
9990_croplands,0.55553055,0.44446942
3816_ile-de-france,0.39395022,0.6060498
907_central-asia,0.46990383,0.5300961
10516_croplands,0.63024056,0.3697594
425_croplands,0.46990424,0.53009576
1460_croplands,0.3939501,0.6060499
1258_germany,0.3939502,0.6060498
1248_martinique-france,0.5699594,0.43004063
411_reunion-france,0.654764,0.345236
324_kenya-non-crop,0.6543542,0.34564576
2210_germany,0.39395025,0.6060497
33165_geowiki-landcover-2017,0.5440606,0.45593944
15509_geowiki-landcover-2017,0.5555305,0.4444695
12714_geowiki-landcover-2017,0.48146063,0.51853937
3040_geowiki-landcover-2017,0.4666709,0.5333291
15656_geowiki-landcover-2017,0.5555201,0.44447994
32980_geowiki-landcover-2017,0.57313687,0.42686307
31525_geowiki-landcover-2017,0.4699065,0.5300935
242_geowiki-landcover-2017,0.630241,0.369759
1904_canada,0.4666729,0.5333271
11_brazil-non-crop,0.5440628,0.45593724
2244_rwanda-ceo,0.63024104,0.369759
10416_geowiki-landcover-2017,0.48146173,0.51853824
1117_germany,0.3939502,0.6060498
2671_ile-de-france,0.3939499,0.60605013
4500_canada,0.39395103,0.606049
1177_martinique-france,0.6543535,0.34564653
102_sudan,0.5440564,0.4559436
25535_geowiki-landcover-2017,0.4699041,0.53009593
658_tanzania-ceo,0.46667355,0.5333265
1887_tanzania-ceo,0.64379996,0.35619998
23396_geowiki-landcover-2017,0.5731342,0.42686582
3378_canada,0.5699596,0.43004042
27216_geowiki-landcover-2017,0.58443415,0.41556588
34997_geowiki-landcover-2017,0.58291316,0.41708687
620_mali-helmets-labelling-crops,0.46667254,0.53332746
9538_croplands,0.4666734,0.5333266
4993_central-asia,0.3939499,0.60605013
2778_central-asia,0.3939499,0.60605013
2304_germany,0.3939499,0.60605013
8579_geowiki-landcover-2017,0.46667397,0.533326
30406_geowiki-landcover-2017,0.55873096,0.44126904
1230_rwanda-ceo,0.7208022,0.27919784
2710_geowiki-landcover-2017,0.4666726,0.53332746
2015_tanzania-ceo,0.6302408,0.36975917
1631_tanzania-ceo,0.6302399,0.36976004
3057_rwanda-ceo,0.63024026,0.36975974
3701_ile-de-france,0.3939499,0.60605013
17936_geowiki-landcover-2017,0.5844341,0.41556594
32592_geowiki-landcover-2017,0.39395002,0.60604995
2559_canada,0.46667293,0.53332704
4853_canada,0.49611387,0.5038861
10164_croplands,0.55552965,0.44447032
1821_canada,0.39395028,0.6060497
4_mali-helmets-labelling-crops,0.4666726,0.5333274
25472_geowiki-landcover-2017,0.39395,0.60605
28471_geowiki-landcover-2017,0.46667302,0.53332704
2691_geowiki-landcover-2017,0.7205919,0.27940807
141_lem-brazil,0.4666753,0.53332466
20945_geowiki-landcover-2017,0.46667287,0.5333271
14785_geowiki-landcover-2017,0.6302378,0.36976212
20119_geowiki-landcover-2017,0.5555304,0.44446963
1027_croplands,0.4699031,0.5300969
1045_togo,0.5699599,0.43004015
4357_ile-de-france,0.3939499,0.6060501
3709_central-asia,0.3939499,0.60605013
21253_geowiki-landcover-2017,0.48146108,0.51853895
15089_geowiki-landcover-2017,0.63023067,0.3697693
1509_reunion-france,0.6543536,0.3456464
2497_ile-de-france,0.46990055,0.53009945
1931_reunion-france,0.63023555,0.3697644
15137_geowiki-landcover-2017,0.54406124,0.45593876
1729_canada,0.46667293,0.53332704
5215_ile-de-france,0.49611345,0.5038866
29758_geowiki-landcover-2017,0.4699025,0.5300975
940_togo,0.5554636,0.44453642
9496_croplands,0.5555275,0.4444725
4926_croplands,0.5440618,0.45593825
30848_geowiki-landcover-2017,0.49611363,0.50388634
7090_canada,0.46989608,0.5301039
239_sudan,0.4666728,0.5333272
2683_rwanda-ceo,0.5555304,0.44446957
6127_ile-de-france,0.3939499,0.60605013
5462_ile-de-france,0.3939499,0.60605013
808_lem-brazil,0.54406714,0.4559329
13485_geowiki-landcover-2017,0.46667293,0.53332704
344_kenya-non-crop,0.63032365,0.36967638
212_lem-brazil,0.65435374,0.34564626
29239_geowiki-landcover-2017,0.56995904,0.43004102
96_tanzania-rice-ecaas,0.6302409,0.36975908
19801_geowiki-landcover-2017,0.49611327,0.5038867
27240_geowiki-landcover-2017,0.4961182,0.5038819
1024_tanzania-ceo,0.6302409,0.36975908
5548_ile-de-france,0.3939498,0.60605013
1326_mali-helmets-labelling-crops,0.46666467,0.5333353
27849_geowiki-landcover-2017,0.49611375,0.5038863
4517_ile-de-france,0.39395,0.60605
293_mali-helmets-labelling-crops,0.46667206,0.533328
25083_geowiki-landcover-2017,0.56995964,0.4300404
1807_rwanda-ceo,0.7208005,0.27919945
18630_geowiki-landcover-2017,0.46667314,0.53332686
1049_geowiki-landcover-2017,0.65728796,0.34271204
13551_croplands,0.4666729,0.5333271
1526_central-asia,0.3939499,0.60605013
2023_tanzania-ceo,0.63024104,0.36975893
24481_geowiki-landcover-2017,0.55552834,0.44447163
19900_geowiki-landcover-2017,0.469969,0.530031
1105_tanzania-ceo,0.6302383,0.3697617
2079_kenya-non-crop,0.5440612,0.45593888
11822_geowiki-landcover-2017,0.56996083,0.43003914
1899_rwanda-ceo,0.5555303,0.44446963
21246_geowiki-landcover-2017,0.39395007,0.60604995
3160_ile-de-france,0.3939534,0.60604656
1135_tanzania-ceo,0.5440612,0.45593882
2516_germany,0.39395362,0.6060464
28031_geowiki-landcover-2017,0.4699025,0.53009754
686_togo,0.46667328,0.5333267
611_germany,0.39395007,0.60604995
11386_croplands,0.46668792,0.5333121
14330_geowiki-landcover-2017,0.48146087,0.51853913
1375_reunion-france,0.49739644,0.50260353
2382_canada,0.46667293,0.53332704
20534_geowiki-landcover-2017,0.3939499,0.6060501
2009_germany,0.39395,0.60604995
313_tanzania-ceo,0.6438001,0.35619992
730_geowiki-landcover-2017,0.46674323,0.53325677
6243_canada,0.3939499,0.6060501
598_lem-brazil,0.6438084,0.35619158
902_togo,0.46667293,0.53332704
12208_geowiki-landcover-2017,0.4814603,0.51853967
3826_canada,0.39394993,0.6060501
22584_geowiki-landcover-2017,0.3939499,0.6060501
10497_geowiki-landcover-2017,0.5555315,0.4444685
2187_ile-de-france,0.49611318,0.5038868
224_rwanda-ceo,0.5555314,0.44446868
4475_geowiki-landcover-2017,0.54406136,0.45593867
633_reunion-france,0.5587325,0.44126743
2292_martinique-france,0.5699597,0.4300403
25382_geowiki-landcover-2017,0.5555304,0.4444696
3684_ile-de-france,0.3939499,0.6060501
35236_geowiki-landcover-2017,0.46668047,0.53331953
35090_geowiki-landcover-2017,0.5587322,0.44126773
23256_geowiki-landcover-2017,0.5555305,0.44446948
1955_ile-de-france,0.39395007,0.60604995
32561_geowiki-landcover-2017,0.4666729,0.5333271
33964_geowiki-landcover-2017,0.39395002,0.60604995
1155_togo,0.5699602,0.43003976
24912_geowiki-landcover-2017,0.5699595,0.43004048
13619_croplands,0.54406124,0.45593873
1666_kenya-non-crop,0.6302408,0.3697592
4591_ile-de-france,0.3939499,0.60605013
96_reunion-france,0.52739245,0.47260752
523_martinique-france,0.55553025,0.44446978
13639_geowiki-landcover-2017,0.5440107,0.4559893
876_ile-de-france,0.3939499,0.60605013
24376_geowiki-landcover-2017,0.39399156,0.6060084
216_sudan,0.46667328,0.53332675
4617_croplands,0.46647036,0.53352964
2771_central-asia,0.39395,0.60604995
4397_ile-de-france,0.3939498,0.6060502
1704_martinique-france,0.5699928,0.4300072
144_sudan,0.39395365,0.6060464
5732_ile-de-france,0.3939499,0.60605013
1402_canada,0.56995994,0.43004003
1087_ile-de-france,0.39395,0.6060501
1842_ile-de-france,0.3939501,0.6060499
29193_geowiki-landcover-2017,0.5699595,0.43004054
10403_geowiki-landcover-2017,0.55553055,0.44446942
10781_croplands,0.65434974,0.34565026
8013_geowiki-landcover-2017,0.54383886,0.45616117
7557_geowiki-landcover-2017,0.4666724,0.53332764
592_reunion-france,0.6543534,0.34564662
501_ethiopia,0.48146108,0.51853895
17096_geowiki-landcover-2017,0.46990535,0.5300947
1274_germany,0.39395383,0.6060462
30515_geowiki-landcover-2017,0.3939499,0.60605013
375_togo,0.5440608,0.4559392
181_martinique-france,0.5699586,0.43004134
22189_geowiki-landcover-2017,0.5699593,0.4300407
3738_geowiki-landcover-2017,0.4666727,0.5333273
7258_canada,0.3939499,0.60605013
258_mali-helmets-labelling-crops,0.46667314,0.53332686
13030_geowiki-landcover-2017,0.57004225,0.4299578
16606_geowiki-landcover-2017,0.6543509,0.3456491
22472_geowiki-landcover-2017,0.5555303,0.44446966
1748_martinique-france,0.5555308,0.4444692
5330_ile-de-france,0.3939499,0.60605013
19424_geowiki-landcover-2017,0.46667442,0.5333256
24577_geowiki-landcover-2017,0.5555055,0.4444945
2678_central-asia,0.3939499,0.60605013
3197_rwanda-ceo,0.72080183,0.27919817
1573_rwanda-ceo,0.7208002,0.2791998
14930_croplands,0.58442587,0.41557413
83_germany,0.39395013,0.6060499
501_tanzania-ceo,0.630241,0.369759
2331_rwanda-ceo,0.63024104,0.369759
4535_croplands,0.4666516,0.5333484
4977_ile-de-france,0.39394993,0.6060501
2702_geowiki-landcover-2017,0.46664974,0.5333503
10874_geowiki-landcover-2017,0.46668196,0.53331804
908_martinique-france,0.5699603,0.4300397
753_tanzania-ceo,0.64379996,0.35620007
1142_reunion-france,0.5844334,0.4155666
4296_geowiki-landcover-2017,0.46658114,0.5334189
5893_canada,0.39395,0.6060501
937_togo,0.6543533,0.3456467
3052_geowiki-landcover-2017,0.4666726,0.5333274
18016_geowiki-landcover-2017,0.4699037,0.53009635
1724_martinique-france,0.6543541,0.3456459
21469_geowiki-landcover-2017,0.558714,0.441286
264_togo,0.46667314,0.53332686
405_ethiopia,0.5440607,0.45593926
82_sudan,0.4666728,0.5333272
5242_canada,0.39395103,0.606049
5110_canada,0.4699043,0.53009576
1987_geowiki-landcover-2017,0.46668983,0.5333101
1931_germany,0.39394993,0.6060501
6054_croplands,0.46667376,0.53332627
106_ile-de-france,0.3939499,0.60605013
7765_canada,0.544061,0.455939
2296_canada,0.39395064,0.60604936
8669_geowiki-landcover-2017,0.63024104,0.369759
411_kenya-non-crop,0.63023096,0.36976904
6676_canada,0.39395,0.60605
2029_tanzania-ceo,0.6543818,0.34561825
26982_geowiki-landcover-2017,0.4699029,0.53009707
1461_ile-de-france,0.39395,0.6060501
2172_martinique-france,0.5699435,0.4300565
1884_geowiki-landcover-2017,0.72080165,0.27919835
1470_rwanda-ceo,0.63024104,0.36975893
13120_geowiki-landcover-2017,0.5555306,0.44446933
4659_canada,0.3939509,0.6060491
28946_geowiki-landcover-2017,0.46667358,0.5333264
33773_geowiki-landcover-2017,0.3939499,0.60605013
21093_geowiki-landcover-2017,0.5555305,0.44446954
4552_central-asia,0.3939499,0.60605013
23425_geowiki-landcover-2017,0.48146114,0.51853883
2198_martinique-france,0.5699601,0.43003988
1343_kenya-non-crop,0.5587337,0.44126627
5488_canada,0.3939499,0.60605013
776_germany,0.3939512,0.60604876
21126_geowiki-landcover-2017,0.5699597,0.43004027
9221_croplands,0.5440306,0.45596942
21349_geowiki-landcover-2017,0.39395028,0.6060497
28234_geowiki-landcover-2017,0.64379996,0.35620007
14140_geowiki-landcover-2017,0.5555306,0.44446933
1365_germany,0.39395016,0.60604984
1498_canada,0.56995934,0.43004066
1037_canada,0.46667284,0.53332716
987_kenya-non-crop,0.630241,0.369759
26851_geowiki-landcover-2017,0.3939499,0.6060501
229_rwanda-ceo,0.63024104,0.3697589
25423_geowiki-landcover-2017,0.46667287,0.5333271
2045_tanzania-ceo,0.630241,0.369759
2020_rwanda-ceo,0.6302417,0.3697583
1837_reunion-france,0.55554396,0.444456
4518_geowiki-landcover-2017,0.5555305,0.44446954
110_germany,0.39395,0.6060501
1449_mali-helmets-labelling-crops,0.5440606,0.4559394
7369_croplands,0.55553055,0.44446942
2250_rwanda-ceo,0.5555324,0.44446757
490_germany,0.3939499,0.60605013
2246_germany,0.39395085,0.6060491
10058_geowiki-landcover-2017,0.54406095,0.45593905
22245_geowiki-landcover-2017,0.48146084,0.51853913
2472_rwanda-ceo,0.5555305,0.44446948
272_tanzania-ceo,0.7208022,0.2791978
305_tanzania,0.63023996,0.36976004
13674_geowiki-landcover-2017,0.6543545,0.34564552
3832_canada,0.39395,0.6060501
4364_ile-de-france,0.3939499,0.60605013
32077_geowiki-landcover-2017,0.3939499,0.60605013
632_lem-brazil,0.5440629,0.45593712
65_kenya,0.5555315,0.44446847
819_croplands,0.4666467,0.5333533
7338_canada,0.39395,0.6060501
1244_geowiki-landcover-2017,0.55874074,0.44125932
16278_geowiki-landcover-2017,0.49611393,0.50388604
2232_ile-de-france,0.469904,0.530096
1142_rwanda-ceo,0.6302421,0.36975795
1742_tanzania-ceo,0.6302409,0.36975908
24624_geowiki-landcover-2017,0.39395094,0.6060491
24677_geowiki-landcover-2017,0.46990436,0.53009564
39_tanzania,0.5555305,0.44446954
1742_central-asia,0.3939498,0.60605013
392_kenya-non-crop,0.6543563,0.34564367
5935_geowiki-landcover-2017,0.46990377,0.5300963
3966_central-asia,0.3939499,0.60605013
403_kenya-non-crop,0.63023144,0.36976856
1383_ile-de-france,0.3939499,0.60605013
880_central-asia,0.3939499,0.60605013
1374_central-asia,0.3939499,0.60605013
1617_reunion-france,0.555529,0.444471
6134_canada,0.39395067,0.60604936
25013_geowiki-landcover-2017,0.5699597,0.4300403
832_reunion-france,0.55873466,0.44126534
23457_geowiki-landcover-2017,0.5555305,0.44446954
9983_geowiki-landcover-2017,0.6302406,0.36975938
3424_central-asia,0.3939499,0.60605013
3604_central-asia,0.3939499,0.60605013
2850_ile-de-france,0.39395,0.6060501
1576_kenya-non-crop,0.4666732,0.5333268
544_croplands,0.46990356,0.5300964
8500_croplands,0.46667463,0.5333254
1259_germany,0.39395002,0.60604995
7469_canada,0.39395007,0.60604995
1362_rwanda-ceo,0.72080207,0.27919787
680_croplands,0.46667463,0.5333254
875_rwanda-ceo,0.5555305,0.4444695
902_kenya-non-crop,0.630238,0.369762
1244_canada,0.46667287,0.53332716
30874_geowiki-landcover-2017,0.39395,0.6060501
8356_geowiki-landcover-2017,0.55553025,0.44446975
2512_geowiki-landcover-2017,0.46667454,0.5333255
1299_rwanda-ceo,0.7208015,0.27919853
141_martinique-france,0.46667376,0.5333262
2271_central-asia,0.3939499,0.60605013
34977_geowiki-landcover-2017,0.46990356,0.5300965
9514_croplands,0.55552703,0.444473
5229_geowiki-landcover-2017,0.48146075,0.51853925
32207_geowiki-landcover-2017,0.39395,0.6060501
3298_geowiki-landcover-2017,0.4666726,0.5333274
16173_geowiki-landcover-2017,0.48146185,0.5185382
1620_ile-de-france,0.3939499,0.60605013
2047_martinique-france,0.5555305,0.44446954
9709_geowiki-landcover-2017,0.46990383,0.5300961
421_togo,0.46667367,0.5333263
18174_geowiki-landcover-2017,0.39395016,0.60604984
1226_ile-de-france,0.39394984,0.60605013
3875_ile-de-france,0.46990043,0.5300996
1039_mali-helmets-labelling-crops,0.46667656,0.5333234
534_central-asia,0.3939499,0.60605013
245_reunion-france,0.5273919,0.47260812
932_croplands,0.39395103,0.60604894
1374_reunion-france,0.5749533,0.4250467
239_lem-brazil,0.55552894,0.44447106
1821_ile-de-france,0.39414766,0.6058523
42_uganda,0.5555303,0.4444697
2142_canada,0.4961137,0.50388634
2414_canada,0.3939499,0.60605013
2430_germany,0.39394993,0.6060501
1985_rwanda-ceo,0.7208022,0.27919775
93_mali-non-crop,0.5699604,0.4300396
172_lem-brazil,0.5440889,0.45591113
262_central-asia,0.4961132,0.5038868
23194_geowiki-landcover-2017,0.54406124,0.45593876
10088_geowiki-landcover-2017,0.544063,0.455937
549_ethiopia,0.6302197,0.3697803
172_tanzania-ceo,0.63024104,0.36975893
10427_geowiki-landcover-2017,0.46667287,0.5333271
2721_ile-de-france,0.39395046,0.60604954
2633_geowiki-landcover-2017,0.64379966,0.35620028
2908_croplands,0.5555304,0.44446957
839_germany,0.3939502,0.6060498
95_sudan,0.466673,0.53332704
1111_germany,0.39394993,0.6060501
362_canada,0.49611333,0.50388664
13212_geowiki-landcover-2017,0.5438443,0.45615566
102_uganda,0.6301878,0.36981216
1974_ile-de-france,0.39395,0.60604995
4713_croplands,0.46667087,0.5333291
171_ethiopia,0.5587324,0.44126758
1317_reunion-france,0.4668082,0.53319174
12328_geowiki-landcover-2017,0.46667403,0.53332597
372_sudan,0.46667802,0.533322
741_canada,0.466673,0.53332704
615_germany,0.3939499,0.60605013
4904_ile-de-france,0.3939498,0.60605013
4157_croplands,0.46667325,0.53332675
9439_croplands,0.46667317,0.5333268
4891_canada,0.46545908,0.53454095
16212_geowiki-landcover-2017,0.46990433,0.53009564
6205_canada,0.39395335,0.6060467
33398_geowiki-landcover-2017,0.5555303,0.44446972
3375_geowiki-landcover-2017,0.46667174,0.53332824
4253_geowiki-landcover-2017,0.64379996,0.35619998
3130_ile-de-france,0.3939499,0.60605013
5043_ile-de-france,0.39395124,0.60604876
3007_central-asia,0.3939499,0.60605013
9081_geowiki-landcover-2017,0.64362466,0.35637534
1653_ile-de-france,0.3939499,0.60605013
15614_geowiki-landcover-2017,0.48146608,0.5185339
2198_kenya-non-crop,0.6437878,0.35621223
1169_rwanda-ceo,0.63024104,0.3697589
792_croplands,0.39394993,0.6060501
4932_central-asia,0.3939499,0.60605013
759_germany,0.39395007,0.60604995
16800_geowiki-landcover-2017,0.6437998,0.35620028
1307_germany,0.39395007,0.60604995
45_tanzania-rice-ecaas,0.6302408,0.3697592
4958_ile-de-france,0.39395007,0.60604995
414_tanzania-rice-ecaas,0.6302407,0.3697593
1035_ile-de-france,0.3939499,0.60605013
9219_croplands,0.56995964,0.43004033
10600_croplands,0.5555303,0.44446972
20751_geowiki-landcover-2017,0.56995964,0.4300404
4578_ile-de-france,0.3939499,0.60605013
23140_geowiki-landcover-2017,0.46667293,0.53332704
29_ile-de-france,0.39395,0.6060501
18277_geowiki-landcover-2017,0.58443373,0.4155662
455_mali-helmets-labelling-crops,0.4666718,0.53332824
10380_geowiki-landcover-2017,0.5587325,0.44126746
1225_reunion-france,0.5554973,0.44450274
2469_kenya-non-crop,0.46667305,0.533327
2040_geowiki-landcover-2017,0.5699596,0.43004042
1901_rwanda-ceo,0.65435445,0.3456456
1958_martinique-france,0.56995964,0.4300404
206_canada,0.5555304,0.4444696
5536_canada,0.3939498,0.60605013
5493_ile-de-france,0.39394993,0.6060501
4823_central-asia,0.46941432,0.5305857
13211_geowiki-landcover-2017,0.6302408,0.3697592
394_tanzania-rice-ecaas,0.6302407,0.3697593
710_ile-de-france,0.39394984,0.60605013
2129_rwanda-ceo,0.7208022,0.27919784
502_croplands,0.46667236,0.53332764
14127_geowiki-landcover-2017,0.72079945,0.27920052
3116_ile-de-france,0.3939499,0.60605013
24541_geowiki-landcover-2017,0.54406106,0.45593888
2952_canada,0.54404294,0.45595703
3357_central-asia,0.3939499,0.60605013
3227_canada,0.49611416,0.50388587
2000_central-asia,0.3939499,0.60605013
2549_reunion-france,0.65435404,0.34564596
6604_geowiki-landcover-2017,0.481463,0.518537
40_croplands,0.55873233,0.44126764
1906_rwanda-ceo,0.72078675,0.27921322
1676_central-asia,0.3939499,0.60605013
6232_canada,0.3939499,0.60605013
5865_geowiki-landcover-2017,0.5699607,0.43003926
8959_geowiki-landcover-2017,0.46667293,0.53332704
30719_geowiki-landcover-2017,0.56996036,0.43003967
6966_geowiki-landcover-2017,0.3939499,0.60605013
11077_geowiki-landcover-2017,0.5555294,0.44447058
3654_croplands,0.63024056,0.3697594
2380_kenya-non-crop,0.4666735,0.5333265
1207_geowiki-landcover-2017,0.5587152,0.44128478
35116_geowiki-landcover-2017,0.469904,0.530096
309_togo,0.46667293,0.53332704
146_geowiki-landcover-2017,0.5555303,0.4444697
30562_geowiki-landcover-2017,0.48146203,0.51853794
1532_ile-de-france,0.39395088,0.6060491
6118_canada,0.39395013,0.6060499
12391_geowiki-landcover-2017,0.65435433,0.34564567
21476_geowiki-landcover-2017,0.46990517,0.5300948
15288_geowiki-landcover-2017,0.5844341,0.41556588
3_togo,0.46667385,0.53332615
5326_canada,0.3939499,0.60605013
620_canada,0.46667266,0.5333273
1223_rwanda-ceo,0.6302339,0.36976612
21498_geowiki-landcover-2017,0.39395154,0.60604846
971_central-asia,0.3939499,0.60605013
21553_geowiki-landcover-2017,0.5555305,0.4444695
349_ethiopia,0.48146126,0.5185387
41_sudan,0.46667868,0.5333213
35015_geowiki-landcover-2017,0.4814457,0.51855433
1829_tanzania-ceo,0.55553025,0.44446975
5908_geowiki-landcover-2017,0.48146537,0.51853466
233_martinique-france,0.5699595,0.4300405
923_canada,0.46667284,0.53332716
7046_geowiki-landcover-2017,0.3939528,0.60604715
30088_geowiki-landcover-2017,0.46676522,0.53323483
3718_central-asia,0.3939499,0.60605013
2134_geowiki-landcover-2017,0.720802,0.27919796
2247_rwanda-ceo,0.7208,0.2792
1470_tanzania-ceo,0.55553144,0.44446853
3557_geowiki-landcover-2017,0.4666721,0.53332794
32230_geowiki-landcover-2017,0.39395025,0.6060498
848_lem-brazil,0.4666746,0.5333254
1774_kenya-non-crop,0.630241,0.369759
4568_canada,0.54031104,0.45968893
448_rwanda-ceo,0.7208022,0.27919784
2884_croplands,0.63023955,0.36976045
20925_geowiki-landcover-2017,0.6543482,0.34565175
128_germany,0.39395,0.60605
1357_mali-helmets-labelling-crops,0.46662855,0.53337145
1970_kenya-non-crop,0.4666729,0.5333271
5493_canada,0.3939499,0.60605013
34865_geowiki-landcover-2017,0.49611455,0.50388545
8032_geowiki-landcover-2017,0.5440615,0.4559385
811_germany,0.39395034,0.60604966
966_mali-helmets-labelling-crops,0.4666718,0.5333282
6034_ile-de-france,0.3939499,0.60605013
31634_geowiki-landcover-2017,0.5587329,0.44126707
11409_geowiki-landcover-2017,0.6543542,0.34564582
6451_geowiki-landcover-2017,0.57313734,0.4268627
4771_central-asia,0.39395,0.60605
566_germany,0.39395,0.60605
3543_rwanda-ceo,0.7207964,0.27920356
3331_geowiki-landcover-2017,0.46667266,0.5333273
12595_geowiki-landcover-2017,0.5555305,0.4444695
351_tanzania,0.5555303,0.44446972
184_togo,0.46667972,0.5333203
2772_ile-de-france,0.3939502,0.6060498
4717_central-asia,0.4699037,0.5300963
10189_croplands,0.5555304,0.4444696
4796_central-asia,0.3939499,0.60605013
28644_geowiki-landcover-2017,0.39394993,0.6060501
21072_geowiki-landcover-2017,0.5555304,0.44446963
13837_geowiki-landcover-2017,0.46667212,0.53332794
33488_geowiki-landcover-2017,0.39395908,0.60604095
1504_tanzania-ceo,0.63024104,0.3697589
431_geowiki-landcover-2017,0.7208007,0.27919927
2938_canada,0.46667287,0.5333271
5151_canada,0.39395013,0.6060499
3179_geowiki-landcover-2017,0.544061,0.45593902
602_mali-helmets-labelling-crops,0.4666724,0.53332764
413_tanzania-ceo,0.65436876,0.3456312
16042_geowiki-landcover-2017,0.4699042,0.5300958
739_mali-helmets-labelling-crops,0.466672,0.533328
1917_ile-de-france,0.3939499,0.60605013
602_central-asia,0.39395,0.60604995
1312_germany,0.39395052,0.6060495
30817_geowiki-landcover-2017,0.5440655,0.4559345
32891_geowiki-landcover-2017,0.46667203,0.533328
2572_ile-de-france,0.4698895,0.5301105
530_reunion-france,0.5844321,0.41556787
8159_geowiki-landcover-2017,0.46667314,0.5333268
4593_canada,0.4666574,0.53334254
32163_geowiki-landcover-2017,0.3939499,0.60605013
592_germany,0.3939499,0.60605013
12219_geowiki-landcover-2017,0.5555305,0.44446948
711_togo,0.5440599,0.45594013
7274_canada,0.3939504,0.6060496
5013_canada,0.39395,0.60604995
34860_geowiki-landcover-2017,0.39395016,0.6060498
1225_canada,0.46667266,0.5333273
951_reunion-france,0.49611735,0.50388265
464_rwanda-ceo,0.6302403,0.36975965
10799_geowiki-landcover-2017,0.48146084,0.51853913
2459_reunion-france,0.63024104,0.369759
7599_geowiki-landcover-2017,0.54406106,0.4559389
4880_ile-de-france,0.39394984,0.60605013
2166_reunion-france,0.56996053,0.43003947
25028_geowiki-landcover-2017,0.46668094,0.533319
2026_geowiki-landcover-2017,0.65435416,0.34564587
35393_geowiki-landcover-2017,0.6572822,0.3427178
1313_reunion-france,0.63021636,0.36978367
5882_geowiki-landcover-2017,0.49611378,0.5038862
4615_ile-de-france,0.3939499,0.60605013
964_central-asia,0.46990275,0.53009725
5820_canada,0.39394993,0.6060501
17827_geowiki-landcover-2017,0.5555308,0.4444692
2370_canada,0.46667287,0.53332716
633_martinique-france,0.6543544,0.3456456
704_rwanda-ceo,0.72080207,0.27919796
2353_martinique-france,0.6543543,0.34564573
3444_central-asia,0.3939499,0.60605013
4326_croplands,0.46667266,0.53332734
3937_central-asia,0.39395,0.60604995
4483_ile-de-france,0.3939499,0.60605013
843_tanzania-ceo,0.7207987,0.27920133
9634_geowiki-landcover-2017,0.55552137,0.44447863
53_ile-de-france,0.39395007,0.60604995
313_mali-helmets-labelling-crops,0.5440601,0.45593995
762_geowiki-landcover-2017,0.72080183,0.27919817
26467_geowiki-landcover-2017,0.5555314,0.44446865
911_togo,0.5699606,0.43003938
30314_geowiki-landcover-2017,0.48146063,0.51853937
1926_canada,0.46667287,0.5333271
1600_germany,0.39395007,0.6060499
23357_geowiki-landcover-2017,0.49611387,0.50388616
16120_geowiki-landcover-2017,0.5555305,0.44446948
1435_germany,0.39394993,0.6060501
20665_geowiki-landcover-2017,0.6302334,0.36976665
278_ethiopia,0.58443415,0.41556585
33295_geowiki-landcover-2017,0.39395016,0.6060498
567_tanzania-ceo,0.63024104,0.3697589
3353_canada,0.46666873,0.5333313
3095_rwanda-ceo,0.6543546,0.34564546
3672_canada,0.466673,0.53332704
3074_central-asia,0.3939499,0.6060501
335_canada,0.46667293,0.53332704
31932_geowiki-landcover-2017,0.46667317,0.5333268
11393_geowiki-landcover-2017,0.39395392,0.60604614
25194_geowiki-landcover-2017,0.4666729,0.5333271
207_ile-de-france,0.3939506,0.60604936
9476_geowiki-landcover-2017,0.54406106,0.45593894
38_kenya-non-crop,0.6543542,0.34564573
7476_canada,0.46667305,0.533327
28126_geowiki-landcover-2017,0.49612314,0.50387686
5753_ile-de-france,0.3939499,0.60605013
2457_geowiki-landcover-2017,0.46667027,0.5333297
348_mali-helmets-labelling-crops,0.4666726,0.5333274
2239_rwanda-ceo,0.7208019,0.27919814
27758_geowiki-landcover-2017,0.5555314,0.4444686
475_tanzania-rice-ecaas,0.6302404,0.36975962
2003_canada,0.39395013,0.6060499
597_croplands,0.4961496,0.5038504
23_tanzania-rice-ecaas,0.55553174,0.44446823
18625_geowiki-landcover-2017,0.56995964,0.4300404
4840_canada,0.46667287,0.5333271
665_tanzania-ceo,0.72080207,0.2791979
1107_tanzania-ceo,0.63024104,0.369759
17161_geowiki-landcover-2017,0.55553025,0.44446972
1165_canada,0.46667287,0.5333271
33686_geowiki-landcover-2017,0.3939499,0.60605013
2421_canada,0.39394993,0.6060501
27411_geowiki-landcover-2017,0.39395472,0.60604525
110_tanzania-rice-ecaas,0.6302408,0.3697592
58_rwanda-ceo,0.6543741,0.3456259
916_reunion-france,0.5587343,0.44126567
34403_geowiki-landcover-2017,0.48146185,0.5185381
5364_canada,0.56995857,0.43004146
5183_ile-de-france,0.39400262,0.6059974
25984_geowiki-landcover-2017,0.4814608,0.5185392
2989_ile-de-france,0.3939499,0.60605013
1933_reunion-france,0.544061,0.45593902
11498_geowiki-landcover-2017,0.5587322,0.44126773
13179_geowiki-landcover-2017,0.46990427,0.53009576
1654_central-asia,0.3939499,0.60605013
10077_croplands,0.630237,0.369763
424_lem-brazil,0.46667725,0.53332275
28866_geowiki-landcover-2017,0.5555109,0.4444891
13794_geowiki-landcover-2017,0.5440603,0.4559397
13829_geowiki-landcover-2017,0.4814609,0.5185391
6204_canada,0.39395,0.60604995
2173_martinique-france,0.5440161,0.45598385
2365_geowiki-landcover-2017,0.46667916,0.53332084
2546_germany,0.39395034,0.60604966
2462_reunion-france,0.6543677,0.3456323
3864_central-asia,0.3939499,0.6060501
1142_togo,0.54405946,0.45594057
27821_geowiki-landcover-2017,0.5555304,0.44446963
5280_ile-de-france,0.3939499,0.60605013
3209_canada,0.64379966,0.35620034
3376_central-asia,0.3939499,0.60605013
4167_croplands,0.46667293,0.53332704
558_germany,0.39395,0.60605
4502_croplands,0.56996125,0.43003875
733_germany,0.39395013,0.6060499
3392_central-asia,0.3939499,0.60605013
1860_geowiki-landcover-2017,0.46667293,0.53332704
12912_geowiki-landcover-2017,0.46667528,0.5333247
821_rwanda-ceo,0.6543545,0.34564552
27020_geowiki-landcover-2017,0.4814635,0.5185365
2260_rwanda-ceo,0.654355,0.345645
4015_ile-de-france,0.3939499,0.60605013
3920_central-asia,0.39394993,0.6060501
35842_geowiki-landcover-2017,0.5699601,0.43003988
751_martinique-france,0.46670583,0.53329414
1232_mali-helmets-labelling-crops,0.4666717,0.5333283
1225_germany,0.39395022,0.6060498
160_tanzania-rice-ecaas,0.6302404,0.36975962
14025_croplands,0.55553025,0.44446975
2311_geowiki-landcover-2017,0.65435463,0.34564537
1392_ile-de-france,0.39395013,0.6060499
1317_geowiki-landcover-2017,0.55781525,0.44218475
24725_geowiki-landcover-2017,0.64379907,0.35620087
26226_geowiki-landcover-2017,0.6543536,0.34564632
965_germany,0.46974227,0.53025776
9934_croplands,0.63023096,0.36976904
3467_central-asia,0.39395,0.6060501
28814_geowiki-landcover-2017,0.39395,0.60605
1795_kenya-non-crop,0.630241,0.369759
9202_croplands,0.4666729,0.5333271
23426_geowiki-landcover-2017,0.46990424,0.53009576
172_tanzania,0.5555304,0.4444696
35657_geowiki-landcover-2017,0.48146102,0.518539
5267_canada,0.3939625,0.60603744
12920_geowiki-landcover-2017,0.5699586,0.4300414
2864_rwanda-ceo,0.6302403,0.36975965
27563_geowiki-landcover-2017,0.555598,0.44440192
1827_canada,0.39395028,0.6060497
26916_geowiki-landcover-2017,0.393951,0.606049
413_ile-de-france,0.3939499,0.6060501
755_mali-helmets-labelling-crops,0.54405946,0.4559405
16933_geowiki-landcover-2017,0.54406196,0.45593804
3731_croplands,0.5555286,0.44447148
1698_kenya-non-crop,0.630241,0.369759
10921_geowiki-landcover-2017,0.3940652,0.6059348
3073_canada,0.5440608,0.4559392
1343_mali-helmets-labelling-crops,0.46667063,0.5333293
689_tanzania-rice-ecaas,0.63023955,0.36976045
9643_geowiki-landcover-2017,0.6437978,0.35620216
1677_rwanda-ceo,0.6543566,0.3456434
23344_geowiki-landcover-2017,0.46669438,0.5333056
6434_canada,0.46990398,0.53009605
2721_central-asia,0.3939499,0.60605013
4551_croplands,0.54405034,0.45594963
32866_geowiki-landcover-2017,0.39395094,0.6060491
744_rwanda-ceo,0.6543551,0.3456449
916_martinique-france,0.65435416,0.34564587
35209_geowiki-landcover-2017,0.46990436,0.53009564
2444_germany,0.4681193,0.5318807
21672_geowiki-landcover-2017,0.46990463,0.53009534
8995_geowiki-landcover-2017,0.5555304,0.44446957
4848_central-asia,0.39395037,0.6060496
7932_canada,0.39395007,0.60604995
1478_reunion-france,0.46667334,0.5333266
65_central-asia,0.3939499,0.6060501
163_ile-de-france,0.39395228,0.6060477
16980_geowiki-landcover-2017,0.6302411,0.3697589
10589_geowiki-landcover-2017,0.5555308,0.44446927
34801_geowiki-landcover-2017,0.5699557,0.4300443
390_togo,0.4666741,0.5333259
29879_geowiki-landcover-2017,0.46667388,0.53332615
5736_ile-de-france,0.3939499,0.60605013
993_tanzania-ceo,0.54406106,0.45593888
1703_kenya-non-crop,0.630241,0.369759
5801_croplands,0.5440614,0.4559386
3369_central-asia,0.3939499,0.60605013
707_central-asia,0.3939499,0.60605013
1217_tanzania-ceo,0.6437982,0.35620177
2165_tanzania-ceo,0.46667308,0.53332686
2501_central-asia,0.3939499,0.60605013
436_togo,0.54406077,0.45593923
422_central-asia,0.3939501,0.6060499
3509_croplands,0.55553,0.44447
14034_croplands,0.5555303,0.44446972
2113_martinique-france,0.6543542,0.34564576
5996_canada,0.3939502,0.6060498
1234_mali-helmets-labelling-crops,0.4666717,0.5333283
263_ethiopia,0.5587323,0.44126773
29914_geowiki-landcover-2017,0.6437986,0.35620144
10466_geowiki-landcover-2017,0.63024116,0.3697589
4886_croplands,0.46667334,0.5333266
4925_croplands,0.54406077,0.45593923
2328_germany,0.39394993,0.6060501
831_mali-helmets-labelling-crops,0.5440584,0.45594165
538_kenya-non-crop,0.5555307,0.44446933
2801_ile-de-france,0.39395073,0.6060493
31096_geowiki-landcover-2017,0.46990642,0.5300936
8829_geowiki-landcover-2017,0.55552584,0.4444742
119_kenya-non-crop,0.5555311,0.44446895
3337_central-asia,0.3939499,0.60605013
22632_geowiki-landcover-2017,0.39395,0.6060501
8752_geowiki-landcover-2017,0.4666729,0.5333271
87_lem-brazil,0.5555279,0.4444721
2332_germany,0.4699031,0.5300969
29309_geowiki-landcover-2017,0.4666729,0.5333271
28097_geowiki-landcover-2017,0.49611443,0.5038856
26937_geowiki-landcover-2017,0.4814583,0.5185417
23703_geowiki-landcover-2017,0.5555304,0.44446957
34893_geowiki-landcover-2017,0.3939906,0.60600936
3206_canada,0.5699594,0.43004057
1909_ile-de-france,0.3939499,0.60605013
3389_central-asia,0.3939499,0.60605013
5415_canada,0.39394993,0.6060501
1621_reunion-france,0.630241,0.36975905
5710_ile-de-france,0.49611685,0.5038832
8550_croplands,0.54406065,0.4559393
2101_croplands,0.46667683,0.53332317
228_tanzania,0.5555302,0.44446978
1416_ile-de-france,0.39423192,0.605768
840_canada,0.39395,0.6060501
5230_ile-de-france,0.4698781,0.53012186
30156_geowiki-landcover-2017,0.46667063,0.53332937
1830_ile-de-france,0.3939499,0.60605013
2247_kenya-non-crop,0.54406136,0.45593867
1733_central-asia,0.3939498,0.6060502
102_mali,0.4666726,0.53332746
1685_central-asia,0.3939499,0.60605013
4737_geowiki-landcover-2017,0.46667504,0.533325
14354_geowiki-landcover-2017,0.48147446,0.51852554
15445_geowiki-landcover-2017,0.48146105,0.51853895
20897_geowiki-landcover-2017,0.5699586,0.4300414
1113_kenya-non-crop,0.6302407,0.3697593
2491_central-asia,0.3939499,0.60605013
2836_ile-de-france,0.48146057,0.5185394
487_kenya-non-crop,0.55873907,0.44126096
3915_canada,0.3939499,0.6060501
921_central-asia,0.3939513,0.60604876
2919_central-asia,0.39395,0.6060501
1396_geowiki-landcover-2017,0.54405975,0.45594022
352_croplands,0.39394993,0.6060501
610_ile-de-france,0.3939499,0.60605013
543_kenya-non-crop,0.6302261,0.36977386
19117_geowiki-landcover-2017,0.4670773,0.5329227
28995_geowiki-landcover-2017,0.46990842,0.5300916
447_kenya-non-crop,0.6572851,0.34271494
2090_rwanda-ceo,0.63024104,0.3697589
8768_geowiki-landcover-2017,0.54406065,0.4559393
3383_central-asia,0.3939499,0.60605013
6508_geowiki-landcover-2017,0.48146194,0.51853806
27998_geowiki-landcover-2017,0.39395,0.6060501
171_germany,0.39402074,0.6059793
128_mali-non-crop,0.544061,0.45593902
2137_geowiki-landcover-2017,0.46721423,0.5327858
1671_rwanda-ceo,0.65435416,0.34564587
31069_geowiki-landcover-2017,0.46667275,0.5333273
13106_geowiki-landcover-2017,0.48146114,0.5185389
8621_geowiki-landcover-2017,0.5440609,0.45593908
2471_ile-de-france,0.3939499,0.60605013
704_martinique-france,0.46667552,0.5333245
2135_rwanda-ceo,0.65435475,0.34564525
13684_geowiki-landcover-2017,0.5555309,0.4444691
2085_geowiki-landcover-2017,0.64371896,0.35628104
553_reunion-france,0.5273921,0.4726079
3227_ile-de-france,0.3939499,0.60605013
3761_canada,0.3939508,0.6060492
4029_ile-de-france,0.3939499,0.60605013
1871_reunion-france,0.54406077,0.45593923
34861_geowiki-landcover-2017,0.46990553,0.53009444
1491_geowiki-landcover-2017,0.6287408,0.37125924
1145_rwanda-ceo,0.6543546,0.34564546
35808_geowiki-landcover-2017,0.3939512,0.60604876
4650_canada,0.4650245,0.5349755
1907_reunion-france,0.5844343,0.4155658
2889_canada,0.63024116,0.3697589
1174_tanzania-ceo,0.5440612,0.45593885
4586_canada,0.3939503,0.6060497
4910_croplands,0.630236,0.36976394
31_zimbabwe,0.6543621,0.34563786
7159_geowiki-landcover-2017,0.39395052,0.6060495
1321_rwanda-ceo,0.63024104,0.36975893
674_kenya-non-crop,0.55556417,0.44443578
3288_central-asia,0.3939499,0.60605013
506_rwanda-ceo,0.7206583,0.2793417
5652_geowiki-landcover-2017,0.6302402,0.36975983
425_canada,0.4666729,0.5333271
2435_ile-de-france,0.3939499,0.60605013
3720_geowiki-landcover-2017,0.46666658,0.5333334
15314_geowiki-landcover-2017,0.7208005,0.2791995
5421_ile-de-france,0.3939499,0.60605013
474_tanzania-rice-ecaas,0.6302401,0.36975995
30296_geowiki-landcover-2017,0.39395112,0.60604894
2060_germany,0.3939499,0.6060501
4953_central-asia,0.3939499,0.60605013
28040_geowiki-landcover-2017,0.4699041,0.5300959
13875_croplands,0.55553025,0.44446972
2614_rwanda-ceo,0.55553055,0.44446942
31415_geowiki-landcover-2017,0.39395073,0.6060493
3871_geowiki-landcover-2017,0.39395,0.60605
32250_geowiki-landcover-2017,0.49611437,0.5038856
1318_geowiki-landcover-2017,0.7208011,0.27919883
27972_geowiki-landcover-2017,0.55873215,0.44126785
14833_geowiki-landcover-2017,0.46667287,0.5333271
1053_mali-helmets-labelling-crops,0.46667174,0.53332824
2332_canada,0.3939631,0.6060369
5773_ile-de-france,0.39394993,0.6060501
622_ethiopia,0.65435606,0.34564394
76_kenya,0.5555303,0.44446972
126_canada,0.46667287,0.53332716
28499_geowiki-landcover-2017,0.5699596,0.43004045
327_canada,0.4666729,0.5333271
3894_geowiki-landcover-2017,0.4699041,0.5300959
3204_geowiki-landcover-2017,0.5699595,0.43004054
141_tanzania,0.5555302,0.44446978
3811_geowiki-landcover-2017,0.46667212,0.53332794
3502_ile-de-france,0.3939499,0.60605013
26032_geowiki-landcover-2017,0.6543083,0.34569165
883_tanzania-ceo,0.55557716,0.44442287
26908_geowiki-landcover-2017,0.39395007,0.60604995
1294_germany,0.3939499,0.60605013
1488_reunion-france,0.5699614,0.43003857
28728_geowiki-landcover-2017,0.5440608,0.4559392
29874_geowiki-landcover-2017,0.46667227,0.53332776
2392_rwanda-ceo,0.65435463,0.34564537
30187_geowiki-landcover-2017,0.5586746,0.44132546
1148_togo,0.46667308,0.5333269
425_reunion-france,0.5555297,0.4444703
300_croplands,0.46666488,0.53333515
248_tanzania-rice-ecaas,0.63024104,0.369759
4565_geowiki-landcover-2017,0.6438001,0.3561999
274_ethiopia,0.48146102,0.518539
1849_germany,0.3939505,0.60604954
1478_tanzania-ceo,0.55553025,0.44446972
1886_rwanda-ceo,0.63024104,0.369759
1318_germany,0.3939499,0.60605013
2799_ile-de-france,0.39395013,0.6060499
2292_central-asia,0.3939499,0.60605013
34614_geowiki-landcover-2017,0.46667334,0.5333266
707_martinique-france,0.46667284,0.53332716
584_martinique-france,0.65435433,0.34564567
760_ile-de-france,0.3939499,0.60605013
22736_geowiki-landcover-2017,0.48146087,0.51853913
1301_reunion-france,0.54406106,0.4559389
21961_geowiki-landcover-2017,0.46668637,0.53331363
19313_geowiki-landcover-2017,0.46763784,0.53236216
7269_canada,0.3939504,0.6060496
11911_geowiki-landcover-2017,0.39395,0.60605
2347_geowiki-landcover-2017,0.5699597,0.4300403
6868_geowiki-landcover-2017,0.4666729,0.5333271
5169_canada,0.39427176,0.6057282
4679_geowiki-landcover-2017,0.39395016,0.60604984
2536_rwanda-ceo,0.63024104,0.369759
2065_martinique-france,0.6543516,0.34564847
31300_geowiki-landcover-2017,0.46667293,0.53332704
19707_geowiki-landcover-2017,0.39400822,0.6059917
1380_canada,0.46667287,0.5333271
389_canada,0.3939506,0.60604936
5798_canada,0.3939499,0.6060501
22676_geowiki-landcover-2017,0.466678,0.53332204
1577_martinique-france,0.5699596,0.43004045
30141_geowiki-landcover-2017,0.46667257,0.53332746
15332_geowiki-landcover-2017,0.4666727,0.5333273
23_tanzania-ceo,0.54409003,0.45591003
4017_central-asia,0.3939499,0.60605013
153_germany,0.3939545,0.6060455
24355_geowiki-landcover-2017,0.6438142,0.35618576
3051_central-asia,0.39395,0.60604995
27_kenya-non-crop,0.555533,0.444467
22688_geowiki-landcover-2017,0.54406047,0.4559395
641_lem-brazil,0.64380413,0.35619584
14_canada,0.5440606,0.45593944
2369_canada,0.4666729,0.5333271
49_tanzania,0.55553025,0.44446978
534_canada,0.4666729,0.5333271
76_mali,0.46667257,0.53332746
2914_rwanda-ceo,0.6302409,0.36975908
255_rwanda-ceo,0.55553156,0.44446847
3060_rwanda-ceo,0.6302412,0.3697588
29134_geowiki-landcover-2017,0.39395,0.60604995
275_sudan,0.544061,0.45593902
6775_croplands,0.5555559,0.44444415
2047_rwanda-ceo,0.55553406,0.44446594
14157_croplands,0.46667293,0.53332704
16792_geowiki-landcover-2017,0.65435433,0.3456457
25121_geowiki-landcover-2017,0.57006925,0.4299307
870_kenya-non-crop,0.6302409,0.36975908
2545_rwanda-ceo,0.6543716,0.34562838
2833_geowiki-landcover-2017,0.46665803,0.53334194
3950_central-asia,0.3939499,0.60605013
1076_ile-de-france,0.3939498,0.60605013
11094_geowiki-landcover-2017,0.569713,0.430287
2533_germany,0.39394993,0.6060501
3200_ile-de-france,0.3939499,0.60605013
957_martinique-france,0.56995964,0.43004033
277_kenya,0.55553097,0.44446898
2225_ile-de-france,0.46990392,0.53009605
24633_geowiki-landcover-2017,0.4814608,0.5185392
85_ethiopia,0.55873185,0.44126815
17412_geowiki-landcover-2017,0.6572832,0.34271678
4706_canada,0.4666667,0.53333324
928_kenya-non-crop,0.630241,0.36975908
1344_tanzania-ceo,0.72080207,0.2791979
2617_rwanda-ceo,0.65435505,0.34564492
1083_germany,0.3939499,0.60605013
2410_rwanda-ceo,0.6543755,0.34562457
30656_geowiki-landcover-2017,0.46990582,0.5300942
5344_geowiki-landcover-2017,0.48146084,0.51853913
1563_central-asia,0.3939499,0.60605013
383_tanzania-ceo,0.7207991,0.2792009
26538_geowiki-landcover-2017,0.5555304,0.4444696
9366_geowiki-landcover-2017,0.48146084,0.51853913
1050_geowiki-landcover-2017,0.5590738,0.44092622
7582_canada,0.466675,0.533325
4378_central-asia,0.3939499,0.60605013
10047_geowiki-landcover-2017,0.49920708,0.5007929
4872_geowiki-landcover-2017,0.5699461,0.4300539
15752_geowiki-landcover-2017,0.5555304,0.44446963
2857_ile-de-france,0.3939501,0.6060499
2943_geowiki-landcover-2017,0.46667245,0.5333275
1115_mali-helmets-labelling-crops,0.46667174,0.53332824
4427_ile-de-france,0.3939499,0.60605013
459_rwanda-ceo,0.63024104,0.369759
34829_geowiki-landcover-2017,0.4666729,0.5333271
3220_geowiki-landcover-2017,0.46667367,0.5333263
22789_geowiki-landcover-2017,0.49611655,0.5038835
12977_geowiki-landcover-2017,0.6302409,0.36975908
21509_geowiki-landcover-2017,0.5731283,0.42687172
2317_geowiki-landcover-2017,0.5699595,0.43004048
6832_geowiki-landcover-2017,0.4666732,0.5333268
5456_ile-de-france,0.3939499,0.60605013
20494_geowiki-landcover-2017,0.48146114,0.51853883
2405_martinique-france,0.4666803,0.5333197
12615_croplands,0.5699596,0.4300404
1380_rwanda-ceo,0.6302411,0.3697589
1822_tanzania-ceo,0.63021225,0.36978778
17890_geowiki-landcover-2017,0.4666817,0.53331834
5212_central-asia,0.3939499,0.60605013
920_rwanda-ceo,0.55553055,0.44446942
1411_geowiki-landcover-2017,0.630235,0.36976498
612_canada,0.39394993,0.6060501
3665_canada,0.39502624,0.60497373
2937_ile-de-france,0.39395046,0.60604954
18020_geowiki-landcover-2017,0.4666759,0.5333241
2106_geowiki-landcover-2017,0.56995976,0.43004024
1741_martinique-france,0.56995994,0.43004006
252_sudan,0.54400617,0.45599386
911_central-asia,0.3939498,0.60605013
4127_geowiki-landcover-2017,0.6543549,0.3456452
720_mali-helmets-labelling-crops,0.466672,0.533328
1181_ile-de-france,0.39395,0.6060501
6745_canada,0.39395007,0.60604995
408_kenya-non-crop,0.65434515,0.34565488
3555_geowiki-landcover-2017,0.46667287,0.5333271
1046_ile-de-france,0.48146075,0.51853925
7177_geowiki-landcover-2017,0.39395344,0.60604656
30196_geowiki-landcover-2017,0.48146096,0.5185391
2747_rwanda-ceo,0.6299198,0.3700802
12608_geowiki-landcover-2017,0.39406878,0.6059313
762_rwanda-ceo,0.5555306,0.44446942
35789_geowiki-landcover-2017,0.3939503,0.6060497
277_kenya-non-crop,0.63023907,0.3697609
1555_reunion-france,0.5549677,0.44503224
32386_geowiki-landcover-2017,0.46667308,0.533327
789_martinique-france,0.56995994,0.43004006
2062_ile-de-france,0.39394993,0.6060501
14747_croplands,0.64379025,0.35620975
24_tanzania-ceo,0.46691182,0.5330882
10868_geowiki-landcover-2017,0.48145998,0.51853997
26714_geowiki-landcover-2017,0.49611387,0.50388616
1028_mali-helmets-labelling-crops,0.5440601,0.45593995
2942_croplands,0.55553156,0.4444684
34208_geowiki-landcover-2017,0.39395,0.6060501
406_tanzania-ceo,0.630241,0.369759
73_tanzania,0.5555303,0.4444697
13417_geowiki-landcover-2017,0.4814608,0.51853913
340_lem-brazil,0.54406285,0.45593715
4167_ile-de-france,0.49611354,0.50388646
25936_geowiki-landcover-2017,0.4961129,0.50388706
399_tanzania-rice-ecaas,0.6302395,0.3697605
1120_germany,0.39395007,0.6060499
2677_central-asia,0.39395,0.60604995
35122_geowiki-landcover-2017,0.4961137,0.5038863
19265_geowiki-landcover-2017,0.39395645,0.6060436
4030_central-asia,0.39395,0.6060501
1397_kenya-non-crop,0.6438001,0.35619998
1739_ile-de-france,0.3939499,0.60605013
18697_geowiki-landcover-2017,0.55553097,0.44446898
16465_geowiki-landcover-2017,0.65435433,0.34564567
2310_reunion-france,0.654352,0.34564805
9416_croplands,0.46667302,0.533327
827_croplands,0.48145998,0.51854
1113_mali-helmets-labelling-crops,0.46667206,0.533328
34616_geowiki-landcover-2017,0.4666726,0.53332746
26086_geowiki-landcover-2017,0.5699599,0.43004015
2011_tanzania-ceo,0.6302405,0.3697595
6913_canada,0.46667275,0.5333272
465_kenya-non-crop,0.55873406,0.44126594
13059_geowiki-landcover-2017,0.63024104,0.3697589
23544_geowiki-landcover-2017,0.5440612,0.45593885
1997_canada,0.46667287,0.5333271
6177_ile-de-france,0.39395058,0.6060495
4305_canada,0.39395022,0.6060498
309_mali-helmets-labelling-crops,0.46667206,0.53332794
18264_geowiki-landcover-2017,0.49611375,0.5038862
724_central-asia,0.3939498,0.6060502
11578_croplands,0.54406285,0.45593718
1143_central-asia,0.3939499,0.60605013
2217_canada,0.39395094,0.6060491
10848_croplands,0.5555297,0.4444703
2157_germany,0.3939499,0.60605013
73_mali-helmets-labelling-crops,0.46667218,0.5333278
4463_geowiki-landcover-2017,0.54406124,0.45593882
2108_canada,0.3939514,0.60604864
1997_germany,0.39394993,0.6060501
1147_rwanda-ceo,0.6543522,0.34564784
18187_geowiki-landcover-2017,0.46667317,0.5333268
280_ile-de-france,0.39394993,0.6060501
1348_reunion-france,0.5731387,0.42686135
12172_geowiki-landcover-2017,0.48146114,0.51853883
4_kenya-non-crop,0.6543539,0.34564608
34260_geowiki-landcover-2017,0.6725518,0.32744825
409_ile-de-france,0.39394993,0.6060501
19609_geowiki-landcover-2017,0.48145747,0.5185425
521_geowiki-landcover-2017,0.630241,0.369759
3509_rwanda-ceo,0.72079587,0.27920407
28807_geowiki-landcover-2017,0.5440612,0.45593882
25706_geowiki-landcover-2017,0.496114,0.503886
1242_togo,0.4666728,0.5333272
10113_geowiki-landcover-2017,0.6437998,0.35620028
33721_geowiki-landcover-2017,0.4666727,0.5333273
941_martinique-france,0.56995964,0.43004033
3255_ile-de-france,0.3939499,0.60605013
1090_central-asia,0.3939499,0.60605013
5674_geowiki-landcover-2017,0.39395,0.60604995
1466_rwanda-ceo,0.654355,0.345645
482_tanzania-rice-ecaas,0.7208013,0.27919874
134_geowiki-landcover-2017,0.65435416,0.34564587
2418_rwanda-ceo,0.6302408,0.36975923
2088_ile-de-france,0.3939499,0.60605013
13698_croplands,0.46667287,0.5333271
15538_geowiki-landcover-2017,0.54406124,0.45593873
9841_croplands,0.56996006,0.43003997
1818_canada,0.3939503,0.6060497
4708_croplands,0.55552745,0.44447258
4464_croplands,0.4666719,0.53332806
171_canada,0.46667287,0.5333271
6585_geowiki-landcover-2017,0.6437987,0.35620132
104_mali,0.46667254,0.53332746
16248_geowiki-landcover-2017,0.48146063,0.51853937
32086_geowiki-landcover-2017,0.4666726,0.5333274
10_togo,0.46668008,0.5333199
32651_geowiki-landcover-2017,0.46667293,0.53332704
7327_geowiki-landcover-2017,0.39395022,0.6060498
32_tanzania,0.5555303,0.44446972
34067_geowiki-landcover-2017,0.46667403,0.53332597
2317_reunion-france,0.65431464,0.34568533
31633_geowiki-landcover-2017,0.4666728,0.5333272
544_martinique-france,0.56996006,0.4300399
3143_rwanda-ceo,0.5555347,0.44446525
1859_geowiki-landcover-2017,0.46667486,0.53332514
25626_geowiki-landcover-2017,0.39395064,0.60604936
30418_geowiki-landcover-2017,0.49611354,0.50388646
396_kenya-non-crop,0.5555217,0.44447827
10591_geowiki-landcover-2017,0.4699051,0.5300949
2248_croplands,0.5440615,0.4559385
28133_geowiki-landcover-2017,0.5440568,0.4559432
613_togo,0.4666736,0.5333263
8231_geowiki-landcover-2017,0.64379907,0.35620087
861_central-asia,0.3939499,0.60605013
1392_mali-helmets-labelling-crops,0.54405844,0.45594156
4299_ile-de-france,0.39395016,0.6060498
1103_tanzania-ceo,0.5555307,0.44446933
2084_martinique-france,0.5699596,0.4300404
38_mali,0.4666716,0.53332835
3038_rwanda-ceo,0.63024086,0.36975914
2418_reunion-france,0.6437995,0.3562005
5755_canada,0.39395002,0.60604995
3126_canada,0.46667287,0.53332716
968_togo,0.46667328,0.5333267
2080_geowiki-landcover-2017,0.65429115,0.34570885
1278_ile-de-france,0.3939498,0.60605013
2378_germany,0.3939499,0.6060501
5835_canada,0.3939499,0.60605013
27797_geowiki-landcover-2017,0.46667314,0.53332686
1843_martinique-france,0.5555312,0.44446883
30168_geowiki-landcover-2017,0.5731177,0.42688227
6902_croplands,0.55555546,0.44444454
24202_geowiki-landcover-2017,0.65435404,0.34564596
942_ile-de-france,0.4961136,0.5038864
1005_mali-helmets-labelling-crops,0.4666755,0.53332454
33217_geowiki-landcover-2017,0.3939503,0.6060497
2787_rwanda-ceo,0.55553013,0.4444699
1603_kenya-non-crop,0.6302265,0.36977357
4242_geowiki-landcover-2017,0.49611366,0.50388634
27034_geowiki-landcover-2017,0.5699602,0.43003985
7504_geowiki-landcover-2017,0.39395007,0.60604995
1357_croplands,0.46667275,0.5333273
7885_geowiki-landcover-2017,0.3939499,0.6060501
649_ile-de-france,0.3939499,0.60605013
919_tanzania-ceo,0.63024104,0.3697589
2745_canada,0.39395,0.60605
208_central-asia,0.3939499,0.60605013
96_sudan,0.46667266,0.53332734
2207_rwanda-ceo,0.5555408,0.4444592
29087_geowiki-landcover-2017,0.3939499,0.60605013
5928_ile-de-france,0.39395,0.60604995
2197_croplands,0.5555305,0.44446948
32382_geowiki-landcover-2017,0.39395007,0.60604995
4720_canada,0.39395007,0.6060499
26546_geowiki-landcover-2017,0.5440612,0.45593882
538_croplands,0.46990463,0.53009534
2009_tanzania-ceo,0.6543542,0.34564576
26402_geowiki-landcover-2017,0.5699588,0.43004122
364_tanzania,0.6302409,0.36975908
19013_geowiki-landcover-2017,0.5555252,0.44447482
9214_croplands,0.4666729,0.5333271
4688_central-asia,0.39395,0.60605
3344_geowiki-landcover-2017,0.4666719,0.53332806
11_tanzania-ceo,0.63024104,0.36975893
2207_canada,0.4666729,0.5333271
1322_rwanda-ceo,0.5555389,0.44446114
22976_geowiki-landcover-2017,0.5699586,0.4300413
812_croplands,0.39395022,0.6060498
15589_geowiki-landcover-2017,0.5440609,0.45593908
1688_canada,0.4666724,0.5333276
690_tanzania-ceo,0.5440733,0.45592675
1701_kenya-non-crop,0.630241,0.369759
4002_central-asia,0.3939499,0.60605013
2700_canada,0.54406124,0.45593876
6832_croplands,0.5555306,0.44446942
706_germany,0.39395368,0.6060463
1426_geowiki-landcover-2017,0.466673,0.53332704
2303_martinique-france,0.6543542,0.34564576
1584_canada,0.4699031,0.53009695
2294_reunion-france,0.6034561,0.3965439
1080_central-asia,0.3939499,0.60605013
23708_geowiki-landcover-2017,0.56995773,0.43004233
6959_croplands,0.6302394,0.36976054
1218_canada,0.46667275,0.5333273
1360_canada,0.46667287,0.5333271
44_rwanda-ceo,0.72080183,0.27919823
25744_geowiki-landcover-2017,0.46667308,0.53332686
5984_ile-de-france,0.3939499,0.60605013
23225_geowiki-landcover-2017,0.39395088,0.6060491
10024_croplands,0.5555305,0.44446954
1017_geowiki-landcover-2017,0.7208022,0.27919784
2682_reunion-france,0.46667504,0.533325
22334_geowiki-landcover-2017,0.544061,0.45593897
7453_canada,0.5440612,0.45593882
6680_canada,0.39395,0.6060501
2004_ile-de-france,0.3939499,0.60605013
31218_geowiki-landcover-2017,0.64379954,0.3562004
4760_ile-de-france,0.3939499,0.60605013
4426_geowiki-landcover-2017,0.58442837,0.41557157
3705_central-asia,0.3939499,0.60605013
3486_rwanda-ceo,0.72078,0.27921999
12494_geowiki-landcover-2017,0.4814609,0.5185391
29845_geowiki-landcover-2017,0.65435505,0.34564495
1590_central-asia,0.3939499,0.60605013
448_croplands,0.4666729,0.5333271
30748_geowiki-landcover-2017,0.5699593,0.43004072
2509_germany,0.46990398,0.530096
1328_rwanda-ceo,0.5555306,0.44446942
2524_ile-de-france,0.3939499,0.60605013
7816_canada,0.39395,0.60605
1949_rwanda-ceo,0.5555311,0.44446898
4396_geowiki-landcover-2017,0.46667436,0.5333256
150_central-asia,0.3939499,0.60605013
1409_martinique-france,0.46667284,0.53332716
3886_ile-de-france,0.3939499,0.60605013
530_rwanda-ceo,0.63025045,0.3697496
3_mali,0.46667176,0.53332824
3614_geowiki-landcover-2017,0.4666721,0.53332794
2802_canada,0.39395,0.60604995
2232_martinique-france,0.5555305,0.4444695
17914_geowiki-landcover-2017,0.5555305,0.44446948
25320_geowiki-landcover-2017,0.4961195,0.5038805
906_martinique-france,0.5699599,0.43004012
12465_croplands,0.4666735,0.53332657
28804_geowiki-landcover-2017,0.46667287,0.5333271
3320_geowiki-landcover-2017,0.5699642,0.43003583
2872_ile-de-france,0.3939499,0.6060501
191_canada,0.4666732,0.5333268
30943_geowiki-landcover-2017,0.4666486,0.53335136
1629_ile-de-france,0.3939499,0.60605013
4434_ile-de-france,0.46990404,0.53009593
28547_geowiki-landcover-2017,0.54406106,0.45593894
2373_tanzania-ceo,0.6302412,0.3697588
4631_ile-de-france,0.3939499,0.60605013
22277_geowiki-landcover-2017,0.6572835,0.34271657
374_germany,0.3939501,0.6060499
10788_geowiki-landcover-2017,0.6438001,0.35619992
450_reunion-france,0.55553055,0.44446948
473_ethiopia,0.5555299,0.44447014
1022_ile-de-france,0.39394993,0.6060501
9239_croplands,0.54406124,0.45593882
10_kenya,0.6302368,0.36976326
919_ile-de-france,0.39395085,0.6060491
2047_germany,0.3940006,0.60599935
29228_geowiki-landcover-2017,0.39395,0.60604995
620_kenya-non-crop,0.55553454,0.44446552
10701_geowiki-landcover-2017,0.65435284,0.34564713
10532_geowiki-landcover-2017,0.5555305,0.4444695
2772_canada,0.46990407,0.53009593
59_tanzania-ceo,0.7208019,0.2791981
1039_canada,0.46667284,0.53332716
1231_togo,0.54406106,0.4559389
1787_geowiki-landcover-2017,0.54406166,0.45593837
6861_canada,0.39398903,0.606011
2647_kenya-non-crop,0.6543549,0.3456452
5171_canada,0.46990404,0.53009593
6676_geowiki-landcover-2017,0.56995964,0.4300404
416_ile-de-france,0.3939499,0.60605013
1605_geowiki-landcover-2017,0.6438001,0.35619998
1326_germany,0.3939499,0.60605013
2305_kenya-non-crop,0.46667328,0.53332675
704_tanzania-ceo,0.7208017,0.27919832
1011_ile-de-france,0.3939499,0.60605013
20772_geowiki-landcover-2017,0.58443415,0.41556588
32383_geowiki-landcover-2017,0.4814607,0.5185393
133_mali-helmets-labelling-crops,0.46667236,0.53332764
804_martinique-france,0.65435433,0.34564567
8455_geowiki-landcover-2017,0.4666728,0.5333272
234_central-asia,0.39395034,0.6060496
1244_togo,0.46667314,0.53332686
22589_geowiki-landcover-2017,0.5844339,0.4155661
9435_croplands,0.46667308,0.53332686
1123_ile-de-france,0.39395085,0.6060492
2739_ile-de-france,0.39395,0.60605
2753_geowiki-landcover-2017,0.46667174,0.53332824
289_geowiki-landcover-2017,0.63024104,0.3697589
3569_central-asia,0.3939499,0.60605013
4339_croplands,0.46667275,0.5333273
940_tanzania-ceo,0.630241,0.369759
2544_germany,0.39395,0.6060501
9371_croplands,0.46667293,0.53332704
985_mali-helmets-labelling-crops,0.4666749,0.5333251
2550_central-asia,0.39395,0.6060501
20233_geowiki-landcover-2017,0.46990445,0.5300955
1491_kenya-non-crop,0.63024074,0.3697593
32033_geowiki-landcover-2017,0.49611348,0.5038865
23461_geowiki-landcover-2017,0.5440698,0.4559302
2191_central-asia,0.3939499,0.6060501
365_mali-helmets-labelling-crops,0.4666726,0.5333274
605_ethiopia,0.6302411,0.3697589
1132_ile-de-france,0.39395043,0.60604954
67_mali,0.5440584,0.4559416
3898_central-asia,0.39395,0.6060501
1953_ile-de-france,0.3939499,0.60605013
35458_geowiki-landcover-2017,0.46667287,0.53332716
46_tanzania-ceo,0.6302409,0.36975908
5932_canada,0.46990487,0.5300951
893_martinique-france,0.5699597,0.4300403
7776_geowiki-landcover-2017,0.5440609,0.45593908
780_lem-brazil,0.4666836,0.53331643
31026_geowiki-landcover-2017,0.54406124,0.45593882
3573_ile-de-france,0.39395007,0.60604995
1366_reunion-france,0.5743922,0.4256078
1801_rwanda-ceo,0.5555435,0.44445652
170_germany,0.3939499,0.60605013
1414_tanzania-ceo,0.6543528,0.34564725
13917_geowiki-landcover-2017,0.4699041,0.5300959
1517_croplands,0.46990377,0.5300962
28788_geowiki-landcover-2017,0.6302408,0.3697592
6137_canada,0.42810145,0.5718986
8464_geowiki-landcover-2017,0.6543542,0.34564582
12455_geowiki-landcover-2017,0.5555304,0.44446957
4461_canada,0.39398623,0.60601383
9007_geowiki-landcover-2017,0.72080195,0.27919808
21587_geowiki-landcover-2017,0.39395857,0.6060414
25325_geowiki-landcover-2017,0.46990407,0.53009593
28279_geowiki-landcover-2017,0.4666728,0.5333272
420_ile-de-france,0.3939499,0.60605013
23921_geowiki-landcover-2017,0.39395103,0.606049
10736_geowiki-landcover-2017,0.6302397,0.36976025
12445_geowiki-landcover-2017,0.6438001,0.3561999
30912_geowiki-landcover-2017,0.48146358,0.51853645
3638_geowiki-landcover-2017,0.4666728,0.5333272
809_rwanda-ceo,0.63021964,0.3697804
16346_geowiki-landcover-2017,0.56995964,0.43004033
5995_ile-de-france,0.46990293,0.53009707
129_geowiki-landcover-2017,0.64379936,0.35620067
4574_canada,0.39395,0.6060501
1146_rwanda-ceo,0.63024104,0.3697589
9995_geowiki-landcover-2017,0.46667266,0.5333273
4028_central-asia,0.39395025,0.6060497
1018_ile-de-france,0.3940807,0.6059193
13443_geowiki-landcover-2017,0.466673,0.53332704
2532_geowiki-landcover-2017,0.6437918,0.35620826
702_togo,0.46667293,0.53332704
1047_mali-helmets-labelling-crops,0.46667212,0.53332794
6178_ile-de-france,0.39395234,0.6060477
326_mali-helmets-labelling-crops,0.466672,0.533328
18335_geowiki-landcover-2017,0.5699594,0.43004054
1285_kenya-non-crop,0.630241,0.369759
2115_geowiki-landcover-2017,0.6437993,0.35620067
32223_geowiki-landcover-2017,0.46990427,0.53009576
34572_geowiki-landcover-2017,0.4699034,0.5300966
7429_geowiki-landcover-2017,0.39395803,0.6060419
18203_geowiki-landcover-2017,0.46667325,0.53332675
4628_croplands,0.5440536,0.45594642
5793_geowiki-landcover-2017,0.48145935,0.5185407
4921_central-asia,0.39394993,0.6060501
1744_central-asia,0.3939499,0.60605013
3265_canada,0.466673,0.53332704
5886_geowiki-landcover-2017,0.64379406,0.3562059
2432_reunion-france,0.72079873,0.27920127
1596_reunion-france,0.46667337,0.5333266
3672_central-asia,0.3939499,0.60605013
7664_canada,0.3939834,0.60601664
15732_geowiki-landcover-2017,0.46667284,0.53332716
1261_central-asia,0.3939499,0.60605013
25_mali,0.4666719,0.53332806
15832_geowiki-landcover-2017,0.4961137,0.50388634
33590_geowiki-landcover-2017,0.5440225,0.45597753
15901_geowiki-landcover-2017,0.48146164,0.51853836
5349_geowiki-landcover-2017,0.5555304,0.44446963
2676_kenya-non-crop,0.630241,0.369759
1067_germany,0.39395,0.6060501
152_togo,0.46667314,0.5333268
15920_geowiki-landcover-2017,0.469904,0.530096
512_kenya-non-crop,0.630241,0.369759
2371_ile-de-france,0.3939499,0.60605013
152_central-asia,0.3939499,0.60605013
477_central-asia,0.3939499,0.60605013
253_geowiki-landcover-2017,0.46667293,0.53332704
13005_geowiki-landcover-2017,0.46667287,0.5333271
1567_kenya-non-crop,0.5440613,0.45593873
13735_geowiki-landcover-2017,0.5699597,0.43004027
35703_geowiki-landcover-2017,0.39395067,0.60604936
14008_geowiki-landcover-2017,0.5555305,0.44446948
1189_rwanda-ceo,0.72080195,0.2791981
809_kenya-non-crop,0.6302397,0.36976025
21558_geowiki-landcover-2017,0.58443445,0.41556555
921_martinique-france,0.65435416,0.34564587
4988_central-asia,0.3939499,0.6060501
2005_germany,0.46990398,0.53009605
1302_central-asia,0.3939499,0.60605013
97_tanzania-rice-ecaas,0.6302396,0.3697604
2233_ile-de-france,0.39395,0.6060501
334_kenya-non-crop,0.63024217,0.36975786
2237_rwanda-ceo,0.65435594,0.34564403
1304_germany,0.3939499,0.60605013
597_tanzania-rice-ecaas,0.6302343,0.3697657
678_togo,0.544061,0.45593897
31612_geowiki-landcover-2017,0.46667302,0.53332704
935_reunion-france,0.6302133,0.36978674
4682_croplands,0.46667108,0.53332895
295_canada,0.39395,0.60605
4090_ile-de-france,0.46990398,0.53009605
35117_geowiki-landcover-2017,0.39394993,0.6060501
26920_geowiki-landcover-2017,0.3939501,0.6060499
1341_mali-helmets-labelling-crops,0.46667063,0.53332937
29815_geowiki-landcover-2017,0.46667328,0.53332675
5147_ile-de-france,0.3939499,0.6060501
2539_canada,0.46667287,0.53332716
19087_geowiki-landcover-2017,0.5555356,0.4444644
374_reunion-france,0.56995916,0.43004078
671_geowiki-landcover-2017,0.6302524,0.36974755
6780_canada,0.39395,0.6060501
9177_croplands,0.54405993,0.45594
5807_croplands,0.54406047,0.45593953
6383_canada,0.3939498,0.6060502
3663_central-asia,0.3939499,0.60605013
2903_central-asia,0.39394993,0.6060501
883_rwanda-ceo,0.6302408,0.3697592
1852_geowiki-landcover-2017,0.5699597,0.4300403
1156_togo,0.46667293,0.53332704
26392_geowiki-landcover-2017,0.46637872,0.53362125
23201_geowiki-landcover-2017,0.5555304,0.44446957
10028_croplands,0.5555303,0.44446966
2985_central-asia,0.39395,0.60604995
15523_geowiki-landcover-2017,0.5440607,0.45593923
4002_ile-de-france,0.3939499,0.60605013
3529_central-asia,0.3939498,0.60605013
16_kenya,0.5555306,0.44446936
875_geowiki-landcover-2017,0.630241,0.36975908
469_central-asia,0.39394993,0.6060501
71_togo,0.56995964,0.43004033
5592_ile-de-france,0.39395,0.6060501
503_tanzania-rice-ecaas,0.6302367,0.36976326
3063_central-asia,0.3939499,0.60605013
31381_geowiki-landcover-2017,0.46667096,0.53332907
1901_germany,0.3939556,0.60604435
3995_canada,0.39395,0.6060501
896_central-asia,0.39395,0.6060501
5296_geowiki-landcover-2017,0.544061,0.455939
1499_central-asia,0.3939499,0.60605013
3547_geowiki-landcover-2017,0.46667132,0.5333287
2742_canada,0.39395007,0.60604995
29_canada,0.46667415,0.53332585
31717_geowiki-landcover-2017,0.48188382,0.5181161
808_reunion-france,0.5587344,0.44126558
3798_central-asia,0.39394993,0.6060501
1683_tanzania-ceo,0.6302405,0.3697595
31031_geowiki-landcover-2017,0.46990436,0.53009564
3759_central-asia,0.3939499,0.60605013
323_ile-de-france,0.3939499,0.6060501
286_rwanda-ceo,0.7208018,0.27919823
132_mali-non-crop,0.54406095,0.45593902
233_lem-brazil,0.6302397,0.3697603
2910_geowiki-landcover-2017,0.4666725,0.5333275
7648_geowiki-landcover-2017,0.39395243,0.6060475
33169_geowiki-landcover-2017,0.4680283,0.5319717
10140_croplands,0.5555298,0.44447023
248_kenya-non-crop,0.58444184,0.41555816
4343_canada,0.4666728,0.5333272
2089_rwanda-ceo,0.72080153,0.2791985
2211_germany,0.3939499,0.6060501
1740_rwanda-ceo,0.63024104,0.3697589
5150_ile-de-france,0.3939499,0.60605013
1077_central-asia,0.3939499,0.60605013
18896_geowiki-landcover-2017,0.48146087,0.51853913
1396_kenya-non-crop,0.630241,0.369759
15088_geowiki-landcover-2017,0.5555076,0.44449237
1372_geowiki-landcover-2017,0.63024086,0.3697591
12060_geowiki-landcover-2017,0.57313436,0.4268656
10839_croplands,0.46667328,0.53332675
30539_geowiki-landcover-2017,0.4666727,0.5333273
3556_ile-de-france,0.39395028,0.6060497
25215_geowiki-landcover-2017,0.54406106,0.45593894
7041_geowiki-landcover-2017,0.63024104,0.369759
103_croplands,0.46667293,0.53332704
903_mali-helmets-labelling-crops,0.54405975,0.45594028
347_rwanda-ceo,0.6299198,0.3700802
14226_geowiki-landcover-2017,0.4666729,0.5333271
15373_geowiki-landcover-2017,0.56995964,0.4300404
2534_rwanda-ceo,0.63024104,0.369759
8515_geowiki-landcover-2017,0.5440721,0.45592794
807_martinique-france,0.5555311,0.4444689
959_mali-helmets-labelling-crops,0.46667206,0.533328
30178_geowiki-landcover-2017,0.4961137,0.50388634
4063_geowiki-landcover-2017,0.54405934,0.45594072
433_geowiki-landcover-2017,0.65435433,0.34564567
6665_croplands,0.6302403,0.36975968
741_rwanda-ceo,0.63024116,0.3697589
119_central-asia,0.3939499,0.60605013
91_ethiopia,0.55873114,0.44126886
904_croplands,0.55873245,0.44126758
1195_ile-de-france,0.39395016,0.60604984
33754_geowiki-landcover-2017,0.46666962,0.5333303
2492_geowiki-landcover-2017,0.55548805,0.44451195
1286_geowiki-landcover-2017,0.630235,0.36976498
10967_geowiki-landcover-2017,0.5699597,0.4300403
30846_geowiki-landcover-2017,0.39395022,0.6060498
1270_central-asia,0.3939499,0.60605013
2452_ile-de-france,0.39395,0.6060501
2944_geowiki-landcover-2017,0.4666724,0.53332764
4240_ile-de-france,0.39394984,0.60605013
652_geowiki-landcover-2017,0.630241,0.369759
49_ile-de-france,0.3939499,0.60605013
30791_geowiki-landcover-2017,0.46991244,0.53008753
527_ethiopia,0.4814647,0.51853526
33346_geowiki-landcover-2017,0.46990302,0.530097
1543_geowiki-landcover-2017,0.7207961,0.27920383
1893_germany,0.3939499,0.60605013
2553_central-asia,0.39395,0.6060501
15981_geowiki-landcover-2017,0.48146096,0.5185391
53_kenya,0.5555303,0.44446966
2081_tanzania-ceo,0.5699599,0.4300401
57_uganda,0.5555304,0.44446963
4549_geowiki-landcover-2017,0.5555305,0.44446948
24962_geowiki-landcover-2017,0.5844346,0.4155654
754_central-asia,0.3939499,0.60605013
10043_geowiki-landcover-2017,0.496114,0.503886
14164_geowiki-landcover-2017,0.39395002,0.60604995
397_rwanda-ceo,0.63024104,0.369759
795_ile-de-france,0.393954,0.60604596
684_ile-de-france,0.39394993,0.6060501
107_kenya-non-crop,0.555532,0.44446805
728_rwanda-ceo,0.6543545,0.34564552
4777_geowiki-landcover-2017,0.5440612,0.45593885
3569_ile-de-france,0.3939499,0.6060501
9458_geowiki-landcover-2017,0.63023424,0.3697658
14437_geowiki-landcover-2017,0.5555234,0.4444766
7288_canada,0.39395,0.60604995
26499_geowiki-landcover-2017,0.49615034,0.5038496
1478_ile-de-france,0.39395025,0.6060497
11380_geowiki-landcover-2017,0.6437996,0.35620037
22346_geowiki-landcover-2017,0.6543536,0.34564632
21799_geowiki-landcover-2017,0.5555303,0.4444697
895_kenya-non-crop,0.5555304,0.4444696
2420_rwanda-ceo,0.6302409,0.36975908
1933_germany,0.46990368,0.53009635
240_sudan,0.6302409,0.36975908
16040_geowiki-landcover-2017,0.3939499,0.60605013
1828_germany,0.39395148,0.6060486
12688_geowiki-landcover-2017,0.4699129,0.5300871
25442_geowiki-landcover-2017,0.54406095,0.45593908
31071_geowiki-landcover-2017,0.4666719,0.5333281
1966_kenya-non-crop,0.46667302,0.53332704
2038_tanzania-ceo,0.72080183,0.27919823
2235_rwanda-ceo,0.630241,0.36975908
2644_central-asia,0.3939499,0.60605013
503_tanzania-ceo,0.5440608,0.4559392
17705_geowiki-landcover-2017,0.5440597,0.45594034
1339_reunion-france,0.64380056,0.35619944
7350_canada,0.3939499,0.60605013
1804_canada,0.46667287,0.5333271
5370_canada,0.4666728,0.5333272
25991_geowiki-landcover-2017,0.49611267,0.50388736
7259_geowiki-landcover-2017,0.3939499,0.60605013
7463_canada,0.39395025,0.6060498
28860_geowiki-landcover-2017,0.39395002,0.60604995
13693_croplands,0.466673,0.53332704
6977_geowiki-landcover-2017,0.46667287,0.5333271
5209_canada,0.46667224,0.53332776
454_central-asia,0.3939498,0.60605013
2469_ile-de-france,0.3939499,0.60605013
1200_togo,0.56996274,0.43003726
2532_germany,0.39395025,0.6060497
2675_ile-de-france,0.3939499,0.60605013
2132_tanzania-ceo,0.54406005,0.45594
796_germany,0.4699035,0.5300965
5043_canada,0.39395,0.6060501
2516_kenya-non-crop,0.6543026,0.34569737
878_ile-de-france,0.3939499,0.60605013
1915_kenya-non-crop,0.72080225,0.27919775
4626_canada,0.3939504,0.6060496
3243_ile-de-france,0.3939499,0.60605013
12569_geowiki-landcover-2017,0.5555304,0.44446957
19147_geowiki-landcover-2017,0.55553055,0.44446942
114_ethiopia,0.558732,0.44126803
24735_geowiki-landcover-2017,0.58443445,0.41556555
34199_geowiki-landcover-2017,0.4699043,0.53009576
10616_croplands,0.6302403,0.36975974
9457_croplands,0.5699593,0.43004075
12080_geowiki-landcover-2017,0.72079664,0.27920341
2565_geowiki-landcover-2017,0.4961224,0.50387764
2278_tanzania-ceo,0.63024104,0.369759
24939_geowiki-landcover-2017,0.544061,0.45593902
439_kenya-non-crop,0.65728515,0.34271485
22496_geowiki-landcover-2017,0.6302408,0.3697592
1924_germany,0.3939499,0.60605013
1536_tanzania-ceo,0.63024086,0.36975917
2555_rwanda-ceo,0.65435445,0.3456456
4687_geowiki-landcover-2017,0.584434,0.41556603
2342_martinique-france,0.5555305,0.44446954
1295_tanzania-ceo,0.63024104,0.3697589
1986_kenya-non-crop,0.46667302,0.533327
23464_geowiki-landcover-2017,0.55552673,0.44447324
2297_germany,0.3939502,0.6060498
189_togo,0.5440558,0.4559442
22128_geowiki-landcover-2017,0.63024104,0.36975893
81_geowiki-landcover-2017,0.65435404,0.345646
32587_geowiki-landcover-2017,0.46667305,0.533327
1585_germany,0.39978528,0.6002147
341_croplands,0.46668407,0.5333159
23782_geowiki-landcover-2017,0.39395016,0.60604984
232_ethiopia,0.54406047,0.45593956
1811_martinique-france,0.5699597,0.43004024
91_germany,0.39394993,0.6060501
14084_croplands,0.6302408,0.36975926
5951_canada,0.46668178,0.5333182
34627_geowiki-landcover-2017,0.54406124,0.45593882
4531_geowiki-landcover-2017,0.5440613,0.45593873
1275_mali-helmets-labelling-crops,0.46667057,0.5333295
13448_geowiki-landcover-2017,0.6543536,0.34564632
1421_geowiki-landcover-2017,0.5587321,0.4412679
5552_ile-de-france,0.3939499,0.60605013
708_mali-helmets-labelling-crops,0.4666726,0.53332746
4134_croplands,0.46667293,0.53332704
2341_germany,0.3939499,0.6060501
2848_central-asia,0.3939499,0.60605013
1373_germany,0.39395,0.60605
34608_geowiki-landcover-2017,0.46667293,0.53332704
3597_geowiki-landcover-2017,0.46667275,0.5333272
7956_canada,0.39395025,0.6060497
3777_central-asia,0.3939499,0.60605013
3834_geowiki-landcover-2017,0.39395,0.6060501
142_central-asia,0.3939499,0.60605013
6059_ile-de-france,0.39395103,0.60604894
1335_rwanda-ceo,0.720802,0.27919796
1340_croplands,0.46671858,0.5332814
11165_geowiki-landcover-2017,0.56910706,0.430893
1668_central-asia,0.3939499,0.60605013
31123_geowiki-landcover-2017,0.58444273,0.41555724
473_martinique-france,0.4666729,0.5333271
28303_geowiki-landcover-2017,0.46990415,0.5300959
30781_geowiki-landcover-2017,0.6437976,0.35620236
365_canada,0.3939499,0.60605013
448_central-asia,0.3939499,0.60605013
717_lem-brazil,0.63023394,0.369766
9282_geowiki-landcover-2017,0.6438001,0.3561999
4583_croplands,0.46667162,0.53332835
2273_ile-de-france,0.3939499,0.60605013
2588_rwanda-ceo,0.63024104,0.369759
176_tanzania,0.5555304,0.44446963
1753_canada,0.39395055,0.6060495
1585_reunion-france,0.527392,0.47260794
1142_mali-helmets-labelling-crops,0.4666718,0.53332824
739_tanzania-ceo,0.7208021,0.2791979
2381_central-asia,0.3939499,0.60605013
2539_rwanda-ceo,0.65435433,0.34564567
1567_canada,0.39395016,0.60604984
64_martinique-france,0.46667325,0.53332675
1182_canada,0.46667287,0.5333271
582_kenya-non-crop,0.55553097,0.44446898
5218_geowiki-landcover-2017,0.39395013,0.6060499
30135_geowiki-landcover-2017,0.3939506,0.60604936
30568_geowiki-landcover-2017,0.39395168,0.6060483
26168_geowiki-landcover-2017,0.6543545,0.34564552
5910_geowiki-landcover-2017,0.5844342,0.4155658
4476_geowiki-landcover-2017,0.5699371,0.43006292
6118_ile-de-france,0.3939499,0.60605013
5676_ile-de-france,0.39394984,0.60605013
731_croplands,0.630241,0.369759
2028_martinique-france,0.5555305,0.44446948
4251_canada,0.3939503,0.6060497
1942_germany,0.39395222,0.6060478
991_canada,0.39395,0.60604995
22393_geowiki-landcover-2017,0.5731365,0.42686346
481_central-asia,0.4961135,0.5038865
597_canada,0.4666729,0.5333271
253_martinique-france,0.6543542,0.34564582
23440_geowiki-landcover-2017,0.46990398,0.53009605
469_croplands,0.46667236,0.53332764
210_lem-brazil,0.63023674,0.36976326
31023_geowiki-landcover-2017,0.4699034,0.5300966
4826_geowiki-landcover-2017,0.5555306,0.44446936
236_ethiopia,0.5440609,0.45593908
18327_geowiki-landcover-2017,0.5587195,0.4412805
2272_kenya-non-crop,0.64379984,0.3562001
2117_central-asia,0.39395,0.6060501
1124_geowiki-landcover-2017,0.64380014,0.35619986
1608_rwanda-ceo,0.5555305,0.44446948
2550_canada,0.46667287,0.5333271
713_tanzania-ceo,0.6302408,0.3697592
1044_kenya-non-crop,0.6302408,0.36975926
32502_geowiki-landcover-2017,0.49611333,0.5038867
117_germany,0.39395007,0.60604995
13692_croplands,0.46667323,0.53332675
508_ile-de-france,0.39394993,0.6060501
229_tanzania,0.55553025,0.44446978
24789_geowiki-landcover-2017,0.584434,0.41556603
1088_germany,0.3939499,0.60605013
2124_canada,0.4961136,0.5038864
6941_canada,0.49612415,0.50387585
602_tanzania-ceo,0.72080183,0.27919814
1921_germany,0.39395016,0.60604984
740_rwanda-ceo,0.630241,0.369759
271_germany,0.39395007,0.6060499
1446_martinique-france,0.56995976,0.43004024
1832_tanzania-ceo,0.56995976,0.43004024
2829_rwanda-ceo,0.5555609,0.4444391
719_martinique-france,0.46667287,0.5333271
26040_geowiki-landcover-2017,0.5844341,0.4155659
35728_geowiki-landcover-2017,0.6437897,0.35621035
29592_geowiki-landcover-2017,0.56996554,0.43003446
948_kenya-non-crop,0.630241,0.36975908
17048_geowiki-landcover-2017,0.5699597,0.43004027
32_tanzania-rice-ecaas,0.6302409,0.36975908
19521_geowiki-landcover-2017,0.39395076,0.60604924
78_geowiki-landcover-2017,0.5440612,0.45593882
543_tanzania-rice-ecaas,0.63023937,0.36976066
396_lem-brazil,0.5554242,0.4445758
2706_central-asia,0.39395002,0.60604995
419_rwanda-ceo,0.63024026,0.36975974
1720_martinique-france,0.5699597,0.43004027
2802_ile-de-france,0.39395007,0.60604995
30073_geowiki-landcover-2017,0.46667212,0.5333278
3596_central-asia,0.3939499,0.60605013
20129_geowiki-landcover-2017,0.466673,0.53332704
6854_croplands,0.65309143,0.34690854
4433_ile-de-france,0.39394993,0.6060501
3591_ile-de-france,0.3939499,0.60605013
1099_central-asia,0.3939499,0.60605013
18793_geowiki-landcover-2017,0.5440606,0.45593938
315_ethiopia,0.58442396,0.41557604
567_tanzania-rice-ecaas,0.72080034,0.27919963
14979_geowiki-landcover-2017,0.54406124,0.45593882
785_tanzania-ceo,0.6437998,0.3562002
807_togo,0.5699595,0.43004054
1255_reunion-france,0.5700682,0.42993182
2937_rwanda-ceo,0.55873626,0.4412637
500_central-asia,0.3939499,0.60605013
31536_geowiki-landcover-2017,0.4961147,0.5038853
33562_geowiki-landcover-2017,0.3939502,0.6060498
613_central-asia,0.3939499,0.60605013
5181_central-asia,0.3939499,0.60605013
26964_geowiki-landcover-2017,0.48146087,0.51853913
904_geowiki-landcover-2017,0.630241,0.369759
35161_geowiki-landcover-2017,0.39395118,0.6060488
5046_geowiki-landcover-2017,0.63024104,0.3697589
2912_geowiki-landcover-2017,0.4666723,0.5333277
9051_geowiki-landcover-2017,0.46990407,0.53009593
86_germany,0.3939499,0.60605013
4767_canada,0.39395016,0.60604984
15227_geowiki-landcover-2017,0.5440612,0.45593888
2193_kenya-non-crop,0.46667668,0.53332335
3005_central-asia,0.3939499,0.60605013
1677_germany,0.3939516,0.6060484
4895_croplands,0.5440613,0.45593867
475_tanzania-ceo,0.5440611,0.45593888
18620_geowiki-landcover-2017,0.54405737,0.4559427
1418_germany,0.3939528,0.6060472
1620_rwanda-ceo,0.7208012,0.2791988
27761_geowiki-landcover-2017,0.5440612,0.45593882
22560_geowiki-landcover-2017,0.65435386,0.34564614
759_ile-de-france,0.3939499,0.60605013
1605_kenya-non-crop,0.630241,0.369759
24516_geowiki-landcover-2017,0.46667287,0.5333271
17581_geowiki-landcover-2017,0.46990427,0.53009576
10012_croplands,0.5555291,0.44447088
12846_geowiki-landcover-2017,0.5440406,0.4559594
12995_geowiki-landcover-2017,0.6302407,0.3697593
361_tanzania-rice-ecaas,0.5555307,0.4444693
31018_geowiki-landcover-2017,0.39395013,0.6060499
1694_ile-de-france,0.3939499,0.60605013
10058_croplands,0.5555304,0.4444696
23981_geowiki-landcover-2017,0.48146036,0.51853967
465_tanzania-ceo,0.63024086,0.3697591
568_ile-de-france,0.3939499,0.6060501
19863_geowiki-landcover-2017,0.3939498,0.6060502
874_geowiki-landcover-2017,0.46667293,0.53332704
19635_geowiki-landcover-2017,0.4666719,0.53332806
395_tanzania-rice-ecaas,0.6302407,0.3697593
2254_ile-de-france,0.39395,0.6060501
228_martinique-france,0.56996447,0.4300355
15000_geowiki-landcover-2017,0.5440616,0.4559384
973_rwanda-ceo,0.72080207,0.2791979
4919_ile-de-france,0.39494443,0.6050556
30559_geowiki-landcover-2017,0.46990392,0.53009605
392_canada,0.46665767,0.5333423
734_rwanda-ceo,0.5555296,0.44447038
1156_tanzania-ceo,0.630241,0.369759
1306_geowiki-landcover-2017,0.6302584,0.3697416
1135_kenya-non-crop,0.5555362,0.44446382
513_croplands,0.46667328,0.5333267
24326_geowiki-landcover-2017,0.54406106,0.45593894
527_croplands,0.48146132,0.51853865
2567_geowiki-landcover-2017,0.46667275,0.5333273
10633_croplands,0.63024086,0.36975914
17928_geowiki-landcover-2017,0.544062,0.45593795
496_canada,0.46667287,0.5333271
3668_croplands,0.6543639,0.34563613
2159_germany,0.3939499,0.60605013
5538_geowiki-landcover-2017,0.55873096,0.44126907
719_mali-helmets-labelling-crops,0.4666719,0.53332806
32630_geowiki-landcover-2017,0.46667302,0.53332704
34169_geowiki-landcover-2017,0.39403063,0.60596937
6345_geowiki-landcover-2017,0.5731331,0.42686686
3616_canada,0.393951,0.606049
1030_germany,0.3939499,0.60605013
2644_reunion-france,0.5555304,0.44446957
4083_canada,0.39395002,0.60604995
2692_canada,0.39395007,0.60604995
4900_central-asia,0.3939499,0.60605013
889_tanzania-ceo,0.6302408,0.36975923
32_kenya-non-crop,0.72080195,0.27919802
16_croplands,0.55873245,0.44126755
583_central-asia,0.3939499,0.60605013
1852_kenya-non-crop,0.6302403,0.36975965
1530_croplands,0.48146087,0.5185391
5174_geowiki-landcover-2017,0.4666746,0.5333254
27927_geowiki-landcover-2017,0.55552995,0.44447008
13253_geowiki-landcover-2017,0.6302407,0.3697593
10993_geowiki-landcover-2017,0.5844344,0.41556558
12200_geowiki-landcover-2017,0.5555304,0.44446957
7428_geowiki-landcover-2017,0.46990258,0.5300974
6505_canada,0.3939499,0.6060501
876_rwanda-ceo,0.7208006,0.27919945
151_rwanda-ceo,0.63024116,0.3697589
3442_central-asia,0.3939499,0.60605013
18817_geowiki-landcover-2017,0.46990383,0.5300961
5826_canada,0.39395,0.60605
669_geowiki-landcover-2017,0.630241,0.369759
690_geowiki-landcover-2017,0.63019186,0.36980814
2237_germany,0.39395124,0.60604876
11306_geowiki-landcover-2017,0.63024104,0.36975893
2087_germany,0.3939499,0.60605013
1327_rwanda-ceo,0.6302404,0.36975965
19838_geowiki-landcover-2017,0.5894674,0.41053256
5505_ile-de-france,0.39395002,0.60604995
25836_geowiki-landcover-2017,0.39536828,0.6046317
38_mali-non-crop,0.4666719,0.53332806
3151_rwanda-ceo,0.655869,0.34413102
1244_germany,0.39395,0.60605
18705_geowiki-landcover-2017,0.4699059,0.5300941
283_ile-de-france,0.39394993,0.6060501
14140_croplands,0.5555303,0.4444697
1250_reunion-france,0.5699637,0.43003628
4699_central-asia,0.39395007,0.60604995
3484_rwanda-ceo,0.72080135,0.27919862
1466_mali-helmets-labelling-crops,0.5440585,0.4559415
870_martinique-france,0.5699601,0.43003988
579_geowiki-landcover-2017,0.63024104,0.36975893
21776_geowiki-landcover-2017,0.5555303,0.44446972
3193_croplands,0.63024056,0.36975947
4278_ile-de-france,0.39395,0.60605
18536_geowiki-landcover-2017,0.46667287,0.5333271
790_central-asia,0.3939499,0.60605013
30245_geowiki-landcover-2017,0.46990404,0.53009593
7867_geowiki-landcover-2017,0.56996214,0.4300379
1309_rwanda-ceo,0.65435433,0.34564564
15849_geowiki-landcover-2017,0.55553114,0.44446886
2115_germany,0.3939498,0.60605013
26510_geowiki-landcover-2017,0.39396092,0.6060391
183_reunion-france,0.5587325,0.4412675
1500_tanzania-ceo,0.46667287,0.5333271
4625_central-asia,0.39395183,0.6060481
19016_geowiki-landcover-2017,0.49611378,0.5038862
7615_canada,0.39402094,0.605979
1040_mali-helmets-labelling-crops,0.46667212,0.53332794
4617_central-asia,0.4699014,0.5300986
11698_geowiki-landcover-2017,0.5439932,0.4560068
6140_canada,0.46990323,0.5300967
1772_martinique-france,0.5555304,0.44446957
9365_geowiki-landcover-2017,0.5587208,0.44127917
29234_geowiki-landcover-2017,0.46667212,0.5333278
1270_martinique-france,0.46667302,0.533327
22_martinique-france,0.5700217,0.42997834
13564_geowiki-landcover-2017,0.6543542,0.34564582
11629_croplands,0.544061,0.45593897
601_croplands,0.4666727,0.5333273
13164_geowiki-landcover-2017,0.5440614,0.45593858
2561_reunion-france,0.46667472,0.5333253
1667_central-asia,0.3939499,0.60605013
17704_geowiki-landcover-2017,0.5555304,0.44446957
189_kenya,0.63023955,0.36976045
1769_kenya-non-crop,0.630241,0.369759
24575_geowiki-landcover-2017,0.5554942,0.44450584
4279_canada,0.39395007,0.60604995
1512_central-asia,0.39394984,0.60605013
2364_kenya-non-crop,0.7208022,0.27919775
580_ile-de-france,0.39395,0.6060501
3477_canada,0.39394993,0.6060501
14747_geowiki-landcover-2017,0.6437984,0.35620165
35197_geowiki-landcover-2017,0.39395067,0.60604936
886_tanzania-ceo,0.7208018,0.27919823
3076_canada,0.46990564,0.5300943
6982_geowiki-landcover-2017,0.5440612,0.45593885
1789_kenya-non-crop,0.630241,0.369759
793_mali-helmets-labelling-crops,0.54404813,0.45595187
2564_kenya-non-crop,0.481461,0.518539
13749_geowiki-landcover-2017,0.64380044,0.3561995
4433_central-asia,0.3939499,0.60605013
1612_central-asia,0.3939499,0.60605013
1926_central-asia,0.3939499,0.60605013
1302_reunion-france,0.5440612,0.45593885
24_kenya,0.5555304,0.44446963
3888_geowiki-landcover-2017,0.3939508,0.6060492
3410_central-asia,0.3939499,0.60605013
26547_geowiki-landcover-2017,0.55552953,0.44447044
1047_tanzania-ceo,0.6543552,0.3456448
34740_geowiki-landcover-2017,0.55553234,0.44446772
470_tanzania-rice-ecaas,0.6302396,0.36976036
5840_ile-de-france,0.39395303,0.606047
5473_ile-de-france,0.3939499,0.60605013
24753_geowiki-landcover-2017,0.4961137,0.5038863
29447_geowiki-landcover-2017,0.48146078,0.5185392
9515_geowiki-landcover-2017,0.6302408,0.36975917
11691_geowiki-landcover-2017,0.63024104,0.369759
2491_geowiki-landcover-2017,0.63024104,0.369759
195_central-asia,0.3939499,0.60605013
23366_geowiki-landcover-2017,0.49611384,0.50388616
23488_geowiki-landcover-2017,0.5555306,0.44446942
131_lem-brazil,0.5440672,0.4559328
1535_canada,0.39395,0.6060501
780_central-asia,0.3939499,0.60605013
2180_kenya-non-crop,0.5440612,0.45593885
9674_geowiki-landcover-2017,0.63024056,0.36975947
2010_kenya-non-crop,0.46667308,0.533327
13715_croplands,0.46667302,0.53332704
14768_geowiki-landcover-2017,0.5699598,0.43004018
311_ethiopia,0.55873156,0.4412684
2173_reunion-france,0.55999684,0.44000322
5477_canada,0.39395,0.6060501
13619_geowiki-landcover-2017,0.4814608,0.5185392
34008_geowiki-landcover-2017,0.46990183,0.53009814
2073_central-asia,0.3939499,0.60605013
1617_central-asia,0.39395007,0.6060499
2083_tanzania-ceo,0.5440612,0.45593888
17868_geowiki-landcover-2017,0.39395103,0.60604894
1866_martinique-france,0.46667287,0.5333271
5767_canada,0.39395,0.6060501
4314_central-asia,0.39395,0.6060501
1486_geowiki-landcover-2017,0.65727,0.34273005
29416_geowiki-landcover-2017,0.57313746,0.42686254
1695_kenya-non-crop,0.630241,0.369759
314_tanzania-ceo,0.7207675,0.2792325
6128_ile-de-france,0.39395007,0.60604995
29950_geowiki-landcover-2017,0.49611357,0.50388646
1831_martinique-france,0.5555427,0.44445735
16159_geowiki-landcover-2017,0.4699053,0.53009474
1346_rwanda-ceo,0.65437,0.34563
10729_geowiki-landcover-2017,0.5555304,0.4444696
192_kenya-non-crop,0.5555318,0.44446817
1741_central-asia,0.3939499,0.60605013
7427_croplands,0.6543539,0.34564608
2688_canada,0.39395002,0.60604995
142_reunion-france,0.5440607,0.45593926
29574_geowiki-landcover-2017,0.49611387,0.50388616
34991_geowiki-landcover-2017,0.46990258,0.5300974
5101_canada,0.3939499,0.60605013
5140_central-asia,0.39395,0.60604995
4160_ile-de-france,0.39395007,0.60604995
25233_geowiki-landcover-2017,0.6543542,0.34564576
7926_canada,0.39395,0.60605
1555_germany,0.3939499,0.6060501
12680_geowiki-landcover-2017,0.63023025,0.36976975
1166_ile-de-france,0.39395007,0.60604995
21549_geowiki-landcover-2017,0.3939499,0.60605013
850_togo,0.544061,0.45593902
3058_geowiki-landcover-2017,0.4666725,0.5333275
7306_geowiki-landcover-2017,0.49611363,0.50388634
2934_central-asia,0.3939499,0.60605013
26532_geowiki-landcover-2017,0.63024086,0.36975917
2167_tanzania-ceo,0.5555306,0.44446942
28293_geowiki-landcover-2017,0.5581168,0.4418832
5052_ile-de-france,0.39395174,0.6060483
31888_geowiki-landcover-2017,0.49611515,0.50388485
1448_ile-de-france,0.3939499,0.60605013
17552_geowiki-landcover-2017,0.4961152,0.5038848
21665_geowiki-landcover-2017,0.5844339,0.41556606
1971_reunion-france,0.52739215,0.47260782
1821_kenya-non-crop,0.630241,0.369759
3661_ile-de-france,0.3939499,0.60605013
5137_canada,0.39395067,0.6060493
5135_central-asia,0.3939514,0.60604864
462_ethiopia,0.65435034,0.34564963
28616_geowiki-landcover-2017,0.5555365,0.44446352
11939_geowiki-landcover-2017,0.56996065,0.43003935
10170_geowiki-landcover-2017,0.6302407,0.3697593
2337_central-asia,0.3939499,0.60605013
3197_croplands,0.46667302,0.533327
956_geowiki-landcover-2017,0.6302411,0.3697589
1910_central-asia,0.39394993,0.6060501
3309_canada,0.46664613,0.53335387
1491_rwanda-ceo,0.7207939,0.2792061
4096_ile-de-france,0.3939499,0.60605013
3135_rwanda-ceo,0.7208018,0.27919826
120_mali-helmets-labelling-crops,0.4666724,0.5333276
20029_geowiki-landcover-2017,0.6302403,0.3697597
924_geowiki-landcover-2017,0.5589819,0.44101804
5059_central-asia,0.39395016,0.60604984
1824_kenya-non-crop,0.630241,0.36975905
4953_ile-de-france,0.39395,0.6060501
14076_geowiki-landcover-2017,0.5440607,0.45593923
3340_canada,0.46653974,0.53346026
6302_canada,0.39395,0.6060501
852_togo,0.65433586,0.34566417
17008_geowiki-landcover-2017,0.5844356,0.41556442
789_mali-helmets-labelling-crops,0.46858698,0.53141296
709_mali-helmets-labelling-crops,0.46667197,0.53332806
393_tanzania-ceo,0.6302408,0.36975917
25067_geowiki-landcover-2017,0.54406106,0.45593894
21416_geowiki-landcover-2017,0.584434,0.415566
1333_martinique-france,0.56995887,0.43004116
2740_rwanda-ceo,0.72080207,0.2791979
12452_croplands,0.46667376,0.53332627
11658_croplands,0.46667287,0.53332716
14403_geowiki-landcover-2017,0.5555304,0.44446963
21917_geowiki-landcover-2017,0.58443403,0.41556597
699_martinique-france,0.46667308,0.533327
975_togo,0.5699597,0.4300403
2977_canada,0.49611372,0.5038863
30619_geowiki-landcover-2017,0.5699597,0.4300403
10763_croplands,0.5555302,0.44446984
7333_geowiki-landcover-2017,0.4960949,0.5039051
24116_geowiki-landcover-2017,0.5699593,0.43004072
13466_geowiki-landcover-2017,0.5440611,0.45593888
406_mali-helmets-labelling-crops,0.46667266,0.53332734
6483_canada,0.3939499,0.6060501
1311_ile-de-france,0.39394984,0.60605013
356_mali-helmets-labelling-crops,0.46667257,0.53332746
2567_reunion-france,0.49616042,0.50383955
713_reunion-france,0.55873257,0.44126743
21225_geowiki-landcover-2017,0.4962239,0.50377613
2092_ile-de-france,0.39395043,0.60604954
2676_central-asia,0.39395013,0.6060499
3717_central-asia,0.39395007,0.60604995
581_lem-brazil,0.6543503,0.34564972
2039_germany,0.39395034,0.6060496
693_kenya-non-crop,0.65435445,0.3456456
215_ethiopia,0.5440609,0.45593908
26382_geowiki-landcover-2017,0.46667337,0.5333266
1518_martinique-france,0.5699597,0.43004027
2390_reunion-france,0.569971,0.430029
519_croplands,0.46990138,0.5300986
1402_geowiki-landcover-2017,0.5555327,0.44446728
4958_geowiki-landcover-2017,0.4666808,0.5333192
4041_ile-de-france,0.46990344,0.53009653
6052_geowiki-landcover-2017,0.5440556,0.45594445
122_croplands,0.46667287,0.5333271
9511_geowiki-landcover-2017,0.5555305,0.44446948
9341_geowiki-landcover-2017,0.48146126,0.5185387
3645_ile-de-france,0.3939499,0.60605013
10577_geowiki-landcover-2017,0.5440612,0.45593885
2495_ile-de-france,0.39395016,0.60604984
5574_geowiki-landcover-2017,0.3939526,0.6060474
685_mali-helmets-labelling-crops,0.4666735,0.53332657
364_germany,0.48146048,0.5185395
3834_canada,0.39395007,0.60604995
26_zimbabwe,0.63024104,0.36975893
2715_rwanda-ceo,0.72080135,0.2791987
4072_canada,0.39395043,0.6060496
24528_geowiki-landcover-2017,0.4699037,0.5300963
13461_croplands,0.55552846,0.44447154
511_germany,0.5731373,0.42686272
4219_canada,0.39395067,0.6060493
1452_central-asia,0.3939499,0.60605013
4628_geowiki-landcover-2017,0.5555299,0.44447008
8992_croplands,0.4666729,0.5333271
6967_geowiki-landcover-2017,0.48146138,0.51853865
2316_tanzania-ceo,0.630241,0.369759
5114_canada,0.39395016,0.6060498
11375_geowiki-landcover-2017,0.4699162,0.5300838
996_tanzania-ceo,0.630241,0.36975905
6438_geowiki-landcover-2017,0.46667287,0.5333271
3127_canada,0.46667287,0.5333271
679_geowiki-landcover-2017,0.5587522,0.44124782
1603_central-asia,0.3939499,0.60605013
431_reunion-france,0.466673,0.53332704
2226_tanzania-ceo,0.72080165,0.27919835
2309_reunion-france,0.63024086,0.3697591
1284_mali-helmets-labelling-crops,0.46667206,0.53332794
838_ile-de-france,0.3939499,0.60605013
831_kenya-non-crop,0.6302394,0.36976054
24780_geowiki-landcover-2017,0.4961127,0.5038873
1302_germany,0.3939499,0.60605013
3575_central-asia,0.3939499,0.60605013
577_tanzania-ceo,0.63024104,0.36975893
804_germany,0.39402747,0.60597247
650_ethiopia,0.4814789,0.51852113
1602_canada,0.46667287,0.5333271
1623_kenya-non-crop,0.63024086,0.3697591
9324_croplands,0.46667334,0.5333266
4490_ile-de-france,0.39394993,0.6060501
6628_canada,0.39395043,0.60604954
254_sudan,0.39395195,0.60604805
10203_geowiki-landcover-2017,0.46667302,0.53332704
4636_croplands,0.46666962,0.5333303
16927_geowiki-landcover-2017,0.544061,0.45593897
104_croplands,0.56995916,0.43004084
634_rwanda-ceo,0.63024104,0.3697589
672_reunion-france,0.46996847,0.53003156
46_tanzania-rice-ecaas,0.5555309,0.44446912
436_germany,0.4699037,0.5300963
4290_canada,0.39395007,0.6060499
15325_geowiki-landcover-2017,0.5440609,0.45593908
6943_canada,0.57313675,0.42686322
4450_canada,0.4666702,0.5333298
3947_ile-de-france,0.39394984,0.60605013
95_ethiopia,0.55873215,0.44126782
26649_geowiki-landcover-2017,0.4699041,0.53009593
1399_ile-de-france,0.39395,0.60605
28811_geowiki-landcover-2017,0.46667287,0.5333271
13344_geowiki-landcover-2017,0.54406065,0.45593938
326_geowiki-landcover-2017,0.72080207,0.27919796
25717_geowiki-landcover-2017,0.3939499,0.6060501
1_sudan,0.54714936,0.45285064
2094_germany,0.3939499,0.60605013
30959_geowiki-landcover-2017,0.39394984,0.60605013
33938_geowiki-landcover-2017,0.54406106,0.4559389
32818_geowiki-landcover-2017,0.46667224,0.53332776
1558_martinique-france,0.65435314,0.34564683
1995_reunion-france,0.4814612,0.5185388
305_martinique-france,0.5699488,0.43005124
812_kenya-non-crop,0.7208015,0.27919856
21608_geowiki-landcover-2017,0.55552965,0.44447032
49_togo,0.4666779,0.5333221
222_germany,0.39395,0.60604995
34942_geowiki-landcover-2017,0.39395016,0.60604984
2132_martinique-france,0.6543553,0.3456447
24282_geowiki-landcover-2017,0.5440546,0.45594537
1893_tanzania-ceo,0.630241,0.369759
33616_geowiki-landcover-2017,0.39395028,0.6060497
2932_canada,0.5440601,0.45593992
790_lem-brazil,0.5440625,0.45593747
4715_croplands,0.4666709,0.53332907
30868_geowiki-landcover-2017,0.46990284,0.5300972
13046_geowiki-landcover-2017,0.5440612,0.45593885
830_germany,0.3939499,0.60605013
16823_geowiki-landcover-2017,0.56995964,0.4300404
8665_geowiki-landcover-2017,0.630241,0.369759
4294_croplands,0.39397442,0.6060256
1033_germany,0.39395046,0.60604954
9137_croplands,0.54406065,0.45593938
186_rwanda-ceo,0.63024104,0.36975893
32204_geowiki-landcover-2017,0.48146108,0.51853895
2030_tanzania-ceo,0.56996083,0.43003923
731_germany,0.3939499,0.60605013
1807_kenya-non-crop,0.630241,0.369759
32472_geowiki-landcover-2017,0.5440609,0.4559391
19572_geowiki-landcover-2017,0.56995875,0.43004125
560_ethiopia,0.55873233,0.4412677
4050_ile-de-france,0.3939499,0.60605013
1868_tanzania-ceo,0.6302409,0.36975908
313_sudan,0.5439162,0.4560838
30623_geowiki-landcover-2017,0.49611315,0.5038868
4500_croplands,0.54405904,0.45594093
31291_geowiki-landcover-2017,0.5440612,0.45593888
1074_togo,0.5699645,0.43003544
32420_geowiki-landcover-2017,0.39395,0.60604995
4794_central-asia,0.3939499,0.60605013
2644_kenya-non-crop,0.65435445,0.34564555
5021_ile-de-france,0.3939499,0.60605013
9390_geowiki-landcover-2017,0.5555325,0.44446746
3703_ile-de-france,0.39395,0.60605
2460_canada,0.3939505,0.60604954
113_mali-non-crop,0.5440601,0.45593986
1539_rwanda-ceo,0.6302408,0.36975917
5325_canada,0.3939499,0.6060501
19978_geowiki-landcover-2017,0.48146063,0.5185394
15_germany,0.49611354,0.50388646
139_lem-brazil,0.54406196,0.45593804
2077_rwanda-ceo,0.6543834,0.3456166
1992_reunion-france,0.5587359,0.44126415
348_geowiki-landcover-2017,0.63024,0.36976004
4875_central-asia,0.39395016,0.60604984
2268_germany,0.3939498,0.6060502
126_mali,0.4666726,0.5333274
1655_rwanda-ceo,0.7208022,0.27919784
950_ile-de-france,0.39395,0.60605
6693_croplands,0.6543541,0.3456459
14893_geowiki-landcover-2017,0.63024104,0.369759
3875_central-asia,0.39394993,0.6060501
35518_geowiki-landcover-2017,0.46990424,0.53009576
4823_ile-de-france,0.3939499,0.60605013
884_croplands,0.46667287,0.5333271
2079_rwanda-ceo,0.6543565,0.34564352
881_martinique-france,0.4710656,0.5289344
4386_croplands,0.5440601,0.45593986
702_ethiopia,0.55873245,0.44126755
14116_geowiki-landcover-2017,0.46990484,0.5300952
143_uganda,0.55553085,0.44446918
177_sudan,0.46667328,0.53332675
1923_kenya-non-crop,0.54406124,0.45593873
1583_ile-de-france,0.3939499,0.60605013
29181_geowiki-landcover-2017,0.46990284,0.5300971
5066_canada,0.3939499,0.6060501
1051_mali-helmets-labelling-crops,0.46667206,0.53332794
5190_central-asia,0.39395,0.60605
162_uganda,0.5555304,0.44446963
5824_croplands,0.5437189,0.45628116
6435_canada,0.39395,0.60604995
4881_ile-de-france,0.39394993,0.6060501
4373_croplands,0.46667424,0.5333258
2945_rwanda-ceo,0.6302403,0.36975974
23937_geowiki-landcover-2017,0.3939499,0.60605013
433_ethiopia,0.4814721,0.5185279
2461_kenya-non-crop,0.5440612,0.45593885
34330_geowiki-landcover-2017,0.39395633,0.6060437
5109_central-asia,0.39395,0.60604995
2833_ile-de-france,0.39395034,0.6060496
5791_canada,0.39395,0.60604995
28707_geowiki-landcover-2017,0.46667212,0.5333278
3786_canada,0.3939499,0.6060501
17566_geowiki-landcover-2017,0.48146036,0.51853967
7097_geowiki-landcover-2017,0.46667185,0.5333281
5400_ile-de-france,0.3939499,0.6060501
1227_reunion-france,0.5844392,0.41556075
2496_rwanda-ceo,0.6302689,0.36973116
19091_geowiki-landcover-2017,0.46667302,0.533327
2589_geowiki-landcover-2017,0.56995755,0.43004242
7050_geowiki-landcover-2017,0.3939499,0.60605013
3239_geowiki-landcover-2017,0.46667287,0.5333271
1885_kenya-non-crop,0.630241,0.369759
1366_geowiki-landcover-2017,0.5587333,0.4412667
14727_geowiki-landcover-2017,0.6572829,0.34271717
5413_ile-de-france,0.3939499,0.6060501
454_tanzania-rice-ecaas,0.63024,0.36976004
2022_tanzania-ceo,0.6543563,0.34564373
2053_canada,0.3939501,0.6060499
34041_geowiki-landcover-2017,0.46667328,0.53332675
1007_kenya-non-crop,0.630241,0.369759
3353_ile-de-france,0.39395,0.6060501
4963_canada,0.46667287,0.5333271
62_germany,0.46990347,0.53009653
2445_kenya-non-crop,0.4666729,0.5333271
10888_croplands,0.46667328,0.5333267
35153_geowiki-landcover-2017,0.49611366,0.50388634
30544_geowiki-landcover-2017,0.46667287,0.5333271
13754_croplands,0.55552876,0.44447118
1630_central-asia,0.3939499,0.60605013
8098_geowiki-landcover-2017,0.54406023,0.4559398
3465_geowiki-landcover-2017,0.56995916,0.43004078
4430_croplands,0.5413529,0.45864704
13019_geowiki-landcover-2017,0.555524,0.44447604
10181_geowiki-landcover-2017,0.56995994,0.43004006
4687_canada,0.39395016,0.60604984
2369_tanzania-ceo,0.544062,0.45593795
345_lem-brazil,0.54406184,0.45593816
1754_rwanda-ceo,0.65435475,0.34564525
781_ethiopia,0.720802,0.27919796
2130_croplands,0.544059,0.45594105
2472_reunion-france,0.6302357,0.3697644
4278_central-asia,0.3939502,0.6060498
1219_togo,0.544061,0.45593902
466_tanzania-rice-ecaas,0.6302403,0.36975968
10728_geowiki-landcover-2017,0.46667284,0.53332716
1097_tanzania-ceo,0.630241,0.369759
27036_geowiki-landcover-2017,0.46990415,0.5300959
2555_geowiki-landcover-2017,0.54405946,0.45594054
4503_geowiki-landcover-2017,0.55553055,0.44446942
12732_geowiki-landcover-2017,0.56995934,0.43004066
35362_geowiki-landcover-2017,0.39395025,0.6060497
1140_togo,0.54405767,0.45594233
11662_geowiki-landcover-2017,0.54406077,0.45593923
2081_geowiki-landcover-2017,0.5699597,0.4300403
1715_tanzania-ceo,0.630241,0.36975908
20275_geowiki-landcover-2017,0.4666717,0.5333283
775_ethiopia,0.5555188,0.44448122
1640_kenya-non-crop,0.63024086,0.36975914
134_lem-brazil,0.544064,0.45593604
28681_geowiki-landcover-2017,0.48146087,0.5185391
122_sudan,0.4666726,0.53332734
28255_geowiki-landcover-2017,0.46990463,0.5300954
33332_geowiki-landcover-2017,0.3939521,0.60604787
576_kenya-non-crop,0.72079796,0.27920198
1336_ile-de-france,0.39395043,0.60604954
26386_geowiki-landcover-2017,0.46667323,0.53332675
10193_geowiki-landcover-2017,0.6543499,0.34565008
1947_rwanda-ceo,0.63024104,0.369759
276_tanzania-ceo,0.6302411,0.3697589
1109_togo,0.5699598,0.43004024
169_central-asia,0.3939499,0.60605013
10566_geowiki-landcover-2017,0.46667266,0.5333273
30680_geowiki-landcover-2017,0.4666728,0.5333272
940_reunion-france,0.49612126,0.5038788
3617_canada,0.39395103,0.60604894
16523_geowiki-landcover-2017,0.7208007,0.27919927
3726_canada,0.4666726,0.5333274
307_ile-de-france,0.3939499,0.6060501
578_reunion-france,0.6034563,0.3965437
1915_geowiki-landcover-2017,0.64376205,0.35623798
33578_geowiki-landcover-2017,0.4961143,0.50388575
21733_geowiki-landcover-2017,0.56995964,0.43004036
980_mali-helmets-labelling-crops,0.46667233,0.5333277
962_canada,0.46667287,0.5333271
339_tanzania-ceo,0.48146147,0.51853853
25752_geowiki-landcover-2017,0.4699041,0.53009593
238_tanzania,0.6543516,0.3456484
263_lem-brazil,0.5555299,0.4444701
1611_tanzania-ceo,0.6302407,0.3697593
10783_geowiki-landcover-2017,0.46667308,0.5333269
1064_mali-helmets-labelling-crops,0.46667206,0.53332794
16492_geowiki-landcover-2017,0.5699597,0.43004024
17451_geowiki-landcover-2017,0.5844339,0.4155661
2424_geowiki-landcover-2017,0.46724084,0.5327592
627_kenya-non-crop,0.5555306,0.44446942
7292_geowiki-landcover-2017,0.630241,0.36975908
10732_croplands,0.55553013,0.44446984
4776_ile-de-france,0.3939499,0.60605013
2235_kenya-non-crop,0.54403156,0.45596844
285_mali-helmets-labelling-crops,0.46667212,0.5333279
5098_geowiki-landcover-2017,0.6302315,0.36976856
83_central-asia,0.3939499,0.60605013
12192_geowiki-landcover-2017,0.6543886,0.34561142
484_geowiki-landcover-2017,0.5440708,0.45592922
2394_rwanda-ceo,0.65440834,0.3455917
3546_geowiki-landcover-2017,0.46667284,0.53332716
9728_geowiki-landcover-2017,0.46667302,0.533327
24474_geowiki-landcover-2017,0.46668166,0.53331834
7_canada,0.46667293,0.53332704
20529_geowiki-landcover-2017,0.4814611,0.5185389
5000_ile-de-france,0.3939499,0.60605013
5150_central-asia,0.3939499,0.60605013
6073_canada,0.3939499,0.60605013
281_tanzania-ceo,0.7208016,0.2791984
592_croplands,0.48146084,0.51853913
5836_ile-de-france,0.39395007,0.60604995
614_tanzania-ceo,0.5555334,0.44446662
856_croplands,0.46667284,0.53332716
34708_geowiki-landcover-2017,0.5440612,0.45593882
1362_mali-helmets-labelling-crops,0.4666716,0.5333284
13249_geowiki-landcover-2017,0.5555303,0.44446963
2618_geowiki-landcover-2017,0.6437902,0.3562098
7632_canada,0.39395523,0.6060447
901_tanzania-ceo,0.63024104,0.3697589
4990_ile-de-france,0.39394984,0.60605013
828_rwanda-ceo,0.7206936,0.2793064
15171_geowiki-landcover-2017,0.46667275,0.5333272
2462_central-asia,0.3939499,0.60605013
1532_reunion-france,0.4814632,0.5185368
20490_geowiki-landcover-2017,0.64379305,0.35620698
9508_croplands,0.5555333,0.44446668
3325_central-asia,0.3939499,0.60605013
1279_central-asia,0.3939499,0.60605013
805_reunion-france,0.5587346,0.44126537
2848_canada,0.5555304,0.44446957
35399_geowiki-landcover-2017,0.4698909,0.5301091
1963_reunion-france,0.6034568,0.39654317
180_ile-de-france,0.3939499,0.6060501
1755_canada,0.3939503,0.6060497
2272_reunion-france,0.48146114,0.51853883
18113_geowiki-landcover-2017,0.3939499,0.60605013
1021_croplands,0.46667212,0.53332794
7636_canada,0.39395142,0.6060486
2640_reunion-france,0.6282602,0.37173983
1751_ile-de-france,0.39395186,0.6060481
5841_ile-de-france,0.3939499,0.60605013
1700_kenya-non-crop,0.630241,0.36975905
79_geowiki-landcover-2017,0.5555339,0.4444661
5189_ile-de-france,0.39395103,0.60604894
2357_geowiki-landcover-2017,0.466677,0.53332293
29289_geowiki-landcover-2017,0.46990418,0.5300958
2111_kenya-non-crop,0.7208022,0.2791978
1615_geowiki-landcover-2017,0.5587319,0.44126803
24343_geowiki-landcover-2017,0.46667293,0.53332704
830_rwanda-ceo,0.72080207,0.27919793
3752_canada,0.39395067,0.6060493
25296_geowiki-landcover-2017,0.46667552,0.53332454
562_martinique-france,0.5555305,0.4444695
2623_reunion-france,0.5440607,0.45593926
2246_ile-de-france,0.39395,0.60605
348_croplands,0.55552876,0.4444712
32691_geowiki-landcover-2017,0.57313734,0.4268626
23862_geowiki-landcover-2017,0.46990442,0.5300956
2097_martinique-france,0.5699802,0.43001986
34253_geowiki-landcover-2017,0.48146716,0.5185328
30_ethiopia,0.4814629,0.5185371
13648_geowiki-landcover-2017,0.630241,0.369759
10500_croplands,0.55553055,0.44446948
16571_geowiki-landcover-2017,0.63024116,0.3697589
105_germany,0.3939499,0.6060501
3075_geowiki-landcover-2017,0.54405993,0.45594004
527_ile-de-france,0.3939499,0.60605013
1107_germany,0.46990392,0.5300961
5782_ile-de-france,0.39394993,0.6060501
858_kenya-non-crop,0.72080165,0.27919835
65_reunion-france,0.69742763,0.30257237
392_sudan,0.5440609,0.45593917
33192_geowiki-landcover-2017,0.46667287,0.5333271
1117_canada,0.46667287,0.5333271
10202_croplands,0.55553025,0.44446978
1116_reunion-france,0.6572854,0.3427146
5264_geowiki-landcover-2017,0.46667314,0.53332686
10600_geowiki-landcover-2017,0.55552995,0.44447002
33878_geowiki-landcover-2017,0.39395,0.60605
172_rwanda-ceo,0.630241,0.369759
2354_tanzania-ceo,0.63024104,0.369759
31450_geowiki-landcover-2017,0.46990415,0.5300959
21376_geowiki-landcover-2017,0.39395067,0.60604936
5562_canada,0.3939499,0.60605013
21954_geowiki-landcover-2017,0.46667254,0.53332746
4474_ile-de-france,0.39395016,0.60604984
570_reunion-france,0.55873054,0.44126943
15603_geowiki-landcover-2017,0.46667522,0.5333248
657_rwanda-ceo,0.63024026,0.36975974
4482_croplands,0.46667352,0.5333265
1816_germany,0.46990377,0.5300963
1351_canada,0.46667287,0.53332716
23594_geowiki-landcover-2017,0.5699597,0.4300403
10536_geowiki-landcover-2017,0.5555305,0.44446948
3924_canada,0.3939499,0.60605013
266_ile-de-france,0.39395,0.6060501
296_kenya-non-crop,0.5555332,0.44446683
318_central-asia,0.3939499,0.60605013
2643_geowiki-landcover-2017,0.56995916,0.43004084
3662_geowiki-landcover-2017,0.46667233,0.5333277
2538_ile-de-france,0.3939499,0.60605013
2318_geowiki-landcover-2017,0.3939501,0.6060499
34738_geowiki-landcover-2017,0.544061,0.45593902
2146_germany,0.3939499,0.60605013
1211_canada,0.39396307,0.6060369
4370_ile-de-france,0.39394993,0.6060501
1368_central-asia,0.3939499,0.60605013
16789_geowiki-landcover-2017,0.5699598,0.43004018
7286_geowiki-landcover-2017,0.49611363,0.5038864
2395_rwanda-ceo,0.5555309,0.4444691
2446_germany,0.3939499,0.60605013
34477_geowiki-landcover-2017,0.56995964,0.43004036
66_mali-non-crop,0.56995964,0.4300404
2161_tanzania-ceo,0.54406065,0.45593938
6897_croplands,0.6294839,0.37051612
32723_geowiki-landcover-2017,0.64379877,0.35620123
3644_ile-de-france,0.39394993,0.6060501
4899_geowiki-landcover-2017,0.63024086,0.3697591
2502_rwanda-ceo,0.63024104,0.369759
11392_geowiki-landcover-2017,0.5554772,0.44452283
18983_geowiki-landcover-2017,0.5552413,0.4447587
1902_germany,0.3939499,0.60605013
3603_geowiki-landcover-2017,0.46667057,0.5333295
774_ethiopia,0.65434355,0.34565648
710_lem-brazil,0.65435153,0.34564847
19084_geowiki-landcover-2017,0.46667403,0.53332597
3105_central-asia,0.3939499,0.60605013
32424_geowiki-landcover-2017,0.46990415,0.5300959
335_germany,0.4961128,0.50388724
4328_ile-de-france,0.3939499,0.60605013
461_ile-de-france,0.3939499,0.60605013
439_central-asia,0.3939499,0.60605013
3084_central-asia,0.3939499,0.60605013
4084_ile-de-france,0.39395165,0.6060483
1669_rwanda-ceo,0.65435493,0.3456451
6301_canada,0.39395,0.60604995
2790_canada,0.3939499,0.60605013
20239_geowiki-landcover-2017,0.46667287,0.53332716
32280_geowiki-landcover-2017,0.48146012,0.5185399
2494_germany,0.46990314,0.5300969
29955_geowiki-landcover-2017,0.39396903,0.606031
29259_geowiki-landcover-2017,0.39395,0.60604995
181_mali-helmets-labelling-crops,0.4666721,0.53332794
1659_reunion-france,0.5844364,0.41556358
680_geowiki-landcover-2017,0.630241,0.369759
22444_geowiki-landcover-2017,0.46990398,0.53009605
11454_geowiki-landcover-2017,0.54406106,0.45593894
24850_geowiki-landcover-2017,0.55873215,0.44126785
15389_geowiki-landcover-2017,0.54405975,0.45594022
27805_geowiki-landcover-2017,0.55553764,0.44446242
1335_germany,0.39394993,0.6060501
5520_canada,0.3939499,0.60605013
19178_geowiki-landcover-2017,0.39395025,0.6060497
1446_germany,0.3939506,0.60604936
31741_geowiki-landcover-2017,0.47005028,0.5299497
2314_canada,0.39395013,0.6060499
11882_geowiki-landcover-2017,0.4814609,0.5185391
16411_geowiki-landcover-2017,0.7208013,0.27919874
1049_martinique-france,0.5699597,0.43004027
1699_ile-de-france,0.3939499,0.60605013
34906_geowiki-landcover-2017,0.39395148,0.6060486
521_martinique-france,0.5699598,0.43004024
3584_canada,0.3939499,0.60605013
24626_geowiki-landcover-2017,0.55873173,0.44126832
605_croplands,0.39395025,0.6060497
9544_croplands,0.46667334,0.5333266
11081_croplands,0.6302407,0.3697593
25563_geowiki-landcover-2017,0.4814625,0.51853746
26580_geowiki-landcover-2017,0.39395028,0.6060497
3642_ile-de-france,0.3939499,0.60605013
20317_geowiki-landcover-2017,0.48146087,0.51853913
1697_martinique-france,0.5699593,0.4300407
260_togo,0.46667287,0.5333271
3474_geowiki-landcover-2017,0.39395306,0.6060469
2296_ile-de-france,0.39395028,0.6060497
573_ile-de-france,0.3939499,0.60605013
181_central-asia,0.3939499,0.60605013
33124_geowiki-landcover-2017,0.6289966,0.37100345
2311_canada,0.39395,0.6060501
599_togo,0.5440605,0.45593947
4910_central-asia,0.39395,0.60605
1483_mali-helmets-labelling-crops,0.46667174,0.53332824
879_mali-helmets-labelling-crops,0.46667084,0.5333292
30600_geowiki-landcover-2017,0.4666729,0.5333271
354_kenya-non-crop,0.65435433,0.3456457
31844_geowiki-landcover-2017,0.39395016,0.6060498
12375_geowiki-landcover-2017,0.54338646,0.45661357
570_tanzania-rice-ecaas,0.6302401,0.36975995
8842_croplands,0.63023925,0.36976072
1430_rwanda-ceo,0.5555305,0.4444695
1334_rwanda-ceo,0.63024104,0.369759
14489_geowiki-landcover-2017,0.65435314,0.34564692
1820_geowiki-landcover-2017,0.46667293,0.53332704
865_ile-de-france,0.39398202,0.606018
34279_geowiki-landcover-2017,0.55873233,0.44126764
2177_canada,0.4961137,0.50388634
2130_central-asia,0.3939499,0.60605013
1674_ile-de-france,0.39394993,0.6060501
7677_canada,0.39398342,0.60601664
2727_central-asia,0.39395,0.6060501
18626_geowiki-landcover-2017,0.5440609,0.45593917
207_kenya,0.5555305,0.44446948
9717_geowiki-landcover-2017,0.4667017,0.5332983
5521_ile-de-france,0.3939499,0.6060501
677_togo,0.5440605,0.4559395
2234_rwanda-ceo,0.7208022,0.27919784
12868_croplands,0.46666884,0.53333116
18069_geowiki-landcover-2017,0.6437982,0.35620186
1299_geowiki-landcover-2017,0.55553025,0.44446975
11381_geowiki-landcover-2017,0.5440612,0.45593882
17441_geowiki-landcover-2017,0.39395007,0.60604995
1788_ile-de-france,0.3939499,0.60605013
3456_ile-de-france,0.3939499,0.60605013
601_mali-helmets-labelling-crops,0.4666726,0.53332746
198_togo,0.46667415,0.53332585
1060_kenya-non-crop,0.6302407,0.3697593
2610_reunion-france,0.6028862,0.39711383
3565_ile-de-france,0.3939499,0.6060501
2466_reunion-france,0.63023865,0.36976135
7187_geowiki-landcover-2017,0.4961138,0.5038862
7028_geowiki-landcover-2017,0.3939509,0.6060491
4238_ile-de-france,0.3939499,0.60605013
31049_geowiki-landcover-2017,0.46984848,0.53015155
28694_geowiki-landcover-2017,0.46990436,0.53009564
4043_ile-de-france,0.39395025,0.6060497
20426_geowiki-landcover-2017,0.58443415,0.41556585
1519_kenya-non-crop,0.5440585,0.4559415
3469_central-asia,0.3939499,0.6060501
943_togo,0.46667308,0.53332686
6589_canada,0.3939503,0.6060497
1125_germany,0.49611416,0.5038858
11932_geowiki-landcover-2017,0.39395028,0.6060497
27489_geowiki-landcover-2017,0.65435416,0.34564587
1034_martinique-france,0.56995964,0.43004036
1547_kenya-non-crop,0.54406106,0.45593894
1722_canada,0.4666729,0.5333271
1251_mali-helmets-labelling-crops,0.46668324,0.5333168
274_rwanda-ceo,0.5555305,0.4444695
34964_geowiki-landcover-2017,0.39395,0.60605
3257_ile-de-france,0.3939499,0.6060501
23773_geowiki-landcover-2017,0.46955258,0.5304474
1918_canada,0.46667293,0.53332704
1415_tanzania-ceo,0.7208009,0.2791991
1139_kenya-non-crop,0.6302407,0.36975932
108_rwanda-ceo,0.65444595,0.3455541
19126_geowiki-landcover-2017,0.46667308,0.533327
5331_canada,0.3939498,0.6060502
727_germany,0.4699038,0.5300962
1442_martinique-france,0.56996113,0.4300389
2457_rwanda-ceo,0.63024104,0.3697589
14951_geowiki-landcover-2017,0.6438001,0.35619998
26528_geowiki-landcover-2017,0.3939499,0.60605013
1953_canada,0.46667287,0.5333271
2819_geowiki-landcover-2017,0.46661597,0.533384
478_lem-brazil,0.62885314,0.37114686
4810_central-asia,0.39394993,0.6060501
1361_tanzania-ceo,0.6302411,0.3697589
3809_ile-de-france,0.4697688,0.5302312
22914_geowiki-landcover-2017,0.64379996,0.35620004
1979_rwanda-ceo,0.5555383,0.44446173
1973_martinique-france,0.65435416,0.34564587
5063_geowiki-landcover-2017,0.5555304,0.4444696
1634_central-asia,0.3939499,0.60605013
2147_croplands,0.4666665,0.53333354
1365_geowiki-landcover-2017,0.5440611,0.45593888
1203_germany,0.39395198,0.60604805
16448_geowiki-landcover-2017,0.46667308,0.5333269
19542_geowiki-landcover-2017,0.46667293,0.53332704
17996_geowiki-landcover-2017,0.5555628,0.4444372
1048_ile-de-france,0.3939499,0.60605013
3832_ile-de-france,0.39395007,0.60604995
2348_germany,0.3939499,0.6060501
6275_geowiki-landcover-2017,0.4699023,0.53009766
588_rwanda-ceo,0.630241,0.369759
1192_central-asia,0.3939499,0.60605013
1273_kenya-non-crop,0.5555314,0.4444686
1075_togo,0.6543569,0.34564313
5423_ile-de-france,0.3939499,0.60605013
31791_geowiki-landcover-2017,0.39395157,0.6060484
11848_geowiki-landcover-2017,0.49611586,0.5038841
19955_geowiki-landcover-2017,0.58443487,0.41556513
7055_canada,0.3939502,0.6060498
3597_canada,0.46667197,0.53332806
187_canada,0.46667287,0.5333271
21189_geowiki-landcover-2017,0.5555305,0.4444695
17_mali,0.46667165,0.53332835
10026_geowiki-landcover-2017,0.5440611,0.45593888
13189_geowiki-landcover-2017,0.6302407,0.3697593
1069_ile-de-france,0.3939499,0.60605013
4676_ile-de-france,0.3939499,0.60605013
243_kenya,0.5555387,0.44446132
2285_martinique-france,0.65435433,0.3456457
1150_rwanda-ceo,0.65435445,0.34564552
334_ile-de-france,0.39395,0.6060501
17937_geowiki-landcover-2017,0.55553144,0.44446853
10020_geowiki-landcover-2017,0.5699599,0.43004012
9515_croplands,0.5555283,0.44447172
3484_croplands,0.46667302,0.53332704
622_central-asia,0.3939499,0.60605013
1397_canada,0.46667287,0.5333271
1653_geowiki-landcover-2017,0.54406124,0.45593876
17339_geowiki-landcover-2017,0.4666728,0.5333272
3335_rwanda-ceo,0.65435475,0.34564525
1172_geowiki-landcover-2017,0.720802,0.27919802
3345_ile-de-france,0.3939499,0.60605013
832_martinique-france,0.6543524,0.34564763
18350_geowiki-landcover-2017,0.4666749,0.53332514
6754_canada,0.46666813,0.5333319
3106_central-asia,0.39394993,0.6060501
12029_geowiki-landcover-2017,0.55552423,0.44447577
83_martinique-france,0.65435314,0.3456469
4732_croplands,0.46666798,0.533332
111_canada,0.46667287,0.5333271
2219_germany,0.39395,0.6060501
31569_geowiki-landcover-2017,0.55873156,0.44126847
3150_canada,0.39395,0.60605
3926_canada,0.3939499,0.60605013
24_rwanda-ceo,0.630241,0.369759
898_geowiki-landcover-2017,0.5587335,0.44126645
1789_central-asia,0.39395067,0.60604936
2122_rwanda-ceo,0.6302408,0.3697592
2470_central-asia,0.3939499,0.60605013
7279_geowiki-landcover-2017,0.4666729,0.5333271
170_rwanda-ceo,0.72075236,0.27924767
2558_rwanda-ceo,0.65435445,0.34564555
589_croplands,0.5844341,0.4155659
5091_geowiki-landcover-2017,0.39395002,0.60604995
4361_ile-de-france,0.3939499,0.60605013
566_central-asia,0.3939499,0.6060501
8643_geowiki-landcover-2017,0.39395,0.60604995
767_lem-brazil,0.54406226,0.45593774
769_central-asia,0.3939499,0.60605013
7457_geowiki-landcover-2017,0.48146138,0.51853865
750_togo,0.54406106,0.4559389
2693_kenya-non-crop,0.72080183,0.27919817
1332_martinique-france,0.5699597,0.43004024
4451_canada,0.4666701,0.5333299
20993_geowiki-landcover-2017,0.4666728,0.5333272
6311_canada,0.39395016,0.6060498
27885_geowiki-landcover-2017,0.55553,0.44446996
9610_geowiki-landcover-2017,0.6302411,0.3697589
25754_geowiki-landcover-2017,0.3939499,0.60605013
26429_geowiki-landcover-2017,0.3939499,0.6060501
3047_rwanda-ceo,0.6302403,0.36975974
17901_geowiki-landcover-2017,0.65434,0.34566
2188_germany,0.3939499,0.6060501
22318_geowiki-landcover-2017,0.5555304,0.44446957
5351_canada,0.3939499,0.60605013
1767_central-asia,0.3939499,0.60605013
10281_geowiki-landcover-2017,0.5699617,0.43003824
1275_rwanda-ceo,0.7208021,0.2791979
3336_rwanda-ceo,0.63023853,0.36976147
22516_geowiki-landcover-2017,0.46667302,0.533327
400_ile-de-france,0.3939499,0.60605013
1758_kenya-non-crop,0.630241,0.36975905
19877_geowiki-landcover-2017,0.5699654,0.43003458
27358_geowiki-landcover-2017,0.46667627,0.53332376
33489_geowiki-landcover-2017,0.6302408,0.36975926
32339_geowiki-landcover-2017,0.48146185,0.5185382
1439_mali-helmets-labelling-crops,0.54390264,0.4560974
8521_geowiki-landcover-2017,0.5552964,0.44470358
4191_canada,0.39394993,0.6060501
974_rwanda-ceo,0.5555314,0.44446868
122_martinique-france,0.6543545,0.34564552
20855_geowiki-landcover-2017,0.46990338,0.5300966
15308_geowiki-landcover-2017,0.46667308,0.5333269
12949_geowiki-landcover-2017,0.6302419,0.36975813
14921_geowiki-landcover-2017,0.64379996,0.35620004
30142_geowiki-landcover-2017,0.46990103,0.530099
19329_geowiki-landcover-2017,0.5555304,0.44446957
152_mali-helmets-labelling-crops,0.46667254,0.53332746
31443_geowiki-landcover-2017,0.48146087,0.51853913
852_reunion-france,0.58443415,0.41556585
29582_geowiki-landcover-2017,0.4666734,0.5333266
982_martinique-france,0.5699602,0.43003985
30563_geowiki-landcover-2017,0.4666728,0.5333272
35671_geowiki-landcover-2017,0.55873233,0.4412677
3412_canada,0.5699593,0.43004075
5232_central-asia,0.4814389,0.51856107
1_reunion-france,0.5555306,0.44446942
13463_geowiki-landcover-2017,0.466673,0.53332704
103_ethiopia,0.55873203,0.44126803
3395_central-asia,0.3939499,0.60605013
2182_reunion-france,0.55553025,0.44446975
2307_germany,0.39395,0.60605
26781_geowiki-landcover-2017,0.46667323,0.53332675
2038_canada,0.39395472,0.60604525
22365_geowiki-landcover-2017,0.5440591,0.4559409
4008_geowiki-landcover-2017,0.5587302,0.44126981
2628_reunion-france,0.5555296,0.44447044
260_ethiopia,0.65728277,0.3427172
30972_geowiki-landcover-2017,0.466673,0.53332704
2241_germany,0.39395,0.60604995
7906_canada,0.3939508,0.6060492
887_reunion-france,0.5587346,0.4412654
2001_reunion-france,0.5273933,0.47260675
724_rwanda-ceo,0.63024104,0.369759
216_lem-brazil,0.55553013,0.44446987
2883_central-asia,0.39395,0.6060501
6912_canada,0.46667275,0.5333272
12549_croplands,0.64379907,0.35620087
8490_geowiki-landcover-2017,0.6543509,0.3456491
3197_ile-de-france,0.3939499,0.60605013
31971_geowiki-landcover-2017,0.46667293,0.53332704
15580_geowiki-landcover-2017,0.54406095,0.45593908
18257_geowiki-landcover-2017,0.55553,0.44446993
27896_geowiki-landcover-2017,0.48146102,0.518539
1093_kenya-non-crop,0.5555378,0.44446215
13068_geowiki-landcover-2017,0.5699612,0.43003878
4995_central-asia,0.3939499,0.60605013
100_martinique-france,0.5699597,0.43004027
5034_ile-de-france,0.39395016,0.6060498
2133_croplands,0.46666807,0.533332
4085_central-asia,0.3939499,0.60605013
29997_geowiki-landcover-2017,0.4666745,0.53332555
3823_ile-de-france,0.3939499,0.60605013
299_togo,0.54406106,0.45593888
7564_canada,0.46667284,0.53332716
3003_croplands,0.5555302,0.44446978
26245_geowiki-landcover-2017,0.55515593,0.44484413
1794_germany,0.3939499,0.60605013
5865_canada,0.3939499,0.6060501
319_lem-brazil,0.5440643,0.45593572
5167_geowiki-landcover-2017,0.48151132,0.51848865
1303_central-asia,0.3939499,0.60605013
5277_ile-de-france,0.39395025,0.6060498
29934_geowiki-landcover-2017,0.46667233,0.5333277
2529_kenya-non-crop,0.7208016,0.2791984
23308_geowiki-landcover-2017,0.46667308,0.533327
2530_geowiki-landcover-2017,0.46667266,0.5333273
34_ethiopia,0.48146114,0.5185389
22672_geowiki-landcover-2017,0.4961106,0.50388944
560_reunion-france,0.5273935,0.47260654
484_germany,0.39395022,0.6060498
24494_geowiki-landcover-2017,0.4699041,0.53009593
4445_central-asia,0.46990383,0.5300962
13736_croplands,0.46667293,0.53332704
171_reunion-france,0.5273922,0.4726078
14393_geowiki-landcover-2017,0.46989733,0.53010267
5930_canada,0.46667185,0.5333282
861_geowiki-landcover-2017,0.6302385,0.36976147
924_ile-de-france,0.3939502,0.6060498
3023_rwanda-ceo,0.55553293,0.44446707
6806_geowiki-landcover-2017,0.55873185,0.44126818
448_togo,0.4666734,0.53332657
2289_germany,0.3939499,0.6060501
9442_croplands,0.46667337,0.5333266
312_central-asia,0.3939499,0.60605013
2091_canada,0.4666727,0.5333273
582_canada,0.46667287,0.5333271
736_mali-helmets-labelling-crops,0.4666719,0.53332806
1261_mali-helmets-labelling-crops,0.5440591,0.45594093
169_germany,0.39395007,0.60604995
10914_geowiki-landcover-2017,0.56995237,0.4300476
10075_croplands,0.5555303,0.4444697
15985_geowiki-landcover-2017,0.48146096,0.5185391
1114_germany,0.39395264,0.60604733
845_togo,0.54406106,0.45593888
1372_germany,0.39395,0.60605
1343_canada,0.5440411,0.45595893
359_lem-brazil,0.5440455,0.45595452
2579_kenya-non-crop,0.5587324,0.4412676
432_ethiopia,0.58443177,0.41556823
5065_canada,0.3939499,0.6060501
32064_geowiki-landcover-2017,0.39395165,0.60604835
32189_geowiki-landcover-2017,0.46990356,0.5300964
241_tanzania,0.5555302,0.44446978
11213_geowiki-landcover-2017,0.56995934,0.4300407
26637_geowiki-landcover-2017,0.5555307,0.44446927
21031_geowiki-landcover-2017,0.64379984,0.3562002
1023_croplands,0.46667254,0.5333275
2130_kenya-non-crop,0.7208022,0.2791978
145_canada,0.46667293,0.53332704
725_germany,0.3939499,0.60605013
14184_croplands,0.46667305,0.533327
11493_geowiki-landcover-2017,0.6437909,0.35620907
23619_geowiki-landcover-2017,0.3942774,0.6057226
691_tanzania-ceo,0.55552983,0.44447014
2635_kenya-non-crop,0.6316603,0.36833966
269_martinique-france,0.46667293,0.53332704
27_germany,0.39394984,0.60605013
3443_central-asia,0.3939499,0.60605013
1722_germany,0.39395067,0.60604936
4727_croplands,0.46666962,0.5333304
300_sudan,0.48146087,0.5185391
634_mali-helmets-labelling-crops,0.46667403,0.533326
20399_geowiki-landcover-2017,0.48146108,0.51853895
322_rwanda-ceo,0.6543536,0.34564632
1078_ile-de-france,0.3939499,0.60605013
5845_ile-de-france,0.46990058,0.5300994
1809_tanzania-ceo,0.63024,0.36975995
18694_geowiki-landcover-2017,0.58443433,0.41556567
899_canada,0.46667287,0.53332716
11388_croplands,0.466673,0.53332704
13966_geowiki-landcover-2017,0.5555304,0.44446957
1210_kenya-non-crop,0.48148108,0.51851887
783_croplands,0.39395216,0.6060478
31783_geowiki-landcover-2017,0.39395088,0.6060491
2273_tanzania-ceo,0.5699598,0.43004015
1503_kenya-non-crop,0.63024086,0.3697591
22451_geowiki-landcover-2017,0.58443403,0.41556597
7716_canada,0.39395007,0.6060499
6356_canada,0.3939498,0.60605013
5577_geowiki-landcover-2017,0.5699508,0.43004918
4252_geowiki-landcover-2017,0.39395082,0.6060492
1217_germany,0.3939499,0.6060501
685_tanzania-ceo,0.7208022,0.27919784
26599_geowiki-landcover-2017,0.46667287,0.5333271
2736_ile-de-france,0.3939499,0.6060501
651_canada,0.39394993,0.6060501
1762_rwanda-ceo,0.72080207,0.27919787
155_central-asia,0.3939499,0.60605013
2896_canada,0.6302383,0.3697617
545_tanzania-ceo,0.63024104,0.36975893
22049_geowiki-landcover-2017,0.46667293,0.53332704
1055_martinique-france,0.56995964,0.43004036
32753_geowiki-landcover-2017,0.56916964,0.4308304
246_reunion-france,0.52739125,0.4726088
129_central-asia,0.4698997,0.5301003
29785_geowiki-landcover-2017,0.46667254,0.5333275
659_croplands,0.46990415,0.5300959
1371_tanzania-ceo,0.6438004,0.35619962
34839_geowiki-landcover-2017,0.46668217,0.53331786
2138_rwanda-ceo,0.6543544,0.3456456
8431_geowiki-landcover-2017,0.4814608,0.5185392
16117_geowiki-landcover-2017,0.46990404,0.530096
2932_ile-de-france,0.39395034,0.6060496
1538_rwanda-ceo,0.72080207,0.2791979
2668_canada,0.39395007,0.60604995
2134_canada,0.49611396,0.50388604
2878_canada,0.54396665,0.45603332
648_geowiki-landcover-2017,0.5440606,0.45593944
30261_geowiki-landcover-2017,0.558732,0.44126803
11694_geowiki-landcover-2017,0.57002985,0.42997015
265_ile-de-france,0.39395007,0.60604995
1884_canada,0.39395,0.60604995
4610_croplands,0.46647003,0.53353
1091_ile-de-france,0.3939514,0.60604864
28746_geowiki-landcover-2017,0.46990284,0.5300972
2092_croplands,0.54406047,0.4559395
20315_geowiki-landcover-2017,0.55489725,0.44510272
977_kenya-non-crop,0.630241,0.369759
15853_geowiki-landcover-2017,0.55873215,0.44126782
179_ethiopia,0.55873233,0.4412677
1003_canada,0.4666729,0.5333271
5425_canada,0.39394993,0.6060501
29889_geowiki-landcover-2017,0.39394993,0.6060501
17326_geowiki-landcover-2017,0.46667328,0.5333267
13891_geowiki-landcover-2017,0.63024116,0.3697588
3355_rwanda-ceo,0.63024163,0.36975837
1838_reunion-france,0.6282861,0.37171388
33491_geowiki-landcover-2017,0.39396042,0.6060396
2102_martinique-france,0.654321,0.345679
1415_geowiki-landcover-2017,0.63024104,0.36975893
21054_geowiki-landcover-2017,0.46667302,0.533327
30311_geowiki-landcover-2017,0.48146102,0.518539
19558_geowiki-landcover-2017,0.39395007,0.6060499
679_canada,0.39402086,0.60597914
3803_geowiki-landcover-2017,0.6302366,0.36976334
310_ethiopia,0.5587289,0.44127116
519_ile-de-france,0.3939499,0.60605013
9448_geowiki-landcover-2017,0.5699603,0.43003973
13770_geowiki-landcover-2017,0.5440612,0.45593885
5062_ile-de-france,0.3939499,0.60605013
67_geowiki-landcover-2017,0.65435356,0.34564644
2366_tanzania-ceo,0.5440612,0.45593882
752_canada,0.54406095,0.45593905
401_sudan,0.46667382,0.53332615
9184_geowiki-landcover-2017,0.630241,0.369759
4763_canada,0.39395058,0.6060494
656_kenya-non-crop,0.5555307,0.44446933
7812_canada,0.3939526,0.6060474
25879_geowiki-landcover-2017,0.6571391,0.34286085
1188_martinique-france,0.65435433,0.34564564
9851_geowiki-landcover-2017,0.56996125,0.43003875
18046_geowiki-landcover-2017,0.39395052,0.6060495
34289_geowiki-landcover-2017,0.55553055,0.44446948
2547_central-asia,0.3939499,0.60605013
1174_rwanda-ceo,0.63024104,0.3697589
218_canada,0.46667302,0.53332704
2364_rwanda-ceo,0.55553025,0.44446978
33002_geowiki-landcover-2017,0.39395243,0.6060475
138_kenya-non-crop,0.7208021,0.2791979
3985_central-asia,0.3939499,0.6060501
463_central-asia,0.3939499,0.60605013
639_rwanda-ceo,0.72079706,0.27920297
4686_ile-de-france,0.3939499,0.6060501
531_martinique-france,0.5555299,0.44447008
10772_croplands,0.5555306,0.44446942
1051_reunion-france,0.63024086,0.3697591
5357_geowiki-landcover-2017,0.3939511,0.60604894
9352_geowiki-landcover-2017,0.4666729,0.5333271
830_ile-de-france,0.3939499,0.60605013
32778_geowiki-landcover-2017,0.3939505,0.60604954
9541_croplands,0.46667552,0.53332454
961_mali-helmets-labelling-crops,0.46667203,0.533328
564_togo,0.46667305,0.533327
4708_ile-de-france,0.3939499,0.60605013
27559_geowiki-landcover-2017,0.46667293,0.53332704
696_rwanda-ceo,0.65435433,0.3456457
1404_martinique-france,0.5555304,0.4444696
32108_geowiki-landcover-2017,0.3939499,0.6060501
4691_croplands,0.46667108,0.53332895
2452_reunion-france,0.60345536,0.39654458
11924_geowiki-landcover-2017,0.72079974,0.27920032
920_croplands,0.4699021,0.5300979
5567_canada,0.39395,0.60605
319_mali-helmets-labelling-crops,0.46667206,0.533328
4012_geowiki-landcover-2017,0.39395627,0.60604376
6376_canada,0.39395007,0.60604995
1389_kenya-non-crop,0.5555305,0.44446954
1978_rwanda-ceo,0.72080183,0.27919817
823_geowiki-landcover-2017,0.6302364,0.36976364
57_canada,0.4666729,0.5333271
10245_geowiki-landcover-2017,0.4666741,0.5333259
2245_rwanda-ceo,0.6302411,0.3697589
13802_croplands,0.5555308,0.44446927
14530_geowiki-landcover-2017,0.5555305,0.44446954
1157_germany,0.3939499,0.60605013
981_rwanda-ceo,0.72080207,0.27919796
7151_geowiki-landcover-2017,0.46667865,0.5333214
1181_tanzania-ceo,0.54406184,0.4559381
1606_martinique-france,0.56995964,0.4300404
12121_geowiki-landcover-2017,0.6543511,0.34564888
895_geowiki-landcover-2017,0.5440583,0.4559417
497_kenya-non-crop,0.5587377,0.4412623
270_kenya-non-crop,0.5555303,0.44446966
7852_geowiki-landcover-2017,0.46667325,0.53332675
14147_croplands,0.46667314,0.53332686
3832_geowiki-landcover-2017,0.5731283,0.4268717
18022_geowiki-landcover-2017,0.56995994,0.43004006
3256_geowiki-landcover-2017,0.46666843,0.5333316
91_lem-brazil,0.6543432,0.3456568
918_togo,0.64140433,0.3585957
361_germany,0.39395007,0.60604995
10445_geowiki-landcover-2017,0.55553,0.44446993
14355_geowiki-landcover-2017,0.48146132,0.51853865
2315_martinique-france,0.6543543,0.34564573
5487_geowiki-landcover-2017,0.5555303,0.44446966
1939_tanzania-ceo,0.6543705,0.34562957
1526_tanzania-ceo,0.63024104,0.3697589
30937_geowiki-landcover-2017,0.3939503,0.6060497
14611_geowiki-landcover-2017,0.57313764,0.42686236
244_croplands,0.3939499,0.60605013
4140_croplands,0.46667328,0.53332675
4715_geowiki-landcover-2017,0.5699839,0.43001613
550_germany,0.3939501,0.6060499
6782_canada,0.39394993,0.6060501
21913_geowiki-landcover-2017,0.49615142,0.50384855
21441_geowiki-landcover-2017,0.5587322,0.4412678
1808_tanzania-ceo,0.7208022,0.27919784
22376_geowiki-landcover-2017,0.584432,0.415568
10620_geowiki-landcover-2017,0.46667293,0.53332704
2263_martinique-france,0.6543539,0.3456461
956_tanzania-ceo,0.72080207,0.2791979
35733_geowiki-landcover-2017,0.46664166,0.5333583
2907_rwanda-ceo,0.65435386,0.3456462
37_uganda,0.6543533,0.34564668
25862_geowiki-landcover-2017,0.48975462,0.5102454
910_canada,0.46667287,0.5333271
5179_ile-de-france,0.46989813,0.53010184
268_canada,0.39395,0.6060501
28171_geowiki-landcover-2017,0.63024104,0.369759
5421_canada,0.3939499,0.60605013
70_ethiopia,0.5587166,0.44128343
2049_central-asia,0.39395243,0.60604763
88_sudan,0.5439312,0.45606884
1370_germany,0.46990404,0.530096
25259_geowiki-landcover-2017,0.58443415,0.41556588
1016_martinique-france,0.654309,0.34569103
70_sudan,0.46667278,0.5333272
29141_geowiki-landcover-2017,0.5555304,0.44446957
21633_geowiki-landcover-2017,0.65731585,0.3426842
744_martinique-france,0.4666732,0.5333268
324_tanzania,0.5555303,0.44446966
235_germany,0.3939499,0.60605013
9820_geowiki-landcover-2017,0.6302453,0.36975464
2958_canada,0.46990606,0.5300939
7100_canada,0.47002715,0.5299728
7482_geowiki-landcover-2017,0.584434,0.41556597
1324_central-asia,0.3939498,0.60605013
13568_geowiki-landcover-2017,0.5699596,0.43004042
2501_canada,0.46667293,0.53332704
3895_central-asia,0.3939499,0.6060501
493_ethiopia,0.481461,0.518539
2218_geowiki-landcover-2017,0.58445233,0.4155477
8219_geowiki-landcover-2017,0.5699611,0.43003896
28989_geowiki-landcover-2017,0.39395,0.6060501
2938_rwanda-ceo,0.63024104,0.3697589
31042_geowiki-landcover-2017,0.5731378,0.42686215
13731_geowiki-landcover-2017,0.48146108,0.51853895
1802_geowiki-landcover-2017,0.5699599,0.43004015
449_central-asia,0.3939499,0.60605013
28120_geowiki-landcover-2017,0.46990407,0.53009593
2003_martinique-france,0.466675,0.533325
1204_central-asia,0.3939499,0.60605013
1844_canada,0.39395043,0.60604954
7989_geowiki-landcover-2017,0.46667293,0.53332704
1291_tanzania-ceo,0.6302408,0.36975917
25570_geowiki-landcover-2017,0.46990383,0.5300962
3996_geowiki-landcover-2017,0.5844341,0.4155659
9775_geowiki-landcover-2017,0.5440612,0.45593888
383_ile-de-france,0.39394993,0.6060501
750_mali-helmets-labelling-crops,0.46667254,0.53332746
989_central-asia,0.39395,0.60604995
15481_geowiki-landcover-2017,0.46667293,0.53332704
2279_central-asia,0.3939499,0.60605013
10015_croplands,0.5555296,0.44447044
20079_geowiki-landcover-2017,0.46990415,0.5300959
15993_geowiki-landcover-2017,0.469904,0.530096
389_ethiopia,0.5440598,0.45594022
324_mali-helmets-labelling-crops,0.4666721,0.53332794
5066_central-asia,0.394283,0.605717
1898_kenya-non-crop,0.63024104,0.36975893
129_tanzania-rice-ecaas,0.55564004,0.44436
1046_central-asia,0.3939499,0.60605013
3402_central-asia,0.3939499,0.60605013
94_canada,0.54405314,0.4559469
1194_mali-helmets-labelling-crops,0.46667206,0.533328
2098_kenya-non-crop,0.6302409,0.36975908
342_ethiopia,0.4814642,0.5185358
753_tanzania-rice-ecaas,0.63023984,0.36976022
4394_geowiki-landcover-2017,0.46667287,0.5333271
19096_geowiki-landcover-2017,0.558729,0.441271
4409_central-asia,0.39394993,0.6060501
232_togo,0.4666729,0.5333271
11818_geowiki-landcover-2017,0.54406226,0.4559377
250_martinique-france,0.5555397,0.4444602
20476_geowiki-landcover-2017,0.5555305,0.44446948
120_croplands,0.46667287,0.5333271
1300_canada,0.4666741,0.53332585
1189_central-asia,0.39395016,0.6060498
130_mali-helmets-labelling-crops,0.46667245,0.5333276
3306_canada,0.46667275,0.5333273
772_germany,0.39395007,0.60604995
1160_canada,0.46667287,0.5333271
3560_geowiki-landcover-2017,0.4666726,0.53332734
998_kenya-non-crop,0.630241,0.369759
21822_geowiki-landcover-2017,0.46667287,0.53332716
628_mali-helmets-labelling-crops,0.4666724,0.5333276
2096_martinique-france,0.6543543,0.34564573
25954_geowiki-landcover-2017,0.46667287,0.5333271
1219_rwanda-ceo,0.5555304,0.44446957
240_reunion-france,0.46667266,0.53332734
6017_ile-de-france,0.5844336,0.41556635
1545_geowiki-landcover-2017,0.39395157,0.60604846
4022_ile-de-france,0.39395168,0.6060483
27640_geowiki-landcover-2017,0.5555305,0.4444695
933_togo,0.54405946,0.45594054
4834_canada,0.46667284,0.53332716
11689_geowiki-landcover-2017,0.56995946,0.43004054
107_rwanda-ceo,0.6543544,0.3456456
2077_reunion-france,0.5699607,0.43003926
35778_geowiki-landcover-2017,0.5699589,0.43004102
1525_tanzania-ceo,0.6302415,0.36975852
6581_geowiki-landcover-2017,0.4699025,0.53009754
2132_croplands,0.466653,0.533347
3970_geowiki-landcover-2017,0.4814609,0.5185391
2110_rwanda-ceo,0.65601635,0.3439837
816_geowiki-landcover-2017,0.64379996,0.35620007
13859_croplands,0.65435404,0.345646
3869_canada,0.3939499,0.6060501
5515_ile-de-france,0.3939499,0.60605013
10178_geowiki-landcover-2017,0.6543539,0.3456461
784_ethiopia,0.6437958,0.35620424
14044_geowiki-landcover-2017,0.6302412,0.36975878
1128_kenya-non-crop,0.6302406,0.36975938
1857_ile-de-france,0.3939499,0.60605013
23260_geowiki-landcover-2017,0.5555369,0.44446304
28236_geowiki-landcover-2017,0.3939499,0.60605013
8815_geowiki-landcover-2017,0.65435356,0.34564644
2865_geowiki-landcover-2017,0.46667266,0.53332734
22948_geowiki-landcover-2017,0.46667695,0.53332305
5889_geowiki-landcover-2017,0.5555297,0.4444703
6542_croplands,0.5555325,0.44446746
18270_geowiki-landcover-2017,0.569965,0.430035
1950_rwanda-ceo,0.5555304,0.44446957
11735_geowiki-landcover-2017,0.6438548,0.35614523
3650_geowiki-landcover-2017,0.46667293,0.53332704
3810_central-asia,0.3939499,0.60605013
222_ethiopia,0.54406065,0.4559393
2192_martinique-france,0.5699602,0.43003985
908_reunion-france,0.5699635,0.43003651
125_martinique-france,0.5699598,0.43004015
482_germany,0.39395112,0.60604894
761_canada,0.46667293,0.53332704
30293_geowiki-landcover-2017,0.5555305,0.44446954
1224_ile-de-france,0.3939498,0.6060502
334_tanzania-rice-ecaas,0.63024086,0.3697591
1904_kenya-non-crop,0.72080165,0.27919838
4392_canada,0.39395085,0.6060492
425_martinique-france,0.46667305,0.533327
5174_canada,0.46990323,0.5300968
616_geowiki-landcover-2017,0.544061,0.455939
3012_geowiki-landcover-2017,0.5440592,0.45594078
4396_ile-de-france,0.39395002,0.60604995
27622_geowiki-landcover-2017,0.5555305,0.44446948
31073_geowiki-landcover-2017,0.46990415,0.5300959
3468_geowiki-landcover-2017,0.6543526,0.3456474
10080_croplands,0.6302408,0.36975917
7431_croplands,0.63022923,0.3697708
35224_geowiki-landcover-2017,0.48146072,0.51853925
19621_geowiki-landcover-2017,0.46667302,0.533327
95_canada,0.39395428,0.6060458
16397_geowiki-landcover-2017,0.5587328,0.4412672
2188_canada,0.49611363,0.5038864
453_rwanda-ceo,0.63024104,0.36975893
14219_geowiki-landcover-2017,0.63024104,0.36975893
13650_geowiki-landcover-2017,0.6543545,0.34564552
34274_geowiki-landcover-2017,0.39395103,0.60604894
4988_ile-de-france,0.3939499,0.60605013
1813_geowiki-landcover-2017,0.56993854,0.43006146
859_togo,0.6543545,0.34564552
12551_croplands,0.56995964,0.4300404
967_togo,0.4666729,0.5333271
407_tanzania-rice-ecaas,0.63024056,0.36975947
9105_croplands,0.46667328,0.53332675
935_central-asia,0.39395007,0.60604995
369_lem-brazil,0.5699617,0.4300383
1576_martinique-france,0.6543544,0.3456456
33463_geowiki-landcover-2017,0.4814608,0.5185392
21650_geowiki-landcover-2017,0.46667632,0.5333237
1998_rwanda-ceo,0.72080153,0.27919847
3362_geowiki-landcover-2017,0.4666721,0.53332794
9583_geowiki-landcover-2017,0.65435433,0.3456457
2295_rwanda-ceo,0.7207877,0.27921236
1570_canada,0.39395025,0.6060497
3734_canada,0.46667275,0.5333272
3485_rwanda-ceo,0.55553657,0.4444634
32668_geowiki-landcover-2017,0.39395043,0.60604954
967_tanzania-ceo,0.72080207,0.27919793
639_geowiki-landcover-2017,0.6302407,0.3697593
970_reunion-france,0.56995857,0.4300414
128_kenya,0.5555304,0.44446957
1109_mali-helmets-labelling-crops,0.4666718,0.53332824
1942_tanzania-ceo,0.5440614,0.45593852
35707_geowiki-landcover-2017,0.61605114,0.38394886
561_mali-helmets-labelling-crops,0.46667558,0.5333244
5872_ile-de-france,0.39395,0.6060501
3396_canada,0.49611703,0.503883
19_mali,0.46667153,0.53332853
692_mali-helmets-labelling-crops,0.46667254,0.53332746
7322_geowiki-landcover-2017,0.48146096,0.518539
5812_ile-de-france,0.39395094,0.6060491
672_togo,0.5440612,0.45593885
1127_ile-de-france,0.39395052,0.6060495
464_reunion-france,0.6974272,0.30257276
4419_croplands,0.466676,0.533324
20398_geowiki-landcover-2017,0.39395088,0.6060491
323_lem-brazil,0.54406464,0.45593536
336_togo,0.654351,0.34564906
1082_croplands,0.466673,0.53332704
29218_geowiki-landcover-2017,0.3939502,0.6060498
1872_geowiki-landcover-2017,0.56996614,0.4300338
22768_geowiki-landcover-2017,0.49611384,0.50388616
6568_geowiki-landcover-2017,0.4699041,0.53009593
27985_geowiki-landcover-2017,0.5844354,0.41556457
11690_geowiki-landcover-2017,0.6302411,0.3697589
132_ile-de-france,0.3939499,0.60605013
18651_geowiki-landcover-2017,0.49611503,0.503885
402_central-asia,0.3939499,0.60605013
18647_geowiki-landcover-2017,0.5844341,0.41556588
3155_canada,0.39394993,0.6060501
15587_geowiki-landcover-2017,0.544061,0.45593897
173_reunion-france,0.5555303,0.44446966
30922_geowiki-landcover-2017,0.481498,0.518502
699_rwanda-ceo,0.5555303,0.44446963
149_tanzania,0.5555303,0.44446966
3612_ile-de-france,0.39395076,0.6060493
2021_germany,0.39395,0.60605
390_canada,0.39395243,0.60604763
1707_martinique-france,0.55554116,0.4444588
4085_geowiki-landcover-2017,0.5731402,0.4268598
3117_canada,0.46667287,0.5333271
22448_geowiki-landcover-2017,0.4699041,0.53009593
35249_geowiki-landcover-2017,0.39395002,0.60604995
3050_ile-de-france,0.3939499,0.60605013
30183_geowiki-landcover-2017,0.3939499,0.60605013
4852_geowiki-landcover-2017,0.55873233,0.44126764
222_sudan,0.54406095,0.45593905
4013_canada,0.39395,0.60604995
396_rwanda-ceo,0.72079873,0.27920127
250_kenya,0.62859386,0.37140617
587_ile-de-france,0.3939499,0.60605013
14083_geowiki-landcover-2017,0.65433747,0.34566247
4883_ile-de-france,0.39395165,0.60604835
20953_geowiki-landcover-2017,0.46667293,0.53332704
575_togo,0.46667302,0.533327
479_tanzania-ceo,0.630241,0.369759
27148_geowiki-landcover-2017,0.39396286,0.60603714
22_mali-helmets-labelling-crops,0.4666725,0.5333275
33077_geowiki-landcover-2017,0.46667287,0.5333271
974_mali-helmets-labelling-crops,0.46667227,0.53332776
295_reunion-france,0.46667275,0.5333272
3276_geowiki-landcover-2017,0.46667334,0.5333266
20641_geowiki-landcover-2017,0.46667278,0.5333272
4077_central-asia,0.3939499,0.6060501
918_canada,0.4666728,0.5333272
2418_germany,0.39395007,0.60604995
30751_geowiki-landcover-2017,0.49611437,0.5038857
10813_geowiki-landcover-2017,0.39395216,0.60604787
1051_central-asia,0.3939499,0.60605013
992_germany,0.3939499,0.60605013
286_central-asia,0.39395,0.6060501
3920_canada,0.3939499,0.6060501
3050_central-asia,0.39395,0.60605
4493_central-asia,0.3939499,0.60605013
19119_geowiki-landcover-2017,0.466681,0.533319
9417_croplands,0.46667293,0.53332704
9096_geowiki-landcover-2017,0.55552703,0.444473
31881_geowiki-landcover-2017,0.4814637,0.51853627
162_ile-de-france,0.3939499,0.60605013
1368_martinique-france,0.5555302,0.44446978
152_geowiki-landcover-2017,0.63024104,0.3697589
4567_geowiki-landcover-2017,0.4814617,0.5185383
10798_croplands,0.4666735,0.53332657
3414_ile-de-france,0.3939499,0.60605013
27546_geowiki-landcover-2017,0.55553055,0.44446942
17087_geowiki-landcover-2017,0.466673,0.53332704
5630_ile-de-france,0.39395,0.60604995
35626_geowiki-landcover-2017,0.39395,0.60605
17378_geowiki-landcover-2017,0.48146102,0.518539
13402_geowiki-landcover-2017,0.630241,0.369759
12725_geowiki-landcover-2017,0.584434,0.41556597
1093_tanzania-ceo,0.6302408,0.36975926
15156_geowiki-landcover-2017,0.46667275,0.5333272
1922_ile-de-france,0.3939499,0.60605013
17857_geowiki-landcover-2017,0.46990392,0.53009605
23280_geowiki-landcover-2017,0.5440386,0.4559614
2330_martinique-france,0.56995916,0.43004084
5327_ile-de-france,0.3939499,0.60605013
20686_geowiki-landcover-2017,0.48146087,0.51853913
3854_geowiki-landcover-2017,0.4814608,0.5185392
13132_geowiki-landcover-2017,0.4814617,0.5185383
2827_geowiki-landcover-2017,0.46667248,0.5333275
5138_central-asia,0.3939499,0.60605013
4181_ile-de-france,0.3939499,0.60605013
3054_geowiki-landcover-2017,0.5440612,0.45593885
19132_geowiki-landcover-2017,0.49611357,0.5038864
286_ethiopia,0.48151308,0.5184869
10223_croplands,0.5555303,0.4444697
818_martinique-france,0.65436393,0.3456361
3384_canada,0.6543518,0.34564826
21358_geowiki-landcover-2017,0.6437983,0.35620174
12811_croplands,0.46667287,0.5333271
2495_germany,0.46965906,0.53034097
4478_ile-de-france,0.3939499,0.60605013
1559_ile-de-france,0.39395487,0.6060451
34462_geowiki-landcover-2017,0.5440617,0.45593828
528_tanzania-ceo,0.6302369,0.36976308
6919_geowiki-landcover-2017,0.3939499,0.60605013
0_tanzania-ceo,0.72080207,0.2791979
532_reunion-france,0.48146486,0.51853514
13217_geowiki-landcover-2017,0.5699597,0.4300403
4865_geowiki-landcover-2017,0.643799,0.356201
18395_geowiki-landcover-2017,0.3939499,0.60605013
640_ile-de-france,0.3939499,0.60605013
3728_ile-de-france,0.3939499,0.60605013
7885_canada,0.39395148,0.60604846
59_mali-non-crop,0.54406095,0.45593908
689_togo,0.4666735,0.53332657
2567_kenya-non-crop,0.55873233,0.44126773
30523_geowiki-landcover-2017,0.39395034,0.60604966
25668_geowiki-landcover-2017,0.5587312,0.4412688
2269_ile-de-france,0.3939498,0.60605025
4966_central-asia,0.39395052,0.6060495
10634_geowiki-landcover-2017,0.6302387,0.36976126
1006_ile-de-france,0.3939499,0.60605013
454_ethiopia,0.6543534,0.34564662
2568_ile-de-france,0.4699041,0.53009593
34024_geowiki-landcover-2017,0.5440612,0.45593888
1530_reunion-france,0.6543543,0.34564573
27750_geowiki-landcover-2017,0.58443063,0.4155693
1313_ile-de-france,0.3939498,0.6060502
1762_canada,0.39395,0.6060501
40_uganda,0.48147038,0.51852965
22338_geowiki-landcover-2017,0.46667284,0.53332716
4927_central-asia,0.3939499,0.60605013
23241_geowiki-landcover-2017,0.5555303,0.44446966
21669_geowiki-landcover-2017,0.4814607,0.51853925
1850_central-asia,0.3939499,0.60605013
2127_tanzania-ceo,0.46667606,0.533324
5272_canada,0.39395475,0.60604525
17866_geowiki-landcover-2017,0.5699597,0.4300403
18151_geowiki-landcover-2017,0.64379954,0.3562005
8407_geowiki-landcover-2017,0.4666753,0.53332466
27749_geowiki-landcover-2017,0.4657681,0.5342319
212_ethiopia,0.5440609,0.45593917
832_mali-helmets-labelling-crops,0.46667212,0.5333279
1951_kenya-non-crop,0.46667328,0.53332675
4116_geowiki-landcover-2017,0.56995964,0.43004033
4745_central-asia,0.3939499,0.6060501
15143_geowiki-landcover-2017,0.643832,0.35616797
4598_ile-de-france,0.3939499,0.60605013
1654_tanzania-ceo,0.63024104,0.369759
7509_canada,0.46667302,0.53332704
3027_canada,0.5440612,0.45593885
3976_geowiki-landcover-2017,0.39394993,0.6060501
3025_canada,0.54406124,0.45593882
5408_geowiki-landcover-2017,0.4666727,0.5333273
597_togo,0.46667293,0.53332704
4094_ile-de-france,0.39395,0.6060501
2066_rwanda-ceo,0.72080207,0.2791979
33334_geowiki-landcover-2017,0.5555296,0.44447044
16300_geowiki-landcover-2017,0.55553,0.44446996
1396_mali-helmets-labelling-crops,0.46667108,0.53332895
1405_canada,0.46667293,0.53332704
1621_geowiki-landcover-2017,0.55873233,0.44126767
9374_croplands,0.46667367,0.5333263
3400_rwanda-ceo,0.7208017,0.2791983
930_germany,0.4699014,0.5300986
1556_geowiki-landcover-2017,0.5587324,0.4412676
25505_geowiki-landcover-2017,0.5555679,0.4444321
1544_reunion-france,0.5555305,0.4444695
5061_geowiki-landcover-2017,0.48146075,0.51853925
1449_germany,0.39395067,0.60604936
109_kenya-non-crop,0.7207742,0.27922577
10720_croplands,0.6302408,0.36975917
896_togo,0.46669492,0.5333051
6024_canada,0.3939499,0.60605013
13685_croplands,0.4666729,0.5333271
2897_rwanda-ceo,0.6543549,0.3456451
488_croplands,0.46667236,0.53332764
3385_ile-de-france,0.3939499,0.6060501
26054_geowiki-landcover-2017,0.4961137,0.50388634
12465_geowiki-landcover-2017,0.5844337,0.41556633
3088_geowiki-landcover-2017,0.46667218,0.53332776
17975_geowiki-landcover-2017,0.3939499,0.60605013
226_lem-brazil,0.62987137,0.37012863
593_martinique-france,0.46667314,0.5333268
23984_geowiki-landcover-2017,0.46990478,0.5300953
1702_rwanda-ceo,0.630212,0.36978805
3198_rwanda-ceo,0.72080153,0.27919847
18_kenya-non-crop,0.55552953,0.44447047
5510_ile-de-france,0.39395192,0.6060481
971_tanzania-ceo,0.63024104,0.3697589
12480_croplands,0.46667415,0.53332585
19241_geowiki-landcover-2017,0.3940252,0.60597473
30764_geowiki-landcover-2017,0.46667293,0.53332704
430_lem-brazil,0.5440663,0.45593372
30801_geowiki-landcover-2017,0.46975607,0.530244
2228_rwanda-ceo,0.7206965,0.2793035
27453_geowiki-landcover-2017,0.5699589,0.43004104
1518_rwanda-ceo,0.5555302,0.44446978
2750_rwanda-ceo,0.630241,0.36975908
1260_togo,0.46667305,0.533327
4008_central-asia,0.39394993,0.6060501
30626_geowiki-landcover-2017,0.48145947,0.51854056
1794_rwanda-ceo,0.63024104,0.3697589
9361_geowiki-landcover-2017,0.5731401,0.42685995
6308_canada,0.39395,0.6060501
3758_canada,0.39395073,0.6060493
913_central-asia,0.3939549,0.60604507
621_croplands,0.54405797,0.45594206
998_mali-helmets-labelling-crops,0.544058,0.45594195
4975_central-asia,0.3939499,0.60605013
3404_ile-de-france,0.39394984,0.60605013
2455_central-asia,0.3939499,0.60605013
8018_geowiki-landcover-2017,0.63024104,0.3697589
2666_kenya-non-crop,0.6302412,0.36975878
1311_martinique-france,0.5699595,0.43004054
244_kenya-non-crop,0.48146883,0.5185312
17678_geowiki-landcover-2017,0.39395037,0.6060496
27584_geowiki-landcover-2017,0.56995964,0.43004036
289_canada,0.39395,0.6060501
15229_geowiki-landcover-2017,0.64379996,0.35620007
824_rwanda-ceo,0.7208015,0.27919856
1275_geowiki-landcover-2017,0.630241,0.36975905
19_tanzania-ceo,0.7208018,0.27919823
767_ethiopia,0.6572835,0.3427165
1878_geowiki-landcover-2017,0.46667287,0.5333271
16400_geowiki-landcover-2017,0.65435416,0.34564587
1129_geowiki-landcover-2017,0.5440615,0.45593852
49_tanzania-ceo,0.63024116,0.3697588
30540_geowiki-landcover-2017,0.46667293,0.53332704
1395_kenya-non-crop,0.72079575,0.27920425
27753_geowiki-landcover-2017,0.720802,0.279198
5850_geowiki-landcover-2017,0.65435416,0.34564587
25588_geowiki-landcover-2017,0.6302408,0.3697592
4324_central-asia,0.39395,0.60605
13556_geowiki-landcover-2017,0.5699593,0.43004078
4974_canada,0.46990383,0.5300962
2027_martinique-france,0.6543542,0.34564582
6712_canada,0.46159044,0.5384096
596_mali-helmets-labelling-crops,0.4666724,0.5333276
225_croplands,0.39395,0.60604995
1742_reunion-france,0.46667323,0.53332675
1806_canada,0.46667287,0.5333271
633_tanzania-ceo,0.7208013,0.2791987
233_geowiki-landcover-2017,0.64380044,0.35619953
32406_geowiki-landcover-2017,0.3939499,0.60605013
2001_canada,0.46667302,0.533327
16903_geowiki-landcover-2017,0.48238304,0.5176169
20230_geowiki-landcover-2017,0.6302412,0.36975878
4486_ile-de-france,0.3939499,0.60605013
2250_ile-de-france,0.3939499,0.60605013
6472_canada,0.3939903,0.6060097
33662_geowiki-landcover-2017,0.54406095,0.45593905
27046_geowiki-landcover-2017,0.657281,0.342719
551_kenya-non-crop,0.55553263,0.44446734
791_togo,0.46667722,0.5333228
3714_central-asia,0.3939499,0.60605013
1599_geowiki-landcover-2017,0.6302401,0.36975992
186_germany,0.3939499,0.60605013
3682_canada,0.4666686,0.5333314
3731_ile-de-france,0.3939499,0.6060501
779_ile-de-france,0.39395124,0.60604876
2191_martinique-france,0.569955,0.43004504
23_lem-brazil,0.544062,0.45593795
20_tanzania-rice-ecaas,0.6302408,0.3697592
24648_geowiki-landcover-2017,0.65728354,0.34271646
17333_geowiki-landcover-2017,0.6572834,0.34271657
813_rwanda-ceo,0.63024104,0.369759
358_reunion-france,0.654351,0.34564906
1309_tanzania-ceo,0.6543605,0.34563953
3012_rwanda-ceo,0.7208022,0.27919784
1175_germany,0.46990383,0.5300961
18941_geowiki-landcover-2017,0.46667287,0.5333271
369_reunion-france,0.46667293,0.53332704
1079_tanzania-ceo,0.6302381,0.3697619
3120_geowiki-landcover-2017,0.544061,0.45593902
1996_central-asia,0.3939499,0.60605013
781_tanzania-rice-ecaas,0.6302441,0.36975592
677_martinique-france,0.46667287,0.53332716
2172_central-asia,0.3939499,0.60605013
315_mali-helmets-labelling-crops,0.54404765,0.4559523
28372_geowiki-landcover-2017,0.5844341,0.4155659
505_geowiki-landcover-2017,0.5555337,0.44446632
4999_canada,0.3939538,0.6060462
564_canada,0.4666729,0.5333271
17753_geowiki-landcover-2017,0.48146102,0.518539
376_reunion-france,0.4666728,0.5333272
3736_croplands,0.5555304,0.44446957
1749_rwanda-ceo,0.65435195,0.34564805
2254_germany,0.39395002,0.60604995
32478_geowiki-landcover-2017,0.4666735,0.53332657
1691_kenya-non-crop,0.630241,0.369759
35_germany,0.39395025,0.6060498
23947_geowiki-landcover-2017,0.466673,0.53332704
192_croplands,0.39395016,0.60604984
214_uganda,0.5555315,0.4444685
33153_geowiki-landcover-2017,0.46667293,0.53332704
843_central-asia,0.39394993,0.6060501
1013_kenya-non-crop,0.6302404,0.36975965
7496_geowiki-landcover-2017,0.56996965,0.4300304
22022_geowiki-landcover-2017,0.39395183,0.6060481
205_kenya-non-crop,0.5555305,0.4444695
2002_tanzania-ceo,0.63023984,0.36976022
35515_geowiki-landcover-2017,0.48146087,0.51853913
14826_geowiki-landcover-2017,0.7208022,0.27919784
13774_geowiki-landcover-2017,0.6437994,0.35620058
5024_geowiki-landcover-2017,0.65435433,0.34564564
9584_geowiki-landcover-2017,0.56995964,0.43004036
27765_geowiki-landcover-2017,0.63023525,0.3697647
2107_germany,0.3939499,0.60605013
15888_geowiki-landcover-2017,0.630241,0.369759
161_tanzania-rice-ecaas,0.6302409,0.36975908
2994_geowiki-landcover-2017,0.46667254,0.5333275
1221_germany,0.3939513,0.6060487
7589_canada,0.46667287,0.5333271
3426_geowiki-landcover-2017,0.46667245,0.5333276
3627_ile-de-france,0.39394984,0.60605013
777_central-asia,0.46253204,0.537468
1684_central-asia,0.3939499,0.60605013
5121_central-asia,0.3939499,0.60605013
5174_central-asia,0.46990275,0.5300972
2548_central-asia,0.3939499,0.60605013
2454_ile-de-france,0.3939499,0.60605013
277_tanzania,0.5555305,0.44446954
32435_geowiki-landcover-2017,0.39397147,0.6060285
1027_central-asia,0.3939514,0.60604864
731_kenya-non-crop,0.5555305,0.44446954
33598_geowiki-landcover-2017,0.46990463,0.5300954
3018_geowiki-landcover-2017,0.4666723,0.5333277
4455_ile-de-france,0.39395,0.60604995
22668_geowiki-landcover-2017,0.47318053,0.52681947
529_geowiki-landcover-2017,0.72080183,0.27919823
73_mali,0.46667176,0.53332824
13410_geowiki-landcover-2017,0.6543539,0.34564602
1578_germany,0.39394993,0.6060501
2253_tanzania-ceo,0.5699611,0.430039
5524_canada,0.3939499,0.60605013
23052_geowiki-landcover-2017,0.46668842,0.53331155
304_geowiki-landcover-2017,0.63024086,0.36975917
377_togo,0.4666745,0.5333255
4291_croplands,0.39408875,0.6059112
2006_rwanda-ceo,0.7208014,0.27919862
10487_geowiki-landcover-2017,0.4666726,0.53332746
1552_kenya-non-crop,0.46667337,0.5333266
4163_ile-de-france,0.39394984,0.60605013
765_croplands,0.46988901,0.530111
831_martinique-france,0.4666732,0.5333268
7561_canada,0.46667284,0.53332716
1997_rwanda-ceo,0.72080183,0.27919817
6086_geowiki-landcover-2017,0.584434,0.415566
14918_croplands,0.3939503,0.6060497
35829_geowiki-landcover-2017,0.63024074,0.3697593
551_reunion-france,0.5273921,0.47260788
5175_canada,0.46990398,0.530096
26548_geowiki-landcover-2017,0.56995964,0.43004036
1780_kenya-non-crop,0.630241,0.369759
1245_geowiki-landcover-2017,0.630241,0.369759
22400_geowiki-landcover-2017,0.657283,0.342717
4266_geowiki-landcover-2017,0.39394993,0.6060501
2024_kenya-non-crop,0.46667287,0.5333271
1573_germany,0.39395046,0.60604954
27587_geowiki-landcover-2017,0.46667382,0.5333262
4997_canada,0.39396006,0.60603994
22815_geowiki-landcover-2017,0.54406065,0.45593938
1149_central-asia,0.3939499,0.60605013
20394_geowiki-landcover-2017,0.5555303,0.44446963
3097_croplands,0.6543541,0.3456459
6134_ile-de-france,0.39395007,0.60604995
2735_reunion-france,0.5555322,0.44446778
4513_central-asia,0.3939499,0.60605013
14573_geowiki-landcover-2017,0.5555305,0.44446954
1576_tanzania-ceo,0.6300621,0.36993787
21928_geowiki-landcover-2017,0.48146096,0.518539
35230_geowiki-landcover-2017,0.55873233,0.44126773
6258_geowiki-landcover-2017,0.63022554,0.36977452
4233_canada,0.3939506,0.60604936
1430_ile-de-france,0.39395,0.60605
4812_central-asia,0.46982765,0.5301723
7897_canada,0.3939504,0.6060496
4567_canada,0.54031104,0.45968893
3241_geowiki-landcover-2017,0.46667373,0.53332627
15630_geowiki-landcover-2017,0.5697963,0.43020362
22_tanzania-rice-ecaas,0.63024086,0.3697591
1987_ile-de-france,0.3939499,0.6060501
31763_geowiki-landcover-2017,0.46667352,0.5333265
23507_geowiki-landcover-2017,0.46991336,0.53008664
8280_geowiki-landcover-2017,0.5440612,0.45593888
35_rwanda-ceo,0.72080165,0.27919835
12671_geowiki-landcover-2017,0.5440578,0.45594218
10116_geowiki-landcover-2017,0.46990457,0.5300954
1377_canada,0.46667287,0.5333271
8108_geowiki-landcover-2017,0.46667287,0.53332716
5976_geowiki-landcover-2017,0.6572394,0.3427606
4675_central-asia,0.39395,0.6060501
5948_geowiki-landcover-2017,0.65728337,0.34271657
25889_geowiki-landcover-2017,0.39395007,0.60604995
33438_geowiki-landcover-2017,0.5555301,0.44446993
17461_geowiki-landcover-2017,0.4814592,0.5185408
409_croplands,0.48146036,0.5185396
5125_geowiki-landcover-2017,0.6543533,0.34564668
64_germany,0.3939499,0.60605013
12503_geowiki-landcover-2017,0.584434,0.41556603
2759_canada,0.39395,0.60604995
1652_central-asia,0.39394993,0.6060501
988_togo,0.5699599,0.4300401
19917_geowiki-landcover-2017,0.39395007,0.60604995
591_martinique-france,0.56995994,0.43004006
3707_canada,0.4666477,0.5333523
11545_geowiki-landcover-2017,0.63023955,0.36976042
1896_ile-de-france,0.3939499,0.60605013
13511_croplands,0.643799,0.35620102
28821_geowiki-landcover-2017,0.5699608,0.43003923
1000_canada,0.46667287,0.5333271
837_rwanda-ceo,0.63024044,0.36975956
2261_martinique-france,0.56995964,0.43004036
772_togo,0.46667424,0.53332573
4511_ile-de-france,0.39397073,0.6060293
19165_geowiki-landcover-2017,0.6543546,0.3456455
462_central-asia,0.3939499,0.6060501
13808_croplands,0.6302407,0.3697593
2433_rwanda-ceo,0.6302404,0.36975956
2297_rwanda-ceo,0.6302411,0.3697589
33028_geowiki-landcover-2017,0.5844402,0.4155598
1028_togo,0.46667308,0.53332686
27600_geowiki-landcover-2017,0.5699591,0.43004087
13714_croplands,0.46667302,0.53332704
13855_geowiki-landcover-2017,0.46667308,0.53332686
1681_geowiki-landcover-2017,0.5587324,0.4412676
2432_germany,0.3939499,0.6060501
1116_mali-helmets-labelling-crops,0.46667174,0.53332824
2729_canada,0.46667287,0.5333271
2387_tanzania-ceo,0.63024104,0.3697589
12311_geowiki-landcover-2017,0.48146087,0.51853913
3841_croplands,0.4666728,0.5333272
4711_canada,0.46977845,0.5302215
21637_geowiki-landcover-2017,0.58426636,0.41573367
5970_canada,0.39395112,0.6060489
1346_kenya-non-crop,0.6302404,0.36975956
6575_canada,0.39395168,0.6060483
5029_central-asia,0.46990368,0.53009635
1692_martinique-france,0.6543546,0.3456455
7695_geowiki-landcover-2017,0.39395002,0.60604995
1261_martinique-france,0.5555304,0.44446957
25384_geowiki-landcover-2017,0.46990237,0.53009766
4616_croplands,0.54261905,0.45738098
845_croplands,0.3939498,0.6060502
1184_central-asia,0.39395067,0.60604936
3955_canada,0.3939499,0.60605013
33371_geowiki-landcover-2017,0.3939499,0.6060501
2543_central-asia,0.3939499,0.60605013
21207_geowiki-landcover-2017,0.5555304,0.44446957
10666_croplands,0.55552953,0.44447047
8400_geowiki-landcover-2017,0.5555303,0.44446966
1486_rwanda-ceo,0.7208018,0.27919823
30886_geowiki-landcover-2017,0.5587324,0.44126758
1413_central-asia,0.3939499,0.60605013
971_martinique-france,0.56995964,0.43004033
351_canada,0.46667287,0.5333271
29544_geowiki-landcover-2017,0.4666729,0.5333271
7140_canada,0.39399874,0.6060013
14080_croplands,0.5555302,0.44446978
7042_canada,0.39395002,0.60604995
6398_canada,0.39394993,0.6060501
2362_tanzania-ceo,0.630241,0.369759
9149_croplands,0.5440579,0.45594206
3551_geowiki-landcover-2017,0.54406047,0.4559395
1021_ile-de-france,0.3939499,0.60605013
559_togo,0.4666735,0.53332657
136_mali-helmets-labelling-crops,0.46667245,0.5333276
21164_geowiki-landcover-2017,0.39395,0.6060501
777_geowiki-landcover-2017,0.55879205,0.44120795
6865_croplands,0.63024086,0.3697591
159_tanzania-rice-ecaas,0.630241,0.369759
3469_canada,0.5699596,0.43004045
163_germany,0.46990293,0.53009707
2181_canada,0.46990407,0.53009593
12855_croplands,0.54405874,0.4559413
4084_geowiki-landcover-2017,0.3939501,0.6060499
923_kenya-non-crop,0.630241,0.369759
1862_reunion-france,0.72079986,0.2792002
21_togo,0.46667314,0.5333268
191_tanzania-ceo,0.544062,0.45593795
2218_kenya-non-crop,0.6437945,0.35620552
729_rwanda-ceo,0.6543644,0.3456356
2518_reunion-france,0.6543544,0.3456456
25118_geowiki-landcover-2017,0.6437879,0.35621208
2860_central-asia,0.39395204,0.606048
3775_central-asia,0.3939499,0.6060501
14818_geowiki-landcover-2017,0.6543546,0.3456455
9785_geowiki-landcover-2017,0.4666728,0.5333272
370_kenya-non-crop,0.7205303,0.2794697
23986_geowiki-landcover-2017,0.49611732,0.5038827
76_mali-helmets-labelling-crops,0.46667203,0.533328
4018_geowiki-landcover-2017,0.4814608,0.5185392
1166_rwanda-ceo,0.6543547,0.3456453
12488_croplands,0.46667287,0.5333271
69_croplands,0.5440611,0.45593888
1267_mali-helmets-labelling-crops,0.46667176,0.53332824
68_mali,0.46667153,0.53332853
195_croplands,0.46990398,0.530096
16926_geowiki-landcover-2017,0.63024086,0.36975914
4469_ile-de-france,0.4961136,0.5038864
1925_central-asia,0.3939499,0.60605013
4756_canada,0.39395013,0.6060499
25910_geowiki-landcover-2017,0.48146114,0.51853883
2582_geowiki-landcover-2017,0.56995904,0.43004096
171_tanzania,0.555532,0.44446802
1571_kenya-non-crop,0.4666839,0.53331614
35512_geowiki-landcover-2017,0.4666732,0.5333268
5672_canada,0.3939499,0.6060501
3756_geowiki-landcover-2017,0.54405975,0.45594028
34537_geowiki-landcover-2017,0.469904,0.530096
93_mali,0.46667254,0.53332746
2498_reunion-france,0.4711832,0.52881676
205_kenya,0.55553114,0.44446883
219_mali-helmets-labelling-crops,0.46667203,0.533328
1496_geowiki-landcover-2017,0.6302705,0.36972946
688_reunion-france,0.4814618,0.5185382
6184_canada,0.39395,0.6060501
1428_germany,0.3939844,0.60601556
2333_canada,0.4666728,0.5333272
1650_martinique-france,0.56995964,0.43004033
30384_geowiki-landcover-2017,0.49603263,0.50396734
1256_rwanda-ceo,0.63024086,0.36975914
635_tanzania-rice-ecaas,0.5555287,0.44447133
11723_geowiki-landcover-2017,0.5699598,0.43004015
925_reunion-france,0.6282862,0.37171388
1322_ile-de-france,0.3939499,0.6060501
152_rwanda-ceo,0.630241,0.369759
964_canada,0.46667293,0.53332704
7619_canada,0.39402083,0.60597914
2197_reunion-france,0.65435374,0.34564626
18_uganda,0.6302408,0.36975923
4536_ile-de-france,0.3939499,0.60605013
33909_geowiki-landcover-2017,0.469873,0.530127
7038_geowiki-landcover-2017,0.39428565,0.6057143
159_ethiopia,0.5587323,0.44126773
9677_geowiki-landcover-2017,0.46667293,0.53332704
2381_rwanda-ceo,0.72078633,0.27921364
15773_geowiki-landcover-2017,0.5844362,0.41556382
34930_geowiki-landcover-2017,0.39395025,0.6060497
20841_geowiki-landcover-2017,0.48146164,0.51853836
35128_geowiki-landcover-2017,0.39395007,0.60604995
618_canada,0.3939499,0.6060501
1969_canada,0.46667287,0.5333271
26092_geowiki-landcover-2017,0.4666726,0.53332746
6971_geowiki-landcover-2017,0.58443385,0.41556612
3104_rwanda-ceo,0.72080207,0.27919796
24855_geowiki-landcover-2017,0.46990404,0.53009593
5680_ile-de-france,0.39395028,0.6060497
1819_central-asia,0.3939499,0.60605013
11_martinique-france,0.46667287,0.5333271
6487_canada,0.3939499,0.6060501
531_geowiki-landcover-2017,0.63023716,0.36976284
19257_geowiki-landcover-2017,0.5844349,0.41556513
1974_canada,0.4666729,0.5333271
2506_rwanda-ceo,0.65436035,0.3456396
8888_geowiki-landcover-2017,0.6543542,0.34564576
4905_croplands,0.5440664,0.45593354
11026_geowiki-landcover-2017,0.6437997,0.35620028
1470_canada,0.56995934,0.43004063
4172_central-asia,0.39395,0.6060501
196_ethiopia,0.48146755,0.51853245
186_uganda,0.55552995,0.44447002
21865_geowiki-landcover-2017,0.56995964,0.4300404
5717_canada,0.46990564,0.5300943
1608_martinique-france,0.4666752,0.53332484
431_mali-helmets-labelling-crops,0.46667206,0.53332794
18642_geowiki-landcover-2017,0.5699597,0.43004027
844_canada,0.39395538,0.60604465
18318_geowiki-landcover-2017,0.4666716,0.53332835
22099_geowiki-landcover-2017,0.4666753,0.5333247
19249_geowiki-landcover-2017,0.46482423,0.5351758
4781_geowiki-landcover-2017,0.5555306,0.44446933
4978_ile-de-france,0.3939499,0.60605013
3464_ile-de-france,0.39394993,0.6060501
2444_reunion-france,0.584435,0.41556504
31787_geowiki-landcover-2017,0.393951,0.606049
7654_canada,0.3939511,0.60604894
2285_tanzania-ceo,0.5440612,0.45593885
3419_canada,0.5699599,0.43004015
2128_rwanda-ceo,0.72079706,0.27920294
34880_geowiki-landcover-2017,0.39395,0.60604995
697_tanzania-ceo,0.630241,0.369759
34416_geowiki-landcover-2017,0.5699597,0.43004027
3106_ile-de-france,0.39395013,0.6060499
2279_ile-de-france,0.3939499,0.60605013
7146_canada,0.3939499,0.60605013
10074_croplands,0.6302406,0.36975938
1627_martinique-france,0.5555304,0.44446963
8899_geowiki-landcover-2017,0.5555299,0.4444701
470_martinique-france,0.46667305,0.533327
443_croplands,0.39395,0.6060501
2591_reunion-france,0.49612394,0.5038761
34613_geowiki-landcover-2017,0.39395043,0.60604954
4055_ile-de-france,0.39394984,0.60605013
2840_ile-de-france,0.39395,0.60604995
6387_geowiki-landcover-2017,0.46667352,0.5333265
4342_central-asia,0.39395007,0.60604995
13507_geowiki-landcover-2017,0.5699597,0.43004027
6936_geowiki-landcover-2017,0.39395022,0.6060498
347_kenya-non-crop,0.65435475,0.34564522
33009_geowiki-landcover-2017,0.4666728,0.5333272
711_martinique-france,0.46667293,0.53332704
7618_canada,0.3940209,0.60597914
415_germany,0.3939501,0.6060499
371_rwanda-ceo,0.6302399,0.3697601
86_central-asia,0.3939499,0.6060501
291_kenya,0.55553705,0.44446293
10341_geowiki-landcover-2017,0.5440615,0.45593846
255_ethiopia,0.55873233,0.44126767
17762_geowiki-landcover-2017,0.55552995,0.44447005
1423_canada,0.57004076,0.4299592
21611_geowiki-landcover-2017,0.5555304,0.44446957
4411_croplands,0.46667266,0.53332734
4593_croplands,0.5440567,0.45594332
9425_geowiki-landcover-2017,0.5699599,0.43004012
10479_geowiki-landcover-2017,0.5699596,0.43004042
997_canada,0.4698978,0.53010213
5545_geowiki-landcover-2017,0.5555304,0.44446957
30742_geowiki-landcover-2017,0.6437973,0.3562027
21155_geowiki-landcover-2017,0.46667084,0.5333291
337_tanzania-rice-ecaas,0.6302288,0.3697712
179_ile-de-france,0.3939499,0.60605013
6709_geowiki-landcover-2017,0.46667695,0.53332305
4088_geowiki-landcover-2017,0.5587322,0.4412678
35809_geowiki-landcover-2017,0.54406124,0.45593882
147_kenya-non-crop,0.630241,0.369759
430_germany,0.39395037,0.6060496
29926_geowiki-landcover-2017,0.46990454,0.53009546
3214_ile-de-france,0.3939499,0.60605013
4998_geowiki-landcover-2017,0.4814664,0.5185336
753_kenya-non-crop,0.55553365,0.44446632
13100_geowiki-landcover-2017,0.630241,0.369759
12872_croplands,0.46665424,0.53334576
32543_geowiki-landcover-2017,0.3939499,0.6060501
7280_canada,0.4699041,0.5300959
1245_reunion-france,0.63022166,0.3697784
1781_kenya-non-crop,0.630241,0.369759
2595_rwanda-ceo,0.6302409,0.36975908
2690_canada,0.46990377,0.5300963
638_lem-brazil,0.64380586,0.35619414
276_rwanda-ceo,0.55553114,0.44446883
4663_geowiki-landcover-2017,0.48146087,0.5185391
1539_geowiki-landcover-2017,0.630241,0.369759
1485_martinique-france,0.6543543,0.34564573
403_canada,0.4666729,0.5333271
4558_ile-de-france,0.3939499,0.60605013
161_ethiopia,0.55873156,0.44126844
561_martinique-france,0.5555304,0.44446957
33516_geowiki-landcover-2017,0.58443415,0.41556585
1895_kenya-non-crop,0.630241,0.369759
54_reunion-france,0.6034344,0.3965656
2286_rwanda-ceo,0.72078,0.27921999
13685_geowiki-landcover-2017,0.6438001,0.35619992
2379_central-asia,0.3939499,0.6060501
3045_rwanda-ceo,0.63025606,0.36974394
16253_geowiki-landcover-2017,0.55553055,0.44446942
12308_geowiki-landcover-2017,0.55552983,0.44447014
2407_reunion-france,0.5844381,0.41556188
8508_geowiki-landcover-2017,0.5844313,0.41556868
2655_rwanda-ceo,0.55553156,0.44446847
1940_central-asia,0.3939499,0.60605013
3584_ile-de-france,0.39395,0.6060501
860_mali-helmets-labelling-crops,0.4666721,0.53332794
4991_central-asia,0.3939499,0.60605013
1216_tanzania-ceo,0.630241,0.369759
2211_ile-de-france,0.39395007,0.60604995
35017_geowiki-landcover-2017,0.46667323,0.53332675
5314_canada,0.3939499,0.6060501
2136_central-asia,0.3939499,0.60605013
11621_geowiki-landcover-2017,0.72080195,0.27919802
16_togo,0.46667388,0.53332615
1383_mali-helmets-labelling-crops,0.4666764,0.5333236
7237_canada,0.393951,0.606049
8869_geowiki-landcover-2017,0.5555312,0.4444688
1313_central-asia,0.3939499,0.60605013
1796_germany,0.39395183,0.6060481
496_croplands,0.46667275,0.5333273
4156_ile-de-france,0.3939499,0.60605013
15966_geowiki-landcover-2017,0.5555306,0.44446942
360_tanzania-ceo,0.63027394,0.36972612
2815_ile-de-france,0.3939499,0.60605013
1782_martinique-france,0.5699597,0.4300403
9990_geowiki-landcover-2017,0.64379954,0.35620043
3515_ile-de-france,0.3939499,0.60605013
33703_geowiki-landcover-2017,0.39395,0.6060501
12401_geowiki-landcover-2017,0.6543539,0.34564608
22474_geowiki-landcover-2017,0.3939545,0.6060455
32032_geowiki-landcover-2017,0.3939499,0.60605013
123_germany,0.3939499,0.60605013
3866_ile-de-france,0.39394993,0.6060501
2352_ile-de-france,0.3939499,0.60605013
9967_geowiki-landcover-2017,0.46667284,0.53332716
482_kenya-non-crop,0.5587401,0.44125992
438_tanzania-ceo,0.72079134,0.27920863
10_ile-de-france,0.39395064,0.60604936
708_togo,0.5699689,0.43003118
22017_geowiki-landcover-2017,0.46667287,0.53332716
29803_geowiki-landcover-2017,0.5587324,0.44126758
24155_geowiki-landcover-2017,0.5699599,0.43004012
2467_reunion-france,0.55567485,0.44432515
19191_geowiki-landcover-2017,0.4814608,0.5185392
19177_geowiki-landcover-2017,0.39395043,0.6060496
1048_germany,0.3939499,0.6060501
41_ethiopia,0.55873233,0.44126773
7136_geowiki-landcover-2017,0.39395,0.60604995
2751_rwanda-ceo,0.72080207,0.27919796
5168_canada,0.4699035,0.53009653
4371_canada,0.39395,0.6060501
1396_ile-de-france,0.39395007,0.60604995
2170_tanzania-ceo,0.6543645,0.34563544
25146_geowiki-landcover-2017,0.46667355,0.53332645
4591_canada,0.39395076,0.60604924
972_tanzania-ceo,0.5555304,0.4444696
9507_geowiki-landcover-2017,0.46667254,0.53332746
6977_croplands,0.5555305,0.44446954
2199_croplands,0.6302406,0.36975938
5920_ile-de-france,0.39395,0.60605
33434_geowiki-landcover-2017,0.5731374,0.4268626
35329_geowiki-landcover-2017,0.5440612,0.45593882
3548_rwanda-ceo,0.7154486,0.28455132
1178_martinique-france,0.46667287,0.5333271
4738_ile-de-france,0.3939499,0.60605013
826_reunion-france,0.65728563,0.34271437
1451_kenya-non-crop,0.5440611,0.45593888
2526_rwanda-ceo,0.7208021,0.2791979
4358_central-asia,0.3939499,0.60605013
1939_rwanda-ceo,0.63022923,0.36977074
1644_geowiki-landcover-2017,0.62935704,0.37064293
25412_geowiki-landcover-2017,0.65435416,0.34564587
3992_canada,0.39395,0.6060501
973_ile-de-france,0.39395016,0.6060498
15651_geowiki-landcover-2017,0.5587322,0.4412678
93_kenya-non-crop,0.63023376,0.3697662
30340_geowiki-landcover-2017,0.46669206,0.5333079
4054_ile-de-france,0.3939499,0.60605013
286_tanzania-rice-ecaas,0.5555304,0.4444696
2468_canada,0.39395007,0.60604995
33135_geowiki-landcover-2017,0.3939513,0.6060487
4503_croplands,0.4666718,0.5333282
3742_central-asia,0.3939499,0.60605013
441_croplands,0.39395043,0.60604954
2036_rwanda-ceo,0.6543544,0.3456456
1196_germany,0.39395016,0.60604984
1820_martinique-france,0.6543544,0.3456456
31508_geowiki-landcover-2017,0.46667036,0.53332967
414_germany,0.3939541,0.6060459
2226_reunion-france,0.48146313,0.51853687
2275_kenya-non-crop,0.46667314,0.53332686
1441_martinique-france,0.56996244,0.43003756
568_tanzania-ceo,0.63024104,0.3697589
79_croplands,0.46667308,0.5333269
584_central-asia,0.3939499,0.60605013
1182_ile-de-france,0.3939499,0.6060501
23246_geowiki-landcover-2017,0.46990415,0.5300959
32515_geowiki-landcover-2017,0.5587324,0.44126758
1872_central-asia,0.3939498,0.60605013
25922_geowiki-landcover-2017,0.4814609,0.5185391
1173_mali-helmets-labelling-crops,0.46667185,0.5333281
745_togo,0.54406005,0.45594
16076_geowiki-landcover-2017,0.5699785,0.43002155
1367_central-asia,0.39394984,0.60605013
1205_martinique-france,0.4666732,0.5333268
35087_geowiki-landcover-2017,0.4814578,0.5185422
7153_geowiki-landcover-2017,0.46990418,0.5300958
1249_reunion-france,0.39395365,0.6060464
4549_canada,0.46990424,0.53009576
2988_canada,0.46990457,0.53009546
24120_geowiki-landcover-2017,0.4814608,0.51853913
6414_geowiki-landcover-2017,0.48146087,0.5185391
24346_geowiki-landcover-2017,0.5440617,0.45593825
124_central-asia,0.39395264,0.60604733
10133_geowiki-landcover-2017,0.54406124,0.45593876
1731_ile-de-france,0.39395,0.6060501
3365_ile-de-france,0.46990263,0.53009737
19_sudan,0.5440603,0.4559397
52_mali-non-crop,0.6437997,0.35620028
34379_geowiki-landcover-2017,0.39395025,0.6060497
12036_geowiki-landcover-2017,0.5555303,0.44446966
248_kenya,0.5555303,0.4444697
12618_croplands,0.56995964,0.43004033
1254_togo,0.46667293,0.53332704
985_rwanda-ceo,0.5555303,0.44446966
2638_canada,0.3939499,0.60605013
13816_croplands,0.5555305,0.44446954
12_zimbabwe,0.55553025,0.44446975
935_croplands,0.466672,0.533328
21192_geowiki-landcover-2017,0.39395216,0.60604787
4030_ile-de-france,0.3939499,0.60605013
4341_central-asia,0.39394993,0.6060501
12330_geowiki-landcover-2017,0.5555306,0.44446942
16216_geowiki-landcover-2017,0.46667343,0.53332657
702_tanzania-ceo,0.7208021,0.2791979
13487_croplands,0.46667624,0.53332376
243_mali-helmets-labelling-crops,0.46667254,0.53332746
4556_canada,0.469904,0.530096
37_togo,0.466673,0.53332704
5957_geowiki-landcover-2017,0.54404366,0.45595634
22201_geowiki-landcover-2017,0.466673,0.53332704
4_uganda,0.72053367,0.27946633
33_kenya-non-crop,0.6543592,0.34564075
772_canada,0.4666735,0.53332657
25726_geowiki-landcover-2017,0.5844346,0.4155653
7341_canada,0.39395007,0.6060499
5168_central-asia,0.39394993,0.6060501
6856_canada,0.39398918,0.60601085
294_kenya-non-crop,0.5555303,0.44446966
5058_central-asia,0.39395016,0.6060498
1840_kenya-non-crop,0.6302409,0.36975908
18123_geowiki-landcover-2017,0.54406124,0.4559388
1716_reunion-france,0.5699668,0.43003318
3861_ile-de-france,0.39395532,0.60604465
2423_canada,0.3939499,0.60605013
1865_geowiki-landcover-2017,0.5699603,0.4300397
2284_canada,0.39395,0.6060501
2455_kenya-non-crop,0.46667302,0.533327
1076_rwanda-ceo,0.63023996,0.36976004
6599_canada,0.3939499,0.6060501
17740_geowiki-landcover-2017,0.57317466,0.4268253
404_canada,0.46667287,0.5333271
1230_croplands,0.46667367,0.5333263
20978_geowiki-landcover-2017,0.46666414,0.53333586
954_canada,0.46667293,0.53332704
1908_germany,0.39395046,0.60604954
1221_kenya-non-crop,0.63023823,0.36976174
1591_canada,0.39395002,0.60604995
2441_central-asia,0.3939499,0.60605013
160_ile-de-france,0.3939499,0.60605013
2978_canada,0.3939502,0.6060498
4701_croplands,0.476193,0.523807
27006_geowiki-landcover-2017,0.4814438,0.5185562
172_kenya-non-crop,0.7208021,0.2791979
9964_croplands,0.5555308,0.44446927
748_martinique-france,0.46667293,0.53332704
6556_geowiki-landcover-2017,0.64379185,0.35620815
1789_germany,0.3939499,0.60605013
16592_geowiki-landcover-2017,0.4666728,0.5333272
1246_canada,0.46667287,0.53332716
777_martinique-france,0.46667293,0.53332704
5972_geowiki-landcover-2017,0.48146078,0.5185392
550_kenya-non-crop,0.6316475,0.3683525
32628_geowiki-landcover-2017,0.46667308,0.5333269
2129_geowiki-landcover-2017,0.6438252,0.35617486
31620_geowiki-landcover-2017,0.630241,0.369759
4683_canada,0.39395693,0.60604304
748_mali-helmets-labelling-crops,0.4666719,0.5333281
2371_martinique-france,0.56995994,0.43004
18486_geowiki-landcover-2017,0.54406065,0.4559393
3353_geowiki-landcover-2017,0.46668312,0.5333169
27261_geowiki-landcover-2017,0.48147196,0.51852804
5292_ile-de-france,0.3939501,0.6060499
1065_tanzania-ceo,0.7208021,0.2791979
1735_kenya-non-crop,0.630241,0.369759
2501_kenya-non-crop,0.72080195,0.27919805
11968_geowiki-landcover-2017,0.5555305,0.44446948
777_rwanda-ceo,0.63024104,0.3697589
4283_central-asia,0.39395007,0.60604995
2649_central-asia,0.3939499,0.60605013
28734_geowiki-landcover-2017,0.39395034,0.60604966
354_ile-de-france,0.39395,0.6060501
2423_central-asia,0.3939499,0.60605013
605_lem-brazil,0.544073,0.45592695
625_canada,0.46667287,0.5333271
3378_rwanda-ceo,0.63024104,0.369759
4742_central-asia,0.3939503,0.6060497
2719_geowiki-landcover-2017,0.4666724,0.5333276
2772_geowiki-landcover-2017,0.4666721,0.53332794
4400_canada,0.39395016,0.60604984
2391_reunion-france,0.628287,0.37171298
28158_geowiki-landcover-2017,0.46667245,0.5333275
831_germany,0.39395234,0.6060477
2892_ile-de-france,0.39395022,0.6060498
2896_croplands,0.5555304,0.44446963
1675_tanzania-ceo,0.5440612,0.45593888
14061_geowiki-landcover-2017,0.48146105,0.51853895
1532_germany,0.3939499,0.60605013
740_canada,0.46668512,0.5333149
645_lem-brazil,0.5440889,0.45591107
6117_canada,0.39395,0.60605
3234_ile-de-france,0.3939499,0.60605013
583_ethiopia,0.5555305,0.4444695
11840_geowiki-landcover-2017,0.6302411,0.3697589
8966_geowiki-landcover-2017,0.5555306,0.44446942
13547_geowiki-landcover-2017,0.54406106,0.45593888
994_reunion-france,0.54412353,0.4558765
236_mali-helmets-labelling-crops,0.4666726,0.53332734
339_ethiopia,0.4814613,0.5185387
24723_geowiki-landcover-2017,0.4814609,0.5185391
16830_geowiki-landcover-2017,0.6302378,0.36976215
232_reunion-france,0.6437788,0.35622123
4692_ile-de-france,0.3939499,0.60605013
10852_geowiki-landcover-2017,0.5587288,0.44127122
9440_croplands,0.46667293,0.53332704
20531_geowiki-landcover-2017,0.55881405,0.44118592
18027_geowiki-landcover-2017,0.5555304,0.44446963
30966_geowiki-landcover-2017,0.39395016,0.60604984
5683_ile-de-france,0.39394984,0.60605013
1540_croplands,0.6543027,0.34569725
1950_canada,0.46667287,0.5333271
23424_geowiki-landcover-2017,0.5699731,0.43002692
2622_kenya-non-crop,0.6302408,0.3697592
2641_rwanda-ceo,0.7208022,0.27919778
4964_central-asia,0.3939499,0.60605013
19283_geowiki-landcover-2017,0.39395347,0.60604656
772_tanzania-rice-ecaas,0.63023734,0.3697627
2076_geowiki-landcover-2017,0.5844345,0.41556552
1034_germany,0.46990374,0.5300963
11394_geowiki-landcover-2017,0.4814611,0.5185389
310_sudan,0.6437957,0.35620427
15733_geowiki-landcover-2017,0.46990463,0.5300954
14159_croplands,0.46667293,0.53332704
31707_geowiki-landcover-2017,0.39395073,0.6060493
7129_canada,0.39395148,0.6060485
652_ile-de-france,0.39395,0.6060501
74_togo,0.4666735,0.5333265
2161_canada,0.39395443,0.6060456
17080_geowiki-landcover-2017,0.48145577,0.5185442
695_martinique-france,0.46667293,0.53332704
1653_reunion-france,0.65435046,0.34564957
915_ile-de-france,0.3939499,0.60605013
24935_geowiki-landcover-2017,0.49611378,0.5038862
39_ile-de-france,0.39394993,0.6060501
947_croplands,0.4699043,0.53009576
25961_geowiki-landcover-2017,0.46667373,0.53332627
1253_ile-de-france,0.3939498,0.60605013
2045_kenya-non-crop,0.4666729,0.5333271
412_rwanda-ceo,0.6543557,0.3456443
3210_geowiki-landcover-2017,0.4666734,0.5333266
1463_martinique-france,0.46667758,0.5333224
4249_canada,0.4961138,0.50388616
290_tanzania-ceo,0.46981424,0.53018576
20011_geowiki-landcover-2017,0.5443673,0.45563266
405_reunion-france,0.49611714,0.5038828
362_rwanda-ceo,0.6543536,0.34564632
668_central-asia,0.3939499,0.60605013
206_martinique-france,0.5555188,0.44448125
1030_mali-helmets-labelling-crops,0.46667218,0.5333278
1299_kenya-non-crop,0.558735,0.441265
32208_geowiki-landcover-2017,0.39394993,0.6060501
1203_martinique-france,0.46667302,0.53332704
28991_geowiki-landcover-2017,0.58443415,0.41556585
6445_canada,0.3939499,0.60605013
133_mali,0.46667254,0.5333275
2638_kenya-non-crop,0.72079974,0.2792003
32085_geowiki-landcover-2017,0.39395016,0.60604984
6707_croplands,0.63024104,0.3697589
17663_geowiki-landcover-2017,0.39395,0.60605
5837_croplands,0.5440605,0.45593944
386_togo,0.46667302,0.533327
6675_croplands,0.5555304,0.44446957
4792_ile-de-france,0.3939499,0.60605013
17428_geowiki-landcover-2017,0.39395463,0.6060453
1000_reunion-france,0.5699595,0.43004048
5760_geowiki-landcover-2017,0.6437869,0.35621303
5007_ile-de-france,0.3939499,0.60605013
148_tanzania-ceo,0.630241,0.369759
12478_geowiki-landcover-2017,0.46990505,0.530095
10504_croplands,0.5555304,0.44446963
281_rwanda-ceo,0.55553544,0.4444646
6608_canada,0.49611273,0.5038873
15017_geowiki-landcover-2017,0.55553055,0.44446948
1008_canada,0.46667287,0.5333271
7149_geowiki-landcover-2017,0.3939537,0.6060463
2242_martinique-france,0.56997883,0.4300211
1459_martinique-france,0.5699602,0.4300398
9498_croplands,0.55555135,0.4444486
627_germany,0.39395016,0.6060498
4953_geowiki-landcover-2017,0.5587316,0.44126832
31329_geowiki-landcover-2017,0.559571,0.4404289
1705_rwanda-ceo,0.7207902,0.2792098
33767_geowiki-landcover-2017,0.3939499,0.60605013
35028_geowiki-landcover-2017,0.46989855,0.5301015
8558_geowiki-landcover-2017,0.5587329,0.44126713
12083_geowiki-landcover-2017,0.46667606,0.533324
15055_geowiki-landcover-2017,0.5699596,0.4300404
1483_central-asia,0.3939499,0.60605013
2071_geowiki-landcover-2017,0.6302408,0.36975917
1212_geowiki-landcover-2017,0.46667355,0.5333264
2385_ile-de-france,0.3939499,0.60605013
2593_rwanda-ceo,0.720802,0.279198
5030_ile-de-france,0.3939499,0.60605013
409_central-asia,0.46990302,0.53009695
18937_geowiki-landcover-2017,0.46667328,0.53332675
1566_tanzania-ceo,0.630241,0.369759
2855_ile-de-france,0.39395,0.6060501
31961_geowiki-landcover-2017,0.4666473,0.5333527
705_martinique-france,0.4666729,0.5333271
446_lem-brazil,0.630236,0.36976397
810_lem-brazil,0.6302401,0.36975995
223_tanzania-rice-ecaas,0.63024145,0.3697586
35678_geowiki-landcover-2017,0.630241,0.36975908
1493_mali-helmets-labelling-crops,0.46667016,0.53332984
2285_central-asia,0.3939499,0.60605013
2143_central-asia,0.3939499,0.60605013
12107_geowiki-landcover-2017,0.46990463,0.53009534
137_tanzania-rice-ecaas,0.630241,0.369759
3908_central-asia,0.3939499,0.60605013
559_reunion-france,0.60345626,0.3965437
33622_geowiki-landcover-2017,0.63023776,0.36976227
2400_martinique-france,0.5699594,0.43004063
3409_canada,0.4961138,0.50388616
1587_reunion-france,0.65435576,0.34564424
766_canada,0.46668425,0.5333157
15696_geowiki-landcover-2017,0.62996775,0.37003228
491_canada,0.4666729,0.5333271
3838_ile-de-france,0.3939499,0.60605013
6472_geowiki-landcover-2017,0.5699593,0.43004072
149_mali-helmets-labelling-crops,0.46667257,0.53332746
2458_canada,0.39395013,0.6060499
9910_geowiki-landcover-2017,0.65435386,0.3456461
1053_kenya-non-crop,0.6302404,0.36975962
1135_rwanda-ceo,0.720802,0.279198
1248_kenya-non-crop,0.54406124,0.4559388
573_ethiopia,0.55553114,0.44446886
356_tanzania,0.5555303,0.44446963
1949_geowiki-landcover-2017,0.6543535,0.34564653
148_martinique-france,0.5699594,0.43004054
32_canada,0.544061,0.45593897
236_ile-de-france,0.3939499,0.60605013
25_sudan,0.5440609,0.45593917
17251_geowiki-landcover-2017,0.55553055,0.44446942
2554_ile-de-france,0.4699012,0.5300988
1873_central-asia,0.3939499,0.60605013
36_kenya,0.65435493,0.34564504
4242_canada,0.39395112,0.60604894
1962_central-asia,0.3939499,0.60605013
1312_martinique-france,0.56996405,0.43003598
23094_geowiki-landcover-2017,0.49611405,0.5038859
18689_geowiki-landcover-2017,0.5440611,0.45593888
874_ile-de-france,0.3939499,0.60605013
1902_canada,0.466685,0.533315
7646_canada,0.3939516,0.6060484
23465_geowiki-landcover-2017,0.65435433,0.3456457
33474_geowiki-landcover-2017,0.495394,0.504606
20418_geowiki-landcover-2017,0.4814615,0.51853853
88_lem-brazil,0.55553,0.44446993
12858_croplands,0.46665102,0.5333489
857_croplands,0.39395067,0.60604936
13286_geowiki-landcover-2017,0.5844343,0.4155657
3852_central-asia,0.3939499,0.6060501
14821_geowiki-landcover-2017,0.53762436,0.4623756
2894_croplands,0.55553025,0.44446972
744_ile-de-france,0.39395,0.6060501
353_reunion-france,0.46667266,0.53332734
2973_geowiki-landcover-2017,0.46667224,0.53332776
20713_geowiki-landcover-2017,0.3942094,0.6057906
14706_croplands,0.46667314,0.53332686
402_reunion-france,0.46667302,0.533327
4750_geowiki-landcover-2017,0.65435433,0.34564564
5754_geowiki-landcover-2017,0.5699598,0.43004015
1648_geowiki-landcover-2017,0.5440608,0.4559392
1614_germany,0.3939579,0.6060421
1419_central-asia,0.3939499,0.60605013
6100_geowiki-landcover-2017,0.49632448,0.5036755
385_germany,0.39394993,0.6060501
30982_geowiki-landcover-2017,0.58443147,0.41556853
1061_mali-helmets-labelling-crops,0.4666717,0.5333283
1691_reunion-france,0.4961189,0.50388116
301_tanzania-rice-ecaas,0.630241,0.36975908
966_canada,0.46667287,0.5333271
1435_central-asia,0.39394984,0.60605013
935_mali-helmets-labelling-crops,0.5440602,0.4559398
233_tanzania,0.55553013,0.44446984
660_central-asia,0.46990392,0.5300961
29_mali,0.46667165,0.53332835
12581_croplands,0.46667293,0.53332704
8260_geowiki-landcover-2017,0.630241,0.369759
6698_croplands,0.5555304,0.4444696
6936_canada,0.5699585,0.43004146
3101_central-asia,0.3939499,0.60605013
20498_geowiki-landcover-2017,0.46990398,0.53009605
24308_geowiki-landcover-2017,0.46667284,0.53332716
14176_geowiki-landcover-2017,0.6302411,0.3697589
3455_canada,0.56995964,0.43004036
3906_geowiki-landcover-2017,0.39395022,0.6060498
6102_canada,0.39395124,0.60604876
24523_geowiki-landcover-2017,0.57154125,0.42845875
1281_ile-de-france,0.3939498,0.6060502
1483_tanzania-ceo,0.55553097,0.44446903
103_kenya,0.63023984,0.3697602
21082_geowiki-landcover-2017,0.46667287,0.5333271
3309_rwanda-ceo,0.72080207,0.27919787
917_croplands,0.5555328,0.44446716
108_geowiki-landcover-2017,0.5844357,0.41556424
13620_geowiki-landcover-2017,0.54296094,0.45703906
24590_geowiki-landcover-2017,0.55873185,0.44126812
26634_geowiki-landcover-2017,0.5555305,0.4444695
1017_tanzania-ceo,0.7208021,0.2791979
13811_croplands,0.5555303,0.44446966
1386_central-asia,0.39394993,0.6060501
5924_geowiki-landcover-2017,0.46667328,0.53332675
1456_central-asia,0.39394993,0.6060501
6375_geowiki-landcover-2017,0.39395,0.6060501
4641_canada,0.39395,0.60604995
2808_rwanda-ceo,0.5555305,0.44446948
26393_geowiki-landcover-2017,0.4666757,0.5333243
13169_geowiki-landcover-2017,0.5699596,0.4300404
27280_geowiki-landcover-2017,0.46668497,0.533315
18060_geowiki-landcover-2017,0.5440611,0.45593888
840_kenya-non-crop,0.63024056,0.36975938
7318_canada,0.54389334,0.4561067
8844_croplands,0.46667314,0.5333268
33525_geowiki-landcover-2017,0.55873144,0.44126856
4952_canada,0.46667182,0.5333282
1037_germany,0.39395002,0.60604995
92_croplands,0.46667328,0.53332675
402_canada,0.46667287,0.5333271
3082_croplands,0.5555305,0.44446948
2889_central-asia,0.3939499,0.60605013
747_kenya-non-crop,0.5555303,0.44446963
10677_croplands,0.5555302,0.44446984
19244_geowiki-landcover-2017,0.4667969,0.53320307
4126_geowiki-landcover-2017,0.4666734,0.5333266
50_kenya-non-crop,0.6543477,0.34565228
2940_canada,0.46997797,0.530022
662_togo,0.46667293,0.53332704
1588_martinique-france,0.5555305,0.4444695
280_sudan,0.5440609,0.45593917
98_uganda,0.5555325,0.44446748
4268_central-asia,0.46990317,0.5300968
977_martinique-france,0.5699597,0.43004027
5389_geowiki-landcover-2017,0.48146078,0.5185392
303_ethiopia,0.5587283,0.44127175
15954_geowiki-landcover-2017,0.39395934,0.60604066
18226_geowiki-landcover-2017,0.5844341,0.41556588
13742_geowiki-landcover-2017,0.64379996,0.35619998
2103_kenya-non-crop,0.7208022,0.2791978
391_tanzania,0.65435416,0.34564587
3088_rwanda-ceo,0.5555307,0.4444693
20067_geowiki-landcover-2017,0.46991804,0.530082
5025_ile-de-france,0.3939499,0.60605013
1166_reunion-france,0.6542906,0.34570935
11657_croplands,0.54406095,0.45593902
4_sudan,0.5440607,0.45593926
2065_rwanda-ceo,0.7208014,0.2791986
2338_canada,0.46667266,0.53332734
199_ile-de-france,0.3939499,0.60605013
23711_geowiki-landcover-2017,0.5555305,0.44446954
29436_geowiki-landcover-2017,0.39395028,0.6060497
12617_croplands,0.466673,0.53332704
1638_tanzania-ceo,0.6302357,0.3697644
985_geowiki-landcover-2017,0.5440574,0.45594257
1766_germany,0.39394993,0.6060501
4984_central-asia,0.39395,0.6060501
26623_geowiki-landcover-2017,0.56995934,0.43004066
15560_geowiki-landcover-2017,0.5554875,0.44451252
1962_rwanda-ceo,0.5555306,0.44446942
1273_martinique-france,0.4666764,0.5333236
5951_geowiki-landcover-2017,0.5440609,0.45593917
27623_geowiki-landcover-2017,0.54406035,0.4559396
2624_ile-de-france,0.3939499,0.6060501
14690_croplands,0.46667293,0.53332704
832_croplands,0.3939499,0.60605013
30779_geowiki-landcover-2017,0.39395007,0.60604995
1051_kenya-non-crop,0.63024133,0.36975867
339_tanzania-rice-ecaas,0.63024104,0.3697589
406_kenya-non-crop,0.7207937,0.27920628
22410_geowiki-landcover-2017,0.58457786,0.41542217
2264_croplands,0.46667454,0.5333255
1763_germany,0.3939499,0.6060501
2795_geowiki-landcover-2017,0.4666728,0.5333272
3964_central-asia,0.39394993,0.6060501
3887_geowiki-landcover-2017,0.4814604,0.5185396
1222_togo,0.5699604,0.43003958
31777_geowiki-landcover-2017,0.49611327,0.5038867
25069_geowiki-landcover-2017,0.466673,0.53332704
31667_geowiki-landcover-2017,0.46667308,0.53332686
2844_central-asia,0.3939499,0.60605013
693_canada,0.3939541,0.60604596
12728_geowiki-landcover-2017,0.49611712,0.5038829
4495_ile-de-france,0.3939499,0.60605013
95_tanzania-ceo,0.6302438,0.36975616
12605_croplands,0.46667287,0.5333271
4733_ile-de-france,0.3939499,0.60605013
17454_geowiki-landcover-2017,0.6543545,0.34564552
3690_canada,0.46666387,0.5333361
48_lem-brazil,0.5442221,0.4557779
29142_geowiki-landcover-2017,0.4666727,0.5333273
2215_rwanda-ceo,0.6302411,0.3697589
471_lem-brazil,0.54406786,0.45593217
942_geowiki-landcover-2017,0.46667302,0.53332704
13342_geowiki-landcover-2017,0.5844341,0.41556588
18774_geowiki-landcover-2017,0.57313347,0.42686653
803_ethiopia,0.6302406,0.36975938
4142_central-asia,0.39395,0.6060501
16713_geowiki-landcover-2017,0.56995994,0.4300401
8687_geowiki-landcover-2017,0.46990478,0.5300952
2918_canada,0.569952,0.43004805
34697_geowiki-landcover-2017,0.4699025,0.53009754
4939_croplands,0.46667537,0.5333246
2485_geowiki-landcover-2017,0.46667266,0.53332734
497_tanzania-ceo,0.54411805,0.45588192
5844_geowiki-landcover-2017,0.5555786,0.4444214
12846_croplands,0.54405993,0.45594007
1206_togo,0.54391354,0.45608646
6704_canada,0.39395225,0.60604775
32130_geowiki-landcover-2017,0.39395148,0.6060485
35142_geowiki-landcover-2017,0.5440459,0.45595407
14990_geowiki-landcover-2017,0.5440577,0.45594227
4383_croplands,0.46667275,0.5333273
26119_geowiki-landcover-2017,0.39395,0.60604995
7109_geowiki-landcover-2017,0.39395052,0.6060495
210_germany,0.39395112,0.6060489
19686_geowiki-landcover-2017,0.5554895,0.4445105
2248_kenya-non-crop,0.6438004,0.3561996
8249_geowiki-landcover-2017,0.6543493,0.3456507
737_kenya-non-crop,0.5555304,0.44446963
1169_reunion-france,0.6302408,0.3697592
4669_croplands,0.4666712,0.5333288
16491_geowiki-landcover-2017,0.46667328,0.5333267
6200_geowiki-landcover-2017,0.55553055,0.44446948
406_togo,0.4666729,0.5333271
1911_rwanda-ceo,0.72080207,0.27919796
4987_canada,0.469903,0.530097
16707_geowiki-landcover-2017,0.46667728,0.5333227
26062_geowiki-landcover-2017,0.48146087,0.51853913
5398_ile-de-france,0.3939499,0.60605013
3056_rwanda-ceo,0.5555317,0.44446832
673_togo,0.5440569,0.4559431
3156_canada,0.39395,0.60605
209_tanzania-rice-ecaas,0.630241,0.36975908
817_ile-de-france,0.39394993,0.6060501
6152_geowiki-landcover-2017,0.46667257,0.53332746
648_central-asia,0.3939499,0.6060501
4907_croplands,0.4666751,0.5333249
802_ile-de-france,0.3939499,0.6060501
3233_canada,0.56995964,0.4300404
13981_croplands,0.55553025,0.44446975
1595_rwanda-ceo,0.7208007,0.27919933
3475_central-asia,0.3939499,0.60605013
1835_rwanda-ceo,0.63024104,0.369759
1067_tanzania-ceo,0.5699607,0.43003923
9530_geowiki-landcover-2017,0.54405653,0.45594347
13524_croplands,0.46667334,0.5333266
5961_canada,0.39395192,0.60604805
25925_geowiki-landcover-2017,0.46667188,0.5333281
1234_tanzania-ceo,0.65435475,0.34564522
9013_geowiki-landcover-2017,0.5699597,0.43004027
938_canada,0.46667287,0.5333271
808_togo,0.46667472,0.5333253
2130_tanzania-ceo,0.72080207,0.2791979
33268_geowiki-landcover-2017,0.39394993,0.6060501
180_kenya,0.5555311,0.44446898
8584_geowiki-landcover-2017,0.6302412,0.36975878
15246_geowiki-landcover-2017,0.6302477,0.36975226
3350_central-asia,0.3939498,0.60605013
1222_croplands,0.4666699,0.5333301
635_martinique-france,0.46667397,0.533326
4579_central-asia,0.3939499,0.60605013
3078_rwanda-ceo,0.6543543,0.34564573
8851_croplands,0.46667358,0.5333264
1528_geowiki-landcover-2017,0.5440588,0.4559412
10617_croplands,0.63023716,0.36976287
1301_canada,0.4666729,0.5333271
14639_geowiki-landcover-2017,0.4814608,0.51853913
32596_geowiki-landcover-2017,0.39394984,0.60605013
1561_reunion-france,0.603454,0.39654604
5362_geowiki-landcover-2017,0.46667284,0.53332716
23028_geowiki-landcover-2017,0.54406035,0.45593962
201_rwanda-ceo,0.72080183,0.27919823
9222_croplands,0.54406106,0.45593894
474_geowiki-landcover-2017,0.46667293,0.53332704
7359_geowiki-landcover-2017,0.55872214,0.44127792
6729_canada,0.3939513,0.6060487
2083_geowiki-landcover-2017,0.46667537,0.5333246
436_kenya-non-crop,0.65728515,0.34271482
2624_kenya-non-crop,0.63024086,0.36975914
31953_geowiki-landcover-2017,0.4814608,0.51853913
7741_canada,0.46664608,0.53335387
120_tanzania-rice-ecaas,0.6302404,0.36975962
3534_ile-de-france,0.3939499,0.6060501
26495_geowiki-landcover-2017,0.5555303,0.4444697
27245_geowiki-landcover-2017,0.4814609,0.5185391
16859_geowiki-landcover-2017,0.5844345,0.41556555
9544_geowiki-landcover-2017,0.6543542,0.34564582
212_ile-de-france,0.3939499,0.6060501
45_canada,0.56995964,0.43004036
10059_croplands,0.5555303,0.44446963
3144_ile-de-france,0.3939499,0.6060501
460_ile-de-france,0.3939499,0.60605013
12806_croplands,0.46667957,0.5333204
23380_geowiki-landcover-2017,0.4699029,0.53009707
11544_geowiki-landcover-2017,0.63024104,0.369759
17210_geowiki-landcover-2017,0.6543542,0.34564576
1038_central-asia,0.3939499,0.60605013
3348_ile-de-france,0.39394993,0.6060501
1028_croplands,0.39395532,0.6060447
12986_croplands,0.46667472,0.5333253
22784_geowiki-landcover-2017,0.3939499,0.60605013
698_ile-de-france,0.39395,0.60604995
201_tanzania,0.6302389,0.36976117
2233_kenya-non-crop,0.466675,0.533325
31463_geowiki-landcover-2017,0.46668062,0.53331935
1481_tanzania-ceo,0.630241,0.369759
803_martinique-france,0.46667352,0.5333265
33003_geowiki-landcover-2017,0.65435445,0.3456456
50_canada,0.46667287,0.5333271
341_geowiki-landcover-2017,0.63024086,0.36975917
12856_geowiki-landcover-2017,0.55552924,0.4444708
28709_geowiki-landcover-2017,0.6302334,0.3697666
617_lem-brazil,0.64380074,0.3561993
16555_geowiki-landcover-2017,0.65435493,0.3456451
29063_geowiki-landcover-2017,0.4699039,0.5300961
7840_canada,0.39398062,0.6060193
4198_central-asia,0.39394993,0.6060501
409_tanzania-rice-ecaas,0.6302403,0.36975974
745_central-asia,0.3939498,0.6060502
15476_geowiki-landcover-2017,0.3939537,0.6060463
33709_geowiki-landcover-2017,0.496114,0.503886
419_ile-de-france,0.3939499,0.6060501
288_sudan,0.6437985,0.35620156
3613_central-asia,0.3939499,0.60605013
1082_reunion-france,0.63023996,0.36976004
2166_martinique-france,0.569955,0.43004504
14162_geowiki-landcover-2017,0.6437743,0.35622573
17904_geowiki-landcover-2017,0.46667278,0.5333272
3293_ile-de-france,0.3939499,0.60605013
4987_central-asia,0.3939504,0.6060496
1274_ile-de-france,0.3939499,0.60605013
693_reunion-france,0.48146397,0.51853603
55_tanzania,0.55553025,0.44446978
620_central-asia,0.39394984,0.60605013
1366_rwanda-ceo,0.7208016,0.27919844
3902_central-asia,0.3939499,0.6060501
5011_central-asia,0.39395007,0.60604995
1407_mali-helmets-labelling-crops,0.466672,0.533328
26789_geowiki-landcover-2017,0.55552995,0.44447005
21276_geowiki-landcover-2017,0.46990377,0.5300962
1694_rwanda-ceo,0.6302406,0.36975938
35179_geowiki-landcover-2017,0.39395007,0.60604995
17149_geowiki-landcover-2017,0.46667284,0.53332716
149_germany,0.39395025,0.6060498
2054_rwanda-ceo,0.5555352,0.4444648
34508_geowiki-landcover-2017,0.46666342,0.5333366
4385_canada,0.39401513,0.6059849
2847_central-asia,0.3939499,0.60605013
1885_tanzania-ceo,0.4666736,0.5333264
13707_geowiki-landcover-2017,0.4668191,0.5331809
1484_geowiki-landcover-2017,0.55553013,0.44446984
307_croplands,0.39395523,0.6060448
15533_geowiki-landcover-2017,0.55553085,0.44446915
1586_kenya-non-crop,0.5555303,0.44446966
716_lem-brazil,0.6302054,0.3697946
322_central-asia,0.3939499,0.60605013
30883_geowiki-landcover-2017,0.46667308,0.533327
1437_mali-helmets-labelling-crops,0.4665167,0.53348327
1324_martinique-france,0.5699596,0.43004045
10782_geowiki-landcover-2017,0.58443415,0.41556588
11379_geowiki-landcover-2017,0.4666556,0.5333444
17927_geowiki-landcover-2017,0.481446,0.518554
27938_geowiki-landcover-2017,0.5555306,0.44446933
1180_mali-helmets-labelling-crops,0.4666718,0.5333282
29458_geowiki-landcover-2017,0.46990418,0.5300958
2081_rwanda-ceo,0.65435433,0.34564564
1148_central-asia,0.3939499,0.60605013
2057_canada,0.39395,0.6060501
2151_rwanda-ceo,0.72080207,0.2791979
2491_rwanda-ceo,0.6302406,0.36975938
103_ile-de-france,0.39394993,0.6060501
4751_canada,0.39395025,0.6060497
431_lem-brazil,0.63022816,0.36977187
31966_geowiki-landcover-2017,0.49611303,0.50388694
1895_central-asia,0.3939499,0.60605013
9460_geowiki-landcover-2017,0.5555304,0.4444696
43_rwanda-ceo,0.6302403,0.36975974
13156_geowiki-landcover-2017,0.5555557,0.44444424
35379_geowiki-landcover-2017,0.4666719,0.5333281
28085_geowiki-landcover-2017,0.6544629,0.34553713
765_kenya-non-crop,0.55553156,0.44446844
8713_geowiki-landcover-2017,0.56995916,0.43004084
13166_geowiki-landcover-2017,0.63023716,0.36976287
20788_geowiki-landcover-2017,0.46668088,0.5333192
1459_rwanda-ceo,0.7208021,0.2791979
19474_geowiki-landcover-2017,0.6543157,0.3456843
2867_rwanda-ceo,0.6302383,0.36976165
190_uganda,0.5555334,0.44446662
482_martinique-france,0.46667293,0.53332704
436_canada,0.46667287,0.5333271
193_geowiki-landcover-2017,0.54406255,0.45593747
17955_geowiki-landcover-2017,0.4814607,0.51853925
475_central-asia,0.3939499,0.60605013
612_central-asia,0.3939499,0.60605013
1777_central-asia,0.3939499,0.60605013
289_tanzania-rice-ecaas,0.630241,0.36975905
29090_geowiki-landcover-2017,0.466672,0.533328
2729_ile-de-france,0.39395007,0.60604995
21374_geowiki-landcover-2017,0.5555306,0.44446942
1657_rwanda-ceo,0.65435356,0.34564644
1761_martinique-france,0.6543536,0.3456464
151_mali-helmets-labelling-crops,0.46667254,0.53332746
3899_ile-de-france,0.39395007,0.60604995
316_central-asia,0.3939499,0.60605013
357_croplands,0.39395016,0.6060498
33375_geowiki-landcover-2017,0.46990493,0.53009504
19416_geowiki-landcover-2017,0.39395016,0.60604984
885_central-asia,0.3939499,0.60605013
33055_geowiki-landcover-2017,0.5440578,0.45594224
7917_canada,0.46990338,0.53009665
12254_geowiki-landcover-2017,0.5440609,0.45593917
456_rwanda-ceo,0.6302408,0.36975917
1366_mali-helmets-labelling-crops,0.46667176,0.53332824
3882_canada,0.39395,0.6060501
21872_geowiki-landcover-2017,0.569961,0.430039
4797_canada,0.39395,0.60605
302_germany,0.39395,0.60604995
21592_geowiki-landcover-2017,0.46990398,0.53009605
31383_geowiki-landcover-2017,0.65435225,0.34564775
70_mali,0.4666718,0.53332824
297_tanzania,0.5555305,0.4444695
3314_geowiki-landcover-2017,0.46667004,0.53332996
6809_geowiki-landcover-2017,0.39395,0.6060501
2725_ile-de-france,0.3939499,0.60605013
7297_geowiki-landcover-2017,0.6543557,0.3456443
22088_geowiki-landcover-2017,0.65435135,0.34564868
24517_geowiki-landcover-2017,0.49617898,0.503821
1240_mali-helmets-labelling-crops,0.4666718,0.53332824
35695_geowiki-landcover-2017,0.5681413,0.4318587
614_martinique-france,0.5699598,0.43004018
6182_geowiki-landcover-2017,0.48146087,0.51853913
739_central-asia,0.39395007,0.60604995
1962_germany,0.3939498,0.60605013
260_reunion-france,0.55546814,0.4445319
15116_geowiki-landcover-2017,0.4666728,0.5333272
9328_croplands,0.46667627,0.53332376
4956_ile-de-france,0.39395,0.60604995
35669_geowiki-landcover-2017,0.4666728,0.5333272
1424_mali-helmets-labelling-crops,0.46667233,0.5333277
1503_tanzania-ceo,0.6289967,0.37100336
3762_central-asia,0.3939499,0.60605013
638_ile-de-france,0.39395007,0.60604995
432_mali-helmets-labelling-crops,0.4666718,0.53332824
1310_germany,0.46990395,0.53009605
12833_croplands,0.5440609,0.45593917
362_martinique-france,0.46667287,0.5333271
1408_ile-de-france,0.3939499,0.6060501
1610_martinique-france,0.56995964,0.43004033
22210_geowiki-landcover-2017,0.6543543,0.34564573
839_croplands,0.3939502,0.6060498
811_ile-de-france,0.3939499,0.60605013
442_croplands,0.46667317,0.5333268
9481_croplands,0.5555303,0.44446972
570_canada,0.4666729,0.5333271
4941_geowiki-landcover-2017,0.4666584,0.5333416
4334_croplands,0.46667355,0.53332645
507_mali-helmets-labelling-crops,0.5440605,0.45593947
34030_geowiki-landcover-2017,0.49611312,0.5038869
588_lem-brazil,0.6301883,0.3698117
22289_geowiki-landcover-2017,0.63024104,0.36975893
974_central-asia,0.3939499,0.60605013
13845_croplands,0.55552995,0.44447008
42_reunion-france,0.4814612,0.5185388
20023_geowiki-landcover-2017,0.72080225,0.27919775
174_germany,0.3939499,0.6060501
20286_geowiki-landcover-2017,0.4814628,0.5185372
23911_geowiki-landcover-2017,0.3939501,0.6060499
1077_germany,0.3939499,0.60605013
343_sudan,0.46665904,0.53334093
30746_geowiki-landcover-2017,0.3939499,0.60605013
36_lem-brazil,0.5440622,0.45593783
1865_martinique-france,0.46667284,0.53332716
1834_tanzania-ceo,0.630241,0.369759
28690_geowiki-landcover-2017,0.46988064,0.53011936
2023_germany,0.4699037,0.5300963
4443_canada,0.4699047,0.53009534
22643_geowiki-landcover-2017,0.55865276,0.44134727
1742_geowiki-landcover-2017,0.4961166,0.5038834
224_martinique-france,0.5699602,0.43003985
23920_geowiki-landcover-2017,0.4961141,0.50388587
32959_geowiki-landcover-2017,0.39395007,0.60604995
13830_croplands,0.5555307,0.44446927
7239_canada,0.39395025,0.6060497
2708_canada,0.5440612,0.45593885
29913_geowiki-landcover-2017,0.46990424,0.53009576
240_canada,0.46667287,0.5333271
1680_central-asia,0.3939499,0.60605013
6000_canada,0.3939499,0.60605013
2025_rwanda-ceo,0.6543542,0.34564576
4302_croplands,0.54402995,0.45597002
1525_rwanda-ceo,0.55563873,0.44436127
349_lem-brazil,0.54406327,0.45593676
2597_geowiki-landcover-2017,0.5699596,0.43004045
6598_canada,0.39395007,0.60604995
28007_geowiki-landcover-2017,0.6543542,0.34564582
3856_canada,0.3939499,0.60605013
1659_tanzania-ceo,0.7208005,0.27919945
604_canada,0.46667287,0.5333271
832_germany,0.46990398,0.53009605
28482_geowiki-landcover-2017,0.55553085,0.44446912
158_sudan,0.4666719,0.5333281
30613_geowiki-landcover-2017,0.49611357,0.5038864
5268_canada,0.39396223,0.60603774
20643_geowiki-landcover-2017,0.64379996,0.35619998
612_mali-helmets-labelling-crops,0.46667254,0.53332746
33746_geowiki-landcover-2017,0.39395007,0.60604995
19292_geowiki-landcover-2017,0.6302409,0.36975908
7440_croplands,0.63024074,0.3697593
2460_germany,0.4961135,0.50388646
1729_rwanda-ceo,0.5555308,0.44446918
373_canada,0.39395,0.6060501
1695_rwanda-ceo,0.7196647,0.2803353
171_sudan,0.46706504,0.53293496
29385_geowiki-landcover-2017,0.39395007,0.60604995
4817_canada,0.46337622,0.5366238
943_croplands,0.46667182,0.5333282
28348_geowiki-landcover-2017,0.4814608,0.51853913
1880_canada,0.39395,0.60605
17679_geowiki-landcover-2017,0.48146152,0.51853853
2175_tanzania-ceo,0.65434194,0.34565806
367_reunion-france,0.7207761,0.27922395
2394_reunion-france,0.5844363,0.41556367
624_tanzania-ceo,0.5938225,0.40617752
5144_central-asia,0.39395,0.60605
181_togo,0.46667308,0.533327
3184_croplands,0.630241,0.369759
1986_canada,0.46667293,0.53332704
1341_central-asia,0.3939499,0.60605013
16739_geowiki-landcover-2017,0.5699598,0.43004024
1434_croplands,0.39395055,0.6060495
5044_geowiki-landcover-2017,0.65435433,0.34564564
6349_canada,0.3939498,0.60605013
50_tanzania-rice-ecaas,0.630241,0.36975908
818_germany,0.39395025,0.6060498
25658_geowiki-landcover-2017,0.48146084,0.51853913
1513_central-asia,0.39395744,0.6060425
644_mali-helmets-labelling-crops,0.46667305,0.533327
1567_reunion-france,0.6543496,0.34565035
1672_martinique-france,0.65435433,0.34564564
855_croplands,0.46667314,0.53332686
628_reunion-france,0.5587326,0.4412674
31699_geowiki-landcover-2017,0.39395,0.6060501
31754_geowiki-landcover-2017,0.46667287,0.5333271
26668_geowiki-landcover-2017,0.5844337,0.4155663
2298_canada,0.39395148,0.6060485
302_martinique-france,0.6543545,0.34564552
2685_canada,0.39395002,0.60604995
22251_geowiki-landcover-2017,0.55553013,0.44446987
1539_kenya-non-crop,0.5440612,0.45593882
23377_geowiki-landcover-2017,0.5440609,0.45593917
1320_kenya-non-crop,0.7208011,0.27919883
1424_kenya-non-crop,0.72080153,0.2791985
3557_central-asia,0.3939499,0.60605013
8904_geowiki-landcover-2017,0.5555304,0.4444696
14864_geowiki-landcover-2017,0.55553025,0.44446978
775_canada,0.466673,0.53332704
5241_geowiki-landcover-2017,0.5844336,0.41556635
25007_geowiki-landcover-2017,0.4814612,0.5185388
2001_rwanda-ceo,0.7208012,0.2791988
5534_ile-de-france,0.3939499,0.60605013
23_mali-helmets-labelling-crops,0.4666724,0.5333276
20501_geowiki-landcover-2017,0.54406035,0.45593965
1416_reunion-france,0.46670672,0.5332933
5118_canada,0.4699042,0.5300958
981_martinique-france,0.5699617,0.4300382
10709_croplands,0.5555304,0.44446957
1724_central-asia,0.3939498,0.60605013
20_geowiki-landcover-2017,0.5440614,0.45593852
1254_croplands,0.4666775,0.5333225
193_rwanda-ceo,0.720802,0.279198
422_ethiopia,0.6543427,0.34565735
3212_central-asia,0.3939499,0.60605013
4511_central-asia,0.3939499,0.60605013
26796_geowiki-landcover-2017,0.4699041,0.5300959
1825_martinique-france,0.46667385,0.53332615
1190_kenya-non-crop,0.555531,0.44446898
6139_canada,0.46990338,0.53009665
4390_central-asia,0.3939499,0.60605013
1021_germany,0.3957099,0.6042901
2010_rwanda-ceo,0.6543548,0.3456452
14978_geowiki-landcover-2017,0.56995964,0.43004033
1857_central-asia,0.39394984,0.60605013
2189_reunion-france,0.6543829,0.34561712
675_ethiopia,0.55873233,0.44126767
879_ile-de-france,0.39395016,0.60604984
324_sudan,0.5440556,0.45594442
660_mali-helmets-labelling-crops,0.46667257,0.53332746
160_mali-helmets-labelling-crops,0.4666721,0.53332794
34603_geowiki-landcover-2017,0.57313704,0.42686298
5250_ile-de-france,0.39395016,0.60604984
10592_croplands,0.5557399,0.4442601
717_mali-helmets-labelling-crops,0.46667197,0.53332806
4400_geowiki-landcover-2017,0.46667284,0.53332716
883_geowiki-landcover-2017,0.630241,0.369759
2780_canada,0.3939516,0.6060484
4756_ile-de-france,0.3939499,0.60605013
34970_geowiki-landcover-2017,0.39395,0.60604995
13472_geowiki-landcover-2017,0.64379984,0.3562001
2103_central-asia,0.3939499,0.6060501
4920_central-asia,0.4699035,0.53009653
18444_geowiki-landcover-2017,0.6437983,0.3562017
3652_ile-de-france,0.3939499,0.60605013
10639_croplands,0.5555308,0.4444692
17_ile-de-france,0.3939499,0.60605013
16282_geowiki-landcover-2017,0.48146084,0.51853913
297_geowiki-landcover-2017,0.63023615,0.36976382
2294_tanzania-ceo,0.63024765,0.36975238
35096_geowiki-landcover-2017,0.39395,0.60604995
32531_geowiki-landcover-2017,0.46674767,0.53325236
11448_geowiki-landcover-2017,0.48146078,0.5185392
235_mali-helmets-labelling-crops,0.46667257,0.53332746
442_reunion-france,0.46667284,0.53332716
4128_geowiki-landcover-2017,0.5555303,0.44446972
342_martinique-france,0.6543544,0.3456456
28906_geowiki-landcover-2017,0.6302388,0.36976117
24_lem-brazil,0.54406184,0.4559381
15786_geowiki-landcover-2017,0.4748592,0.5251408
4969_central-asia,0.39395273,0.6060473
417_ethiopia,0.654342,0.34565797
20999_geowiki-landcover-2017,0.558824,0.44117594
947_mali-helmets-labelling-crops,0.46667206,0.533328
966_tanzania-ceo,0.72080195,0.27919802
9009_croplands,0.4666729,0.5333271
7687_canada,0.3939511,0.60604894
1964_canada,0.46667287,0.5333271
1575_ile-de-france,0.39394993,0.6060501
34282_geowiki-landcover-2017,0.4666742,0.5333258
1149_rwanda-ceo,0.6302408,0.3697592
1808_reunion-france,0.6543543,0.34564573
1083_martinique-france,0.4666732,0.5333268
1910_tanzania-ceo,0.7208021,0.27919784
12761_geowiki-landcover-2017,0.71912587,0.28087416
555_tanzania-rice-ecaas,0.6302405,0.36975947
4649_canada,0.46502444,0.5349755
4505_geowiki-landcover-2017,0.48152956,0.51847047
34313_geowiki-landcover-2017,0.56996626,0.4300337
1271_mali-helmets-labelling-crops,0.46667176,0.53332824
2602_central-asia,0.3939499,0.60605013
80_tanzania-rice-ecaas,0.63024104,0.369759
799_croplands,0.5699598,0.43004024
7577_canada,0.46667334,0.5333266
6845_geowiki-landcover-2017,0.39396775,0.6060323
2946_central-asia,0.39395,0.6060501
824_kenya-non-crop,0.65435445,0.3456456
2100_ile-de-france,0.3939499,0.60605013
2916_ile-de-france,0.3939499,0.60605013
1665_rwanda-ceo,0.5555305,0.44446954
12817_croplands,0.466672,0.533328
1809_central-asia,0.39395002,0.60604995
5049_ile-de-france,0.39405337,0.6059466
22336_geowiki-landcover-2017,0.5555374,0.4444626
1541_ile-de-france,0.3939499,0.60605013
19952_geowiki-landcover-2017,0.481461,0.518539
1032_germany,0.3939499,0.60605013
738_kenya-non-crop,0.5555304,0.44446957
13830_geowiki-landcover-2017,0.5555305,0.44446954
10577_croplands,0.5555304,0.44446963
5177_central-asia,0.39395,0.60604995
898_togo,0.569957,0.43004298
266_germany,0.3939499,0.60605013
6491_geowiki-landcover-2017,0.46667302,0.53332704
2477_central-asia,0.3939499,0.60605013
25513_geowiki-landcover-2017,0.3939499,0.60605013
32631_geowiki-landcover-2017,0.56995946,0.43004054
31736_geowiki-landcover-2017,0.46669745,0.53330255
912_togo,0.5699597,0.43004027
1497_croplands,0.39395,0.6060501
10099_croplands,0.6302408,0.3697592
32411_geowiki-landcover-2017,0.39394993,0.6060501
105_mali,0.46667266,0.53332734
3297_canada,0.72080225,0.27919775
679_croplands,0.48146108,0.51853895
374_kenya-non-crop,0.72079515,0.2792049
28075_geowiki-landcover-2017,0.5856074,0.41439256
23793_geowiki-landcover-2017,0.3939505,0.60604954
3485_ile-de-france,0.39395,0.6060501
27214_geowiki-landcover-2017,0.5843856,0.41561446
1814_canada,0.39395016,0.6060498
32896_geowiki-landcover-2017,0.39395034,0.6060496
3867_geowiki-landcover-2017,0.39395002,0.60604995
10770_geowiki-landcover-2017,0.46990383,0.5300962
1108_mali-helmets-labelling-crops,0.4666717,0.5333283
1879_tanzania-ceo,0.630241,0.369759
1747_kenya-non-crop,0.630241,0.36975905
30326_geowiki-landcover-2017,0.3939502,0.6060498
2448_geowiki-landcover-2017,0.46666887,0.53333116
11569_geowiki-landcover-2017,0.64379907,0.35620096
1048_togo,0.46667328,0.53332675
15082_geowiki-landcover-2017,0.466673,0.53332704
29541_geowiki-landcover-2017,0.4666782,0.5333218
14112_geowiki-landcover-2017,0.39395016,0.60604984
5020_ile-de-france,0.39395,0.60604995
3453_central-asia,0.3939499,0.60605013
2408_rwanda-ceo,0.63024104,0.369759
1896_kenya-non-crop,0.63024104,0.3697589
34826_geowiki-landcover-2017,0.4666724,0.53332764
2096_tanzania-ceo,0.6438,0.35619998
13801_geowiki-landcover-2017,0.4666995,0.5333005
1367_martinique-france,0.65435416,0.34564587
128_central-asia,0.3939513,0.60604864
10552_geowiki-landcover-2017,0.54406106,0.45593888
9986_croplands,0.5555304,0.44446963
1600_canada,0.46667287,0.5333271
557_kenya-non-crop,0.630236,0.36976397
19056_geowiki-landcover-2017,0.4666729,0.5333271
14041_croplands,0.55552965,0.44447038
25642_geowiki-landcover-2017,0.4814614,0.5185386
11131_geowiki-landcover-2017,0.569984,0.43001598
1633_croplands,0.56995994,0.43004006
2042_central-asia,0.39395,0.60604995
3024_ile-de-france,0.3939499,0.60605013
1835_geowiki-landcover-2017,0.6437929,0.35620707
7208_geowiki-landcover-2017,0.39395007,0.6060499
26072_geowiki-landcover-2017,0.3939499,0.60605013
5720_canada,0.3939891,0.6060109
4573_canada,0.39395,0.6060501
27095_geowiki-landcover-2017,0.584542,0.415458
9920_geowiki-landcover-2017,0.5555287,0.44447133
3288_geowiki-landcover-2017,0.46667212,0.5333278
13970_geowiki-landcover-2017,0.55553055,0.44446948
243_tanzania,0.55553025,0.44446978
8748_geowiki-landcover-2017,0.65435416,0.34564587
2715_ile-de-france,0.5399762,0.46002385
3504_croplands,0.4666729,0.5333271
1964_central-asia,0.3939499,0.60605013
4765_geowiki-landcover-2017,0.56996,0.43004
12513_geowiki-landcover-2017,0.4961172,0.5038828
1500_germany,0.39395002,0.60604995
3953_canada,0.3939498,0.60605013
1846_canada,0.3939503,0.6060497
7804_canada,0.3939499,0.60605013
2417_ile-de-france,0.3939499,0.60605013
6944_canada,0.4961161,0.5038839
23485_geowiki-landcover-2017,0.5587219,0.44127813
9983_croplands,0.5555336,0.44446644
29149_geowiki-landcover-2017,0.39395323,0.6060468
1358_ile-de-france,0.39395,0.6060501
4928_central-asia,0.3939499,0.60605013
1748_tanzania-ceo,0.54408246,0.4559175
1341_geowiki-landcover-2017,0.6302409,0.36975908
191_tanzania,0.5555305,0.4444695
843_mali-helmets-labelling-crops,0.5440583,0.4559417
7493_canada,0.46667284,0.53332716
4843_geowiki-landcover-2017,0.5555305,0.44446948
2007_tanzania-ceo,0.65435475,0.34564522
6844_croplands,0.6302407,0.3697593
31899_geowiki-landcover-2017,0.39395,0.60604995
31167_geowiki-landcover-2017,0.39395,0.6060501
15117_geowiki-landcover-2017,0.5555305,0.44446954
4923_croplands,0.5440704,0.45592964
1385_germany,0.39395,0.60605
7252_canada,0.3939557,0.6060443
4644_ile-de-france,0.39395007,0.60604995
3098_canada,0.46990776,0.53009224
268_martinique-france,0.5699598,0.43004024
10118_croplands,0.65435416,0.34564587
446_central-asia,0.3939521,0.60604787
1143_ile-de-france,0.46990284,0.5300972
4067_geowiki-landcover-2017,0.5555314,0.44446865
3766_central-asia,0.3939498,0.60605013
2519_reunion-france,0.56995684,0.4300431
1177_canada,0.46667287,0.5333271
17523_geowiki-landcover-2017,0.46990457,0.5300954
172_martinique-france,0.5699597,0.43004024
1244_kenya-non-crop,0.6436852,0.35631478
4709_ile-de-france,0.3939499,0.60605013
21016_geowiki-landcover-2017,0.49611357,0.50388646
5800_geowiki-landcover-2017,0.5437614,0.45623863
11246_geowiki-landcover-2017,0.72080207,0.2791979
4546_ile-de-france,0.39395028,0.6060497
16534_geowiki-landcover-2017,0.58443403,0.41556597
1270_mali-helmets-labelling-crops,0.46667182,0.5333282
1992_canada,0.46667287,0.5333271
912_kenya-non-crop,0.63024074,0.3697593
2117_canada,0.49611363,0.50388634
14070_geowiki-landcover-2017,0.3940217,0.60597837
2601_central-asia,0.3939499,0.60605013
424_mali-helmets-labelling-crops,0.46667266,0.53332734
1722_geowiki-landcover-2017,0.6302411,0.3697589
1698_germany,0.3939508,0.6060492
631_reunion-france,0.4814619,0.51853806
3276_ile-de-france,0.3939499,0.60605013
1001_central-asia,0.39396146,0.6060386
293_germany,0.39395,0.60604995
2353_tanzania-ceo,0.630241,0.369759
34847_geowiki-landcover-2017,0.3939499,0.6060501
865_martinique-france,0.5699609,0.43003914
416_rwanda-ceo,0.7207963,0.27920365
8600_geowiki-landcover-2017,0.5555326,0.44446743
34567_geowiki-landcover-2017,0.46667963,0.53332037
25397_geowiki-landcover-2017,0.46667287,0.5333271
3269_geowiki-landcover-2017,0.46667206,0.53332794
18695_geowiki-landcover-2017,0.5555305,0.44446948
2896_ile-de-france,0.3939499,0.6060501
2693_reunion-france,0.48146334,0.5185366
5357_canada,0.3939499,0.60605013
1650_central-asia,0.3939499,0.60605013
1476_rwanda-ceo,0.55553114,0.44446883
442_tanzania-ceo,0.5555308,0.44446918
826_kenya-non-crop,0.6543483,0.34565172
1110_central-asia,0.3939499,0.60605013
2171_ile-de-france,0.49611363,0.5038864
3216_canada,0.5440426,0.45595744
3791_ile-de-france,0.49611118,0.50388885
2759_central-asia,0.3939499,0.6060501
18558_geowiki-landcover-2017,0.39395007,0.60604995
6666_croplands,0.63024104,0.369759
995_canada,0.39395,0.60605
23203_geowiki-landcover-2017,0.5555305,0.44446948
18899_geowiki-landcover-2017,0.63024056,0.36975947
716_tanzania-rice-ecaas,0.6302402,0.36975983
2859_geowiki-landcover-2017,0.4666726,0.53332734
581_reunion-france,0.48146376,0.5185362
121_kenya-non-crop,0.630241,0.369759
2932_rwanda-ceo,0.65437376,0.34562626
6426_canada,0.3939499,0.60605013
502_lem-brazil,0.46667674,0.5333232
31744_geowiki-landcover-2017,0.46667328,0.53332675
8940_geowiki-landcover-2017,0.5555304,0.44446957
5833_canada,0.3939499,0.60605013
30533_geowiki-landcover-2017,0.46667308,0.5333269
843_ile-de-france,0.3939499,0.60605013
454_ile-de-france,0.3939499,0.60605013
2028_germany,0.3939499,0.60605013
13000_geowiki-landcover-2017,0.46990433,0.53009564
24147_geowiki-landcover-2017,0.55553573,0.44446427
16810_geowiki-landcover-2017,0.5440609,0.45593917
6242_geowiki-landcover-2017,0.4813844,0.51861566
3237_rwanda-ceo,0.63024044,0.36975956
3053_rwanda-ceo,0.630241,0.369759
5143_ile-de-france,0.3939499,0.6060501
4460_canada,0.46667218,0.5333278
5858_geowiki-landcover-2017,0.6543713,0.34562865
2585_geowiki-landcover-2017,0.5699606,0.43003938
7731_canada,0.39395,0.60604995
34345_geowiki-landcover-2017,0.56995964,0.43004033
12489_croplands,0.4666729,0.5333271
10587_geowiki-landcover-2017,0.5555304,0.44446957
24860_geowiki-landcover-2017,0.3939499,0.6060501
29019_geowiki-landcover-2017,0.3939499,0.60605013
863_central-asia,0.3939499,0.60605013
462_togo,0.466673,0.53332704
4184_central-asia,0.3939499,0.60605013
966_germany,0.4699031,0.53009695
71_tanzania-ceo,0.72080195,0.27919805
83_togo,0.5440454,0.45595455
663_canada,0.39395,0.6060501
616_tanzania-rice-ecaas,0.63023764,0.36976236
930_kenya-non-crop,0.630241,0.369759
12433_geowiki-landcover-2017,0.39394993,0.6060501
16_martinique-france,0.5699637,0.43003634
5809_croplands,0.5440609,0.45593917
28596_geowiki-landcover-2017,0.3939499,0.60605013
2849_ile-de-france,0.39395,0.6060501
4775_central-asia,0.3939499,0.60605013
1201_tanzania-ceo,0.63024104,0.36975893
9153_geowiki-landcover-2017,0.6543511,0.34564888
23483_geowiki-landcover-2017,0.3939498,0.6060502
1491_croplands,0.46990365,0.53009635
11509_geowiki-landcover-2017,0.4814609,0.5185391
20467_geowiki-landcover-2017,0.4961139,0.5038861
23416_geowiki-landcover-2017,0.6543533,0.34564668
3942_ile-de-france,0.3939499,0.6060501
4747_geowiki-landcover-2017,0.72080207,0.27919793
1858_germany,0.4699039,0.5300961
32676_geowiki-landcover-2017,0.46667287,0.5333271
12015_geowiki-landcover-2017,0.4666729,0.5333271
6461_geowiki-landcover-2017,0.55873156,0.44126847
1072_togo,0.4666735,0.53332657
2332_tanzania-ceo,0.6302404,0.36975956
4380_geowiki-landcover-2017,0.5587322,0.44126773
3916_geowiki-landcover-2017,0.48146176,0.51853824
770_geowiki-landcover-2017,0.558189,0.44181103
888_croplands,0.4666729,0.5333271
732_ethiopia,0.72079885,0.27920112
14358_geowiki-landcover-2017,0.39395052,0.6060495
1443_tanzania-ceo,0.5555305,0.4444695
1967_geowiki-landcover-2017,0.5699633,0.43003672
176_kenya,0.5555317,0.44446838
358_martinique-france,0.56995964,0.43004036
35731_geowiki-landcover-2017,0.4666826,0.5333174
2740_ile-de-france,0.4961108,0.50388926
284_tanzania,0.6302409,0.36975908
2151_kenya-non-crop,0.7208021,0.2791979
13927_geowiki-landcover-2017,0.6572814,0.34271863
2885_geowiki-landcover-2017,0.46671322,0.5332868
12542_croplands,0.46667308,0.5333269
5027_ile-de-france,0.3939499,0.60605013
1961_tanzania-ceo,0.7208021,0.27919784
110_geowiki-landcover-2017,0.56996495,0.43003508
2406_reunion-france,0.65728563,0.3427144
3660_croplands,0.6302404,0.36975965
4340_croplands,0.46667266,0.53332734
6338_canada,0.3939499,0.60605013
1412_germany,0.3939499,0.60605013
7572_canada,0.4666728,0.5333272
13555_croplands,0.5699593,0.43004075
1936_germany,0.4699024,0.5300976
2025_germany,0.3939499,0.6060501
26177_geowiki-landcover-2017,0.569959,0.43004102
7612_geowiki-landcover-2017,0.39395052,0.6060495
552_croplands,0.39395157,0.60604846
445_tanzania-ceo,0.72079474,0.2792052
7689_canada,0.39395112,0.6060488
365_kenya-non-crop,0.6543547,0.3456453
4882_ile-de-france,0.3939499,0.6060501
10642_croplands,0.55553025,0.44446978
20256_geowiki-landcover-2017,0.4961135,0.50388646
23802_geowiki-landcover-2017,0.5587267,0.44127327
787_ile-de-france,0.3939499,0.6060501
34506_geowiki-landcover-2017,0.39395016,0.60604984
4025_geowiki-landcover-2017,0.39395094,0.60604906
546_tanzania-rice-ecaas,0.6302393,0.3697607
901_central-asia,0.39395037,0.6060496
87_canada,0.46987057,0.53012943
1080_kenya-non-crop,0.630241,0.36975908
28479_geowiki-landcover-2017,0.46667275,0.5333272
2532_kenya-non-crop,0.72080225,0.27919775
1372_rwanda-ceo,0.630241,0.369759
552_martinique-france,0.65435493,0.3456451
2033_central-asia,0.3939499,0.60605013
34355_geowiki-landcover-2017,0.46667266,0.53332734
33678_geowiki-landcover-2017,0.4961136,0.5038864
184_tanzania,0.6302408,0.36975917
2746_rwanda-ceo,0.720802,0.27919796
1315_germany,0.39395,0.6060501
5118_central-asia,0.3939499,0.6060501
2979_ile-de-france,0.39395007,0.60604995
19987_geowiki-landcover-2017,0.46990427,0.53009576
630_rwanda-ceo,0.72080183,0.27919823
1804_rwanda-ceo,0.55553246,0.44446757
12972_geowiki-landcover-2017,0.63024056,0.3697594
3476_central-asia,0.39394984,0.60605013
7982_geowiki-landcover-2017,0.39396065,0.60603935
109_kenya,0.63024056,0.36975938
33_canada,0.46667287,0.53332716
32112_geowiki-landcover-2017,0.46667206,0.533328
1192_mali-helmets-labelling-crops,0.46667174,0.53332824
15754_geowiki-landcover-2017,0.39395013,0.6060499
1474_germany,0.39395007,0.60604995
23861_geowiki-landcover-2017,0.39400655,0.6059935
4428_geowiki-landcover-2017,0.5555305,0.44446948
258_germany,0.3939526,0.60604733
481_martinique-france,0.46667287,0.53332716
10027_croplands,0.63019675,0.36980322
89_togo,0.46667308,0.53332686
333_reunion-france,0.466676,0.533324
6912_geowiki-landcover-2017,0.39395,0.60605
1006_geowiki-landcover-2017,0.63024104,0.369759
1599_germany,0.39395002,0.60604995
28978_geowiki-landcover-2017,0.584434,0.415566
28047_geowiki-landcover-2017,0.4814609,0.5185391
26852_geowiki-landcover-2017,0.65435493,0.345645
284_canada,0.3939502,0.6060498
2881_canada,0.5555281,0.44447187
17979_geowiki-landcover-2017,0.4961137,0.5038863
1427_rwanda-ceo,0.6302403,0.36975974
129_rwanda-ceo,0.6302365,0.36976352
1029_geowiki-landcover-2017,0.5555317,0.44446832
585_reunion-france,0.60345626,0.3965437
6860_canada,0.39398906,0.6060109
1451_ile-de-france,0.3939499,0.6060501
9418_croplands,0.46667287,0.5333271
2160_canada,0.49611363,0.50388634
8885_geowiki-landcover-2017,0.54406035,0.4559396
9276_geowiki-landcover-2017,0.48146215,0.5185379
12_geowiki-landcover-2017,0.63024104,0.36975893
5471_ile-de-france,0.3939499,0.60605013
1264_rwanda-ceo,0.7208016,0.27919847
1057_martinique-france,0.56995964,0.43004036
2084_germany,0.3939499,0.6060501
22293_geowiki-landcover-2017,0.5587323,0.44126773
149_tanzania-ceo,0.72080195,0.27919802
35023_geowiki-landcover-2017,0.4814607,0.51853925
362_tanzania,0.5555304,0.4444696
3586_croplands,0.46668458,0.5333154
727_martinique-france,0.4666729,0.5333271
21602_geowiki-landcover-2017,0.55873233,0.44126773
12813_geowiki-landcover-2017,0.46667314,0.5333268
615_tanzania-ceo,0.6302408,0.3697592
224_lem-brazil,0.6302386,0.3697614
775_tanzania-ceo,0.63024104,0.369759
33201_geowiki-landcover-2017,0.46667266,0.53332734
765_germany,0.39395076,0.60604924
1155_ile-de-france,0.39395243,0.6060475
1461_rwanda-ceo,0.5555309,0.4444691
6939_canada,0.49612424,0.5038758
3750_canada,0.39395067,0.60604936
1285_martinique-france,0.4666734,0.5333266
33049_geowiki-landcover-2017,0.49611354,0.50388646
3306_geowiki-landcover-2017,0.46667224,0.53332776
6_croplands,0.5587297,0.4412703
1492_rwanda-ceo,0.630241,0.369759
5214_central-asia,0.3939499,0.60605013
820_reunion-france,0.63023984,0.36976022
1760_kenya-non-crop,0.630241,0.36975905
19562_geowiki-landcover-2017,0.3939499,0.60605013
2722_canada,0.46667472,0.53332525
2256_ile-de-france,0.3939499,0.60605013
6533_canada,0.39395,0.6060501
21406_geowiki-landcover-2017,0.5555309,0.44446912
25483_geowiki-landcover-2017,0.65435433,0.34564567
20646_geowiki-landcover-2017,0.56995964,0.43004033
14016_croplands,0.5555397,0.44446027
286_germany,0.39396837,0.60603166
243_rwanda-ceo,0.7208015,0.27919856
1382_kenya-non-crop,0.5555308,0.44446918
585_tanzania-ceo,0.6302411,0.3697589
820_kenya-non-crop,0.63023794,0.36976212
878_tanzania-ceo,0.5555304,0.4444696
236_sudan,0.5440616,0.45593843
17090_geowiki-landcover-2017,0.39395,0.6060501
4811_central-asia,0.3939499,0.6060501
781_rwanda-ceo,0.7208015,0.2791986
4149_geowiki-landcover-2017,0.48146415,0.5185358
35000_geowiki-landcover-2017,0.49611357,0.50388646
43_kenya,0.55553514,0.44446492
31871_geowiki-landcover-2017,0.46667287,0.5333271
3712_canada,0.54406106,0.45593894
228_tanzania-rice-ecaas,0.6302408,0.36975923
1698_central-asia,0.3939499,0.60605013
965_rwanda-ceo,0.72080207,0.2791979
2369_central-asia,0.3939499,0.60605013
2352_canada,0.46667284,0.53332716
5279_canada,0.3939587,0.6060413
444_croplands,0.3939499,0.60605013
1935_canada,0.46667287,0.5333271
20447_geowiki-landcover-2017,0.46667305,0.533327
15209_geowiki-landcover-2017,0.6438001,0.35619992
511_lem-brazil,0.63020885,0.36979112
723_tanzania-ceo,0.63024104,0.369759
6901_canada,0.4699057,0.53009427
2101_germany,0.39395,0.6060501
5002_ile-de-france,0.3939499,0.60605013
3114_geowiki-landcover-2017,0.39395478,0.6060452
549_togo,0.46667293,0.53332704
46_sudan,0.6437998,0.35620028
17111_geowiki-landcover-2017,0.48146084,0.51853913
1237_germany,0.39395007,0.60604995
513_martinique-france,0.5555304,0.44446963
243_germany,0.39395013,0.6060499
244_geowiki-landcover-2017,0.6438001,0.3561999
5875_geowiki-landcover-2017,0.46667328,0.53332675
278_canada,0.39395007,0.60604995
1936_rwanda-ceo,0.55553055,0.44446942
803_togo,0.46667403,0.533326
9438_croplands,0.46667293,0.53332704
27339_geowiki-landcover-2017,0.58443433,0.4155657
6751_croplands,0.63024086,0.36975914
2085_rwanda-ceo,0.63024056,0.36975947
105_tanzania-rice-ecaas,0.55553204,0.44446793
32903_geowiki-landcover-2017,0.39395007,0.6060499
19439_geowiki-landcover-2017,0.5844344,0.41556564
18_mali-helmets-labelling-crops,0.5439876,0.45601243
28457_geowiki-landcover-2017,0.46667525,0.5333247
21796_geowiki-landcover-2017,0.4666717,0.5333283
241_kenya-non-crop,0.5844416,0.4155584
702_ile-de-france,0.49611375,0.5038863
796_reunion-france,0.5555305,0.4444695
1151_central-asia,0.3939499,0.60605013
19512_geowiki-landcover-2017,0.48146108,0.51853895
446_kenya-non-crop,0.65728515,0.3427149
1850_kenya-non-crop,0.6543565,0.3456435
1501_germany,0.4304499,0.5695501
35115_geowiki-landcover-2017,0.65435404,0.345646
1817_ile-de-france,0.39394993,0.6060501
9433_croplands,0.46668774,0.53331226
16351_geowiki-landcover-2017,0.6302408,0.36975926
2942_rwanda-ceo,0.654353,0.34564695
2331_martinique-france,0.65435433,0.3456457
315_canada,0.5440609,0.4559391
20278_geowiki-landcover-2017,0.48146075,0.5185392
8494_croplands,0.5440585,0.45594153
29096_geowiki-landcover-2017,0.39395198,0.606048
6904_geowiki-landcover-2017,0.39395514,0.6060449
2826_central-asia,0.39394993,0.6060501
10651_croplands,0.63019174,0.36980823
1120_geowiki-landcover-2017,0.65435386,0.3456462
11823_geowiki-landcover-2017,0.5440617,0.4559383
700_rwanda-ceo,0.6302408,0.36975926
303_tanzania-rice-ecaas,0.5555303,0.4444697
5634_ile-de-france,0.3939498,0.60605013
26371_geowiki-landcover-2017,0.65435404,0.34564593
26989_geowiki-landcover-2017,0.720802,0.27919796
10843_geowiki-landcover-2017,0.72080106,0.27919888
444_mali-helmets-labelling-crops,0.46667212,0.5333279
942_martinique-france,0.46667308,0.53332686
32301_geowiki-landcover-2017,0.39395,0.60605
3649_central-asia,0.3939499,0.60605013
3725_central-asia,0.3939499,0.60605013
4185_ile-de-france,0.39395112,0.6060489
2766_canada,0.39395016,0.60604984
26160_geowiki-landcover-2017,0.5440612,0.45593888
1375_geowiki-landcover-2017,0.4705856,0.5294144
1030_kenya-non-crop,0.63024104,0.369759
38_canada,0.5699597,0.4300403
30331_geowiki-landcover-2017,0.39396277,0.6060372
1976_kenya-non-crop,0.466673,0.53332704
1449_tanzania-ceo,0.63024104,0.369759
160_tanzania-ceo,0.7208021,0.2791979
3981_ile-de-france,0.39395007,0.60604995
28654_geowiki-landcover-2017,0.39395124,0.60604876
862_croplands,0.39395025,0.6060497
2135_kenya-non-crop,0.7208021,0.27919784
12819_croplands,0.46686146,0.5331385
533_ile-de-france,0.3939499,0.60605013
1823_kenya-non-crop,0.630241,0.36975905
3374_rwanda-ceo,0.5555314,0.44446868
18653_geowiki-landcover-2017,0.48146084,0.51853913
14885_geowiki-landcover-2017,0.72080094,0.2791991
5163_geowiki-landcover-2017,0.54406023,0.4559398
1483_martinique-france,0.5699602,0.4300398
25575_geowiki-landcover-2017,0.5555305,0.44446948
570_mali-helmets-labelling-crops,0.46667257,0.53332746
288_reunion-france,0.55553,0.44447
1889_ile-de-france,0.3939499,0.60605013
1065_ile-de-france,0.39395076,0.6060493
18747_geowiki-landcover-2017,0.3939538,0.6060462
2714_ile-de-france,0.49611735,0.50388265
2564_geowiki-landcover-2017,0.46667278,0.5333272
1255_geowiki-landcover-2017,0.55873233,0.44126764
32892_geowiki-landcover-2017,0.4961143,0.50388575
1108_rwanda-ceo,0.6302411,0.3697589
377_croplands,0.46667275,0.5333272
19827_geowiki-landcover-2017,0.5440609,0.45593908
7932_geowiki-landcover-2017,0.54405755,0.45594242
21370_geowiki-landcover-2017,0.55553293,0.44446707
3588_croplands,0.46667314,0.53332686
3383_ile-de-france,0.3939499,0.60605013
3526_ile-de-france,0.3939499,0.60605013
22972_geowiki-landcover-2017,0.56995964,0.4300404
5417_canada,0.3939499,0.60605013
10001_geowiki-landcover-2017,0.5587265,0.44127354
1034_croplands,0.4699045,0.5300955
4960_central-asia,0.3939499,0.60605013
3114_ile-de-france,0.39394993,0.6060501
1544_central-asia,0.3939499,0.60605013
2345_kenya-non-crop,0.7208022,0.27919784
8145_geowiki-landcover-2017,0.46667308,0.533327
171_martinique-france,0.5699596,0.43004045
5276_canada,0.39395547,0.60604453
2438_central-asia,0.3939499,0.60605013
6979_croplands,0.5555307,0.44446927
741_lem-brazil,0.54406524,0.45593476
702_central-asia,0.3939498,0.60605013
489_ile-de-france,0.3939499,0.60605013
1023_kenya-non-crop,0.630241,0.369759
2399_ile-de-france,0.39395007,0.60604995
7465_croplands,0.46667323,0.53332675
900_central-asia,0.3939499,0.60605013
13161_geowiki-landcover-2017,0.5699596,0.43004042
3396_ile-de-france,0.39395007,0.60604995
28887_geowiki-landcover-2017,0.5555304,0.4444696
125_mali-non-crop,0.54406095,0.45593908
7772_canada,0.4666724,0.53332764
18660_geowiki-landcover-2017,0.46667227,0.53332776
206_uganda,0.630241,0.36975908
15026_geowiki-landcover-2017,0.544061,0.45593902
2709_reunion-france,0.630241,0.369759
5756_ile-de-france,0.3939499,0.60605013
29938_geowiki-landcover-2017,0.4666728,0.5333272
673_ile-de-france,0.3939499,0.60605013
2882_rwanda-ceo,0.65435576,0.3456442
10091_croplands,0.63024,0.36976004
2898_geowiki-landcover-2017,0.46667293,0.53332704
20267_geowiki-landcover-2017,0.46990365,0.53009635
475_reunion-france,0.7207067,0.2792933
1416_martinique-france,0.6543542,0.34564573
1850_geowiki-landcover-2017,0.65435445,0.3456456
6176_geowiki-landcover-2017,0.584434,0.41556603
271_central-asia,0.48146057,0.5185394
356_lem-brazil,0.4667895,0.53321046
1588_reunion-france,0.5273937,0.47260627
675_reunion-france,0.6282872,0.37171283
7472_canada,0.39395002,0.60604995
2098_ile-de-france,0.3939499,0.60605013
2664_geowiki-landcover-2017,0.46667275,0.5333272
27196_geowiki-landcover-2017,0.58443415,0.41556585
4170_geowiki-landcover-2017,0.5555292,0.44447085
1972_reunion-france,0.6034563,0.39654362
11027_croplands,0.4666903,0.53330976
989_germany,0.46990344,0.53009653
990_rwanda-ceo,0.6302405,0.3697595
2468_geowiki-landcover-2017,0.55553013,0.4444699
5013_geowiki-landcover-2017,0.5699601,0.4300399
27812_geowiki-landcover-2017,0.65435356,0.34564644
19_reunion-france,0.58443505,0.41556498
24676_geowiki-landcover-2017,0.4961148,0.5038852
6615_geowiki-landcover-2017,0.65728307,0.34271693
16144_geowiki-landcover-2017,0.55551505,0.44448495
287_tanzania,0.6302349,0.36976507
29122_geowiki-landcover-2017,0.56995815,0.43004182
5116_ile-de-france,0.3939499,0.60605013
1009_kenya-non-crop,0.63024086,0.3697591
1159_geowiki-landcover-2017,0.4666729,0.5333271
2041_ile-de-france,0.3939499,0.60605013
1013_reunion-france,0.46667266,0.5333273
30086_geowiki-landcover-2017,0.555529,0.44447103
2119_martinique-france,0.5555304,0.44446957
89_mali-non-crop,0.5699596,0.43004045
367_tanzania-rice-ecaas,0.6302408,0.36975917
4072_geowiki-landcover-2017,0.48179772,0.51820225
3754_canada,0.39395037,0.6060496
13589_geowiki-landcover-2017,0.5699596,0.43004042
1186_rwanda-ceo,0.63023686,0.3697631
7095_geowiki-landcover-2017,0.7208022,0.2791978
2906_rwanda-ceo,0.7206583,0.2793417
1255_rwanda-ceo,0.630241,0.369759
31896_geowiki-landcover-2017,0.3944041,0.6055959
1061_ile-de-france,0.46849546,0.5315045
642_ile-de-france,0.3939499,0.60605013
3578_canada,0.39395,0.60604995
33560_geowiki-landcover-2017,0.4666729,0.5333271
1051_tanzania-ceo,0.630241,0.369759
14964_geowiki-landcover-2017,0.5699593,0.43004075
48_canada,0.54406124,0.45593882
15_sudan,0.544061,0.45593902
245_kenya-non-crop,0.4814689,0.51853114
645_tanzania-ceo,0.7208018,0.27919823
2352_kenya-non-crop,0.630241,0.369759
30253_geowiki-landcover-2017,0.4666729,0.5333271
1304_mali-helmets-labelling-crops,0.4666717,0.5333283
15187_geowiki-landcover-2017,0.4666726,0.53332734
2080_kenya-non-crop,0.5440612,0.45593885
2980_central-asia,0.39395,0.60604995
4612_croplands,0.55532295,0.44467705
2293_canada,0.39395,0.60604995
252_reunion-france,0.5699594,0.43004057
2453_canada,0.3939505,0.6060495
31610_geowiki-landcover-2017,0.46667218,0.5333278
7095_canada,0.46666807,0.533332
21190_geowiki-landcover-2017,0.63023955,0.36976045
21750_geowiki-landcover-2017,0.46990275,0.53009725
338_tanzania,0.55553025,0.44446978
872_ile-de-france,0.46956944,0.53043056
30931_geowiki-landcover-2017,0.4666728,0.5333272
6162_ile-de-france,0.39395,0.60605
29676_geowiki-landcover-2017,0.46990654,0.53009343
742_germany,0.39394993,0.6060501
2967_ile-de-france,0.3939509,0.6060491
32446_geowiki-landcover-2017,0.39395016,0.60604984
31134_geowiki-landcover-2017,0.3939499,0.60605013
1809_geowiki-landcover-2017,0.46667537,0.5333246
31214_geowiki-landcover-2017,0.48146075,0.51853925
14507_geowiki-landcover-2017,0.3939499,0.60605013
13660_croplands,0.4666736,0.5333264
18033_geowiki-landcover-2017,0.58443415,0.4155658
14912_geowiki-landcover-2017,0.56995934,0.4300407
25200_geowiki-landcover-2017,0.4814611,0.5185389
31813_geowiki-landcover-2017,0.49611366,0.50388634
1617_martinique-france,0.6543505,0.34564948
13636_geowiki-landcover-2017,0.64379984,0.35620016
327_sudan,0.46667245,0.5333275
4262_central-asia,0.39395052,0.6060495
7950_canada,0.3939509,0.6060491
4486_croplands,0.46667406,0.53332597
3093_canada,0.46990454,0.53009546
1030_geowiki-landcover-2017,0.5587298,0.44127017
34513_geowiki-landcover-2017,0.4666724,0.5333276
2504_rwanda-ceo,0.7207767,0.2792233
1805_reunion-france,0.55553,0.44447
7908_geowiki-landcover-2017,0.46990404,0.53009593
424_rwanda-ceo,0.5555317,0.44446838
17274_geowiki-landcover-2017,0.46667284,0.53332716
14230_geowiki-landcover-2017,0.6302402,0.36975983
6929_canada,0.4666734,0.53332657
14751_geowiki-landcover-2017,0.6438001,0.35619998
1191_kenya-non-crop,0.63024104,0.36975893
829_mali-helmets-labelling-crops,0.5440583,0.45594168
1068_croplands,0.55552953,0.44447044
1929_ile-de-france,0.3939499,0.60605013
572_croplands,0.4666728,0.5333272
2343_kenya-non-crop,0.6302409,0.36975908
5428_canada,0.3939499,0.60605013
7623_canada,0.3939556,0.6060444
308_germany,0.39394993,0.6060501
2190_germany,0.39395007,0.60604995
2107_geowiki-landcover-2017,0.46667287,0.5333271
998_canada,0.39395,0.6060501
7781_canada,0.46666873,0.5333313
10087_geowiki-landcover-2017,0.7207843,0.2792157
1508_kenya-non-crop,0.46667293,0.53332704
638_central-asia,0.3939499,0.60605013
5118_ile-de-france,0.3939499,0.60605013
3850_ile-de-france,0.39395016,0.60604984
5108_geowiki-landcover-2017,0.5587323,0.44126773
18818_geowiki-landcover-2017,0.39395073,0.6060493
34498_geowiki-landcover-2017,0.558738,0.44126204
2504_canada,0.4666729,0.5333271
117_ethiopia,0.48146692,0.51853305
6115_canada,0.3939499,0.6060501
4604_croplands,0.46646988,0.5335301
271_martinique-france,0.5554959,0.44450414
3484_geowiki-landcover-2017,0.46667266,0.53332734
31055_geowiki-landcover-2017,0.4666729,0.5333271
8471_geowiki-landcover-2017,0.55552644,0.44447353
309_martinique-france,0.6543532,0.3456468
2930_rwanda-ceo,0.63025045,0.3697496
2437_central-asia,0.3939499,0.60605013
35367_geowiki-landcover-2017,0.49636444,0.5036355
1880_tanzania-ceo,0.72079873,0.27920127
3772_central-asia,0.3939499,0.60605013
9386_geowiki-landcover-2017,0.4814608,0.51853913
7402_geowiki-landcover-2017,0.46667293,0.53332704
1377_croplands,0.5699588,0.43004122
1118_mali-helmets-labelling-crops,0.46667182,0.5333282
292_reunion-france,0.55552125,0.44447875
31789_geowiki-landcover-2017,0.46667284,0.53332716
4084_canada,0.39395,0.6060501
93_sudan,0.46667266,0.5333273
618_ethiopia,0.630241,0.36975908
1305_geowiki-landcover-2017,0.46667287,0.53332716
19808_geowiki-landcover-2017,0.39395997,0.60604006
18692_geowiki-landcover-2017,0.5844335,0.41556653
969_kenya-non-crop,0.630241,0.36975905
2369_germany,0.49611348,0.5038865
5936_canada,0.4699041,0.5300959
1750_rwanda-ceo,0.555529,0.44447097
16409_geowiki-landcover-2017,0.5699598,0.43004015
805_croplands,0.4666711,0.5333289
3972_canada,0.39395,0.60605
2813_central-asia,0.39395,0.6060501
4290_croplands,0.5438082,0.4561918
1474_croplands,0.39395025,0.6060498
6797_geowiki-landcover-2017,0.6437993,0.35620072
13099_geowiki-landcover-2017,0.65435344,0.34564662
4703_ile-de-france,0.3939499,0.60605013
14558_croplands,0.6302403,0.36975965
1523_geowiki-landcover-2017,0.6302409,0.36975908
5141_canada,0.39395022,0.6060498
1795_tanzania-ceo,0.6302401,0.36975986
1417_tanzania-ceo,0.64379984,0.3562002
235_ethiopia,0.54406095,0.45593908
29317_geowiki-landcover-2017,0.54406106,0.4559389
7707_canada,0.46990395,0.53009605
3240_central-asia,0.3939499,0.6060501
3783_central-asia,0.3939499,0.60605013
2928_ile-de-france,0.3939499,0.60605013
10899_geowiki-landcover-2017,0.6543546,0.34564543
376_ethiopia,0.4814675,0.51853245
1190_central-asia,0.3939499,0.60605013
1857_germany,0.5731298,0.4268702
14321_geowiki-landcover-2017,0.48146105,0.51853895
635_ethiopia,0.55873215,0.44126788
14697_croplands,0.46668252,0.53331745
1482_reunion-france,0.5699597,0.43004027
1168_togo,0.46667287,0.53332716
15163_geowiki-landcover-2017,0.555539,0.444461
11892_geowiki-landcover-2017,0.544061,0.455939
612_germany,0.469904,0.530096
1093_germany,0.3939503,0.6060497
426_mali-helmets-labelling-crops,0.46667266,0.5333273
79_togo,0.5440609,0.45593908
33593_geowiki-landcover-2017,0.39394984,0.60605013
944_ile-de-france,0.4961169,0.5038831
4939_central-asia,0.3939499,0.6060501
18219_geowiki-landcover-2017,0.48146114,0.51853883
22178_geowiki-landcover-2017,0.39395455,0.6060454
6685_croplands,0.5555305,0.44446948
5211_geowiki-landcover-2017,0.46667314,0.53332686
2618_canada,0.39395,0.6060501
2759_reunion-france,0.6302408,0.3697592
3291_ile-de-france,0.3939499,0.60605013
32146_geowiki-landcover-2017,0.39395007,0.6060499
3658_croplands,0.55553025,0.44446978
801_martinique-france,0.46667287,0.5333271
505_ile-de-france,0.39394993,0.6060501
21315_geowiki-landcover-2017,0.584434,0.41556603
1867_tanzania-ceo,0.64379996,0.35620007
938_reunion-france,0.6543542,0.34564582
5410_geowiki-landcover-2017,0.48135635,0.5186436
1194_germany,0.3939501,0.6060499
72_geowiki-landcover-2017,0.58447784,0.4155222
28958_geowiki-landcover-2017,0.4814535,0.51854646
2504_geowiki-landcover-2017,0.4666721,0.53332794
33668_geowiki-landcover-2017,0.39395025,0.6060497
21677_geowiki-landcover-2017,0.3939501,0.6060499
14046_geowiki-landcover-2017,0.4823341,0.51766586
1241_germany,0.3939499,0.60605013
1251_tanzania-ceo,0.54406106,0.45593894
2338_ile-de-france,0.3939499,0.60605013
7273_canada,0.3939513,0.60604864
17554_geowiki-landcover-2017,0.46667185,0.5333282
445_rwanda-ceo,0.65435463,0.3456454
19632_geowiki-landcover-2017,0.63023907,0.3697609
21454_geowiki-landcover-2017,0.4699033,0.5300967
2474_kenya-non-crop,0.6302361,0.3697639
26342_geowiki-landcover-2017,0.6543541,0.3456459
987_togo,0.5699607,0.43003923
3133_canada,0.46667287,0.5333271
1592_tanzania-ceo,0.5555303,0.44446972
7578_geowiki-landcover-2017,0.4666726,0.53332746
19128_geowiki-landcover-2017,0.46667308,0.5333269
6486_canada,0.39395,0.6060501
674_martinique-france,0.56995964,0.4300404
0_germany,0.39395,0.60604995
23798_geowiki-landcover-2017,0.48146144,0.5185386
4499_ile-de-france,0.3939499,0.60605013
283_kenya-non-crop,0.7207865,0.27921346
748_rwanda-ceo,0.6544019,0.34559804
787_tanzania-rice-ecaas,0.63018835,0.36981165
4042_canada,0.39395043,0.60604954
1961_rwanda-ceo,0.6543565,0.3456435
1744_germany,0.46990404,0.530096
2482_geowiki-landcover-2017,0.5555289,0.44447115
5912_ile-de-france,0.39395,0.60605
660_rwanda-ceo,0.6302412,0.3697588
1362_croplands,0.46667275,0.5333273
71_rwanda-ceo,0.63024104,0.3697589
4018_ile-de-france,0.3939498,0.60605013
28696_geowiki-landcover-2017,0.3939499,0.60605013
3400_central-asia,0.3939499,0.60605013
2608_rwanda-ceo,0.6543548,0.3456452
2367_central-asia,0.3939499,0.60605013
1352_central-asia,0.3939499,0.60605013
2252_germany,0.39395037,0.6060496
2252_martinique-france,0.5555305,0.4444695
40_germany,0.46983233,0.53016764
20819_geowiki-landcover-2017,0.56995934,0.43004063
2540_reunion-france,0.4853869,0.5146131
82_mali-helmets-labelling-crops,0.4666724,0.5333276
13887_geowiki-landcover-2017,0.46666825,0.53333175
1217_ile-de-france,0.3939498,0.6060502
527_germany,0.3939499,0.60605013
730_reunion-france,0.5587348,0.44126523
2316_kenya-non-crop,0.46667314,0.53332686
14005_geowiki-landcover-2017,0.48146087,0.51853913
485_martinique-france,0.46667287,0.5333271
18081_geowiki-landcover-2017,0.46667302,0.533327
1452_reunion-france,0.63024056,0.3697594
4133_geowiki-landcover-2017,0.5587322,0.4412678
1122_canada,0.46667287,0.5333271
96_kenya,0.5555306,0.44446936
11146_geowiki-landcover-2017,0.56995976,0.43004024
3347_rwanda-ceo,0.7208022,0.27919784
4803_canada,0.3939499,0.60605013
24305_geowiki-landcover-2017,0.46667254,0.53332746
1685_kenya-non-crop,0.630241,0.369759
1052_rwanda-ceo,0.63023996,0.36976004
209_kenya-non-crop,0.65435433,0.34564567
8_mali-helmets-labelling-crops,0.4666724,0.53332764
2135_germany,0.4961136,0.5038864
2152_ile-de-france,0.39395,0.60605
25275_geowiki-landcover-2017,0.584434,0.41556603
11059_geowiki-landcover-2017,0.39395025,0.6060498
6254_geowiki-landcover-2017,0.5555308,0.44446918
30889_geowiki-landcover-2017,0.65435433,0.34564567
13574_croplands,0.46667302,0.53332704
2612_ile-de-france,0.3939499,0.60605013
3933_geowiki-landcover-2017,0.39395058,0.6060495
2992_central-asia,0.3939499,0.6060501
2436_ile-de-france,0.39395,0.60605
488_ethiopia,0.5844345,0.41556555
5017_ile-de-france,0.3939499,0.60605013
1303_geowiki-landcover-2017,0.63024116,0.3697589
793_tanzania-ceo,0.63024074,0.3697593
4310_central-asia,0.3939501,0.6060499
1197_ile-de-france,0.3939502,0.6060498
1175_tanzania-ceo,0.6302409,0.36975908
10204_geowiki-landcover-2017,0.56995964,0.4300404
137_tanzania-ceo,0.7208022,0.27919784
5142_central-asia,0.39395,0.60605
22820_geowiki-landcover-2017,0.4961176,0.5038824
35706_geowiki-landcover-2017,0.63024086,0.3697591
20961_geowiki-landcover-2017,0.5440584,0.4559416
2140_kenya-non-crop,0.7208022,0.2791978
1568_kenya-non-crop,0.46667385,0.53332615
472_lem-brazil,0.555529,0.44447103
8248_geowiki-landcover-2017,0.7207979,0.27920207
822_kenya-non-crop,0.55553204,0.44446802
1931_ile-de-france,0.3939499,0.60605013
24252_geowiki-landcover-2017,0.46667328,0.5333267
12603_croplands,0.46667287,0.5333271
4404_croplands,0.46667275,0.5333272
1082_germany,0.39395,0.60604995
3210_rwanda-ceo,0.6543548,0.3456452
871_kenya-non-crop,0.63024086,0.3697591
2322_kenya-non-crop,0.54406124,0.45593876
625_mali-helmets-labelling-crops,0.4666724,0.53332764
1160_rwanda-ceo,0.65435433,0.34564567
10741_geowiki-landcover-2017,0.3939507,0.6060493
13828_croplands,0.6302408,0.36975926
22100_geowiki-landcover-2017,0.6543539,0.34564608
5024_canada,0.3939499,0.60605013
1397_ile-de-france,0.3939499,0.6060501
7851_canada,0.3939499,0.6060501
30949_geowiki-landcover-2017,0.39395016,0.6060498
10927_geowiki-landcover-2017,0.5555305,0.44446948
1574_geowiki-landcover-2017,0.56995887,0.43004113
33446_geowiki-landcover-2017,0.49611387,0.50388616
1627_geowiki-landcover-2017,0.63024086,0.3697591
34071_geowiki-landcover-2017,0.394014,0.60598594
25270_geowiki-landcover-2017,0.4817001,0.51829994
2907_croplands,0.63024086,0.3697591
4352_croplands,0.46667287,0.5333271
2224_tanzania-ceo,0.5555306,0.44446942
29790_geowiki-landcover-2017,0.4699037,0.5300963
31653_geowiki-landcover-2017,0.39395028,0.6060497
6761_croplands,0.55553067,0.44446933
2126_geowiki-landcover-2017,0.46667314,0.53332686
16385_geowiki-landcover-2017,0.5555308,0.44446918
9761_geowiki-landcover-2017,0.5699591,0.43004087
19079_geowiki-landcover-2017,0.4666729,0.5333271
476_tanzania-ceo,0.7208017,0.2791983
2349_tanzania-ceo,0.6302403,0.36975974
35816_geowiki-landcover-2017,0.46667314,0.53332686
17682_geowiki-landcover-2017,0.4666751,0.5333249
5964_geowiki-landcover-2017,0.54406124,0.45593882
21671_geowiki-landcover-2017,0.46990407,0.53009593
576_tanzania-rice-ecaas,0.6302396,0.3697604
1069_martinique-france,0.65435445,0.3456456
20928_geowiki-landcover-2017,0.5699597,0.4300403
427_tanzania-rice-ecaas,0.6302407,0.3697593
14691_croplands,0.56995994,0.43004003
4494_central-asia,0.3939499,0.60605013
4623_canada,0.39395007,0.60604995
148_mali-helmets-labelling-crops,0.46667254,0.53332746
6290_canada,0.39395034,0.60604966
4183_canada,0.3939501,0.6060499
781_central-asia,0.3939499,0.60605013
10291_croplands,0.46714875,0.5328513
25634_geowiki-landcover-2017,0.46990415,0.5300959
13319_geowiki-landcover-2017,0.39395025,0.6060498
2026_ile-de-france,0.3939499,0.60605013
2189_geowiki-landcover-2017,0.56995976,0.43004024
15198_geowiki-landcover-2017,0.5699597,0.4300403
1607_tanzania-ceo,0.6302409,0.36975908
5519_ile-de-france,0.46989706,0.5301029
243_togo,0.46667382,0.5333262
238_tanzania-rice-ecaas,0.6302408,0.36975923
33470_geowiki-landcover-2017,0.39395,0.60604995
1913_canada,0.64338726,0.35661268
4160_croplands,0.46667287,0.53332716
1106_mali-helmets-labelling-crops,0.4666717,0.5333283
4109_central-asia,0.39394984,0.60605013
33676_geowiki-landcover-2017,0.5555304,0.44446957
30317_geowiki-landcover-2017,0.5555276,0.44447234
4737_ile-de-france,0.3939499,0.6060501
1759_germany,0.3939499,0.60605013
1672_ile-de-france,0.39395007,0.60604995
1955_rwanda-ceo,0.6543543,0.34564573
1735_canada,0.4666729,0.5333271
11283_geowiki-landcover-2017,0.56995994,0.43004003
5428_ile-de-france,0.39394984,0.60605013
943_martinique-france,0.5699597,0.43004024
787_togo,0.5699601,0.43003988
2334_rwanda-ceo,0.5555305,0.44446954
6206_geowiki-landcover-2017,0.3939499,0.60605013
9133_croplands,0.4666728,0.5333272
2169_tanzania-ceo,0.6302408,0.3697592
7848_geowiki-landcover-2017,0.4699041,0.5300959
4028_canada,0.39395085,0.6060491
2399_geowiki-landcover-2017,0.569917,0.43008298
14783_geowiki-landcover-2017,0.65435416,0.34564587
2043_germany,0.4699033,0.5300967
14112_croplands,0.6302408,0.3697592
26850_geowiki-landcover-2017,0.3939501,0.6060499
2944_ile-de-france,0.3939513,0.60604864
1199_mali-helmets-labelling-crops,0.4666717,0.5333283
783_tanzania-rice-ecaas,0.63023823,0.36976174
32485_geowiki-landcover-2017,0.39395207,0.606048
10762_croplands,0.55553013,0.44446984
35800_geowiki-landcover-2017,0.46667266,0.53332734
1132_tanzania-ceo,0.63024056,0.36975947
21596_geowiki-landcover-2017,0.48146084,0.51853913
2015_canada,0.3939499,0.60605013
3591_rwanda-ceo,0.6302411,0.3697589
607_martinique-france,0.6543533,0.34564668
2497_geowiki-landcover-2017,0.46667227,0.53332776
5098_canada,0.3939499,0.60605013
842_mali-helmets-labelling-crops,0.54401225,0.45598778
1508_martinique-france,0.55552894,0.4444711
2382_kenya-non-crop,0.54406273,0.4559373
10651_geowiki-landcover-2017,0.3939516,0.6060484
841_martinique-france,0.6543512,0.34564883
4082_canada,0.39395,0.60604995
1996_kenya-non-crop,0.46667293,0.53332704
24774_geowiki-landcover-2017,0.3939499,0.6060501
12329_geowiki-landcover-2017,0.55553067,0.44446933
18971_geowiki-landcover-2017,0.5555306,0.44446942
1298_tanzania-ceo,0.6302413,0.3697587
2855_geowiki-landcover-2017,0.46667275,0.5333273
383_mali-helmets-labelling-crops,0.46667257,0.53332746
32770_geowiki-landcover-2017,0.5440607,0.4559393
3577_central-asia,0.3939499,0.6060501
3721_ile-de-france,0.3939499,0.60605013
10266_geowiki-landcover-2017,0.4699041,0.5300959
6261_canada,0.54401666,0.45598334
29818_geowiki-landcover-2017,0.39395,0.6060501
15262_geowiki-landcover-2017,0.46667302,0.533327
6878_geowiki-landcover-2017,0.3939501,0.6060499
1038_togo,0.4666745,0.5333255
13031_geowiki-landcover-2017,0.55553067,0.44446933
1936_kenya-non-crop,0.54406124,0.45593873
5588_ile-de-france,0.39395007,0.60604995
5_togo,0.54406095,0.45593908
3822_canada,0.3939499,0.6060501
4477_ile-de-france,0.3939499,0.60605013
2701_ile-de-france,0.49611375,0.5038862
2273_central-asia,0.3939499,0.60605013
28953_geowiki-landcover-2017,0.39395007,0.60604995
2069_geowiki-landcover-2017,0.5699592,0.43004078
6106_ile-de-france,0.3939499,0.6060501
4424_geowiki-landcover-2017,0.39395007,0.60604995
4759_canada,0.39395025,0.6060497
60_rwanda-ceo,0.63024104,0.369759
18649_geowiki-landcover-2017,0.55545,0.44454998
1830_tanzania-ceo,0.63024116,0.3697588
1784_canada,0.39395022,0.6060498
6847_geowiki-landcover-2017,0.46667308,0.533327
6399_canada,0.49611303,0.50388694
2809_rwanda-ceo,0.5555297,0.44447023
927_ile-de-france,0.39395007,0.60604995
5247_ile-de-france,0.3939499,0.60605013
3521_rwanda-ceo,0.65435416,0.34564587
3298_central-asia,0.3939499,0.60605013
967_canada,0.46667287,0.5333271
539_croplands,0.5731349,0.42686504
30490_geowiki-landcover-2017,0.39395002,0.60604995
14214_geowiki-landcover-2017,0.5440609,0.45593917
9227_croplands,0.5699498,0.43005016
2625_ile-de-france,0.3939499,0.60605013
511_martinique-france,0.46667287,0.53332716
2032_central-asia,0.3939499,0.60605013
99_kenya,0.6302132,0.36978683
477_togo,0.46667293,0.53332704
34749_geowiki-landcover-2017,0.3939501,0.6060499
622_kenya-non-crop,0.5555308,0.4444692
2077_tanzania-ceo,0.544064,0.45593604
1755_reunion-france,0.4827461,0.5172539
1497_martinique-france,0.46667287,0.53332716
4100_central-asia,0.39394993,0.6060501
1560_kenya-non-crop,0.54405975,0.45594025
2127_germany,0.39395234,0.6060477
6696_canada,0.39395112,0.60604894
72_kenya-non-crop,0.630241,0.36975908
1958_ile-de-france,0.3939499,0.60605013
2697_rwanda-ceo,0.63024104,0.3697589
902_martinique-france,0.5555304,0.44446957
2668_rwanda-ceo,0.55552983,0.44447014
733_rwanda-ceo,0.6292576,0.37074238
2540_canada,0.46667287,0.53332716
18931_geowiki-landcover-2017,0.3939499,0.60605013
3058_central-asia,0.3939499,0.60605013
12537_geowiki-landcover-2017,0.39395067,0.60604936
2664_central-asia,0.3939499,0.60605013
2494_central-asia,0.39394993,0.6060501
4173_ile-de-france,0.39394993,0.6060501
27335_geowiki-landcover-2017,0.49612072,0.5038793
1178_canada,0.46667287,0.5333271
3192_ile-de-france,0.3939499,0.60605013
6808_geowiki-landcover-2017,0.4814608,0.51853913
97_lem-brazil,0.6543327,0.3456673
690_rwanda-ceo,0.6302406,0.36975938
3727_geowiki-landcover-2017,0.55553025,0.44446975
15602_geowiki-landcover-2017,0.4814607,0.51853937
217_kenya,0.5573437,0.44265628
31154_geowiki-landcover-2017,0.39395046,0.60604954
1466_ile-de-france,0.3939499,0.60605013
18336_geowiki-landcover-2017,0.46990424,0.53009576
546_ethiopia,0.6302197,0.3697803
109_central-asia,0.39395,0.6060501
17199_geowiki-landcover-2017,0.5699614,0.4300386
33907_geowiki-landcover-2017,0.4960039,0.50399613
468_lem-brazil,0.5555279,0.44447213
428_central-asia,0.3939499,0.60605013
5768_croplands,0.5440612,0.45593885
715_germany,0.3939503,0.6060497
6999_geowiki-landcover-2017,0.3939505,0.60604954
222_mali-helmets-labelling-crops,0.4666719,0.53332806
670_tanzania-rice-ecaas,0.63023037,0.3697697
32053_geowiki-landcover-2017,0.5440612,0.45593885
2822_geowiki-landcover-2017,0.46608385,0.5339162
30_mali,0.46667156,0.5333285
2843_rwanda-ceo,0.55553025,0.44446972
12850_croplands,0.54405874,0.4559413
3582_geowiki-landcover-2017,0.4666725,0.5333275
35248_geowiki-landcover-2017,0.39395,0.60605
1669_ile-de-france,0.39395,0.60604995
205_ile-de-france,0.39395013,0.6060499
181_lem-brazil,0.46668977,0.5333103
17288_geowiki-landcover-2017,0.4814611,0.5185389
2256_germany,0.46990404,0.530096
2398_central-asia,0.3939499,0.60605013
10765_croplands,0.5555293,0.44447067
74_kenya-non-crop,0.6302408,0.3697592
1511_ile-de-france,0.3939499,0.60605013
361_lem-brazil,0.5699536,0.43004635
5539_canada,0.3939499,0.6060501
1424_ile-de-france,0.39395,0.60604995
438_reunion-france,0.5844388,0.41556123
1759_canada,0.39395025,0.6060497
15877_geowiki-landcover-2017,0.5555314,0.44446868
18299_geowiki-landcover-2017,0.5440612,0.45593885
8176_geowiki-landcover-2017,0.65435433,0.34564567
3632_canada,0.46258953,0.5374105
16629_geowiki-landcover-2017,0.7208021,0.27919784
373_germany,0.39395,0.60605
1386_martinique-france,0.6543542,0.34564576
29133_geowiki-landcover-2017,0.6437998,0.35620028
1157_tanzania-ceo,0.6302411,0.3697589
821_kenya-non-crop,0.55553067,0.44446933
552_reunion-france,0.48146126,0.5185387
5934_geowiki-landcover-2017,0.48146215,0.5185378
3772_geowiki-landcover-2017,0.4666751,0.5333249
85_togo,0.56995964,0.43004033
5429_ile-de-france,0.3939498,0.6060502
32686_geowiki-landcover-2017,0.49611372,0.5038863
33288_geowiki-landcover-2017,0.46990618,0.5300938
29940_geowiki-landcover-2017,0.4666728,0.5333272
34726_geowiki-landcover-2017,0.5699595,0.43004054
23607_geowiki-landcover-2017,0.4814607,0.51853937
12031_geowiki-landcover-2017,0.5555305,0.44446954
14933_croplands,0.39395,0.6060501
403_tanzania-ceo,0.63024104,0.369759
1384_tanzania-ceo,0.544061,0.45593902
33271_geowiki-landcover-2017,0.4814596,0.5185404
20577_geowiki-landcover-2017,0.5587314,0.44126862
2372_kenya-non-crop,0.72080094,0.2791991
12380_geowiki-landcover-2017,0.4814608,0.51853913
8530_geowiki-landcover-2017,0.55551636,0.44448364
5563_geowiki-landcover-2017,0.55553013,0.44446987
4425_ile-de-france,0.3939499,0.60605013
676_mali-helmets-labelling-crops,0.4666726,0.53332734
16171_geowiki-landcover-2017,0.5440615,0.45593852
31053_geowiki-landcover-2017,0.49611396,0.50388604
35006_geowiki-landcover-2017,0.4814608,0.5185392
74_tanzania-rice-ecaas,0.630241,0.369759
31274_geowiki-landcover-2017,0.46667808,0.5333219
1540_rwanda-ceo,0.72080207,0.2791979
492_tanzania-rice-ecaas,0.6302397,0.36976027
25253_geowiki-landcover-2017,0.5699596,0.43004042
2312_canada,0.39395,0.6060501
4117_croplands,0.4666736,0.5333264
1430_tanzania-ceo,0.72079986,0.2792002
23527_geowiki-landcover-2017,0.55553097,0.44446898
2233_geowiki-landcover-2017,0.5699591,0.4300409
2230_rwanda-ceo,0.55553275,0.44446725
20740_geowiki-landcover-2017,0.54406124,0.45593882
191_rwanda-ceo,0.72072357,0.27927643
974_tanzania-ceo,0.630241,0.369759
6054_geowiki-landcover-2017,0.54406065,0.4559393
4837_ile-de-france,0.58443165,0.41556838
443_mali-helmets-labelling-crops,0.4666718,0.53332824
20549_geowiki-landcover-2017,0.5555328,0.44446713
1423_ile-de-france,0.39395,0.60605
26832_geowiki-landcover-2017,0.5555504,0.44444954
467_tanzania-ceo,0.63024104,0.36975893
7639_canada,0.3939516,0.6060484
2957_central-asia,0.3939499,0.60605013
812_lem-brazil,0.6302381,0.36976188
193_central-asia,0.3939499,0.60605013
3107_canada,0.5440537,0.45594636
4979_ile-de-france,0.3939499,0.60605013
2375_ile-de-france,0.3939499,0.60605013
4509_geowiki-landcover-2017,0.6543535,0.34564653
18664_geowiki-landcover-2017,0.46667287,0.5333271
4859_central-asia,0.393967,0.60603297
166_ethiopia,0.5587322,0.4412678
32925_geowiki-landcover-2017,0.5699522,0.43004775
232_tanzania,0.6543525,0.34564745
379_tanzania-ceo,0.5555304,0.44446957
1102_germany,0.4699037,0.5300963
2690_central-asia,0.3939499,0.6060501
798_canada,0.39395034,0.6060496
1846_geowiki-landcover-2017,0.5555305,0.44446948
2052_ile-de-france,0.39395,0.6060501
487_croplands,0.46667227,0.53332776
8069_geowiki-landcover-2017,0.5555453,0.44445473
2014_tanzania-ceo,0.6302393,0.3697607
17189_geowiki-landcover-2017,0.46667302,0.533327
32544_geowiki-landcover-2017,0.46667314,0.53332686
13111_geowiki-landcover-2017,0.5440611,0.45593888
274_geowiki-landcover-2017,0.6572832,0.34271678
20760_geowiki-landcover-2017,0.56995964,0.43004036
10186_geowiki-landcover-2017,0.56996703,0.43003297
40_kenya,0.55553114,0.44446883
2667_geowiki-landcover-2017,0.4666756,0.53332436
23253_geowiki-landcover-2017,0.46667337,0.5333266
1063_kenya-non-crop,0.63018644,0.36981353
31452_geowiki-landcover-2017,0.4666728,0.5333272
1749_kenya-non-crop,0.630241,0.369759
3845_central-asia,0.3939499,0.60605013
1172_martinique-france,0.6545413,0.34545866
1178_central-asia,0.3939499,0.60605013
768_lem-brazil,0.5440626,0.45593736
9504_croplands,0.6302408,0.3697592
16572_geowiki-landcover-2017,0.5699598,0.43004015
1991_germany,0.46990934,0.5300907
2604_kenya-non-crop,0.630241,0.36975905
607_rwanda-ceo,0.7208005,0.27919945
9135_geowiki-landcover-2017,0.4814615,0.51853853
8292_geowiki-landcover-2017,0.63024104,0.369759
2491_ile-de-france,0.3939499,0.60605013
823_reunion-france,0.62828636,0.3717136
34731_geowiki-landcover-2017,0.46667305,0.533327
9465_croplands,0.46667713,0.5333229
10205_croplands,0.63024086,0.3697591
423_togo,0.5440583,0.4559417
54_ile-de-france,0.39395,0.6060501
137_ethiopia,0.4814612,0.5185388
24099_geowiki-landcover-2017,0.6543424,0.34565762
13690_croplands,0.5440612,0.45593888
1715_canada,0.46667308,0.5333269
11560_croplands,0.46667293,0.53332704
1495_tanzania-ceo,0.54406124,0.45593876
4368_ile-de-france,0.3941712,0.60582876
3551_ile-de-france,0.3939505,0.60604954
1429_canada,0.5440603,0.45593968
14554_croplands,0.5555305,0.4444695
311_kenya-non-crop,0.7205245,0.27947548
19009_geowiki-landcover-2017,0.55553055,0.44446948
3725_geowiki-landcover-2017,0.54406035,0.45593965
21295_geowiki-landcover-2017,0.46990377,0.5300962
18379_geowiki-landcover-2017,0.39395553,0.6060445
1262_central-asia,0.3939499,0.60605013
19082_geowiki-landcover-2017,0.46667275,0.5333272
4281_canada,0.3939499,0.60605013
7895_canada,0.46665367,0.53334635
33140_geowiki-landcover-2017,0.57313627,0.42686376
6617_canada,0.39395,0.60605
4566_croplands,0.5440409,0.45595914
25_kenya-non-crop,0.65435416,0.34564587
326_ile-de-france,0.3939499,0.60605013
2120_croplands,0.4666711,0.53332883
14293_croplands,0.5555308,0.44446927
2493_central-asia,0.3939499,0.60605013
3541_central-asia,0.3939499,0.60605013
2096_canada,0.46667266,0.5333273
3746_central-asia,0.3939499,0.60605013
1425_croplands,0.39395,0.6060501
535_reunion-france,0.4814644,0.5185356
3267_rwanda-ceo,0.5555297,0.44447023
352_ethiopia,0.48146114,0.51853883
13810_geowiki-landcover-2017,0.5438862,0.4561138
1467_martinique-france,0.6543452,0.3456548
180_rwanda-ceo,0.6302411,0.3697589
4577_croplands,0.54405874,0.4559413
3862_geowiki-landcover-2017,0.55873233,0.44126773
343_lem-brazil,0.46667647,0.5333235
32347_geowiki-landcover-2017,0.46989807,0.53010195
906_togo,0.46667302,0.533327
26035_geowiki-landcover-2017,0.47064325,0.5293568
7313_geowiki-landcover-2017,0.46667287,0.53332716
23499_geowiki-landcover-2017,0.46752334,0.53247666
804_togo,0.54404414,0.45595586
18909_geowiki-landcover-2017,0.5699597,0.4300403
5026_ile-de-france,0.39395002,0.60604995
695_tanzania-ceo,0.63024104,0.369759
3996_canada,0.39394993,0.6060501
32461_geowiki-landcover-2017,0.39395022,0.6060498
8359_geowiki-landcover-2017,0.5555306,0.44446942
24615_geowiki-landcover-2017,0.4666728,0.5333272
17567_geowiki-landcover-2017,0.5587319,0.44126803
206_togo,0.46667293,0.53332704
1805_rwanda-ceo,0.63024104,0.369759
16752_geowiki-landcover-2017,0.6302411,0.3697589
4774_canada,0.3939499,0.60605013
557_ile-de-france,0.4961136,0.5038864
892_croplands,0.46990243,0.53009754
23737_geowiki-landcover-2017,0.584434,0.415566
21848_geowiki-landcover-2017,0.64330626,0.35669377
33736_geowiki-landcover-2017,0.39395052,0.6060495
26061_geowiki-landcover-2017,0.6302397,0.36976025
95_kenya,0.6543535,0.34564653
3222_ile-de-france,0.3939508,0.6060492
26853_geowiki-landcover-2017,0.39395007,0.60604995
53_mali,0.46667165,0.53332835
1770_kenya-non-crop,0.630241,0.36975905
18739_geowiki-landcover-2017,0.49612513,0.50387484
1390_geowiki-landcover-2017,0.5440611,0.45593888
33505_geowiki-landcover-2017,0.3939501,0.6060499
3344_ile-de-france,0.39394993,0.6060501
227_tanzania,0.5555435,0.44445652
1399_reunion-france,0.6543613,0.34563866
33886_geowiki-landcover-2017,0.5699595,0.43004048
26698_geowiki-landcover-2017,0.4666727,0.5333273
6888_croplands,0.5555305,0.44446948
645_canada,0.39394993,0.6060501
49_kenya-non-crop,0.7208018,0.27919823
1637_croplands,0.65435386,0.34564614
679_ethiopia,0.56996,0.43004
24689_geowiki-landcover-2017,0.4961129,0.5038871
27502_geowiki-landcover-2017,0.544061,0.45593897
1919_rwanda-ceo,0.6302418,0.36975816
1387_germany,0.3939499,0.6060501
104_germany,0.39394993,0.6060501
1582_rwanda-ceo,0.7208021,0.27919784
1118_ile-de-france,0.39395043,0.6060496
1119_martinique-france,0.46667293,0.53332704
30354_geowiki-landcover-2017,0.46994418,0.5300558
35063_geowiki-landcover-2017,0.393959,0.606041
115_germany,0.46990404,0.53009593
12204_geowiki-landcover-2017,0.5555305,0.44446948
2127_ile-de-france,0.3939499,0.60605013
251_ile-de-france,0.3939499,0.60605013
6938_canada,0.56995183,0.43004817
244_canada,0.58438957,0.41561043
2563_ile-de-france,0.3939503,0.6060497
4458_geowiki-landcover-2017,0.65435445,0.3456456
2427_rwanda-ceo,0.720802,0.27919802
1773_martinique-france,0.5699597,0.43004027
4578_croplands,0.56995726,0.43004274
1754_ile-de-france,0.3939501,0.6060499
4637_ile-de-france,0.39395,0.6060501
2735_central-asia,0.3939499,0.60605013
2011_kenya-non-crop,0.46667287,0.5333271
1368_canada,0.46667287,0.5333271
3211_central-asia,0.3939499,0.60605013
677_lem-brazil,0.55553013,0.44446993
2196_geowiki-landcover-2017,0.55554116,0.44445884
3993_central-asia,0.3939499,0.60605013
16663_geowiki-landcover-2017,0.5699605,0.4300395
1876_geowiki-landcover-2017,0.5699594,0.43004054
564_germany,0.3939503,0.6060497
3299_geowiki-landcover-2017,0.46667275,0.5333273
404_togo,0.4666729,0.5333271
876_central-asia,0.3939498,0.60605013
10992_geowiki-landcover-2017,0.6543542,0.34564576
4456_canada,0.46667257,0.53332746
2024_ile-de-france,0.39395002,0.60604995
8267_geowiki-landcover-2017,0.46667305,0.533327
2163_reunion-france,0.4973962,0.50260377
28818_geowiki-landcover-2017,0.481461,0.518539
713_germany,0.3939499,0.60605013
3105_canada,0.4666729,0.5333271
3484_ile-de-france,0.3939499,0.60605013
14091_geowiki-landcover-2017,0.48146087,0.51853913
2762_rwanda-ceo,0.6543536,0.34564632
2345_geowiki-landcover-2017,0.46665728,0.5333428
122_mali-helmets-labelling-crops,0.46667266,0.5333273
899_germany,0.3939499,0.60605013
1859_rwanda-ceo,0.63024056,0.36975947
2318_central-asia,0.3939499,0.60605013
559_mali-helmets-labelling-crops,0.46667254,0.53332746
4443_geowiki-landcover-2017,0.48146072,0.51853925
810_ethiopia,0.544061,0.45593902
1809_kenya-non-crop,0.630241,0.369759
11151_geowiki-landcover-2017,0.5555303,0.4444697
622_germany,0.4699029,0.53009707
31369_geowiki-landcover-2017,0.46667266,0.5333273
29792_geowiki-landcover-2017,0.55873233,0.44126767
4982_central-asia,0.3939499,0.60605013
17733_geowiki-landcover-2017,0.54403913,0.45596084
196_canada,0.4666729,0.5333271
1010_croplands,0.48146328,0.5185367
20606_geowiki-landcover-2017,0.6476213,0.35237873
22539_geowiki-landcover-2017,0.65435433,0.3456457
2228_germany,0.46990365,0.53009635
6133_canada,0.39395007,0.60604995
15307_geowiki-landcover-2017,0.5555328,0.44446716
23305_geowiki-landcover-2017,0.56995964,0.4300404
9656_croplands,0.46669644,0.53330356
2951_geowiki-landcover-2017,0.4666724,0.5333276
282_ile-de-france,0.3939499,0.60605013
21364_geowiki-landcover-2017,0.39395007,0.60604995
29798_geowiki-landcover-2017,0.3939499,0.60605013
14961_croplands,0.39395,0.60605
1957_ile-de-france,0.3939527,0.60604733
23496_geowiki-landcover-2017,0.55552983,0.44447014
618_togo,0.46670595,0.5332941
14545_geowiki-landcover-2017,0.4666729,0.5333271
845_kenya-non-crop,0.5555317,0.44446832
1048_martinique-france,0.5699597,0.4300403
6220_geowiki-landcover-2017,0.39397642,0.60602355
1096_geowiki-landcover-2017,0.5587324,0.44126758
18879_geowiki-landcover-2017,0.46667394,0.5333261
12514_geowiki-landcover-2017,0.55873233,0.44126764
12414_geowiki-landcover-2017,0.55552995,0.44447002
4704_ile-de-france,0.3939499,0.6060501
2109_germany,0.39395046,0.60604954
819_togo,0.46667367,0.5333263
780_reunion-france,0.628286,0.371714
12755_geowiki-landcover-2017,0.6543544,0.3456456
1387_martinique-france,0.46667376,0.53332627
1227_ile-de-france,0.3939498,0.6060502
23_croplands,0.6572835,0.3427165
1639_tanzania-ceo,0.630241,0.369759
129_martinique-france,0.46667328,0.53332675
5347_ile-de-france,0.46990377,0.5300963
1889_germany,0.39395,0.60604995
21873_geowiki-landcover-2017,0.5731415,0.42685845
1907_central-asia,0.3939499,0.60605013
3967_canada,0.3939499,0.60605013
9330_geowiki-landcover-2017,0.630181,0.369819
2860_rwanda-ceo,0.6302404,0.36975956
2966_ile-de-france,0.3939499,0.60605013
8895_geowiki-landcover-2017,0.5440611,0.45593888
995_rwanda-ceo,0.6543553,0.34564468
2639_reunion-france,0.697428,0.30257204
19989_geowiki-landcover-2017,0.46990618,0.5300938
4639_geowiki-landcover-2017,0.48146138,0.51853865
89_kenya,0.5555303,0.44446972
1605_martinique-france,0.6543544,0.3456456
6736_canada,0.4629094,0.5370906
389_kenya-non-crop,0.720792,0.27920803
2208_ile-de-france,0.39395,0.6060501
35701_geowiki-landcover-2017,0.5699633,0.43003675
2535_kenya-non-crop,0.5555306,0.44446942
2266_canada,0.4698958,0.5301042
14504_geowiki-landcover-2017,0.3939499,0.6060501
1612_reunion-france,0.72080195,0.2791981
1868_canada,0.39395025,0.6060497
440_kenya-non-crop,0.558734,0.441266
3987_central-asia,0.3939499,0.60605013
543_croplands,0.39395007,0.60604995
494_kenya-non-crop,0.5587401,0.44125995
271_togo,0.46667293,0.53332704
62_tanzania,0.55553025,0.44446975
2131_croplands,0.54405886,0.45594114
6420_canada,0.3939498,0.60605013
1045_tanzania-ceo,0.6302396,0.36976042
21853_geowiki-landcover-2017,0.654402,0.345598
5952_canada,0.5440612,0.45593882
56_togo,0.46667287,0.53332716
758_ethiopia,0.48146364,0.5185364
397_martinique-france,0.6543542,0.34564582
10431_geowiki-landcover-2017,0.55873203,0.44126797
2035_tanzania-ceo,0.5555304,0.44446963
5165_ile-de-france,0.3939503,0.6060497
6885_canada,0.39398912,0.60601085
352_reunion-france,0.55552715,0.44447288
27184_geowiki-landcover-2017,0.6438001,0.3561999
12719_geowiki-landcover-2017,0.54406124,0.45593882
14057_croplands,0.55553013,0.4444699
14353_geowiki-landcover-2017,0.55872804,0.44127196
32261_geowiki-landcover-2017,0.39395,0.6060501
14084_geowiki-landcover-2017,0.6543544,0.3456456
4657_canada,0.39395085,0.6060491
4933_central-asia,0.39395,0.6060501
26677_geowiki-landcover-2017,0.54406124,0.4559388
2276_martinique-france,0.65435433,0.34564567
1372_central-asia,0.3939499,0.60605013
31934_geowiki-landcover-2017,0.39395067,0.60604936
12315_geowiki-landcover-2017,0.55873215,0.44126785
46_ethiopia,0.5587324,0.4412676
4694_ile-de-france,0.3939499,0.60605013
1269_mali-helmets-labelling-crops,0.46667174,0.53332824
1349_croplands,0.46667287,0.5333271
31774_geowiki-landcover-2017,0.39394993,0.6060501
3358_canada,0.39395186,0.6060481
429_tanzania-rice-ecaas,0.63023925,0.36976078
50_ile-de-france,0.39395007,0.60604995
47_lem-brazil,0.6301701,0.36982983
1390_croplands,0.46667275,0.5333273
4195_central-asia,0.3939499,0.60605013
3263_rwanda-ceo,0.7208018,0.27919823
1739_germany,0.43435457,0.5656454
7472_croplands,0.54406124,0.45593873
1890_tanzania-ceo,0.64380014,0.35619986
12590_croplands,0.466673,0.53332704
12273_geowiki-landcover-2017,0.5587322,0.44126773
12695_geowiki-landcover-2017,0.46990383,0.5300962
2901_ile-de-france,0.39395,0.6060501
13842_geowiki-landcover-2017,0.5587301,0.44126987
6491_canada,0.39395058,0.6060495
35407_geowiki-landcover-2017,0.4695791,0.5304209
19251_geowiki-landcover-2017,0.49612263,0.5038774
7613_geowiki-landcover-2017,0.4666728,0.5333272
22404_geowiki-landcover-2017,0.46667287,0.53332716
237_germany,0.39394993,0.6060501
5152_canada,0.3939499,0.60605013
9633_geowiki-landcover-2017,0.46667308,0.5333269
15600_geowiki-landcover-2017,0.46667382,0.5333262
34911_geowiki-landcover-2017,0.39395034,0.6060496
669_central-asia,0.3939499,0.60605013
34663_geowiki-landcover-2017,0.46667388,0.53332615
20220_geowiki-landcover-2017,0.39395007,0.6060499
2931_canada,0.64351434,0.3564857
2724_geowiki-landcover-2017,0.5440612,0.45593888
4237_geowiki-landcover-2017,0.5699598,0.43004015
4542_ile-de-france,0.3939499,0.60605013
9239_geowiki-landcover-2017,0.6302403,0.36975965
2259_martinique-france,0.5555305,0.44446948
3576_ile-de-france,0.3939499,0.60605013
26285_geowiki-landcover-2017,0.55553174,0.44446826
3833_ile-de-france,0.3939507,0.6060493
35473_geowiki-landcover-2017,0.4699041,0.53009593
2211_croplands,0.46667632,0.53332365
1224_germany,0.3939499,0.60605013
2416_rwanda-ceo,0.5555304,0.44446963
4302_ile-de-france,0.39395007,0.60604995
1838_ile-de-france,0.3939499,0.60605013
1678_geowiki-landcover-2017,0.630241,0.36975908
2062_canada,0.3939704,0.60602957
35445_geowiki-landcover-2017,0.48146114,0.51853883
2313_kenya-non-crop,0.46667325,0.53332675
1627_germany,0.3939499,0.60605013
707_kenya-non-crop,0.5555313,0.44446868
102_togo,0.54406106,0.45593888
1904_tanzania-ceo,0.720802,0.27919796
21286_geowiki-landcover-2017,0.4662128,0.5337872
254_tanzania-rice-ecaas,0.6302405,0.36975947
13559_croplands,0.4666732,0.5333268
12034_geowiki-landcover-2017,0.55873233,0.44126773
3849_geowiki-landcover-2017,0.58443403,0.41556597
831_canada,0.466673,0.53332704
1361_martinique-france,0.5699595,0.43004054
32432_geowiki-landcover-2017,0.544061,0.45593897
227_tanzania-ceo,0.630241,0.369759
1370_mali-helmets-labelling-crops,0.5440599,0.45594016
27355_geowiki-landcover-2017,0.4666736,0.5333264
5878_canada,0.3939499,0.60605013
682_mali-helmets-labelling-crops,0.46667266,0.53332734
2544_reunion-france,0.5699595,0.4300405
3405_canada,0.5699446,0.4300554
670_geowiki-landcover-2017,0.7208017,0.2791983
20730_geowiki-landcover-2017,0.39395007,0.60604995
2737_central-asia,0.3939499,0.60605013
3492_central-asia,0.3939499,0.60605013
1015_tanzania-ceo,0.720802,0.27919796
4050_canada,0.3939499,0.60605013
7553_canada,0.46667114,0.53332883
468_togo,0.5440608,0.45593917
1224_croplands,0.46667117,0.53332883
18768_geowiki-landcover-2017,0.5555304,0.44446957
11395_croplands,0.466673,0.53332704
9379_croplands,0.56995636,0.43004364
8933_geowiki-landcover-2017,0.39395025,0.6060498
3879_canada,0.39395007,0.60604995
2297_martinique-france,0.56995976,0.43004024
242_central-asia,0.39395067,0.60604936
325_lem-brazil,0.54406416,0.45593584
2328_canada,0.46666387,0.5333361
1166_central-asia,0.3939499,0.60605013
23585_geowiki-landcover-2017,0.64379936,0.35620067
2930_ile-de-france,0.3939499,0.60605013
6609_geowiki-landcover-2017,0.48146084,0.51853913
33151_geowiki-landcover-2017,0.39395,0.60604995
27611_geowiki-landcover-2017,0.55553555,0.44446447
25645_geowiki-landcover-2017,0.3939499,0.60605013
750_central-asia,0.3939499,0.60605013
13388_geowiki-landcover-2017,0.65434986,0.3456501
2925_central-asia,0.39394993,0.6060501
3878_geowiki-landcover-2017,0.39395,0.6060501
4261_canada,0.39395028,0.6060497
209_sudan,0.5440607,0.45593923
600_ile-de-france,0.39395055,0.6060495
113_togo,0.46669075,0.5333093
11701_geowiki-landcover-2017,0.6302409,0.36975908
7661_geowiki-landcover-2017,0.5440612,0.45593882
1735_rwanda-ceo,0.6543601,0.34563988
33005_geowiki-landcover-2017,0.63024116,0.3697589
215_ile-de-france,0.39395007,0.60604995
4311_central-asia,0.39395,0.60604995
2931_rwanda-ceo,0.6302411,0.3697589
5888_ile-de-france,0.4699033,0.5300967
174_tanzania,0.5555304,0.44446957
4894_ile-de-france,0.3939498,0.6060502
3117_rwanda-ceo,0.6302402,0.36975977
12473_croplands,0.5440612,0.45593882
10641_geowiki-landcover-2017,0.6543531,0.34564695
9238_geowiki-landcover-2017,0.630241,0.369759
1319_tanzania-ceo,0.72080207,0.27919793
177_geowiki-landcover-2017,0.6302399,0.3697601
727_reunion-france,0.55873364,0.4412664
1690_germany,0.39395103,0.606049
279_martinique-france,0.56995964,0.43004036
237_ile-de-france,0.39395016,0.60604984
25210_geowiki-landcover-2017,0.4814603,0.5185397
2355_central-asia,0.3939499,0.60605013
28441_geowiki-landcover-2017,0.65435106,0.34564888
1179_reunion-france,0.48146394,0.5185361
259_geowiki-landcover-2017,0.63026124,0.36973882
8264_geowiki-landcover-2017,0.6302193,0.36978072
506_tanzania-ceo,0.72079986,0.2792002
24492_geowiki-landcover-2017,0.4699042,0.5300958
664_canada,0.39394993,0.6060501
524_ile-de-france,0.39395085,0.6060491
781_canada,0.46667305,0.533327
584_mali-helmets-labelling-crops,0.46667334,0.5333266
17427_geowiki-landcover-2017,0.5555099,0.44449005
19124_geowiki-landcover-2017,0.5555251,0.4444749
21888_geowiki-landcover-2017,0.46667114,0.53332883
9362_croplands,0.4666743,0.53332573
12129_geowiki-landcover-2017,0.5440612,0.45593882
4532_central-asia,0.3939502,0.6060498
19164_geowiki-landcover-2017,0.39397642,0.60602355
8186_geowiki-landcover-2017,0.58443546,0.41556457
131_tanzania-rice-ecaas,0.630241,0.369759
1636_canada,0.39395085,0.6060492
2955_rwanda-ceo,0.5555727,0.4444273
920_germany,0.3939499,0.60605013
1527_germany,0.39395195,0.60604805
25054_geowiki-landcover-2017,0.46667308,0.533327
19060_geowiki-landcover-2017,0.5555304,0.44446957
1628_kenya-non-crop,0.6302409,0.36975908
18245_geowiki-landcover-2017,0.48146084,0.51853913
2626_geowiki-landcover-2017,0.5440782,0.45592183
29841_geowiki-landcover-2017,0.6302243,0.36977568
26641_geowiki-landcover-2017,0.46667355,0.5333264
14774_geowiki-landcover-2017,0.5440606,0.45593938
429_ethiopia,0.6545128,0.34548718
22599_geowiki-landcover-2017,0.5803619,0.4196381
189_central-asia,0.3939499,0.60605013
12981_croplands,0.5440612,0.45593885
33150_geowiki-landcover-2017,0.46667287,0.5333271
1969_kenya-non-crop,0.466673,0.53332704
185_tanzania,0.6302406,0.36975938
17203_geowiki-landcover-2017,0.5555305,0.44446954
566_togo,0.466675,0.533325
32_zimbabwe,0.63023937,0.36976066
10960_geowiki-landcover-2017,0.46990475,0.5300953
8980_geowiki-landcover-2017,0.3939501,0.6060499
22566_geowiki-landcover-2017,0.4699037,0.5300963
10260_geowiki-landcover-2017,0.63024104,0.369759
3068_central-asia,0.3939499,0.60605013
6306_geowiki-landcover-2017,0.49611145,0.5038885
15056_geowiki-landcover-2017,0.5699595,0.43004048
4903_canada,0.3939499,0.60605013
310_canada,0.46667302,0.53332704
472_central-asia,0.3939499,0.60605013
975_kenya-non-crop,0.630241,0.36975905
3473_ile-de-france,0.3939499,0.60605013
29_mali-helmets-labelling-crops,0.4666724,0.5333276
17493_geowiki-landcover-2017,0.584434,0.41556603
181_uganda,0.63024104,0.369759
3639_geowiki-landcover-2017,0.46667257,0.53332746
623_kenya-non-crop,0.628273,0.37172696
44_martinique-france,0.55552995,0.44447005
5490_canada,0.3939499,0.60605013
21589_geowiki-landcover-2017,0.584434,0.415566
6742_croplands,0.63024086,0.36975914
4479_canada,0.39394993,0.6060501
13548_geowiki-landcover-2017,0.5440612,0.45593882
6752_canada,0.39395034,0.60604966
6849_croplands,0.6302409,0.36975908
6278_canada,0.39395085,0.6060492
5596_canada,0.39398903,0.60601103
159_rwanda-ceo,0.630241,0.369759
18541_geowiki-landcover-2017,0.48146152,0.5185385
2416_canada,0.3939499,0.60605013
696_ethiopia,0.63024086,0.3697591
6057_croplands,0.4666739,0.5333261
25731_geowiki-landcover-2017,0.63024116,0.3697589
3774_croplands,0.5555303,0.4444697
913_rwanda-ceo,0.720802,0.279198
834_mali-helmets-labelling-crops,0.46667212,0.53332794
1261_kenya-non-crop,0.63024074,0.3697593
1177_geowiki-landcover-2017,0.6302406,0.36975938
3152_ile-de-france,0.39394993,0.6060501
9930_geowiki-landcover-2017,0.46667287,0.5333271
1157_reunion-france,0.5856792,0.41432086
2652_central-asia,0.3939501,0.6060499
264_ethiopia,0.48146108,0.51853895
4709_geowiki-landcover-2017,0.630241,0.36975908
23748_geowiki-landcover-2017,0.39395085,0.6060492
6291_geowiki-landcover-2017,0.63023573,0.3697643
5014_canada,0.3939499,0.60605013
12486_geowiki-landcover-2017,0.65728813,0.34271193
2219_reunion-france,0.39519486,0.6048051
33954_geowiki-landcover-2017,0.5440606,0.4559394
26384_geowiki-landcover-2017,0.46667644,0.5333236
6492_geowiki-landcover-2017,0.6543542,0.34564576
122_rwanda-ceo,0.5555389,0.44446114
2316_geowiki-landcover-2017,0.5699571,0.4300429
156_sudan,0.46667314,0.53332686
664_tanzania-ceo,0.6302404,0.36975962
1710_rwanda-ceo,0.5555313,0.44446868
29108_geowiki-landcover-2017,0.49611402,0.503886
5165_canada,0.39395076,0.60604924
16160_geowiki-landcover-2017,0.46667144,0.53332853
4423_croplands,0.46667048,0.53332955
2288_geowiki-landcover-2017,0.56995964,0.43004036
962_croplands,0.46667206,0.533328
177_tanzania,0.5555304,0.44446957
2356_germany,0.39394993,0.6060501
27603_geowiki-landcover-2017,0.5699591,0.43004087
4091_ile-de-france,0.3939499,0.60605013
4094_geowiki-landcover-2017,0.46667227,0.5333277
224_uganda,0.55552983,0.44447014
2069_croplands,0.46667308,0.53332686
289_tanzania,0.630241,0.369759
618_lem-brazil,0.4666752,0.5333248
33535_geowiki-landcover-2017,0.39395016,0.60604984
1867_germany,0.3939596,0.60604036
22747_geowiki-landcover-2017,0.55552876,0.44447124
1654_martinique-france,0.5699595,0.43004048
1020_central-asia,0.3939499,0.60605013
496_ethiopia,0.55751973,0.44248024
32104_geowiki-landcover-2017,0.39395154,0.60604846
30927_geowiki-landcover-2017,0.48143634,0.5185637
2143_germany,0.39395046,0.60604954
1812_kenya-non-crop,0.630241,0.369759
6085_ile-de-france,0.39394993,0.6060501
4697_ile-de-france,0.3939499,0.60605013
105_kenya,0.63024074,0.3697593
2410_kenya-non-crop,0.46667293,0.53332704
1043_rwanda-ceo,0.7207979,0.27920204
42_croplands,0.5587319,0.44126803
263_ile-de-france,0.39395064,0.60604936
9474_geowiki-landcover-2017,0.6543542,0.34564582
3957_geowiki-landcover-2017,0.65728265,0.34271732
2839_geowiki-landcover-2017,0.46667325,0.53332675
790_geowiki-landcover-2017,0.63023907,0.3697609
11538_geowiki-landcover-2017,0.5699596,0.4300404
999_martinique-france,0.5699597,0.43004024
6286_canada,0.393951,0.606049
5990_geowiki-landcover-2017,0.6543541,0.3456459
98_germany,0.3939499,0.60605013
2103_rwanda-ceo,0.7208021,0.2791979
31059_geowiki-landcover-2017,0.46667302,0.533327
1943_tanzania-ceo,0.46667287,0.5333271
34520_geowiki-landcover-2017,0.4699041,0.53009593
10003_croplands,0.6302405,0.36975947
14356_geowiki-landcover-2017,0.5555305,0.44446954
666_tanzania-ceo,0.63024104,0.36975893
9678_geowiki-landcover-2017,0.46707132,0.53292865
3242_central-asia,0.3939499,0.60605013
12645_geowiki-landcover-2017,0.7208017,0.27919832
9043_geowiki-landcover-2017,0.5699597,0.4300403
7010_geowiki-landcover-2017,0.55553144,0.4444686
31589_geowiki-landcover-2017,0.5587597,0.44124025
1478_germany,0.39395,0.6060501
838_germany,0.39395,0.6060501
934_martinique-france,0.56995964,0.43004033
2106_ile-de-france,0.49611357,0.50388646
18560_geowiki-landcover-2017,0.46670514,0.53329486
3012_central-asia,0.3939499,0.60605013
1455_kenya-non-crop,0.5440612,0.45593888
18954_geowiki-landcover-2017,0.46667287,0.5333271
3545_geowiki-landcover-2017,0.7208012,0.27919883
25_kenya,0.70227396,0.297726
26398_geowiki-landcover-2017,0.46667293,0.53332704
1556_reunion-france,0.5587345,0.4412655
15967_geowiki-landcover-2017,0.46990195,0.5300981
6890_canada,0.466622,0.533378
302_togo,0.64379215,0.3562078
10175_geowiki-landcover-2017,0.6438001,0.35619992
559_lem-brazil,0.6302263,0.3697737
338_togo,0.5699599,0.43004015
4107_central-asia,0.3939499,0.60605013
256_kenya,0.6302402,0.36975977
915_germany,0.46990392,0.53009605
35556_geowiki-landcover-2017,0.39395082,0.6060492
1424_central-asia,0.3939499,0.60605013
2689_kenya-non-crop,0.63024104,0.3697589
25352_geowiki-landcover-2017,0.46977818,0.5302218
48_mali,0.46667162,0.53332835
229_togo,0.46667925,0.5333208
21308_geowiki-landcover-2017,0.544061,0.455939
14894_geowiki-landcover-2017,0.6543528,0.34564725
773_tanzania-ceo,0.65013283,0.34986717
66_kenya-non-crop,0.720802,0.27919796
27412_geowiki-landcover-2017,0.4962999,0.50370014
6361_canada,0.39396667,0.6060333
1112_togo,0.46667308,0.533327
3082_canada,0.46990424,0.53009576
835_croplands,0.5699597,0.4300403
25849_geowiki-landcover-2017,0.3939499,0.6060501
3976_ile-de-france,0.39395,0.6060501
1255_croplands,0.46667105,0.53332895
3887_ile-de-france,0.39395,0.6060501
5551_geowiki-landcover-2017,0.39395013,0.6060499
34223_geowiki-landcover-2017,0.65435386,0.3456462
129_mali-helmets-labelling-crops,0.46667245,0.5333275
11_croplands,0.4814609,0.5185391
424_tanzania-rice-ecaas,0.5555319,0.44446808
3437_rwanda-ceo,0.65435594,0.34564403
10873_geowiki-landcover-2017,0.5555305,0.44446948
26620_geowiki-landcover-2017,0.5587325,0.44126743
2400_reunion-france,0.54197866,0.45802134
28948_geowiki-landcover-2017,0.4699138,0.53008616
31_reunion-france,0.4814612,0.5185388
18296_geowiki-landcover-2017,0.5587254,0.4412746
35033_geowiki-landcover-2017,0.3940301,0.60596985
2697_central-asia,0.39395,0.6060501
13263_geowiki-landcover-2017,0.5699597,0.43004024
3108_croplands,0.55553484,0.44446513
34612_geowiki-landcover-2017,0.5699596,0.43004042
1452_mali-helmets-labelling-crops,0.5440608,0.4559392
3726_ile-de-france,0.3939499,0.60605013
1034_geowiki-landcover-2017,0.6302407,0.3697593
187_central-asia,0.3939499,0.60605013
661_mali-helmets-labelling-crops,0.46667254,0.53332746
35530_geowiki-landcover-2017,0.4666634,0.53333664
678_martinique-france,0.5699595,0.43004048
1854_geowiki-landcover-2017,0.5699624,0.43003765
602_germany,0.3939502,0.6060498
997_martinique-france,0.5699597,0.4300403
34735_geowiki-landcover-2017,0.39395124,0.60604876
16090_geowiki-landcover-2017,0.5587322,0.44126776
959_tanzania-ceo,0.7208005,0.27919945
13486_croplands,0.46667314,0.5333268
1225_togo,0.5440607,0.4559393
351_martinique-france,0.6543547,0.3456453
10110_geowiki-landcover-2017,0.64380014,0.35619986
7185_geowiki-landcover-2017,0.49611416,0.50388587
267_ile-de-france,0.39395007,0.60604995
4855_ile-de-france,0.39394993,0.6060501
467_reunion-france,0.6543616,0.34563836
2776_geowiki-landcover-2017,0.46667334,0.5333266
19567_geowiki-landcover-2017,0.64379895,0.35620108
2812_ile-de-france,0.3939499,0.6060501
9027_croplands,0.46667284,0.53332716
3670_ile-de-france,0.39395,0.6060501
1166_togo,0.46667287,0.53332716
6674_geowiki-landcover-2017,0.5440602,0.4559398
4254_canada,0.39395025,0.6060497
1337_geowiki-landcover-2017,0.55553067,0.44446933
20_reunion-france,0.6543497,0.34565032
3466_central-asia,0.39394993,0.6060501
1093_canada,0.46666703,0.533333
2046_geowiki-landcover-2017,0.56995684,0.43004313
51_kenya,0.55553424,0.44446582
1394_croplands,0.48146096,0.518539
688_tanzania-ceo,0.63024104,0.36975893
1099_togo,0.46667525,0.5333248
656_lem-brazil,0.5555114,0.4444886
1253_rwanda-ceo,0.6302379,0.36976212
10139_croplands,0.55553013,0.44446987
1982_tanzania-ceo,0.54406136,0.4559386
1793_tanzania-ceo,0.6302404,0.36975962
22340_geowiki-landcover-2017,0.46664032,0.53335965
14122_geowiki-landcover-2017,0.5555318,0.44446823
35547_geowiki-landcover-2017,0.49611363,0.5038864
33006_geowiki-landcover-2017,0.49620163,0.50379837
1452_canada,0.6543473,0.34565273
21275_geowiki-landcover-2017,0.5699596,0.43004042
5859_canada,0.3939499,0.60605013
3034_rwanda-ceo,0.63024104,0.3697589
1823_rwanda-ceo,0.55553293,0.44446707
134_germany,0.3939499,0.60605013
12575_geowiki-landcover-2017,0.65435463,0.3456454
1061_martinique-france,0.65435433,0.3456457
972_central-asia,0.3939499,0.60605013
31457_geowiki-landcover-2017,0.4666735,0.5333265
5784_ile-de-france,0.4698994,0.53010064
86_tanzania-ceo,0.63024104,0.36975893
1260_central-asia,0.3939499,0.60605013
18864_geowiki-landcover-2017,0.6302411,0.3697589
1540_germany,0.39395,0.60604995
14026_croplands,0.5555303,0.44446972
749_canada,0.4666729,0.5333271
30814_geowiki-landcover-2017,0.46667305,0.533327
1624_reunion-france,0.5555304,0.44446963
17885_geowiki-landcover-2017,0.4666724,0.5333276
13865_geowiki-landcover-2017,0.3939522,0.6060478
3778_central-asia,0.3939499,0.60605013
539_lem-brazil,0.46667525,0.5333248
1276_mali-helmets-labelling-crops,0.46667206,0.53332794
1500_central-asia,0.3939499,0.6060501
4153_croplands,0.46667287,0.5333271
19369_geowiki-landcover-2017,0.46667287,0.5333271
18502_geowiki-landcover-2017,0.39395025,0.6060497
22908_geowiki-landcover-2017,0.4814619,0.5185381
230_martinique-france,0.65435433,0.34564567
5348_ile-de-france,0.39395007,0.60604995
3104_croplands,0.63024056,0.3697594
31298_geowiki-landcover-2017,0.46667293,0.53332704
440_reunion-france,0.5844924,0.41550764
28960_geowiki-landcover-2017,0.4666694,0.53333056
2200_germany,0.39395207,0.6060479
32489_geowiki-landcover-2017,0.4961129,0.50388706
1286_mali-helmets-labelling-crops,0.46667352,0.5333265
1400_kenya-non-crop,0.5555305,0.44446954
12479_geowiki-landcover-2017,0.65435565,0.34564433
23686_geowiki-landcover-2017,0.3939499,0.60605013
3479_central-asia,0.39395323,0.6060468
49_reunion-france,0.48146325,0.5185367
9031_croplands,0.46667355,0.5333264
11606_geowiki-landcover-2017,0.49612653,0.50387347
1355_tanzania-ceo,0.7208022,0.27919775
1026_rwanda-ceo,0.5555305,0.4444695
29285_geowiki-landcover-2017,0.46667305,0.533327
7284_geowiki-landcover-2017,0.5439537,0.45604628
1779_central-asia,0.3939498,0.60605013
6850_canada,0.39397004,0.6060299
2365_canada,0.46667293,0.53332704
1038_geowiki-landcover-2017,0.481505,0.51849496
35395_geowiki-landcover-2017,0.39395025,0.6060498
1379_ile-de-france,0.39395073,0.6060493
31681_geowiki-landcover-2017,0.48145974,0.51854026
22096_geowiki-landcover-2017,0.48146248,0.51853746
298_geowiki-landcover-2017,0.46667308,0.5333269
858_togo,0.46667427,0.53332573
16181_geowiki-landcover-2017,0.48146108,0.51853895
2668_central-asia,0.3939499,0.6060501
1499_croplands,0.39395,0.6060501
24379_geowiki-landcover-2017,0.39395073,0.6060493
1151_kenya-non-crop,0.630241,0.369759
4593_geowiki-landcover-2017,0.55553013,0.44446987
1890_rwanda-ceo,0.6302406,0.36975938
16893_geowiki-landcover-2017,0.5699596,0.4300404
2196_canada,0.49611366,0.50388634
4687_ile-de-france,0.39395,0.6060501
10318_geowiki-landcover-2017,0.54406375,0.45593625
2708_central-asia,0.3939499,0.60605013
2463_canada,0.39395073,0.6060493
5695_ile-de-france,0.39395037,0.6060496
7039_geowiki-landcover-2017,0.5587324,0.4412676
4855_geowiki-landcover-2017,0.4699047,0.53009534
7483_geowiki-landcover-2017,0.4814613,0.5185387
1518_tanzania-ceo,0.630241,0.36975908
2198_tanzania-ceo,0.7208015,0.27919856
943_germany,0.39395,0.60604995
1845_canada,0.39395037,0.6060496
2187_reunion-france,0.5587346,0.44126537
589_togo,0.46667287,0.5333271
694_croplands,0.466672,0.533328
402_togo,0.544044,0.45595598
555_martinique-france,0.46667287,0.5333271
2543_canada,0.46667287,0.5333271
2372_canada,0.46667287,0.53332716
3801_canada,0.3939499,0.60605013
491_ethiopia,0.5587249,0.4412751
2911_rwanda-ceo,0.7207839,0.2792161
10590_croplands,0.5555302,0.44446984
164_rwanda-ceo,0.72079945,0.27920052
671_martinique-france,0.46667302,0.533327
1047_rwanda-ceo,0.7208,0.2792
212_martinique-france,0.5699605,0.43003953
981_mali-helmets-labelling-crops,0.54405975,0.45594025
29391_geowiki-landcover-2017,0.54406124,0.45593876
1877_ile-de-france,0.3939499,0.60605013
1475_geowiki-landcover-2017,0.63024104,0.369759
2275_canada,0.39395085,0.6060491
120_mali,0.4666726,0.53332746
1959_ile-de-france,0.3939499,0.60605013
9251_geowiki-landcover-2017,0.5555308,0.4444692
3891_central-asia,0.3939499,0.6060501
17952_geowiki-landcover-2017,0.39395073,0.6060493
10155_geowiki-landcover-2017,0.55518764,0.44481233
1477_canada,0.5699596,0.4300404
1874_germany,0.3939499,0.60605013
79_sudan,0.555526,0.44447398
299_tanzania-rice-ecaas,0.5555303,0.4444697
29126_geowiki-landcover-2017,0.49611372,0.5038863
265_martinique-france,0.5699596,0.43004042
11079_geowiki-landcover-2017,0.55869544,0.44130456
1192_kenya-non-crop,0.6572829,0.34271708
32442_geowiki-landcover-2017,0.39395103,0.606049
3302_rwanda-ceo,0.7208021,0.27919784
6555_geowiki-landcover-2017,0.56995964,0.4300404
28767_geowiki-landcover-2017,0.3939513,0.60604864
495_canada,0.46667287,0.5333271
2992_geowiki-landcover-2017,0.46667397,0.533326
31916_geowiki-landcover-2017,0.39395013,0.6060499
128_reunion-france,0.55869234,0.44130763
30432_geowiki-landcover-2017,0.46989647,0.5301035
761_geowiki-landcover-2017,0.63024074,0.3697593
1214_kenya-non-crop,0.6543571,0.3456429
1927_kenya-non-crop,0.54406124,0.4559388
9212_croplands,0.5699592,0.43004078
251_togo,0.46667314,0.5333268
1355_kenya-non-crop,0.5555306,0.44446936
8841_croplands,0.5555267,0.4444734
13073_croplands,0.55553186,0.44446817
10779_croplands,0.6302405,0.3697595
9358_croplands,0.46667328,0.53332675
113_kenya,0.6302407,0.3697593
824_central-asia,0.3939499,0.60605013
3198_croplands,0.5409006,0.45909938
456_lem-brazil,0.55553025,0.44446978
707_tanzania-rice-ecaas,0.63023955,0.36976045
29920_geowiki-landcover-2017,0.39395013,0.6060499
12811_geowiki-landcover-2017,0.55873233,0.4412677
773_reunion-france,0.5856783,0.41432172
15633_geowiki-landcover-2017,0.46667174,0.53332824
1032_ile-de-france,0.46990353,0.5300965
59_germany,0.39395568,0.60604435
3782_canada,0.3939499,0.6060501
2840_canada,0.4666729,0.5333271
24250_geowiki-landcover-2017,0.46667287,0.5333271
253_kenya,0.55553234,0.44446763
2117_martinique-france,0.5555311,0.44446898
977_tanzania-ceo,0.72080207,0.2791979
2710_central-asia,0.39395046,0.60604954
6853_croplands,0.630241,0.36975908
17178_geowiki-landcover-2017,0.3939612,0.6060388
941_tanzania-ceo,0.5440609,0.4559391
173_tanzania-rice-ecaas,0.63024086,0.3697591
28229_geowiki-landcover-2017,0.56995964,0.4300404
1604_geowiki-landcover-2017,0.4814642,0.5185358
1683_martinique-france,0.5555305,0.4444695
28806_geowiki-landcover-2017,0.39394984,0.60605013
108_sudan,0.46667045,0.53332955
1877_kenya-non-crop,0.6302404,0.36975962
11809_geowiki-landcover-2017,0.5699594,0.43004054
1230_central-asia,0.3939499,0.60605013
3502_rwanda-ceo,0.72080016,0.27919987
1392_martinique-france,0.56995964,0.43004036
1820_central-asia,0.3939498,0.60605013
1156_mali-helmets-labelling-crops,0.46667507,0.5333249
4338_croplands,0.46667293,0.53332704
1401_canada,0.6543539,0.34564608
308_kenya-non-crop,0.5555316,0.44446838
2374_tanzania-ceo,0.6302413,0.3697587
14475_geowiki-landcover-2017,0.5555303,0.4444697
904_reunion-france,0.69742787,0.30257216
34834_geowiki-landcover-2017,0.3939512,0.60604876
5005_canada,0.3939499,0.6060501
1771_geowiki-landcover-2017,0.5699498,0.43005016
14458_geowiki-landcover-2017,0.6543562,0.3456438
600_croplands,0.39395174,0.6060482
255_sudan,0.3939531,0.6060469
44_tanzania-ceo,0.5555303,0.44446963
1198_germany,0.39395085,0.6060491
226_uganda,0.55603755,0.44396242
398_canada,0.39396307,0.6060369
4587_ile-de-france,0.3939499,0.60605013
27826_geowiki-landcover-2017,0.46667314,0.5333268
1331_tanzania-ceo,0.7208022,0.27919784
884_kenya-non-crop,0.63024056,0.3697594
6982_croplands,0.5555305,0.4444695
30298_geowiki-landcover-2017,0.5699598,0.43004015
6551_geowiki-landcover-2017,0.54406095,0.45593905
4572_central-asia,0.39395,0.60605
1844_germany,0.3939499,0.60605013
2171_geowiki-landcover-2017,0.46667287,0.5333271
1213_kenya-non-crop,0.7207453,0.27925462
789_ethiopia,0.54406124,0.45593873
45_mali-non-crop,0.46667218,0.5333278
2918_geowiki-landcover-2017,0.46667823,0.5333218
992_canada,0.39395,0.60605
3885_ile-de-france,0.39395094,0.606049
5028_canada,0.3939499,0.60605013
4151_ile-de-france,0.4961114,0.50388855
3031_geowiki-landcover-2017,0.544061,0.45593902
2417_kenya-non-crop,0.5702578,0.42974225
2009_rwanda-ceo,0.63021964,0.3697804
2357_tanzania-ceo,0.63024163,0.36975837
18700_geowiki-landcover-2017,0.54406023,0.4559398
28758_geowiki-landcover-2017,0.5440606,0.4559394
1762_germany,0.49611354,0.50388646
2241_geowiki-landcover-2017,0.49611402,0.503886
3762_ile-de-france,0.3939499,0.60605013
687_kenya-non-crop,0.55553067,0.44446933
8497_geowiki-landcover-2017,0.54404145,0.45595858
825_mali-helmets-labelling-crops,0.46667206,0.533328
382_togo,0.5436183,0.45638165
224_togo,0.5440543,0.45594564
23725_geowiki-landcover-2017,0.3939501,0.6060499
435_geowiki-landcover-2017,0.6437984,0.35620156
10_zimbabwe,0.63024086,0.3697591
22001_geowiki-landcover-2017,0.3939506,0.60604936
34538_geowiki-landcover-2017,0.5699541,0.43004596
34247_geowiki-landcover-2017,0.54406124,0.45593882
3322_geowiki-landcover-2017,0.46667275,0.5333273
32620_geowiki-landcover-2017,0.3939502,0.6060498
4381_canada,0.46667287,0.53332716
102_kenya,0.55553067,0.44446933
1394_tanzania-ceo,0.54406106,0.45593894
10063_croplands,0.5555304,0.44446963
10405_geowiki-landcover-2017,0.58443385,0.4155662
1119_central-asia,0.3939498,0.60605013
486_mali-helmets-labelling-crops,0.4666724,0.5333276
17676_geowiki-landcover-2017,0.3939519,0.6060481
457_germany,0.3939499,0.60605013
12504_geowiki-landcover-2017,0.5555305,0.44446948
10080_geowiki-landcover-2017,0.56995994,0.4300401
943_geowiki-landcover-2017,0.6302409,0.36975908
848_geowiki-landcover-2017,0.6302408,0.36975923
1920_germany,0.39395046,0.60604954
10053_geowiki-landcover-2017,0.4814616,0.51853836
9931_geowiki-landcover-2017,0.5699607,0.43003932
1592_rwanda-ceo,0.6543559,0.34564412
19682_geowiki-landcover-2017,0.5844344,0.41556564
582_germany,0.39395043,0.60604954
10676_croplands,0.55553025,0.44446978
10168_croplands,0.5555299,0.4444701
18005_geowiki-landcover-2017,0.5587137,0.4412863
25932_geowiki-landcover-2017,0.6543516,0.34564847
532_croplands,0.39395225,0.6060478
1377_mali-helmets-labelling-crops,0.6437969,0.3562031
559_central-asia,0.3939499,0.60605013
99_lem-brazil,0.55548006,0.44451988
22371_geowiki-landcover-2017,0.39395,0.60604995
4306_ile-de-france,0.39395007,0.60604995
1843_rwanda-ceo,0.6543545,0.34564552
9842_geowiki-landcover-2017,0.55490494,0.4450951
699_kenya-non-crop,0.5555469,0.4444531
7491_canada,0.46667284,0.53332716
25226_geowiki-landcover-2017,0.48146132,0.51853865
34140_geowiki-landcover-2017,0.46681207,0.5331879
995_geowiki-landcover-2017,0.55553085,0.44446915
20125_geowiki-landcover-2017,0.39395016,0.6060498
2572_geowiki-landcover-2017,0.4666732,0.5333268
4973_geowiki-landcover-2017,0.63024104,0.36975893
1433_canada,0.5699597,0.4300403
218_germany,0.3939499,0.60605013
9558_croplands,0.4666767,0.5333233
3393_geowiki-landcover-2017,0.54405224,0.45594773
5883_canada,0.39395007,0.60604995
556_germany,0.39395067,0.60604936
5463_canada,0.39396214,0.6060379
2700_ile-de-france,0.4961136,0.5038864
697_lem-brazil,0.56999695,0.43000305
13519_geowiki-landcover-2017,0.46667287,0.5333271
30060_geowiki-landcover-2017,0.5440517,0.45594826
484_martinique-france,0.46667287,0.5333271
36_uganda,0.48146373,0.51853627
301_geowiki-landcover-2017,0.5587324,0.44126758
3760_ile-de-france,0.3939499,0.60605013
2830_central-asia,0.39394993,0.6060501
32392_geowiki-landcover-2017,0.46667287,0.5333271
330_togo,0.5699596,0.43004045
6022_geowiki-landcover-2017,0.5555305,0.44446948
3910_central-asia,0.3939499,0.60605013
1528_central-asia,0.39395,0.6060501
650_geowiki-landcover-2017,0.4666729,0.5333271
6143_canada,0.39395,0.60604995
2442_canada,0.39395025,0.6060497
1384_reunion-france,0.5743921,0.4256079
7338_geowiki-landcover-2017,0.46667334,0.5333266
1471_tanzania-ceo,0.630241,0.369759
820_togo,0.65450454,0.34549543
9143_croplands,0.54406065,0.45593938
3585_canada,0.39394993,0.6060501
1963_kenya-non-crop,0.46667287,0.5333271
5029_canada,0.3939499,0.60605013
1406_croplands,0.48145947,0.51854056
2341_kenya-non-crop,0.63024086,0.36975917
3315_central-asia,0.3939499,0.60605013
8626_geowiki-landcover-2017,0.46667287,0.5333271
2230_germany,0.4698924,0.53010756
4107_ile-de-france,0.3939499,0.60605013
8367_geowiki-landcover-2017,0.5440612,0.45593882
3743_central-asia,0.3939499,0.60605013
1833_central-asia,0.3939499,0.60605013
1456_kenya-non-crop,0.5440612,0.45593888
16712_geowiki-landcover-2017,0.630241,0.369759
483_martinique-france,0.46667293,0.53332704
35301_geowiki-landcover-2017,0.3939574,0.6060426
33480_geowiki-landcover-2017,0.39395094,0.6060491
1940_ile-de-france,0.3939499,0.60605013
1131_ile-de-france,0.39395007,0.60604995
12807_croplands,0.46667245,0.5333275
2407_germany,0.3939499,0.60605013
181_sudan,0.46667266,0.53332734
610_togo,0.56995916,0.4300408
4223_canada,0.39395148,0.6060486
792_mali-helmets-labelling-crops,0.54405975,0.45594028
1167_central-asia,0.39394993,0.6060501
313_lem-brazil,0.54406285,0.45593715
8210_geowiki-landcover-2017,0.5699595,0.43004054
17208_geowiki-landcover-2017,0.46667016,0.53332984
4991_ile-de-france,0.3939499,0.60605013
5672_geowiki-landcover-2017,0.5699599,0.43004012
5877_geowiki-landcover-2017,0.5699597,0.4300403
4568_ile-de-france,0.3939499,0.60605013
8595_geowiki-landcover-2017,0.54406196,0.45593804
567_martinique-france,0.55553,0.44446993
29869_geowiki-landcover-2017,0.46667284,0.53332716
13_rwanda-ceo,0.63024104,0.3697589
4699_ile-de-france,0.3939499,0.60605013
344_togo,0.4666791,0.5333209
1767_tanzania-ceo,0.72080207,0.27919796
790_tanzania-rice-ecaas,0.6302364,0.36976364
18977_geowiki-landcover-2017,0.46667376,0.5333262
6500_canada,0.46667165,0.53332835
666_tanzania-rice-ecaas,0.555536,0.44446403
1246_rwanda-ceo,0.65435445,0.34564555
14108_croplands,0.6302408,0.3697592
43_tanzania-ceo,0.63024086,0.36975914
1483_kenya-non-crop,0.5440613,0.45593873
29487_geowiki-landcover-2017,0.46990392,0.53009605
2317_martinique-france,0.5699595,0.4300405
18009_geowiki-landcover-2017,0.5555305,0.4444695
210_reunion-france,0.55553025,0.44446978
31216_geowiki-landcover-2017,0.46667233,0.5333277
35344_geowiki-landcover-2017,0.39395034,0.60604966
1605_ile-de-france,0.3939499,0.6060501
12472_geowiki-landcover-2017,0.7208022,0.27919775
20636_geowiki-landcover-2017,0.48146063,0.5185394
2457_germany,0.46990392,0.53009605
1679_croplands,0.65435416,0.34564587
18155_geowiki-landcover-2017,0.6543326,0.34566745
583_kenya-non-crop,0.55553114,0.44446886
1130_mali-helmets-labelling-crops,0.5440545,0.45594552
281_geowiki-landcover-2017,0.48146868,0.5185313
5007_central-asia,0.39395,0.60604995
